metric,arm_a,arm_b,n_per_arm,mean_a,mean_b,diff_a_minus_b,diff_ci95_lo,diff_ci95_hi,ratio_a_over_b,cohens_d,d_ci95_lo,d_ci95_hi,hedges_g,welch_t,welch_df,p_welch_two_sided,p_holm_self_family,mannwhitney_U,mw_z,p_mannwhitney_two_sided,rank_biserial,p_perm_two_sided
pool_rate_hz,rest,flow,10,21.539,53.1788,-31.6397,-31.7158,-31.5637,0.40503,-406.785,-532.85,-280.72,-389.597,-909.599,11.5902,1.71141e-29,,0,-3.74326,0.000181651,1,
pool_rate_hz,rest,self,10,21.539,53.2464,-31.7074,-31.7835,-31.6313,0.404516,-407.448,-533.718,-281.178,-390.232,-911.081,11.5873,1.70456e-29,,0,-3.74326,0.000181651,1,0.000249938
pool_rate_hz,rest,shuffle,10,21.539,53.2375,-31.6985,-31.7643,-31.6328,0.404583,-467.695,-612.635,-322.755,-447.933,-1045.8,12.5106,2.71254e-32,,0,-3.74326,0.000181651,1,
pool_rate_hz,rest,randmat,10,21.539,53.2419,-31.7029,-31.7655,-31.6403,0.40455,-489.767,-641.547,-337.987,-469.073,-1095.15,12.8869,2.09969e-33,,0,-3.74326,0.000181651,1,
pool_rate_hz,rest,decorr,10,21.539,52.5745,-31.0355,-31.1332,-30.9378,0.409685,-314.374,-411.801,-216.946,-301.09,-702.961,10.5443,5.68449e-26,,0,-3.74326,0.000181651,1,
pool_rate_hz,rest,drive0.5,10,21.539,38.3655,-16.8265,-16.8758,-16.7772,0.561416,-324.729,-425.366,-224.093,-311.008,-726.116,15.2743,4.41576e-36,,0,-3.74326,0.000181651,1,
pool_rate_hz,rest,drive1.5,10,21.539,66.3579,-44.8189,-44.8843,-44.7534,0.324589,-664.49,-870.416,-458.564,-636.413,-1485.84,12.5485,2.71287e-34,,0,-3.74326,0.000181651,1,
pool_rate_hz,rest,synch,10,21.539,53.1978,-31.6588,-33.9417,-29.3759,0.404885,-14.029,-18.4641,-9.59398,-13.4362,-31.3698,9.00274,1.65887e-10,,0,-3.74326,0.000181651,1,
pool_rate_hz,flow,self,10,53.1788,53.2464,-0.06766,-0.164188,0.0288675,0.998729,-0.658576,-1.55855,0.241393,-0.630749,-1.47262,18,0.158124,0.316248,28,-1.62525,0.10411,0.44,0.16196
pool_rate_hz,flow,shuffle,10,53.1788,53.2375,-0.05877,-0.148527,0.0309867,0.998896,-0.616329,-1.51342,0.280762,-0.590287,-1.37815,17.5499,0.185474,,36,-1.0205,0.307489,0.28,
pool_rate_hz,flow,randmat,10,53.1788,53.2419,-0.06311,-0.150979,0.0247595,0.998815,-0.677038,-1.57832,0.224246,-0.648431,-1.5139,17.2116,0.148197,,37,-0.944911,0.344704,0.26,
pool_rate_hz,flow,decorr,10,53.1788,52.5745,0.60424,0.491558,0.716922,1.01149,5.06266,3.26551,6.85982,4.84875,11.3205,16.8645,2.66922e-09,,100,3.74185,0.000182672,-1,
pool_rate_hz,flow,drive0.5,10,53.1788,38.3655,14.8133,14.7324,14.8942,1.38611,174.771,120.603,228.939,167.386,390.799,14.7618,4.75566e-31,,100,3.74185,0.000182672,-1,
pool_rate_hz,flow,drive1.5,10,53.1788,66.3579,-13.1791,-13.2686,-13.0896,0.801394,-138.549,-181.494,-95.604,-132.695,-309.805,17.5183,3.35485e-34,,0,-3.74185,0.000182672,1,
pool_rate_hz,flow,synch,10,53.1788,53.1978,-0.01903,-2.30231,2.26425,0.999642,-0.00842908,-0.884956,0.868097,-0.00807292,-0.018848,9.01865,0.985373,,40,-0.718132,0.472676,0.2,
pool_rate_hz,self,shuffle,10,53.2464,53.2375,0.00889,-0.0808983,0.0986783,1.00017,0.0931991,-0.783799,0.970197,0.0892611,0.208399,17.5468,0.837317,0.837317,62,0.869318,0.384673,-0.24,0.849788
pool_rate_hz,self,randmat,10,53.2464,53.2419,0.00455,-0.0833521,0.0924521,1.00009,0.0487947,-0.827858,0.925448,0.0467329,0.109108,17.2076,0.914379,,62,0.869318,0.384673,-0.24,0.926268
pool_rate_hz,self,decorr,10,53.2464,52.5745,0.6719,0.559196,0.784604,1.01278,5.62834,3.67628,7.58041,5.39052,12.5854,16.869,5.33408e-10,1.60022e-09,100,3.74185,0.000182672,-1,0.000249938
pool_rate_hz,self,drive0.5,10,53.2464,38.3655,14.8809,14.8,14.9619,1.38787,175.494,121.102,229.886,168.079,392.416,14.7566,4.57169e-31,,100,3.74185,0.000182672,-1,0.000249938
pool_rate_hz,self,drive1.5,10,53.2464,66.3579,-13.1114,-13.201,-13.0219,0.802413,-137.791,-180.501,-95.0807,-131.969,-308.109,17.5151,3.73901e-34,,0,-3.74185,0.000182672,1,0.000249938
pool_rate_hz,self,synch,10,53.2464,53.1978,0.04863,-2.23465,2.33191,1.00091,0.02154,-0.855008,0.898088,0.0206298,0.0481649,9.01867,0.962635,,40,-0.718132,0.472676,0.2,0.968758
pool_rate_hz,shuffle,randmat,10,53.2375,53.2419,-0.00434,-0.084264,0.075584,0.999918,-0.051031,-0.927696,0.825634,-0.0488748,-0.114109,17.9441,0.910419,,48,-0.113389,0.909722,0.04,
pool_rate_hz,shuffle,decorr,10,53.2375,52.5745,0.66301,0.555508,0.770512,1.01261,5.8628,3.84555,7.88005,5.61508,13.1096,15.4863,8.56915e-10,,100,3.74185,0.000182672,-1,
pool_rate_hz,shuffle,drive0.5,10,53.2375,38.3655,14.872,14.8004,14.9437,1.38764,196.506,135.603,257.409,188.203,439.4,16.2012,1.86559e-34,,100,3.74185,0.000182672,-1,
pool_rate_hz,shuffle,drive1.5,10,53.2375,66.3579,-13.1203,-13.2022,-13.0385,0.802279,-150.578,-197.251,-103.906,-144.216,-336.704,17.9994,1.19045e-35,,0,-3.74185,0.000182672,1,
pool_rate_hz,shuffle,synch,10,53.2375,53.1978,0.03974,-2.24341,2.32289,1.00075,0.0176048,-0.858935,0.894144,0.0168609,0.0393656,9.0135,0.969457,,41,-0.64254,0.520523,0.18,
pool_rate_hz,randmat,decorr,10,53.2419,52.5745,0.66735,0.561258,0.773442,1.01269,5.99655,3.94189,8.05121,5.74317,13.4087,14.9846,9.47409e-10,,100,3.74185,0.000182672,-1,
pool_rate_hz,randmat,drive0.5,10,53.2419,38.3655,14.8764,14.8074,14.9453,1.38775,203.876,140.69,267.063,195.262,455.882,16.6681,1.4106e-35,,100,3.74185,0.000182672,-1,
pool_rate_hz,randmat,drive1.5,10,53.2419,66.3579,-13.116,-13.1957,-13.0363,0.802345,-154.696,-202.644,-106.748,-148.16,-345.911,17.9552,8.71611e-36,,0,-3.74185,0.000182672,1,
pool_rate_hz,randmat,synch,10,53.2419,53.1978,0.04408,-2.23904,2.3272,1.00083,0.0195282,-0.857015,0.896072,0.0187031,0.0436664,9.01207,0.966123,,41,-0.64254,0.520523,0.18,
pool_rate_hz,decorr,drive0.5,10,52.5745,38.3655,14.209,14.108,14.3101,1.37036,136.222,93.9977,178.445,130.466,304.601,12.6656,7.35204e-26,,100,3.74185,0.000182672,-1,
pool_rate_hz,decorr,drive1.5,10,52.5745,66.3579,-13.7833,-13.8907,-13.676,0.792288,-122.094,-159.94,-84.2469,-116.935,-273.01,15.4339,7.44319e-30,,0,-3.74185,0.000182672,1,
pool_rate_hz,decorr,synch,10,52.5745,53.1978,-0.62327,-2.90688,1.66034,0.988284,-0.275969,-1.15665,0.604716,-0.264308,-0.617085,9.03171,0.552415,,32,-1.32288,0.185877,0.36,
pool_rate_hz,drive0.5,drive1.5,10,38.3655,66.3579,-27.9924,-28.0638,-27.921,0.57816,-371.305,-486.374,-256.235,-355.616,-830.263,16.2514,4.87189e-39,,0,-3.74185,0.000182672,1,
pool_rate_hz,drive0.5,synch,10,38.3655,53.1978,-14.8323,-17.1153,-12.5493,0.721186,-6.57194,-8.78917,-4.3547,-6.29425,-14.6953,9.00675,1.33735e-07,,0,-3.74185,0.000182672,1,
pool_rate_hz,drive1.5,synch,10,66.3579,53.1978,13.1601,10.8769,15.4432,1.24738,5.82993,3.82185,7.83801,5.5836,13.0361,9.01334,3.73783e-07,,100,3.74185,0.000182672,-1,
injected_events,rest,flow,10,0,472938,-472938,-473907,-471970,0,-494.063,-647.174,-340.951,-473.187,-1104.76,9,2.07709e-24,,0,-3.99806,6.38644e-05,1,
injected_events,rest,self,10,0,473063,-473063,-473817,-472309,0,-634.376,-830.969,-437.782,-607.571,-1418.51,9,2.18967e-25,,0,-3.99806,6.38644e-05,1,0.000249938
injected_events,rest,shuffle,10,0,473103,-473103,-473531,-472675,0,-1117.76,-1464.15,-771.368,-1070.53,-2499.39,9,1.33772e-27,,0,-3.99806,6.38644e-05,1,
injected_events,rest,randmat,10,0,472824,-472824,-473247,-472401,0,-1131.35,-1481.96,-780.747,-1083.55,-2529.78,9,1.19985e-27,,0,-3.99806,6.38644e-05,1,
injected_events,rest,decorr,10,0,472971,-472971,-473411,-472532,0,-1088.92,-1426.37,-751.463,-1042.91,-2434.89,9,1.69259e-27,,0,-3.99806,6.38644e-05,1,
injected_events,rest,drive0.5,10,0,236432,-236432,-236735,-236129,0,-789.841,-1034.61,-545.07,-756.467,-1766.14,9,3.0454e-26,,0,-3.99806,6.38644e-05,1,
injected_events,rest,drive1.5,10,0,709677,-709677,-710123,-709231,0,-1609.68,-2108.51,-1110.84,-1541.66,-3599.34,9,5.0218e-29,,0,-3.99806,6.38644e-05,1,
injected_events,rest,synch,10,0,477248,-477248,-492832,-461663,0,-30.9806,-40.6214,-21.3399,-29.6716,-69.2748,9,1.37519e-13,,0,-3.99806,6.38644e-05,1,
injected_events,flow,self,10,472938,473063,-124.9,-1269.9,1020.1,0.999736,-0.102932,-0.980034,0.774171,-0.0985824,-0.230162,16.9835,0.820715,1,49,-0.0377964,0.96985,0.02,0.822544
injected_events,flow,shuffle,10,472938,473103,-164.7,-1181,851.599,0.999652,-0.15736,-1.03524,0.720518,-0.150711,-0.351868,12.3896,0.73085,,48,-0.113389,0.909722,0.04,
injected_events,flow,randmat,10,472938,472824,113.8,-901.112,1128.71,1.00024,0.108952,-0.768221,0.986124,0.104348,0.243623,12.3108,0.811535,,57,0.491354,0.623176,-0.14,
injected_events,flow,decorr,10,472938,472971,-33,-1052.26,986.26,0.99993,-0.0313934,-0.90797,0.845183,-0.0300669,-0.0701977,12.5553,0.945142,,56,0.415761,0.677585,-0.12,
injected_events,flow,drive0.5,10,472938,236432,236506,235516,237496,2.00032,235.809,162.727,308.891,225.846,527.286,10.7435,4.68713e-25,,100,3.74185,0.000182672,-1,
injected_events,flow,drive1.5,10,472938,709677,-236739,-237760,-235718,0.666413,-224.633,-294.252,-155.014,-215.141,-502.294,12.6539,1.37462e-28,,0,-3.74185,0.000182672,1,
injected_events,flow,synch,10,472938,477248,-4309.5,-19905.8,11286.8,0.99097,-0.279214,-1.16,0.601569,-0.267416,-0.624341,9.0695,0.547786,,49,-0.0377964,0.96985,0.02,
injected_events,self,shuffle,10,473063,473103,-39.8,-860.886,781.286,0.999916,-0.0464161,-0.923057,0.830224,-0.0444549,-0.10379,14.2536,0.918783,1,51,0.0377964,0.96985,-0.02,0.925019
injected_events,self,randmat,10,473063,472824,238.7,-580.452,1057.85,1.0005,0.279233,-0.601551,1.16002,0.267434,0.624384,14.146,0.542315,,65,1.0961,0.273036,-0.3,0.548363
injected_events,self,decorr,10,473063,472971,91.9,-733.312,917.112,1.00019,0.10649,-0.770653,0.983634,0.101991,0.23812,14.4764,0.815126,1,61,0.793725,0.427355,-0.22,0.820545
injected_events,self,drive0.5,10,473063,236432,236631,235847,237415,2.00084,294.482,203.218,385.745,282.039,658.481,11.827,2.32152e-28,,100,3.74185,0.000182672,-1,0.000249938
injected_events,self,drive1.5,10,473063,709677,-236614,-237442,-235787,0.666589,-273.134,-357.782,-188.486,-261.593,-610.745,14.6067,1.33339e-33,,0,-3.74185,0.000182672,1,0.000249938
injected_events,self,synch,10,473063,477248,-4184.6,-19776.2,11407,0.991232,-0.271327,-1.15187,0.60922,-0.259862,-0.606705,9.04218,0.55897,,49,-0.0377964,0.96985,0.02,0.56061
injected_events,shuffle,randmat,10,473103,472824,278.5,-280.378,837.378,1.00059,0.468207,-0.420243,1.35666,0.448424,1.04694,17.9971,0.308984,,61,0.793725,0.427355,-0.22,
injected_events,shuffle,decorr,10,473103,472971,131.7,-438.145,701.545,1.00028,0.217157,-0.661945,1.09626,0.207982,0.485579,17.988,0.633128,,56,0.415761,0.677585,-0.12,
injected_events,shuffle,drive0.5,10,473103,236432,236671,236180,237162,2.00101,456.528,315.049,598.008,437.238,1020.83,16.2015,2.18376e-40,,100,3.74185,0.000182672,-1,
injected_events,shuffle,drive1.5,10,473103,709677,-236575,-237149,-236000,0.666645,-387.086,-507.046,-267.126,-370.73,-865.551,17.9701,5.71779e-43,,0,-3.74185,0.000182672,1,
injected_events,shuffle,synch,10,473103,477248,-4144.8,-19731.5,11441.9,0.991315,-0.268959,-1.14944,0.611517,-0.257595,-0.601411,9.01359,0.562385,,50,-0.0377964,0.96985,0,
injected_events,randmat,decorr,10,472824,472971,-146.8,-713.194,419.594,0.99969,-0.243545,-1.12331,0.636221,-0.233254,-0.544582,17.9733,0.592734,,39,-0.793725,0.427355,0.22,
injected_events,randmat,drive0.5,10,472824,236432,236392,235906,236879,1.99983,459.844,317.337,602.351,440.414,1028.24,16.3103,1.11855e-40,,100,3.74185,0.000182672,-1,
injected_events,randmat,drive1.5,10,472824,709677,-236853,-237424,-236282,0.666253,-389.889,-510.718,-269.06,-373.415,-871.819,17.9488,5.57068e-43,,0,-3.74185,0.000182672,1,
injected_events,randmat,synch,10,472824,477248,-4423.3,-20010,11163.4,0.990732,-0.287034,-1.16806,0.593991,-0.274906,-0.641827,9.01325,0.536965,,50,-0.0377964,0.96985,0,
injected_events,decorr,drive0.5,10,472971,236432,236539,236039,237039,2.00045,448.408,309.445,587.372,429.462,1002.67,15.9756,9.14106e-40,,100,3.74185,0.000182672,-1,
injected_events,decorr,drive1.5,10,472971,709677,-236706,-237288,-236125,0.666459,-382.463,-500.99,-263.935,-366.302,-855.213,17.996,6.26206e-43,,0,-3.74185,0.000182672,1,
injected_events,decorr,synch,10,472971,477248,-4276.5,-19863.4,11310.4,0.991039,-0.2775,-1.15823,0.603231,-0.265774,-0.620508,9.01431,0.550287,,50,-0.0377964,0.96985,0,
injected_events,drive0.5,drive1.5,10,236432,709677,-473246,-473751,-472740,0.333154,-888.057,-1163.27,-612.849,-850.534,-1985.76,15.8435,3.54401e-44,,0,-3.74185,0.000182672,1,
injected_events,drive0.5,synch,10,236432,477248,-240816,-256401,-225230,0.495407,-15.6297,-20.5519,-10.7074,-14.9693,-34.949,9.0068,6.26569e-11,,0,-3.74185,0.000182672,1,
injected_events,drive1.5,synch,10,709677,477248,232430,216843,248017,1.48702,15.0821,10.3267,19.8374,14.4448,33.7245,9.01474,8.48564e-11,,100,3.74185,0.000182672,-1,
cx_rate_hz,rest,flow,10,0.249012,4.00974,-3.76073,-3.83352,-3.68794,0.0621017,-52.2549,-68.4723,-36.0375,-50.047,-116.846,9.01407,1.19549e-15,,0,-3.74466,0.000180635,1,
cx_rate_hz,rest,self,10,0.249012,4.01319,-3.76418,-3.81321,-3.71514,0.0620483,-77.6193,-101.689,-53.5493,-74.3396,-173.562,9.03101,3.18148e-17,,0,-3.74466,0.000180635,1,0.000249938
cx_rate_hz,rest,shuffle,10,0.249012,4.05718,-3.80817,-3.88832,-3.72803,0.0613755,-48.0606,-62.9802,-33.141,-46.0299,-107.467,9.0116,2.55999e-15,,0,-3.74466,0.000180635,1,
cx_rate_hz,rest,randmat,10,0.249012,4.02141,-3.7724,-3.81712,-3.72767,0.0619215,-85.2727,-111.713,-58.8324,-81.6697,-190.676,9.03728,1.32988e-17,,0,-3.74466,0.000180635,1,
cx_rate_hz,rest,decorr,10,0.249012,3.96572,-3.71671,-3.83751,-3.5959,0.062791,-31.1221,-40.8066,-21.4377,-29.8071,-69.5912,9.00511,1.30196e-13,,0,-3.74466,0.000180635,1,
cx_rate_hz,rest,drive0.5,10,0.249012,2.49267,-2.24366,-2.28953,-2.19778,0.0998975,-49.4501,-64.7996,-34.1006,-47.3607,-110.574,9.03544,1.83684e-15,,0,-3.74466,0.000180635,1,
cx_rate_hz,rest,drive1.5,10,0.249012,5.3418,-5.09279,-5.16648,-5.0191,0.0466157,-69.9,-91.5796,-48.2204,-66.9465,-156.301,9.01373,8.70278e-17,,0,-3.74466,0.000180635,1,
cx_rate_hz,rest,synch,10,0.249012,3.89438,-3.64537,-3.85288,-3.43787,0.0639412,-17.772,-23.3489,-12.1952,-17.0211,-39.7395,9.00173,2.00522e-11,,0,-3.74466,0.000180635,1,
cx_rate_hz,flow,self,10,4.00974,4.01319,-0.003447,-0.0857744,0.0788804,0.999141,-0.039741,-0.91635,0.836868,-0.0380618,-0.0888637,15.7718,0.930309,0.930309,48,-0.113389,0.909722,0.04,0.933767
cx_rate_hz,flow,shuffle,10,4.00974,4.05718,-0.047443,-0.148046,0.0531605,0.988306,-0.443375,-1.3306,0.443852,-0.424641,-0.991416,17.8357,0.334743,,42,-0.566947,0.57075,0.16,
cx_rate_hz,flow,randmat,10,4.00974,4.02141,-0.011668,-0.0921738,0.0688378,0.997099,-0.138196,-1.01576,0.739372,-0.132357,-0.309016,14.9459,0.761575,,44,-0.415761,0.677585,0.12,
cx_rate_hz,flow,decorr,10,4.00974,3.96572,0.044021,-0.0890383,0.17708,1.0111,0.315781,-0.566187,1.19775,0.302438,0.706108,14.7731,0.491108,,64,1.0205,0.307489,-0.28,
cx_rate_hz,flow,drive0.5,10,4.00974,2.49267,1.51707,1.4361,1.59804,1.60861,17.8416,12.2435,23.4398,17.0878,39.8951,15.1729,8.79705e-17,,100,3.74185,0.000182672,-1,
cx_rate_hz,flow,drive1.5,10,4.00974,5.3418,-1.33206,-1.42825,-1.23588,0.750634,-13.0121,-17.1387,-8.88555,-12.4623,-29.096,17.9973,1.38143e-16,,0,-3.74185,0.000182672,1,
cx_rate_hz,flow,synch,10,4.00974,3.89438,0.115356,-0.0981701,0.328882,1.02962,0.530716,-0.361103,1.42254,0.508292,1.18672,11.1814,0.259941,,65,1.0961,0.273036,-0.3,
cx_rate_hz,self,shuffle,10,4.01319,4.05718,-0.043996,-0.132555,0.0445629,0.989156,-0.47381,-1.36255,0.414926,-0.45379,-1.05947,14.908,0.30625,0.918749,40,-0.718132,0.472676,0.2,0.302174
cx_rate_hz,self,randmat,10,4.01319,4.02141,-0.008221,-0.0698752,0.0534332,0.997956,-0.125357,-1.00274,0.752026,-0.12006,-0.280307,17.8497,0.782465,,46,-0.264575,0.791337,0.08,0.773557
cx_rate_hz,self,decorr,10,4.01319,3.96572,0.047468,-0.0782293,0.173165,1.01197,0.368361,-0.515564,1.25229,0.352796,0.823679,11.8857,0.426341,0.918749,65,1.0961,0.273036,-0.3,0.447138
cx_rate_hz,self,drive0.5,10,4.01319,2.49267,1.52052,1.45816,1.58288,1.61,22.9166,15.7609,30.0722,21.9483,51.243,17.9205,6.86866e-21,,100,3.74185,0.000182672,-1,0.000249938
cx_rate_hz,self,drive1.5,10,4.01319,5.3418,-1.32861,-1.41169,-1.24554,0.75128,-15.1884,-19.9761,-10.4006,-14.5466,-33.9622,15.6619,4.29286e-16,,0,-3.74185,0.000182672,1,0.000249938
cx_rate_hz,self,synch,10,4.01319,3.89438,0.118803,-0.0911996,0.328806,1.03051,0.563705,-0.330056,1.45747,0.539886,1.26048,10.0014,0.236109,,65,1.0961,0.273036,-0.3,0.236441
cx_rate_hz,shuffle,randmat,10,4.05718,4.02141,0.035775,-0.0511653,0.122715,1.0089,0.394408,-0.490595,1.27941,0.377743,0.881923,14.108,0.392597,,55,0.340168,0.73373,-0.1,
cx_rate_hz,shuffle,decorr,10,4.05718,3.96572,0.091464,-0.0446405,0.227569,1.02306,0.638309,-0.260257,1.53688,0.611339,1.4273,15.6361,0.173158,,68,1.32288,0.185877,-0.36,
cx_rate_hz,shuffle,drive0.5,10,4.05718,2.49267,1.56451,1.47716,1.65187,1.62765,17.1428,11.7585,22.5272,16.4185,38.3325,14.3234,7.67785e-16,,100,3.74185,0.000182672,-1,
cx_rate_hz,shuffle,drive1.5,10,4.05718,5.3418,-1.28462,-1.38577,-1.18347,0.759516,-11.9383,-15.7404,-8.13627,-11.4339,-26.695,17.8745,7.46864e-16,,0,-3.74185,0.000182672,1,
cx_rate_hz,shuffle,synch,10,4.05718,3.89438,0.162799,-0.0522101,0.377808,1.0418,0.740425,-0.165634,1.64648,0.709139,1.65564,11.6262,0.124514,,73,1.70084,0.088973,-0.46,
cx_rate_hz,randmat,decorr,10,4.02141,3.96572,0.055689,-0.0690752,0.180453,1.01404,0.437386,-0.449554,1.32433,0.418905,0.978026,11.4202,0.348325,,65,1.0961,0.273036,-0.3,
cx_rate_hz,randmat,drive0.5,10,4.02141,2.49267,1.52874,1.46926,1.58822,1.61329,24.1484,16.6137,31.6831,23.128,53.9975,17.9885,2.3473e-21,,100,3.74185,0.000182672,-1,
cx_rate_hz,randmat,drive1.5,10,4.02141,5.3418,-1.32039,-1.40168,-1.23911,0.752819,-15.4994,-20.3819,-10.6169,-14.8445,-34.6577,14.8364,1.3056e-15,,0,-3.74185,0.000182672,1,
cx_rate_hz,randmat,synch,10,4.02141,3.89438,0.127024,-0.0825273,0.336575,1.03262,0.605408,-0.290968,1.50178,0.579828,1.35373,9.83385,0.206114,,66,1.17169,0.241322,-0.32,
cx_rate_hz,decorr,drive0.5,10,3.96572,2.49267,1.47305,1.34805,1.59805,1.59095,11.5334,7.85332,15.2135,11.0461,25.7895,11.5411,1.45098e-11,,100,3.74185,0.000182672,-1,
cx_rate_hz,decorr,drive1.5,10,3.96572,5.3418,-1.37608,-1.5095,-1.24267,0.742393,-9.83867,-13.0111,-6.6662,-9.42295,-21.9999,14.8823,9.20283e-13,,0,-3.74185,0.000182672,1,
cx_rate_hz,decorr,synch,10,3.96572,3.89438,0.071335,-0.155616,0.298286,1.01832,0.300568,-0.58089,1.18203,0.287868,0.672091,14.4719,0.512114,,57,0.491354,0.623176,-0.14,
cx_rate_hz,drive0.5,drive1.5,10,2.49267,5.3418,-2.84913,-2.93087,-2.76739,0.466635,-33.2129,-43.5428,-22.8831,-31.8096,-74.2664,15.0626,9.76124e-21,,0,-3.74185,0.000182672,1,
cx_rate_hz,drive0.5,synch,10,2.49267,3.89438,-1.40171,-1.61138,-1.19205,0.640068,-6.67301,-8.91905,-4.42697,-6.39105,-14.9213,9.87699,4.23296e-08,,0,-3.74185,0.000182672,1,
cx_rate_hz,drive1.5,synch,10,5.3418,3.89438,1.44742,1.23372,1.66112,1.37167,6.65005,4.41056,8.88955,6.36906,14.87,11.234,9.69079e-09,,100,3.74185,0.000182672,-1,
cx_active_fraction,rest,flow,10,0.0130665,0.174349,-0.161283,-0.164904,-0.157662,0.0749446,-44.9389,-58.8929,-30.9849,-43.0401,-100.486,9.16207,2.95766e-15,,0,-3.77174,0.000162111,1,
cx_active_fraction,rest,self,10,0.0130665,0.172179,-0.159113,-0.161265,-0.15696,0.0758891,-74.2274,-97.247,-51.2078,-71.091,-165.978,9.46155,1.03233e-17,,0,-3.77174,0.000162111,1,0.000249938
cx_active_fraction,rest,shuffle,10,0.0130665,0.174638,-0.161572,-0.165177,-0.157967,0.0748206,-45.2195,-59.2602,-31.1787,-43.3088,-101.114,9.16353,2.78143e-15,,0,-3.7703,0.000163049,1,
cx_active_fraction,rest,randmat,10,0.0130665,0.176229,-0.163163,-0.167864,-0.158462,0.0741451,-35.0555,-45.9545,-24.1566,-33.5743,-78.3866,9.09602,3.45743e-14,,0,-3.77174,0.000162111,1,
cx_active_fraction,rest,decorr,10,0.0130665,0.176856,-0.16379,-0.169743,-0.157837,0.0738822,-27.8063,-36.4678,-19.1447,-26.6314,-62.1767,9.05983,3.11127e-13,,0,-3.7703,0.000163049,1,
cx_active_fraction,rest,drive0.5,10,0.0130665,0.133992,-0.120926,-0.125659,-0.116193,0.097517,-25.8084,-33.8542,-17.7626,-24.7179,-57.7093,9.09474,5.59281e-13,,0,-3.7703,0.000163049,1,
cx_active_fraction,rest,drive1.5,10,0.0130665,0.206268,-0.193201,-0.198896,-0.187507,0.0633474,-34.2866,-44.948,-23.6252,-32.8378,-76.6671,9.0654,4.60625e-14,,0,-3.77174,0.000162111,1,
cx_active_fraction,rest,synch,10,0.0130665,0.18404,-0.170974,-0.178919,-0.163029,0.0709982,-21.7579,-28.5574,-14.9584,-20.8386,-48.6521,9.03357,3.03443e-12,,0,-3.77319,0.000161177,1,
cx_active_fraction,flow,self,10,0.174349,0.172179,0.0021699,-0.00179745,0.00613725,1.0126,0.522519,-0.368836,1.41387,0.50044,1.16839,14.6243,0.261345,0.408711,63,0.947408,0.343431,-0.26,0.251187
cx_active_fraction,flow,shuffle,10,0.174349,0.174638,-0.000289,-0.00502586,0.00444786,0.998345,-0.0573236,-0.934026,0.819379,-0.0549014,-0.128179,17.9996,0.899428,,46.5,-0.226949,0.820463,0.07,
cx_active_fraction,flow,randmat,10,0.174349,0.176229,-0.0018801,-0.00740984,0.00364964,0.989332,-0.320955,-1.2031,0.561192,-0.307394,-0.717678,16.8932,0.482763,,41.5,-0.605426,0.544896,0.17,
cx_active_fraction,flow,decorr,10,0.174349,0.176856,-0.0025071,-0.00907196,0.00405776,0.985824,-0.364355,-1.24812,0.519411,-0.348959,-0.814722,14.8477,0.428107,,40,-0.718403,0.472509,0.2,
cx_active_fraction,flow,drive0.5,10,0.174349,0.133992,0.0403569,0.0348025,0.0459113,1.30119,6.86042,4.56079,9.16004,6.57054,15.3404,16.842,2.50311e-11,,100,3.74326,0.000181651,-1,
cx_active_fraction,flow,drive1.5,10,0.174349,0.206268,-0.0319187,-0.0382616,-0.0255758,0.845256,-4.79006,-6.51395,-3.06616,-4.58766,-10.7109,15.246,1.70778e-08,,0,-3.74466,0.000180635,1,
cx_active_fraction,flow,synch,10,0.174349,0.18404,-0.0096911,-0.0180533,-0.00132889,0.947343,-1.12354,-2.06669,-0.180398,-1.07607,-2.51232,12.5748,0.0265086,,21,-2.15927,0.030829,0.58,
cx_active_fraction,self,shuffle,10,0.172179,0.174638,-0.0024589,-0.0064122,0.0014944,0.98592,-0.594072,-1.48972,0.301576,-0.568971,-1.32839,14.6637,0.204355,0.408711,33,-1.24963,0.211433,0.34,0.2007
cx_active_fraction,self,randmat,10,0.172179,0.176229,-0.00405,-0.00899559,0.00089559,0.977019,-0.793834,-1.70422,0.116557,-0.760292,-1.77507,12.5872,0.100055,,34.5,-1.13646,0.255764,0.31,0.0964759
cx_active_fraction,self,decorr,10,0.172179,0.176856,-0.004677,-0.0108094,0.00145544,0.973555,-0.748327,-1.65501,0.158355,-0.716708,-1.67331,11.2934,0.12171,0.365131,31,-1.39899,0.161815,0.38,0.113972
cx_active_fraction,self,drive0.5,10,0.172179,0.133992,0.038187,0.033212,0.043162,1.28499,7.44354,4.97588,9.91119,7.12902,16.6443,12.5433,6.33712e-10,,100,3.74326,0.000181651,-1,0.000249938
cx_active_fraction,self,drive1.5,10,0.172179,0.206268,-0.0340886,-0.0399729,-0.0282043,0.834736,-5.67221,-7.63643,-3.70799,-5.43254,-12.6834,11.4988,4.11835e-08,,0,-3.74466,0.000180635,1,0.000249938
cx_active_fraction,self,synch,10,0.172179,0.18404,-0.011861,-0.0199312,-0.00379085,0.935552,-1.45874,-2.44496,-0.472506,-1.3971,-3.26183,10.3015,0.0082283,,14,-2.68658,0.00721878,0.72,0.00349913
cx_active_fraction,shuffle,randmat,10,0.174638,0.176229,-0.0015911,-0.00711253,0.00393033,0.990971,-0.272071,-1.15264,0.608498,-0.260575,-0.608369,16.8591,0.551052,,47.5,-0.151471,0.879604,0.05,
cx_active_fraction,shuffle,decorr,10,0.174638,0.176856,-0.0022181,-0.00877662,0.00434042,0.987458,-0.322742,-1.20495,0.559468,-0.309105,-0.721674,14.808,0.481736,,38.5,-0.831835,0.405502,0.23,
cx_active_fraction,shuffle,drive0.5,10,0.174638,0.133992,0.0406459,0.0350998,0.046192,1.30334,6.92092,4.60395,9.23789,6.62849,15.4757,16.8075,2.2497e-11,,100,3.74185,0.000182672,-1,
cx_active_fraction,shuffle,drive1.5,10,0.174638,0.206268,-0.0316297,-0.0379659,-0.0252935,0.846657,-4.75278,-6.46673,-3.03882,-4.55195,-10.6275,15.2058,1.94896e-08,,0,-3.74326,0.000181651,1,
cx_active_fraction,shuffle,synch,10,0.174638,0.18404,-0.0094021,-0.01776,-0.00104423,0.948913,-1.09087,-2.03033,-0.151417,-1.04478,-2.43926,12.5455,0.030411,,23.5,-1.96764,0.04911,0.53,
cx_active_fraction,randmat,decorr,10,0.176229,0.176856,-0.000627,-0.00769351,0.00643951,0.996455,-0.0836891,-0.960595,0.793217,-0.0801529,-0.187134,17.0792,0.85376,,44.5,-0.378534,0.705034,0.11,
cx_active_fraction,randmat,drive0.5,10,0.176229,0.133992,0.042237,0.0360481,0.0484259,1.31522,6.41223,4.24037,8.5841,6.1413,14.3382,17.9992,2.73777e-11,,100,3.74326,0.000181651,-1,
cx_active_fraction,randmat,drive1.5,10,0.176229,0.206268,-0.0300386,-0.0369084,-0.0231688,0.854371,-4.11891,-5.66732,-2.57049,-3.94487,-9.21016,17.3748,4.23068e-08,,0,-3.74466,0.000180635,1,
cx_active_fraction,randmat,synch,10,0.176229,0.18404,-0.007811,-0.0165251,0.000903077,0.957558,-0.85643,-1.77225,0.0593929,-0.820243,-1.91504,14.6078,0.0752772,,24,-1.93198,0.0533618,0.52,
cx_active_fraction,decorr,drive0.5,10,0.176856,0.133992,0.042864,0.0357807,0.0499473,1.3199,5.70654,3.73279,7.68028,5.46542,12.7602,17.1264,3.55591e-10,,100,3.74185,0.000182672,-1,
cx_active_fraction,decorr,drive1.5,10,0.176856,0.206268,-0.0294116,-0.0370584,-0.0217648,0.857411,-3.61433,-5.0366,-2.19206,-3.46161,-8.08188,17.9645,2.14921e-07,,0,-3.74326,0.000181651,1,
cx_active_fraction,decorr,synch,10,0.176856,0.18404,-0.007184,-0.0164526,0.00208459,0.960965,-0.732394,-1.63782,0.173038,-0.701447,-1.63768,16.6813,0.120211,,29.5,-1.51357,0.130136,0.41,
cx_active_fraction,drive0.5,drive1.5,10,0.133992,0.206268,-0.0722756,-0.0791629,-0.0653883,0.649603,-9.8835,-13.0693,-6.69768,-9.46589,-22.1002,17.4154,3.48388e-14,,0,-3.74326,0.000181651,1,
cx_active_fraction,drive0.5,synch,10,0.133992,0.18404,-0.050048,-0.0587741,-0.0413219,0.72806,-5.47791,-7.38843,-3.56738,-5.24645,-12.249,14.6666,4.23048e-09,,0,-3.74466,0.000180635,1,
cx_active_fraction,drive1.5,synch,10,0.206268,0.18404,0.0222276,0.0130859,0.0313693,1.12078,2.30155,1.1715,3.4316,2.2043,5.14642,16.3128,9.18072e-05,,93.5,3.25539,0.00113235,-0.87,
ring_rate_hz,rest,flow,10,0,19.989,-19.989,-20.6328,-19.3452,0,-31.4097,-41.1829,-21.6365,-30.0825,-70.2342,9,1.21533e-13,,0,-3.99806,6.38644e-05,1,
ring_rate_hz,rest,self,10,0,19.9412,-19.9412,-20.3595,-19.5228,0,-48.2225,-63.1922,-33.2528,-46.1849,-107.829,9,2.57564e-15,,0,-3.99806,6.38644e-05,1,0.000249938
ring_rate_hz,rest,shuffle,10,0,20.4154,-20.4154,-21.0537,-19.7772,0,-32.3585,-42.4246,-22.2925,-30.9913,-72.3559,9,9.30156e-14,,0,-3.99806,6.38644e-05,1,
ring_rate_hz,rest,randmat,10,0,20.1382,-20.1382,-20.4964,-19.7801,0,-56.8799,-74.5286,-39.2312,-54.4765,-127.187,9,5.83293e-16,,0,-3.99806,6.38644e-05,1,
ring_rate_hz,rest,decorr,10,0,21.1699,-21.1699,-22.0313,-20.3084,0,-24.8611,-32.6152,-17.107,-23.8107,-55.5912,9,9.92315e-13,,0,-3.99977,6.34029e-05,1,
ring_rate_hz,rest,drive0.5,10,0,15.5559,-15.5559,-15.9,-15.2117,0,-45.7288,-59.9271,-31.5305,-43.7966,-102.253,9,4.15214e-15,,0,-3.99806,6.38644e-05,1,
ring_rate_hz,rest,drive1.5,10,0,23.7713,-23.7713,-24.3717,-23.171,0,-40.0602,-52.5056,-27.6147,-38.3675,-89.5772,9,1.3649e-14,,0,-3.99977,6.34029e-05,1,
ring_rate_hz,rest,synch,10,0,19.4118,-19.4118,-20.0631,-18.7604,0,-30.1516,-39.5366,-20.7667,-28.8776,-67.4211,9,1.75467e-13,,0,-3.99977,6.34029e-05,1,
ring_rate_hz,flow,self,10,19.989,19.9412,0.0478,-0.673807,0.769407,1.0024,0.062982,-0.813758,0.939722,0.0603208,0.140832,15.4502,0.889822,0.889822,52.5,0.151243,0.879784,-0.05,0.893777
ring_rate_hz,flow,shuffle,10,19.989,20.4154,-0.42647,-1.26844,0.415504,0.97911,-0.475901,-1.36474,0.412942,-0.455793,-1.06415,17.9987,0.301331,,39,-0.793725,0.427355,0.22,
ring_rate_hz,flow,randmat,10,19.989,20.1382,-0.14926,-0.84739,0.54887,0.992588,-0.204957,-1.08378,0.673864,-0.196297,-0.458298,14.0841,0.65373,,43.5,-0.453728,0.650025,0.13,
ring_rate_hz,flow,decorr,10,19.989,21.1699,-1.18088,-2.18546,-0.176298,0.944219,-1.11083,-2.05253,-0.169135,-1.0639,-2.4839,16.6631,0.0239535,,20,-2.23083,0.0256924,0.6,
ring_rate_hz,flow,drive0.5,10,19.989,15.5559,4.43309,3.73978,5.1264,1.28498,6.14335,4.04745,8.23924,5.88377,13.7369,13.7549,2.02334e-09,,100,3.74185,0.000182672,-1,
ring_rate_hz,flow,drive1.5,10,19.989,23.7713,-3.78237,-4.60019,-2.96455,0.840885,-4.34695,-5.95411,-2.73978,-4.16327,-9.72006,17.9126,1.44413e-08,,0,-3.74326,0.000181651,1,
ring_rate_hz,flow,synch,10,19.989,19.4118,0.57721,-0.273338,1.42776,1.02974,0.637623,-0.260896,1.53614,0.610681,1.42577,17.9976,0.17105,,66,1.17213,0.241145,-0.32,
ring_rate_hz,self,shuffle,10,19.9412,20.4154,-0.47427,-1.19121,0.242669,0.976769,-0.628708,-1.52662,0.269208,-0.602142,-1.40583,15.528,0.179468,0.358935,36,-1.0205,0.307489,0.28,0.175956
ring_rate_hz,self,randmat,10,19.9412,20.1382,-0.19706,-0.709412,0.315292,0.990215,-0.361988,-1.24566,0.521684,-0.346693,-0.80943,17.5828,0.429086,,39,-0.793725,0.427355,0.22,0.413147
ring_rate_hz,self,decorr,10,19.9412,21.1699,-1.22868,-2.1431,-0.314256,0.941961,-1.29796,-2.26237,-0.333552,-1.24312,-2.90233,13.0214,0.0123348,0.0370043,15,-2.60894,0.00908243,0.7,0.00424894
ring_rate_hz,self,drive0.5,10,19.9412,15.5559,4.38529,3.88084,4.88974,1.28191,8.18968,5.50462,10.8747,7.84364,18.3127,17.3548,8.62465e-13,,100,3.74185,0.000182672,-1,0.000249938
ring_rate_hz,self,drive1.5,10,19.9412,23.7713,-3.83017,-4.51561,-3.14473,0.838874,-5.29565,-7.15617,-3.43513,-5.07189,-11.8414,16.0734,2.3664e-09,,0,-3.74326,0.000181651,1,0.000249938
ring_rate_hz,self,synch,10,19.9412,19.4118,0.52941,-0.198532,1.25735,1.02727,0.691884,-0.210482,1.59425,0.66265,1.5471,15.346,0.142211,,68,1.32337,0.185711,-0.36,0.134966
ring_rate_hz,shuffle,randmat,10,20.4154,20.1382,0.27721,-0.416001,0.970421,1.01377,0.38317,-0.501359,1.2677,0.366979,0.856793,14.157,0.405829,,56,0.415761,0.677585,-0.12,
ring_rate_hz,shuffle,decorr,10,20.4154,21.1699,-0.75441,-1.75623,0.247409,0.964364,-0.711852,-1.61571,0.192005,-0.681774,-1.59175,16.5931,0.130311,,29,-1.55024,0.121085,0.42,
ring_rate_hz,shuffle,drive0.5,10,20.4154,15.5559,4.85956,4.17122,5.5479,1.31239,6.77972,4.50319,9.05624,6.49325,15.1599,13.8251,5.26159e-10,,100,3.74185,0.000182672,-1,
ring_rate_hz,shuffle,drive1.5,10,20.4154,23.7713,-3.3559,-4.16989,-2.54191,0.858826,-3.87463,-5.36126,-2.388,-3.71092,-8.66394,17.9327,7.96459e-08,,0,-3.74326,0.000181651,1,
ring_rate_hz,shuffle,synch,10,20.4154,19.4118,1.00368,0.156727,1.85063,1.0517,1.11346,0.171462,2.05545,1.06641,2.48977,17.9926,0.0227918,,76.5,1.96689,0.0491954,-0.53,
ring_rate_hz,randmat,decorr,10,20.1382,21.1699,-1.03162,-1.93002,-0.133216,0.951269,-1.11866,-2.06125,-0.17607,-1.07139,-2.50139,12.0214,0.0278131,,21,-2.15521,0.0311456,0.58,
ring_rate_hz,randmat,drive0.5,10,20.1382,15.5559,4.58235,4.12098,5.04372,1.29457,9.33289,6.31075,12.355,8.93854,20.869,17.9713,4.77254e-14,,100,3.74185,0.000182672,-1,
ring_rate_hz,randmat,drive1.5,10,20.1382,23.7713,-3.63311,-4.29299,-2.97323,0.847164,-5.25786,-7.10805,-3.40766,-5.03569,-11.7569,14.6871,7.21372e-09,,0,-3.74326,0.000181651,1,
ring_rate_hz,randmat,synch,10,20.1382,19.4118,0.72647,0.0216698,1.43127,1.03742,0.988752,0.0602153,1.91729,0.946974,2.21092,13.9875,0.0442024,,78,2.07959,0.0375635,-0.56,
ring_rate_hz,decorr,drive0.5,10,21.1699,15.5559,5.61397,4.71882,6.50912,1.36089,6.12238,4.03239,8.21238,5.86369,13.6901,11.8013,1.33537e-08,,100,3.74326,0.000181651,-1,
ring_rate_hz,decorr,drive1.5,10,21.1699,23.7713,-2.60149,-3.58509,-1.61789,0.890562,-2.50653,-3.67771,-1.33535,-2.40062,-5.60477,16.073,3.88423e-05,,5,-3.36642,0.000761518,0.9,
ring_rate_hz,decorr,synch,10,21.1699,19.4118,1.75809,0.749732,2.76645,1.09057,1.64691,0.632624,2.66119,1.57732,3.6826,16.7552,0.00188499,,91,3.06382,0.00218533,-0.82,
ring_rate_hz,drive0.5,drive1.5,10,15.5559,23.7713,-8.21546,-8.87007,-7.56085,0.654396,-12.0112,-15.8352,-8.18715,-11.5037,-26.8579,14.339,1.14499e-13,,0,-3.74326,0.000181651,1,
ring_rate_hz,drive0.5,synch,10,15.5559,19.4118,-3.85588,-4.55593,-3.15583,0.801364,-5.29543,-7.15589,-3.43497,-5.07168,-11.841,13.662,1.44544e-08,,0,-3.74326,0.000181651,1,
ring_rate_hz,drive1.5,synch,10,23.7713,19.4118,4.35958,3.53655,5.18261,1.22458,4.97922,3.20459,6.75384,4.76883,11.1339,17.8816,1.79642e-09,,100,3.74466,0.000180635,-1,
columnar_rate_hz,rest,flow,10,0,0.508446,-0.508446,-0.534336,-0.482556,0,-19.8681,-26.0873,-13.649,-19.0286,-44.4265,9,7.41323e-12,,0,-3.99806,6.38644e-05,1,
columnar_rate_hz,rest,self,10,0,0.509894,-0.509894,-0.525829,-0.493959,0,-32.3718,-42.4419,-22.3016,-31.004,-72.3855,9,9.26736e-14,,0,-3.99806,6.38644e-05,1,0.000249938
columnar_rate_hz,rest,shuffle,10,0,0.523359,-0.523359,-0.554902,-0.491816,0,-16.7855,-22.0606,-11.5104,-16.0763,-37.5335,9,3.35569e-11,,0,-3.99806,6.38644e-05,1,
columnar_rate_hz,rest,randmat,10,0,0.512741,-0.512741,-0.527567,-0.497916,0,-34.9879,-45.866,-24.1099,-33.5096,-78.2354,9,4.60928e-14,,0,-3.99977,6.34029e-05,1,
columnar_rate_hz,rest,decorr,10,0,0.596187,-0.596187,-0.62572,-0.566655,0,-20.4229,-26.8123,-14.0335,-19.56,-45.667,9,5.79155e-12,,0,-3.99806,6.38644e-05,1,
columnar_rate_hz,rest,drive0.5,10,0,0.241651,-0.241651,-0.255788,-0.227514,0,-17.2928,-22.723,-11.8626,-16.5621,-38.6679,9,2.57072e-11,,0,-3.99806,6.38644e-05,1,
columnar_rate_hz,rest,drive1.5,10,0,0.7125,-0.7125,-0.735552,-0.689448,0,-31.2686,-40.9982,-21.539,-29.9474,-69.9187,9,1.2655e-13,,0,-3.99806,6.38644e-05,1,
columnar_rate_hz,rest,synch,10,0,0.456322,-0.456322,-0.488104,-0.42454,0,-14.5255,-19.1114,-9.93951,-13.9117,-32.4799,9,1.22248e-10,,0,-3.99806,6.38644e-05,1,
columnar_rate_hz,flow,self,10,0.508446,0.509894,-0.0014478,-0.0300979,0.0272023,0.997161,-0.0481798,-0.924829,0.82847,-0.046144,-0.107733,14.9632,0.915639,0.915639,49,-0.0377964,0.96985,0.02,0.91877
columnar_rate_hz,flow,shuffle,10,0.508446,0.523359,-0.0149131,-0.0529154,0.0230892,0.971505,-0.369716,-1.25369,0.514263,-0.354094,-0.82671,17.3407,0.419632,,42,-0.566947,0.57075,0.16,
columnar_rate_hz,flow,randmat,10,0.508446,0.512741,-0.0042955,-0.0325208,0.0239298,0.991622,-0.145659,-1.02334,0.732025,-0.139505,-0.325704,14.3296,0.749356,,47,-0.189053,0.850051,0.06,
columnar_rate_hz,flow,decorr,10,0.508446,0.596187,-0.0877412,-0.124261,-0.0512216,0.852829,-2.26014,-3.38214,-1.13815,-2.16464,-5.05383,17.6968,8.69014e-05,,3,-3.51507,0.000439639,0.94,
columnar_rate_hz,flow,drive0.5,10,0.508446,0.241651,0.266795,0.238815,0.294776,2.10405,9.15007,6.1821,12.118,8.76344,20.4602,13.9289,8.64203e-12,,100,3.74185,0.000182672,-1,
columnar_rate_hz,flow,drive1.5,10,0.508446,0.7125,-0.204054,-0.236279,-0.171829,0.713608,-5.95509,-7.99814,-3.91204,-5.70347,-13.316,17.7628,1.11371e-10,,0,-3.74185,0.000182672,1,
columnar_rate_hz,flow,synch,10,0.508446,0.456322,0.0521237,0.0139413,0.0903061,1.11423,1.28639,0.323469,2.24931,1.23203,2.87645,17.2928,0.0103404,,80,2.22999,0.0257481,-0.6,
columnar_rate_hz,self,shuffle,10,0.509894,0.523359,-0.0134653,-0.0471343,0.0202037,0.974271,-0.385472,-1.2701,0.499153,-0.369184,-0.861941,13.3129,0.403979,0.807958,43,-0.491354,0.623176,0.14,0.402899
columnar_rate_hz,self,randmat,10,0.509894,0.512741,-0.0028477,-0.0230692,0.0173738,0.994446,-0.132363,-1.00985,0.745118,-0.126771,-0.295974,17.9071,0.770655,,45,-0.340296,0.733634,0.1,0.765059
columnar_rate_hz,self,decorr,10,0.509894,0.596187,-0.0862934,-0.118146,-0.0544406,0.855258,-2.60152,-3.79242,-1.41061,-2.49159,-5.81717,13.831,4.68904e-05,0.000140671,0,-3.74185,0.000182672,1,0.000249938
columnar_rate_hz,self,drive0.5,10,0.509894,0.241651,0.268243,0.248439,0.288047,2.11005,12.7392,8.69525,16.7832,12.201,28.4858,17.7481,2.88567e-16,,100,3.74185,0.000182672,-1,0.000249938
columnar_rate_hz,self,drive1.5,10,0.509894,0.7125,-0.202606,-0.228867,-0.176345,0.71564,-7.31416,-9.74437,-4.88394,-7.00511,-16.3549,16.0022,2.07044e-11,,0,-3.74185,0.000182672,1,0.000249938
columnar_rate_hz,self,synch,10,0.509894,0.456322,0.0535715,0.0196849,0.0874581,1.1174,1.52439,0.528671,2.52011,1.45998,3.40864,13.256,0.00454731,,89,2.91033,0.00361051,-0.78,0.00249938
columnar_rate_hz,shuffle,randmat,10,0.523359,0.512741,0.0106176,-0.0227229,0.0439581,1.02071,0.308189,-0.573521,1.1899,0.295167,0.689133,12.7915,0.503049,,55,0.340296,0.733634,-0.1,
columnar_rate_hz,shuffle,decorr,10,0.523359,0.596187,-0.0728281,-0.112971,-0.0326851,0.877844,-1.70509,-2.72857,-0.681618,-1.63305,-3.81271,17.9225,0.00128318,,12,-2.83473,0.00458639,0.76,
columnar_rate_hz,shuffle,drive0.5,10,0.523359,0.241651,0.281708,0.248556,0.314861,2.16577,8.24492,5.54368,10.9462,7.89655,18.4362,12.4754,2.00165e-10,,100,3.74185,0.000182672,-1,
columnar_rate_hz,shuffle,drive1.5,10,0.523359,0.7125,-0.189141,-0.225666,-0.152615,0.734539,-4.89771,-6.65042,-3.14501,-4.69077,-10.9516,16.48,5.59806e-09,,0,-3.74185,0.000182672,1,
columnar_rate_hz,shuffle,synch,10,0.523359,0.456322,0.0670368,0.0254504,0.108623,1.14691,1.51457,0.520288,2.50885,1.45057,3.38667,17.999,0.00328729,,86,2.68355,0.00728456,-0.72,
columnar_rate_hz,randmat,decorr,10,0.512741,0.596187,-0.0834457,-0.11494,-0.0519515,0.860034,-2.55466,-3.73579,-1.37354,-2.44672,-5.7124,13.2654,6.60794e-05,,1,-3.66763,0.000244805,0.98,
columnar_rate_hz,randmat,drive0.5,10,0.512741,0.241651,0.271091,0.252062,0.29012,2.12183,13.3876,9.14724,17.628,12.8219,29.9356,17.9594,8.84993e-17,,100,3.74326,0.000181651,-1,
columnar_rate_hz,randmat,drive1.5,10,0.512741,0.7125,-0.199759,-0.225531,-0.173986,0.719637,-7.3733,-9.82061,-4.92598,-7.06175,-16.4872,15.3576,3.5161e-11,,0,-3.74326,0.000181651,1,
columnar_rate_hz,randmat,synch,10,0.512741,0.456322,0.0564192,0.0228577,0.0899807,1.12364,1.62754,0.616261,2.63881,1.55877,3.63929,12.7399,0.00309224,,91.5,3.10164,0.00192451,-0.83,
columnar_rate_hz,decorr,drive0.5,10,0.596187,0.241651,0.354537,0.323248,0.385825,2.46715,10.9545,7.44842,14.4607,10.4917,24.4951,12.9189,3.27125e-12,,100,3.74185,0.000182672,-1,
columnar_rate_hz,decorr,drive1.5,10,0.596187,0.7125,-0.116313,-0.151255,-0.081371,0.836754,-3.14084,-4.45068,-1.831,-3.00813,-7.02313,16.9981,2.05083e-06,,1,-3.66626,0.000246128,0.98,
columnar_rate_hz,decorr,synch,10,0.596187,0.456322,0.139865,0.0995566,0.180173,1.3065,3.26141,1.92357,4.59925,3.12361,7.29274,17.9039,9.21432e-07,,100,3.74185,0.000182672,-1,
columnar_rate_hz,drive0.5,drive1.5,10,0.241651,0.7125,-0.470849,-0.496339,-0.44536,0.339159,-17.615,-23.1437,-12.0862,-16.8707,-39.3883,14.9308,1.67238e-16,,0,-3.74185,0.000182672,1,
columnar_rate_hz,drive0.5,synch,10,0.241651,0.456322,-0.214672,-0.248047,-0.181296,0.529561,-6.24352,-8.36766,-4.11939,-5.97971,-13.9609,12.4273,5.7891e-09,,0,-3.74185,0.000182672,1,
columnar_rate_hz,drive1.5,synch,10,0.7125,0.456322,0.256178,0.219461,0.292895,1.5614,6.60097,4.37547,8.82648,6.32206,14.7602,16.4169,6.6907e-11,,100,3.74185,0.000182672,-1,
fanbody_rate_hz,rest,flow,10,8.31947e-05,3.75915,-3.75907,-3.79782,-3.72032,2.21312e-05,-98.1379,-128.563,-67.7126,-93.9912,-219.443,9.00042,4.30463e-18,,0,-3.92301,8.74499e-05,1,
fanbody_rate_hz,rest,self,10,8.31947e-05,3.78486,-3.78478,-3.8143,-3.75525,2.19809e-05,-129.68,-169.877,-89.4831,-124.201,-289.974,9.00073,3.5006e-19,,0,-3.92301,8.74499e-05,1,0.000249938
fanbody_rate_hz,rest,shuffle,10,8.31947e-05,3.79143,-3.79135,-3.84458,-3.73811,2.19428e-05,-72.0456,-94.3896,-49.7016,-69.0014,-161.099,9.00022,6.95148e-17,,0,-3.92301,8.74499e-05,1,
fanbody_rate_hz,rest,randmat,10,8.31947e-05,3.77271,-3.77263,-3.82658,-3.71868,2.20517e-05,-70.7437,-92.6845,-48.8029,-67.7545,-158.188,9.00022,8.1911e-17,,0,-3.92301,8.74499e-05,1,
fanbody_rate_hz,rest,decorr,10,8.31947e-05,3.46123,-3.46115,-3.56183,-3.36047,2.40362e-05,-34.7777,-45.5908,-23.9646,-33.3082,-77.7654,9.00006,4.86493e-14,,0,-3.92301,8.74499e-05,1,
fanbody_rate_hz,rest,drive0.5,10,8.31947e-05,2.04093,-2.04085,-2.07027,-2.01143,4.07631e-05,-70.1713,-91.9349,-48.4077,-67.2063,-156.908,9.00074,8.79624e-17,,0,-3.92301,8.74499e-05,1,
fanbody_rate_hz,rest,drive1.5,10,8.31947e-05,5.3906,-5.39052,-5.44647,-5.33456,1.54333e-05,-97.463,-127.679,-67.2467,-93.3448,-217.934,9.0002,4.58431e-18,,0,-3.92301,8.74499e-05,1,
fanbody_rate_hz,rest,synch,10,8.31947e-05,3.74193,-3.74185,-4.01934,-3.46436,2.22331e-05,-13.6419,-17.9594,-9.32441,-13.0655,-30.5042,9.00001,2.14052e-10,,0,-3.92301,8.74499e-05,1,
fanbody_rate_hz,flow,self,10,3.75915,3.78486,-0.025708,-0.0711821,0.0197661,0.993208,-0.533858,-1.42586,0.358141,-0.511301,-1.19374,16.8157,0.249148,0.498296,36.5,-0.983077,0.325569,0.27,0.24094
fanbody_rate_hz,flow,shuffle,10,3.75915,3.79143,-0.032279,-0.0938498,0.0292918,0.991486,-0.495929,-1.38582,0.393965,-0.474974,-1.10893,16.4463,0.283413,,34,-1.17169,0.241322,0.32,
fanbody_rate_hz,flow,randmat,10,3.75915,3.77271,-0.013562,-0.075706,0.048582,0.996405,-0.206554,-1.08541,0.672303,-0.197827,-0.461869,16.3342,0.650267,,49,-0.0378249,0.969827,0.02,
fanbody_rate_hz,flow,decorr,10,3.75915,3.46123,0.297919,0.193622,0.402216,1.08607,2.79373,1.56172,4.02574,2.67569,6.24697,11.6091,4.95264e-05,,100,3.74185,0.000182672,-1,
fanbody_rate_hz,flow,drive0.5,10,3.75915,2.04093,1.71822,1.6728,1.76364,1.84188,35.7266,24.6204,46.8328,34.217,79.8871,16.7886,4.14161e-23,,100,3.74185,0.000182672,-1,
fanbody_rate_hz,flow,drive1.5,10,3.75915,5.3906,-1.63145,-1.69522,-1.56767,0.697353,-24.2499,-31.8158,-16.6839,-23.2252,-54.2243,16.0187,1.39246e-19,,0,-3.74185,0.000182672,1,
fanbody_rate_hz,flow,synch,10,3.75915,3.74193,0.017222,-0.261367,0.295811,1.0046,0.0621841,-0.81455,0.938918,0.0595566,0.139048,9.35088,0.892361,,53,0.188982,0.850107,-0.06,
fanbody_rate_hz,self,shuffle,10,3.78486,3.79143,-0.006571,-0.0642673,0.0511253,0.998267,-0.109198,-0.986374,0.767977,-0.104584,-0.244174,14.0578,0.810623,0.810623,41,-0.64254,0.520523,0.18,0.815296
fanbody_rate_hz,self,randmat,10,3.78486,3.77271,0.012146,-0.0461846,0.0704766,1.00322,0.199798,-0.678909,1.0785,0.191355,0.446761,13.9473,0.661906,,60,0.718132,0.472676,-0.2,0.661085
fanbody_rate_hz,self,decorr,10,3.78486,3.46123,0.323627,0.220991,0.426263,1.0935,3.12041,1.81527,4.42556,2.98857,6.97746,10.5366,2.9211e-05,8.76329e-05,100,3.74185,0.000182672,-1,0.000249938
fanbody_rate_hz,self,drive0.5,10,3.78486,2.04093,1.74393,1.70522,1.78264,1.85448,42.3265,29.1804,55.4726,40.5381,94.6449,17.9998,9.74476e-26,,100,3.74185,0.000182672,-1,0.000249938
fanbody_rate_hz,self,drive1.5,10,3.78486,5.3906,-1.60574,-1.66587,-1.54561,0.702122,-25.6771,-33.6825,-17.6717,-24.5922,-57.4157,13.6514,1.1223e-17,,0,-3.74185,0.000182672,1,0.000249938
fanbody_rate_hz,self,synch,10,3.78486,3.74193,0.04293,-0.235188,0.321048,1.01147,0.155634,-0.722214,1.03348,0.149058,0.348009,9.20376,0.73566,,60,0.718132,0.472676,-0.2,0.747063
fanbody_rate_hz,shuffle,randmat,10,3.79143,3.77271,0.018717,-0.0516766,0.0891106,1.00496,0.249824,-0.630111,1.12976,0.239268,0.558623,17.9968,0.583304,,58,0.566947,0.57075,-0.16,
fanbody_rate_hz,shuffle,decorr,10,3.79143,3.46123,0.330198,0.221969,0.438427,1.0954,2.93305,1.67033,4.19578,2.80912,6.5585,13.6678,1.43223e-05,,100,3.74185,0.000182672,-1,
fanbody_rate_hz,shuffle,drive0.5,10,3.79143,2.04093,1.7505,1.69284,1.80816,1.8577,29.1139,20.0491,38.1788,27.8838,65.1008,14.0287,8.21484e-19,,100,3.74185,0.000182672,-1,
fanbody_rate_hz,shuffle,drive1.5,10,3.79143,5.3906,-1.59917,-1.67091,-1.52743,0.703341,-20.9472,-27.4975,-14.3968,-20.0621,-46.8393,17.9556,3.17489e-20,,0,-3.74185,0.000182672,1,
fanbody_rate_hz,shuffle,synch,10,3.79143,3.74193,0.049501,-0.230128,0.32913,1.01323,0.177237,-0.701005,1.05548,0.169748,0.396314,9.66165,0.700485,,57,0.491354,0.623176,-0.14,
fanbody_rate_hz,randmat,decorr,10,3.77271,3.46123,0.311481,0.203015,0.419947,1.08999,2.75869,1.53429,3.98309,2.64213,6.16862,13.7746,2.62209e-05,,100,3.74185,0.000182672,-1,
fanbody_rate_hz,randmat,drive0.5,10,3.77271,2.04093,1.73178,1.67349,1.79008,1.84853,28.5101,19.6315,37.3887,27.3054,63.7505,13.9185,1.43044e-18,,100,3.74185,0.000182672,-1,
fanbody_rate_hz,randmat,drive1.5,10,3.77271,5.3906,-1.61789,-1.69008,-1.54569,0.699869,-21.058,-27.6425,-14.4736,-20.1682,-47.0872,17.9761,2.77712e-20,,0,-3.74185,0.000182672,1,
fanbody_rate_hz,randmat,synch,10,3.77271,3.74193,0.030784,-0.248907,0.310475,1.00823,0.110169,-0.767019,0.987356,0.105514,0.246344,9.67942,0.810561,,56,0.415761,0.677585,-0.12,
fanbody_rate_hz,decorr,drive0.5,10,3.46123,2.04093,1.4203,1.31768,1.52292,1.69591,13.6983,9.3637,18.033,13.1195,30.6304,10.526,1.2415e-11,,100,3.74185,0.000182672,-1,
fanbody_rate_hz,decorr,drive1.5,10,3.46123,5.3906,-1.92937,-2.03852,-1.82021,0.642087,-16.9454,-22.2694,-11.6214,-16.2294,-37.8911,14.0751,1.433e-15,,0,-3.74185,0.000182672,1,
fanbody_rate_hz,decorr,synch,10,3.46123,3.74193,-0.280697,-0.566891,0.00549703,0.924986,-0.961992,-1.88782,-0.036159,-0.921344,-2.15108,11.3293,0.0538448,,20,-2.22999,0.0257481,0.6,
fanbody_rate_hz,drive0.5,drive1.5,10,2.04093,5.3906,-3.34967,-3.40976,-3.28957,0.378609,-53.6046,-70.2396,-36.9695,-51.3396,-119.863,13.6236,5.38933e-22,,0,-3.74185,0.000182672,1,
fanbody_rate_hz,drive0.5,synch,10,2.04093,3.74193,-1.701,-1.97911,-1.42288,0.545422,-6.16688,-8.2694,-4.06436,-5.90631,-13.7896,9.20234,1.86513e-07,,0,-3.74185,0.000182672,1,
fanbody_rate_hz,drive1.5,synch,10,5.3906,3.74193,1.64867,1.3688,1.92854,1.44059,5.89208,3.86666,7.91751,5.64312,13.1751,9.73065,1.59576e-07,,100,3.74185,0.000182672,-1,
other_rate_hz,rest,flow,10,1.39946,11.3034,-9.90393,-10.0899,-9.71794,0.123809,-53.8077,-70.5056,-37.1098,-51.5341,-120.318,9.06907,7.68309e-16,,0,-3.74326,0.000181651,1,
other_rate_hz,rest,self,10,1.39946,11.2856,-9.88617,-10.0194,-9.75292,0.124003,-74.8896,-98.1143,-51.665,-71.7253,-167.458,9.13476,3.03496e-17,,0,-3.74326,0.000181651,1,0.000249938
other_rate_hz,rest,shuffle,10,1.39946,11.397,-9.99755,-10.2019,-9.79317,0.122792,-49.4387,-64.7846,-34.0927,-47.3497,-110.548,9.05719,1.71854e-15,,0,-3.74326,0.000181651,1,
other_rate_hz,rest,randmat,10,1.39946,11.3073,-9.90786,-10.02,-9.79572,0.123765,-89.0953,-116.72,-61.4709,-85.3307,-199.223,9.19048,5.04431e-18,,0,-3.74326,0.000181651,1,
other_rate_hz,rest,decorr,10,1.39946,11.0772,-9.67777,-10.0206,-9.33497,0.126336,-28.5506,-37.4416,-19.6595,-27.3442,-63.841,9.02031,2.71654e-13,,0,-3.74326,0.000181651,1,
other_rate_hz,rest,drive0.5,10,1.39946,7.14106,-5.7416,-5.88691,-5.59629,0.195973,-39.8988,-52.2943,-27.5032,-38.2129,-89.2164,9.11327,1.01416e-14,,0,-3.74326,0.000181651,1,
other_rate_hz,rest,drive1.5,10,1.39946,14.8633,-13.4638,-13.6582,-13.2695,0.0941553,-70.0058,-91.7181,-48.2934,-67.0478,-156.538,9.06324,7.21712e-17,,0,-3.74326,0.000181651,1,
other_rate_hz,rest,synch,10,1.39946,10.9358,-9.53631,-10.0798,-8.99282,0.127971,-17.7487,-23.3184,-12.179,-16.9987,-39.6873,9.00808,2.00161e-11,,0,-3.74326,0.000181651,1,
other_rate_hz,flow,self,10,11.3034,11.2856,0.01776,-0.196111,0.231631,1.00157,0.0786069,-0.798254,0.955468,0.0752855,0.17577,16.3062,0.862639,0.862639,48.5,-0.0756213,0.93972,0.03,0.869783
other_rate_hz,flow,shuffle,10,11.3034,11.397,-0.09362,-0.350256,0.163016,0.991786,-0.342967,-1.22591,0.539976,-0.328475,-0.766897,17.8419,0.453172,,47,-0.188982,0.850107,0.06,
other_rate_hz,flow,randmat,10,11.3034,11.3073,-0.00393,-0.208621,0.200761,0.999652,-0.0183264,-0.894867,0.858214,-0.0175521,-0.0409792,14.7683,0.967861,,41,-0.64254,0.520523,0.18,
other_rate_hz,flow,decorr,10,11.3034,11.0772,0.22616,-0.143812,0.596132,1.02042,0.586845,-0.308345,1.48203,0.562048,1.31222,13.8718,0.210744,,66,1.17169,0.241322,-0.32,
other_rate_hz,flow,drive0.5,10,11.3034,7.14106,4.16233,3.94241,4.38226,1.58287,17.8577,12.2546,23.4607,17.1031,39.9309,17.0009,3.01366e-18,,100,3.74185,0.000182672,-1,
other_rate_hz,flow,drive1.5,10,11.3034,14.8633,-3.55989,-3.80959,-3.31019,0.760491,-13.397,-17.6402,-9.1538,-12.831,-29.9567,17.9651,8.66613e-17,,0,-3.74185,0.000182672,1,
other_rate_hz,flow,synch,10,11.3034,10.9358,0.36762,-0.190722,0.925962,1.03362,0.647536,-0.251664,1.54674,0.620175,1.44793,11.0768,0.175342,,69,1.39847,0.161972,-0.38,
other_rate_hz,self,shuffle,10,11.2856,11.397,-0.11138,-0.340456,0.117696,0.990227,-0.462237,-1.35039,0.425914,-0.442706,-1.03359,15.4725,0.317212,0.673999,40,-0.718132,0.472676,0.2,0.316921
other_rate_hz,self,randmat,10,11.2856,11.3073,-0.02169,-0.183499,0.140119,0.998082,-0.126211,-1.00361,0.751184,-0.120878,-0.282216,17.4867,0.781091,,42,-0.566947,0.57075,0.16,0.780555
other_rate_hz,self,decorr,10,11.2856,11.0772,0.2084,-0.146881,0.563681,1.01881,0.573454,-0.320902,1.46781,0.549224,1.28228,11.6525,0.224666,0.673999,66,1.17169,0.241322,-0.32,0.230442
other_rate_hz,self,drive0.5,10,11.2856,7.14106,4.14457,3.96162,4.32753,1.58039,21.296,14.6385,27.9535,20.3961,47.6192,17.8659,2.81932e-20,,100,3.74185,0.000182672,-1,0.000249938
other_rate_hz,self,drive1.5,10,11.2856,14.8633,-3.57765,-3.79836,-3.35694,0.759296,-15.3735,-20.2177,-10.5293,-14.7239,-34.3762,15.9225,2.28493e-16,,0,-3.74185,0.000182672,1,0.000249938
other_rate_hz,self,synch,10,11.2856,10.9358,0.34986,-0.200665,0.900385,1.03199,0.63261,-0.265569,1.53079,0.60588,1.41456,10.0751,0.187351,,68,1.32288,0.185877,-0.36,0.178455
other_rate_hz,shuffle,randmat,10,11.397,11.3073,0.08969,-0.131196,0.310576,1.00793,0.389584,-0.495214,1.27438,0.373123,0.871137,13.9568,0.398416,,55,0.340168,0.73373,-0.1,
other_rate_hz,shuffle,decorr,10,11.397,11.0772,0.31978,-0.0568692,0.696429,1.02887,0.810844,-0.100985,1.72267,0.776583,1.8131,14.677,0.0903152,,69,1.39847,0.161972,-0.38,
other_rate_hz,shuffle,drive0.5,10,11.397,7.14106,4.25595,4.02143,4.49048,1.59598,17.1836,11.7868,22.5804,16.4576,38.4237,16.2414,2.23066e-17,,100,3.74185,0.000182672,-1,
other_rate_hz,shuffle,drive1.5,10,11.397,14.8633,-3.46627,-3.72809,-3.20445,0.76679,-12.4413,-16.3952,-8.48741,-11.9156,-27.8196,17.9546,3.23777e-16,,0,-3.74185,0.000182672,1,
other_rate_hz,shuffle,synch,10,11.397,10.9358,0.46124,-0.10068,1.02316,1.04218,0.803741,-0.107484,1.71497,0.76978,1.79722,11.4931,0.0986018,,74,1.77643,0.0756616,-0.48,
other_rate_hz,randmat,decorr,10,11.3073,11.0772,0.23009,-0.121103,0.581283,1.02077,0.645628,-0.25344,1.5447,0.618348,1.44367,10.8976,0.176958,,68,1.32288,0.185877,-0.36,
other_rate_hz,randmat,drive0.5,10,11.3073,7.14106,4.16626,3.99527,4.33726,1.58342,22.9987,15.8178,30.1797,22.0269,51.4267,16.9075,5.12023e-20,,100,3.74185,0.000182672,-1,
other_rate_hz,randmat,drive1.5,10,11.3073,14.8633,-3.55596,-3.76796,-3.34396,0.760755,-16.0484,-21.0984,-10.9984,-15.3703,-35.8854,14.3826,1.75984e-15,,0,-3.74185,0.000182672,1,
other_rate_hz,randmat,synch,10,11.3073,10.9358,0.37155,-0.176765,0.919865,1.03398,0.677457,-0.223858,1.57877,0.648832,1.51484,9.76197,0.1615,,67,1.24728,0.212294,-0.34,
other_rate_hz,decorr,drive0.5,10,11.0772,7.14106,3.93617,3.57811,4.29424,1.5512,10.6991,7.26954,14.1286,10.247,23.9238,12.1269,1.41289e-11,,100,3.74185,0.000182672,-1,
other_rate_hz,decorr,drive1.5,10,11.0772,14.8633,-3.78605,-4.15896,-3.41314,0.745275,-9.72285,-12.8608,-6.58486,-9.31203,-21.741,14.2403,2.52e-12,,0,-3.74185,0.000182672,1,
other_rate_hz,decorr,synch,10,11.0772,10.9358,0.14146,-0.463279,0.746199,1.01294,0.222743,-0.656494,1.10198,0.213331,0.498068,15.1814,0.625574,,52,0.113389,0.909722,-0.04,
other_rate_hz,drive0.5,drive1.5,10,7.14106,14.8633,-7.72222,-7.9487,-7.49574,0.48045,-32.2212,-42.2449,-22.1976,-30.8598,-72.0489,16.6614,3.16662e-22,,0,-3.74185,0.000182672,1,
other_rate_hz,drive0.5,synch,10,7.14106,10.9358,-3.79471,-4.34672,-3.2427,0.653,-6.82501,-9.11449,-4.53552,-6.53663,-15.2612,10.2772,2.15063e-08,,0,-3.74185,0.000182672,1,
other_rate_hz,drive1.5,synch,10,14.8633,10.9358,3.92751,3.3676,4.48742,1.35914,6.88489,4.57825,9.19152,6.59397,15.3951,11.2623,6.46708e-09,,100,3.74185,0.000182672,-1,
ring_active_fraction,rest,flow,10,0,0.845588,-0.845588,-0.862945,-0.828231,0,-49.286,-64.5847,-33.9873,-47.2035,-110.207,9,2.11679e-15,,0,-4.01012,6.06871e-05,1,
ring_active_fraction,rest,self,10,0,0.838235,-0.838235,-0.848153,-0.828317,0,-85.5007,-112.012,-58.9898,-81.888,-191.185,9,1.49052e-17,,0,-4.03989,5.34771e-05,1,0.000249938
ring_active_fraction,rest,shuffle,10,0,0.848529,-0.848529,-0.858509,-0.838549,0,-86.0134,-112.683,-59.3436,-82.379,-192.332,9,1.41247e-17,,0,-4.02405,5.72064e-05,1,
ring_active_fraction,rest,randmat,10,0,0.85,-0.85,-0.870326,-0.829674,0,-42.3055,-55.4451,-29.1659,-40.5179,-94.598,9,8.35889e-15,,0,-4.01707,5.89269e-05,1,
ring_active_fraction,rest,decorr,10,0,0.835294,-0.835294,-0.850005,-0.820583,0,-57.442,-75.2647,-39.6193,-55.0148,-128.444,9,5.33916e-16,,0,-4.01359,5.9802e-05,1,
ring_active_fraction,rest,drive0.5,10,0,0.789706,-0.789706,-0.810183,-0.769229,0,-39.0155,-51.138,-26.8929,-37.3669,-87.2412,9,1.73091e-14,,0,-4.01881,5.84931e-05,1,
ring_active_fraction,rest,drive1.5,10,0,0.854412,-0.854412,-0.868827,-0.839996,0,-59.9605,-78.5628,-41.3582,-57.427,-134.076,9,3.62934e-16,,0,-4.01881,5.84931e-05,1,
ring_active_fraction,rest,synch,10,0,0.847059,-0.847059,-0.854414,-0.839703,0,-116.501,-152.615,-80.3868,-111.578,-260.504,9,9.21109e-19,,0,-4.05055,5.10973e-05,1,
ring_active_fraction,flow,self,10,0.845588,0.838235,0.0073531,-0.0115619,0.0262681,1.00877,0.372115,-0.511961,1.25619,0.356392,0.832074,14.3112,0.419036,0.838071,61.5,0.867844,0.38548,-0.23,0.356661
ring_active_fraction,flow,shuffle,10,0.845588,0.848529,-0.002941,-0.0218787,0.0159967,0.996534,-0.148605,-1.02634,0.729127,-0.142326,-0.33229,14.3648,0.744469,,47.5,-0.156011,0.876024,0.05,
ring_active_fraction,flow,randmat,10,0.845588,0.85,-0.0044118,-0.0292792,0.0204556,0.99481,-0.166984,-1.04503,0.711065,-0.159929,-0.373388,17.569,0.713327,,42,-0.580185,0.56179,0.16,
ring_active_fraction,flow,decorr,10,0.845588,0.835294,0.0102943,-0.0108774,0.031466,1.01232,0.457723,-0.430203,1.34565,0.438383,1.0235,17.5292,0.31999,,63.5,1.00329,0.315723,-0.27,
ring_active_fraction,flow,drive0.5,10,0.845588,0.789706,0.0558823,0.0309041,0.0808605,1.07076,2.10607,1.01325,3.1989,2.01709,4.70932,17.5296,0.000186967,,92.5,3.20517,0.00134984,-0.85,
ring_active_fraction,flow,drive1.5,10,0.845588,0.854412,-0.0088234,-0.0298287,0.0121819,0.989673,-0.395623,-1.28068,0.489433,-0.378906,-0.884639,17.4133,0.388403,,41,-0.659101,0.509831,0.18,
ring_active_fraction,flow,synch,10,0.845588,0.847059,-0.0014704,-0.0196053,0.0166645,0.998264,-0.0789102,-0.955774,0.797953,-0.075576,-0.176449,12.1317,0.862853,,50.5,0,1,-0.01,
ring_active_fraction,self,shuffle,10,0.838235,0.848529,-0.0102941,-0.0233616,0.00277344,0.987868,-0.740152,-1.64619,0.165885,-0.708878,-1.65503,17.9993,0.11525,0.34575,31,-1.47969,0.138956,0.38,0.180455
ring_active_fraction,self,randmat,10,0.838235,0.85,-0.0117649,-0.0333549,0.00982513,0.986159,-0.526247,-1.41781,0.365318,-0.504011,-1.17672,13.0558,0.260315,,28,-1.66714,0.0954868,0.44,0.208698
ring_active_fraction,self,decorr,10,0.838235,0.835294,0.0029412,-0.0137042,0.0195866,1.00352,0.167707,-0.710355,1.04577,0.160621,0.375005,15.7808,0.712649,0.838071,55,0.355756,0.722023,-0.1,0.786053
ring_active_fraction,self,drive0.5,10,0.838235,0.789706,0.0485292,0.0268009,0.0702575,1.06145,2.1578,1.05532,3.26027,2.06662,4.82498,13.0026,0.000331478,,92.5,3.24139,0.0011895,-0.85,0.000249938
ring_active_fraction,self,drive1.5,10,0.838235,0.854412,-0.0161765,-0.0325776,0.000224634,0.981067,-0.935253,-1.85845,-0.0120546,-0.895735,-2.09129,15.9607,0.0528526,,25.5,-1.89737,0.0577796,0.49,0.0749813
ring_active_fraction,self,synch,10,0.838235,0.847059,-0.0088235,-0.0203612,0.00271422,0.989583,-0.722897,-1.6276,0.181801,-0.692352,-1.61645,16.6009,0.12484,,33.5,-1.32453,0.185328,0.33,0.206948
ring_active_fraction,shuffle,randmat,10,0.848529,0.85,-0.0014708,-0.0230793,0.0201377,0.99827,-0.0657101,-0.942469,0.811049,-0.0629336,-0.146932,13.1011,0.885423,,39.5,-0.779744,0.435542,0.21,
ring_active_fraction,shuffle,decorr,10,0.848529,0.835294,0.0132353,-0.00343787,0.0299085,1.01585,0.753203,-0.153866,1.66027,0.721378,1.68421,15.8362,0.111744,,70,1.52294,0.127774,-0.4,
ring_active_fraction,shuffle,drive0.5,10,0.848529,0.789706,0.0588233,0.0370767,0.0805699,1.07449,2.6124,1.41921,3.8056,2.50202,5.84151,13.0474,5.68196e-05,,96.5,3.52531,0.000422985,-0.93,
ring_active_fraction,shuffle,drive1.5,10,0.848529,0.854412,-0.0058824,-0.0223119,0.0105471,0.993115,-0.339411,-1.22222,0.5434,-0.32507,-0.758947,16.0156,0.458909,,42.5,-0.553626,0.579835,0.15,
ring_active_fraction,shuffle,synch,10,0.848529,0.847059,0.0014706,-0.0101165,0.0130577,1.00174,0.12,-0.757311,0.997311,0.11493,0.268328,16.55,0.791763,,54.5,0.32405,0.7459,-0.09,
ring_active_fraction,randmat,decorr,10,0.85,0.835294,0.0147061,-0.00876115,0.0381733,1.01761,0.592938,-0.302637,1.48851,0.567885,1.32585,16.3986,0.203063,,71,1.57655,0.114898,-0.42,
ring_active_fraction,randmat,drive0.5,10,0.85,0.789706,0.0602941,0.0334979,0.0870903,1.07635,2.11411,1.0198,3.20843,2.02479,4.7273,17.999,0.000168117,,93,3.24333,0.00118143,-0.86,
ring_active_fraction,randmat,drive1.5,10,0.85,0.854412,-0.0044116,-0.0277376,0.0189144,0.994837,-0.1791,-1.05738,0.699178,-0.171533,-0.40048,16.2257,0.694027,,53,0.19447,0.845808,-0.06,
ring_active_fraction,randmat,synch,10,0.85,0.847059,0.0029414,-0.0180187,0.0239015,1.00347,0.13766,-0.7399,1.01522,0.131844,0.307818,11.3175,0.763812,,64.5,1.09603,0.273064,-0.29,
ring_active_fraction,decorr,drive0.5,10,0.835294,0.789706,0.045588,0.0219993,0.0691767,1.05773,1.82917,0.785319,2.87301,1.75188,4.09014,16.3361,0.000821391,,89,2.95855,0.00309095,-0.78,
ring_active_fraction,decorr,drive1.5,10,0.835294,0.854412,-0.0191177,-0.0382472,1.17814e-05,0.977625,-0.93901,-1.86257,-0.0154457,-0.899333,-2.09969,17.9926,0.0501269,,25.5,-1.8632,0.0624335,0.49,
ring_active_fraction,decorr,synch,10,0.835294,0.847059,-0.0117647,-0.0274439,0.00391451,0.986111,-0.723627,-1.62838,0.181127,-0.693052,-1.61808,13.2354,0.129219,,31,-1.4686,0.14194,0.38,
ring_active_fraction,drive0.5,drive1.5,10,0.789706,0.854412,-0.0647057,-0.0881543,-0.0412571,0.924269,-2.61399,-3.80751,-1.42046,-2.50354,-5.84506,16.1619,2.38779e-05,,3,-3.5554,0.000377409,0.94,
ring_active_fraction,drive0.5,synch,10,0.789706,0.847059,-0.0573527,-0.0784574,-0.036248,0.932292,-2.66668,-3.87135,-1.46201,-2.55401,-5.96288,11.2846,8.47886e-05,,2.5,-3.63154,0.000281738,0.95,
ring_active_fraction,drive1.5,synch,10,0.854412,0.847059,0.007353,-0.00805727,0.0227633,1.00868,0.459639,-0.428382,1.34766,0.440217,1.02778,13.3889,0.322263,,62,0.920582,0.357269,-0.24,
columnar_active_fraction,rest,flow,10,0,0.0541506,-0.0541506,-0.056508,-0.0517932,0,-23.2386,-30.4933,-15.9839,-22.2567,-51.9631,9,1.81847e-12,,0,-4.01012,6.06871e-05,1,
columnar_active_fraction,rest,self,10,0,0.0523166,-0.0523166,-0.054209,-0.0504242,0,-27.9679,-36.6794,-19.2565,-26.7862,-62.5382,9,3.44728e-13,,0,-4.00666,6.15822e-05,1,0.000249938
columnar_active_fraction,rest,shuffle,10,0,0.0545367,-0.0545367,-0.0585794,-0.050494,0,-13.6476,-17.9669,-9.32839,-13.071,-30.517,9,2.13256e-10,,0,-4.00149,6.29439e-05,1,
columnar_active_fraction,rest,randmat,10,0,0.0565637,-0.0565637,-0.062919,-0.0502085,0,-9.00415,-11.9289,-6.07935,-8.62369,-20.1339,9,8.56059e-09,,0,-4.00666,6.15822e-05,1,
columnar_active_fraction,rest,decorr,10,0,0.065251,-0.065251,-0.0734288,-0.0570731,0,-8.07206,-10.7227,-5.42142,-7.73098,-18.0497,9,2.23988e-08,,0,-3.99806,6.38644e-05,1,
columnar_active_fraction,rest,drive0.5,10,0,0.0425675,-0.0425675,-0.044786,-0.0403491,0,-19.4119,-25.4912,-13.3327,-18.5917,-43.4064,9,9.12888e-12,,0,-4.00149,6.29439e-05,1,
columnar_active_fraction,rest,drive1.5,10,0,0.0744209,-0.0744209,-0.0832603,-0.0655815,0,-8.51746,-11.2987,-5.73619,-8.15756,-19.0456,9,1.3969e-08,,0,-4.00149,6.29439e-05,1,
columnar_active_fraction,rest,synch,10,0,0.0521235,-0.0521235,-0.0546866,-0.0495605,0,-20.5738,-27.0096,-14.1381,-19.7045,-46.0045,9,5.42163e-12,,0,-4.00494,6.20335e-05,1,
columnar_active_fraction,flow,self,10,0.0541506,0.0523166,0.00183398,-0.000982994,0.00465095,1.03506,0.613754,-0.283167,1.51068,0.587821,1.3724,17.196,0.187577,0.375155,64.5,1.0688,0.28516,-0.29,0.210197
columnar_active_fraction,flow,shuffle,10,0.0541506,0.0545367,-0.00038611,-0.00480917,0.00403695,0.99292,-0.0834683,-0.960372,0.793436,-0.0799415,-0.186641,14.4863,0.854531,,49.5,0,1,0.01,
columnar_active_fraction,flow,randmat,10,0.0541506,0.0565637,-0.00241314,-0.00897805,0.00415177,0.957338,-0.360158,-1.24376,0.523442,-0.344941,-0.805339,11.4307,0.437056,,52,0.114911,0.908515,-0.04,
columnar_active_fraction,flow,decorr,10,0.0541506,0.065251,-0.0111004,-0.019431,-0.00276982,0.829882,-1.31948,-2.28669,-0.352268,-1.26372,-2.95044,10.4855,0.0138427,,20,-2.23588,0.0253595,0.6,
columnar_active_fraction,flow,drive0.5,10,0.0541506,0.0425675,0.011583,0.00857587,0.0145902,1.27211,3.61997,2.19632,5.04362,3.46702,8.0945,17.934,2.12746e-07,,100,3.75457,0.000173637,-1,
columnar_active_fraction,flow,drive1.5,10,0.0541506,0.0744209,-0.0202703,-0.0292486,-0.011292,0.727626,-2.24158,-3.36,-1.12317,-2.14687,-5.01233,10.2738,0.00048602,,0.5,-3.71806,0.000200762,0.99,
columnar_active_fraction,flow,synch,10,0.0541506,0.0521235,0.00202704,-0.00120868,0.00526276,1.03889,0.588888,-0.306431,1.48421,0.564005,1.31679,17.8755,0.204541,,68.5,1.37523,0.169062,-0.37,
columnar_active_fraction,self,shuffle,10,0.0523166,0.0545367,-0.00222009,-0.00649097,0.00205079,0.959292,-0.50317,-1.39345,0.387114,-0.481909,-1.12512,12.7636,0.28125,0.375155,36,-1.02631,0.304746,0.28,0.272682
columnar_active_fraction,self,randmat,10,0.0523166,0.0565637,-0.00424712,-0.0107299,0.0022357,0.924914,-0.647965,-1.54719,0.251265,-0.620586,-1.44889,10.5836,0.176341,,40,-0.722767,0.469823,0.2,0.209448
columnar_active_fraction,self,decorr,10,0.0523166,0.065251,-0.0129344,-0.0212065,-0.00466224,0.801775,-1.55889,-2.55972,-0.558052,-1.49302,-3.48578,9.96113,0.00589841,0.0176952,19.5,-2.27292,0.023031,0.61,0.00374906
columnar_active_fraction,self,drive0.5,10,0.0523166,0.0425675,0.00974905,0.00703611,0.012462,1.22903,3.38237,2.01599,4.74875,3.23946,7.56321,17.5636,6.31633e-07,,100,3.75173,0.000175616,-1,0.000249938
columnar_active_fraction,self,drive1.5,10,0.0523166,0.0744209,-0.0221043,-0.0310298,-0.0131787,0.702983,-2.47377,-3.63824,-1.3093,-2.36925,-5.53152,9.82328,0.000267041,,0,-3.75173,0.000175616,1,0.000249938
columnar_active_fraction,self,synch,10,0.0523166,0.0521235,0.00019306,-0.00278432,0.00317044,1.0037,0.0613038,-0.815425,0.938032,0.0587135,0.137079,16.5646,0.89262,,57,0.497949,0.61852,-0.14,0.902524
columnar_active_fraction,shuffle,randmat,10,0.0545367,0.0565637,-0.00202703,-0.00911346,0.0050594,0.964164,-0.272259,-1.15283,0.608315,-0.260755,-0.608789,15.2588,0.551621,,52,0.114339,0.908969,-0.04,
columnar_active_fraction,shuffle,decorr,10,0.0545367,0.065251,-0.0107143,-0.0194162,-0.00201236,0.835799,-1.18819,-2.13891,-0.237463,-1.13798,-2.65687,13.1509,0.0195941,,21,-2.15602,0.0310822,0.58,
columnar_active_fraction,shuffle,drive0.5,10,0.0545367,0.0425675,0.0119691,0.00759614,0.0163421,1.28118,2.62586,1.42983,3.82188,2.5149,5.87159,13.9697,4.09932e-05,,98.5,3.6353,0.000277659,-0.97,
columnar_active_fraction,shuffle,drive1.5,10,0.0545367,0.0744209,-0.0198842,-0.0291963,-0.0105721,0.732815,-2.06957,-3.15567,-0.983461,-1.98212,-4.62769,12.6072,0.000512344,,4.5,-3.40809,0.000654187,0.91,
columnar_active_fraction,shuffle,synch,10,0.0545367,0.0521235,0.00241315,-0.00209108,0.00691738,1.0463,0.510019,-0.38064,1.40068,0.488469,1.14044,15.2288,0.271723,,66,1.17567,0.239725,-0.32,
columnar_active_fraction,randmat,decorr,10,0.0565637,0.065251,-0.00868725,-0.0183483,0.000973751,0.866864,-0.848569,-1.76369,0.0665513,-0.812714,-1.89746,16.9655,0.0749208,,32,-1.32537,0.185049,0.36,
columnar_active_fraction,randmat,drive0.5,10,0.0565637,0.0425675,0.0139962,0.00745839,0.0205339,1.3288,2.10352,1.01117,3.19587,2.01464,4.70361,11.1612,0.000621415,,100,3.75173,0.000175616,-1,
columnar_active_fraction,randmat,drive1.5,10,0.0565637,0.0744209,-0.0178571,-0.0280421,-0.00767221,0.760052,-1.65938,-2.67562,-0.643147,-1.58927,-3.71049,16.3426,0.00184112,,8.5,-3.11221,0.00185695,0.83,
columnar_active_fraction,randmat,synch,10,0.0565637,0.0521235,0.00444018,-0.00216912,0.0110495,1.08519,0.655513,-0.244242,1.55527,0.627815,1.46577,11.8522,0.168732,,66,1.1806,0.237762,-0.32,
columnar_active_fraction,decorr,drive0.5,10,0.065251,0.0425675,0.0226834,0.0143721,0.0309948,1.53288,2.70824,1.4947,3.92178,2.5938,6.0558,10.3175,0.000107723,,100,3.74466,0.000180635,-1,
columnar_active_fraction,decorr,drive1.5,10,0.065251,0.0744209,-0.00916989,-0.0203585,0.00201876,0.876783,-0.770369,-1.67882,0.138083,-0.737819,-1.7226,17.8922,0.102201,,32,-1.32387,0.185546,0.36,
columnar_active_fraction,decorr,synch,10,0.065251,0.0521235,0.0131274,0.00476546,0.0214894,1.25185,1.54964,0.550184,2.5491,1.48416,3.4651,10.7512,0.0054623,,81,2.31167,0.0207956,-0.62,
columnar_active_fraction,drive0.5,drive1.5,10,0.0425675,0.0744209,-0.0318533,-0.0408143,-0.0228923,0.571984,-3.53595,-4.93917,-2.13273,-3.38654,-7.90662,10.1293,1.20781e-05,,0,-3.74749,0.000178614,1,
columnar_active_fraction,drive0.5,synch,10,0.0425675,0.0521235,-0.00955599,-0.0127088,-0.00640316,0.816667,-2.85194,-4.0967,-1.60719,-2.73144,-6.37714,17.6373,5.78542e-06,,0,-3.75032,0.000176611,1,
columnar_active_fraction,drive1.5,synch,10,0.0744209,0.0521235,0.0222973,0.0132907,0.0313039,1.42778,2.45097,1.29114,3.6108,2.34741,5.48054,10.5027,0.000226089,,99.5,3.71384,0.00020414,-0.99,
fanbody_active_fraction,rest,flow,10,0,0.142928,-0.142928,-0.146174,-0.139683,0,-44.5575,-58.3935,-30.7214,-42.6747,-99.6335,9,5.24339e-15,,0,-4.00322,6.24874e-05,1,
fanbody_active_fraction,rest,self,10,0,0.141597,-0.141597,-0.144744,-0.138451,0,-45.5236,-59.6585,-31.3888,-43.6001,-101.794,9,4.32344e-15,,0,-4.01707,5.89269e-05,1,0.000249938
fanbody_active_fraction,rest,shuffle,10,0,0.144093,-0.144093,-0.147561,-0.140625,0,-42.0331,-55.0885,-28.9777,-40.2571,-93.9889,9,8.85874e-15,,0,-4.00494,6.20335e-05,1,
fanbody_active_fraction,rest,randmat,10,0,0.142762,-0.142762,-0.146722,-0.138802,0,-36.4739,-47.811,-25.1368,-34.9328,-81.5582,9,3.17148e-14,,0,-4.00322,6.24874e-05,1,
fanbody_active_fraction,rest,decorr,10,0,0.136273,-0.136273,-0.142482,-0.130064,0,-22.2032,-29.1395,-15.2669,-21.265,-49.6479,9,2.73708e-12,,0,-4.00149,6.29439e-05,1,
fanbody_active_fraction,rest,drive0.5,10,0,0.0905158,-0.0905158,-0.0923078,-0.0887238,0,-51.1005,-66.9606,-35.2403,-48.9413,-114.264,9,1.52917e-15,,0,-4.00839,6.11334e-05,1,
fanbody_active_fraction,rest,drive1.5,10,0,0.188852,-0.188852,-0.193097,-0.184606,0,-45.0014,-58.9748,-31.0281,-43.1,-100.626,9,4.79612e-15,,0,-4.00149,6.29439e-05,1,
fanbody_active_fraction,rest,synch,10,0,0.172878,-0.172878,-0.188331,-0.157426,0,-11.318,-14.9333,-7.70273,-10.8398,-25.3079,9,1.12922e-09,,0,-3.99977,6.34029e-05,1,
fanbody_active_fraction,flow,self,10,0.142928,0.141597,0.0013311,-0.00286727,0.00552947,1.0094,0.29791,-0.583461,1.17928,0.285322,0.666146,17.9829,0.513773,0.513773,58.5,0.615241,0.538396,-0.17,0.55961
fanbody_active_fraction,flow,shuffle,10,0.142928,0.144093,-0.0011649,-0.00557736,0.00324756,0.991916,-0.248124,-1.12801,0.631764,-0.23764,-0.554823,17.9211,0.585874,,42.5,-0.532565,0.594335,0.15,
fanbody_active_fraction,flow,randmat,10,0.142928,0.142762,0.0001663,-0.00460162,0.00493422,1.00116,0.0328617,-0.84372,0.909443,0.0314732,0.0734811,17.3313,0.942265,,49,-0.0381276,0.969586,0.02,
fanbody_active_fraction,flow,decorr,10,0.142928,0.136273,0.0066555,-6.57207e-06,0.0133176,1.04884,0.961051,0.0353118,1.88679,0.920443,2.14898,13.5754,0.0501964,,76,1.93271,0.0532717,-0.52,
fanbody_active_fraction,flow,drive0.5,10,0.142928,0.0905158,0.0524126,0.0488984,0.0559268,1.57904,14.3035,9.78508,18.822,13.6992,31.9837,14.0218,1.66048e-14,,100,3.75457,0.000173637,-1,
fanbody_active_fraction,flow,drive1.5,10,0.142928,0.188852,-0.0459234,-0.0509109,-0.0409359,0.756828,-8.69413,-11.5274,-5.86085,-8.32677,-19.4407,16.8403,5.68999e-13,,0,-3.7489,0.000177611,1,
fanbody_active_fraction,flow,synch,10,0.142928,0.172878,-0.0299501,-0.0455474,-0.0143528,0.826756,-1.91892,-2.97813,-0.85971,-1.83784,-4.29083,9.79229,0.00166207,,9.5,-3.02942,0.00245027,0.81,
fanbody_active_fraction,self,shuffle,10,0.141597,0.144093,-0.002496,-0.00684804,0.00185604,0.982678,-0.539224,-1.43153,0.353085,-0.51644,-1.20574,17.8324,0.243673,0.487345,33,-1.25966,0.207794,0.34,0.231942
fanbody_active_fraction,self,randmat,10,0.141597,0.142762,-0.0011648,-0.00587935,0.00354975,0.991841,-0.232985,-1.11248,0.646507,-0.22314,-0.520969,17.1263,0.609059,,38.5,-0.841385,0.400132,0.23,0.624344
fanbody_active_fraction,self,decorr,10,0.141597,0.136273,0.0053244,-0.00130633,0.0119551,1.03907,0.773817,-0.134917,1.68255,0.741121,1.73031,13.3369,0.106633,0.319899,72,1.63511,0.102026,-0.44,0.117721
fanbody_active_fraction,self,drive0.5,10,0.141597,0.0905158,0.0510815,0.0476546,0.0545085,1.56434,14.2709,9.76234,18.7794,13.6679,31.9107,14.2821,1.10536e-14,,100,3.76599,0.000165888,-1,0.000249938
fanbody_active_fraction,self,drive1.5,10,0.141597,0.188852,-0.0472545,-0.0521923,-0.0423167,0.74978,-9.04637,-11.9836,-6.10909,-8.66413,-20.2283,16.5959,3.97869e-13,,0,-3.76027,0.00016973,1,0.000249938
fanbody_active_fraction,self,synch,10,0.141597,0.172878,-0.0312812,-0.0468693,-0.0156931,0.819057,-2.00674,-3.08146,-0.932014,-1.92195,-4.4872,9.74511,0.00124342,,9,-3.07892,0.0020775,0.82,0.000499875
fanbody_active_fraction,shuffle,randmat,10,0.144093,0.142762,0.0013312,-0.00356349,0.00622589,1.00932,0.255849,-0.624252,1.13595,0.245039,0.572096,17.6926,0.574455,,61,0.799152,0.424203,-0.22,
fanbody_active_fraction,shuffle,decorr,10,0.144093,0.136273,0.0078204,0.00108263,0.0145582,1.05739,1.11243,0.170551,2.05431,1.06543,2.48747,14.1174,0.0259685,,77,2.01845,0.0435449,-0.54,
fanbody_active_fraction,shuffle,drive0.5,10,0.144093,0.0905158,0.0535775,0.0498631,0.0572919,1.59191,13.8849,9.49366,18.2762,13.2982,31.0477,13.486,6.14003e-14,,100,3.756,0.000172654,-1,
fanbody_active_fraction,shuffle,drive1.5,10,0.144093,0.188852,-0.0447585,-0.0498643,-0.0396527,0.762997,-8.25991,-10.9655,-5.55427,-7.9109,-18.4697,17.3107,7.84884e-13,,0,-3.75032,0.000176611,1,
fanbody_active_fraction,shuffle,synch,10,0.144093,0.172878,-0.0287852,-0.0444047,-0.0131657,0.833495,-1.83877,-2.88424,-0.793306,-1.76108,-4.11162,9.90435,0.0021481,,9,-3.07076,0.00213514,0.82,
fanbody_active_fraction,randmat,decorr,10,0.142762,0.136273,0.0064892,-0.000438481,0.0134169,1.04762,0.89145,-0.0275771,1.81048,0.853783,1.99334,15.2816,0.0643908,,70.5,1.517,0.129267,-0.41,
fanbody_active_fraction,randmat,drive0.5,10,0.142762,0.0905158,0.0522463,0.0480799,0.0564127,1.57721,12.1609,8.2917,16.0302,11.6471,27.1927,12.5381,1.58904e-12,,100,3.75457,0.000173637,-1,
fanbody_active_fraction,randmat,drive1.5,10,0.142762,0.188852,-0.0460897,-0.0514833,-0.0406961,0.755948,-8.03155,-10.6703,-5.39276,-7.69219,-17.9591,17.9133,6.6905e-13,,0,-3.7489,0.000177611,1,
fanbody_active_fraction,randmat,synch,10,0.142762,0.172878,-0.0301164,-0.0457917,-0.0144411,0.825794,-1.90995,-2.9676,-0.852302,-1.82925,-4.27079,10.1769,0.00157137,,9,-3.06613,0.00216852,0.82,
fanbody_active_fraction,decorr,drive0.5,10,0.136273,0.0905158,0.0457571,0.0394317,0.0520825,1.50552,7.16295,4.77638,9.54952,6.86029,16.0168,10.489,1.03684e-08,,100,3.75315,0.000174624,-1,
fanbody_active_fraction,decorr,drive1.5,10,0.136273,0.188852,-0.0525789,-0.0596311,-0.0455267,0.721586,-7.07173,-9.43203,-4.71143,-6.77292,-15.8129,15.9059,3.78248e-11,,0,-3.74749,0.000178614,1,
fanbody_active_fraction,decorr,synch,10,0.136273,0.172878,-0.0366056,-0.0526709,-0.0205403,0.788258,-2.2237,-3.33868,-1.10872,-2.12974,-4.97235,11.8323,0.000337923,,3.5,-3.48251,0.000496729,0.93,
fanbody_active_fraction,drive0.5,drive1.5,10,0.0905158,0.188852,-0.098336,-0.10277,-0.093902,0.479295,-21.5882,-28.3355,-14.8409,-20.676,-48.2726,12.1082,3.23038e-15,,0,-3.75315,0.000174624,1,
fanbody_active_fraction,drive0.5,synch,10,0.0905158,0.172878,-0.0823627,-0.0978572,-0.0668682,0.52358,-5.35623,-7.23333,-3.47913,-5.12991,-11.9769,9.24202,6.16397e-07,,0,-3.75173,0.000175616,1,
fanbody_active_fraction,drive1.5,synch,10,0.188852,0.172878,0.0159733,0.000261102,0.0316855,1.0924,1.00838,0.077815,1.93894,0.965769,2.2548,10.351,0.0469349,,79.5,2.19799,0.0279501,-0.59,
other_active_fraction,rest,flow,10,0.0734417,0.439295,-0.365854,-0.374347,-0.35736,0.167181,-42.9529,-56.2928,-29.6131,-41.138,-96.0457,9.94582,4.3042e-16,,0,-3.77897,0.00015748,1,
other_active_fraction,rest,self,10,0.0734417,0.435772,-0.36233,-0.369279,-0.355382,0.168532,-51.6735,-67.711,-35.6361,-49.4901,-115.546,10.4264,1.51886e-17,,0,-3.77319,0.000161177,1,0.000249938
other_active_fraction,rest,shuffle,10,0.0734417,0.437398,-0.363956,-0.370561,-0.357351,0.167906,-54.4999,-71.4121,-37.5878,-52.1971,-121.866,10.5831,5.30298e-18,,0,-3.77752,0.000158398,1,
other_active_fraction,rest,randmat,10,0.0734417,0.442547,-0.369106,-0.376188,-0.362024,0.165952,-51.6826,-67.7228,-35.6423,-49.4988,-115.566,10.3717,1.79868e-17,,0,-3.77463,0.000160246,1,
other_active_fraction,rest,decorr,10,0.0734417,0.434959,-0.361517,-0.367737,-0.355298,0.168847,-57.3463,-75.1394,-39.5532,-54.9232,-128.23,10.792,1.58164e-18,,0,-3.77752,0.000158398,1,
other_active_fraction,rest,drive0.5,10,0.0734417,0.34065,-0.267209,-0.286155,-0.248262,0.215593,-14.2234,-18.7175,-9.7293,-13.6224,-31.8045,9.18711,1.03043e-10,,0,-3.77174,0.000162111,1,
other_active_fraction,rest,drive1.5,10,0.0734417,0.485366,-0.411924,-0.418607,-0.405241,0.151312,-60.9906,-79.9118,-42.0695,-58.4135,-136.379,10.5453,1.82624e-18,,0,-3.77463,0.000160246,1,
other_active_fraction,rest,synch,10,0.0734417,0.450407,-0.376965,-0.389714,-0.364215,0.163057,-29.7122,-38.9615,-20.4628,-28.4567,-66.4384,9.41523,6.69065e-14,,0,-3.77174,0.000162111,1,
other_active_fraction,flow,self,10,0.439295,0.435772,0.0035232,-0.00655862,0.013605,1.00808,0.329325,-0.553119,1.21177,0.315409,0.736392,17.2789,0.471372,1,58.5,0.609342,0.542298,-0.17,0.471132
other_active_fraction,flow,shuffle,10,0.439295,0.437398,0.0018972,-0.00799763,0.011792,1.00434,0.180987,-0.697328,1.0593,0.17334,0.4047,16.9061,0.690773,,53,0.192039,0.847712,-0.06,
other_active_fraction,flow,randmat,10,0.439295,0.442547,-0.003252,-0.013409,0.00690504,0.992652,-0.301563,-1.18305,0.579928,-0.288821,-0.674315,17.4027,0.50897,,40.5,-0.688406,0.491197,0.19,
other_active_fraction,flow,decorr,10,0.439295,0.434959,0.0043362,-0.00536049,0.0140329,1.00997,0.423114,-0.463162,1.30939,0.405236,0.946112,16.3999,0.357824,,61,0.802523,0.422251,-0.22,
other_active_fraction,flow,drive0.5,10,0.439295,0.34065,0.098645,0.0787924,0.118498,1.28958,4.82362,3.09076,6.55647,4.6198,10.7859,12.4183,1.1439e-07,,100,3.75173,0.000175616,-1,
other_active_fraction,flow,drive1.5,10,0.439295,0.485366,-0.0460707,-0.0560072,-0.0361342,0.90508,-4.37479,-5.9892,-2.76038,-4.18994,-9.78233,16.9975,2.13856e-08,,0,-3.75457,0.000173637,1,
other_active_fraction,flow,synch,10,0.439295,0.450407,-0.0111113,-0.0254002,0.00317756,0.975331,-0.738702,-1.64462,0.167222,-0.707489,-1.65179,15.6153,0.118541,,29,-1.55788,0.119263,0.42,
other_active_fraction,self,shuffle,10,0.435772,0.437398,-0.001626,-0.0103662,0.00711424,0.996283,-0.174827,-1.05302,0.703368,-0.16744,-0.390926,17.9499,0.700453,1,41.5,-0.609575,0.542144,0.17,0.737566
other_active_fraction,self,randmat,10,0.435772,0.442547,-0.0067752,-0.0158318,0.00228143,0.98469,-0.702898,-1.60608,0.200285,-0.673198,-1.57173,17.993,0.133432,,29,-1.56025,0.118701,0.42,0.150462
other_active_fraction,self,decorr,10,0.435772,0.434959,0.000813,-0.00768482,0.00931082,1.00187,0.0899752,-0.786991,0.966941,0.0861735,0.201191,17.7633,0.842835,1,54.5,0.305723,0.759816,-0.09,0.889028
other_active_fraction,self,drive0.5,10,0.435772,0.34065,0.0951218,0.0756277,0.114616,1.27924,4.78708,3.06398,6.51018,4.58481,10.7042,11.3073,2.92205e-07,,100,3.74608,0.000179623,-1,0.000249938
other_active_fraction,self,drive1.5,10,0.435772,0.485366,-0.0495939,-0.0583847,-0.0408031,0.897822,-5.30122,-7.16327,-3.43918,-5.07723,-11.8539,17.9704,6.26792e-10,,0,-3.7489,0.000177611,1,0.000249938
other_active_fraction,self,synch,10,0.435772,0.450407,-0.0146345,-0.0283143,-0.00095475,0.967508,-1.02747,-1.96003,-0.0949049,-0.984055,-2.29749,13.8069,0.0377659,,22.5,-2.04563,0.040793,0.55,0.0357411
other_active_fraction,shuffle,randmat,10,0.437398,0.442547,-0.0051492,-0.0139834,0.00368498,0.988365,-0.547851,-1.44066,0.344963,-0.524702,-1.22503,17.9058,0.236435,,37.5,-0.918937,0.358129,0.25,
other_active_fraction,shuffle,decorr,10,0.437398,0.434959,0.002439,-0.00581204,0.01069,1.00561,0.277812,-0.602928,1.15855,0.266074,0.621207,17.9289,0.542281,,66.5,1.21962,0.222611,-0.33,
other_active_fraction,shuffle,drive0.5,10,0.437398,0.34065,0.0967478,0.0773202,0.116175,1.28401,4.89733,3.14473,6.64993,4.6904,10.9508,11.0824,2.7688e-07,,100,3.75032,0.000176611,-1,
other_active_fraction,shuffle,drive1.5,10,0.437398,0.485366,-0.0479679,-0.0565252,-0.0394106,0.901172,-5.26676,-7.11939,-3.41414,-5.04422,-11.7768,17.9973,6.83529e-10,,0,-3.75315,0.000174624,1,
other_active_fraction,shuffle,synch,10,0.437398,0.450407,-0.0130085,-0.0265736,0.000556594,0.971118,-0.923774,-1.84586,-0.00168646,-0.884741,-2.06562,13.3892,0.0587847,,25,-1.86256,0.0625244,0.5,
other_active_fraction,randmat,decorr,10,0.442547,0.434959,0.0075882,-0.00100775,0.0161841,1.01745,0.830495,-0.0830317,1.74402,0.795403,1.85704,17.6782,0.0800469,,77.5,2.05653,0.0397315,-0.55,
other_active_fraction,randmat,drive0.5,10,0.442547,0.34065,0.101897,0.0823758,0.121418,1.29912,5.11615,3.30451,6.92779,4.89997,11.4401,11.3971,1.35488e-07,,100,3.74749,0.000178614,-1,
other_active_fraction,randmat,drive1.5,10,0.442547,0.485366,-0.0428187,-0.0517026,-0.0339348,0.911781,-4.52969,-6.18461,-2.87476,-4.33829,-10.1287,17.9347,7.6006e-09,,0,-3.75032,0.000176611,1,
other_active_fraction,randmat,synch,10,0.442547,0.450407,-0.0078593,-0.0215857,0.00586708,0.982551,-0.549309,-1.44221,0.343591,-0.526098,-1.22829,13.9693,0.239631,,33,-1.25152,0.210743,0.34,
other_active_fraction,decorr,drive0.5,10,0.434959,0.34065,0.0943088,0.0749503,0.113667,1.27685,4.80384,3.07627,6.53142,4.60086,10.7417,10.8411,4.09307e-07,,100,3.75032,0.000176611,-1,
other_active_fraction,decorr,drive1.5,10,0.434959,0.485366,-0.0504069,-0.0587133,-0.0421005,0.896147,-5.70401,-7.67706,-3.73097,-5.463,-12.7546,17.8988,2.02305e-10,,0,-3.75315,0.000174624,1,
other_active_fraction,decorr,synch,10,0.434959,0.450407,-0.0154475,-0.0288931,-0.00200193,0.965703,-1.11066,-2.05233,-0.168978,-1.06373,-2.4835,12.9245,0.0275221,,19,-2.31606,0.0205552,0.62,
other_active_fraction,drive0.5,drive1.5,10,0.34065,0.485366,-0.144716,-0.164158,-0.125273,0.701842,-7.31591,-9.74663,-4.88519,-7.00678,-16.3589,11.1327,3.90181e-09,,0,-3.74749,0.000178614,1,
other_active_fraction,drive0.5,synch,10,0.34065,0.450407,-0.109756,-0.131124,-0.0883883,0.756317,-4.87619,-6.62313,-3.12926,-4.67016,-10.9035,15.7402,9.64893e-09,,0,-3.74466,0.000180635,1,
other_active_fraction,drive1.5,synch,10,0.485366,0.450407,0.0349594,0.0213689,0.0485499,1.07762,2.47623,1.31126,3.6412,2.3716,5.53701,13.4839,8.39671e-05,,99,3.67594,0.000236974,-0.98,
pair_corr,rest,flow,10,0,0.00219804,-0.00219804,-0.00356269,-0.000833394,0,-1.62949,-2.64107,-0.617915,-1.56064,-3.64366,9,0.00537021,,20,-2.38268,0.0171871,0.6,
pair_corr,rest,self,10,0,0.00249571,-0.00249571,-0.00350758,-0.00148383,0,-2.4952,-3.66406,-1.32635,-2.38977,-5.57944,9,0.000343197,,10,-3.19037,0.00142091,0.8,0.000499875
pair_corr,rest,shuffle,10,0,0.00250781,-0.00250781,-0.00365911,-0.00135651,0,-2.20365,-3.3148,-1.0925,-2.11054,-4.92752,9,0.00081612,,10,-3.19037,0.00142091,0.8,
pair_corr,rest,randmat,10,0,0.00323056,-0.00323056,-0.0045671,-0.00189403,0,-2.44532,-3.604,-1.28663,-2.34199,-5.46789,9,0.000396342,,0,-3.99806,6.38644e-05,1,
pair_corr,rest,decorr,10,0,0.0018977,-0.0018977,-0.00298518,-0.000810222,0,-1.76541,-2.79866,-0.732158,-1.69081,-3.94757,9,0.00336708,,0,-3.99806,6.38644e-05,1,
pair_corr,rest,drive0.5,10,0,0.0017052,-0.0017052,-0.00301574,-0.000394669,0,-1.31633,-2.28313,-0.349535,-1.26071,-2.94341,9,0.0163956,,20,-2.38268,0.0171871,0.6,
pair_corr,rest,drive1.5,10,0,0.00356787,-0.00356787,-0.00459161,-0.00254413,0,-3.5258,-4.92657,-2.12503,-3.37682,-7.88393,9,2.48716e-05,,0,-3.99806,6.38644e-05,1,
pair_corr,rest,synch,10,0,0.00567465,-0.00567465,-0.0063096,-0.00503971,0,-9.0415,-11.9773,-6.10566,-8.65947,-20.2174,9,8.25351e-09,,0,-3.99806,6.38644e-05,1,
pair_corr,flow,self,10,0.00219804,0.00249571,-0.000297662,-0.00188504,0.00128972,0.88073,-0.177256,-1.0555,0.700986,-0.169766,-0.396357,16.5993,0.696891,1,41,-0.64254,0.520523,0.18,0.696576
pair_corr,flow,shuffle,10,0.00219804,0.00250781,-0.000309765,-0.00197132,0.00135179,0.87648,-0.17552,-1.05373,0.702689,-0.168104,-0.392475,17.5037,0.699446,,44,-0.415761,0.677585,0.12,
pair_corr,flow,randmat,10,0.00219804,0.00323056,-0.00103252,-0.00280656,0.000741523,0.680391,-0.546855,-1.43961,0.3459,-0.523749,-1.22281,17.9922,0.237179,,34,-1.17169,0.241322,0.32,
pair_corr,flow,decorr,10,0.00219804,0.0018977,0.000300344,-0.00132605,0.00192674,1.15827,0.17413,-0.704052,1.05231,0.166772,0.389366,17.1457,0.701799,,54,0.264575,0.791337,-0.08,
pair_corr,flow,drive0.5,10,0.00219804,0.0017052,0.000492842,-0.00126454,0.00225022,1.28902,0.263523,-0.616796,1.14384,0.252388,0.589254,17.9706,0.563026,,60,0.718132,0.472676,-0.2,
pair_corr,flow,drive1.5,10,0.00219804,0.00356787,-0.00136983,-0.00296314,0.000223477,0.616065,-0.812334,-1.72429,0.0996225,-0.77801,-1.81643,16.6934,0.0873043,,26,-1.77643,0.0756616,0.48,
pair_corr,flow,synch,10,0.00219804,0.00567465,-0.00347661,-0.00491721,-0.00203601,0.387344,-2.33679,-3.47376,-1.19981,-2.23805,-5.22521,12.7223,0.000175756,,5,-3.36388,0.000768539,0.9,
pair_corr,self,shuffle,10,0.00249571,0.00250781,-1.21029e-05,-0.00143731,0.0014131,0.995174,-0.00798823,-0.884514,0.868538,-0.0076507,-0.0178622,17.7082,0.985948,1,54,0.264575,0.791337,-0.08,0.983754
pair_corr,self,randmat,10,0.00249571,0.00323056,-0.000734856,-0.0023,0.000830285,0.77253,-0.443476,-1.33071,0.443755,-0.424738,-0.991643,16.7659,0.335468,,36,-1.0205,0.307489,0.28,0.325919
pair_corr,self,decorr,10,0.00249571,0.0018977,0.000598006,-0.000782058,0.00197807,1.31512,0.407279,-0.478284,1.29284,0.39007,0.910704,17.9073,0.374548,1,64,1.0205,0.307489,-0.28,0.372657
pair_corr,self,drive0.5,10,0.00249571,0.0017052,0.000790503,-0.000754284,0.00233529,1.46358,0.483011,-0.406201,1.37222,0.462602,1.08004,16.917,0.29528,,65,1.0961,0.273036,-0.3,0.283429
pair_corr,self,drive1.5,10,0.00249571,0.00356787,-0.00107217,-0.00240901,0.000264669,0.699494,-0.753553,-1.66065,0.153545,-0.721712,-1.68499,17.9976,0.109251,,29,-1.54965,0.121225,0.42,0.113222
pair_corr,self,synch,10,0.00249571,0.00567465,-0.00317895,-0.00430363,-0.00205427,0.439799,-2.69217,-3.90228,-1.48207,-2.57842,-6.01988,15.1362,2.25849e-05,,0,-3.74185,0.000182672,1,0.000249938
pair_corr,shuffle,randmat,10,0.00250781,0.00323056,-0.000722753,-0.00236364,0.000918131,0.776276,-0.414496,-1.30038,0.471389,-0.396982,-0.926841,17.6137,0.366536,,35,-1.0961,0.273036,0.3,
pair_corr,shuffle,decorr,10,0.00250781,0.0018977,0.000610109,-0.000861053,0.00208127,1.3215,0.389738,-0.495067,1.27454,0.37327,0.871481,17.9418,0.395004,,64,1.0205,0.307489,-0.28,
pair_corr,shuffle,drive0.5,10,0.00250781,0.0017052,0.000802606,-0.000819407,0.00242462,1.47068,0.465468,-0.422844,1.35378,0.4458,1.04082,17.7062,0.311964,,63,0.944911,0.344704,-0.26,
pair_corr,shuffle,drive1.5,10,0.00250781,0.00356787,-0.00106007,-0.00249229,0.000372158,0.702886,-0.696101,-1.59878,0.206576,-0.666689,-1.55653,17.7574,0.137225,,32,-1.32288,0.185877,0.36,
pair_corr,shuffle,synch,10,0.00250781,0.00567465,-0.00316685,-0.00441332,-0.00192037,0.441932,-2.43675,-3.5937,-1.2798,-2.33379,-5.44874,14.0112,8.5513e-05,,2,-3.59066,0.000329839,0.96,
pair_corr,randmat,decorr,10,0.00323056,0.0018977,0.00133286,-0.000272143,0.00293787,1.70236,0.782569,-0.126885,1.69202,0.749503,1.74988,17.2853,0.0978696,,70,1.47406,0.140465,-0.4,
pair_corr,randmat,drive0.5,10,0.00323056,0.0017052,0.00152536,-0.000213124,0.00326384,1.89453,0.824401,-0.0885947,1.7374,0.789567,1.84342,17.9931,0.0818034,,73,1.70084,0.088973,-0.46,
pair_corr,randmat,drive1.5,10,0.00323056,0.00356787,-0.000337312,-0.00190851,0.00123389,0.905459,-0.202694,-1.08146,0.676076,-0.194129,-0.453238,16.8563,0.656158,,46,-0.264575,0.791337,0.08,
pair_corr,randmat,synch,10,0.00323056,0.00567465,-0.00244409,-0.00385871,-0.00102948,0.569297,-1.67103,-2.6891,-0.652964,-1.60042,-3.73654,12.8655,0.00253291,,9,-3.06151,0.00220222,0.82,
pair_corr,decorr,drive0.5,10,0.0018977,0.0017052,0.000192497,-0.00139296,0.00177795,1.11289,0.114355,-0.762884,0.991594,0.109523,0.255706,17.4078,0.801175,,57,0.491354,0.623176,-0.14,
pair_corr,decorr,drive1.5,10,0.0018977,0.00356787,-0.00167017,-0.00305762,-0.000282728,0.531885,-1.13132,-2.07535,-0.187279,-1.08351,-2.5297,17.9347,0.0210085,,20,-2.22999,0.0257481,0.6,
pair_corr,decorr,synch,10,0.0018977,0.00567465,-0.00377695,-0.00496706,-0.00258685,0.334417,-3.03431,-4.31981,-1.74882,-2.9061,-6.78493,14.4974,7.34557e-06,,3,-3.51507,0.000439639,0.94,
pair_corr,drive0.5,drive1.5,10,0.0017052,0.00356787,-0.00186267,-0.00341365,-0.000311697,0.477932,-1.13314,-2.07739,-0.188894,-1.08526,-2.53378,17.0036,0.0214097,,18,-2.38118,0.0172575,0.64,
pair_corr,drive0.5,synch,10,0.0017052,0.00567465,-0.00396945,-0.00536012,-0.00257878,0.300494,-2.75761,-3.98178,-1.53344,-2.64109,-6.16621,13.0046,3.39282e-05,,4,-3.43948,0.00058284,0.92,
pair_corr,drive1.5,synch,10,0.00356787,0.00567465,-0.00210678,-0.00324162,-0.000971936,0.628739,-1.76927,-2.80315,-0.735384,-1.69451,-3.9562,15.0316,0.00126268,,9,-3.06151,0.00220222,0.82,
tau_ms,rest,flow,10,34.9742,166.709,-131.734,-147.191,-116.278,0.209792,-8.58295,-11.3835,-5.78242,-8.22029,-19.1921,9.27909,8.77803e-09,,0,-3.74185,0.000182672,1,
tau_ms,rest,self,10,34.9742,139.886,-104.912,-115.939,-93.8848,0.250019,-9.5411,-12.625,-6.45715,-9.13795,-21.3345,9.5515,2.22353e-09,,0,-3.74185,0.000182672,1,0.000249938
tau_ms,rest,shuffle,10,34.9742,155.516,-120.542,-136.637,-104.447,0.224891,-7.54476,-10.0418,-5.04776,-7.22597,-16.8706,9.25726,2.89719e-08,,0,-3.74185,0.000182672,1,
tau_ms,rest,randmat,10,34.9742,167.356,-132.382,-152.824,-111.94,0.20898,-6.53426,-8.74078,-4.32774,-6.25817,-14.6111,9.15915,1.17622e-07,,0,-3.74185,0.000182672,1,
tau_ms,rest,decorr,10,34.9742,74.143,-39.1688,-48.1664,-30.1713,0.471712,-4.34783,-5.95522,-2.74043,-4.16412,-9.72203,9.83312,2.33817e-06,,0,-3.74185,0.000182672,1,
tau_ms,rest,drive0.5,10,34.9742,125.031,-90.0563,-98.8488,-81.2638,0.279725,-10.2239,-13.5112,-6.9365,-9.79186,-22.8612,9.87314,7.04055e-10,,0,-3.74185,0.000182672,1,
tau_ms,rest,drive1.5,10,34.9742,180.843,-145.869,-164.606,-127.132,0.193395,-7.85127,-10.4374,-5.26511,-7.51953,-17.556,9.18956,2.21571e-08,,0,-3.74185,0.000182672,1,
tau_ms,rest,synch,10,34.9742,75.0046,-40.0304,-59.6021,-20.4587,0.466294,-2.06323,-3.14817,-0.97828,-1.97605,-4.61352,9.17367,0.00120396,,0,-3.74185,0.000182672,1,
tau_ms,flow,self,10,166.709,139.886,26.8226,9.12638,44.5188,1.19175,1.4352,0.45229,2.4181,1.37455,3.2092,16.2488,0.00538503,0.0107701,85,2.60795,0.0091085,-0.7,0.00374906
tau_ms,flow,shuffle,10,166.709,155.516,11.1926,-9.47246,31.8577,1.07197,0.508945,-0.381655,1.39954,0.48744,1.13804,17.9702,0.270052,,64,1.0205,0.307489,-0.28,
tau_ms,flow,randmat,10,166.709,167.356,-0.6479,-24.5236,23.2278,0.996129,-0.0256339,-0.902192,0.850925,-0.0245508,-0.0573191,16.7451,0.954969,,55,0.340168,0.73373,-0.1,
tau_ms,flow,decorr,10,166.709,74.143,92.5655,75.7353,109.396,2.24847,5.2613,3.41017,7.11244,5.039,11.7646,14.4132,8.79101e-09,,100,3.74185,0.000182672,-1,
tau_ms,flow,drive0.5,10,166.709,125.031,41.678,24.9235,58.4325,1.33334,2.38271,1.23662,3.52879,2.28203,5.32789,14.2112,0.000101368,,95,3.36388,0.000768539,-0.9,
tau_ms,flow,drive1.5,10,166.709,180.843,-14.1346,-36.6952,8.42604,0.921841,-0.590195,-1.4856,0.305207,-0.565257,-1.31972,17.3658,0.204065,,32,-1.32288,0.185877,0.36,
tau_ms,flow,synch,10,166.709,75.0046,91.7039,68.5073,114.901,2.22264,3.72889,2.27849,5.17928,3.57133,8.33805,17.0739,2.00295e-07,,99,3.66626,0.000246128,-0.98,
tau_ms,self,shuffle,10,139.886,155.516,-15.63,-33.8508,2.59076,0.899496,-0.813696,-1.72577,0.0983775,-0.779314,-1.81948,15.8928,0.0877275,0.0877275,31,-1.39847,0.161972,0.38,0.0904774
tau_ms,self,randmat,10,139.886,167.356,-27.4705,-49.4618,-5.47924,0.835856,-1.19986,-2.15199,-0.247732,-1.14916,-2.68298,13.7916,0.0180272,,18,-2.38118,0.0172575,0.64,0.00924769
tau_ms,self,decorr,10,139.886,74.143,65.7429,52.5878,78.898,1.8867,4.70951,3.00706,6.41196,4.51051,10.5308,17.281,6.10248e-09,1.83074e-08,100,3.74185,0.000182672,-1,0.000249938
tau_ms,self,drive0.5,10,139.886,125.031,14.8554,1.81227,27.8985,1.11881,1.07405,0.136462,2.01165,1.02867,2.40166,17.1221,0.0279424,,79,2.1544,0.031209,-0.58,0.0264934
tau_ms,self,drive1.5,10,139.886,180.843,-40.9572,-61.4344,-20.48,0.773521,-1.91194,-2.96994,-0.853948,-1.83116,-4.27524,14.5295,0.000710671,,10,-2.98592,0.00282727,0.8,0.000499875
tau_ms,self,synch,10,139.886,75.0046,64.8813,43.6675,86.0952,1.86503,2.93061,1.66843,4.19279,2.80679,6.55305,14.1534,1.2177e-05,,97,3.51507,0.000439639,-0.94,0.000249938
tau_ms,shuffle,randmat,10,155.516,167.356,-11.8405,-36.0475,12.3665,0.92925,-0.461408,-1.34952,0.426701,-0.441912,-1.03174,17.0529,0.316606,,40,-0.718132,0.472676,0.2,
tau_ms,shuffle,decorr,10,155.516,74.143,81.3729,63.9767,98.769,2.09751,4.4847,2.84159,6.12782,4.29521,10.0281,14.0663,8.64662e-08,,100,3.74185,0.000182672,-1,
tau_ms,shuffle,drive0.5,10,155.516,125.031,30.4854,13.1611,47.8097,1.24382,1.68933,0.668364,2.71029,1.61795,3.77745,13.8711,0.00207062,,87,2.75914,0.00579536,-0.74,
tau_ms,shuffle,drive1.5,10,155.516,180.843,-25.3272,-48.2495,-2.40492,0.859949,-1.03985,-1.97373,-0.105967,-0.995911,-2.32517,17.5958,0.032245,,23,-2.00321,0.0451546,0.54,
tau_ms,shuffle,synch,10,155.516,75.0046,80.5113,56.9683,104.054,2.07342,3.22175,1.89317,4.55033,3.08562,7.20406,17.3469,1.30993e-06,,98,3.59066,0.000329839,-0.96,
tau_ms,randmat,decorr,10,167.356,74.143,93.2134,71.8274,114.599,2.25721,4.23514,2.6569,5.81338,4.05619,9.47006,12.3111,5.24024e-07,,100,3.74185,0.000182672,-1,
tau_ms,randmat,drive0.5,10,167.356,125.031,42.3259,20.9919,63.6599,1.33852,1.9302,0.869023,2.99137,1.84864,4.31605,12.1687,0.000971935,,93,3.2127,0.00131494,-0.86,
tau_ms,randmat,drive1.5,10,167.356,180.843,-13.4867,-39.2049,12.2315,0.925423,-0.492978,-1.38271,0.396759,-0.472147,-1.10233,17.8641,0.284948,,35,-1.0961,0.273036,0.3,
tau_ms,randmat,synch,10,167.356,75.0046,92.3518,66.1129,118.591,2.23128,3.30738,1.95875,4.65601,3.16763,7.39553,17.9658,7.45098e-07,,99,3.66626,0.000246128,-0.98,
tau_ms,decorr,drive0.5,10,74.143,125.031,-50.8875,-62.4546,-39.3204,0.592999,-4.13361,-5.68578,-2.58144,-3.95895,-9.24303,17.99,2.97109e-08,,0,-3.74185,0.000182672,1,
tau_ms,decorr,drive1.5,10,74.143,180.843,-106.7,-126.498,-86.9025,0.409985,-5.21175,-7.04937,-3.37412,-4.99153,-11.6538,12.8868,3.24703e-08,,0,-3.74185,0.000182672,1,
tau_ms,decorr,synch,10,74.143,75.0046,-0.86155,-21.4338,19.7107,0.988513,-0.0405961,-0.917209,0.836017,-0.0388807,-0.0907755,12.5893,0.929099,,56,0.415761,0.677585,-0.12,
tau_ms,drive0.5,drive1.5,10,125.031,180.843,-55.8126,-75.5516,-36.0736,0.691376,-2.73784,-3.95774,-1.51794,-2.62216,-6.122,12.7243,4.00456e-05,,1,-3.66626,0.000246128,0.98,
tau_ms,drive0.5,synch,10,125.031,75.0046,50.0259,29.5089,70.543,1.66697,2.36661,1.22373,3.50949,2.26661,5.2919,12.4369,0.000169262,,92,3.13711,0.00170625,-0.84,
tau_ms,drive1.5,synch,10,180.843,75.0046,105.839,80.722,130.955,2.41109,3.95976,2.45174,5.46777,3.79244,8.85428,17.9656,5.70043e-08,,100,3.74185,0.000182672,-1,
dim,rest,flow,10,23.6731,43.1166,-19.4435,-21.6059,-17.2811,0.549049,-8.92901,-11.8316,-6.02642,-8.55173,-19.9659,10.2611,1.51135e-09,,0,-3.74185,0.000182672,1,
dim,rest,self,10,23.6731,43.0953,-19.4222,-22.0536,-16.7908,0.54932,-7.37039,-9.81687,-4.92392,-7.05897,-16.4807,9.84463,1.70921e-08,,0,-3.74185,0.000182672,1,0.000249938
dim,rest,shuffle,10,23.6731,43.459,-19.7859,-22.9249,-16.6468,0.544723,-6.31733,-8.46233,-4.17234,-6.05041,-14.126,9.59048,9.75647e-08,,0,-3.74185,0.000182672,1,
dim,rest,randmat,10,23.6731,42.3894,-18.7163,-21.02,-16.4125,0.558468,-8.08376,-10.7378,-5.4297,-7.74219,-18.0758,10.1078,4.99435e-09,,0,-3.74185,0.000182672,1,
dim,rest,decorr,10,23.6731,44.8676,-21.1945,-25.8398,-16.5493,0.527621,-4.59564,-6.26794,-2.92334,-4.40146,-10.2762,9.26782,2.2689e-06,,0,-3.74185,0.000182672,1,
dim,rest,drive0.5,10,23.6731,38.0875,-14.4144,-18.3354,-10.4934,0.621545,-3.69646,-5.13886,-2.25406,-3.54027,-8.26553,9.37677,1.32318e-05,,0,-3.74185,0.000182672,1,
dim,rest,drive1.5,10,23.6731,47.1917,-23.5186,-27.4991,-19.5382,0.501637,-5.9421,-7.98152,-3.90269,-5.69103,-13.2869,9.36551,2.17116e-07,,0,-3.74185,0.000182672,1,
dim,rest,synch,10,23.6731,23.3803,0.29278,-0.926207,1.51177,1.01252,0.231817,-0.647645,1.11128,0.222022,0.518358,13.131,0.612832,,45,-0.340168,0.73373,0.1,
dim,flow,self,10,43.1166,43.0953,0.02129,-3.11256,3.15514,1.00049,0.00640114,-0.870124,0.882926,0.00613067,0.0143134,17.3138,0.988744,1,51,0.0377964,0.96985,-0.02,0.988753
dim,flow,shuffle,10,43.1166,43.459,-0.34239,-3.88235,3.19757,0.992122,-0.0917458,-0.968729,0.785238,-0.0878692,-0.20515,15.8955,0.840059,,53,0.188982,0.850107,-0.06,
dim,flow,randmat,10,43.1166,42.3894,0.72723,-2.16631,3.62077,1.01716,0.236211,-0.643363,1.11579,0.22623,0.528184,17.9236,0.60385,,57,0.491354,0.623176,-0.14,
dim,flow,decorr,10,43.1166,44.8676,-1.75105,-6.63312,3.13102,0.960973,-0.347528,-1.23064,0.535587,-0.332843,-0.777095,12.642,0.451399,,40,-0.718132,0.472676,0.2,
dim,flow,drive0.5,10,43.1166,38.0875,5.02909,0.81029,9.24789,1.13204,1.14403,0.198524,2.08954,1.09569,2.55813,13.9185,0.0228362,,83,2.45677,0.0140193,-0.66,
dim,flow,drive1.5,10,43.1166,47.1917,-4.07512,-8.34738,0.197142,0.913648,-0.916198,-1.83756,0.00516301,-0.877486,-2.04868,13.7943,0.0600178,,28,-1.62525,0.10411,0.44,
dim,flow,synch,10,43.1166,23.3803,19.7363,17.4407,22.0319,1.84414,8.25712,5.5523,10.9619,7.90823,18.4635,13.8105,3.95751e-11,,100,3.74185,0.000182672,-1,
dim,self,shuffle,10,43.0953,43.459,-0.36368,-4.14568,3.41832,0.991632,-0.0905537,-0.967525,0.786418,-0.0867275,-0.202484,17.4494,0.84188,1,46,-0.264575,0.791337,0.08,0.84129
dim,self,randmat,10,43.0953,42.3894,0.70594,-2.50946,3.92134,1.01665,0.206552,-0.672304,1.08541,0.197825,0.461865,17.6752,0.649812,,50,-0.0377964,0.96985,0,0.652837
dim,self,decorr,10,43.0953,44.8676,-1.77234,-6.80459,3.25991,0.960498,-0.337422,-1.22016,0.545316,-0.323165,-0.754498,14.1777,0.462899,1,40,-0.718132,0.472676,0.2,0.447888
dim,self,drive0.5,10,43.0953,38.0875,5.0078,0.602058,9.41354,1.13148,1.07934,0.141169,2.01752,1.03374,2.41349,15.6888,0.0284185,,80,2.22999,0.0257481,-0.6,0.0214946
dim,self,drive1.5,10,43.0953,47.1917,-4.09641,-8.55213,0.359314,0.913196,-0.873641,-1.79102,0.0437424,-0.836726,-1.95352,15.5527,0.0689883,,24,-1.92762,0.0539026,0.52,0.067983
dim,self,synch,10,43.0953,23.3803,19.715,16.9823,22.4476,1.84323,7.00744,4.66563,9.34925,6.71135,15.6691,12.357,1.59884e-09,,100,3.74185,0.000182672,-1,0.000249938
dim,shuffle,randmat,10,43.459,42.3894,1.06962,-2.53799,4.67723,1.02523,0.28045,-0.600371,1.16127,0.2686,0.627104,16.4603,0.539193,,53,0.188982,0.850107,-0.06,
dim,shuffle,decorr,10,43.459,44.8676,-1.40866,-6.64686,3.82954,0.968604,-0.255256,-1.13534,0.624828,-0.244471,-0.570771,15.7674,0.5762,,41,-0.64254,0.520523,0.18,
dim,shuffle,drive0.5,10,43.459,38.0875,5.37148,0.714829,10.0281,1.14103,1.08761,0.148515,2.0267,1.04165,2.43196,17.16,0.0262478,,81,2.30558,0.0211339,-0.62,
dim,shuffle,drive1.5,10,43.459,47.1917,-3.73273,-8.43523,0.969773,0.920903,-0.74878,-1.6555,0.157938,-0.717141,-1.67432,17.0531,0.112308,,30,-1.47406,0.140465,0.4,
dim,shuffle,synch,10,43.459,23.3803,20.0787,16.8602,23.2972,1.85878,6.1152,4.02722,8.20317,5.85681,13.674,11.3884,2.03485e-08,,100,3.74185,0.000182672,-1,
dim,randmat,decorr,10,42.3894,44.8676,-2.47828,-7.40151,2.44495,0.944765,-0.485973,-1.37534,0.403394,-0.465439,-1.08667,13.0984,0.296777,,35,-1.0961,0.273036,0.3,
dim,randmat,drive0.5,10,42.3894,38.0875,4.30186,0.0314865,8.57223,1.11295,0.963298,0.0373348,1.88926,0.922595,2.154,14.4726,0.0485417,,75,1.85203,0.0640221,-0.5,
dim,randmat,drive1.5,10,42.3894,47.1917,-4.80235,-9.12519,-0.479511,0.898237,-1.0632,-1.9996,-0.126797,-1.01828,-2.37739,14.3414,0.0318533,,28,-1.62525,0.10411,0.44,
dim,randmat,synch,10,42.3894,23.3803,19.009,16.5834,21.4347,1.81304,7.55428,5.05452,10.054,7.23509,16.8919,13.2974,2.26778e-10,,100,3.74185,0.000182672,-1,
dim,decorr,drive0.5,10,44.8676,38.0875,6.78014,1.14283,12.4175,1.17801,1.13236,0.188198,2.07651,1.08451,2.53202,17.4995,0.0211699,,79,2.1544,0.031209,-0.58,
dim,decorr,drive1.5,10,44.8676,47.1917,-2.32407,-7.99542,3.34728,0.950753,-0.385682,-1.27032,0.498952,-0.369386,-0.862412,17.5812,0.400072,,40,-0.718132,0.472676,0.2,
dim,decorr,synch,10,44.8676,23.3803,21.4873,16.7942,26.1804,1.91903,4.55625,2.89434,6.21816,4.36373,10.1881,10.098,1.23851e-06,,100,3.74185,0.000182672,-1,
dim,drive0.5,drive1.5,10,38.0875,47.1917,-9.10421,-14.2717,-3.93672,0.80708,-1.65537,-2.67097,-0.639763,-1.58542,-3.70152,17.9959,0.00163367,,10,-2.98592,0.00282727,0.8,
dim,drive0.5,synch,10,38.0875,23.3803,14.7072,10.7269,18.6874,1.62904,3.65656,2.22396,5.08916,3.50206,8.17632,10.5394,6.97919e-06,,100,3.74185,0.000182672,-1,
dim,drive1.5,synch,10,47.1917,23.3803,23.8114,19.7728,27.85,2.01844,5.83781,3.82753,7.84809,5.59115,13.0537,10.494,8.02009e-08,,100,3.74185,0.000182672,-1,
pop_rate_sd_hz,rest,flow,10,0.048111,0.973586,-0.925475,-0.954545,-0.896405,0.0494163,-32.1331,-42.1295,-22.1366,-30.7753,-71.8517,9.13913,6.77857e-14,,0,-3.74185,0.000182672,1,
pop_rate_sd_hz,rest,self,10,0.048111,0.95372,-0.905609,-0.933862,-0.877356,0.0504457,-32.348,-42.4108,-22.2852,-30.9812,-72.3323,9.14731,6.23762e-14,,0,-3.74185,0.000182672,1,0.000249938
pop_rate_sd_hz,rest,shuffle,10,0.048111,0.96004,-0.911928,-0.939759,-0.884098,0.0501136,-33.0664,-43.351,-22.7818,-31.6692,-73.9387,9.15184,5.04068e-14,,0,-3.74185,0.000182672,1,
pop_rate_sd_hz,rest,randmat,10,0.048111,0.983285,-0.935174,-0.973136,-0.897212,0.0489289,-24.8876,-32.6499,-17.1254,-23.8361,-55.6505,9.08148,8.03483e-13,,0,-3.74185,0.000182672,1,
pop_rate_sd_hz,rest,decorr,10,0.048111,0.833548,-0.785437,-0.828711,-0.742162,0.0577184,-18.3427,-24.0942,-12.5911,-17.5676,-41.0154,9.06268,1.32363e-11,,0,-3.74185,0.000182672,1,
pop_rate_sd_hz,rest,drive0.5,10,0.048111,0.677177,-0.629066,-0.670956,-0.587176,0.0710464,-15.1752,-19.959,-10.3915,-14.534,-33.9328,9.0669,7.24146e-11,,0,-3.74185,0.000182672,1,
pop_rate_sd_hz,rest,drive1.5,10,0.048111,1.12857,-1.08046,-1.11294,-1.04797,0.0426302,-33.5824,-44.0264,-23.1385,-32.1634,-75.0926,9.11132,4.89448e-14,,0,-3.74185,0.000182672,1,
pop_rate_sd_hz,rest,synch,10,0.048111,1.37314,-1.32503,-1.38874,-1.26132,0.0350372,-21.029,-27.6045,-14.4535,-20.1404,-47.0222,9.02889,4.16845e-12,,0,-3.74185,0.000182672,1,
pop_rate_sd_hz,flow,self,10,0.973586,0.95372,0.0198658,-0.0177254,0.057457,1.02083,0.496559,-0.393369,1.38649,0.475577,1.11034,17.9853,0.281478,0.562956,66,1.17169,0.241322,-0.32,0.274181
pop_rate_sd_hz,flow,shuffle,10,0.973586,0.96004,0.0135462,-0.0237747,0.0508671,1.01411,0.341075,-0.541798,1.22395,0.326663,0.762667,17.9657,0.45556,,60,0.718132,0.472676,-0.2,
pop_rate_sd_hz,flow,randmat,10,0.973586,0.983285,-0.0096995,-0.0542738,0.0348748,0.990136,-0.205457,-1.08429,0.673375,-0.196775,-0.459415,16.8493,0.651808,,48,-0.113389,0.909722,0.04,
pop_rate_sd_hz,flow,decorr,10,0.973586,0.833548,0.140038,0.0911655,0.188911,1.168,2.72016,1.50406,3.93625,2.60522,6.08245,15.7409,1.70187e-05,,97,3.51507,0.000439639,-0.94,
pop_rate_sd_hz,flow,drive0.5,10,0.973586,0.677177,0.296408,0.248681,0.344136,1.43771,5.88689,3.86291,7.91087,5.63815,13.1635,16.0295,5.19929e-10,,100,3.74185,0.000182672,-1,
pop_rate_sd_hz,flow,drive1.5,10,0.973586,1.12857,-0.154981,-0.19545,-0.114513,0.862674,-3.60138,-5.0205,-2.18227,-3.44921,-8.05294,17.7808,2.43245e-07,,0,-3.74185,0.000182672,1,
pop_rate_sd_hz,flow,synch,10,0.973586,1.37314,-0.399555,-0.466627,-0.332484,0.709021,-5.77489,-7.76764,-3.78215,-5.53089,-12.9131,12.5834,1.25104e-08,,0,-3.74185,0.000182672,1,
pop_rate_sd_hz,self,shuffle,10,0.95372,0.96004,-0.0063196,-0.0430908,0.0304516,0.993417,-0.161478,-1.03943,0.716472,-0.154655,-0.361076,17.9959,0.722247,0.722247,45,-0.340168,0.73373,0.1,0.725819
pop_rate_sd_hz,self,randmat,10,0.95372,0.983285,-0.0295653,-0.0737259,0.0145953,0.969932,-0.632786,-1.53098,0.265404,-0.606049,-1.41495,16.6235,0.175542,,35,-1.0961,0.273036,0.3,0.174706
pop_rate_sd_hz,self,decorr,10,0.95372,0.833548,0.120172,0.0716569,0.168688,1.14417,2.35469,1.21417,3.4952,2.25519,5.26524,15.4845,8.56908e-05,0.000257072,95,3.36388,0.000768539,-0.9,0.000249938
pop_rate_sd_hz,self,drive0.5,10,0.95372,0.677177,0.276543,0.229186,0.323899,1.40838,5.54258,3.61422,7.47093,5.30839,12.3936,15.7763,1.52518e-09,,100,3.74185,0.000182672,-1,0.000249938
pop_rate_sd_hz,self,drive1.5,10,0.95372,1.12857,-0.174847,-0.214833,-0.134861,0.845072,-4.11415,-5.66135,-2.56695,-3.94032,-9.19953,17.658,3.74472e-08,,0,-3.74185,0.000182672,1,0.000249938
pop_rate_sd_hz,self,synch,10,0.95372,1.37314,-0.419421,-0.486276,-0.352566,0.694554,-6.0912,-8.17243,-4.00997,-5.83382,-13.6203,12.3994,7.94023e-09,,0,-3.74185,0.000182672,1,0.000249938
pop_rate_sd_hz,shuffle,randmat,10,0.96004,0.983285,-0.0232457,-0.067197,0.0207056,0.976359,-0.500191,-1.39031,0.389933,-0.479056,-1.11846,16.4994,0.279391,,39,-0.793725,0.427355,0.22,
pop_rate_sd_hz,shuffle,decorr,10,0.96004,0.833548,0.126492,0.0781568,0.174827,1.15175,2.48962,1.32191,3.65733,2.38442,5.56695,15.3483,4.95178e-05,,97,3.51507,0.000439639,-0.94,
pop_rate_sd_hz,shuffle,drive0.5,10,0.96004,0.677177,0.282862,0.235693,0.330032,1.41771,5.69582,3.72505,7.66659,5.45515,12.7362,15.6409,1.14469e-09,,100,3.74185,0.000182672,-1,
pop_rate_sd_hz,shuffle,drive1.5,10,0.96004,1.12857,-0.168527,-0.208268,-0.128787,0.850671,-3.99115,-5.50709,-2.4752,-3.82251,-8.92448,17.5831,6.05687e-08,,0,-3.74185,0.000182672,1,
pop_rate_sd_hz,shuffle,synch,10,0.96004,1.37314,-0.413101,-0.479847,-0.346356,0.699156,-6.01414,-8.07373,-3.95455,-5.76002,-13.448,12.3053,1.00675e-08,,0,-3.74185,0.000182672,1,
pop_rate_sd_hz,randmat,decorr,10,0.983285,0.833548,0.149738,0.0962512,0.203224,1.17964,2.63355,1.43591,3.8312,2.52228,5.88881,17.6989,1.51672e-05,,96,3.43948,0.00058284,-0.92,
pop_rate_sd_hz,randmat,drive0.5,10,0.983285,0.677177,0.306108,0.253611,0.358605,1.45204,5.48231,3.57057,7.39405,5.25066,12.2588,17.8277,4.03295e-10,,100,3.74185,0.000182672,-1,
pop_rate_sd_hz,randmat,drive1.5,10,0.983285,1.12857,-0.145282,-0.191719,-0.0988451,0.871269,-2.94456,-4.20986,-1.67927,-2.82015,-6.58424,17.5788,3.92304e-06,,2,-3.59066,0.000329839,0.96,
pop_rate_sd_hz,randmat,synch,10,0.983285,1.37314,-0.389856,-0.459841,-0.31987,0.716085,-5.32034,-7.18761,-3.45307,-5.09553,-11.8966,14.6698,6.24096e-09,,0,-3.74185,0.000182672,1,
pop_rate_sd_hz,decorr,drive0.5,10,0.833548,0.677177,0.15637,0.10047,0.21227,1.23091,2.62845,1.43188,3.82502,2.51739,5.87739,17.981,1.45632e-05,,95,3.36388,0.000768539,-0.9,
pop_rate_sd_hz,decorr,drive1.5,10,0.833548,1.12857,-0.295019,-0.345513,-0.244525,0.738589,-5.52045,-7.4427,-3.5982,-5.28719,-12.3441,16.6951,8.14516e-10,,0,-3.74185,0.000182672,1,
pop_rate_sd_hz,decorr,synch,10,0.833548,1.37314,-0.539593,-0.611797,-0.46739,0.607037,-7.09066,-9.45641,-4.72492,-6.79106,-15.8552,15.8433,3.86141e-11,,0,-3.74185,0.000182672,1,
pop_rate_sd_hz,drive0.5,drive1.5,10,0.677177,1.12857,-0.45139,-0.500798,-0.401981,0.600033,-8.62212,-11.4342,-5.81005,-8.25781,-19.2797,16.9468,5.77859e-13,,0,-3.74185,0.000182672,1,
pop_rate_sd_hz,drive0.5,synch,10,0.677177,1.37314,-0.695964,-0.767556,-0.624371,0.493159,-9.23781,-12.2318,-6.24386,-8.84748,-20.6564,15.5521,1.00139e-12,,0,-3.74185,0.000182672,1,
pop_rate_sd_hz,drive1.5,synch,10,1.12857,1.37314,-0.244574,-0.312646,-0.176502,0.821887,-3.46135,-4.8466,-2.07611,-3.3151,-7.73982,13.3768,2.67897e-06,,0,-3.74185,0.000182672,1,
bumpR,rest,flow,10,0,0.36155,-0.36155,-0.379946,-0.343154,0,-19.8832,-26.107,-13.6594,-19.0431,-44.4602,9,7.36304e-12,,0,-3.99806,6.38644e-05,1,
bumpR,rest,self,10,0,0.361725,-0.361725,-0.394488,-0.328962,0,-11.1695,-14.7401,-7.59882,-10.6975,-24.9757,9,1.26987e-09,,0,-3.99806,6.38644e-05,1,0.000249938
bumpR,rest,shuffle,10,0,0.350084,-0.350084,-0.388185,-0.311982,0,-9.29539,-12.3064,-6.28437,-8.90263,-20.7851,9,6.46337e-09,,0,-3.99806,6.38644e-05,1,
bumpR,rest,randmat,10,0,0.365398,-0.365398,-0.383134,-0.347662,0,-20.8421,-27.3603,-14.324,-19.9615,-46.6044,9,4.827e-12,,0,-3.99806,6.38644e-05,1,
bumpR,rest,decorr,10,0,0.298351,-0.298351,-0.315384,-0.281319,0,-17.7209,-23.282,-12.1597,-16.9721,-39.6251,9,2.06531e-11,,0,-3.99806,6.38644e-05,1,
bumpR,rest,drive0.5,10,0,0.459032,-0.459032,-0.477077,-0.440986,0,-25.7348,-33.7579,-17.7116,-24.6474,-57.5447,9,7.2778e-13,,0,-3.99806,6.38644e-05,1,
bumpR,rest,drive1.5,10,0,0.2981,-0.2981,-0.316422,-0.279778,0,-16.4595,-21.635,-11.284,-15.764,-36.8045,9,3.99939e-11,,0,-3.99806,6.38644e-05,1,
bumpR,rest,synch,10,0,0.37857,-0.37857,-0.407974,-0.349166,0,-13.025,-17.1555,-8.89452,-12.4747,-29.1248,9,3.23407e-10,,0,-3.99806,6.38644e-05,1,
bumpR,flow,self,10,0.36155,0.361725,-0.0001751,-0.0357617,0.0354115,0.999516,-0.00471448,-0.881238,0.871809,-0.00451528,-0.0105419,14.1617,0.991736,1,46,-0.264575,0.791337,0.08,0.993502
bumpR,flow,shuffle,10,0.36155,0.350084,0.011466,-0.0289466,0.0518786,1.03275,0.274162,-0.606469,1.15479,0.262578,0.613045,12.9797,0.550438,,52,0.113389,0.909722,-0.04,
bumpR,flow,randmat,10,0.36155,0.365398,-0.0038483,-0.0275827,0.0198861,0.989468,-0.152355,-1.03015,0.725438,-0.145917,-0.340676,17.9761,0.737297,,42,-0.566947,0.57075,0.16,
bumpR,flow,decorr,10,0.36155,0.298351,0.0631984,0.0399052,0.0864916,1.21183,2.55027,1.37006,3.73048,2.44251,5.70257,17.8943,2.13131e-05,,100,3.74185,0.000182672,-1,
bumpR,flow,drive0.5,10,0.36155,0.459032,-0.0974818,-0.121415,-0.073549,0.787636,-3.82707,-5.30182,-2.35232,-3.66536,-8.55759,17.9933,9.29315e-08,,1,-3.66626,0.000246128,0.98,
bumpR,flow,drive1.5,10,0.36155,0.2981,0.0634497,0.0393364,0.087563,1.21285,2.47229,1.30812,3.63646,2.36783,5.52821,17.9997,3.00388e-05,,100,3.74185,0.000182672,-1,
bumpR,flow,synch,10,0.36155,0.37857,-0.0170199,-0.0496795,0.0156397,0.955042,-0.496435,-1.38636,0.393486,-0.475459,-1.11006,15.1094,0.284327,,38.5,-0.831835,0.405502,0.23,
bumpR,self,shuffle,10,0.361725,0.350084,0.0116411,-0.0351032,0.0583854,1.03325,0.234363,-0.645163,1.11389,0.22446,0.524052,17.6049,0.606778,1,56,0.415761,0.677585,-0.12,0.602849
bumpR,self,randmat,10,0.361725,0.365398,-0.0036732,-0.0390299,0.0316835,0.989947,-0.0997446,-0.976812,0.777323,-0.0955301,-0.223036,13.8579,0.826762,,50,-0.0377964,0.96985,0,0.845789
bumpR,self,decorr,10,0.361725,0.298351,0.0633735,0.0282499,0.0984971,1.21241,1.73626,0.707763,2.76475,1.66289,3.88239,13.5337,0.00175903,0.00527708,92,3.13711,0.00170625,-0.84,0.0019995
bumpR,self,drive0.5,10,0.361725,0.459032,-0.0973067,-0.13277,-0.0618437,0.788017,-2.63188,-3.82917,-1.43458,-2.52067,-5.88505,14.0003,3.96932e-05,,1,-3.66626,0.000246128,0.98,0.000249938
bumpR,self,drive1.5,10,0.361725,0.2981,0.0636248,0.0280643,0.0991853,1.21343,1.7147,0.689688,2.73972,1.64225,3.8342,14.1279,0.00179583,,92,3.13711,0.00170625,-0.84,0.00149963
bumpR,self,synch,10,0.361725,0.37857,-0.0168448,-0.0577639,0.0240743,0.955504,-0.387103,-1.2718,0.497591,-0.370746,-0.865588,17.7934,0.398237,,41,-0.64254,0.520523,0.18,0.404399
bumpR,shuffle,randmat,10,0.350084,0.365398,-0.0153143,-0.0555388,0.0249102,0.958089,-0.36864,-1.25258,0.515295,-0.353064,-0.824305,12.7255,0.424947,,46,-0.264575,0.791337,0.08,
bumpR,shuffle,decorr,10,0.350084,0.298351,0.0517324,0.0116984,0.0917664,1.17339,1.254,0.295192,2.21281,1.20101,2.80403,12.4589,0.0154378,,81,2.30558,0.0211339,-0.62,
bumpR,shuffle,drive0.5,10,0.350084,0.459032,-0.108948,-0.149259,-0.0686364,0.762657,-2.61439,-3.808,-1.42078,-2.50392,-5.84595,12.8441,6.00756e-05,,1,-3.66626,0.000246128,0.98,
bumpR,shuffle,drive1.5,10,0.350084,0.2981,0.0519837,0.0115925,0.0923749,1.17438,1.24391,0.286368,2.20146,1.19135,2.78147,12.9512,0.0156183,,81,2.30558,0.0211339,-0.62,
bumpR,shuffle,synch,10,0.350084,0.37857,-0.0284859,-0.0733904,0.0164186,0.924754,-0.598782,-1.49473,0.297167,-0.573482,-1.33892,16.9133,0.198316,,37,-0.944911,0.344704,0.26,
bumpR,randmat,decorr,10,0.365398,0.298351,0.0670467,0.0442064,0.089887,1.22472,2.75836,1.53403,3.98269,2.64181,6.16788,17.9706,8.06395e-06,,99,3.66626,0.000246128,-0.98,
bumpR,randmat,drive0.5,10,0.365398,0.459032,-0.0936335,-0.117133,-0.0701342,0.796019,-3.74379,-5.19786,-2.28971,-3.5856,-8.37136,17.9946,1.27949e-07,,0,-3.74185,0.000182672,1,
bumpR,randmat,drive1.5,10,0.365398,0.2981,0.067298,0.0436131,0.0909829,1.22576,2.66985,1.46451,3.8752,2.55704,5.96998,17.981,1.20383e-05,,99,3.66626,0.000246128,-0.98,
bumpR,randmat,synch,10,0.365398,0.37857,-0.0131716,-0.0455678,0.0192246,0.965207,-0.388051,-1.27278,0.496682,-0.371655,-0.867709,14.7835,0.39942,,43,-0.491354,0.623176,0.14,
bumpR,decorr,drive0.5,10,0.298351,0.459032,-0.16068,-0.183731,-0.137629,0.649958,-6.55093,-8.76219,-4.33967,-6.27413,-14.6483,17.9403,2.01487e-11,,0,-3.74185,0.000182672,1,
bumpR,decorr,drive1.5,10,0.298351,0.2981,0.0002513,-0.0229909,0.0234935,1.00084,0.0101626,-0.866366,0.886691,0.0097332,0.0227243,17.9049,0.982122,,51,0.0377964,0.96985,-0.02,
bumpR,decorr,synch,10,0.298351,0.37857,-0.0802183,-0.112347,-0.0480901,0.788102,-2.38823,-3.53543,-1.24104,-2.28732,-5.34025,14.4286,9.41181e-05,,0,-3.74185,0.000182672,1,
bumpR,drive0.5,drive1.5,10,0.459032,0.2981,0.160932,0.137048,0.184815,1.53986,6.33092,4.18209,8.47975,6.06342,14.1564,17.9958,3.39336e-11,,100,3.74185,0.000182672,-1,
bumpR,drive0.5,synch,10,0.459032,0.37857,0.0804619,0.0479438,0.11298,1.21254,2.35947,1.21801,3.50094,2.25978,5.27594,14.9371,9.4523e-05,,94,3.28829,0.00100798,-0.88,
bumpR,drive1.5,synch,10,0.2981,0.37857,-0.0804696,-0.113099,-0.0478399,0.787438,-2.34976,-3.4893,-1.21023,-2.25048,-5.25423,15.0735,9.56077e-05,,0,-3.74185,0.000182672,1,
anat_gain_integral,rest,flow,10,0,3.21528,-3.21528,-5.97881,-0.451748,0,-1.17704,-2.12643,-0.227651,-1.12731,-2.63195,9,0.0272715,,0,-3.99806,6.38644e-05,1,
anat_gain_integral,rest,self,10,0,3.12836,-3.12836,-5.03716,-1.21956,0,-1.65804,-2.67406,-0.642012,-1.58798,-3.70748,9,0.00486391,,0,-3.99806,6.38644e-05,1,0.000249938
anat_gain_integral,rest,shuffle,10,0,3.82225,-3.82225,-5.8203,-1.8242,0,-1.93531,-2.99738,-0.87324,-1.85353,-4.32748,9,0.00191213,,0,-3.99806,6.38644e-05,1,
anat_gain_integral,rest,randmat,10,0,1.84132,-1.84132,-2.9803,-0.702347,0,-1.63551,-2.64802,-0.622999,-1.5664,-3.65711,9,0.00525906,,0,-3.99806,6.38644e-05,1,
anat_gain_integral,rest,decorr,10,0,3.09639,-3.09639,-4.69178,-1.501,0,-1.96348,-3.0305,-0.896455,-1.88051,-4.39047,9,0.00174436,,0,-3.99806,6.38644e-05,1,
anat_gain_integral,rest,drive0.5,10,0,1.64308,-1.64308,-2.3979,-0.88825,0,-2.20216,-3.31302,-1.09129,-2.10911,-4.92417,9,0.000819883,,0,-3.99806,6.38644e-05,1,
anat_gain_integral,rest,drive1.5,10,0,6.53902,-6.53902,-10.17,-2.908,0,-1.82189,-2.86451,-0.779266,-1.74491,-4.07387,9,0.00278345,,0,-3.99806,6.38644e-05,1,
anat_gain_integral,rest,synch,10,0,3.15978,-3.15978,-4.9319,-1.38767,0,-1.80387,-2.84348,-0.764257,-1.72765,-4.03357,9,0.00295705,,0,-3.99806,6.38644e-05,1,
anat_gain_integral,flow,self,10,3.21528,3.12836,0.0869151,-3.06062,3.23445,1.02778,0.0261798,-0.85038,0.90274,0.0250736,0.0585398,15.9953,0.954044,1,45,-0.340168,0.73373,0.1,0.96001
anat_gain_integral,flow,shuffle,10,3.21528,3.82225,-0.606972,-3.79654,2.58259,0.8412,-0.180065,-1.05836,0.698232,-0.172457,-0.402638,16.39,0.692418,,36,-1.0205,0.307489,0.28,
anat_gain_integral,flow,randmat,10,3.21528,1.84132,1.37396,-1.50571,4.25362,1.74618,0.465028,-0.423263,1.35332,0.445379,1.03983,11.9718,0.318963,,59,0.64254,0.520523,-0.18,
anat_gain_integral,flow,decorr,10,3.21528,3.09639,0.11889,-2.89868,3.13646,1.0384,0.0376928,-0.838908,0.914293,0.0361002,0.0842838,14.3993,0.933991,,43,-0.491354,0.623176,0.14,
anat_gain_integral,flow,drive0.5,10,3.21528,1.64308,1.5722,-1.23712,4.38152,1.95686,0.55521,-0.33804,1.44846,0.53175,1.24149,10.3355,0.241862,,60,0.718132,0.472676,-0.2,
anat_gain_integral,flow,drive1.5,10,3.21528,6.53902,-3.32374,-7.58322,0.935737,0.491707,-0.736903,-1.64269,0.16888,-0.705766,-1.64776,16.8071,0.117967,,26,-1.77643,0.0756616,0.48,
anat_gain_integral,flow,synch,10,3.21528,3.15978,0.0554926,-3.03192,3.1429,1.01756,0.0171007,-0.859438,0.893639,0.0163782,0.0382384,15.3311,0.969991,,42,-0.566947,0.57075,0.16,
anat_gain_integral,self,shuffle,10,3.12836,3.82225,-0.693887,-3.2606,1.87283,0.818461,-0.254039,-1.13409,0.626012,-0.243305,-0.568049,17.9625,0.577034,1,42,-0.566947,0.57075,0.16,0.575606
anat_gain_integral,self,randmat,10,3.12836,1.84132,1.28704,-0.8112,3.38528,1.69898,0.585776,-0.309347,1.4809,0.561025,1.30984,14.6878,0.210369,,65,1.0961,0.273036,-0.3,0.214196
anat_gain_integral,self,decorr,10,3.12836,3.09639,0.0319749,-2.28367,2.34762,1.01033,0.013003,-0.863529,0.889535,0.0124536,0.0290756,17.4505,0.977134,1,47,-0.188982,0.850107,0.06,0.982254
anat_gain_integral,self,drive0.5,10,3.12836,1.64308,1.48529,-0.496442,3.46701,1.90397,0.732044,-0.173361,1.63745,0.701112,1.6369,11.7476,0.128139,,65,1.0961,0.273036,-0.3,0.125219
anat_gain_integral,self,drive1.5,10,3.12836,6.53902,-3.41065,-7.31015,0.488843,0.478415,-0.841128,-1.75559,0.0733325,-0.805587,-1.88082,13.6214,0.0815473,,32,-1.32288,0.185877,0.36,0.0769808
anat_gain_integral,self,synch,10,3.12836,3.15978,-0.0314225,-2.45133,2.38848,0.990055,-0.012205,-0.888736,0.864326,-0.0116893,-0.0272913,17.9015,0.978529,,45,-0.340168,0.73373,0.1,0.976756
anat_gain_integral,shuffle,randmat,10,3.82225,1.84132,1.98093,-0.195479,4.15733,2.07582,0.871365,-0.0458099,1.78854,0.834547,1.94843,14.2905,0.071277,,73,1.70084,0.088973,-0.46,
anat_gain_integral,shuffle,decorr,10,3.82225,3.09639,0.725862,-1.65711,3.10884,1.23442,0.287201,-0.593828,1.16823,0.275066,0.642202,17.1594,0.529229,,59,0.64254,0.520523,-0.18,
anat_gain_integral,shuffle,drive0.5,10,3.82225,1.64308,2.17917,0.112391,4.24595,2.32627,1.03217,0.0991108,1.96524,0.988561,2.30801,11.5177,0.0404572,,81,2.30558,0.0211339,-0.62,
anat_gain_integral,shuffle,drive1.5,10,3.82225,6.53902,-2.71677,-6.64638,1.21285,0.58453,-0.663167,-1.56346,0.237126,-0.635146,-1.48289,13.9926,0.160275,,30,-1.47406,0.140465,0.4,
anat_gain_integral,shuffle,synch,10,3.82225,3.15978,0.662464,-1.82041,3.14534,1.20965,0.250944,-0.629022,1.13091,0.240341,0.561128,17.7469,0.581727,,60,0.718132,0.472676,-0.2,
anat_gain_integral,randmat,decorr,10,1.84132,3.09639,-1.25507,-3.08945,0.579321,0.594668,-0.647732,-1.54694,0.251482,-0.620363,-1.44837,16.2824,0.166496,,33,-1.24728,0.212294,0.34,
anat_gain_integral,randmat,drive0.5,10,1.84132,1.64308,0.198245,-1.08471,1.4812,1.12065,0.146779,-0.730923,1.02448,0.140577,0.328208,15.6273,0.747111,,47,-0.188982,0.850107,0.06,
anat_gain_integral,randmat,drive1.5,10,1.84132,6.53902,-4.69769,-8.41061,-0.984785,0.28159,-1.24886,-2.20703,-0.290701,-1.1961,-2.79255,10.7541,0.0178524,,20,-2.22999,0.0257481,0.6,
anat_gain_integral,randmat,synch,10,1.84132,3.15978,-1.31846,-3.29936,0.662436,0.582736,-0.633184,-1.5314,0.265034,-0.606429,-1.41584,15.3518,0.17679,,33,-1.24728,0.212294,0.34,
anat_gain_integral,decorr,drive0.5,10,3.09639,1.64308,1.45331,-0.234398,3.14102,1.88451,0.833038,-0.080711,1.74679,0.797839,1.86273,12.8371,0.0855385,,72,1.62525,0.10411,-0.44,
anat_gain_integral,decorr,drive1.5,10,3.09639,6.53902,-3.44263,-7.25058,0.365323,0.473525,-0.878153,-1.79595,0.0396439,-0.841048,-1.96361,12.3501,0.0724912,,29,-1.54965,0.121225,0.42,
anat_gain_integral,decorr,synch,10,3.09639,3.15978,-0.0633975,-2.27965,2.15285,0.979936,-0.026898,-0.90346,0.849664,-0.0257614,-0.0601457,17.8049,0.95271,,53,0.188982,0.850107,-0.06,
anat_gain_integral,drive0.5,drive1.5,10,1.64308,6.53902,-4.89594,-8.56017,-1.23171,0.251273,-1.33555,-2.30487,-0.366221,-1.27911,-2.98637,9.77643,0.0139882,,17,-2.45677,0.0140193,0.66,
anat_gain_integral,drive0.5,synch,10,1.64308,3.15978,-1.51671,-3.36918,0.335767,0.519997,-0.796608,-1.70723,0.114016,-0.762948,-1.78127,12.1617,0.0998377,,30,-1.47406,0.140465,0.4,
anat_gain_integral,drive1.5,synch,10,6.53902,3.15978,3.37923,-0.477624,7.23609,2.06945,0.846124,-0.0687788,1.76103,0.810372,1.89199,13.0573,0.0808771,,71,1.54965,0.121225,-0.42,
anat_resid_deg,flow,self,10,123.488,176.822,-53.334,-88.3182,-18.3498,0.698375,-1.47036,-2.45825,-0.482474,-1.40823,-3.28783,13.2253,0.00576454,0.0172936,8,-3.13711,0.00170625,0.84,0.000749813
anat_resid_deg,flow,shuffle,10,123.488,162.634,-39.1453,-69.2429,-9.04776,0.759304,-1.24178,-2.19905,-0.284499,-1.18931,-2.7767,14.7258,0.0142983,,15,-2.60795,0.0091085,0.7,
anat_resid_deg,flow,randmat,10,123.488,174.625,-51.137,-100.414,-1.86019,0.707162,-1.02063,-1.95247,-0.088788,-0.977506,-2.2822,11.0744,0.043218,,27,-1.70084,0.088973,0.46,
anat_resid_deg,flow,decorr,10,123.488,148.775,-25.2866,-51.7514,1.17819,0.830035,-0.904696,-1.82497,0.015573,-0.86647,-2.02296,16.2537,0.0598462,,28,-1.62525,0.10411,0.44,
anat_resid_deg,flow,drive0.5,10,123.488,159.681,-36.1925,-75.5678,3.18278,0.773345,-0.893164,-1.81235,0.0260222,-0.855425,-1.99718,12.3065,0.0684072,,23,-2.00321,0.0451546,0.54,
anat_resid_deg,flow,drive1.5,10,123.488,224.812,-101.323,-147.51,-55.1369,0.549297,-2.15077,-3.25192,-1.04962,-2.05989,-4.80927,11.3726,0.000496312,,3,-3.51507,0.000439639,0.94,
anat_resid_deg,flow,synch,10,123.488,171.731,-48.2426,-85.7101,-10.7751,0.71908,-1.24734,-2.20531,-0.289366,-1.19463,-2.78913,12.6662,0.0156672,,25,-1.85203,0.0640221,0.5,
anat_resid_deg,self,shuffle,10,176.822,162.634,14.1887,-25.5921,53.9695,1.08724,0.335899,-0.546783,1.21858,0.321706,0.751093,17.4324,0.462616,0.462616,61,0.793725,0.427355,-0.22,0.429393
anat_resid_deg,self,randmat,10,176.822,174.625,2.19703,-52.2953,56.6893,1.01258,0.0382402,-0.838362,0.914843,0.0366244,0.0855076,15.9154,0.932924,,51,0.0377964,0.96985,-0.02,0.931017
anat_resid_deg,self,decorr,10,176.822,148.775,28.0474,-9.5133,65.6081,1.18852,0.707452,-0.196073,1.61098,0.677559,1.58191,16.1343,0.133073,0.266146,64,1.0205,0.307489,-0.28,0.126218
anat_resid_deg,self,drive0.5,10,176.822,159.681,17.1415,-29.2584,63.5415,1.10735,0.34755,-0.535565,1.23067,0.332865,0.777146,17.6819,0.447346,,61,0.793725,0.427355,-0.22,0.442889
anat_resid_deg,self,drive1.5,10,176.822,224.812,-47.9893,-99.8714,3.89278,0.786536,-0.874714,-1.79219,0.0427676,-0.837754,-1.95592,16.5117,0.0676114,,23,-2.00321,0.0451546,0.54,0.0689828
anat_resid_deg,self,synch,10,176.822,171.731,5.0914,-39.8552,50.038,1.02965,0.106478,-0.770666,0.983621,0.101979,0.238091,17.8889,0.814516,,61,0.793725,0.427355,-0.22,0.818545
anat_resid_deg,shuffle,randmat,10,162.634,174.625,-11.9917,-64.242,40.2587,0.931329,-0.21971,-1.09887,0.659453,-0.210426,-0.491286,14.2949,0.630681,,45,-0.340168,0.73373,0.1,
anat_resid_deg,shuffle,decorr,10,162.634,148.775,13.8587,-19.4262,47.1437,1.09315,0.392014,-0.492887,1.27691,0.37545,0.876569,17.4942,0.392599,,57,0.491354,0.623176,-0.14,
anat_resid_deg,shuffle,drive0.5,10,162.634,159.681,2.95283,-40.5054,46.4111,1.01849,0.0642742,-0.812475,0.941023,0.0615584,0.143721,16.4483,0.887467,,48,-0.113389,0.909722,0.04,
anat_resid_deg,shuffle,drive1.5,10,162.634,224.812,-62.178,-111.626,-12.7297,0.723422,-1.19929,-2.15135,-0.247231,-1.14862,-2.6817,14.9018,0.017148,,17,-2.45677,0.0140193,0.66,
anat_resid_deg,shuffle,synch,10,162.634,171.731,-9.0973,-50.9366,32.742,0.947026,-0.205254,-1.08408,0.673574,-0.196581,-0.458962,16.8961,0.652111,,53,0.188982,0.850107,-0.06,
anat_resid_deg,randmat,decorr,10,174.625,148.775,25.8504,-24.9883,76.6891,1.17375,0.491483,-0.398174,1.38114,0.470716,1.09899,12.9434,0.291794,,58,0.566947,0.57075,-0.16,
anat_resid_deg,randmat,drive0.5,10,174.625,159.681,14.9445,-41.875,71.764,1.09359,0.24814,-0.63175,1.12803,0.237655,0.554857,17.0243,0.586209,,57,0.491354,0.623176,-0.14,
anat_resid_deg,randmat,drive1.5,10,174.625,224.812,-50.1863,-111.131,10.7582,0.776763,-0.773972,-1.68272,0.134775,-0.741269,-1.73065,17.9142,0.100702,,29,-1.54965,0.121225,0.42,
anat_resid_deg,randmat,synch,10,174.625,171.731,2.89437,-52.8796,58.6683,1.01685,0.0490567,-0.827598,0.925711,0.0469839,0.109694,16.5909,0.913968,,48,-0.113389,0.909722,0.04,
anat_resid_deg,decorr,drive0.5,10,148.775,159.681,-10.9059,-52.4515,30.6397,0.931702,-0.250325,-1.13027,0.629623,-0.239748,-0.559744,14.9295,0.583955,,44,-0.415761,0.677585,0.12,
anat_resid_deg,decorr,drive1.5,10,148.775,224.812,-76.0367,-123.941,-28.1329,0.661776,-1.52826,-2.52455,-0.531969,-1.46368,-3.41729,13.4577,0.00438467,,13,-2.75914,0.00579536,0.74,
anat_resid_deg,decorr,synch,10,148.775,171.731,-22.956,-62.7568,16.8447,0.866326,-0.54845,-1.4413,0.344399,-0.525276,-1.22637,15.4321,0.238443,,38,-0.869318,0.384673,0.24,
anat_resid_deg,drive0.5,drive1.5,10,159.681,224.812,-65.1308,-119.517,-10.745,0.710287,-1.12761,-2.07122,-0.183998,-1.07996,-2.52141,17.4766,0.0216542,,20,-2.22999,0.0257481,0.6,
anat_resid_deg,drive0.5,synch,10,159.681,171.731,-12.0501,-60.0863,35.9861,0.929831,-0.235747,-1.11531,0.643815,-0.225785,-0.527145,17.9439,0.60455,,47,-0.188982,0.850107,0.06,
anat_resid_deg,drive1.5,synch,10,224.812,171.731,53.0807,-0.182886,106.344,1.30909,0.939799,0.0161577,1.86344,0.900089,2.10145,17.1194,0.0507074,,74,1.77643,0.0756616,-0.48,
anat_gain_yaw,rest,flow,10,0,2.92498,-2.92498,-4.15174,-1.69821,0,-2.41212,-3.5641,-1.26014,-2.3102,-5.39367,9,0.00043661,,0,-3.99806,6.38644e-05,1,
anat_gain_yaw,rest,self,10,0,4.36676,-4.36676,-5.92096,-2.81256,0,-2.84244,-4.0851,-1.59977,-2.72233,-6.35588,9,0.000131956,,0,-3.99806,6.38644e-05,1,0.000249938
anat_gain_yaw,rest,shuffle,10,0,4.09719,-4.09719,-6.75697,-1.4374,0,-1.55839,-2.55915,-0.557629,-1.49254,-3.48467,9,0.00688773,,0,-3.99806,6.38644e-05,1,
anat_gain_yaw,rest,randmat,10,0,3.19363,-3.19363,-4.95079,-1.43647,0,-1.8387,-2.88416,-0.793247,-1.76101,-4.11146,9,0.00263126,,0,-3.99806,6.38644e-05,1,
anat_gain_yaw,rest,decorr,10,0,4.06639,-4.06639,-5.82239,-2.3104,0,-2.34274,-3.48089,-1.20459,-2.24375,-5.23853,9,0.00053581,,0,-3.99806,6.38644e-05,1,
anat_gain_yaw,rest,drive0.5,10,0,4.51981,-4.51981,-7.55416,-1.48546,0,-1.50693,-2.50009,-0.513763,-1.44325,-3.36959,9,0.00826234,,0,-3.99806,6.38644e-05,1,
anat_gain_yaw,rest,drive1.5,10,0,9.81691,-9.81691,-11.0798,-8.55398,0,-7.86387,-10.4537,-5.27404,-7.53159,-17.5841,9,2.81705e-08,,0,-3.99806,6.38644e-05,1,
anat_gain_yaw,rest,synch,10,0,5.21572,-5.21572,-7.43438,-2.99706,0,-2.37827,-3.52347,-1.23307,-2.27778,-5.31797,9,0.000482275,,0,-3.99806,6.38644e-05,1,
anat_gain_yaw,flow,self,10,2.92498,4.36676,-1.44179,-3.28782,0.404245,0.669827,-0.736663,-1.64243,0.169101,-0.705537,-1.64723,17.0787,0.117785,0.353356,28,-1.62525,0.10411,0.44,0.123219
anat_gain_yaw,flow,shuffle,10,2.92498,4.09719,-1.17221,-3.97706,1.63264,0.713899,-0.404869,-1.29033,0.480588,-0.387762,-0.905314,12.6634,0.382201,,47,-0.188982,0.850107,0.06,
anat_gain_yaw,flow,randmat,10,2.92498,3.19363,-0.268654,-2.27601,1.73871,0.915878,-0.126824,-1.00423,0.750579,-0.121466,-0.283588,16.0893,0.780343,,46,-0.264575,0.791337,0.08,
anat_gain_yaw,flow,decorr,10,2.92498,4.06639,-1.14142,-3.14782,0.864989,0.719305,-0.539074,-1.43137,0.353226,-0.516296,-1.20541,16.0951,0.24547,,35,-1.0961,0.273036,0.3,
anat_gain_yaw,flow,drive0.5,10,2.92498,4.51981,-1.59483,-4.75117,1.5615,0.647146,-0.492962,-1.3827,0.396774,-0.472133,-1.1023,11.8656,0.292189,,45,-0.340168,0.73373,0.1,
anat_gain_yaw,flow,drive1.5,10,2.92498,9.81691,-6.89193,-8.5272,-5.25666,0.297953,-3.96007,-5.46817,-2.45198,-3.79275,-8.855,17.9848,5.64412e-08,,0,-3.74185,0.000182672,1,
anat_gain_yaw,flow,synch,10,2.92498,5.21572,-2.29074,-4.69391,0.112426,0.5608,-0.914105,-1.83527,0.00705641,-0.875481,-2.044,14.0327,0.0601931,,24,-1.92762,0.0539026,0.52,
anat_gain_yaw,self,shuffle,10,4.36676,4.09719,0.269577,-2.64168,3.18083,1.0658,0.0885293,-0.788422,0.965481,0.0847887,0.197958,14.5043,0.845826,1,58,0.566947,0.57075,-0.16,0.851537
anat_gain_yaw,self,randmat,10,4.36676,3.19363,1.17313,-1.00787,3.35414,1.36734,0.505918,-0.384516,1.39635,0.484541,1.13127,17.7355,0.273009,,65,1.0961,0.273036,-0.3,0.264684
anat_gain_yaw,self,decorr,10,4.36676,4.06639,0.30037,-1.8798,2.48054,1.07387,0.129584,-0.747858,1.00703,0.124108,0.289758,17.7383,0.775361,1,51,0.0377964,0.96985,-0.02,0.770557
anat_gain_yaw,self,drive0.5,10,4.36676,4.51981,-0.153047,-3.39859,3.09249,0.966139,-0.0454159,-0.922051,0.83122,-0.0434969,-0.101553,13.4182,0.920613,,54,0.264575,0.791337,-0.08,0.923769
anat_gain_yaw,self,drive1.5,10,4.36676,9.81691,-5.45014,-7.31563,-3.58466,0.444821,-2.75325,-3.97648,-1.53002,-2.63692,-6.15646,17.2767,9.82407e-06,,3,-3.51507,0.000439639,0.94,0.000249938
anat_gain_yaw,self,synch,10,4.36676,5.21572,-0.848957,-3.38597,1.68806,0.837231,-0.317055,-1.19907,0.564957,-0.303658,-0.708956,16.1187,0.48848,,41,-0.64254,0.520523,0.18,0.494376
anat_gain_yaw,shuffle,randmat,10,4.09719,3.19363,0.903557,-2.09004,3.89715,1.28292,0.286749,-0.594267,1.16776,0.274633,0.64119,15.599,0.530708,,55,0.340168,0.73373,-0.1,
anat_gain_yaw,shuffle,decorr,10,4.09719,4.06639,0.0307928,-2.9623,3.02388,1.00757,0.00977424,-0.866754,0.886302,0.00936125,0.0218559,15.593,0.98284,,47,-0.188982,0.850107,0.06,
anat_gain_yaw,shuffle,drive0.5,10,4.09719,4.51981,-0.422624,-4.17471,3.32946,0.906495,-0.10596,-0.983097,0.771177,-0.101483,-0.236934,17.6963,0.815429,,47,-0.188982,0.850107,0.06,
anat_gain_yaw,shuffle,drive1.5,10,4.09719,9.81691,-5.71972,-8.5347,-2.90474,0.41736,-1.96525,-3.03258,-0.897911,-1.88221,-4.39442,12.8619,0.000743261,,9,-3.06151,0.00220222,0.82,
anat_gain_yaw,shuffle,synch,10,4.09719,5.21572,-1.11853,-4.34276,2.10569,0.785546,-0.326702,-1.20905,0.555648,-0.312898,-0.730528,17.4389,0.474769,,38,-0.869318,0.384673,0.24,
anat_gain_yaw,randmat,decorr,10,3.19363,4.06639,-0.872764,-3.17988,1.43435,0.785372,-0.355429,-1.23884,0.527987,-0.340411,-0.794763,18,0.437106,,37,-0.944911,0.344704,0.26,
anat_gain_yaw,randmat,drive0.5,10,3.19363,4.51981,-1.32618,-4.64147,1.98911,0.706585,-0.382629,-1.26714,0.501877,-0.366462,-0.855585,14.426,0.406214,,42,-0.566947,0.57075,0.16,
anat_gain_yaw,randmat,drive1.5,10,3.19363,9.81691,-6.62328,-8.64771,-4.59884,0.325319,-3.09648,-4.39613,-1.79682,-2.96564,-6.92394,16.3397,3.05409e-06,,3,-3.51507,0.000439639,0.94,
anat_gain_yaw,randmat,synch,10,3.19363,5.21572,-2.02209,-4.6605,0.616315,0.612308,-0.722803,-1.62749,0.181888,-0.692262,-1.61624,17.1026,0.124338,,29,-1.54965,0.121225,0.42,
anat_gain_yaw,decorr,drive0.5,10,4.06639,4.51981,-0.453417,-3.76828,2.86144,0.899682,-0.130842,-1.0083,0.746618,-0.125313,-0.292571,14.4203,0.774018,,51,0.0377964,0.96985,-0.02,
anat_gain_yaw,decorr,drive1.5,10,4.06639,9.81691,-5.75051,-7.774,-3.72702,0.414224,-2.68962,-3.89918,-1.48007,-2.57598,-6.01418,16.3453,1.64708e-05,,0,-3.74185,0.000182672,1,
anat_gain_yaw,decorr,synch,10,4.06639,5.21572,-1.14933,-3.78711,1.48846,0.779642,-0.410936,-1.29666,0.474789,-0.393572,-0.91888,17.0979,0.37094,,43,-0.491354,0.623176,0.14,
anat_gain_yaw,drive0.5,drive1.5,10,4.51981,9.81691,-5.29709,-8.46189,-2.1323,0.460411,-1.63049,-2.64222,-0.618757,-1.5616,-3.64589,12.0273,0.0033398,,14,-2.68355,0.00728456,0.72,
anat_gain_yaw,drive0.5,synch,10,4.51981,5.21572,-0.695909,-4.2101,2.81828,0.866575,-0.187294,-1.06574,0.691148,-0.17938,-0.418801,16.4841,0.680767,,41,-0.64254,0.520523,0.18,
anat_gain_yaw,drive1.5,synch,10,9.81691,5.21572,4.60118,2.18513,7.01724,1.88218,1.82335,0.780478,2.86621,1.7463,4.07713,14.2782,0.00108937,,88,2.83473,0.00458639,-0.76,
turned_deg,rest,flow,10,0,-146.045,146.045,145.91,146.18,-0,1094.57,755.368,1433.78,1048.33,2447.54,9,1.61545e-27,,100,3.99977,6.34029e-05,-1,
turned_deg,rest,self,10,0,-146.045,146.045,145.91,146.18,-0,1094.57,755.368,1433.78,1048.33,2447.54,9,1.61545e-27,,100,3.99977,6.34029e-05,-1,0.000249938
turned_deg,rest,shuffle,10,0,-146.045,146.045,145.91,146.18,-0,1094.57,755.368,1433.78,1048.33,2447.54,9,1.61545e-27,,100,3.99977,6.34029e-05,-1,
turned_deg,rest,randmat,10,0,-146.045,146.045,145.91,146.18,-0,1094.57,755.368,1433.78,1048.33,2447.54,9,1.61545e-27,,100,3.99977,6.34029e-05,-1,
turned_deg,rest,decorr,10,0,-146.045,146.045,145.91,146.18,-0,1094.57,755.368,1433.78,1048.33,2447.54,9,1.61545e-27,,100,3.99977,6.34029e-05,-1,
turned_deg,rest,drive0.5,10,0,-146.045,146.045,145.91,146.18,-0,1094.57,755.368,1433.78,1048.33,2447.54,9,1.61545e-27,,100,3.99977,6.34029e-05,-1,
turned_deg,rest,drive1.5,10,0,-146.045,146.045,145.91,146.18,-0,1094.57,755.368,1433.78,1048.33,2447.54,9,1.61545e-27,,100,3.99977,6.34029e-05,-1,
turned_deg,rest,synch,10,0,-146.045,146.045,145.91,146.18,-0,1094.57,755.368,1433.78,1048.33,2447.54,9,1.61545e-27,,100,3.99977,6.34029e-05,-1,
turned_deg,flow,self,10,-146.045,-146.045,0,-0.177288,0.177288,1,0,-0.876523,0.876523,0,0,18,1,1,50,-0.0380548,0.969644,0,1
turned_deg,flow,shuffle,10,-146.045,-146.045,0,-0.177288,0.177288,1,0,-0.876523,0.876523,0,0,18,1,,50,-0.0380548,0.969644,0,
turned_deg,flow,randmat,10,-146.045,-146.045,0,-0.177288,0.177288,1,0,-0.876523,0.876523,0,0,18,1,,50,-0.0380548,0.969644,0,
turned_deg,flow,decorr,10,-146.045,-146.045,0,-0.177288,0.177288,1,0,-0.876523,0.876523,0,0,18,1,,50,-0.0380548,0.969644,0,
turned_deg,flow,drive0.5,10,-146.045,-146.045,0,-0.177288,0.177288,1,0,-0.876523,0.876523,0,0,18,1,,50,-0.0380548,0.969644,0,
turned_deg,flow,drive1.5,10,-146.045,-146.045,0,-0.177288,0.177288,1,0,-0.876523,0.876523,0,0,18,1,,50,-0.0380548,0.969644,0,
turned_deg,flow,synch,10,-146.045,-146.045,0,-0.177288,0.177288,1,0,-0.876523,0.876523,0,0,18,1,,50,-0.0380548,0.969644,0,
turned_deg,self,shuffle,10,-146.045,-146.045,0,-0.177288,0.177288,1,0,-0.876523,0.876523,0,0,18,1,1,50,-0.0380548,0.969644,0,1
turned_deg,self,randmat,10,-146.045,-146.045,0,-0.177288,0.177288,1,0,-0.876523,0.876523,0,0,18,1,,50,-0.0380548,0.969644,0,1
turned_deg,self,decorr,10,-146.045,-146.045,0,-0.177288,0.177288,1,0,-0.876523,0.876523,0,0,18,1,1,50,-0.0380548,0.969644,0,1
turned_deg,self,drive0.5,10,-146.045,-146.045,0,-0.177288,0.177288,1,0,-0.876523,0.876523,0,0,18,1,,50,-0.0380548,0.969644,0,1
turned_deg,self,drive1.5,10,-146.045,-146.045,0,-0.177288,0.177288,1,0,-0.876523,0.876523,0,0,18,1,,50,-0.0380548,0.969644,0,1
turned_deg,self,synch,10,-146.045,-146.045,0,-0.177288,0.177288,1,0,-0.876523,0.876523,0,0,18,1,,50,-0.0380548,0.969644,0,1
turned_deg,shuffle,randmat,10,-146.045,-146.045,0,-0.177288,0.177288,1,0,-0.876523,0.876523,0,0,18,1,,50,-0.0380548,0.969644,0,
turned_deg,shuffle,decorr,10,-146.045,-146.045,0,-0.177288,0.177288,1,0,-0.876523,0.876523,0,0,18,1,,50,-0.0380548,0.969644,0,
turned_deg,shuffle,drive0.5,10,-146.045,-146.045,0,-0.177288,0.177288,1,0,-0.876523,0.876523,0,0,18,1,,50,-0.0380548,0.969644,0,
turned_deg,shuffle,drive1.5,10,-146.045,-146.045,0,-0.177288,0.177288,1,0,-0.876523,0.876523,0,0,18,1,,50,-0.0380548,0.969644,0,
turned_deg,shuffle,synch,10,-146.045,-146.045,0,-0.177288,0.177288,1,0,-0.876523,0.876523,0,0,18,1,,50,-0.0380548,0.969644,0,
turned_deg,randmat,decorr,10,-146.045,-146.045,0,-0.177288,0.177288,1,0,-0.876523,0.876523,0,0,18,1,,50,-0.0380548,0.969644,0,
turned_deg,randmat,drive0.5,10,-146.045,-146.045,0,-0.177288,0.177288,1,0,-0.876523,0.876523,0,0,18,1,,50,-0.0380548,0.969644,0,
turned_deg,randmat,drive1.5,10,-146.045,-146.045,0,-0.177288,0.177288,1,0,-0.876523,0.876523,0,0,18,1,,50,-0.0380548,0.969644,0,
turned_deg,randmat,synch,10,-146.045,-146.045,0,-0.177288,0.177288,1,0,-0.876523,0.876523,0,0,18,1,,50,-0.0380548,0.969644,0,
turned_deg,decorr,drive0.5,10,-146.045,-146.045,0,-0.177288,0.177288,1,0,-0.876523,0.876523,0,0,18,1,,50,-0.0380548,0.969644,0,
turned_deg,decorr,drive1.5,10,-146.045,-146.045,0,-0.177288,0.177288,1,0,-0.876523,0.876523,0,0,18,1,,50,-0.0380548,0.969644,0,
turned_deg,decorr,synch,10,-146.045,-146.045,0,-0.177288,0.177288,1,0,-0.876523,0.876523,0,0,18,1,,50,-0.0380548,0.969644,0,
turned_deg,drive0.5,drive1.5,10,-146.045,-146.045,0,-0.177288,0.177288,1,0,-0.876523,0.876523,0,0,18,1,,50,-0.0380548,0.969644,0,
turned_deg,drive0.5,synch,10,-146.045,-146.045,0,-0.177288,0.177288,1,0,-0.876523,0.876523,0,0,18,1,,50,-0.0380548,0.969644,0,
turned_deg,drive1.5,synch,10,-146.045,-146.045,0,-0.177288,0.177288,1,0,-0.876523,0.876523,0,0,18,1,,50,-0.0380548,0.969644,0,
ring_pc12_var,rest,flow,10,0,0.508261,-0.508261,-0.536808,-0.479714,0,-18.0122,-23.6625,-12.3618,-17.2511,-40.2764,9,1.78477e-11,,0,-3.99806,6.38644e-05,1,
ring_pc12_var,rest,self,10,0,0.515257,-0.515257,-0.542771,-0.487742,0,-18.9454,-24.8815,-13.0092,-18.1448,-42.3631,9,1.13525e-11,,0,-3.99806,6.38644e-05,1,0.000249938
ring_pc12_var,rest,shuffle,10,0,0.50733,-0.50733,-0.548917,-0.465742,0,-12.3415,-16.2652,-8.41772,-11.82,-27.5963,9,5.22795e-10,,0,-3.99806,6.38644e-05,1,
ring_pc12_var,rest,randmat,10,0,0.523862,-0.523862,-0.556432,-0.491291,0,-16.2715,-21.3896,-11.1534,-15.5839,-36.3841,9,4.43231e-11,,0,-3.99806,6.38644e-05,1,
ring_pc12_var,rest,decorr,10,0,0.42801,-0.42801,-0.458074,-0.397946,0,-14.4027,-18.9513,-9.8541,-13.7942,-32.2055,9,1.31872e-10,,0,-3.99806,6.38644e-05,1,
ring_pc12_var,rest,drive0.5,10,0,0.445232,-0.445232,-0.484965,-0.405499,0,-11.3364,-14.9572,-7.71559,-10.8574,-25.349,9,1.11304e-09,,0,-3.99806,6.38644e-05,1,
ring_pc12_var,rest,drive1.5,10,0,0.517721,-0.517721,-0.568904,-0.466538,0,-10.2332,-13.5233,-6.94304,-9.80079,-22.8821,9,2.76139e-09,,0,-3.99806,6.38644e-05,1,
ring_pc12_var,rest,synch,10,0,0.493709,-0.493709,-0.539787,-0.447632,0,-10.8398,-14.3114,-7.36807,-10.3817,-24.2384,9,1.65699e-09,,0,-3.99806,6.38644e-05,1,
ring_pc12_var,flow,self,10,0.508261,0.515257,-0.0069956,-0.0438212,0.02983,0.986423,-0.178502,-1.05677,0.699765,-0.170959,-0.399142,17.9756,0.694491,1,50,-0.0377964,0.96985,0,0.697826
ring_pc12_var,flow,shuffle,10,0.508261,0.50733,0.0009314,-0.0463533,0.0482161,1.00184,0.0186801,-0.857862,0.895222,0.0178908,0.0417699,15.9405,0.967201,,42,-0.566947,0.57075,0.16,
ring_pc12_var,flow,randmat,10,0.508261,0.523862,-0.0156006,-0.0558735,0.0246723,0.97022,-0.364408,-1.24818,0.519359,-0.349011,-0.814842,17.6958,0.425994,,41,-0.64254,0.520523,0.18,
ring_pc12_var,flow,decorr,10,0.508261,0.42801,0.0802507,0.0417402,0.118761,1.1875,1.95829,0.892186,3.0244,1.87555,4.37888,17.9519,0.000364062,,95,3.36388,0.000768539,-0.9,
ring_pc12_var,flow,drive0.5,10,0.508261,0.445232,0.0630292,0.0172578,0.108801,1.14156,1.30332,0.338221,2.26843,1.24825,2.91432,16.3367,0.00996916,,81,2.30558,0.0211339,-0.62,
ring_pc12_var,flow,drive1.5,10,0.508261,0.517721,-0.00946,-0.0649858,0.0460658,0.981728,-0.163302,-1.04128,0.71468,-0.156402,-0.365154,14.1054,0.720413,,54,0.264575,0.791337,-0.08,
ring_pc12_var,flow,synch,10,0.508261,0.493709,0.0145518,-0.0365138,0.0656174,1.02947,0.271596,-0.608958,1.15215,0.26012,0.607307,15.0218,0.552717,,56,0.415761,0.677585,-0.12,
ring_pc12_var,self,shuffle,10,0.515257,0.50733,0.007927,-0.0388971,0.0547511,1.01562,0.160823,-0.717115,1.03876,0.154028,0.359611,15.6121,0.723956,1,45,-0.340168,0.73373,0.1,0.734816
ring_pc12_var,self,randmat,10,0.515257,0.523862,-0.008605,-0.0482822,0.0310722,0.983574,-0.204176,-1.08298,0.674627,-0.195549,-0.456551,17.5109,0.653606,,43,-0.491354,0.623176,0.14,0.655586
ring_pc12_var,self,decorr,10,0.515257,0.42801,0.0872463,0.0493759,0.125117,1.20384,2.16578,1.06181,3.26976,2.07427,4.84284,17.8605,0.000133371,0.000400112,94,3.28829,0.00100798,-0.88,0.000499875
ring_pc12_var,self,drive0.5,10,0.515257,0.445232,0.0700248,0.0247387,0.115311,1.15728,1.46581,0.478577,2.45305,1.40388,3.27766,16.0178,0.0047313,,87,2.75914,0.00579536,-0.74,0.00499875
ring_pc12_var,self,drive1.5,10,0.515257,0.517721,-0.0024644,-0.0576336,0.0527048,0.99524,-0.0429045,-0.919528,0.833719,-0.0410916,-0.0959373,13.8008,0.92495,,58,0.566947,0.57075,-0.16,0.928018
ring_pc12_var,self,synch,10,0.515257,0.493709,0.0215474,-0.0291108,0.0722056,1.04364,0.406184,-0.479331,1.2917,0.389021,0.908255,14.6942,0.378399,,59,0.64254,0.520523,-0.18,0.373407
ring_pc12_var,shuffle,randmat,10,0.50733,0.523862,-0.016532,-0.0657936,0.0327296,0.968442,-0.316616,-1.19861,0.565381,-0.303238,-0.707975,17.0225,0.488542,,49,-0.0377964,0.96985,0.02,
ring_pc12_var,shuffle,decorr,10,0.50733,0.42801,0.0793193,0.0313226,0.127316,1.18532,1.56373,0.562169,2.56529,1.49766,3.49661,16.3889,0.00289478,,86,2.68355,0.00728456,-0.72,
ring_pc12_var,shuffle,drive0.5,10,0.50733,0.445232,0.0620978,0.00867242,0.115523,1.13947,1.09224,0.152633,2.03185,1.04609,2.44232,17.9627,0.0251625,,77,2.00321,0.0451546,-0.54,
ring_pc12_var,shuffle,drive1.5,10,0.50733,0.517721,-0.0103914,-0.0718236,0.0510408,0.979929,-0.159407,-1.03732,0.718506,-0.152672,-0.356446,17.2763,0.725823,,52,0.113389,0.909722,-0.04,
ring_pc12_var,shuffle,synch,10,0.50733,0.493709,0.0136204,-0.0440685,0.0713093,1.02759,0.221997,-0.657221,1.10122,0.212617,0.496401,17.814,0.625681,,58,0.566947,0.57075,-0.16,
ring_pc12_var,randmat,decorr,10,0.523862,0.42801,0.0958513,0.0546668,0.137036,1.22395,2.1877,1.07958,3.29582,2.09526,4.89184,17.8858,0.000119467,,96,3.43948,0.00058284,-0.92,
ring_pc12_var,randmat,drive0.5,10,0.523862,0.445232,0.0786298,0.0307832,0.126476,1.1766,1.54832,0.54906,2.54758,1.4829,3.46215,17.3329,0.00290943,,86,2.68355,0.00728456,-0.72,
ring_pc12_var,randmat,drive1.5,10,0.523862,0.517721,0.0061406,-0.0509359,0.0632171,1.01186,0.102399,-0.774698,0.979495,0.0980719,0.22897,15.2623,0.821932,,61,0.793725,0.427355,-0.22,
ring_pc12_var,randmat,synch,10,0.523862,0.493709,0.0301524,-0.022674,0.0829788,1.06107,0.540597,-0.351792,1.43299,0.517754,1.20881,16.1971,0.244087,,64,1.0205,0.307489,-0.28,
ring_pc12_var,decorr,drive0.5,10,0.42801,0.445232,-0.0172215,-0.0637416,0.0292986,0.96132,-0.349672,-1.23287,0.533523,-0.334897,-0.781891,16.7614,0.445184,,42,-0.566947,0.57075,0.16,
ring_pc12_var,decorr,drive1.5,10,0.42801,0.517721,-0.0897107,-0.145791,-0.0336302,0.82672,-1.52895,-2.52534,-0.532561,-1.46435,-3.41884,14.5498,0.00395587,,12,-2.83473,0.00458639,0.76,
ring_pc12_var,decorr,synch,10,0.42801,0.493709,-0.0656989,-0.117396,-0.0140014,0.866928,-1.20807,-2.16119,-0.254939,-1.15702,-2.70132,15.4871,0.0160689,,23,-2.00321,0.0451546,0.54,
ring_pc12_var,drive0.5,drive1.5,10,0.445232,0.517721,-0.0724892,-0.132932,-0.0120464,0.859984,-1.1318,-2.0759,-0.187711,-1.08398,-2.53079,16.9575,0.0215721,,19,-2.30558,0.0211339,0.62,
ring_pc12_var,drive0.5,synch,10,0.445232,0.493709,-0.0484774,-0.105071,0.00811648,0.90181,-0.806062,-1.71748,0.10536,-0.772003,-1.80241,17.6189,0.0886145,,28,-1.62525,0.10411,0.44,
ring_pc12_var,drive1.5,synch,10,0.517721,0.493709,0.0240118,-0.039998,0.0880216,1.04864,0.352732,-0.530581,1.23604,0.337828,0.788732,17.8049,0.440645,,61,0.793725,0.427355,-0.22,
ring_loop,rest,flow,10,1,0.18,0.82,0.789278,0.850722,5.55556,27.002,18.5884,35.4156,25.8611,60.3783,9,4.72673e-13,,100,3.99977,6.34029e-05,-1,
ring_loop,rest,self,10,1,0.182,0.818,0.793036,0.842964,5.49451,33.1501,22.8396,43.4605,31.7494,74.1258,9,7.48582e-14,,100,4.00494,6.20335e-05,-1,0.000249938
ring_loop,rest,shuffle,10,1,0.172,0.828,0.792825,0.863175,5.81395,23.8143,16.3824,31.2461,22.808,53.2503,9,1.45996e-12,,100,4.00839,6.11334e-05,-1,
ring_loop,rest,randmat,10,1,0.199,0.801,0.767371,0.834629,5.02513,24.0964,16.5777,31.615,23.0782,53.8811,9,1.31354e-12,,100,4.00839,6.11334e-05,-1,
ring_loop,rest,decorr,10,1,0.123,0.877,0.830389,0.923611,8.13008,19.0348,13.0712,24.9983,18.2305,42.563,9,1.08837e-11,,100,3.99977,6.34029e-05,-1,
ring_loop,rest,drive0.5,10,1,0.243,0.757,0.739461,0.774539,4.11523,43.665,30.105,57.225,41.82,97.6379,9,6.28967e-15,,100,4.00666,6.15822e-05,-1,
ring_loop,rest,drive1.5,10,1,0.166,0.834,0.797963,0.870037,6.0241,23.4128,16.1045,30.7212,22.4236,52.3527,9,1.70056e-12,,100,4.00149,6.29439e-05,-1,
ring_loop,rest,synch,10,1,0.203,0.797,0.746863,0.847137,4.92611,16.0818,11.0216,21.142,15.4023,35.96,9,4.92236e-11,,100,3.99806,6.38644e-05,-1,
ring_loop,flow,self,10,0.18,0.182,-0.002,-0.0388751,0.0348751,0.989011,-0.0511124,-0.927778,0.825553,-0.0489528,-0.114291,17.2765,0.910325,1,49.5,0,1,0.01,0.954011
ring_loop,flow,shuffle,10,0.18,0.172,0.008,-0.0354302,0.0514302,1.04651,0.173295,-0.704871,1.05146,0.165973,0.3875,17.6801,0.703011,,54,0.267405,0.789157,-0.08,
ring_loop,flow,randmat,10,0.18,0.199,-0.019,-0.0613281,0.0233281,0.904523,-0.421991,-1.30822,0.464234,-0.40416,-0.9436,17.8549,0.357968,,38,-0.872275,0.383059,0.24,
ring_loop,flow,decorr,10,0.18,0.123,0.057,0.00456982,0.10943,1.46341,1.03295,0.0998081,1.9661,0.989309,2.30976,15.5783,0.0349692,,79.5,2.19633,0.0280686,-0.59,
ring_loop,flow,drive0.5,10,0.18,0.243,-0.063,-0.0964742,-0.0295258,0.740741,-1.80163,-2.84087,-0.762397,-1.72551,-4.02858,14.303,0.00119525,,9,-3.07542,0.00210208,0.82,
ring_loop,flow,drive1.5,10,0.18,0.166,0.014,-0.0300592,0.0580592,1.08434,0.299086,-0.582324,1.1805,0.286448,0.668776,17.5604,0.512335,,61,0.796123,0.42596,-0.22,
ring_loop,flow,synch,10,0.18,0.203,-0.023,-0.0784288,0.0324288,0.8867,-0.39571,-1.28077,0.48935,-0.378989,-0.884834,14.9235,0.39028,,42,-0.568015,0.570025,0.16,
ring_loop,self,shuffle,10,0.182,0.172,0.01,-0.0303737,0.0503737,1.05814,0.234547,-0.644984,1.11408,0.224636,0.524463,16.2316,0.607046,1,49.5,0,1,0.01,0.675081
ring_loop,self,randmat,10,0.182,0.199,-0.017,-0.056132,0.022132,0.914573,-0.410637,-1.29635,0.475075,-0.393286,-0.918211,16.6084,0.371651,,38,-0.876934,0.380523,0.24,0.3984
ring_loop,self,decorr,10,0.182,0.123,0.059,0.00878976,0.10921,1.47967,1.12885,0.185101,2.07261,1.08116,2.5242,13.7706,0.0245394,0.0736182,82,2.38747,0.0169649,-0.64,0.0252437
ring_loop,self,drive0.5,10,0.182,0.243,-0.061,-0.0895696,-0.0324304,0.748971,-2.02275,-3.10035,-0.945146,-1.93728,-4.523,16.1443,0.000339376,,6.5,-3.2665,0.00108887,0.87,0.000499875
ring_loop,self,drive1.5,10,0.182,0.166,0.016,-0.0250778,0.0570778,1.09639,0.369231,-0.514729,1.25319,0.353629,0.825625,16.0208,0.421142,,63.5,0.987171,0.323559,-0.27,0.449388
ring_loop,self,synch,10,0.182,0.203,-0.021,-0.0744043,0.0324043,0.896552,-0.379319,-1.26369,0.505051,-0.363291,-0.848182,13.204,0.411449,,44,-0.417491,0.676319,0.12,0.426643
ring_loop,shuffle,randmat,10,0.172,0.199,-0.027,-0.0722021,0.0182021,0.864322,-0.561297,-1.45491,0.332319,-0.53758,-1.2551,17.9638,0.225526,,36,-1.02748,0.304194,0.28,
ring_loop,shuffle,decorr,10,0.172,0.123,0.049,-0.00552599,0.103526,1.39837,0.848917,-0.0662339,1.76407,0.813047,1.89824,16.7404,0.0750445,,76,1.93271,0.0532717,-0.52,
ring_loop,shuffle,drive0.5,10,0.172,0.243,-0.071,-0.108474,-0.0335256,0.707819,-1.82747,-2.87103,-0.783907,-1.75025,-4.08634,13.2147,0.00124464,,5,-3.38688,0.000706921,0.9,
ring_loop,shuffle,drive1.5,10,0.172,0.166,0.006,-0.0407708,0.0527708,1.03614,0.120537,-0.756781,0.997855,0.115444,0.269529,17.9895,0.79059,,62,0.875595,0.38125,-0.24,
ring_loop,shuffle,synch,10,0.172,0.203,-0.031,-0.0883562,0.0263562,0.847291,-0.512065,-1.40284,0.378707,-0.490428,-1.14501,16.1318,0.268909,,41.5,-0.60703,0.543831,0.17,
ring_loop,randmat,decorr,10,0.199,0.123,0.076,0.0222372,0.129763,1.61789,1.33771,0.368098,2.30732,1.28119,2.99121,16.3722,0.00846931,,84.5,2.58085,0.00985565,-0.69,
ring_loop,randmat,drive0.5,10,0.199,0.243,-0.044,-0.0800704,-0.00792959,0.81893,-1.17362,-2.12261,-0.224639,-1.12403,-2.6243,13.5587,0.0204313,,18,-2.4002,0.0163861,0.64,
ring_loop,randmat,drive1.5,10,0.199,0.166,0.033,-0.0127935,0.0787935,1.1988,0.677304,-0.223999,1.57861,0.648686,1.5145,17.9146,0.147344,,68,1.32838,0.184052,-0.36,
ring_loop,randmat,synch,10,0.199,0.203,-0.004,-0.0606525,0.0526525,0.980296,-0.0670297,-0.943798,0.809739,-0.0641975,-0.149883,15.735,0.882761,,51.5,0.07585,0.939538,-0.03,
ring_loop,decorr,drive0.5,10,0.123,0.243,-0.12,-0.1682,-0.0718,0.506173,-2.43767,-3.5948,-1.28053,-2.33467,-5.45079,11.4985,0.000171524,,7.5,-3.18932,0.00142607,0.85,
ring_loop,decorr,drive1.5,10,0.123,0.166,-0.043,-0.0979678,0.0119678,0.740964,-0.738349,-1.64424,0.167546,-0.707151,-1.651,16.9271,0.117168,,28.5,-1.59104,0.1116,0.43,
ring_loop,decorr,synch,10,0.123,0.203,-0.08,-0.143602,-0.0163981,0.605911,-1.18225,-2.13226,-0.232239,-1.1323,-2.6436,17.9051,0.0165606,,18.5,-2.34957,0.0187951,0.63,
ring_loop,drive0.5,drive1.5,10,0.243,0.166,0.077,0.038736,0.115264,1.46386,1.94365,0.880119,3.00718,1.86152,4.34613,13.0371,0.000787551,,88.5,2.88997,0.00385284,-0.77,
ring_loop,drive0.5,synch,10,0.243,0.203,0.04,-0.0115843,0.0915843,1.19704,0.761847,-0.145915,1.66961,0.729656,1.70354,11.1702,0.116094,,64,1.02514,0.305297,-0.28,
ring_loop,drive1.5,synch,10,0.166,0.203,-0.037,-0.0947644,0.0207644,0.817734,-0.606232,-1.50266,0.290198,-0.580616,-1.35558,16.3402,0.193676,,30,-1.47796,0.13942,0.4,
ring_track_gain_yaw,rest,flow,10,0,0.599465,-0.599465,-0.781768,-0.417161,0,-3.32665,-4.67982,-1.97347,-3.18608,-7.43861,9,3.93922e-05,,0,-3.99806,6.38644e-05,1,
ring_track_gain_yaw,rest,self,10,0,0.500619,-0.500619,-0.656854,-0.344384,0,-3.24165,-4.57487,-1.90844,-3.10468,-7.24856,9,4.82374e-05,,0,-3.99806,6.38644e-05,1,0.000249938
ring_track_gain_yaw,rest,shuffle,10,0,0.509227,-0.509227,-0.695077,-0.323376,0,-2.77195,-3.99923,-1.54467,-2.65483,-6.19827,9,0.000159196,,0,-3.99806,6.38644e-05,1,
ring_track_gain_yaw,rest,randmat,10,0,0.483184,-0.483184,-0.637042,-0.329327,0,-3.17711,-4.49532,-1.85889,-3.04286,-7.10423,9,5.64081e-05,,0,-3.99806,6.38644e-05,1,
ring_track_gain_yaw,rest,decorr,10,0,0.500183,-0.500183,-0.604884,-0.395482,0,-4.83299,-6.56835,-3.09762,-4.62878,-10.8069,9,1.86896e-06,,0,-3.99806,6.38644e-05,1,
ring_track_gain_yaw,rest,drive0.5,10,0,0.477793,-0.477793,-0.619569,-0.336017,0,-3.40938,-4.78219,-2.03657,-3.26532,-7.62361,9,3.24617e-05,,0,-3.99806,6.38644e-05,1,
ring_track_gain_yaw,rest,drive1.5,10,0,0.64192,-0.64192,-0.890033,-0.393806,0,-2.61739,-3.81163,-1.42315,-2.50679,-5.85266,9,0.000242953,,0,-3.99806,6.38644e-05,1,
ring_track_gain_yaw,rest,synch,10,0,0.614768,-0.614768,-0.829508,-0.400028,0,-2.89625,-4.15079,-1.64171,-2.77388,-6.47622,9,0.00011458,,0,-3.99806,6.38644e-05,1,
ring_track_gain_yaw,flow,self,10,0.599465,0.500619,0.0988458,-0.124508,0.3222,1.19745,0.416504,-0.469471,1.30248,0.398905,0.931331,17.5878,0.364291,1,63,0.944911,0.344704,-0.26,0.363409
ring_track_gain_yaw,flow,shuffle,10,0.599465,0.509227,0.090238,-0.151549,0.332025,1.17721,0.350665,-0.532568,1.2339,0.335848,0.784111,17.9933,0.443175,,65,1.0961,0.273036,-0.3,
ring_track_gain_yaw,flow,randmat,10,0.599465,0.483184,0.116281,-0.105717,0.338278,1.24065,0.493132,-0.396613,1.38288,0.472296,1.10268,17.5057,0.285096,,60,0.718132,0.472676,-0.2,
ring_track_gain_yaw,flow,decorr,10,0.599465,0.500183,0.0992814,-0.0995804,0.298143,1.19849,0.47776,-0.411179,1.3667,0.457573,1.0683,14.3547,0.30302,,60,0.718132,0.472676,-0.2,
ring_track_gain_yaw,flow,drive0.5,10,0.599465,0.477793,0.121671,-0.0937477,0.337091,1.25465,0.532992,-0.358958,1.42494,0.510471,1.19181,16.9708,0.249738,,60,0.718132,0.472676,-0.2,
ring_track_gain_yaw,flow,drive1.5,10,0.599465,0.64192,-0.0424552,-0.330239,0.245329,0.933862,-0.139501,-1.01709,0.738087,-0.133606,-0.311933,16.5246,0.758993,,41,-0.64254,0.520523,0.18,
ring_track_gain_yaw,flow,synch,10,0.599465,0.614768,-0.0153035,-0.277409,0.246802,0.975107,-0.0549618,-0.93165,0.821726,-0.0526395,-0.122898,17.538,0.903585,,50,-0.0377964,0.96985,0,
ring_track_gain_yaw,self,shuffle,10,0.500619,0.509227,-0.0086078,-0.234577,0.217361,0.983096,-0.0358665,-0.91246,0.840727,-0.034351,-0.0801999,17.4836,0.936989,1,54,0.264575,0.791337,-0.08,0.941515
ring_track_gain_yaw,self,randmat,10,0.500619,0.483184,0.0174348,-0.186215,0.221084,1.03608,0.0804388,-0.796438,0.957316,0.07704,0.179867,17.9958,0.859267,,52,0.113389,0.909722,-0.04,0.854536
ring_track_gain_yaw,self,decorr,10,0.500619,0.500183,0.0004356,-0.17606,0.176931,1.00087,0.00234314,-0.87418,0.878866,0.00224413,0.00523941,15.727,0.995885,1,49,-0.0377964,0.96985,0.02,0.996751
ring_track_gain_yaw,self,drive0.5,10,0.500619,0.477793,0.0228257,-0.173242,0.218894,1.04777,0.109454,-0.767724,0.986633,0.10483,0.244748,17.8329,0.809446,,48,-0.113389,0.909722,0.04,0.796301
ring_track_gain_yaw,self,drive1.5,10,0.500619,0.64192,-0.141301,-0.4173,0.134698,0.779877,-0.48754,-1.37699,0.401909,-0.46694,-1.09017,15.1675,0.292654,,36,-1.0205,0.307489,0.28,0.28143
ring_track_gain_yaw,self,synch,10,0.500619,0.614768,-0.114149,-0.362468,0.134169,0.814321,-0.434857,-1.32168,0.451964,-0.416483,-0.972371,16.4426,0.344955,,42,-0.566947,0.57075,0.16,0.336416
ring_track_gain_yaw,shuffle,randmat,10,0.509227,0.483184,0.0260426,-0.198595,0.25068,1.0539,0.109198,-0.767978,0.986373,0.104584,0.244174,17.3937,0.809953,,53,0.188982,0.850107,-0.06,
ring_track_gain_yaw,shuffle,decorr,10,0.509227,0.500183,0.0090434,-0.192949,0.211036,1.01808,0.0428895,-0.833734,0.919513,0.0410773,0.0959038,14.19,0.924938,,40,-0.718132,0.472676,0.2,
ring_track_gain_yaw,shuffle,drive0.5,10,0.509227,0.477793,0.0314335,-0.186751,0.249618,1.06579,0.136042,-0.741494,1.01358,0.130293,0.304198,16.825,0.764707,,43,-0.491354,0.623176,0.14,
ring_track_gain_yaw,shuffle,drive1.5,10,0.509227,0.64192,-0.132693,-0.422239,0.156853,0.793287,-0.433035,-1.31977,0.453701,-0.414738,-0.968296,16.6813,0.346727,,37,-0.944911,0.344704,0.26,
ring_track_gain_yaw,shuffle,synch,10,0.509227,0.614768,-0.105542,-0.369685,0.158602,0.828323,-0.375966,-1.2602,0.508266,-0.360081,-0.840687,17.6369,0.411777,,45,-0.340168,0.73373,0.1,
ring_track_gain_yaw,randmat,decorr,10,0.483184,0.500183,-0.0169992,-0.191522,0.157523,0.966014,-0.0924086,-0.969399,0.784582,-0.088504,-0.206632,15.8637,0.838926,,50,-0.0377964,0.96985,0,
ring_track_gain_yaw,randmat,drive0.5,10,0.483184,0.477793,0.00539086,-0.189009,0.19979,1.01128,0.0260672,-0.850493,0.902627,0.0249658,0.0582881,17.8809,0.954166,,52,0.113389,0.909722,-0.04,
ring_track_gain_yaw,randmat,drive1.5,10,0.483184,0.64192,-0.158736,-0.433765,0.116294,0.752717,-0.55006,-1.443,0.342884,-0.526818,-1.22997,15.03,0.237613,,34,-1.17169,0.241322,0.32,
ring_track_gain_yaw,randmat,synch,10,0.483184,0.614768,-0.131584,-0.378756,0.115588,0.785961,-0.503917,-1.39424,0.386408,-0.482625,-1.12679,16.3131,0.276133,,34,-1.17169,0.241322,0.32,
ring_track_gain_yaw,decorr,drive0.5,10,0.500183,0.477793,0.0223901,-0.142315,0.187096,1.04686,0.128521,-0.748906,1.00595,0.12309,0.287381,16.5663,0.777384,,48,-0.113389,0.909722,0.04,
ring_track_gain_yaw,decorr,drive1.5,10,0.500183,0.64192,-0.141737,-0.400862,0.117388,0.779199,-0.532455,-1.42437,0.359464,-0.509957,-1.19061,12.1068,0.25663,,33,-1.24728,0.212294,0.34,
ring_track_gain_yaw,decorr,synch,10,0.500183,0.614768,-0.114585,-0.342651,0.113481,0.813613,-0.485222,-1.37455,0.404105,-0.464719,-1.08499,13.0502,0.297564,,42,-0.566947,0.57075,0.16,
ring_track_gain_yaw,drive0.5,drive1.5,10,0.477793,0.64192,-0.164127,-0.434512,0.106259,0.744319,-0.581046,-1.47587,0.313781,-0.556495,-1.29926,14.311,0.214398,,32,-1.32288,0.185877,0.36,
ring_track_gain_yaw,drive0.5,synch,10,0.477793,0.614768,-0.136975,-0.378626,0.104676,0.777193,-0.538524,-1.43079,0.353744,-0.51577,-1.20418,15.5933,0.246482,,40,-0.718132,0.472676,0.2,
ring_track_gain_yaw,drive1.5,synch,10,0.64192,0.614768,0.0271517,-0.278047,0.332351,1.04417,0.0837106,-0.793196,0.960617,0.0801735,0.187183,17.637,0.853654,,51,0.0377964,0.96985,-0.02,
ring_lag_yaw_deg,rest,flow,10,0,105.773,-105.773,-193.963,-17.5818,0,-1.21335,-2.16713,-0.259583,-1.16209,-2.71314,9,0.0238743,,20,-2.38268,0.0171871,0.6,
ring_lag_yaw_deg,rest,self,10,0,122.94,-122.94,-205.896,-39.9832,0,-1.49927,-2.49132,-0.507219,-1.43592,-3.35247,9,0.00849017,,20,-2.38268,0.0171871,0.6,0.00624844
ring_lag_yaw_deg,rest,shuffle,10,0,78.8394,-78.8394,-182.226,24.5473,0,-0.771465,-1.68001,0.137077,-0.738868,-1.72505,9,0.118603,,30,-1.57499,0.115258,0.4,
ring_lag_yaw_deg,rest,randmat,10,0,129.756,-129.756,-201.108,-58.4028,0,-1.83973,-2.88535,-0.794099,-1.76199,-4.11375,9,0.00262228,,10,-3.19037,0.00142091,0.8,
ring_lag_yaw_deg,rest,decorr,10,0,98.0228,-98.0228,-182.595,-13.4502,0,-1.17256,-2.12142,-0.223701,-1.12301,-2.62192,9,0.0277234,,20,-2.38268,0.0171871,0.6,
ring_lag_yaw_deg,rest,drive0.5,10,0,96.3263,-96.3263,-183.625,-9.02807,0,-1.11629,-2.05861,-0.173972,-1.06912,-2.4961,9,0.0340791,,20,-2.38268,0.0171871,0.6,
ring_lag_yaw_deg,rest,drive1.5,10,0,126.087,-126.087,-196.833,-55.3415,0,-1.80305,-2.84253,-0.76358,-1.72687,-4.03175,9,0.00296514,,10,-3.19037,0.00142091,0.8,
ring_lag_yaw_deg,rest,synch,10,0,146.019,-146.019,-176.022,-116.017,0,-4.92371,-6.6834,-3.16402,-4.71567,-11.0098,9,1.59794e-06,,0,-3.99806,6.38644e-05,1,
ring_lag_yaw_deg,flow,self,10,105.773,122.94,-17.167,-129.643,95.3093,0.860362,-0.143442,-1.02109,0.734207,-0.137381,-0.320745,17.933,0.752111,1,36,-1.0205,0.307489,0.28,0.618345
ring_lag_yaw_deg,flow,shuffle,10,105.773,78.8394,26.9332,-99.4976,153.364,1.34162,0.200509,-0.678213,1.07923,0.192037,0.448352,17.5635,0.659381,,52,0.113389,0.909722,-0.04,
ring_lag_yaw_deg,flow,randmat,10,105.773,129.756,-23.9829,-129.668,81.7025,0.815169,-0.21388,-1.0929,0.665145,-0.204843,-0.47825,17.2484,0.638478,,50,-0.0377964,0.96985,0,
ring_lag_yaw_deg,flow,decorr,10,105.773,98.0228,7.74978,-105.744,121.244,1.07906,0.0641645,-0.812584,0.940913,0.0614533,0.143476,17.9685,0.887511,,53,0.188982,0.850107,-0.06,
ring_lag_yaw_deg,flow,drive0.5,10,105.773,96.3263,9.44628,-105.801,124.694,1.09807,0.0770119,-0.799835,0.953859,0.0737579,0.172204,17.9981,0.865199,,54,0.264575,0.791337,-0.08,
ring_lag_yaw_deg,flow,drive1.5,10,105.773,126.087,-20.3144,-125.671,85.0424,0.838886,-0.181775,-1.06011,0.696556,-0.174094,-0.406461,17.1911,0.689419,,52,0.113389,0.909722,-0.04,
ring_lag_yaw_deg,flow,synch,10,105.773,146.019,-40.2468,-130.827,50.3329,0.724373,-0.437085,-1.32401,0.449842,-0.418617,-0.977352,11.0557,0.349297,,50,-0.0377964,0.96985,0,
ring_lag_yaw_deg,self,shuffle,10,122.94,78.8394,44.1002,-79.4216,167.622,1.55937,0.336578,-0.546129,1.21928,0.322356,0.752611,17.1929,0.461865,1,61,0.793725,0.427355,-0.22,0.379905
ring_lag_yaw_deg,self,randmat,10,122.94,129.756,-6.81586,-108.601,94.9694,0.947472,-0.063017,-0.939757,0.813723,-0.0603543,-0.14091,17.6062,0.889541,,63,0.944911,0.344704,-0.26,0.975756
ring_lag_yaw_deg,self,decorr,10,122.94,98.0228,24.9168,-85.1089,134.943,1.25419,0.212782,-0.666217,1.09178,0.203791,0.475795,17.9933,0.639946,1,66,1.17169,0.241322,-0.32,0.605849
ring_lag_yaw_deg,self,drive0.5,10,122.94,96.3263,26.6133,-85.2514,138.478,1.27628,0.223569,-0.655687,1.10283,0.214122,0.499915,17.9534,0.623206,,65,1.0961,0.273036,-0.3,0.602849
ring_lag_yaw_deg,self,drive1.5,10,122.94,126.087,-3.14741,-104.584,98.2892,0.975038,-0.0292052,-0.905774,0.847364,-0.0279712,-0.0653048,17.5622,0.948669,,58,0.566947,0.57075,-0.16,0.984004
ring_lag_yaw_deg,self,synch,10,122.94,146.019,-23.0798,-108.619,62.4594,0.84194,-0.264683,-1.14504,0.615669,-0.2535,-0.59185,11.3148,0.565589,,59,0.64254,0.520523,-0.18,0.539615
ring_lag_yaw_deg,shuffle,randmat,10,78.8394,129.756,-50.9161,-168.642,66.8102,0.6076,-0.410052,-1.29574,0.475634,-0.392726,-0.916905,15.9882,0.372817,,48,-0.113389,0.909722,0.04,
ring_lag_yaw_deg,shuffle,decorr,10,78.8394,98.0228,-19.1834,-143.585,105.218,0.804296,-0.145295,-1.02297,0.732383,-0.139156,-0.324889,17.3196,0.749157,,51,0.0377964,0.96985,-0.02,
ring_lag_yaw_deg,shuffle,drive0.5,10,78.8394,96.3263,-17.4869,-143.409,108.436,0.818462,-0.13074,-1.0082,0.746718,-0.125216,-0.292344,17.5085,0.77346,,51,0.0377964,0.96985,-0.02,
ring_lag_yaw_deg,shuffle,drive1.5,10,78.8394,126.087,-47.2477,-164.697,70.2017,0.625278,-0.381553,-1.26601,0.502909,-0.365431,-0.853178,15.9127,0.40622,,45,-0.340168,0.73373,0.1,
ring_lag_yaw_deg,shuffle,synch,10,78.8394,146.019,-67.1801,-172.526,38.166,0.539924,-0.631329,-1.52942,0.266763,-0.604654,-1.4117,10.5052,0.186966,,44,-0.415761,0.677585,0.12,
ring_lag_yaw_deg,randmat,decorr,10,129.756,98.0228,31.7327,-71.2413,134.707,1.32373,0.290127,-0.590995,1.17125,0.277868,0.648743,17.5039,0.524926,,56,0.415761,0.677585,-0.12,
ring_lag_yaw_deg,randmat,drive0.5,10,129.756,96.3263,33.4292,-71.5811,138.439,1.34704,0.299953,-0.581485,1.18139,0.287279,0.670715,17.3143,0.51125,,59,0.64254,0.520523,-0.18,
ring_lag_yaw_deg,randmat,drive1.5,10,129.756,126.087,3.66845,-89.6499,96.9868,1.02909,0.0369354,-0.839662,0.913533,0.0353747,0.08259,17.9987,0.935089,,52,0.113389,0.909722,-0.04,
ring_lag_yaw_deg,randmat,synch,10,129.756,146.019,-16.2639,-90.7572,58.2293,0.888618,-0.21257,-1.09156,0.666425,-0.203588,-0.47532,12.086,0.643034,,54,0.264575,0.791337,-0.08,
ring_lag_yaw_deg,decorr,drive0.5,10,98.0228,96.3263,1.6965,-111.195,114.588,1.01761,0.0141205,-0.862413,0.890654,0.0135238,0.0315744,17.9819,0.975159,,51,0.0377964,0.96985,-0.02,
ring_lag_yaw_deg,decorr,drive1.5,10,98.0228,126.087,-28.0642,-130.696,74.5674,0.777422,-0.257495,-1.13764,0.622652,-0.246615,-0.575777,17.4553,0.572115,,46,-0.264575,0.791337,0.08,
ring_lag_yaw_deg,decorr,synch,10,98.0228,146.019,-47.9966,-135.089,39.0958,0.6713,-0.541101,-1.43352,0.351317,-0.518238,-1.20994,11.23,0.251156,,45,-0.340168,0.73373,0.1,
ring_lag_yaw_deg,drive0.5,drive1.5,10,96.3263,126.087,-29.7607,-134.439,74.9176,0.763967,-0.267948,-1.14839,0.612499,-0.256626,-0.599149,17.2591,0.556857,,46,-0.264575,0.791337,0.08,
ring_lag_yaw_deg,drive0.5,synch,10,96.3263,146.019,-49.6931,-139.411,40.0251,0.659681,-0.54461,-1.43723,0.348013,-0.521598,-1.21778,11.0968,0.248567,,43,-0.491354,0.623176,0.14,
ring_lag_yaw_deg,drive1.5,synch,10,126.087,146.019,-19.9324,-93.8539,53.9891,0.863495,-0.262412,-1.1427,0.617874,-0.251325,-0.586772,12.1359,0.568112,,51,0.0377964,0.96985,-0.02,
ring_track_gain_head,rest,flow,10,0,0.237272,-0.237272,-0.309878,-0.164666,0,-3.30607,-4.6544,-1.95775,-3.16638,-7.3926,9,4.13572e-05,,0,-3.99806,6.38644e-05,1,
ring_track_gain_head,rest,self,10,0,0.198079,-0.198079,-0.26012,-0.136037,0,-3.22994,-4.56043,-1.89945,-3.09346,-7.22237,9,4.96183e-05,,0,-3.99806,6.38644e-05,1,0.000249938
ring_track_gain_head,rest,shuffle,10,0,0.201724,-0.201724,-0.275808,-0.12764,0,-2.75469,-3.97822,-1.53115,-2.63829,-6.15967,9,0.000166765,,0,-3.99806,6.38644e-05,1,
ring_track_gain_head,rest,randmat,10,0,0.19122,-0.19122,-0.252359,-0.130081,0,-3.16411,-4.47932,-1.8489,-3.03041,-7.07516,9,5.82301e-05,,0,-3.99806,6.38644e-05,1,
ring_track_gain_head,rest,decorr,10,0,0.197754,-0.197754,-0.238917,-0.156591,0,-4.86027,-6.60294,-3.11761,-4.65491,-10.8679,9,1.78247e-06,,0,-3.99806,6.38644e-05,1,
ring_track_gain_head,rest,drive0.5,10,0,0.188815,-0.188815,-0.244632,-0.132997,0,-3.42217,-4.79803,-2.04631,-3.27757,-7.6522,9,3.15152e-05,,0,-3.99806,6.38644e-05,1,
ring_track_gain_head,rest,drive1.5,10,0,0.253671,-0.253671,-0.35141,-0.155931,0,-2.62566,-3.82164,-1.42968,-2.51472,-5.87115,9,0.000237424,,0,-3.99806,6.38644e-05,1,
ring_track_gain_head,rest,synch,10,0,0.243143,-0.243143,-0.328142,-0.158144,0,-2.89392,-4.14794,-1.6399,-2.77164,-6.471,9,0.000115279,,0,-3.99806,6.38644e-05,1,
ring_track_gain_head,flow,self,10,0.237272,0.198079,0.0391931,-0.0496573,0.128044,1.19787,0.415177,-0.470739,1.30109,0.397634,0.928363,17.5726,0.365797,1,63,0.944911,0.344704,-0.26,0.364909
ring_track_gain_head,flow,shuffle,10,0.237272,0.201724,0.0355477,-0.0607922,0.131888,1.17622,0.346691,-0.536392,1.22977,0.332042,0.775224,17.9927,0.448276,,65,1.0961,0.273036,-0.3,
ring_track_gain_head,flow,randmat,10,0.237272,0.19122,0.046052,-0.042285,0.134389,1.24083,0.490833,-0.39879,1.38046,0.470094,1.09754,17.4931,0.287286,,60,0.718132,0.472676,-0.2,
ring_track_gain_head,flow,decorr,10,0.237272,0.197754,0.0395177,-0.0394874,0.118523,1.19983,0.479004,-0.41,1.36801,0.458764,1.07108,14.2437,0.301945,,60,0.718132,0.472676,-0.2,
ring_track_gain_head,flow,drive0.5,10,0.237272,0.188815,0.048457,-0.0370019,0.133916,1.25664,0.535285,-0.356796,1.42737,0.512668,1.19693,16.8843,0.247868,,60,0.718132,0.472676,-0.2,
ring_track_gain_head,flow,drive1.5,10,0.237272,0.253671,-0.0163991,-0.130157,0.0973589,0.935353,-0.136259,-1.0138,0.74128,-0.130502,-0.304685,16.6142,0.764389,,41,-0.64254,0.520523,0.18,
ring_track_gain_head,flow,synch,10,0.237272,0.243143,-0.00587146,-0.109873,0.0981304,0.975852,-0.0531363,-0.929813,0.823541,-0.0508911,-0.118816,17.5707,0.906769,,50,-0.0377964,0.96985,0,
ring_track_gain_head,self,shuffle,10,0.198079,0.201724,-0.00364544,-0.0935877,0.0862968,0.981929,-0.0381656,-0.914768,0.838437,-0.0365529,-0.0853408,17.4618,0.932961,1,54,0.264575,0.791337,-0.08,0.937516
ring_track_gain_head,self,randmat,10,0.198079,0.19122,0.0068589,-0.074038,0.0877558,1.03587,0.0796625,-0.797208,0.956533,0.0762965,0.178131,17.9961,0.86061,,52,0.113389,0.909722,-0.04,0.854536
ring_track_gain_head,self,decorr,10,0.198079,0.197754,0.00032458,-0.0695797,0.0702289,1.00164,0.0044103,-0.872113,0.880934,0.00422395,0.00986174,15.6374,0.992256,1,48,-0.113389,0.909722,0.04,0.991752
ring_track_gain_head,self,drive0.5,10,0.198079,0.188815,0.0092639,-0.0683045,0.0868323,1.04906,0.1123,-0.764913,0.989513,0.107555,0.25111,17.8025,0.804605,,48,-0.113389,0.909722,0.04,0.791052
ring_track_gain_head,self,drive1.5,10,0.198079,0.253671,-0.0555922,-0.164522,0.0533371,0.780849,-0.485808,-1.37517,0.403549,-0.465281,-1.0863,15.2396,0.29423,,36,-1.0205,0.307489,0.28,0.283429
ring_track_gain_head,self,synch,10,0.198079,0.243143,-0.0450646,-0.143452,0.0533228,0.814658,-0.433233,-1.31998,0.453512,-0.414928,-0.968739,16.4696,0.346687,,42,-0.566947,0.57075,0.16,0.339165
ring_track_gain_head,shuffle,randmat,10,0.201724,0.19122,0.0105043,-0.0789343,0.099943,1.05493,0.110634,-0.766558,0.987827,0.10596,0.247386,17.3746,0.807509,,53,0.188982,0.850107,-0.06,
ring_track_gain_head,shuffle,decorr,10,0.201724,0.197754,0.00397002,-0.0763447,0.0842847,1.02008,0.0473898,-0.829256,0.924035,0.0453874,0.105967,14.0734,0.917104,,40,-0.718132,0.472676,0.2,
ring_track_gain_head,shuffle,drive0.5,10,0.201724,0.188815,0.0129093,-0.0737093,0.099528,1.06837,0.140796,-0.736812,1.0184,0.134847,0.31483,16.7278,0.756784,,43,-0.491354,0.623176,0.14,
ring_track_gain_head,shuffle,drive1.5,10,0.201724,0.253671,-0.0519468,-0.166448,0.0625544,0.79522,-0.428501,-1.31503,0.458023,-0.410396,-0.958158,16.775,0.35159,,37,-0.944911,0.344704,0.26,
ring_track_gain_head,shuffle,synch,10,0.201724,0.243143,-0.0414191,-0.146276,0.0634376,0.829651,-0.37163,-1.25569,0.512426,-0.355927,-0.83099,17.6704,0.417067,,45,-0.340168,0.73373,0.1,
ring_track_gain_head,randmat,decorr,10,0.19122,0.197754,-0.00653432,-0.0756865,0.0626179,0.966957,-0.0896901,-0.966653,0.787273,-0.0859004,-0.200553,15.7684,0.843612,,50,-0.0377964,0.96985,0,
ring_track_gain_head,randmat,drive0.5,10,0.19122,0.188815,0.002405,-0.0745264,0.0793364,1.01274,0.0293896,-0.84718,0.905959,0.0281478,0.0657171,17.8528,0.948333,,52,0.113389,0.909722,-0.04,
ring_track_gain_head,randmat,drive1.5,10,0.19122,0.253671,-0.0624511,-0.171009,0.0461066,0.75381,-0.548024,-1.44085,0.3448,-0.524868,-1.22542,15.108,0.239179,,33,-1.24728,0.212294,0.34,
ring_track_gain_head,randmat,synch,10,0.19122,0.243143,-0.0519235,-0.149874,0.0460272,0.786449,-0.501696,-1.3919,0.388509,-0.480498,-1.12183,16.3464,0.278146,,35,-1.0961,0.273036,0.3,
ring_track_gain_head,decorr,drive0.5,10,0.197754,0.188815,0.00893932,-0.0558769,0.0737556,1.04734,0.130398,-0.747056,1.00785,0.124888,0.291579,16.5546,0.774231,,48,-0.113389,0.909722,0.04,
ring_track_gain_head,decorr,drive1.5,10,0.197754,0.253671,-0.0559168,-0.157974,0.0461404,0.779569,-0.533402,-1.42538,0.358571,-0.510864,-1.19272,12.0952,0.255851,,33,-1.24728,0.212294,0.34,
ring_track_gain_head,decorr,synch,10,0.197754,0.243143,-0.0453892,-0.13558,0.0448018,0.813323,-0.486214,-1.37559,0.403165,-0.46567,-1.08721,13.0013,0.29669,,42,-0.566947,0.57075,0.16,
ring_track_gain_head,drive0.5,drive1.5,10,0.188815,0.253671,-0.0648561,-0.171357,0.0416452,0.74433,-0.58294,-1.47789,0.312005,-0.558309,-1.30349,14.3061,0.212994,,33,-1.24728,0.212294,0.34,
ring_track_gain_head,drive0.5,synch,10,0.188815,0.243143,-0.0543285,-0.149849,0.0411921,0.776558,-0.5405,-1.43288,0.351883,-0.517662,-1.2086,15.5451,0.244882,,40,-0.718132,0.472676,0.2,
ring_track_gain_head,drive1.5,synch,10,0.253671,0.243143,0.0105277,-0.109936,0.130991,1.0433,0.0822246,-0.794668,0.959117,0.0787503,0.18386,17.6599,0.856218,,52,0.113389,0.909722,-0.04,
ring_lag_head_deg,rest,flow,10,0,-2.28778,2.28778,-85.6721,90.2476,-0,0.0263128,-0.850248,0.902873,0.025201,0.0588373,9,0.954367,,20,-2.38268,0.0171871,0.6,
ring_lag_head_deg,rest,self,10,0,14.8792,-14.8792,-97.9287,68.1703,0,-0.181251,-1.05957,0.697069,-0.173593,-0.40529,9,0.694729,,20,-2.38268,0.0171871,0.6,0.64034
ring_lag_head_deg,rest,shuffle,10,0,-29.2209,29.2209,-74.1448,132.587,-0,0.285993,-0.594999,1.16698,0.273908,0.639499,9,0.538434,,30,-1.57499,0.115258,0.4,
ring_lag_head_deg,rest,randmat,10,0,21.6952,-21.6952,-93.2507,49.8602,0,-0.306732,-1.18839,0.57493,-0.293771,-0.685873,9,0.510073,,10,-3.19037,0.00142091,0.8,
ring_lag_head_deg,rest,decorr,10,0,-10.0374,10.0374,-74.7513,94.826,-0,0.119762,-0.757546,0.99707,0.114702,0.267797,9,0.794892,,30,-1.57499,0.115258,0.4,
ring_lag_head_deg,rest,drive0.5,10,0,-11.734,11.734,-75.4965,98.9646,-0,0.136087,-0.741449,1.01362,0.130337,0.3043,9,0.767818,,40,-0.767304,0.442901,0.2,
ring_lag_head_deg,rest,drive1.5,10,0,18.0267,-18.0267,-88.9196,52.8662,0,-0.257248,-1.13739,0.622893,-0.246378,-0.575223,9,0.579235,,20,-2.38268,0.0171871,0.6,
ring_lag_head_deg,rest,synch,10,0,37.9593,-37.9593,-68.1004,-7.81816,0,-1.27408,-2.23542,-0.312733,-1.22024,-2.84893,9,0.0191226,,20,-2.38268,0.0171871,0.6,
ring_lag_head_deg,flow,self,10,-2.28778,14.8792,-17.167,-129.543,95.209,-0.153757,-0.143565,-1.02122,0.734086,-0.137499,-0.321021,17.9409,0.751904,1,36,-1.0205,0.307489,0.28,0.618095
ring_lag_head_deg,flow,shuffle,10,-2.28778,-29.2209,26.9331,-99.3503,153.216,0.0782927,0.200753,-0.677974,1.07948,0.192271,0.448898,17.5507,0.658999,,53,0.188982,0.850107,-0.06,
ring_lag_head_deg,flow,randmat,10,-2.28778,21.6952,-23.983,-129.604,81.638,-0.105451,-0.213978,-1.09301,0.665049,-0.204937,-0.47847,17.284,0.638312,,50,-0.0377964,0.96985,0,
ring_lag_head_deg,flow,decorr,10,-2.28778,-10.0374,7.7496,-105.726,121.225,0.227926,0.0641719,-0.812576,0.94092,0.0614604,0.143493,17.9758,0.887497,,52,0.113389,0.909722,-0.04,
ring_lag_head_deg,flow,drive0.5,10,-2.28778,-11.734,9.44627,-105.604,124.497,0.194969,0.0771434,-0.799705,0.953992,0.0738838,0.172498,17.9988,0.864971,,54,0.264575,0.791337,-0.08,
ring_lag_head_deg,flow,drive1.5,10,-2.28778,18.0267,-20.3145,-125.575,84.9461,-0.126911,-0.181916,-1.06025,0.696417,-0.17423,-0.406777,17.2228,0.689182,,52,0.113389,0.909722,-0.04,
ring_lag_head_deg,flow,synch,10,-2.28778,37.9593,-40.247,-130.629,50.135,-0.0602693,-0.437904,-1.32487,0.449062,-0.419401,-0.979183,11.0849,0.348377,,50,-0.0377964,0.96985,0,
ring_lag_head_deg,self,shuffle,10,14.8792,-29.2209,44.1001,-79.4559,167.656,-0.509198,0.336471,-0.546232,1.21917,0.322253,0.752371,17.2018,0.462,1,61,0.793725,0.427355,-0.22,0.379905
ring_lag_head_deg,self,randmat,10,14.8792,21.6952,-6.81599,-108.786,95.1543,0.68583,-0.0629016,-0.939641,0.813838,-0.0602437,-0.140652,17.6148,0.889741,,63,0.944911,0.344704,-0.26,0.976506
ring_lag_head_deg,self,decorr,10,14.8792,-10.0374,24.9166,-85.3133,135.147,-1.48238,0.212387,-0.666603,1.09138,0.203413,0.474911,17.9923,0.640564,1,66,1.17169,0.241322,-0.32,0.604849
ring_lag_head_deg,self,drive0.5,10,14.8792,-11.734,26.6133,-85.264,138.491,-1.26804,0.22354,-0.655715,1.1028,0.214095,0.499852,17.9567,0.623249,,64,1.0205,0.307489,-0.28,0.603849
ring_lag_head_deg,self,drive1.5,10,14.8792,18.0267,-3.14749,-104.737,98.4418,0.825399,-0.0291614,-0.905731,0.847408,-0.0279293,-0.065207,17.5672,0.948746,,60,0.718132,0.472676,-0.2,0.984504
ring_lag_head_deg,self,synch,10,14.8792,37.9593,-23.08,-108.736,62.5758,0.391979,-0.264282,-1.14462,0.616058,-0.253116,-0.590953,11.3305,0.566154,,59,0.64254,0.520523,-0.18,0.541365
ring_lag_head_deg,shuffle,randmat,10,-29.2209,21.6952,-50.9161,-168.718,66.886,-1.34688,-0.409732,-1.2954,0.475939,-0.39242,-0.91619,16.0149,0.373158,,48,-0.113389,0.909722,0.04,
ring_lag_head_deg,shuffle,decorr,10,-29.2209,-10.0374,-19.1835,-143.688,105.321,2.91121,-0.145164,-1.02284,0.732512,-0.139031,-0.324597,17.337,0.74937,,51,0.0377964,0.96985,-0.02,
ring_lag_head_deg,shuffle,drive0.5,10,-29.2209,-11.734,-17.4868,-143.356,108.382,2.49026,-0.130797,-1.00826,0.746662,-0.125271,-0.292472,17.5053,0.773364,,52,0.113389,0.909722,-0.04,
ring_lag_head_deg,shuffle,drive1.5,10,-29.2209,18.0267,-47.2476,-164.747,70.2514,-1.62098,-0.381352,-1.26581,0.503102,-0.365238,-0.852728,15.9329,0.406447,,45,-0.340168,0.73373,0.1,
ring_lag_head_deg,shuffle,synch,10,-29.2209,37.9593,-67.1801,-172.526,38.1656,-0.769796,-0.631221,-1.52931,0.266864,-0.60455,-1.41145,10.5195,0.186997,,44,-0.415761,0.677585,0.12,
ring_lag_head_deg,randmat,decorr,10,21.6952,-10.0374,31.7326,-71.516,134.981,-2.16144,0.289352,-0.591745,1.17045,0.277126,0.647011,17.5055,0.526019,,56,0.415761,0.677585,-0.12,
ring_lag_head_deg,randmat,drive0.5,10,21.6952,-11.734,33.4293,-71.6415,138.5,-1.84891,0.299751,-0.58168,1.18118,0.287086,0.670265,17.3372,0.511519,,59,0.64254,0.520523,-0.18,
ring_lag_head_deg,randmat,drive1.5,10,21.6952,18.0267,3.6685,-89.88,97.217,1.2035,0.0368451,-0.839752,0.913442,0.0352882,0.082388,17.9984,0.935247,,52,0.113389,0.909722,-0.04,
ring_lag_head_deg,randmat,synch,10,21.6952,37.9593,-16.2641,-90.9819,58.4538,0.571539,-0.211912,-1.09089,0.667067,-0.202958,-0.47385,12.0963,0.644045,,54,0.264575,0.791337,-0.08,
ring_lag_head_deg,decorr,drive0.5,10,-10.0374,-11.734,1.69667,-111.288,114.681,0.855407,0.01411,-0.862423,0.890643,0.0135138,0.031551,17.9855,0.975178,,51,0.0377964,0.96985,-0.02,
ring_lag_head_deg,decorr,drive1.5,10,-10.0374,18.0267,-28.0641,-130.939,74.8109,-0.556806,-0.256888,-1.13702,0.623243,-0.246033,-0.574419,17.4526,0.573015,,46,-0.264575,0.791337,0.08,
ring_lag_head_deg,decorr,synch,10,-10.0374,37.9593,-47.9966,-135.323,39.3301,-0.264425,-0.539598,-1.43193,0.352733,-0.516798,-1.20658,11.2389,0.252378,,45,-0.340168,0.73373,0.1,
ring_lag_head_deg,drive0.5,drive1.5,10,-11.734,18.0267,-29.7608,-134.468,74.9467,-0.650925,-0.267852,-1.1483,0.612592,-0.256534,-0.598935,17.2777,0.556989,,47,-0.188982,0.850107,0.06,
ring_lag_head_deg,drive0.5,synch,10,-11.734,37.9593,-49.6933,-139.372,39.9852,-0.309122,-0.544723,-1.43735,0.347907,-0.521706,-1.21804,11.1189,0.248426,,43,-0.491354,0.623176,0.14,
ring_lag_head_deg,drive1.5,synch,10,18.0267,37.9593,-19.9326,-94.0267,54.1616,0.474896,-0.261768,-1.14204,0.6185,-0.250707,-0.585331,12.1508,0.569037,,51,0.0377964,0.96985,-0.02,
cx_yaw_modulation_hz,rest,flow,10,0,1.94068,-1.94068,-2.03049,-1.85086,0,-21.8595,-28.6901,-15.0288,-20.9358,-48.8792,9,3.14826e-12,,0,-3.99806,6.38644e-05,1,
cx_yaw_modulation_hz,rest,self,10,0,1.86126,-1.86126,-1.91363,-1.80888,0,-35.9514,-47.1271,-24.7758,-34.4324,-80.3899,9,3.61066e-14,,0,-3.99806,6.38644e-05,1,0.000249938
cx_yaw_modulation_hz,rest,shuffle,10,0,1.8817,-1.8817,-1.92273,-1.84067,0,-46.3945,-60.7987,-31.9903,-44.4342,-103.741,9,3.64605e-15,,0,-3.99806,6.38644e-05,1,
cx_yaw_modulation_hz,rest,randmat,10,0,1.92262,-1.92262,-2.01364,-1.8316,0,-21.3695,-28.0496,-14.6894,-20.4666,-47.7837,9,3.85804e-12,,0,-3.99806,6.38644e-05,1,
cx_yaw_modulation_hz,rest,decorr,10,0,1.16622,-1.16622,-1.29654,-1.0359,0,-9.05327,-11.9926,-6.11395,-8.67073,-20.2437,9,8.15937e-09,,0,-3.99806,6.38644e-05,1,
cx_yaw_modulation_hz,rest,drive0.5,10,0,1.13667,-1.13667,-1.21793,-1.05541,0,-14.1512,-18.6233,-9.67901,-13.5532,-31.643,9,1.5434e-10,,0,-3.99806,6.38644e-05,1,
cx_yaw_modulation_hz,rest,drive1.5,10,0,2.43208,-2.43208,-2.51092,-2.35323,0,-31.2054,-40.9155,-21.4953,-29.8868,-69.7773,9,1.28873e-13,,0,-3.99806,6.38644e-05,1,
cx_yaw_modulation_hz,rest,synch,10,0,1.76906,-1.76906,-2.01497,-1.52316,0,-7.27808,-9.69787,-4.85829,-6.97055,-16.2743,9,5.54589e-08,,0,-3.99806,6.38644e-05,1,
cx_yaw_modulation_hz,flow,self,10,1.94068,1.86126,0.07942,-0.0188472,0.177687,1.04267,0.772776,-0.135873,1.68143,0.740124,1.72798,14.4866,0.10524,0.210479,68,1.32288,0.185877,-0.36,0.101225
cx_yaw_modulation_hz,flow,shuffle,10,1.94068,1.8817,0.058977,-0.0356296,0.153584,1.03134,0.604237,-0.292063,1.50054,0.578706,1.35112,12.5999,0.200421,,67,1.24728,0.212294,-0.34,
cx_yaw_modulation_hz,flow,randmat,10,1.94068,1.92262,0.018056,-0.100704,0.136816,1.00939,0.14285,-0.73479,1.02049,0.136814,0.319422,17.9968,0.753084,,53,0.188982,0.850107,-0.06,
cx_yaw_modulation_hz,flow,decorr,10,1.94068,1.16622,0.774459,0.626121,0.922798,1.66408,4.95028,3.18345,6.71711,4.74112,11.0692,15.9759,6.67271e-09,,100,3.74185,0.000182672,-1,
cx_yaw_modulation_hz,flow,drive0.5,10,1.94068,1.13667,0.80401,0.691442,0.916578,1.70734,6.71556,4.45737,8.97375,6.4318,15.0164,17.8226,1.47589e-11,,100,3.74185,0.000182672,-1,
cx_yaw_modulation_hz,flow,drive1.5,10,1.94068,2.43208,-0.491397,-0.602527,-0.380267,0.797952,-4.15958,-5.7184,-2.60076,-3.98382,-9.30111,17.703,3.11333e-08,,0,-3.74185,0.000182672,1,
cx_yaw_modulation_hz,flow,synch,10,1.94068,1.76906,0.171616,-0.0821176,0.42535,1.09701,0.663191,-0.237104,1.56349,0.635169,1.48294,11.3593,0.165296,,77,2.00321,0.0451546,-0.54,
cx_yaw_modulation_hz,self,shuffle,10,1.86126,1.8817,-0.020443,-0.0824898,0.0416038,0.989136,-0.31084,-1.19264,0.57096,-0.297706,-0.695059,17.0247,0.496396,0.496396,40,-0.718132,0.472676,0.2,0.496626
cx_yaw_modulation_hz,self,randmat,10,1.86126,1.92262,-0.061364,-0.160688,0.0379603,0.968083,-0.591161,-1.48662,0.304302,-0.566182,-1.32188,14.3712,0.206865,,37,-0.944911,0.344704,0.26,0.207198
cx_yaw_modulation_hz,self,decorr,10,1.86126,1.16622,0.695039,0.559551,0.830528,1.59598,5.00634,3.22441,6.78828,4.79481,11.1945,11.8335,1.19392e-07,3.58176e-07,100,3.74185,0.000182672,-1,0.000249938
cx_yaw_modulation_hz,self,drive0.5,10,1.86126,1.13667,0.72459,0.633693,0.815487,1.63747,7.58239,5.07447,10.0903,7.26201,16.9547,15.3771,2.28991e-11,,100,3.74185,0.000182672,-1,0.000249938
cx_yaw_modulation_hz,self,drive1.5,10,1.86126,2.43208,-0.570817,-0.659685,-0.481949,0.765296,-6.10069,-8.18459,-4.0168,-5.84292,-13.6416,15.6481,4.22638e-10,,0,-3.74185,0.000182672,1,0.000249938
cx_yaw_modulation_hz,self,synch,10,1.86126,1.76906,0.092196,-0.156077,0.340469,1.05212,0.370981,-0.513049,1.25501,0.355306,0.829538,9.81491,0.426515,,70,1.47406,0.140465,-0.4,0.430892
cx_yaw_modulation_hz,shuffle,randmat,10,1.8817,1.92262,-0.040921,-0.136649,0.0548065,0.978716,-0.414642,-1.30053,0.471249,-0.397122,-0.927169,12.5129,0.371378,,38,-0.869318,0.384673,0.24,
cx_yaw_modulation_hz,shuffle,decorr,10,1.8817,1.16622,0.715482,0.582198,0.848767,1.61351,5.29784,3.43672,7.15895,5.07399,11.8463,10.767,1.63478e-07,,100,3.74185,0.000182672,-1,
cx_yaw_modulation_hz,shuffle,drive0.5,10,1.8817,1.13667,0.745033,0.658302,0.831764,1.65545,8.27975,5.56829,10.9912,7.9299,18.5141,13.3093,6.91988e-11,,100,3.74185,0.000182672,-1,
cx_yaw_modulation_hz,shuffle,drive1.5,10,1.8817,2.43208,-0.550374,-0.634915,-0.465833,0.773702,-6.26425,-8.39423,-4.13426,-5.99956,-14.0073,13.5416,1.91989e-09,,0,-3.74185,0.000182672,1,
cx_yaw_modulation_hz,shuffle,synch,10,1.8817,1.76906,0.112639,-0.134675,0.359953,1.06367,0.457087,-0.430807,1.34498,0.437773,1.02208,9.50079,0.332064,,75,1.85203,0.0640221,-0.5,
cx_yaw_modulation_hz,randmat,decorr,10,1.92262,1.16622,0.756403,0.607509,0.905297,1.64859,4.81399,3.0837,6.54427,4.61058,10.7644,16.0928,9.20085e-09,,100,3.74185,0.000182672,-1,
cx_yaw_modulation_hz,randmat,drive0.5,10,1.92262,1.13667,0.785954,0.672531,0.899377,1.69145,6.51655,4.31507,8.71803,6.2412,14.5714,17.7733,2.53106e-11,,100,3.74185,0.000182672,-1,
cx_yaw_modulation_hz,randmat,drive1.5,10,1.92262,2.43208,-0.509453,-0.621455,-0.397451,0.790528,-4.27991,-5.86971,-2.69012,-4.09907,-9.57018,17.6413,2.10052e-08,,0,-3.74185,0.000182672,1,
cx_yaw_modulation_hz,randmat,synch,10,1.92262,1.76906,0.15356,-0.100416,0.407536,1.0868,0.592475,-0.303072,1.48802,0.567441,1.32481,11.4207,0.21113,,75,1.85203,0.0640221,-0.5,
cx_yaw_modulation_hz,decorr,drive0.5,10,1.16622,1.13667,0.0295507,-0.115089,0.17419,1.026,0.194658,-0.683938,1.07325,0.186433,0.435268,15.0795,0.669533,,52,0.113389,0.909722,-0.04,
cx_yaw_modulation_hz,decorr,drive1.5,10,1.16622,2.43208,-1.26586,-1.40953,-1.12218,0.479516,-8.40766,-11.1567,-5.65866,-8.05241,-18.8001,14.8104,9.6074e-12,,0,-3.74185,0.000182672,1,
cx_yaw_modulation_hz,decorr,synch,10,1.16622,1.76906,-0.602843,-0.867275,-0.338412,0.65923,-2.19142,-3.30025,-1.0826,-2.09883,-4.90017,13.6859,0.000250012,,2,-3.59066,0.000329839,0.96,
cx_yaw_modulation_hz,drive0.5,drive1.5,10,1.13667,2.43208,-1.29541,-1.40057,-1.19024,0.467366,-11.5744,-15.2668,-7.88196,-11.0853,-25.8811,17.9837,1.10466e-15,,0,-3.74185,0.000182672,1,
cx_yaw_modulation_hz,drive0.5,synch,10,1.13667,1.76906,-0.632394,-0.884535,-0.380253,0.642526,-2.47034,-3.6341,-1.30657,-2.36595,-5.52384,10.9425,0.00018311,,2,-3.59066,0.000329839,0.96,
cx_yaw_modulation_hz,drive1.5,synch,10,2.43208,1.76906,0.663013,0.411283,0.914743,1.37478,2.59744,1.40739,3.78749,2.48768,5.80804,10.8313,0.000125265,,94,3.28829,0.00100798,-0.88,
cx_tuning_wire_corr,rest,flow,10,0,0.0932016,-0.0932016,-0.101817,-0.0845862,0,-10.9442,-14.4473,-7.44122,-10.4818,-24.4721,9,1.5217e-09,,0,-3.99806,6.38644e-05,1,
cx_tuning_wire_corr,rest,self,10,0,0.0974088,-0.0974088,-0.103998,-0.0908197,0,-14.9558,-19.6727,-10.2389,-14.3238,-33.4421,9,9.41853e-11,,0,-3.99806,6.38644e-05,1,0.000249938
cx_tuning_wire_corr,rest,shuffle,10,0,0.098247,-0.098247,-0.103065,-0.0934295,0,-20.6317,-27.0852,-14.1782,-19.7599,-46.1339,9,5.2868e-12,,0,-3.99806,6.38644e-05,1,
cx_tuning_wire_corr,rest,randmat,10,0,0.0907289,-0.0907289,-0.099397,-0.0820609,0,-10.5892,-13.9858,-7.19256,-10.1417,-23.6781,9,2.03919e-09,,0,-3.99806,6.38644e-05,1,
cx_tuning_wire_corr,rest,decorr,10,0,0.103809,-0.103809,-0.122489,-0.0851286,0,-5.62197,-7.57227,-3.67167,-5.38442,-12.5711,9,5.17683e-07,,0,-3.99806,6.38644e-05,1,
cx_tuning_wire_corr,rest,drive0.5,10,0,0.065606,-0.065606,-0.077469,-0.053743,0,-5.59483,-7.53762,-3.65204,-5.35843,-12.5104,9,5.39574e-07,,0,-3.99806,6.38644e-05,1,
cx_tuning_wire_corr,rest,drive1.5,10,0,0.102777,-0.102777,-0.10935,-0.0962048,0,-15.8201,-20.8004,-10.8398,-15.1516,-35.3748,9,5.7002e-11,,0,-3.99806,6.38644e-05,1,
cx_tuning_wire_corr,rest,synch,10,0,0.0924779,-0.0924779,-0.113274,-0.0716818,0,-4.49878,-6.14558,-2.85197,-4.30869,-10.0596,9,3.40557e-06,,0,-3.99806,6.38644e-05,1,
cx_tuning_wire_corr,flow,self,10,0.0932016,0.0974088,-0.00420711,-0.0143301,0.00591584,0.95681,-0.392411,-1.27733,0.492507,-0.37583,-0.877458,16.8447,0.392581,1,38,-0.869318,0.384673,0.24,0.394151
cx_tuning_wire_corr,flow,shuffle,10,0.0932016,0.098247,-0.00504536,-0.0143962,0.00430546,0.948646,-0.517101,-1.40815,0.373949,-0.495252,-1.15627,14.1269,0.266749,,33,-1.24728,0.212294,0.34,
cx_tuning_wire_corr,flow,randmat,10,0.0932016,0.0907289,0.00247273,-0.00887754,0.013823,1.02725,0.20469,-0.674125,1.0835,0.196041,0.457701,17.9993,0.652644,,51,0.0377964,0.96985,-0.02,
cx_tuning_wire_corr,flow,decorr,10,0.0932016,0.103809,-0.0106072,-0.0303061,0.00909174,0.89782,-0.521647,-1.41295,0.369658,-0.499606,-1.16644,12.663,0.264936,,40,-0.718132,0.472676,0.2,
cx_tuning_wire_corr,flow,drive0.5,10,0.0932016,0.065606,0.0275956,0.0138852,0.0413061,1.42063,1.90416,0.847512,2.96081,1.8237,4.25783,16.4275,0.00056953,,91,3.06151,0.00220222,-0.82,
cx_tuning_wire_corr,flow,drive1.5,10,0.0932016,0.102777,-0.00957554,-0.0196899,0.00053886,0.906832,-0.893977,-1.81324,0.0252851,-0.856204,-1.99899,16.8252,0.0620286,,28,-1.62525,0.10411,0.44,
cx_tuning_wire_corr,flow,synch,10,0.0932016,0.0924779,0.0007238,-0.0209567,0.0224043,1.00783,0.0325297,-0.844051,0.90911,0.0311552,0.0727387,12.0009,0.943212,,50,-0.0377964,0.96985,0,
cx_tuning_wire_corr,self,shuffle,10,0.0974088,0.098247,-0.00083825,-0.00846917,0.00679267,0.991468,-0.103895,-0.981008,0.773219,-0.0995049,-0.232316,16.4836,0.819153,1,42,-0.566947,0.57075,0.16,0.822794
cx_tuning_wire_corr,self,randmat,10,0.0974088,0.0907289,0.00667984,-0.00348439,0.0168441,1.07362,0.620654,-0.276723,1.51803,0.59443,1.38783,16.7975,0.183326,,64,1.0205,0.307489,-0.28,0.184454
cx_tuning_wire_corr,self,decorr,10,0.0974088,0.103809,-0.00640009,-0.0256297,0.0128296,0.938347,-0.326871,-1.20923,0.555485,-0.31306,-0.730906,11.2054,0.479842,1,45,-0.340168,0.73373,0.1,0.47963
cx_tuning_wire_corr,self,drive0.5,10,0.0974088,0.065606,0.0318027,0.0189428,0.0446627,1.48475,2.37094,1.22719,3.51468,2.27075,5.30157,14.0705,0.000109981,,95,3.36388,0.000768539,-0.9,0.000249938
cx_tuning_wire_corr,self,drive1.5,10,0.0974088,0.102777,-0.00536843,-0.0140117,0.00327486,0.947766,-0.583571,-1.47856,0.311414,-0.558913,-1.3049,17.9999,0.208363,,34,-1.17169,0.241322,0.32,0.207448
cx_tuning_wire_corr,self,synch,10,0.0974088,0.0924779,0.00493091,-0.0163449,0.0262067,1.05332,0.228671,-0.650712,1.10805,0.219008,0.511323,10.789,0.619426,,60,0.718132,0.472676,-0.2,0.629843
cx_tuning_wire_corr,shuffle,randmat,10,0.098247,0.0907289,0.00751809,-0.00187948,0.0169157,1.08286,0.766959,-0.141217,1.67513,0.734552,1.71497,14.0757,0.108272,,70,1.47406,0.140465,-0.4,
cx_tuning_wire_corr,shuffle,decorr,10,0.098247,0.103809,-0.00556184,-0.0245148,0.0133912,0.946422,-0.291669,-1.17284,0.589501,-0.279345,-0.652192,10.1919,0.528711,,46,-0.264575,0.791337,0.08,
cx_tuning_wire_corr,shuffle,drive0.5,10,0.098247,0.065606,0.032641,0.0202962,0.0449858,1.49753,2.57905,1.39285,3.76525,2.47008,5.76693,11.8898,9.25048e-05,,96,3.43948,0.00058284,-0.92,
cx_tuning_wire_corr,shuffle,drive1.5,10,0.098247,0.102777,-0.00453018,-0.0121477,0.00308739,0.955922,-0.56241,-1.45609,0.331273,-0.538646,-1.25759,16.5046,0.226045,,34,-1.17169,0.241322,0.32,
cx_tuning_wire_corr,shuffle,synch,10,0.098247,0.0924779,0.00576916,-0.0152671,0.0268055,1.06238,0.273412,-0.607196,1.15402,0.26186,0.611369,9.96318,0.554648,,61,0.793725,0.427355,-0.22,
cx_tuning_wire_corr,randmat,decorr,10,0.0907289,0.103809,-0.0130799,-0.0327934,0.00663354,0.874,-0.642562,-1.54142,0.256295,-0.615411,-1.43681,12.704,0.17494,,38,-0.869318,0.384673,0.24,
cx_tuning_wire_corr,randmat,drive0.5,10,0.0907289,0.065606,0.0251229,0.0113868,0.038859,1.38294,1.72988,0.702414,2.75734,1.65678,3.86812,16.4784,0.0012981,,88,2.83473,0.00458639,-0.76,
cx_tuning_wire_corr,randmat,drive1.5,10,0.0907289,0.102777,-0.0120483,-0.022204,-0.00189253,0.882773,-1.1205,-2.0633,-0.177701,-1.07315,-2.50551,16.7777,0.022843,,19,-2.30558,0.0211339,0.62,
cx_tuning_wire_corr,randmat,synch,10,0.0907289,0.0924779,-0.00174893,-0.023442,0.0199441,0.981088,-0.0785316,-0.955392,0.798329,-0.0752134,-0.175602,12.0356,0.863526,,49,-0.0377964,0.96985,0.02,
cx_tuning_wire_corr,decorr,drive0.5,10,0.103809,0.065606,0.0382028,0.0173816,0.059024,1.58231,1.74653,0.716364,2.77669,1.67273,3.90535,15.2438,0.00136743,,92,3.13711,0.00170625,-0.84,
cx_tuning_wire_corr,decorr,drive1.5,10,0.103809,0.102777,0.00103166,-0.0181948,0.0202582,1.01004,0.0527046,-0.82397,0.929379,0.0504776,0.117851,11.1946,0.908274,,45,-0.340168,0.73373,0.1,
cx_tuning_wire_corr,decorr,synch,10,0.103809,0.0924779,0.011331,-0.0146519,0.0373139,1.12253,0.410073,-0.475614,1.29576,0.392746,0.916951,17.7967,0.371428,,59,0.64254,0.520523,-0.18,
cx_tuning_wire_corr,drive0.5,drive1.5,10,0.065606,0.102777,-0.0371712,-0.0500253,-0.0243171,0.638332,-2.77281,-4.00028,-1.54535,-2.65565,-6.2002,14.0493,2.27734e-05,,3,-3.51507,0.000439639,0.94,
cx_tuning_wire_corr,drive0.5,synch,10,0.065606,0.0924779,-0.0268718,-0.0495273,-0.00421637,0.709424,-1.13548,-2.08,-0.190962,-1.0875,-2.53901,14.2965,0.0233252,,20,-2.22999,0.0257481,0.6,
cx_tuning_wire_corr,drive1.5,synch,10,0.102777,0.0924779,0.0102993,-0.0109737,0.0315724,1.11137,0.477741,-0.411197,1.36668,0.457555,1.06826,10.7801,0.30874,,67,1.24728,0.212294,-0.34,
ring_tuning_wire_corr,rest,flow,10,0,-0.058639,0.058639,0.0129923,0.104286,-0,1.29962,0.334993,2.26424,1.2447,2.90603,9,0.0174235,,90,3.19037,0.00142091,-0.8,
ring_tuning_wire_corr,rest,self,10,0,-0.0757589,0.0757589,0.0312345,0.120283,-0,1.72136,0.695276,2.74745,1.64863,3.84909,9,0.00391177,,100,3.99806,6.38644e-05,-1,0.000249938
ring_tuning_wire_corr,rest,shuffle,10,0,-0.0559734,0.0559734,0.0264702,0.0854766,-0,1.91933,0.860052,2.97861,1.83823,4.29176,9,0.00201487,,90,3.19037,0.00142091,-0.8,
ring_tuning_wire_corr,rest,randmat,10,0,-0.0838328,0.0838328,0.0346117,0.133054,-0,1.72306,0.696698,2.74942,1.65025,3.85288,9,0.00388916,,100,3.99806,6.38644e-05,-1,
ring_tuning_wire_corr,rest,decorr,10,0,-0.061834,0.061834,-0.00775426,0.131422,-0,0.898937,-0.0207902,1.81866,0.860953,2.01008,9,0.0753179,,80,2.38268,0.0171871,-0.6,
ring_tuning_wire_corr,rest,drive0.5,10,0,-0.116182,0.116182,0.0586445,0.173719,-0,2.0428,0.961575,3.12403,1.95649,4.56785,9,0.00135104,,100,3.99806,6.38644e-05,-1,
ring_tuning_wire_corr,rest,drive1.5,10,0,-0.0619511,0.0619511,0.0351343,0.0887679,-0,2.33711,1.20008,3.47415,2.23836,5.22594,9,0.000544864,,100,3.99806,6.38644e-05,-1,
ring_tuning_wire_corr,rest,synch,10,0,-2.9377e-05,2.9377e-05,-0.0194715,0.0195302,-0,0.00152402,-0.874999,0.878047,0.00145963,0.00340782,9,0.997355,,40,-0.767304,0.442901,0.2,
ring_tuning_wire_corr,flow,self,10,-0.058639,-0.0757589,0.01712,-0.0421034,0.0763433,0.774021,0.271615,-0.60894,1.15217,0.260139,0.60735,17.9889,0.551209,1,55,0.340168,0.73373,-0.1,0.557111
ring_tuning_wire_corr,flow,shuffle,10,-0.058639,-0.0559734,-0.00266557,-0.0537602,0.048429,1.04762,-0.0496157,-0.926273,0.827042,-0.0475192,-0.110944,15.4023,0.913094,,50,-0.0377964,0.96985,0,
ring_tuning_wire_corr,flow,randmat,10,-0.058639,-0.0838328,0.0251938,-0.0371761,0.0875637,0.699476,0.379681,-0.504703,1.26407,0.363639,0.848993,17.8987,0.407097,,58,0.566947,0.57075,-0.16,
ring_tuning_wire_corr,flow,decorr,10,-0.058639,-0.061834,0.00319498,-0.0749852,0.0813752,0.94833,0.0388383,-0.837767,0.915443,0.0371972,0.0868451,15.5351,0.931904,,49,-0.0377964,0.96985,0.02,
ring_tuning_wire_corr,flow,drive0.5,10,-0.058639,-0.116182,0.0575427,-0.0109212,0.126007,0.504718,0.792623,-0.117666,1.70291,0.759132,1.77236,17.1146,0.0941347,,69,1.39847,0.161972,-0.38,
ring_tuning_wire_corr,flow,drive1.5,10,-0.058639,-0.0619511,0.00331213,-0.0467044,0.0533286,0.946536,0.0632925,-0.813449,0.940034,0.0606181,0.141526,14.5512,0.889395,,49,-0.0377964,0.96985,0.02,
ring_tuning_wire_corr,flow,synch,10,-0.058639,-2.9377e-05,-0.0586096,-0.106341,-0.0108786,1996.08,-1.19452,-2.14601,-0.243038,-1.14405,-2.67104,12.1793,0.0201508,,15,-2.60795,0.0091085,0.7,
ring_tuning_wire_corr,self,shuffle,10,-0.0757589,-0.0559734,-0.0197855,-0.0699366,0.0303655,1.35348,-0.374753,-1.25894,0.50943,-0.358918,-0.837972,15.626,0.414681,1,39,-0.793725,0.427355,0.22,0.423394
ring_tuning_wire_corr,self,randmat,10,-0.0757589,-0.0838328,0.00807382,-0.053611,0.0697586,0.903691,0.123066,-0.754286,1.00042,0.117866,0.275183,17.822,0.78634,,53,0.188982,0.850107,-0.06,0.797301
ring_tuning_wire_corr,self,decorr,10,-0.0757589,-0.061834,-0.013925,-0.0916273,0.0637773,1.2252,-0.170523,-1.04864,0.707591,-0.163318,-0.381301,15.3111,0.708219,1,51,0.0377964,0.96985,-0.02,0.703074
ring_tuning_wire_corr,self,drive0.5,10,-0.0757589,-0.116182,0.0404228,-0.0274507,0.108296,0.652073,0.562101,-0.331563,1.45577,0.538351,1.2569,16.9338,0.225852,,65,1.0961,0.273036,-0.3,0.219945
ring_tuning_wire_corr,self,drive1.5,10,-0.0757589,-0.0619511,-0.0138078,-0.0628477,0.035232,1.22288,-0.268754,-1.14922,0.611717,-0.257398,-0.600952,14.7703,0.556982,,50,-0.0377964,0.96985,0,0.563109
ring_tuning_wire_corr,self,synch,10,-0.0757589,-2.9377e-05,-0.0757296,-0.122408,-0.0290514,2578.85,-1.57615,-2.57958,-0.572721,-1.50955,-3.52438,12.3303,0.00402821,,6,-3.28829,0.00100798,0.88,0.000749813
ring_tuning_wire_corr,shuffle,randmat,10,-0.0559734,-0.0838328,0.0278594,-0.0262981,0.0820168,0.667679,0.491137,-0.398502,1.38078,0.470385,1.09822,14.7277,0.289741,,62,0.869318,0.384673,-0.24,
ring_tuning_wire_corr,shuffle,decorr,10,-0.0559734,-0.061834,0.00586055,-0.0668496,0.0785707,0.905221,0.0784415,-0.798418,0.955301,0.0751271,0.175401,12.1342,0.863658,,54,0.264575,0.791337,-0.08,
ring_tuning_wire_corr,shuffle,drive0.5,10,-0.0559734,-0.116182,0.0602083,-0.00134372,0.12176,0.481775,0.942011,0.0181529,1.86587,0.902207,2.1064,13.4267,0.0545111,,74,1.77643,0.0756616,-0.48,
ring_tuning_wire_corr,shuffle,drive1.5,10,-0.0559734,-0.0619511,0.0059777,-0.0310742,0.0430296,0.903509,0.151681,-0.726101,1.02946,0.145272,0.339169,17.8384,0.738443,,54,0.264575,0.791337,-0.08,
ring_tuning_wire_corr,shuffle,synch,10,-0.0559734,-2.9377e-05,-0.055944,-0.0891543,-0.0227338,1905.35,-1.60033,-2.60743,-0.593236,-1.53272,-3.57846,15.6035,0.00259849,,11,-2.91033,0.00361051,0.78,
ring_tuning_wire_corr,randmat,decorr,10,-0.0838328,-0.061834,-0.0219988,-0.101794,0.0577965,1.35577,-0.261103,-1.14135,0.619146,-0.250071,-0.583844,16.2026,0.567365,,45,-0.340168,0.73373,0.1,
ring_tuning_wire_corr,randmat,drive0.5,10,-0.0838328,-0.116182,0.032349,-0.0380935,0.102791,0.721566,0.432213,-0.454484,1.31891,0.41395,0.966458,17.5785,0.346925,,62,0.869318,0.384673,-0.24,
ring_tuning_wire_corr,randmat,drive1.5,10,-0.0838328,-0.0619511,-0.0218816,-0.0750578,0.0312945,1.35321,-0.394934,-1.27996,0.490092,-0.378247,-0.8831,13.9103,0.392189,,42,-0.566947,0.57075,0.16,
ring_tuning_wire_corr,randmat,synch,10,-0.0838328,-2.9377e-05,-0.0838034,-0.134913,-0.0326937,2853.69,-1.60136,-2.60861,-0.594101,-1.53369,-3.58074,11.7574,0.00389544,,7,-3.2127,0.00131494,0.86,
ring_tuning_wire_corr,decorr,drive0.5,10,-0.061834,-0.116182,0.0543478,-0.0297235,0.138419,0.532218,0.608919,-0.287686,1.50552,0.58319,1.36158,17.3861,0.190714,,64,1.0205,0.307489,-0.28,
ring_tuning_wire_corr,decorr,drive1.5,10,-0.061834,-0.0619511,0.00011715,-0.0719764,0.0722107,0.998109,0.0015892,-0.874933,0.878112,0.00152205,0.00355355,11.6154,0.997225,,49,-0.0377964,0.96985,0.02,
ring_tuning_wire_corr,decorr,synch,10,-0.061834,-2.9377e-05,-0.0618046,-0.132613,0.00900393,2104.84,-0.86518,-1.78179,0.0514323,-0.828623,-1.9346,10.4049,0.080677,,24,-1.92762,0.0539026,0.52,
ring_tuning_wire_corr,drive0.5,drive1.5,10,-0.116182,-0.0619511,-0.0542306,-0.114983,0.00652176,1.87538,-0.864266,-1.7808,0.0522637,-0.827748,-1.93256,12.7339,0.0758418,,30,-1.47406,0.140465,0.4,
ring_tuning_wire_corr,drive0.5,synch,10,-0.116182,-2.9377e-05,-0.116152,-0.175235,-0.0570697,3954.85,-1.93421,-2.99609,-0.872338,-1.85249,-4.32504,11.0408,0.00119431,,8,-3.13711,0.00170625,0.84,
ring_tuning_wire_corr,drive1.5,synch,10,-0.0619511,-2.9377e-05,-0.0619217,-0.092927,-0.0309164,2108.83,-1.88929,-2.94337,-0.835207,-1.80946,-4.22458,16.4384,0.000610264,,8,-3.13711,0.00170625,0.84,
