metric,arm_a,arm_b,n_per_arm,mean_a,mean_b,diff_a_minus_b,diff_ci95_lo,diff_ci95_hi,ratio_a_over_b,cohens_d,d_ci95_lo,d_ci95_hi,hedges_g,welch_t,welch_df,p_welch_two_sided,p_holm_self_family,mannwhitney_U,mw_z,p_mannwhitney_two_sided,rank_biserial,p_perm_two_sided
pool_rate_hz,rest,flow,10,22.6377,51.6539,-29.0162,-29.0589,-28.9735,0.438257,-647.36,-847.977,-446.742,-620.006,-1447.54,15.0795,3.38575e-40,,0,-3.74185,0.000182672,1,
pool_rate_hz,rest,self,10,22.6377,51.0148,-28.3771,-28.4334,-28.3208,0.443748,-488.782,-640.257,-337.307,-468.129,-1092.95,12.4662,1.97424e-32,,0,-3.74185,0.000182672,1,0.000249938
pool_rate_hz,rest,shuffle,10,22.6377,51.2562,-28.6185,-28.6696,-28.5674,0.441658,-540.576,-708.101,-373.051,-517.735,-1208.76,13.2511,8.3874e-35,,0,-3.74185,0.000182672,1,
pool_rate_hz,rest,randmat,10,22.6377,51.3285,-28.6908,-28.7334,-28.6482,0.441036,-641.156,-839.85,-442.461,-614.065,-1433.67,15.1,3.50047e-40,,0,-3.74185,0.000182672,1,
pool_rate_hz,rest,decorr,10,22.6377,51.5269,-28.8892,-28.9475,-28.8309,0.439338,-481.783,-631.089,-332.477,-461.426,-1077.3,12.2269,8.33016e-32,,0,-3.74185,0.000182672,1,
pool_rate_hz,rest,drive0.5,10,22.6377,37.9746,-15.3369,-15.3763,-15.2976,0.596127,-369.327,-483.784,-254.87,-353.722,-825.841,16.0588,1.35407e-38,,0,-3.74185,0.000182672,1,
pool_rate_hz,rest,drive1.5,10,22.6377,63.8764,-41.2387,-41.2814,-41.196,0.354399,-919.488,-1204.44,-634.539,-880.636,-2056.04,15.0719,1.78077e-42,,0,-3.74185,0.000182672,1,
pool_rate_hz,rest,synch,10,22.6377,51.9965,-29.3588,-31.2361,-27.4815,0.43537,-15.8204,-20.8009,-10.84,-15.1519,-35.3755,9.00294,5.66532e-11,,0,-3.74185,0.000182672,1,
pool_rate_hz,flow,self,10,51.6539,51.0148,0.63912,0.577381,0.700859,1.01253,9.79818,6.63777,12.9586,9.38417,21.9094,16.328,1.54625e-13,4.63876e-13,100,3.74185,0.000182672,-1,0.000249938
pool_rate_hz,flow,shuffle,10,51.6539,51.2562,0.39773,0.34049,0.45497,1.00776,6.55026,4.33919,8.76133,6.27349,14.6468,17.2028,3.78849e-11,,100,3.74185,0.000182672,-1,
pool_rate_hz,flow,randmat,10,51.6539,51.3285,0.32543,0.27495,0.37591,1.00634,6.0571,3.98545,8.12875,5.80117,13.5441,17.9999,7.02457e-11,,100,3.74185,0.000182672,-1,
pool_rate_hz,flow,decorr,10,51.6539,51.5269,0.12705,0.0635943,0.190506,1.00247,1.89823,0.842608,2.95385,1.81802,4.24457,15.9939,0.000618639,,91,3.06151,0.00220222,-0.82,
pool_rate_hz,flow,drive0.5,10,51.6539,37.9746,13.6793,13.6313,13.7273,1.36022,267.83,184.826,350.835,256.513,598.886,17.7883,9.66667e-40,,100,3.74185,0.000182672,-1,
pool_rate_hz,flow,drive1.5,10,51.6539,63.8764,-12.2225,-12.273,-12.1719,0.808654,-227.136,-297.531,-156.742,-217.539,-507.892,18,7.27127e-39,,0,-3.74185,0.000182672,1,
pool_rate_hz,flow,synch,10,51.6539,51.9965,-0.34255,-2.21996,1.53486,0.993412,-0.184564,-1.06295,0.693822,-0.176766,-0.412699,9.00756,0.689477,,60,0.718132,0.472676,-0.2,
pool_rate_hz,self,shuffle,10,51.0148,51.2562,-0.24139,-0.308209,-0.174571,0.995291,-3.39736,-4.7673,-2.02741,-3.25381,-7.59673,17.7751,5.5063e-07,5.5063e-07,1,-3.66626,0.000246128,0.98,0.000249938
pool_rate_hz,self,randmat,10,51.0148,51.3285,-0.31369,-0.375387,-0.251993,0.993889,-4.81284,-6.54282,-3.08286,-4.60948,-10.7618,16.3084,8.0479e-09,,0,-3.74185,0.000182672,1,0.000249938
pool_rate_hz,self,decorr,10,51.0148,51.5269,-0.51207,-0.583887,-0.440253,0.990062,-6.70001,-8.95376,-4.44626,-6.41692,-14.9817,17.9733,1.34625e-11,2.69251e-11,0,-3.74185,0.000182672,1,0.000249938
pool_rate_hz,self,drive0.5,10,51.0148,37.9746,13.0402,12.9803,13.1001,1.34339,206.957,142.816,271.099,198.212,462.77,15.3595,2.9779e-33,,100,3.74185,0.000182672,-1,0.000249938
pool_rate_hz,self,drive1.5,10,51.0148,63.8764,-12.8616,-12.9234,-12.7998,0.798649,-197.121,-258.215,-136.028,-188.792,-440.777,16.3351,1.00703e-34,,0,-3.74185,0.000182672,1,0.000249938
pool_rate_hz,self,synch,10,51.0148,51.9965,-0.98167,-2.85922,0.89588,0.98112,-0.528815,-1.42053,0.362896,-0.506471,-1.18247,9.01468,0.267269,,48,-0.113389,0.909722,0.04,0.272432
pool_rate_hz,shuffle,randmat,10,51.2562,51.3285,-0.0723,-0.129492,-0.0151075,0.998591,-1.19179,-2.14294,-0.240631,-1.14143,-2.66492,17.1873,0.0162192,,16,-2.53236,0.0113297,0.68,
pool_rate_hz,shuffle,decorr,10,51.2562,51.5269,-0.27068,-0.33902,-0.20234,0.994747,-3.72744,-5.17748,-2.2774,-3.56994,-8.33481,17.6021,1.60663e-07,,0,-3.74185,0.000182672,1,
pool_rate_hz,shuffle,drive0.5,10,51.2562,37.9746,13.2816,13.2264,13.3368,1.34975,227.701,157.131,298.27,218.08,509.154,16.3571,8.67795e-36,,100,3.74185,0.000182672,-1,
pool_rate_hz,shuffle,drive1.5,10,51.2562,63.8764,-12.6202,-12.6775,-12.563,0.802428,-207.775,-272.17,-143.38,-198.996,-464.599,17.2085,1.0321e-36,,0,-3.74185,0.000182672,1,
pool_rate_hz,shuffle,synch,10,51.2562,51.9965,-0.74028,-2.61777,1.13721,0.985763,-0.398814,-1.28401,0.486379,-0.381963,-0.891775,9.01171,0.3957,,50,-0.0377964,0.96985,0,
pool_rate_hz,randmat,decorr,10,51.3285,51.5269,-0.19838,-0.261795,-0.134965,0.99615,-2.96615,-4.23628,-1.69602,-2.84082,-6.63251,15.9737,5.80728e-06,,2,-3.59066,0.000329839,0.96,
pool_rate_hz,randmat,drive0.5,10,51.3285,37.9746,13.3539,13.3059,13.4019,1.35165,261.791,180.658,342.924,250.729,585.382,17.7969,1.39573e-39,,100,3.74185,0.000182672,-1,
pool_rate_hz,randmat,drive1.5,10,51.3285,63.8764,-12.5479,-12.5984,-12.4974,0.80356,-233.451,-305.802,-161.1,-223.587,-522.011,17.9998,4.44197e-39,,0,-3.74185,0.000182672,1,
pool_rate_hz,randmat,synch,10,51.3285,51.9965,-0.66798,-2.54538,1.20942,0.987153,-0.359905,-1.2435,0.523685,-0.344698,-0.804772,9.00753,0.441674,,52,0.113389,0.909722,-0.04,
pool_rate_hz,decorr,drive0.5,10,51.5269,37.9746,13.5523,13.4905,13.614,1.35688,209.237,144.389,274.085,200.396,467.869,15.0133,1.12255e-32,,100,3.74185,0.000182672,-1,
pool_rate_hz,decorr,drive1.5,10,51.5269,63.8764,-12.3495,-12.413,-12.2861,0.806665,-184.462,-241.633,-127.291,-176.668,-412.469,16.0014,1.19405e-33,,0,-3.74185,0.000182672,1,
pool_rate_hz,decorr,synch,10,51.5269,51.9965,-0.4696,-2.34717,1.40797,0.990969,-0.25296,-1.13298,0.627061,-0.242272,-0.565636,9.01586,0.585441,,60,0.718132,0.472676,-0.2,
pool_rate_hz,drive0.5,drive1.5,10,37.9746,63.8764,-25.9018,-25.9499,-25.8537,0.594501,-506.899,-663.989,-349.81,-485.481,-1133.46,17.7851,1.15899e-44,,0,-3.74185,0.000182672,1,
pool_rate_hz,drive0.5,synch,10,37.9746,51.9965,-14.0219,-15.8992,-12.1445,0.73033,-7.55524,-10.0553,-5.0552,-7.236,-16.894,9.00607,3.96868e-08,,0,-3.74185,0.000182672,1,
pool_rate_hz,drive1.5,synch,10,63.8764,51.9965,11.8799,10.0025,13.7573,1.22848,6.40085,4.23221,8.56949,6.1304,14.3127,9.00758,1.67939e-07,,100,3.74185,0.000182672,-1,
injected_events,rest,flow,10,0,655071,-655071,-655733,-654409,0,-1001.76,-1312.21,-691.319,-959.436,-2240.01,9,3.58602e-27,,0,-3.99806,6.38644e-05,1,
injected_events,rest,self,10,0,655236,-655236,-655943,-654529,0,-937.509,-1228.04,-646.976,-897.896,-2096.33,9,6.51216e-27,,0,-3.99806,6.38644e-05,1,0.000249938
injected_events,rest,shuffle,10,0,655254,-655254,-655901,-654608,0,-1025.78,-1343.66,-707.889,-982.433,-2293.7,9,2.89754e-27,,0,-3.99806,6.38644e-05,1,
injected_events,rest,randmat,10,0,655097,-655097,-655562,-654632,0,-1424.76,-1866.29,-983.23,-1364.56,-3185.86,9,1.50601e-28,,0,-3.99806,6.38644e-05,1,
injected_events,rest,decorr,10,0,655787,-655787,-656412,-655161,0,-1060.95,-1389.74,-732.165,-1016.12,-2372.36,9,2.13914e-27,,0,-3.99806,6.38644e-05,1,
injected_events,rest,drive0.5,10,0,327543,-327543,-327860,-327226,0,-1044.58,-1368.29,-720.867,-1000.44,-2335.75,9,2.46051e-27,,0,-3.99806,6.38644e-05,1,
injected_events,rest,drive1.5,10,0,983191,-983191,-983603,-982780,0,-2418.11,-3167.47,-1668.74,-2315.93,-5407.05,9,1.28892e-30,,0,-3.99806,6.38644e-05,1,
injected_events,rest,synch,10,0,667662,-667662,-687496,-647829,0,-34.0556,-44.6457,-23.4655,-32.6167,-76.1507,9,5.87555e-14,,0,-3.99806,6.38644e-05,1,
injected_events,flow,self,10,655071,655236,-165.4,-1064.96,734.161,0.999748,-0.172809,-1.05097,0.705348,-0.165508,-0.386413,17.9209,0.70374,1,41,-0.64254,0.520523,0.18,0.692077
injected_events,flow,shuffle,10,655071,655254,-183.4,-1042.33,675.528,0.99972,-0.200625,-1.07935,0.6781,-0.192148,-0.448611,17.9901,0.659069,,41,-0.64254,0.520523,0.18,
injected_events,flow,randmat,10,655071,655097,-25.7,-782.982,731.582,0.999961,-0.0321497,-0.908729,0.84443,-0.0307912,-0.0718888,16.1512,0.943573,,50,-0.0377964,0.96985,0,
injected_events,flow,decorr,10,655071,655787,-715.6,-1561.22,130.024,0.998909,-0.795273,-1.70578,0.115238,-0.76167,-1.77829,17.9432,0.0923067,,28.5,-1.58805,0.112276,0.43,
injected_events,flow,drive0.5,10,655071,327543,327528,326827,328229,1.99995,451.631,311.669,591.594,432.548,1009.88,12.931,4.75031e-33,,100,3.74185,0.000182672,-1,
injected_events,flow,drive1.5,10,655071,983191,-328120,-328854,-327387,0.66627,-426.12,-558.177,-294.064,-408.115,-952.834,15.0542,2.10658e-37,,0,-3.74185,0.000182672,1,
injected_events,flow,synch,10,655071,667662,-12591.3,-32429.4,7246.8,0.981141,-0.641891,-1.5407,0.25692,-0.614769,-1.43531,9.02003,0.184952,,30,-1.47406,0.140465,0.4,
injected_events,self,shuffle,10,655236,655254,-18,-908.139,872.139,0.999973,-0.0190103,-0.895553,0.857532,-0.0182071,-0.0425084,17.8563,0.966565,1,53,0.188982,0.850107,-0.06,0.973007
injected_events,self,randmat,10,655236,655097,139.7,-655.254,934.654,1.00021,0.166987,-0.711062,1.04504,0.159931,0.373393,15.5613,0.713893,,57,0.491354,0.623176,-0.14,0.702574
injected_events,self,decorr,10,655236,655787,-550.2,-1427.78,327.376,0.999161,-0.589693,-1.48506,0.305677,-0.564777,-1.31859,17.735,0.20408,0.612241,35,-1.0961,0.273036,0.3,0.202949
injected_events,self,drive0.5,10,655236,327543,327693,326950,328437,2.00046,427.782,295.21,560.353,409.706,956.549,12.482,9.58843e-32,,100,3.74185,0.000182672,-1,0.000249938
injected_events,self,drive1.5,10,655236,983191,-327955,-328728,-327182,0.666438,-405.595,-531.291,-279.899,-388.457,-906.937,14.4658,8.3767e-36,,0,-3.74185,0.000182672,1,0.000249938
injected_events,self,synch,10,655236,667662,-12425.9,-32264.6,7412.81,0.981389,-0.633409,-1.53164,0.264824,-0.606645,-1.41635,9.02288,0.190258,,30,-1.47406,0.140465,0.4,0.180455
injected_events,shuffle,randmat,10,655254,655097,157.7,-587.168,902.568,1.00024,0.200366,-0.678353,1.07909,0.1919,0.448032,16.3522,0.660009,,57,0.491354,0.623176,-0.14,
injected_events,shuffle,decorr,10,655254,655787,-532.2,-1367.42,303.024,0.999188,-0.598729,-1.49467,0.297217,-0.573431,-1.3388,17.9805,0.197318,,33,-1.24728,0.212294,0.34,
injected_events,shuffle,drive0.5,10,655254,327543,327711,327024,328398,2.00051,460.528,317.809,603.247,441.069,1029.77,13.0992,1.54167e-33,,100,3.74185,0.000182672,-1,
injected_events,shuffle,drive1.5,10,655254,983191,-327937,-328658,-327216,0.666457,-433.084,-567.299,-298.87,-414.785,-968.406,15.2644,5.71135e-38,,0,-3.74185,0.000182672,1,
injected_events,shuffle,synch,10,655254,667662,-12407.9,-32245.8,7430,0.981416,-0.632558,-1.53073,0.265618,-0.60583,-1.41444,9.01911,0.190813,,30,-1.47406,0.140465,0.4,
injected_events,randmat,decorr,10,655097,655787,-689.9,-1418.02,38.2247,0.998948,-0.895542,-1.81495,0.0238669,-0.857702,-2.00249,16.6254,0.0618186,,28,-1.62525,0.10411,0.44,
injected_events,randmat,drive0.5,10,655097,327543,327554,327026,328082,2.00003,588.557,406.162,770.951,563.688,1316.05,15.8827,1.94587e-41,,100,3.74185,0.000182672,-1,
injected_events,randmat,drive1.5,10,655097,983191,-328095,-328672,-327517,0.666296,-534.544,-700.201,-368.888,-511.958,-1195.28,17.7345,5.85447e-45,,0,-3.74185,0.000182672,1,
injected_events,randmat,synch,10,655097,667662,-12565.6,-32401.5,7270.31,0.98118,-0.640761,-1.53949,0.257973,-0.613687,-1.43279,9.0099,0.185689,,30,-1.47406,0.140465,0.4,
injected_events,decorr,drive0.5,10,655787,327543,328244,327576,328911,2.00214,473.589,326.823,620.356,453.578,1058.98,13.3445,2.97693e-34,,100,3.74185,0.000182672,-1,
injected_events,decorr,drive1.5,10,655787,983191,-327405,-328108,-326702,0.666998,-442.527,-579.668,-305.386,-423.829,-989.521,15.5604,9.18606e-39,,0,-3.74185,0.000182672,1,
injected_events,decorr,synch,10,655787,667662,-11875.7,-31713.3,7961.94,0.982213,-0.605446,-1.50183,0.290933,-0.579864,-1.35382,9.01789,0.208747,,32,-1.32288,0.185877,0.36,
injected_events,drive0.5,drive1.5,10,327543,983191,-655648,-656133,-655164,0.333143,-1276.92,-1672.63,-881.204,-1222.96,-2855.28,16.9081,1.71938e-49,,0,-3.74185,0.000182672,1,
injected_events,drive0.5,synch,10,327543,667662,-340119,-359954,-320284,0.490582,-17.3463,-22.7929,-11.8998,-16.6134,-38.7876,9.0046,2.4763e-11,,0,-3.74185,0.000182672,1,
injected_events,drive1.5,synch,10,983191,667662,315529,295694,335365,1.47259,16.0908,11.0279,21.1538,15.4109,35.9802,9.00774,4.82083e-11,,100,3.74185,0.000182672,-1,
cx_rate_hz,rest,flow,10,0.252298,3.95225,-3.69995,-3.76547,-3.63443,0.0638366,-57.1202,-74.8433,-39.3971,-54.7067,-127.725,9.01294,5.38091e-16,,0,-3.74185,0.000182672,1,
cx_rate_hz,rest,self,10,0.252298,3.1721,-2.9198,-2.96705,-2.87255,0.0795367,-62.4931,-81.8794,-43.1068,-59.8526,-139.739,9.02488,2.29893e-16,,0,-3.74185,0.000182672,1,0.000249938
cx_rate_hz,rest,shuffle,10,0.252298,3.81946,-3.56716,-3.61361,-3.52072,0.066056,-77.6655,-101.75,-53.5812,-74.3838,-173.665,9.02575,3.22513e-17,,0,-3.74185,0.000182672,1,
cx_rate_hz,rest,randmat,10,0.252298,3.23486,-2.98256,-3.033,-2.93212,0.0779936,-59.8001,-78.3527,-41.2475,-57.2733,-133.717,9.02183,3.4557e-16,,0,-3.74185,0.000182672,1,
cx_rate_hz,rest,decorr,10,0.252298,3.96231,-3.71001,-3.78966,-3.63037,0.0636745,-47.1182,-61.7463,-32.4901,-45.1273,-105.359,9.00875,3.08701e-15,,0,-3.74185,0.000182672,1,
cx_rate_hz,rest,drive0.5,10,0.252298,2.54338,-2.29108,-2.32881,-2.25335,0.0991981,-61.3847,-80.4278,-42.3415,-58.791,-137.26,9.03902,2.57584e-16,,0,-3.74185,0.000182672,1,
cx_rate_hz,rest,drive1.5,10,0.252298,5.16723,-4.91493,-4.96623,-4.86363,0.0488266,-96.8839,-126.921,-66.8471,-92.7902,-216.639,9.0211,4.46462e-18,,0,-3.74185,0.000182672,1,
cx_rate_hz,rest,synch,10,0.252298,3.90627,-3.65397,-3.81345,-3.49449,0.0645881,-23.178,-30.4141,-15.9419,-22.1987,-51.8276,9.00218,1.85181e-12,,0,-3.74185,0.000182672,1,
cx_rate_hz,flow,self,10,3.95225,3.1721,0.78015,0.704606,0.855694,1.24594,9.77275,6.61991,12.9256,9.35981,21.8525,16.3672,1.53417e-13,3.06835e-13,100,3.74185,0.000182672,-1,0.000249938
cx_rate_hz,flow,shuffle,10,3.95225,3.81946,0.132786,0.0576242,0.207948,1.03477,1.67304,0.654656,2.69142,1.60235,3.74103,16.2209,0.00174459,,89,2.91033,0.00361051,-0.78,
cx_rate_hz,flow,randmat,10,3.95225,3.23486,0.71739,0.640252,0.794528,1.22177,8.77919,5.92083,11.6375,8.40824,19.6309,16.8943,4.57237e-13,,100,3.74185,0.000182672,-1,
cx_rate_hz,flow,decorr,10,3.95225,3.96231,-0.010062,-0.106086,0.0859624,0.997461,-0.0987159,-0.975772,0.77834,-0.0945448,-0.220735,17.3543,0.827874,,47,-0.188982,0.850107,0.06,
cx_rate_hz,flow,drive0.5,10,3.95225,2.54338,1.40887,1.33738,1.48036,1.55394,18.8558,12.9471,24.7646,18.0591,42.1629,14.3766,1.78893e-16,,100,3.74185,0.000182672,-1,
cx_rate_hz,flow,drive1.5,10,3.95225,5.16723,-1.21498,-1.29257,-1.13739,0.764868,-14.7737,-19.4352,-10.1122,-14.1495,-33.0351,17.0208,7.04486e-17,,0,-3.74185,0.000182672,1,
cx_rate_hz,flow,synch,10,3.95225,3.90627,0.04598,-0.120148,0.212108,1.01177,0.269805,-0.610696,1.15031,0.258405,0.603303,11.953,0.557582,,68,1.32288,0.185877,-0.36,
cx_rate_hz,self,shuffle,10,3.1721,3.81946,-0.647364,-0.708879,-0.585849,0.830509,-9.88778,-13.0749,-6.70068,-9.46999,-22.1098,17.9947,1.70496e-14,5.11488e-14,0,-3.74185,0.000182672,1,0.000249938
cx_rate_hz,self,randmat,10,3.1721,3.23486,-0.06276,-0.126949,0.00142881,0.980599,-0.918928,-1.84055,0.0026946,-0.8801,-2.05478,17.9236,0.0547746,,27,-1.70084,0.088973,0.46,0.0517371
cx_rate_hz,self,decorr,10,3.1721,3.96231,-0.790212,-0.877644,-0.70278,0.800568,-8.63393,-11.4495,-5.81838,-8.26911,-19.306,14.6348,8.10038e-12,8.10038e-12,0,-3.74185,0.000182672,1,0.000249938
cx_rate_hz,self,drive0.5,10,3.1721,2.54338,0.62872,0.572385,0.685055,1.2472,10.5227,7.14598,13.8994,10.0781,23.5294,17.1599,1.68236e-14,,100,3.74185,0.000182672,-1,0.000249938
cx_rate_hz,self,drive1.5,10,3.1721,5.16723,-1.99513,-2.05992,-1.93034,0.613888,-28.947,-37.9603,-19.9337,-27.7239,-64.7275,17.8791,1.17151e-22,,0,-3.74185,0.000182672,1,0.000249938
cx_rate_hz,self,synch,10,3.1721,3.90627,-0.73417,-0.896811,-0.571529,0.812053,-4.46555,-6.10365,-2.82745,-4.27686,-9.98527,10.567,1.03911e-06,,0,-3.74185,0.000182672,1,0.000249938
cx_rate_hz,shuffle,randmat,10,3.81946,3.23486,0.584604,0.520911,0.648297,1.18072,8.62787,5.81411,11.4416,8.26332,19.2925,17.8788,2.04477e-13,,100,3.74185,0.000182672,-1,
cx_rate_hz,shuffle,decorr,10,3.81946,3.96231,-0.142848,-0.229977,-0.0557194,0.963948,-1.56765,-2.5698,-0.565502,-1.50141,-3.50538,14.4851,0.00334023,,14,-2.68355,0.00728456,0.72,
cx_rate_hz,shuffle,drive0.5,10,3.81946,2.54338,1.27608,1.22036,1.33181,1.50173,21.5804,14.8355,28.3253,20.6685,48.2552,17.2746,7.17779e-20,,100,3.74185,0.000182672,-1,
cx_rate_hz,shuffle,drive1.5,10,3.81946,5.16723,-1.34777,-1.41207,-1.28346,0.73917,-19.7073,-25.8772,-13.5375,-18.8746,-44.0669,17.8246,1.2039e-19,,0,-3.74185,0.000182672,1,
cx_rate_hz,shuffle,synch,10,3.81946,3.90627,-0.086806,-0.249328,0.0757164,0.977778,-0.528711,-1.42042,0.362994,-0.506371,-1.18223,10.515,0.263158,,45,-0.340168,0.73373,0.1,
cx_rate_hz,randmat,decorr,10,3.23486,3.96231,-0.727452,-0.816156,-0.638748,0.816407,-7.80751,-10.3809,-5.23411,-7.47761,-17.4581,15.2175,1.77019e-11,,0,-3.74185,0.000182672,1,
cx_rate_hz,randmat,drive0.5,10,3.23486,2.54338,0.69148,0.63266,0.7503,1.27187,11.1088,7.55639,14.6612,10.6394,24.8401,16.6697,1.32106e-14,,100,3.74185,0.000182672,-1,
cx_rate_hz,randmat,drive1.5,10,3.23486,5.16723,-1.93237,-1.99917,-1.86557,0.626034,-27.1785,-35.6466,-18.7105,-26.0302,-60.7731,17.9948,2.79146e-22,,0,-3.74185,0.000182672,1,
cx_rate_hz,randmat,synch,10,3.23486,3.90627,-0.67141,-0.83455,-0.50827,0.82812,-4.061,-5.59465,-2.52734,-3.8894,-9.08066,10.7819,2.22358e-06,,0,-3.74185,0.000182672,1,
cx_rate_hz,decorr,drive0.5,10,3.96231,2.54338,1.41893,1.33467,1.50319,1.55789,16.2905,11.1666,21.4144,15.6021,36.4266,12.8442,2.39389e-14,,100,3.74185,0.000182672,-1,
cx_rate_hz,decorr,drive1.5,10,3.96231,5.16723,-1.20492,-1.29398,-1.11585,0.766815,-12.8684,-16.9515,-8.78535,-12.3247,-28.7747,15.3705,8.6679e-15,,0,-3.74185,0.000182672,1,
cx_rate_hz,decorr,synch,10,3.96231,3.90627,0.056042,-0.113899,0.225983,1.01435,0.318058,-0.563989,1.2001,0.304619,0.711199,13.2258,0.489315,,69,1.39847,0.161972,-0.38,
cx_rate_hz,drive0.5,drive1.5,10,2.54338,5.16723,-2.62385,-2.68336,-2.56434,0.492213,-41.6928,-54.643,-28.7426,-39.9312,-93.228,16.5313,6.17615e-24,,0,-3.74185,0.000182672,1,
cx_rate_hz,drive0.5,synch,10,2.54338,3.90627,-1.36289,-1.52429,-1.20149,0.651102,-8.41355,-11.1643,-5.66282,-8.05805,-18.8133,10.0037,3.8797e-09,,0,-3.74185,0.000182672,1,
cx_rate_hz,drive1.5,synch,10,5.16723,3.90627,1.26096,1.09768,1.42424,1.3228,7.6149,5.09753,10.1323,7.29314,17.0274,10.8422,3.612e-09,,100,3.74185,0.000182672,-1,
cx_active_fraction,rest,flow,10,0.0135005,0.214465,-0.200965,-0.204593,-0.197336,0.0629495,-55.9308,-73.2857,-38.5758,-53.5675,-125.065,9.10869,4.75124e-16,,0,-3.76743,0.000164937,1,
cx_active_fraction,rest,self,10,0.0135005,0.169624,-0.156123,-0.15877,-0.153477,0.0795906,-59.4724,-77.9235,-41.0212,-56.9594,-132.984,9.20467,1.9725e-16,,0,-3.7703,0.000163049,1,0.000249938
cx_active_fraction,rest,shuffle,10,0.0135005,0.208293,-0.194793,-0.197929,-0.191656,0.0648148,-62.6705,-82.1117,-43.2293,-60.0224,-140.135,9.14553,1.48834e-16,,0,-3.76743,0.000164937,1,
cx_active_fraction,rest,randmat,10,0.0135005,0.175603,-0.162102,-0.166154,-0.15805,0.0768808,-40.414,-52.9688,-27.8592,-38.7064,-90.3684,9.08711,9.74815e-15,,0,-3.76887,0.000163991,1,
cx_active_fraction,rest,decorr,10,0.0135005,0.200964,-0.187464,-0.192088,-0.182839,0.0671785,-40.9642,-53.6891,-28.2392,-39.2333,-91.5986,9.06685,9.15655e-15,,0,-3.76887,0.000163991,1,
cx_active_fraction,rest,drive0.5,10,0.0135005,0.154436,-0.140935,-0.145465,-0.136405,0.087418,-31.4369,-41.2185,-21.6554,-30.1086,-70.2951,9.06967,9.98694e-14,,0,-3.76743,0.000164937,1,
cx_active_fraction,rest,drive1.5,10,0.0135005,0.234378,-0.220878,-0.224306,-0.217449,0.0576013,-65.0402,-85.215,-44.8654,-62.292,-145.434,9.12175,1.15008e-16,,0,-3.76887,0.000163991,1,
cx_active_fraction,rest,synch,10,0.0135005,0.206461,-0.192961,-0.19967,-0.186251,0.0653899,-29.0779,-38.1316,-20.0242,-27.8493,-65.0202,9.03173,2.23575e-13,,0,-3.76743,0.000164937,1,
cx_active_fraction,flow,self,10,0.214465,0.169624,0.0448411,0.0406483,0.0490339,1.26436,10.1165,6.86121,13.3718,9.68906,22.6212,16.4555,7.91497e-14,1.68321e-13,100,3.74466,0.000180635,-1,0.000249938
cx_active_fraction,flow,shuffle,10,0.214465,0.208293,0.0061719,0.00171676,0.010627,1.02963,1.30358,0.338442,2.26871,1.2485,2.91489,17.6296,0.00938867,,84,2.53427,0.0112682,-0.68,
cx_active_fraction,flow,randmat,10,0.214465,0.175603,0.0388623,0.0338119,0.0439127,1.22131,7.23606,4.8284,9.64372,6.93031,16.1803,17.7841,4.40974e-12,,100,3.74326,0.000181651,-1,
cx_active_fraction,flow,decorr,10,0.214465,0.200964,0.0135008,0.00802437,0.0189772,1.06718,2.32573,1.19094,3.46052,2.22746,5.20049,17.0323,7.17594e-05,,98,3.59201,0.000328133,-0.96,
cx_active_fraction,flow,drive0.5,10,0.214465,0.154436,0.0600292,0.0546253,0.0654331,1.3887,10.473,7.11116,13.8348,10.0305,23.4183,17.1777,1.77901e-14,,100,3.74185,0.000182672,-1,
cx_active_fraction,flow,drive1.5,10,0.214465,0.234378,-0.019913,-0.0245445,-0.0152815,0.915039,-4.04053,-5.56898,-2.51208,-3.8698,-9.0349,17.9423,4.27145e-08,,1,-3.66763,0.000244805,0.98,
cx_active_fraction,flow,synch,10,0.214465,0.206461,0.008004,0.000767869,0.0152401,1.03877,1.0621,0.125816,1.99838,1.01722,2.37492,13.8421,0.0325689,,78,2.08037,0.0374917,-0.56,
cx_active_fraction,self,shuffle,10,0.169624,0.208293,-0.0386692,-0.0424816,-0.0348568,0.814352,-9.54946,-12.6359,-6.46302,-9.14596,-21.3532,17.5007,5.6107e-14,1.68321e-13,0,-3.74466,0.000180635,1,0.000249938
cx_active_fraction,self,randmat,10,0.169624,0.175603,-0.0059788,-0.0105204,-0.0014372,0.965953,-1.25144,-2.20993,-0.292954,-1.19856,-2.7983,15.4857,0.0131935,,17.5,-2.42262,0.0154091,0.65,0.0102474
cx_active_fraction,self,decorr,10,0.169624,0.200964,-0.0313403,-0.0363763,-0.0263043,0.84405,-5.95703,-8.00062,-3.91344,-5.70532,-13.3203,14.3118,1.84656e-09,1.84656e-09,0,-3.74608,0.000179623,1,0.000249938
cx_active_fraction,self,drive0.5,10,0.169624,0.154436,0.0151881,0.0102351,0.0201411,1.09835,2.93194,1.66946,4.19442,2.80806,6.55602,14.4902,1.07939e-05,,96,3.44207,0.00057729,-0.92,0.000249938
cx_active_fraction,self,drive1.5,10,0.169624,0.234378,-0.0647541,-0.0687887,-0.0607195,0.723719,-15.1498,-19.9258,-10.3738,-14.5096,-33.8759,16.9086,5.56013e-17,,0,-3.74608,0.000179623,1,0.000249938
cx_active_fraction,self,synch,10,0.169624,0.206461,-0.0368371,-0.0437983,-0.0298759,0.821578,-5.16976,-6.99596,-3.34356,-4.95132,-11.5599,11.7246,9.20828e-08,,0,-3.74466,0.000180635,1,0.000249938
cx_active_fraction,shuffle,randmat,10,0.208293,0.175603,0.0326904,0.0279155,0.0374653,1.18616,6.46171,4.27581,8.64762,6.18868,14.4488,16.9322,5.93536e-11,,100,3.74326,0.000181651,-1,
cx_active_fraction,shuffle,decorr,10,0.208293,0.200964,0.0073289,0.00209291,0.0125649,1.03647,1.32818,0.359827,2.29653,1.27206,2.9699,15.8273,0.00911139,,83.5,2.49833,0.0124782,-0.67,
cx_active_fraction,shuffle,drive0.5,10,0.208293,0.154436,0.0538573,0.0486992,0.0590154,1.34874,9.89846,6.70818,13.0887,9.48021,22.1336,16.01,1.96905e-13,,100,3.74185,0.000182672,-1,
cx_active_fraction,shuffle,drive1.5,10,0.208293,0.234378,-0.0260849,-0.0303969,-0.0217729,0.888706,-5.68693,-7.65523,-3.71863,-5.44664,-12.7164,17.8586,2.18679e-10,,0,-3.74326,0.000181651,1,
cx_active_fraction,shuffle,synch,10,0.208293,0.206461,0.0018321,-0.00525178,0.00891598,1.00887,0.250381,-0.629569,1.13033,0.239801,0.559868,12.7461,0.585275,,56.5,0.453728,0.650025,-0.13,
cx_active_fraction,randmat,decorr,10,0.175603,0.200964,-0.0253615,-0.0310741,-0.0196489,0.873801,-4.17642,-5.73955,-2.61328,-3.99995,-9.33875,17.6934,2.94604e-08,,0,-3.74466,0.000180635,1,
cx_active_fraction,randmat,drive0.5,10,0.175603,0.154436,0.0211669,0.015522,0.0268118,1.13706,3.52626,2.12538,4.92714,3.37726,7.88496,17.7798,3.2745e-07,,99,3.66763,0.000244805,-0.98,
cx_active_fraction,randmat,drive1.5,10,0.175603,0.234378,-0.0587753,-0.0637091,-0.0538415,0.749229,-11.2149,-14.7991,-7.63058,-10.741,-25.0772,17.5181,3.58008e-15,,0,-3.74466,0.000180635,1,
cx_active_fraction,randmat,synch,10,0.175603,0.206461,-0.0308583,-0.0382492,-0.0234674,0.850537,-3.98479,-5.49913,-2.47046,-3.81642,-8.91027,14.7882,2.49352e-07,,0,-3.74326,0.000181651,1,
cx_active_fraction,decorr,drive0.5,10,0.200964,0.154436,0.0465284,0.0405205,0.0525363,1.30128,7.27666,4.85728,9.69604,6.9692,16.2711,17.9923,3.30404e-12,,100,3.74326,0.000181651,-1,
cx_active_fraction,decorr,drive1.5,10,0.200964,0.234378,-0.0334138,-0.0387879,-0.0280397,0.857436,-5.87744,-7.89877,-3.8561,-5.62909,-13.1423,16.5936,3.39938e-10,,0,-3.74466,0.000180635,1,
cx_active_fraction,decorr,synch,10,0.200964,0.206461,-0.0054968,-0.0131309,0.00213731,0.973376,-0.682721,-1.58442,0.218975,-0.653873,-1.52661,15.9728,0.146416,,29.5,-1.513,0.130281,0.41,
cx_active_fraction,drive0.5,drive1.5,10,0.154436,0.234378,-0.0799422,-0.0852416,-0.0746428,0.658918,-14.249,-18.7509,-9.74712,-13.6469,-31.8618,16.759,1.95986e-16,,0,-3.74326,0.000181651,1,
cx_active_fraction,drive0.5,synch,10,0.154436,0.206461,-0.0520252,-0.0596166,-0.0444338,0.748014,-6.50419,-8.70215,-4.30622,-6.22936,-14.5438,15.7896,1.46399e-10,,0,-3.74185,0.000182672,1,
cx_active_fraction,drive1.5,synch,10,0.234378,0.206461,0.027917,0.0207463,0.0350877,1.13522,3.75023,2.29456,5.2059,3.59177,8.38577,13.3924,1.07961e-06,,100,3.74326,0.000181651,-1,
ring_rate_hz,rest,flow,10,0,20.2397,-20.2397,-20.7705,-19.7089,0,-38.5775,-50.5647,-26.5904,-36.9475,-86.262,9,1.91578e-14,,0,-3.99806,6.38644e-05,1,
ring_rate_hz,rest,self,10,0,18.0206,-18.0206,-18.3985,-17.6427,0,-48.2428,-63.2188,-33.2668,-46.2044,-107.874,9,2.56591e-15,,0,-3.99806,6.38644e-05,1,0.000249938
ring_rate_hz,rest,shuffle,10,0,19.3554,-19.3554,-19.6608,-19.05,0,-64.1142,-84.0024,-44.226,-61.4052,-143.364,9,1.98673e-16,,0,-3.99806,6.38644e-05,1,
ring_rate_hz,rest,randmat,10,0,19.2711,-19.2711,-19.7338,-18.8083,0,-42.1327,-55.2189,-29.0465,-40.3525,-94.2116,9,8.67223e-15,,0,-3.99806,6.38644e-05,1,
ring_rate_hz,rest,decorr,10,0,20.8926,-20.8926,-21.4918,-20.2935,0,-35.2783,-46.246,-24.3105,-33.7876,-78.8846,9,4.27932e-14,,0,-3.99806,6.38644e-05,1,
ring_rate_hz,rest,drive0.5,10,0,16.3554,-16.3554,-16.7686,-15.9422,0,-40.0444,-52.4849,-27.6038,-38.3524,-89.5419,9,1.36974e-14,,0,-3.99806,6.38644e-05,1,
ring_rate_hz,rest,drive1.5,10,0,23.2907,-23.2907,-23.7245,-22.8569,0,-54.3226,-71.1799,-37.4654,-52.0273,-121.469,9,8.82258e-16,,0,-3.99806,6.38644e-05,1,
ring_rate_hz,rest,synch,10,0,20.0721,-20.0721,-20.601,-19.5431,0,-38.39,-50.3192,-26.4608,-36.7679,-85.8426,9,2.00159e-14,,0,-3.99806,6.38644e-05,1,
ring_rate_hz,flow,self,10,20.2397,18.0206,2.21911,1.60932,2.8289,1.12314,3.4456,2.06413,4.82707,3.30001,7.7046,16.2591,8.11277e-07,1.62255e-06,100,3.74185,0.000182672,-1,0.000249938
ring_rate_hz,flow,shuffle,10,20.2397,19.3554,0.8843,0.305108,1.46349,1.04569,1.46092,0.474376,2.44745,1.39919,3.26671,14.371,0.0054579,,88.5,2.87361,0.00405809,-0.77,
ring_rate_hz,flow,randmat,10,20.2397,19.2711,0.96863,0.313792,1.62347,1.05026,1.39164,0.414769,2.36852,1.33284,3.11181,17.6715,0.00612206,,81,2.30558,0.0211339,-0.62,
ring_rate_hz,flow,decorr,10,20.2397,20.8926,-0.65295,-1.3971,0.0911999,0.968747,-0.825272,-1.73834,0.0877995,-0.790401,-1.84536,17.7421,0.0817421,,28.5,-1.58805,0.112276,0.43,
ring_rate_hz,flow,drive0.5,10,20.2397,16.3554,3.88431,3.2569,4.51172,1.23749,5.84207,3.8306,7.85353,5.59522,13.0633,16.9784,2.7627e-10,,100,3.74185,0.000182672,-1,
ring_rate_hz,flow,drive1.5,10,20.2397,23.2907,-3.051,-3.68942,-2.41258,0.869004,-4.50295,-6.15085,-2.85505,-4.31268,-10.0689,17.3132,1.17359e-08,,0,-3.74185,0.000182672,1,
ring_rate_hz,flow,synch,10,20.2397,20.0721,0.16763,-0.528296,0.863556,1.00835,0.226315,-0.653009,1.10564,0.216753,0.506056,17.9998,0.618959,,57,0.491354,0.623176,-0.14,
ring_rate_hz,self,shuffle,10,18.0206,19.3554,-1.33481,-1.78749,-0.88213,0.931037,-2.77923,-4.00809,-1.55037,-2.6618,-6.21455,17.2411,8.84487e-06,8.84487e-06,2,-3.59066,0.000329839,0.96,0.000249938
ring_rate_hz,self,randmat,10,18.0206,19.2711,-1.25048,-1.80692,-0.69404,0.935111,-2.11752,-3.21247,-1.02257,-2.02805,-4.73492,17.3091,0.000182783,,4,-3.43948,0.00058284,0.92,0.000499875
ring_rate_hz,self,decorr,10,18.0206,20.8926,-2.87206,-3.53879,-2.20533,0.862533,-4.10185,-5.64591,-2.55779,-3.92853,-9.17201,15.1825,1.393e-07,4.17901e-07,0,-3.74185,0.000182672,1,0.000249938
ring_rate_hz,self,drive0.5,10,18.0206,16.3554,1.6652,1.14487,2.18553,1.10181,3.00856,1.72889,4.28823,2.88144,6.72735,17.8583,2.74203e-06,,98,3.59066,0.000329839,-0.96,0.000249938
ring_rate_hz,self,drive1.5,10,18.0206,23.2907,-5.27011,-5.80511,-4.73511,0.773725,-9.26785,-12.2707,-6.26499,-8.87625,-20.7235,17.6685,7.64723e-14,,0,-3.74185,0.000182672,1,0.000249938
ring_rate_hz,self,synch,10,18.0206,20.0721,-2.05148,-2.6598,-1.44316,0.897794,-3.1926,-4.51441,-1.8708,-3.0577,-7.13888,16.2886,2.12225e-06,,0,-3.74185,0.000182672,1,0.000249938
ring_rate_hz,shuffle,randmat,10,19.3554,19.2711,0.08433,-0.436346,0.605006,1.00438,0.153877,-0.723942,1.0317,0.147375,0.344079,15.5907,0.735384,,57,0.491354,0.623176,-0.14,
ring_rate_hz,shuffle,decorr,10,19.3554,20.8926,-1.53725,-2.17762,-0.896879,0.926421,-2.31259,-3.4448,-1.18038,-2.21487,-5.17111,13.3815,0.000163979,,4,-3.43948,0.00058284,0.92,
ring_rate_hz,shuffle,drive0.5,10,19.3554,16.3554,3.00001,2.51985,3.48017,1.18343,5.90679,3.87726,7.93633,5.65721,13.208,16.5735,3.20164e-10,,100,3.74185,0.000182672,-1,
ring_rate_hz,shuffle,drive1.5,10,19.3554,23.2907,-3.9353,-4.43202,-3.43858,0.831036,-7.50484,-9.99027,-5.01942,-7.18774,-16.7813,16.1633,1.18986e-11,,0,-3.74185,0.000182672,1,
ring_rate_hz,shuffle,synch,10,19.3554,20.0721,-0.71667,-1.29426,-0.139081,0.964295,-1.18704,-2.13763,-0.236459,-1.13689,-2.65431,14.4007,0.0185197,,18.5,-2.34426,0.0190648,0.63,
ring_rate_hz,randmat,decorr,10,19.2711,20.8926,-1.62158,-2.32788,-0.915284,0.922385,-2.16705,-3.27127,-1.06284,-2.07549,-4.84568,16.9191,0.000153508,,6,-3.28829,0.00100798,0.88,
ring_rate_hz,randmat,drive0.5,10,19.2711,16.3554,2.91568,2.33901,3.49235,1.17827,4.75481,3.04031,6.46931,4.5539,10.6321,17.7741,3.93846e-09,,100,3.74185,0.000182672,-1,
ring_rate_hz,randmat,drive1.5,10,19.2711,23.2907,-4.01963,-4.60884,-3.43042,0.827415,-6.4117,-8.58341,-4.23999,-6.14078,-14.337,17.9252,2.91415e-11,,0,-3.74185,0.000182672,1,
ring_rate_hz,randmat,synch,10,19.2711,20.0721,-0.801,-1.45452,-0.147482,0.960094,-1.15306,-2.09962,-0.206497,-1.10434,-2.57831,17.6873,0.0191203,,19,-2.30558,0.0211339,0.62,
ring_rate_hz,decorr,drive0.5,10,20.8926,16.3554,4.53726,3.85516,5.21936,1.27742,6.30694,4.16489,8.449,6.04045,14.1028,15.9818,1.95012e-10,,100,3.74185,0.000182672,-1,
ring_rate_hz,decorr,drive1.5,10,20.8926,23.2907,-2.39805,-3.08983,-1.70627,0.897038,-3.27991,-4.62209,-1.93774,-3.14132,-7.33411,16.4011,1.44836e-06,,0,-3.74185,0.000182672,1,
ring_rate_hz,decorr,synch,10,20.8926,20.0721,0.82058,0.0775095,1.56365,1.04088,1.03871,0.10495,1.97247,0.994821,2.32263,17.7276,0.0323148,,75.5,1.89053,0.0586867,-0.51,
ring_rate_hz,drive0.5,drive1.5,10,16.3554,23.2907,-6.93531,-7.49176,-6.37886,0.702228,-11.7121,-15.446,-7.97821,-11.2172,-26.189,17.9577,9.3018e-16,,0,-3.74185,0.000182672,1,
ring_rate_hz,drive0.5,synch,10,16.3554,20.0721,-3.71668,-4.34267,-3.09069,0.814833,-5.60193,-7.54669,-3.65718,-5.36523,-12.5263,17.0037,5.18968e-10,,0,-3.74185,0.000182672,1,
ring_rate_hz,drive1.5,synch,10,23.2907,20.0721,3.21863,2.58158,3.85568,1.16035,4.76016,3.04423,6.47608,4.55902,10.644,17.335,5.02692e-09,,100,3.74185,0.000182672,-1,
columnar_rate_hz,rest,flow,10,0,0.604569,-0.604569,-0.631831,-0.577307,0,-22.4352,-29.4428,-15.4275,-21.4872,-50.1666,9,2.49342e-12,,0,-3.99977,6.34029e-05,1,
columnar_rate_hz,rest,self,10,0,0.396847,-0.396847,-0.414713,-0.378981,0,-22.4712,-29.4899,-15.4525,-21.5217,-50.2471,9,2.4578e-12,,0,-3.99806,6.38644e-05,1,0.000249938
columnar_rate_hz,rest,shuffle,10,0,0.581596,-0.581596,-0.603159,-0.560033,0,-27.2865,-35.7878,-18.7851,-26.1335,-61.0144,9,4.30221e-13,,0,-3.99806,6.38644e-05,1,
columnar_rate_hz,rest,randmat,10,0,0.458108,-0.458108,-0.474525,-0.441692,0,-28.2312,-37.0238,-19.4386,-27.0383,-63.1269,9,3.1691e-13,,0,-3.99806,6.38644e-05,1,
columnar_rate_hz,rest,decorr,10,0,0.611679,-0.611679,-0.629056,-0.594303,0,-35.6119,-46.6827,-24.5411,-34.1072,-79.6307,9,3.93213e-14,,0,-3.99806,6.38644e-05,1,
columnar_rate_hz,rest,drive0.5,10,0,0.307883,-0.307883,-0.320412,-0.295354,0,-24.861,-32.615,-17.1069,-23.8105,-55.5908,9,9.92383e-13,,0,-3.99977,6.34029e-05,1,
columnar_rate_hz,rest,drive1.5,10,0,0.819273,-0.819273,-0.842345,-0.796201,0,-35.9239,-47.0911,-24.7568,-34.406,-80.3284,9,3.63557e-14,,0,-3.99806,6.38644e-05,1,
columnar_rate_hz,rest,synch,10,0,0.547973,-0.547973,-0.572043,-0.523903,0,-23.0316,-30.2226,-15.8405,-22.0584,-51.5002,9,1.97048e-12,,0,-3.99806,6.38644e-05,1,
columnar_rate_hz,flow,self,10,0.604569,0.396847,0.207722,0.177101,0.238343,1.52343,6.44725,4.26545,8.62905,6.17483,14.4165,15.5269,2.10722e-10,2.10722e-10,100,3.74326,0.000181651,-1,0.000249938
columnar_rate_hz,flow,shuffle,10,0.604569,0.581596,0.0229729,-0.0094316,0.0553774,1.0395,0.668635,-0.232046,1.56932,0.640383,1.49511,17.0934,0.153118,,68,1.32337,0.185711,-0.36,
columnar_rate_hz,flow,randmat,10,0.604569,0.458108,0.146461,0.116436,0.176486,1.31971,4.65606,2.96779,6.34433,4.45932,10.4113,14.7686,3.40582e-08,,100,3.74326,0.000181651,-1,
columnar_rate_hz,flow,decorr,10,0.604569,0.611679,-0.0071104,-0.0375232,0.0233024,0.988376,-0.222506,-1.10174,0.656724,-0.213105,-0.497539,15.2769,0.625894,,43,-0.491539,0.623046,0.14,
columnar_rate_hz,flow,drive0.5,10,0.604569,0.307883,0.296686,0.26795,0.325422,1.96363,10.004,6.78223,13.2257,9.58126,22.3696,12.6393,1.52216e-11,,100,3.74466,0.000180635,-1,
columnar_rate_hz,flow,drive1.5,10,0.604569,0.819273,-0.214704,-0.247938,-0.18147,0.737934,-6.08184,-8.16044,-4.00325,-5.82486,-13.5994,17.521,9.57075e-11,,0,-3.74326,0.000181651,1,
columnar_rate_hz,flow,synch,10,0.604569,0.547973,0.0565959,0.0227837,0.0904081,1.10328,1.5744,0.571234,2.57757,1.50788,3.52047,17.7279,0.00248986,,87,2.76018,0.00577698,-0.74,
columnar_rate_hz,self,shuffle,10,0.396847,0.581596,-0.184749,-0.210821,-0.158677,0.682341,-6.67443,-8.92087,-4.42798,-6.39241,-14.9245,17.3988,2.36164e-11,4.72327e-11,0,-3.74185,0.000182672,1,0.000249938
columnar_rate_hz,self,randmat,10,0.396847,0.458108,-0.0612613,-0.0838066,-0.038716,0.866273,-2.55433,-3.73538,-1.37327,-2.4464,-5.71165,17.8726,2.10124e-05,,1,-3.66626,0.000246128,0.98,0.000249938
columnar_rate_hz,self,decorr,10,0.396847,0.611679,-0.214832,-0.23798,-0.191685,0.648783,-8.72044,-11.5615,-5.8794,-8.35197,-19.4995,17.9861,1.51409e-13,4.54227e-13,0,-3.74185,0.000182672,1,0.000249938
columnar_rate_hz,self,drive0.5,10,0.396847,0.307883,0.088964,0.068528,0.1094,1.28895,4.12449,2.57465,5.67433,3.95021,9.22264,16.1278,7.82335e-08,,99,3.66763,0.000244805,-0.98,0.000249938
columnar_rate_hz,self,drive1.5,10,0.396847,0.819273,-0.422426,-0.449649,-0.395203,0.484389,-14.6451,-19.2674,-10.0228,-14.0263,-32.7474,16.939,9.3095e-17,,0,-3.74185,0.000182672,1,0.000249938
columnar_rate_hz,self,synch,10,0.396847,0.547973,-0.151126,-0.179134,-0.123118,0.724209,-5.10039,-6.90776,-3.29302,-4.88488,-11.4048,16.6079,2.83441e-09,,0,-3.74185,0.000182672,1,0.000249938
columnar_rate_hz,shuffle,randmat,10,0.581596,0.458108,0.123488,0.09819,0.148786,1.26956,4.60974,2.93372,6.28575,4.41496,10.3077,16.8094,1.10837e-08,,100,3.74185,0.000182672,-1,
columnar_rate_hz,shuffle,decorr,10,0.581596,0.611679,-0.0300833,-0.0558863,-0.00428031,0.950819,-1.09898,-2.03934,-0.158616,-1.05254,-2.45739,17.2218,0.024879,,20,-2.22999,0.0257481,0.6,
columnar_rate_hz,shuffle,drive0.5,10,0.581596,0.307883,0.273713,0.250138,0.297288,1.88902,11.1035,7.55267,14.6543,10.6343,24.8282,14.4549,2.92578e-13,,100,3.74326,0.000181651,-1,
columnar_rate_hz,shuffle,drive1.5,10,0.581596,0.819273,-0.237677,-0.267015,-0.208338,0.709893,-7.61406,-10.1312,-5.09694,-7.29234,-17.0256,17.9183,1.64732e-12,,0,-3.74185,0.000182672,1,
columnar_rate_hz,shuffle,synch,10,0.581596,0.547973,0.033623,0.00358446,0.0636615,1.06136,1.05258,0.117332,1.98783,1.00811,2.35365,17.7866,0.0303034,,79,2.1544,0.031209,-0.58,
columnar_rate_hz,randmat,decorr,10,0.458108,0.611679,-0.153571,-0.175777,-0.131365,0.748935,-6.4992,-8.69575,-4.30265,-6.22459,-14.5327,17.9421,2.29502e-11,,0,-3.74185,0.000182672,1,
columnar_rate_hz,randmat,drive0.5,10,0.458108,0.307883,0.150225,0.13095,0.169501,1.48793,7.35935,4.91607,9.80263,7.04839,16.456,16.8283,8.34126e-12,,100,3.74326,0.000181651,-1,
columnar_rate_hz,randmat,drive1.5,10,0.458108,0.819273,-0.361165,-0.387667,-0.334663,0.559164,-12.9035,-16.9972,-8.80981,-12.3583,-28.8531,16.2537,2.15247e-15,,0,-3.74185,0.000182672,1,
columnar_rate_hz,randmat,synch,10,0.458108,0.547973,-0.0898648,-0.117184,-0.0625455,0.836005,-3.12041,-4.42555,-1.81526,-2.98856,-6.97744,15.8835,3.24504e-06,,0,-3.74185,0.000182672,1,
columnar_rate_hz,decorr,drive0.5,10,0.611679,0.307883,0.303796,0.283758,0.323835,1.98673,14.3468,9.81515,18.8784,13.7406,32.0803,16.3665,3.29252e-16,,100,3.74326,0.000181651,-1,
columnar_rate_hz,decorr,drive1.5,10,0.611679,0.819273,-0.207593,-0.234566,-0.180621,0.746612,-7.27112,-9.6889,-4.85334,-6.96389,-16.2587,16.7248,1.1166e-11,,0,-3.74185,0.000182672,1,
columnar_rate_hz,decorr,synch,10,0.611679,0.547973,0.0637063,0.0359383,0.0914743,1.11626,2.17099,1.06603,3.27594,2.07925,4.85447,16.3773,0.000164777,,92,3.13711,0.00170625,-0.84,
columnar_rate_hz,drive0.5,drive1.5,10,0.307883,0.819273,-0.51139,-0.536301,-0.486478,0.3758,-19.7057,-25.8751,-13.5364,-18.8731,-44.0634,13.8832,2.56075e-16,,0,-3.74326,0.000181651,1,
columnar_rate_hz,drive0.5,synch,10,0.307883,0.547973,-0.24009,-0.265899,-0.214281,0.561858,-8.95112,-11.8602,-6.042,-8.5729,-20.0153,13.5433,1.88565e-11,,0,-3.74326,0.000181651,1,
columnar_rate_hz,drive1.5,synch,10,0.819273,0.547973,0.2713,0.240331,0.302269,1.4951,8.2319,5.53447,10.9293,7.88407,18.4071,17.9678,4.1531e-13,,100,3.74185,0.000182672,-1,
fanbody_rate_hz,rest,flow,10,0.000166389,3.55092,-3.55075,-3.59393,-3.50757,4.68581e-05,-83.1821,-108.975,-57.3893,-79.6673,-186.001,9.00035,1.90638e-17,,0,-3.82922,0.000128551,1,
fanbody_rate_hz,rest,self,10,0.000166389,2.58741,-2.58724,-2.60977,-2.56472,6.43073e-05,-116.181,-152.196,-80.1663,-111.272,-259.789,9.0013,9.39239e-19,,0,-3.82922,0.000128551,1,0.000249938
fanbody_rate_hz,rest,shuffle,10,0.000166389,3.41509,-3.41492,-3.43539,-3.39445,4.87218e-05,-168.734,-221.031,-116.436,-161.604,-377.3,9.00158,3.26268e-20,,0,-3.82922,0.000128551,1,
fanbody_rate_hz,rest,randmat,10,0.000166389,2.54237,-2.54221,-2.56452,-2.51989,6.54464e-05,-115.239,-150.962,-79.5159,-110.37,-257.682,9.00133,1.01057e-18,,0,-3.82922,0.000128551,1,
fanbody_rate_hz,rest,decorr,10,0.000166389,3.44803,-3.44786,-3.51591,-3.37981,4.82563e-05,-51.2579,-67.1667,-35.349,-49.0921,-114.616,9.00014,1.48677e-15,,0,-3.82922,0.000128551,1,
fanbody_rate_hz,rest,drive0.5,10,0.000166389,1.94027,-1.9401,-1.95978,-1.92042,8.57559e-05,-99.7404,-130.662,-68.8187,-95.526,-223.026,9.00171,3.70239e-18,,0,-3.82922,0.000128551,1,
fanbody_rate_hz,rest,drive1.5,10,0.000166389,5.06134,-5.06117,-5.10163,-5.02071,3.28745e-05,-126.55,-165.777,-87.3224,-121.202,-282.974,9.0004,4.36756e-19,,0,-3.82922,0.000128551,1,
fanbody_rate_hz,rest,synch,10,0.000166389,3.55374,-3.55358,-3.75684,-3.35032,4.68208e-05,-17.6868,-23.2375,-12.136,-16.9395,-39.5488,9.00002,2.10115e-11,,0,-3.82922,0.000128551,1,
fanbody_rate_hz,flow,self,10,3.55092,2.58741,0.963506,0.917185,1.00983,1.37238,20.0124,13.749,26.2759,19.1668,44.7492,13.5608,3.98629e-16,7.97258e-16,100,3.74185,0.000182672,-1,0.000249938
fanbody_rate_hz,flow,shuffle,10,3.55092,3.41509,0.13583,0.0901351,0.181525,1.03977,2.87529,1.62539,4.12519,2.7538,6.42934,12.8514,2.3624e-05,,98,3.59066,0.000329839,-0.96,
fanbody_rate_hz,flow,randmat,10,3.55092,2.54237,1.00854,0.96229,1.0548,1.39669,20.9898,14.4263,27.5533,20.1029,46.9346,13.4872,2.4447e-16,,100,3.74185,0.000182672,-1,
fanbody_rate_hz,flow,decorr,10,3.55092,3.44803,0.102886,0.0270503,0.178722,1.02984,1.29147,0.327897,2.25504,1.2369,2.88781,15.2373,0.0111287,,82.5,2.41988,0.0155255,-0.65,
fanbody_rate_hz,flow,drive0.5,10,3.55092,1.94027,1.61065,1.56518,1.65612,1.83012,34.3358,23.6592,45.0125,32.885,76.7773,12.5829,3.43178e-18,,100,3.74185,0.000182672,-1,
fanbody_rate_hz,flow,drive1.5,10,3.55092,5.06134,-1.51042,-1.5654,-1.45545,0.701576,-25.8218,-33.8718,-17.7719,-24.7308,-57.7394,17.9241,8.12654e-22,,0,-3.74185,0.000182672,1,
fanbody_rate_hz,flow,synch,10,3.55092,3.55374,-0.002827,-0.208036,0.202382,0.999205,-0.0137633,-0.890296,0.86277,-0.0131817,-0.0307757,9.81083,0.976066,,60,0.718132,0.472676,-0.2,
fanbody_rate_hz,self,shuffle,10,2.58741,3.41509,-0.827676,-0.855966,-0.799386,0.757641,-27.5062,-36.0753,-18.9372,-26.344,-61.5058,17.8379,3.1845e-22,9.55351e-22,0,-3.74185,0.000182672,1,0.000249938
fanbody_rate_hz,self,randmat,10,2.58741,2.54237,0.045037,0.0155865,0.0744875,1.01771,1.43682,0.453689,2.41996,1.37611,3.21284,17.9984,0.00482478,,87,2.75914,0.00579536,-0.74,0.00674831
fanbody_rate_hz,self,decorr,10,2.58741,3.44803,-0.86062,-0.930403,-0.790837,0.750402,-12.1462,-16.011,-8.28143,-11.633,-27.1598,10.9493,2.13692e-11,2.13692e-11,0,-3.74185,0.000182672,1,0.000249938
fanbody_rate_hz,self,drive0.5,10,2.58741,1.94027,0.647144,0.619328,0.67496,1.33353,21.8875,15.0482,28.7267,20.9626,48.9419,17.6803,2.50711e-20,,100,3.74185,0.000182672,-1,0.000249938
fanbody_rate_hz,self,drive1.5,10,2.58741,5.06134,-2.47393,-2.51781,-2.43005,0.511211,-54.0458,-70.8173,-37.2742,-51.7621,-120.85,14.0912,1.17688e-22,,0,-3.74185,0.000182672,1,0.000249938
fanbody_rate_hz,self,synch,10,2.58741,3.55374,-0.966333,-1.17009,-0.762572,0.72808,-4.78034,-6.50164,-3.05904,-4.57835,-10.6892,9.22108,1.68406e-06,,0,-3.74185,0.000182672,1,0.000249938
fanbody_rate_hz,shuffle,randmat,10,3.41509,2.54237,0.872713,0.844571,0.900855,1.34327,29.1523,20.0756,38.2289,27.9205,65.1865,17.8679,1.05963e-22,,100,3.74185,0.000182672,-1,
fanbody_rate_hz,shuffle,decorr,10,3.41509,3.44803,-0.032944,-0.102391,0.0365034,0.990446,-0.468999,-1.35749,0.419492,-0.449182,-1.04871,10.6161,0.317599,,32,-1.32288,0.185877,0.36,
fanbody_rate_hz,shuffle,drive0.5,10,3.41509,1.94027,1.47482,1.44844,1.5012,1.76011,52.542,36.2358,68.8482,50.3219,117.488,17.9718,2.1677e-27,,100,3.74185,0.000182672,-1,
fanbody_rate_hz,shuffle,drive1.5,10,3.41509,5.06134,-1.64625,-1.68945,-1.60306,0.67474,-36.7287,-48.1445,-25.3129,-35.1768,-82.1278,13.3255,2.03245e-19,,0,-3.74185,0.000182672,1,
fanbody_rate_hz,shuffle,synch,10,3.41509,3.55374,-0.138657,-0.342329,0.0650152,0.960983,-0.686646,-1.58863,0.215336,-0.657633,-1.53539,9.18261,0.158395,,41.5,-0.604971,0.545199,0.17,
fanbody_rate_hz,randmat,decorr,10,2.54237,3.44803,-0.905657,-0.975403,-0.835911,0.737341,-12.7936,-16.8541,-8.73319,-12.2531,-28.6074,10.9138,1.29559e-11,,0,-3.74185,0.000182672,1,
fanbody_rate_hz,randmat,drive0.5,10,2.54237,1.94027,0.602107,0.574443,0.629771,1.31032,20.4729,14.0681,26.8776,19.6078,45.7787,17.7222,7.47207e-20,,100,3.74185,0.000182672,-1,
fanbody_rate_hz,randmat,drive1.5,10,2.54237,5.06134,-2.51897,-2.56277,-2.47516,0.502312,-55.1515,-72.2653,-38.0378,-52.8212,-123.323,14.0124,1.12323e-22,,0,-3.74185,0.000182672,1,
fanbody_rate_hz,randmat,synch,10,2.54237,3.55374,-1.01137,-1.21512,-0.807619,0.715407,-5.0037,-6.78492,-3.22248,-4.79228,-11.1886,9.21695,1.14044e-06,,0,-3.74185,0.000182672,1,
fanbody_rate_hz,decorr,drive0.5,10,3.44803,1.94027,1.50776,1.43843,1.57709,1.77709,21.5332,14.8028,28.2636,20.6233,48.1496,10.4946,1.17705e-13,,100,3.74185,0.000182672,-1,
fanbody_rate_hz,decorr,drive1.5,10,3.44803,5.06134,-1.61331,-1.68806,-1.53856,0.681249,-20.6158,-27.0644,-14.1672,-19.7447,-46.0983,14.6563,2.8336e-17,,0,-3.74185,0.000182672,1,
fanbody_rate_hz,decorr,synch,10,3.44803,3.55374,-0.105713,-0.314284,0.102858,0.970253,-0.498934,-1.38899,0.391122,-0.477852,-1.11565,10.9925,0.288367,,49,-0.0377964,0.96985,0.02,
fanbody_rate_hz,drive0.5,drive1.5,10,1.94027,5.06134,-3.12107,-3.16403,-3.07812,0.38335,-70.1803,-91.9467,-48.414,-67.215,-156.928,13.032,9.67633e-23,,0,-3.74185,0.000182672,1,
fanbody_rate_hz,drive0.5,synch,10,1.94027,3.55374,-1.61348,-1.81712,-1.40984,0.545978,-7.99319,-10.6208,-5.36561,-7.65545,-17.8733,9.16868,1.94149e-08,,0,-3.74185,0.000182672,1,
fanbody_rate_hz,drive1.5,synch,10,5.06134,3.55374,1.5076,1.30264,1.71255,1.42423,7.3592,4.91596,9.80244,7.04825,16.4557,9.71208,2.04462e-08,,100,3.74185,0.000182672,-1,
other_rate_hz,rest,flow,10,1.41779,11.0033,-9.58554,-9.75964,-9.41145,0.128851,-55.6494,-72.9173,-38.3815,-53.298,-124.436,9.05747,5.88242e-16,,0,-3.74326,0.000181651,1,
other_rate_hz,rest,self,10,1.41779,9.17985,-7.76206,-7.89802,-7.6261,0.154446,-57.666,-75.558,-39.7739,-55.2294,-128.945,9.0943,3.77294e-16,,0,-3.74326,0.000181651,1,0.000249938
other_rate_hz,rest,shuffle,10,1.41779,10.7057,-9.2879,-9.43441,-9.14138,0.132434,-64.0453,-83.9122,-44.1785,-61.3392,-143.21,9.08118,1.52021e-16,,0,-3.74326,0.000181651,1,
other_rate_hz,rest,randmat,10,1.41779,9.20352,-7.78573,-7.92172,-7.64973,0.154049,-57.8253,-75.7667,-39.884,-55.382,-129.301,9.09424,3.68012e-16,,0,-3.74326,0.000181651,1,
other_rate_hz,rest,decorr,10,1.41779,11.0872,-9.66937,-9.87288,-9.46585,0.127877,-48.0331,-62.9443,-33.122,-46.0036,-107.405,9.04204,2.33941e-15,,0,-3.74326,0.000181651,1,
other_rate_hz,rest,drive0.5,10,1.41779,7.25673,-5.83893,-5.95324,-5.72463,0.195377,-51.5646,-67.5683,-35.5608,-49.3858,-115.302,9.13353,9.19785e-16,,0,-3.74326,0.000181651,1,
other_rate_hz,rest,drive1.5,10,1.41779,14.2071,-12.7893,-12.8997,-12.679,0.0997946,-116.981,-153.243,-80.7181,-112.038,-261.577,9.14332,4.99178e-19,,0,-3.74326,0.000181651,1,
other_rate_hz,rest,synch,10,1.41779,10.9301,-9.51229,-9.94525,-9.07934,0.129715,-22.2236,-29.1662,-15.281,-21.2846,-49.6936,9.00928,2.65572e-12,,0,-3.74326,0.000181651,1,
other_rate_hz,flow,self,10,11.0033,9.17985,1.82349,1.61763,2.02934,1.19864,8.35802,5.6236,11.0924,8.00487,18.6891,16.9989,9.04617e-13,2.71385e-12,100,3.74185,0.000182672,-1,0.000249938
other_rate_hz,flow,shuffle,10,11.0033,10.7057,0.29765,0.0860417,0.509258,1.0278,1.32437,0.356519,2.29222,1.26841,2.96138,17.4885,0.00854944,,84,2.53236,0.0113297,-0.68,
other_rate_hz,flow,randmat,10,11.0033,9.20352,1.79982,1.59394,2.00569,1.19556,8.24865,5.54631,10.951,7.90011,18.4445,17.0009,1.11789e-12,,100,3.74185,0.000182672,-1,
other_rate_hz,flow,decorr,10,11.0033,11.0872,-0.08382,-0.332842,0.165202,0.99244,-0.316799,-1.1988,0.565205,-0.303413,-0.708383,17.5774,0.487996,,41,-0.64254,0.520523,0.18,
other_rate_hz,flow,drive0.5,10,11.0033,7.25673,3.74661,3.55114,3.94208,1.51629,18.216,12.5033,23.9287,17.4463,40.7322,15.5359,3.25125e-17,,100,3.74185,0.000182672,-1,
other_rate_hz,flow,drive1.5,10,11.0033,14.2071,-3.20379,-3.39758,-3.01,0.774494,-15.7394,-20.6951,-10.7837,-15.0743,-35.1943,15.2176,5.34876e-16,,0,-3.74185,0.000182672,1,
other_rate_hz,flow,synch,10,11.0033,10.9301,0.07325,-0.376824,0.523324,1.0067,0.158832,-0.719072,1.03674,0.15212,0.355158,11.8333,0.728721,,64,1.0205,0.307489,-0.28,
other_rate_hz,self,shuffle,10,9.17985,10.7057,-1.52584,-1.71136,-1.34031,0.857474,-7.7303,-10.2812,-5.17938,-7.40367,-17.2855,17.8999,1.29775e-12,2.71385e-12,0,-3.74185,0.000182672,1,0.000249938
other_rate_hz,self,randmat,10,9.17985,9.20352,-0.023667,-0.202079,0.154745,0.997428,-0.124636,-1.00201,0.752737,-0.11937,-0.278694,18,0.783656,,49,-0.0377964,0.96985,0.02,0.786053
other_rate_hz,self,decorr,10,9.17985,11.0872,-1.90731,-2.13688,-1.67773,0.827972,-7.88888,-10.486,-5.29175,-7.55554,-17.6401,15.6941,9.10406e-12,9.10406e-12,0,-3.74185,0.000182672,1,0.000249938
other_rate_hz,self,drive0.5,10,9.17985,7.25673,1.92313,1.75801,2.08824,1.26501,10.9666,7.45689,14.4764,10.5033,24.5222,17.4815,5.50459e-15,,100,3.74185,0.000182672,-1,0.000249938
other_rate_hz,self,drive1.5,10,9.17985,14.2071,-5.02728,-5.19019,-4.86436,0.646144,-29.0822,-38.1372,-20.0272,-27.8534,-65.0298,17.265,4.35539e-22,,0,-3.74185,0.000182672,1,0.000249938
other_rate_hz,self,synch,10,9.17985,10.9301,-1.75024,-2.19291,-1.30756,0.83987,-3.90258,-5.39622,-2.40895,-3.73768,-8.72644,10.7547,3.31408e-06,,0,-3.74185,0.000182672,1,0.000249938
other_rate_hz,shuffle,randmat,10,10.7057,9.20352,1.50217,1.31662,1.68772,1.16322,7.60939,5.09363,10.1252,7.28787,17.0151,17.9007,1.69334e-12,,100,3.74185,0.000182672,-1,
other_rate_hz,shuffle,decorr,10,10.7057,11.0872,-0.38147,-0.615915,-0.147025,0.965594,-1.53991,-2.53792,-0.5419,-1.47484,-3.44334,16.3502,0.00325254,,12,-2.83473,0.00458639,0.76,
other_rate_hz,shuffle,drive0.5,10,10.7057,7.25673,3.44896,3.27583,3.62209,1.47528,18.7976,12.9067,24.6885,18.0034,42.0328,16.9898,1.29685e-18,,100,3.74185,0.000182672,-1,
other_rate_hz,shuffle,drive1.5,10,10.7057,14.2071,-3.50144,-3.67253,-3.33035,0.753543,-19.335,-25.3906,-13.2793,-18.518,-43.2343,16.7189,1.34701e-18,,0,-3.74185,0.000182672,1,
other_rate_hz,shuffle,synch,10,10.7057,10.9301,-0.2244,-0.668875,0.220075,0.97947,-0.496771,-1.38671,0.393168,-0.475781,-1.11081,11.0315,0.290273,,42,-0.566947,0.57075,0.16,
other_rate_hz,randmat,decorr,10,9.20352,11.0872,-1.88364,-2.11323,-1.65405,0.830106,-7.7903,-10.3587,-5.22191,-7.46113,-17.4196,15.6967,1.09606e-11,,0,-3.74185,0.000182672,1,
other_rate_hz,randmat,drive0.5,10,9.20352,7.25673,1.94679,1.78165,2.11193,1.26827,11.0997,7.55004,14.6494,10.6307,24.8198,17.4799,4.49266e-15,,100,3.74185,0.000182672,-1,
other_rate_hz,randmat,drive1.5,10,9.20352,14.2071,-5.00361,-5.16655,-4.84067,0.64781,-28.9403,-37.9516,-19.929,-27.7175,-64.7125,17.2631,4.75786e-22,,0,-3.74185,0.000182672,1,
other_rate_hz,randmat,synch,10,9.20352,10.9301,-1.72657,-2.16925,-1.28389,0.842035,-3.84971,-5.33011,-2.36931,-3.68705,-8.60822,10.7557,3.77083e-06,,0,-3.74185,0.000182672,1,
other_rate_hz,decorr,drive0.5,10,11.0872,7.25673,3.83043,3.60951,4.05135,1.52785,16.6137,11.391,21.8363,15.9117,37.1493,14.1557,1.62845e-15,,100,3.74185,0.000182672,-1,
other_rate_hz,decorr,drive1.5,10,11.0872,14.2071,-3.11997,-3.33951,-2.90043,0.780394,-13.6442,-17.9624,-9.32603,-13.0677,-30.5094,13.8613,4.15691e-14,,0,-3.74185,0.000182672,1,
other_rate_hz,decorr,synch,10,11.0872,10.9301,0.15707,-0.300491,0.614631,1.01437,0.332211,-0.550337,1.21476,0.318174,0.742846,12.7895,0.471,,69,1.39847,0.161972,-0.38,
other_rate_hz,drive0.5,drive1.5,10,7.25673,14.2071,-6.9504,-7.09774,-6.80306,0.510781,-44.3266,-58.0913,-30.562,-42.4537,-99.1173,17.9775,4.51244e-26,,0,-3.74185,0.000182672,1,
other_rate_hz,drive0.5,synch,10,7.25673,10.9301,-3.67336,-4.1129,-3.23382,0.663922,-8.30067,-11.0183,-5.58308,-7.94994,-18.5609,10.2451,3.20408e-09,,0,-3.74185,0.000182672,1,
other_rate_hz,drive1.5,synch,10,14.2071,10.9301,3.27704,2.83799,3.71609,1.29982,7.4216,4.9603,9.8829,7.10801,16.5952,10.1608,1.08148e-08,,100,3.74185,0.000182672,-1,
ring_active_fraction,rest,flow,10,0,0.880882,-0.880882,-0.888645,-0.87312,0,-114.805,-150.394,-79.2166,-109.954,-256.712,9,1.05102e-18,,0,-4.04166,5.30746e-05,1,
ring_active_fraction,rest,self,10,0,0.832353,-0.832353,-0.844701,-0.820005,0,-68.1937,-89.345,-47.0425,-65.3123,-152.486,9,1.14056e-16,,0,-4.02405,5.72064e-05,1,0.000249938
ring_active_fraction,rest,shuffle,10,0,0.870588,-0.870588,-0.878887,-0.86229,0,-106.135,-139.038,-73.2327,-101.651,-237.326,9,2.13048e-18,,0,-4.03459,5.46986e-05,1,
ring_active_fraction,rest,randmat,10,0,0.833823,-0.833823,-0.848742,-0.818905,0,-56.5436,-74.0883,-38.999,-54.1545,-126.435,9,6.15252e-16,,0,-4.01881,5.84931e-05,1,
ring_active_fraction,rest,decorr,10,0,0.836765,-0.836765,-0.856878,-0.816651,0,-42.0875,-55.1597,-29.0153,-40.3092,-94.1105,9,8.75636e-15,,0,-4.00322,6.24874e-05,1,
ring_active_fraction,rest,drive0.5,10,0,0.825,-0.825,-0.839415,-0.810584,0,-57.8977,-75.8615,-39.934,-55.4513,-129.463,9,4.97277e-16,,0,-4.01881,5.84931e-05,1,
ring_active_fraction,rest,drive1.5,10,0,0.869118,-0.869118,-0.883533,-0.854702,0,-60.9926,-79.9143,-42.0708,-58.4154,-136.384,9,3.11282e-16,,0,-4.01012,6.06871e-05,1,
ring_active_fraction,rest,synch,10,0,0.873529,-0.873529,-0.883693,-0.863366,0,-86.952,-113.912,-59.9915,-83.278,-194.431,9,1.28105e-17,,0,-4.02405,5.72064e-05,1,
ring_active_fraction,flow,self,10,0.880882,0.832353,0.0485297,0.0347992,0.0622602,1.0583,3.36613,2.00361,4.72865,3.2239,7.52689,15.1523,1.69964e-06,5.09891e-06,100,3.79942,0.000145036,-1,0.000249938
ring_active_fraction,flow,shuffle,10,0.880882,0.870588,0.0102942,-0.00026221,0.0208506,1.01182,0.916515,-0.00487642,1.83791,0.877789,2.04939,17.9204,0.0553537,,72,1.7463,0.0807587,-0.44,
ring_active_fraction,flow,randmat,10,0.880882,0.833823,0.047059,0.0310634,0.0630546,1.05644,2.83091,1.59078,4.07104,2.71129,6.33011,13.5403,2.16921e-05,,100,3.79501,0.000147639,-1,
ring_active_fraction,flow,decorr,10,0.880882,0.836765,0.0441177,0.0232776,0.0649578,1.05272,2.07021,0.983984,3.15643,1.98273,4.62912,11.6227,0.000631472,,93,3.27357,0.00106199,-0.86,
ring_active_fraction,flow,drive0.5,10,0.880882,0.825,0.0558825,0.0403398,0.0714252,1.06774,3.453,2.06976,4.83624,3.3071,7.72114,13.8144,2.24662e-06,,100,3.79501,0.000147639,-1,
ring_active_fraction,flow,drive1.5,10,0.880882,0.869118,0.0117648,-0.00377817,0.0273078,1.01354,0.726939,-0.17807,1.63195,0.696223,1.62549,13.8142,0.126647,,68,1.37004,0.170674,-0.36,
ring_active_fraction,flow,synch,10,0.880882,0.873529,0.007353,-0.0045833,0.0192893,1.00842,0.581675,-0.313191,1.47654,0.557097,1.30066,16.8342,0.210897,,64.5,1.12834,0.259174,-0.29,
ring_active_fraction,self,shuffle,10,0.832353,0.870588,-0.0382355,-0.0521952,-0.0242758,0.956081,-2.60002,-3.79061,-1.40943,-2.49016,-5.81382,15.7521,2.80882e-05,5.61764e-05,2,-3.65157,0.00026064,0.96,0.000249938
ring_active_fraction,self,randmat,10,0.832353,0.833823,-0.0014707,-0.0195015,0.0165601,0.998236,-0.0768286,-0.953674,0.800017,-0.0735823,-0.171794,17.3926,0.865583,,45.5,-0.313279,0.754069,0.09,0.837291
ring_active_fraction,self,decorr,10,0.832353,0.836765,-0.004412,-0.0266575,0.0178335,0.994727,-0.189119,-1.0676,0.689361,-0.181128,-0.422882,14.9403,0.678405,0.678405,45,-0.3477,0.728065,0.1,0.592102
ring_active_fraction,self,drive0.5,10,0.832353,0.825,0.0073528,-0.0103053,0.0250109,1.00891,0.391894,-0.493002,1.27679,0.375335,0.876302,17.5852,0.39268,,60,0.750424,0.452999,-0.2,0.491877
ring_active_fraction,self,drive1.5,10,0.832353,0.869118,-0.0367649,-0.0544232,-0.0191066,0.957699,-1.95949,-3.02581,-0.893175,-1.8767,-4.38156,17.5851,0.000378286,,7,-3.27101,0.00107163,0.86,0.000749813
ring_active_fraction,self,synch,10,0.832353,0.873529,-0.0411767,-0.0560691,-0.0262843,0.952862,-2.60475,-3.79633,-1.41316,-2.49469,-5.82439,17.3581,1.8692e-05,,2,-3.64308,0.000269391,0.96,0.000249938
ring_active_fraction,shuffle,randmat,10,0.870588,0.833823,0.0367648,0.0205882,0.0529414,1.04409,2.17874,1.07232,3.28516,2.08668,4.87181,14.0827,0.000242879,,96,3.51564,0.000438701,-0.92,
ring_active_fraction,shuffle,decorr,10,0.870588,0.836765,0.0338235,0.0128627,0.0547843,1.04042,1.57266,0.569757,2.57556,1.50621,3.51658,11.9776,0.0042616,,86,2.7376,0.00618896,-0.72,
ring_active_fraction,shuffle,drive0.5,10,0.870588,0.825,0.0455883,0.0298564,0.0613202,1.05526,2.77275,1.5453,4.0002,2.65559,6.20006,14.3746,2.05643e-05,,99,3.7169,0.000201679,-0.98,
ring_active_fraction,shuffle,drive1.5,10,0.870588,0.869118,0.0014706,-0.0142616,0.0172028,1.00169,0.0894427,-0.787518,0.966403,0.0856634,0.2,14.3744,0.844282,,53,0.195799,0.844767,-0.06,
ring_active_fraction,shuffle,synch,10,0.870588,0.873529,-0.0029412,-0.0151618,0.00927944,0.996633,-0.226779,-1.10611,0.652557,-0.217196,-0.507093,17.3077,0.61849,,44,-0.441396,0.658926,0.12,
ring_active_fraction,randmat,decorr,10,0.833823,0.836765,-0.0029413,-0.0263399,0.0204573,0.996485,-0.118824,-0.996119,0.758472,-0.113803,-0.265697,16.6019,0.793743,,47.5,-0.154352,0.877332,0.05,
ring_active_fraction,randmat,drive0.5,10,0.833823,0.825,0.0088235,-0.0104449,0.0280919,1.0107,0.430286,-0.456322,1.31689,0.412104,0.962148,17.9789,0.348738,,63.5,1.00964,0.31267,-0.27,
ring_active_fraction,randmat,drive1.5,10,0.833823,0.869118,-0.0352942,-0.0545628,-0.0160256,0.959391,-1.72113,-2.74719,-0.695083,-1.64841,-3.84857,17.9789,0.001179,,11,-2.98298,0.00285455,0.78,
ring_active_fraction,randmat,synch,10,0.833823,0.873529,-0.039706,-0.0566334,-0.0227786,0.954545,-2.22526,-3.34053,-1.10998,-2.13123,-4.97582,15.8734,0.000140631,,4,-3.50738,0.000452541,0.92,
ring_active_fraction,decorr,drive0.5,10,0.836765,0.825,0.0117648,-0.0113886,0.0349182,1.01426,0.480971,-0.408134,1.37008,0.460648,1.07548,16.3158,0.297806,,63,0.963566,0.335263,-0.26,
ring_active_fraction,decorr,drive1.5,10,0.836765,0.869118,-0.0323529,-0.0555064,-0.00919936,0.962775,-1.32265,-2.29027,-0.355023,-1.26676,-2.95753,16.3159,0.00911593,,18,-2.41221,0.0158562,0.64,
ring_active_fraction,decorr,synch,10,0.836765,0.873529,-0.0367647,-0.0582346,-0.0152948,0.957912,-1.65045,-2.66529,-0.635614,-1.58071,-3.69052,13.3146,0.00261858,,12.5,-2.84217,0.00448071,0.75,
ring_active_fraction,drive0.5,drive1.5,10,0.825,0.869118,-0.0441177,-0.0630515,-0.0251839,0.949239,-2.18928,-3.29769,-1.08086,-2.09677,-4.89537,18,0.000116496,,4.5,-3.44734,0.000566131,0.91,
ring_active_fraction,drive0.5,synch,10,0.825,0.873529,-0.0485295,-0.0650439,-0.0320151,0.944444,-2.78351,-4.0133,-1.55373,-2.6659,-6.22413,16.1745,1.15855e-05,,1,-3.70832,0.000208641,0.98,
ring_active_fraction,drive1.5,synch,10,0.869118,0.873529,-0.0044118,-0.0209265,0.0121029,0.994949,-0.253045,-1.13307,0.626979,-0.242353,-0.565825,16.1743,0.579279,,43,-0.506631,0.612414,0.14,
columnar_active_fraction,rest,flow,10,0,0.0939189,-0.0939189,-0.0990662,-0.0887717,0,-18.4593,-24.2465,-12.672,-17.6793,-41.2762,9,1.4329e-11,,0,-4.00149,6.29439e-05,1,
columnar_active_fraction,rest,self,10,0,0.0535714,-0.0535714,-0.0554484,-0.0516945,0,-28.8747,-37.8657,-19.8836,-27.6546,-64.5657,9,2.58835e-13,,0,-4.00322,6.24874e-05,1,0.000249938
columnar_active_fraction,rest,shuffle,10,0,0.0953668,-0.0953668,-0.0999215,-0.090812,0,-21.1823,-27.8049,-14.5597,-20.2873,-47.3651,9,4.17479e-12,,0,-3.99806,6.38644e-05,1,
columnar_active_fraction,rest,randmat,10,0,0.0626448,-0.0626448,-0.0675647,-0.0577249,0,-12.8816,-16.9687,-8.79454,-12.3373,-28.8042,9,3.56946e-10,,0,-4.00666,6.15822e-05,1,
columnar_active_fraction,rest,decorr,10,0,0.0811776,-0.0811776,-0.0861616,-0.0761935,0,-16.4775,-21.6586,-11.2965,-15.7813,-36.8449,9,3.96037e-11,,0,-4.00149,6.29439e-05,1,
columnar_active_fraction,rest,drive0.5,10,0,0.0563707,-0.0563707,-0.0624881,-0.0502533,0,-9.3223,-12.3413,-6.3033,-8.9284,-20.8453,9,6.30042e-09,,0,-4.00322,6.24874e-05,1,
columnar_active_fraction,rest,drive1.5,10,0,0.101834,-0.101834,-0.105388,-0.0982793,0,-28.9836,-38.0082,-19.959,-27.7589,-64.8093,9,2.50226e-13,,0,-3.99977,6.34029e-05,1,
columnar_active_fraction,rest,synch,10,0,0.0750965,-0.0750965,-0.08077,-0.069423,0,-13.3908,-17.6322,-9.14948,-12.825,-29.9428,9,2.52635e-10,,0,-4.00149,6.29439e-05,1,
columnar_active_fraction,flow,self,10,0.0939189,0.0535714,0.0403475,0.0350369,0.045658,1.75315,7.45021,4.98062,9.91979,7.13541,16.6592,11.3519,2.47658e-09,4.95315e-09,100,3.7489,0.000177611,-1,0.000249938
columnar_active_fraction,flow,shuffle,10,0.0939189,0.0953668,-0.00144782,-0.00783784,0.0049422,0.984818,-0.213107,-1.09211,0.6659,-0.204103,-0.476522,17.7373,0.63952,,38.5,-0.833404,0.404617,0.23,
columnar_active_fraction,flow,randmat,10,0.0939189,0.0626448,0.0312741,0.0246603,0.037888,1.49923,4.44347,2.81115,6.07579,4.25572,9.9359,17.9634,1.00542e-08,,100,3.75173,0.000175616,-1,
columnar_active_fraction,flow,decorr,10,0.0939189,0.0811776,0.0127414,0.00608669,0.019396,1.15696,1.79906,0.760254,2.83787,1.72305,4.02283,17.9813,0.000799638,,93.5,3.26031,0.00111289,-0.87,
columnar_active_fraction,flow,drive0.5,10,0.0939189,0.0563707,0.0375483,0.0301077,0.0449888,1.6661,4.75137,3.03779,6.46496,4.55061,10.6244,17.4887,4.71612e-09,,100,3.7489,0.000177611,-1,
columnar_active_fraction,flow,drive1.5,10,0.0939189,0.101834,-0.00791489,-0.013777,-0.00205275,0.922276,-1.28007,-2.24218,-0.317963,-1.22599,-2.86233,15.9934,0.0112927,,15.5,-2.57403,0.0100521,0.69,
columnar_active_fraction,flow,synch,10,0.0939189,0.0750965,0.0188224,0.0117031,0.0259417,1.25064,2.48575,1.31883,3.65267,2.38072,5.55831,17.8321,2.91639e-05,,99,3.67178,0.000240866,-0.98,
columnar_active_fraction,self,shuffle,10,0.0535714,0.0953668,-0.0417953,-0.0465414,-0.0370492,0.561741,-8.5831,-11.3837,-5.78252,-8.22044,-19.1924,11.9711,2.34097e-10,7.0229e-10,0,-3.74608,0.000179623,1,0.000249938
columnar_active_fraction,self,randmat,10,0.0535714,0.0626448,-0.00907335,-0.0141663,-0.00398041,0.855162,-1.7432,-2.77282,-0.713575,-1.66954,-3.89791,11.5655,0.00226583,,8.5,-3.10985,0.00187183,0.83,0.000499875
columnar_active_fraction,self,decorr,10,0.0535714,0.0811776,-0.0276061,-0.0327604,-0.0224519,0.659929,-5.24399,-7.09041,-3.39758,-5.02242,-11.7259,11.5025,9.53371e-08,9.53371e-08,0,-3.7489,0.000177611,1,0.000249938
columnar_active_fraction,self,drive0.5,10,0.0535714,0.0563707,-0.00279922,-0.00904793,0.00344949,0.950343,-0.442558,-1.32975,0.444629,-0.423859,-0.989591,10.6796,0.344265,,44,-0.418603,0.675506,0.12,0.426143
columnar_active_fraction,self,drive1.5,10,0.0535714,0.101834,-0.0482624,-0.0520824,-0.0444423,0.526067,-12.1468,-16.0117,-8.28181,-11.6335,-27.161,13.657,2.78457e-13,,0,-3.74749,0.000178614,1,0.000249938
columnar_active_fraction,self,synch,10,0.0535714,0.0750965,-0.0215251,-0.0273428,-0.0157073,0.713368,-3.644,-5.07353,-2.21448,-3.49003,-8.14824,10.9467,5.65694e-06,,2,-3.60151,0.000316374,0.96,0.000249938
columnar_active_fraction,shuffle,randmat,10,0.0953668,0.0626448,0.032722,0.0264927,0.0389513,1.52234,4.93753,3.17413,6.70094,4.72891,11.0407,17.894,2.03471e-09,,100,3.7489,0.000177611,-1,
columnar_active_fraction,shuffle,decorr,10,0.0953668,0.0811776,0.0141892,0.00791503,0.0204633,1.17479,2.12608,1.02954,3.22261,2.03624,4.75405,17.8559,0.000161864,,94,3.29077,0.00099915,-0.88,
columnar_active_fraction,shuffle,drive0.5,10,0.0953668,0.0563707,0.0389961,0.0318709,0.0461213,1.69178,5.17268,3.34569,6.99968,4.95412,11.5665,16.6328,2.2611e-09,,100,3.74608,0.000179623,-1,
columnar_active_fraction,shuffle,drive1.5,10,0.0953668,0.101834,-0.00646707,-0.0118556,-0.00107853,0.936494,-1.13241,-2.07657,-0.188245,-1.08456,-2.53214,16.9964,0.0214867,,21.5,-2.12219,0.0338215,0.57,
columnar_active_fraction,shuffle,synch,10,0.0953668,0.0750965,0.0202702,0.0134905,0.0270499,1.26992,2.81857,1.58114,4.05601,2.69948,6.30252,17.1964,7.5374e-06,,99.5,3.70824,0.000208708,-0.99,
columnar_active_fraction,randmat,decorr,10,0.0626448,0.0811776,-0.0185328,-0.025037,-0.0120286,0.771701,-2.67718,-3.88409,-1.47028,-2.56406,-5.98636,17.997,1.15975e-05,,3,-3.52836,0.000418144,0.94,
columnar_active_fraction,randmat,drive0.5,10,0.0626448,0.0563707,0.00627413,-0.00104078,0.013589,1.1113,0.808543,-0.10309,1.72018,0.774379,1.80796,17.2084,0.0881239,,79.5,2.19965,0.0278318,-0.59,
columnar_active_fraction,randmat,drive1.5,10,0.0626448,0.101834,-0.039189,-0.0448661,-0.033512,0.615167,-6.532,-8.73787,-4.32612,-6.256,-14.606,16.3838,8.09211e-11,,0,-3.75032,0.000176611,1,
columnar_active_fraction,randmat,synch,10,0.0626448,0.0750965,-0.0124517,-0.0194361,-0.00546738,0.83419,-1.67746,-2.69654,-0.658382,-1.60658,-3.75092,17.6463,0.00150609,,14.5,-2.65374,0.00796041,0.71,
columnar_active_fraction,decorr,drive0.5,10,0.0811776,0.0563707,0.0248069,0.0174571,0.0321567,1.44007,3.18049,1.86149,4.49949,3.0461,7.11179,17.2938,1.58006e-06,,98,3.59743,0.000321376,-0.96,
columnar_active_fraction,decorr,drive1.5,10,0.0811776,0.101834,-0.0206562,-0.0263852,-0.0149273,0.797157,-3.41364,-4.78747,-2.03981,-3.2694,-7.63313,16.2735,9.09966e-07,,0,-3.74608,0.000179623,1,
columnar_active_fraction,decorr,synch,10,0.0811776,0.0750965,0.00608105,-0.000940819,0.0131029,1.08098,0.814644,-0.0975106,1.7268,0.780222,1.8216,17.7061,0.0854548,,73.5,1.74191,0.0815235,-0.47,
columnar_active_fraction,drive0.5,drive1.5,10,0.0563707,0.101834,-0.0454632,-0.0521514,-0.0387749,0.553555,-6.50076,-8.69776,-4.30377,-6.22608,-14.5361,14.4552,5.01223e-10,,0,-3.74749,0.000178614,1,
columnar_active_fraction,drive0.5,synch,10,0.0563707,0.0750965,-0.0187259,-0.0264777,-0.0109741,0.750643,-2.2706,-3.39461,-1.14658,-2.17466,-5.07721,17.8988,7.99112e-05,,9.5,-3.03056,0.00244101,0.81,
columnar_active_fraction,drive1.5,synch,10,0.101834,0.0750965,0.0267373,0.0204336,0.033041,1.35604,4.04022,2.51185,5.5686,3.86951,9.03421,15.122,1.7505e-07,,100,3.74608,0.000179623,-1,
fanbody_active_fraction,rest,flow,10,0,0.184692,-0.184692,-0.187383,-0.182001,0,-69.4345,-90.9699,-47.899,-66.5006,-155.26,9,9.69767e-17,,0,-4.00322,6.24874e-05,1,
fanbody_active_fraction,rest,self,10,0,0.131115,-0.131115,-0.133548,-0.128682,0,-54.5248,-71.4446,-37.605,-52.2209,-121.921,9,8.53269e-16,,0,-4.00494,6.20335e-05,1,0.000249938
fanbody_active_fraction,rest,shuffle,10,0,0.171381,-0.171381,-0.173155,-0.169607,0,-97.7081,-128,-67.4159,-93.5796,-218.482,9,4.48534e-18,,0,-4.01881,5.84931e-05,1,
fanbody_active_fraction,rest,randmat,10,0,0.135441,-0.135441,-0.137319,-0.133563,0,-72.9686,-95.5984,-50.3388,-69.8854,-163.163,9,6.20413e-17,,0,-4.00839,6.11334e-05,1,
fanbody_active_fraction,rest,decorr,10,0,0.172379,-0.172379,-0.178107,-0.166652,0,-30.4474,-39.9236,-20.9712,-29.1609,-68.0824,9,1.60735e-13,,0,-4.00494,6.20335e-05,1,
fanbody_active_fraction,rest,drive0.5,10,0,0.106988,-0.106988,-0.110115,-0.103862,0,-34.6168,-45.3802,-23.8534,-33.1541,-77.4056,9,5.07287e-14,,0,-4.01533,5.93632e-05,1,
fanbody_active_fraction,rest,drive1.5,10,0,0.223295,-0.223295,-0.225915,-0.220675,0,-86.2265,-112.962,-59.4908,-82.5831,-192.808,9,1.38136e-17,,0,-4.00839,6.11334e-05,1,
fanbody_active_fraction,rest,synch,10,0,0.199168,-0.199168,-0.21002,-0.188316,0,-18.5674,-24.3878,-12.7471,-17.7829,-41.5181,9,1.35983e-11,,0,-3.99977,6.34029e-05,1,
fanbody_active_fraction,flow,self,10,0.184692,0.131115,0.0535772,0.0502057,0.0569487,1.40863,14.9416,10.229,19.6541,14.3102,33.4103,17.8198,1.59344e-17,4.78032e-17,100,3.75173,0.000175616,-1,0.000249938
fanbody_active_fraction,flow,shuffle,10,0.184692,0.171381,0.0133111,0.0102838,0.0163384,1.07767,4.17773,2.61426,5.74121,4.00121,9.3417,15.5823,8.80258e-08,,100,3.76313,0.000167801,-1,
fanbody_active_fraction,flow,randmat,10,0.184692,0.135441,0.0492514,0.0461777,0.0523251,1.36364,15.1844,10.3979,19.971,14.5428,33.9534,16.085,2.11167e-16,,100,3.75457,0.000173637,-1,
fanbody_active_fraction,flow,decorr,10,0.184692,0.172379,0.0123129,0.00625923,0.0183666,1.07143,1.9684,0.900511,3.0363,1.88523,4.40149,12.7887,0.000743541,,92,3.14777,0.00164519,-0.84,
fanbody_active_fraction,flow,drive0.5,10,0.184692,0.106988,0.0777038,0.0738665,0.0815411,1.72628,19.0559,13.0858,25.026,18.2507,42.6103,17.6093,3.24785e-19,,100,3.76027,0.00016973,-1,
fanbody_active_fraction,flow,drive1.5,10,0.184692,0.223295,-0.0386026,-0.0420908,-0.0351144,0.827123,-10.3984,-13.738,-7.05891,-9.95907,-23.2516,17.9871,7.16157e-15,,0,-3.75457,0.000173637,1,
fanbody_active_fraction,flow,synch,10,0.184692,0.199168,-0.014476,-0.0254733,-0.00347873,0.927318,-1.30985,-2.27581,-0.343902,-1.25451,-2.92892,10.1027,0.014915,,11.5,-2.88448,0.00392057,0.77,
fanbody_active_fraction,self,shuffle,10,0.131115,0.171381,-0.0402661,-0.0430814,-0.0374508,0.765049,-13.5284,-17.8114,-9.24532,-12.9568,-30.2504,16.464,7.28743e-16,1.45749e-15,0,-3.76456,0.000166842,1,0.000249938
fanbody_active_fraction,self,randmat,10,0.131115,0.135441,-0.0043258,-0.00719311,-0.00145849,0.968061,-1.42402,-2.40537,-0.442678,-1.36385,-3.18421,16.9149,0.00545556,,16,-2.55065,0.0107523,0.68,0.00849788
fanbody_active_fraction,self,decorr,10,0.131115,0.172379,-0.0412643,-0.0472499,-0.0352787,0.760619,-6.70848,-8.96465,-4.45231,-6.42502,-15.0006,12.1449,3.33536e-09,3.33536e-09,0,-3.75315,0.000174624,1,0.000249938
fanbody_active_fraction,self,drive0.5,10,0.131115,0.106988,0.0241266,0.0204313,0.0278219,1.22551,6.16112,4.06022,8.26203,5.9008,13.7767,16.9743,1.20988e-10,,100,3.7617,0.000168763,-1,0.000249938
fanbody_active_fraction,self,drive1.5,10,0.131115,0.223295,-0.0921798,-0.0955014,-0.0888582,0.587183,-26.0842,-34.215,-17.9534,-24.982,-58.326,17.9021,7.11599e-22,,0,-3.756,0.000172654,1,0.000249938
fanbody_active_fraction,self,synch,10,0.131115,0.199168,-0.0680532,-0.0790219,-0.0570845,0.658313,-6.19061,-8.29982,-4.0814,-5.92904,-13.8426,9.90232,8.37911e-08,,0,-3.7489,0.000177611,1,0.000249938
fanbody_active_fraction,shuffle,randmat,10,0.171381,0.135441,0.0359403,0.0335403,0.0383403,1.26536,14.0733,9.62482,18.5218,13.4787,31.4689,17.9426,3.76321e-17,,100,3.76743,0.000164937,-1,
fanbody_active_fraction,shuffle,decorr,10,0.171381,0.172379,-0.0009982,-0.00685143,0.00485503,0.994209,-0.168415,-1.04649,0.70966,-0.161299,-0.376587,10.7119,0.713833,,49.5,0,1,0.01,
fanbody_active_fraction,shuffle,drive0.5,10,0.171381,0.106988,0.0643927,0.0609897,0.0677957,1.60187,18.12,12.4367,23.8034,17.3544,40.5176,14.2526,4.00112e-16,,100,3.77319,0.000161177,-1,
fanbody_active_fraction,shuffle,drive1.5,10,0.171381,0.223295,-0.0519137,-0.0548817,-0.0489457,0.76751,-16.5979,-21.8156,-11.3801,-15.8965,-37.1139,15.822,8.17677e-17,,0,-3.76743,0.000164937,1,
fanbody_active_fraction,shuffle,synch,10,0.171381,0.199168,-0.0277871,-0.0386987,-0.0168755,0.860484,-2.5565,-3.73801,-1.37499,-2.44848,-5.71651,9.48094,0.000237094,,0,-3.76027,0.00016973,1,
fanbody_active_fraction,randmat,decorr,10,0.135441,0.172379,-0.0369385,-0.0428088,-0.0310682,0.785714,-6.19976,-8.31155,-4.08797,-5.9378,-13.8631,10.9127,2.84986e-08,,0,-3.756,0.000172654,1,
fanbody_active_fraction,randmat,drive0.5,10,0.135441,0.106988,0.0284524,0.0250107,0.0318941,1.26594,7.89207,5.29401,10.4901,7.5586,17.6472,14.745,2.53855e-11,,100,3.76456,0.000166842,-1,
fanbody_active_fraction,randmat,drive1.5,10,0.135441,0.223295,-0.087854,-0.0908699,-0.0848381,0.606556,-27.5738,-36.1637,-18.9839,-26.4087,-61.6569,16.3164,9.14946e-21,,0,-3.75884,0.0001707,1,
fanbody_active_fraction,randmat,synch,10,0.135441,0.199168,-0.0637274,-0.0746465,-0.0528083,0.680032,-5.85399,-7.86878,-3.8392,-5.60664,-13.0899,9.53849,2.06922e-07,,0,-3.75173,0.000175616,1,
fanbody_active_fraction,decorr,drive0.5,10,0.172379,0.106988,0.0653909,0.0592009,0.0715809,1.6112,10.1378,6.87614,13.3995,9.70944,22.6688,13.9266,2.16194e-12,,100,3.7617,0.000168763,-1,
fanbody_active_fraction,decorr,drive1.5,10,0.172379,0.223295,-0.0509155,-0.0569495,-0.0448815,0.771981,-8.17829,-10.86,-5.49656,-7.83272,-18.2872,12.608,1.87895e-10,,0,-3.756,0.000172654,1,
fanbody_active_fraction,decorr,synch,10,0.172379,0.199168,-0.0267889,-0.0384507,-0.0151271,0.865496,-2.20864,-3.32074,-1.09654,-2.11532,-4.93867,13.6532,0.000234572,,1,-3.67317,0.000239563,0.98,
fanbody_active_fraction,drive0.5,drive1.5,10,0.106988,0.223295,-0.116306,-0.120103,-0.11251,0.479135,-28.8447,-37.8265,-19.863,-27.6259,-64.4988,17.4649,3.18504e-22,,0,-3.76456,0.000166842,1,
fanbody_active_fraction,drive0.5,synch,10,0.106988,0.199168,-0.0921798,-0.103234,-0.0811255,0.537176,-8.25754,-10.9625,-5.5526,-7.90863,-18.4644,10.4841,2.4615e-09,,0,-3.75742,0.000171675,1,
fanbody_active_fraction,drive1.5,synch,10,0.223295,0.199168,0.0241266,0.0131376,0.0351156,1.12114,2.18639,1.07852,3.29426,2.09401,4.88892,10.0455,0.000625159,,90,2.99381,0.00275519,-0.8,
other_active_fraction,rest,flow,10,0.0758808,0.478591,-0.40271,-0.408006,-0.397414,0.15855,-75.1402,-98.4425,-51.838,-71.9653,-168.019,10.6626,1.34497e-19,,0,-3.77607,0.00015932,1,
other_active_fraction,rest,self,10,0.0758808,0.436043,-0.360162,-0.36877,-0.351555,0.174021,-41.9214,-54.9423,-28.9005,-40.1501,-93.7391,9.61676,1.4466e-15,,0,-3.7703,0.000163049,1,0.000249938
other_active_fraction,rest,shuffle,10,0.0758808,0.463415,-0.387534,-0.397555,-0.377513,0.163743,-38.8394,-50.9075,-26.7713,-37.1983,-86.8475,9.45349,4.82707e-15,,0,-3.77319,0.000161177,1,
other_active_fraction,rest,randmat,10,0.0758808,0.436856,-0.360975,-0.371153,-0.350797,0.173697,-35.627,-46.7024,-24.5515,-34.1216,-79.6644,9.43947,1.13441e-14,,0,-3.77174,0.000162111,1,
other_active_fraction,rest,decorr,10,0.0758808,0.466667,-0.390786,-0.400241,-0.381331,0.162602,-41.473,-54.3553,-28.5908,-39.7206,-92.7365,9.50998,2.19831e-15,,0,-3.77174,0.000162111,1,
other_active_fraction,rest,drive0.5,10,0.0758808,0.383469,-0.307588,-0.317743,-0.297433,0.19788,-30.4251,-39.8945,-20.9558,-29.1396,-68.0327,9.44147,4.99443e-14,,0,-3.77319,0.000161177,1,
other_active_fraction,rest,drive1.5,10,0.0758808,0.507588,-0.431707,-0.438063,-0.425351,0.149493,-67.5521,-88.5047,-46.5995,-64.6978,-151.051,10.1431,2.43798e-18,,0,-3.77463,0.000160246,1,
other_active_fraction,rest,synch,10,0.0758808,0.464228,-0.388347,-0.39837,-0.378324,0.163456,-38.9134,-51.0043,-26.8224,-37.2691,-87.0129,9.45331,4.74358e-15,,0,-3.7703,0.000163049,1,
other_active_fraction,flow,self,10,0.478591,0.436043,0.0425478,0.0331198,0.0519758,1.09758,4.30591,2.70939,5.90244,4.12397,9.62831,14.8363,9.03064e-08,2.70919e-07,100,3.75315,0.000174624,-1,0.000249938
other_active_fraction,flow,shuffle,10,0.478591,0.463415,0.0151762,0.00448756,0.0258648,1.03275,1.36625,0.392829,2.33968,1.30853,3.05504,13.5381,0.00884788,,83,2.48019,0.0131312,-0.66,
other_active_fraction,flow,randmat,10,0.478591,0.436856,0.0417348,0.0309031,0.0525665,1.09553,3.71088,2.26493,5.15683,3.55408,8.29777,13.416,1.20236e-06,,100,3.75457,0.000173637,-1,
other_active_fraction,flow,decorr,10,0.478591,0.466667,0.0119242,0.00174636,0.022102,1.02555,1.12366,0.180497,2.06681,1.07618,2.51257,14.0136,0.0248414,,77,2.02308,0.0430645,-0.54,
other_active_fraction,flow,drive0.5,10,0.478591,0.383469,0.095122,0.0843111,0.105933,1.24806,8.47303,5.70483,11.2412,8.11502,18.9463,13.4335,4.42246e-11,,100,3.756,0.000172654,-1,
other_active_fraction,flow,drive1.5,10,0.478591,0.507588,-0.028997,-0.0365717,-0.0214223,0.942873,-3.60583,-5.02603,-2.18563,-3.45347,-8.06288,17.3894,2.79718e-07,,0.5,-3.72088,0.000198533,0.99,
other_active_fraction,flow,synch,10,0.478591,0.464228,0.0143631,0.00367268,0.0250535,1.03094,1.29285,0.329103,2.2566,1.23823,2.89091,13.5366,0.0121948,,79,2.165,0.0303874,-0.58,
other_active_fraction,self,shuffle,10,0.436043,0.463415,-0.0273716,-0.0395873,-0.0151559,0.940935,-2.1088,-3.20213,-1.01547,-2.01969,-4.71542,17.5892,0.000182936,0.000182936,6,-3.29947,0.000968664,0.88,0.000249938
other_active_fraction,self,randmat,10,0.436043,0.436856,-0.000813,-0.013145,0.011519,0.998139,-0.0620675,-0.938801,0.814666,-0.0594449,-0.138787,17.5052,0.891202,,53,0.190492,0.848924,-0.06,0.909523
other_active_fraction,self,decorr,10,0.436043,0.466667,-0.0306236,-0.0424302,-0.018817,0.934378,-2.43858,-3.59591,-1.28126,-2.33555,-5.45284,17.8392,3.63326e-05,7.26651e-05,4.5,-3.40938,0.000651109,0.91,0.000499875
other_active_fraction,self,drive0.5,10,0.436043,0.383469,0.0525742,0.0402592,0.0648892,1.1371,4.01903,2.49603,5.54203,3.84921,8.98682,17.5177,5.64446e-08,,100,3.75032,0.000176611,-1,0.000249938
other_active_fraction,self,drive1.5,10,0.436043,0.507588,-0.0715448,-0.0814522,-0.0616374,0.859049,-6.82908,-9.11973,-4.53843,-6.54053,-15.2703,16.5102,3.64384e-11,,0,-3.75173,0.000175616,1,0.000249938
other_active_fraction,self,synch,10,0.436043,0.464228,-0.0281847,-0.0404018,-0.0159676,0.939287,-2.17119,-3.27619,-1.0662,-2.07945,-4.85494,17.5882,0.000135443,,5,-3.37277,0.000744158,0.9,0.000249938
other_active_fraction,shuffle,randmat,10,0.463415,0.436856,0.0265586,0.0133603,0.0397569,1.06079,1.89069,0.836364,2.94501,1.8108,4.2277,17.9956,0.000506351,,92,3.14897,0.00163849,-0.84,
other_active_fraction,shuffle,decorr,10,0.463415,0.466667,-0.003252,-0.0159808,0.00947683,0.993031,-0.240101,-1.11978,0.639574,-0.229956,-0.536882,17.9382,0.597946,,44,-0.420369,0.674216,0.12,
other_active_fraction,shuffle,drive0.5,10,0.463415,0.383469,0.0799458,0.0667627,0.0931289,1.20848,5.69783,3.7265,7.66916,5.45707,12.7407,17.9967,1.91726e-10,,100,3.75315,0.000174624,-1,
other_active_fraction,shuffle,drive1.5,10,0.463415,0.507588,-0.0441732,-0.0552593,-0.0330871,0.912974,-3.79476,-5.26147,-2.32805,-3.63442,-8.48535,15.1545,3.83667e-07,,0,-3.75457,0.000173637,1,
other_active_fraction,shuffle,synch,10,0.463415,0.464228,-0.0008131,-0.0139084,0.0122822,0.998248,-0.0583385,-0.935047,0.818371,-0.0558735,-0.130449,18,0.897658,,48.5,-0.0757926,0.939584,0.03,
other_active_fraction,randmat,decorr,10,0.436856,0.466667,-0.0298106,-0.0426485,-0.0169727,0.93612,-2.1826,-3.28975,-1.07545,-2.09038,-4.88044,17.901,0.000122171,,6,-3.29573,0.000981652,0.88,
other_active_fraction,randmat,drive0.5,10,0.436856,0.383469,0.0533872,0.0401009,0.0666735,1.13922,3.77535,2.31346,5.23723,3.61582,8.44193,17.9999,1.13013e-07,,100,3.75173,0.000175616,-1,
other_active_fraction,randmat,drive1.5,10,0.436856,0.507588,-0.0707318,-0.0819531,-0.0595105,0.860651,-6.00795,-8.06581,-3.9501,-5.7541,-13.4342,15.0136,9.00207e-10,,0,-3.75315,0.000174624,1,
other_active_fraction,randmat,synch,10,0.436856,0.464228,-0.0273717,-0.0405713,-0.0141721,0.941038,-1.94838,-3.01274,-0.884018,-1.86605,-4.35671,17.9957,0.000380391,,8,-3.14658,0.0016519,0.84,
other_active_fraction,decorr,drive0.5,10,0.466667,0.383469,0.0831978,0.0703758,0.0960198,1.21696,6.09879,4.01543,8.18215,5.8411,13.6373,17.9069,6.74811e-11,,100,3.75173,0.000175616,-1,
other_active_fraction,decorr,drive1.5,10,0.466667,0.507588,-0.0409212,-0.0515268,-0.0303156,0.919381,-3.66404,-5.09847,-2.22961,-3.50922,-8.19304,15.6828,4.68501e-07,,0,-3.75315,0.000174624,1,
other_active_fraction,decorr,synch,10,0.466667,0.464228,0.0024389,-0.0102913,0.0151691,1.00525,0.18005,-0.698247,1.05835,0.172442,0.402603,17.9377,0.691998,,54,0.265575,0.790566,-0.08,
other_active_fraction,drive0.5,drive1.5,10,0.383469,0.507588,-0.124119,-0.135321,-0.112917,0.755473,-10.5599,-13.9478,-7.17209,-10.1138,-23.6128,15.0339,2.6834e-13,,0,-3.75457,0.000173637,1,
other_active_fraction,drive0.5,synch,10,0.383469,0.464228,-0.0807589,-0.0939433,-0.0675745,0.826036,-5.75522,-7.74249,-3.76794,-5.51204,-12.8691,17.9968,1.62812e-10,,0,-3.75032,0.000176611,1,
other_active_fraction,drive1.5,synch,10,0.507588,0.464228,0.0433601,0.0322723,0.0544479,1.0934,3.72438,2.2751,5.17366,3.56702,8.32797,15.1527,4.86425e-07,,100,3.75173,0.000175616,-1,
pair_corr,rest,flow,10,0,0.00336319,-0.00336319,-0.00440736,-0.00231902,0,-3.25851,-4.59567,-1.92135,-3.12083,-7.28625,9,4.63238e-05,,0,-3.99806,6.38644e-05,1,
pair_corr,rest,self,10,0,0.00195909,-0.00195909,-0.00273442,-0.00118376,0,-2.55627,-3.73773,-1.37481,-2.44826,-5.716,9,0.000288411,,0,-3.99806,6.38644e-05,1,0.000249938
pair_corr,rest,shuffle,10,0,0.00333614,-0.00333614,-0.00474184,-0.00193043,0,-2.40098,-3.55072,-1.25123,-2.29953,-5.36875,9,0.000451101,,0,-3.99806,6.38644e-05,1,
pair_corr,rest,randmat,10,0,0.00159404,-0.00159404,-0.00227516,-0.000912909,0,-2.3676,-3.51068,-1.22452,-2.26756,-5.29411,9,0.000497718,,0,-3.99806,6.38644e-05,1,
pair_corr,rest,decorr,10,0,0.00221352,-0.00221352,-0.00327244,-0.0011546,0,-2.11474,-3.20917,-1.02031,-2.02538,-4.7287,9,0.00107586,,0,-3.99806,6.38644e-05,1,
pair_corr,rest,drive0.5,10,0,0.00198046,-0.00198046,-0.00272026,-0.00124066,0,-2.70824,-3.92178,-1.4947,-2.59381,-6.05581,9,0.000189142,,0,-3.99806,6.38644e-05,1,
pair_corr,rest,drive1.5,10,0,0.00332788,-0.00332788,-0.00414678,-0.00250899,0,-4.11129,-5.65775,-2.56482,-3.93757,-9.19311,9,7.17446e-06,,0,-3.99806,6.38644e-05,1,
pair_corr,rest,synch,10,0,0.0058185,-0.0058185,-0.00687679,-0.00476021,0,-5.56217,-7.49593,-3.62841,-5.32715,-12.4374,9,5.67276e-07,,0,-3.99806,6.38644e-05,1,
pair_corr,flow,self,10,0.00336319,0.00195909,0.0014041,0.000188964,0.00261923,1.71671,1.09222,0.152612,2.03182,1.04607,2.44227,16.6108,0.0261018,0.0783054,75,1.85203,0.0640221,-0.5,0.0204949
pair_corr,flow,shuffle,10,0.00336319,0.00333614,2.7051e-05,-0.001609,0.0016631,1.00811,0.0156284,-0.860908,0.892164,0.0149681,0.0349462,16.6138,0.972539,,52,0.113389,0.909722,-0.04,
pair_corr,flow,randmat,10,0.00336319,0.00159404,0.00176915,0.000597699,0.0029406,2.10986,1.43564,0.452674,2.41861,1.37498,3.2102,15.4851,0.00564797,,86,2.68355,0.00728456,-0.72,
pair_corr,flow,decorr,10,0.00336319,0.00221352,0.00114967,-0.000231498,0.00253084,1.51939,0.782092,-0.127322,1.69151,0.749046,1.74881,17.9965,0.0973595,,73,1.70084,0.088973,-0.46,
pair_corr,flow,drive0.5,10,0.00336319,0.00198046,0.00138273,0.000184818,0.00258064,1.69819,1.09313,0.153423,2.03284,1.04694,2.44431,16.2171,0.026298,,75,1.85203,0.0640221,-0.5,
pair_corr,flow,drive1.5,10,0.00336319,0.00332788,3.5307e-05,-0.00120213,0.00127274,1.01061,0.0269175,-0.849645,0.90348,0.0257801,0.0601893,17.0324,0.952705,,55,0.340168,0.73373,-0.1,
pair_corr,flow,synch,10,0.00336319,0.0058185,-0.00245531,-0.00383606,-0.00107456,0.578017,-1.67079,-2.68882,-0.652763,-1.60019,-3.736,17.9968,0.00151277,,11,-2.91033,0.00361051,0.78,
pair_corr,self,shuffle,10,0.00195909,0.00333614,-0.00137704,-0.00289897,0.000144886,0.587234,-0.867795,-1.78465,0.0490547,-0.831128,-1.94045,14.0121,0.0727192,0.145438,28,-1.62525,0.10411,0.44,0.0747313
pair_corr,self,randmat,10,0.00195909,0.00159404,0.000365056,-0.000594549,0.00132466,1.22901,0.357857,-0.525654,1.24137,0.342736,0.800192,17.7062,0.434205,,62,0.869318,0.384673,-0.24,0.443889
pair_corr,self,decorr,10,0.00195909,0.00221352,-0.000254425,-0.00148132,0.000972471,0.885059,-0.196121,-1.07475,0.682506,-0.187834,-0.43854,16.4955,0.666684,0.666684,48,-0.113389,0.909722,0.04,0.664334
pair_corr,self,drive0.5,10,0.00195909,0.00198046,-2.13668e-05,-0.0010168,0.000974062,0.989211,-0.0201708,-0.896716,0.856374,-0.0193185,-0.0451032,17.9605,0.964523,,50,-0.0377964,0.96985,0,0.962009
pair_corr,self,drive1.5,10,0.00195909,0.00332788,-0.00136879,-0.00241634,-0.000321235,0.588691,-1.22794,-2.1835,-0.27238,-1.17606,-2.74576,17.9465,0.013317,,15,-2.60795,0.0091085,0.7,0.00924769
pair_corr,self,synch,10,0.00195909,0.0058185,-0.0038594,-0.00508579,-0.00263301,0.336701,-2.97614,-4.24851,-1.70377,-2.85039,-6.65486,16.5005,4.72862e-06,,2,-3.59066,0.000329839,0.96,0.000249938
pair_corr,shuffle,randmat,10,0.00333614,0.00159404,0.0017421,0.00025042,0.00323378,2.09289,1.12829,0.184604,2.07198,1.08062,2.52294,13.0053,0.0254558,,79,2.1544,0.031209,-0.58,
pair_corr,shuffle,decorr,10,0.00333614,0.00221352,0.00112262,-0.000520828,0.00276607,1.50717,0.645324,-0.253723,1.54437,0.618057,1.44299,16.7264,0.16749,,70,1.47406,0.140465,-0.4,
pair_corr,shuffle,drive0.5,10,0.00333614,0.00198046,0.00135568,-0.000154238,0.00286559,1.68453,0.863394,-0.0530568,1.77984,0.826913,1.93061,13.6304,0.0746024,,70,1.47406,0.140465,-0.4,
pair_corr,shuffle,drive1.5,10,0.00333614,0.00332788,8.256e-06,-0.00152941,0.00154592,1.00248,0.0051341,-0.87139,0.881658,0.00491717,0.0114802,14.4777,0.990997,,44,-0.415761,0.677585,0.12,
pair_corr,shuffle,synch,10,0.00333614,0.0058185,-0.00248236,-0.00412549,-0.000839232,0.573367,-1.42726,-2.40906,-0.445465,-1.36696,-3.19146,16.7216,0.00543286,,15,-2.60795,0.0091085,0.7,
pair_corr,randmat,decorr,10,0.00159404,0.00221352,-0.000619481,-0.00180339,0.000564427,0.720137,-0.497757,-1.38775,0.392235,-0.476725,-1.11302,15.3588,0.282818,,37,-0.944911,0.344704,0.26,
pair_corr,randmat,drive0.5,10,0.00159404,0.00198046,-0.000386423,-0.00132081,0.000547963,0.804882,-0.388752,-1.27352,0.496011,-0.372326,-0.869277,17.8785,0.396216,,35,-1.0961,0.273036,0.3,
pair_corr,randmat,drive1.5,10,0.00159404,0.00332788,-0.00173384,-0.00272542,-0.000742266,0.478994,-1.6468,-2.66107,-0.632535,-1.57722,-3.68236,17.422,0.0017841,,10,-2.98592,0.00282727,0.8,
pair_corr,randmat,synch,10,0.00159404,0.0058185,-0.00422446,-0.00540783,-0.00304109,0.27396,-3.39581,-4.76539,-2.02624,-3.25233,-7.59327,15.3642,1.39998e-06,,0,-3.74185,0.000182672,1,
pair_corr,decorr,drive0.5,10,0.00221352,0.00198046,0.000233058,-0.000976882,0.001443,1.11768,0.182525,-0.695821,1.06087,0.174813,0.408139,16.0953,0.68855,,50,-0.0377964,0.96985,0,
pair_corr,decorr,drive1.5,10,0.00221352,0.00332788,-0.00111436,-0.00236324,0.000134509,0.665143,-0.842185,-1.75674,0.0723687,-0.806599,-1.88318,16.9289,0.0769743,,25,-1.85203,0.0640221,0.5,
pair_corr,decorr,synch,10,0.00221352,0.0058185,-0.00360498,-0.00499537,-0.00221459,0.380428,-2.43608,-3.59289,-1.27927,-2.33315,-5.44724,18,3.56373e-05,,6,-3.28829,0.00100798,0.88,
pair_corr,drive0.5,drive1.5,10,0.00198046,0.00332788,-0.00134742,-0.0023731,-0.000321742,0.595111,-1.2352,-2.19166,-0.278736,-1.183,-2.76198,17.8174,0.0129244,,15,-2.60795,0.0091085,0.7,
pair_corr,drive0.5,synch,10,0.00198046,0.0058185,-0.00383804,-0.00504746,-0.00262861,0.340373,-3.00706,-4.28639,-1.72773,-2.88,-6.72399,16.1006,4.72998e-06,,1,-3.66626,0.000246128,0.98,
pair_corr,drive1.5,synch,10,0.00332788,0.0058185,-0.00249062,-0.003739,-0.00124224,0.571949,-1.883,-2.936,-0.829998,-1.80343,-4.21051,16.9334,0.00059272,,7,-3.2127,0.00131494,0.86,
tau_ms,rest,flow,10,31.8467,223.23,-191.383,-202.154,-180.612,0.142663,-17.9103,-23.5294,-12.2911,-17.1535,-40.0486,9.22262,1.16544e-11,,0,-3.74185,0.000182672,1,
tau_ms,rest,self,10,31.8467,150.316,-118.469,-141.813,-95.1252,0.211865,-5.13012,-6.94556,-3.31469,-4.91336,-11.4713,9.04721,1.07944e-06,,0,-3.74185,0.000182672,1,0.000249938
tau_ms,rest,shuffle,10,31.8467,196.849,-165.002,-173.821,-156.184,0.161782,-18.8269,-24.7268,-12.927,-18.0314,-42.0983,9.33288,5.79531e-12,,0,-3.74185,0.000182672,1,
tau_ms,rest,randmat,10,31.8467,146.209,-114.362,-130.015,-98.7098,0.217816,-7.37856,-9.8274,-4.92972,-7.06679,-16.499,9.10514,4.29827e-08,,0,-3.74185,0.000182672,1,
tau_ms,rest,decorr,10,31.8467,131.045,-99.198,-123.636,-74.7599,0.243021,-4.10353,-5.64802,-2.55904,-3.93014,-9.17578,9.04308,7.05084e-06,,0,-3.74185,0.000182672,1,
tau_ms,rest,drive0.5,10,31.8467,182.079,-150.232,-166.051,-134.414,0.174906,-9.59141,-12.6903,-6.49251,-9.18614,-21.447,9.10294,4.18332e-09,,0,-3.74185,0.000182672,1,
tau_ms,rest,drive1.5,10,31.8467,237.039,-205.193,-221.571,-188.814,0.134352,-12.6538,-16.6719,-8.63565,-12.1191,-28.2948,9.09601,3.51905e-10,,0,-3.74185,0.000182672,1,
tau_ms,rest,synch,10,31.8467,99.1795,-67.3328,-85.639,-49.0266,0.321101,-3.71627,-5.16355,-2.26899,-3.55924,-8.30983,9.07682,1.54857e-05,,0,-3.74185,0.000182672,1,
tau_ms,flow,self,10,223.23,150.316,72.914,48.3146,97.5134,1.48507,2.87172,1.62261,4.12083,2.75038,6.42136,12.6527,2.57343e-05,7.72028e-05,98,3.59066,0.000329839,-0.96,0.000249938
tau_ms,flow,shuffle,10,223.23,196.849,26.3804,13.4543,39.3065,1.13401,1.92295,0.863039,2.98286,1.8417,4.29984,17.3172,0.00046691,,93,3.2127,0.00131494,-0.86,
tau_ms,flow,randmat,10,223.23,146.209,77.0205,59.2386,94.8024,1.52678,4.10742,2.56194,5.65291,3.93387,9.18448,15.9504,9.08417e-08,,100,3.74185,0.000182672,-1,
tau_ms,flow,decorr,10,223.23,131.045,92.1848,66.5649,117.805,1.70346,3.49484,2.10155,4.88814,3.34717,7.81471,12.3568,3.97676e-06,,100,3.74185,0.000182672,-1,
tau_ms,flow,drive0.5,10,223.23,182.079,41.1504,23.2311,59.0697,1.226,2.17874,1.07232,3.28516,2.08668,4.8718,15.8566,0.000173947,,96,3.43948,0.00058284,-0.92,
tau_ms,flow,drive1.5,10,223.23,237.039,-13.8097,-32.1964,4.57699,0.941741,-0.713751,-1.61775,0.190249,-0.683593,-1.596,15.5448,0.130616,,34,-1.17169,0.241322,0.32,
tau_ms,flow,synch,10,223.23,99.1795,124.05,104.009,144.091,2.25076,5.91608,3.88395,7.94821,5.6661,13.2288,14.55,1.65053e-09,,100,3.74185,0.000182672,-1,
tau_ms,self,shuffle,10,150.316,196.849,-46.5336,-70.6618,-22.4054,0.763608,-1.88828,-2.94218,-0.834371,-1.80849,-4.22232,11.5019,0.00129801,0.00259601,11,-2.91033,0.00361051,0.78,0.000499875
tau_ms,self,randmat,10,150.316,146.209,4.10651,-22.2503,30.4633,1.02809,0.14792,-0.729801,1.02564,0.14167,0.330759,15.7264,0.745193,,52,0.113389,0.909722,-0.04,0.743814
tau_ms,self,decorr,10,150.316,131.045,19.2708,-12.1054,50.647,1.14706,0.577152,-0.317433,1.47174,0.552765,1.29055,17.9623,0.213225,0.213225,64,1.0205,0.307489,-0.28,0.206698
tau_ms,self,drive0.5,10,150.316,182.079,-31.7636,-58.1946,-5.33263,0.825551,-1.14038,-2.08546,-0.195293,-1.09219,-2.54996,15.8208,0.0215395,,21,-2.1544,0.031209,0.58,0.0234941
tau_ms,self,drive1.5,10,150.316,237.039,-86.7237,-113.411,-60.0361,0.634138,-3.07879,-4.37441,-1.78318,-2.9487,-6.88439,16.128,3.51798e-06,,1,-3.66626,0.000246128,0.98,0.000249938
tau_ms,self,synch,10,150.316,99.1795,51.136,23.4896,78.7825,1.51559,1.74498,0.715068,2.77489,1.67125,3.90189,17.0296,0.0011437,,91,3.06151,0.00220222,-0.82,0.00174956
tau_ms,shuffle,randmat,10,196.849,146.209,50.6401,33.6557,67.6245,1.34635,2.85666,1.61087,4.10245,2.73595,6.38768,14.1685,1.59643e-05,,99,3.66626,0.000246128,-0.98,
tau_ms,shuffle,decorr,10,196.849,131.045,65.8044,40.6268,90.982,1.50215,2.56456,1.38137,3.74774,2.45619,5.73452,11.2902,0.000118806,,99,3.66626,0.000246128,-0.98,
tau_ms,shuffle,drive0.5,10,196.849,182.079,14.77,-2.362,31.902,1.08112,0.826498,-0.0866796,1.73968,0.791576,1.84811,14.0793,0.0856998,,70,1.47406,0.140465,-0.4,
tau_ms,shuffle,drive1.5,10,196.849,237.039,-40.1901,-57.8226,-22.5576,0.83045,-2.18937,-3.29781,-1.08094,-2.09687,-4.89559,13.7916,0.00024662,,4,-3.43948,0.00058284,0.92,
tau_ms,shuffle,synch,10,196.849,99.1795,97.6696,78.2826,117.057,1.98478,4.86952,3.12438,6.61467,4.66377,10.8886,12.943,6.93026e-08,,100,3.74185,0.000182672,-1,
tau_ms,randmat,decorr,10,146.209,131.045,15.1643,-12.1129,42.4415,1.11572,0.528977,-0.362743,1.4207,0.506626,1.18283,15.3144,0.254916,,67,1.24728,0.212294,-0.34,
tau_ms,randmat,drive0.5,10,146.209,182.079,-35.8701,-56.5144,-15.2258,0.802997,-1.63253,-2.64458,-0.620479,-1.56355,-3.65044,17.998,0.00183011,,11,-2.91033,0.00361051,0.78,
tau_ms,randmat,drive1.5,10,146.209,237.039,-90.8302,-111.851,-69.8096,0.616814,-4.06046,-5.59397,-2.52694,-3.88889,-9.07946,17.9629,3.93139e-08,,0,-3.74185,0.000182672,1,
tau_ms,randmat,synch,10,146.209,99.1795,47.0295,24.6435,69.4156,1.47419,1.9773,0.907829,3.04677,1.89375,4.42138,17.5743,0.000347243,,92,3.13711,0.00170625,-0.84,
tau_ms,decorr,drive0.5,10,131.045,182.079,-51.0344,-78.3819,-23.6869,0.719713,-1.77473,-2.80951,-0.739945,-1.69974,-3.96841,15.4096,0.00117843,,10,-2.98592,0.00282727,0.8,
tau_ms,decorr,drive1.5,10,131.045,237.039,-105.995,-133.585,-78.4037,0.55284,-3.64732,-5.07765,-2.21698,-3.49321,-8.15565,15.7227,4.88109e-07,,0,-3.74185,0.000182672,1,
tau_ms,decorr,synch,10,131.045,99.1795,31.8652,3.36263,60.3678,1.32129,1.0564,0.12074,1.99207,1.01177,2.36219,16.6786,0.0306079,,77,2.00321,0.0451546,-0.54,
tau_ms,drive0.5,drive1.5,10,182.079,237.039,-54.9601,-76.0864,-33.8338,0.768139,-2.44448,-3.60299,-1.28596,-2.34119,-5.46602,17.9782,3.43946e-05,,2,-3.59066,0.000329839,0.96,
tau_ms,drive0.5,synch,10,182.079,99.1795,82.8996,60.4177,105.382,1.83585,3.46978,2.08251,4.85705,3.32317,7.75866,17.6278,4.3443e-07,,98,3.59066,0.000329839,-0.96,
tau_ms,drive1.5,synch,10,237.039,99.1795,137.86,115.048,160.672,2.39,5.68311,3.71586,7.65035,5.44298,12.7078,17.7809,2.33949e-10,,100,3.74185,0.000182672,-1,
dim,rest,flow,10,25.2512,51.002,-25.7508,-28.7286,-22.773,0.495101,-8.66354,-11.4878,-5.83927,-8.29748,-19.3723,9.61813,4.99219e-09,,0,-3.74185,0.000182672,1,
dim,rest,self,10,25.2512,52.8341,-27.583,-29.6639,-25.502,0.477933,-13.1588,-17.3298,-8.98779,-12.6028,-29.424,10.2825,2.9015e-11,,0,-3.74185,0.000182672,1,0.000249938
dim,rest,shuffle,10,25.2512,53.9667,-28.7155,-31.9509,-25.4802,0.467903,-8.90452,-11.7999,-6.00917,-8.52827,-19.9111,9.52259,4.42323e-09,,0,-3.74185,0.000182672,1,
dim,rest,randmat,10,25.2512,53.9169,-28.6657,-34.4205,-22.911,0.468335,-5.02566,-6.81281,-3.23851,-4.81331,-11.2377,9.16393,1.15341e-06,,0,-3.74185,0.000182672,1,
dim,rest,decorr,10,25.2512,59.8646,-34.6134,-37.3576,-31.8693,0.421805,-12.6164,-16.6232,-8.60953,-12.0833,-28.211,9.72954,1.17004e-10,,0,-3.74185,0.000182672,1,
dim,rest,drive0.5,10,25.2512,45.9796,-20.7284,-24.9844,-16.4724,0.549182,-4.90305,-6.65718,-3.14891,-4.69588,-10.9635,9.30059,1.26028e-06,,0,-3.74185,0.000182672,1,
dim,rest,drive1.5,10,25.2512,60.3385,-35.0873,-37.5871,-32.5875,0.418492,-14.009,-18.438,-9.58005,-13.4171,-31.3251,9.88185,3.2144e-11,,0,-3.74185,0.000182672,1,
dim,rest,synch,10,25.2512,29.4189,-4.16773,-5.46699,-2.86847,0.858332,-3.1145,-4.41828,-1.81071,-2.9829,-6.96423,12.3999,1.26784e-05,,2,-3.59066,0.000329839,0.96,
dim,flow,self,10,51.002,52.8341,-1.83212,-5.20249,1.53825,0.965323,-0.515298,-1.40625,0.375652,-0.493525,-1.15224,16.0227,0.266124,0.532249,36,-1.0205,0.307489,0.28,0.272932
dim,flow,shuffle,10,51.002,53.9667,-2.96471,-7.02398,1.09456,0.945064,-0.68656,-1.58854,0.215415,-0.657551,-1.5352,17.8741,0.142247,,31,-1.39847,0.161972,0.38,
dim,flow,randmat,10,51.002,53.9169,-2.9149,-9.06358,3.23378,0.945937,-0.456448,-1.34431,0.431414,-0.437162,-1.02065,13.4558,0.325421,,32,-1.32288,0.185877,0.36,
dim,flow,decorr,10,51.002,59.8646,-8.86258,-12.5961,-5.12909,0.851956,-2.23143,-3.34789,-1.11497,-2.13715,-4.98964,17.8771,9.68348e-05,,5,-3.36388,0.000768539,0.9,
dim,flow,drive0.5,10,51.002,45.9796,5.02243,0.178956,9.8659,1.10923,0.982705,0.0547853,1.91062,0.941182,2.1974,16.0752,0.0429897,,81,2.30558,0.0211339,-0.62,
dim,flow,drive1.5,10,51.002,60.3385,-9.3365,-12.9248,-5.74822,0.845265,-2.45015,-3.60981,-1.29049,-2.34662,-5.4787,17.4568,3.71324e-05,,0,-3.74185,0.000182672,1,
dim,flow,synch,10,51.002,29.4189,21.5831,18.4977,24.6686,1.73365,6.81221,4.52639,9.09804,6.52437,15.2326,12.061,3.0537e-09,,100,3.74185,0.000182672,-1,
dim,self,shuffle,10,52.8341,53.9667,-1.13259,-4.7198,2.45462,0.979013,-0.300494,-1.18195,0.580962,-0.287797,-0.671924,15.2708,0.51167,0.532249,38,-0.869318,0.384673,0.24,0.502874
dim,self,randmat,10,52.8341,53.9169,-1.08278,-7.00031,4.83475,0.979918,-0.179615,-1.0579,0.698673,-0.172026,-0.401632,11.2527,0.695478,,35,-1.0961,0.273036,0.3,0.683579
dim,self,decorr,10,52.8341,59.8646,-7.03046,-10.2109,-3.84998,0.882561,-2.08834,-3.17789,-0.998785,-2.0001,-4.66966,16.7221,0.000229229,0.000687688,10,-2.98592,0.00282727,0.8,0.00124969
dim,self,drive0.5,10,52.8341,45.9796,6.85455,2.35539,11.3537,1.14908,1.47215,0.484009,2.46029,1.40995,3.29183,12.9817,0.00584866,,91,3.06151,0.00220222,-0.82,0.000499875
dim,self,drive1.5,10,52.8341,60.3385,-7.50438,-10.4948,-4.51396,0.875629,-2.36369,-3.50599,-1.22139,-2.26381,-5.28537,17.3953,5.61939e-05,,2,-3.59066,0.000329839,0.96,0.000249938
dim,self,synch,10,52.8341,29.4189,23.4152,21.1574,25.6731,1.79592,9.89714,6.70725,13.087,9.47895,22.1307,14.799,9.42055e-13,,100,3.74185,0.000182672,-1,0.000249938
dim,shuffle,randmat,10,53.9667,53.9169,0.04981,-6.18627,6.28589,1.00092,0.00765435,-0.868871,0.88418,0.00733093,0.0171156,14.1374,0.986584,,44,-0.415761,0.677585,0.12,
dim,shuffle,decorr,10,53.9667,59.8646,-5.89787,-9.81795,-1.97779,0.90148,-1.41638,-2.39667,-0.4361,-1.35654,-3.16713,17.5192,0.00547205,,16,-2.53236,0.0113297,0.68,
dim,shuffle,drive0.5,10,53.9667,45.9796,7.98714,3.01752,12.9568,1.17371,1.51798,0.523203,2.51276,1.45384,3.39431,16.7774,0.00350319,,90,2.98592,0.00282727,-0.8,
dim,shuffle,drive1.5,10,53.9667,60.3385,-6.37179,-10.1579,-2.58568,0.894399,-1.58871,-2.59404,-0.583384,-1.52159,-3.55247,16.8886,0.00246995,,12,-2.83473,0.00458639,0.76,
dim,shuffle,synch,10,53.9667,29.4189,24.5478,21.2163,27.8793,1.83442,7.20658,4.80743,9.60573,6.90208,16.1144,11.6092,2.65448e-09,,100,3.74185,0.000182672,-1,
dim,randmat,decorr,10,53.9169,59.8646,-5.94768,-12.0253,0.129906,0.900648,-0.946657,-1.87097,-0.0223436,-0.906658,-2.11679,12.8449,0.0543841,,25,-1.85203,0.0640221,0.5,
dim,randmat,drive0.5,10,53.9169,45.9796,7.93733,1.2642,14.6105,1.17263,1.12453,0.181275,2.06779,1.07702,2.51454,16.5654,0.0225747,,83,2.45677,0.0140193,-0.66,
dim,randmat,drive1.5,10,53.9169,60.3385,-6.4216,-12.4331,-0.410063,0.893574,-1.03872,-1.97248,-0.104958,-0.994829,-2.32264,12.2274,0.0382143,,29,-1.54965,0.121225,0.42,
dim,randmat,synch,10,53.9169,29.4189,24.498,18.6969,30.2991,1.83273,4.21768,2.64394,5.79143,4.03947,9.43102,9.83401,3.06792e-06,,100,3.74185,0.000182672,-1,
dim,decorr,drive0.5,10,59.8646,45.9796,13.885,9.14581,18.6242,1.30198,2.78746,1.55681,4.0181,2.66968,6.23295,15.334,1.45109e-05,,100,3.74185,0.000182672,-1,
dim,decorr,drive1.5,10,59.8646,60.3385,-0.47392,-3.89138,2.94354,0.992146,-0.130379,-1.00783,0.747075,-0.12487,-0.291536,17.8394,0.774004,,50,-0.0377964,0.96985,0,
dim,decorr,synch,10,59.8646,29.4189,30.4457,27.5811,33.3103,2.0349,10.3041,6.99275,13.6154,9.86869,23.0406,12.5724,1.16266e-11,,100,3.74185,0.000182672,-1,
dim,drive0.5,drive1.5,10,45.9796,60.3385,-14.3589,-18.9999,-9.71797,0.762027,-2.95831,-4.22668,-1.68994,-2.83331,-6.61499,14.4877,9.78343e-06,,0,-3.74185,0.000182672,1,
dim,drive0.5,synch,10,45.9796,29.4189,16.5607,12.2376,20.8838,1.56293,3.79165,2.32572,5.25759,3.63144,8.4784,10.5218,5.04384e-06,,99,3.66626,0.000246128,-0.98,
dim,drive1.5,synch,10,60.3385,29.4189,30.9196,28.2827,33.5565,2.05101,11.3079,7.69567,14.9202,10.8301,25.2853,13.2407,1.34954e-12,,100,3.74185,0.000182672,-1,
pop_rate_sd_hz,rest,flow,10,0.0483088,0.997115,-0.948806,-0.969863,-0.927749,0.0484486,-45.536,-59.6747,-31.3973,-43.6119,-101.822,9.06429,3.53901e-15,,0,-3.74185,0.000182672,1,
pop_rate_sd_hz,rest,self,10,0.0483088,0.756843,-0.708534,-0.727384,-0.689685,0.0638294,-37.9765,-49.7779,-26.1751,-36.3718,-84.918,9.08026,1.74893e-14,,0,-3.74185,0.000182672,1,0.000249938
pop_rate_sd_hz,rest,shuffle,10,0.0483088,0.9306,-0.882291,-0.909869,-0.854713,0.0519115,-32.3452,-42.4071,-22.2832,-30.9785,-72.326,9.03746,8.42681e-14,,0,-3.74185,0.000182672,1,
pop_rate_sd_hz,rest,randmat,10,0.0483088,0.764196,-0.715887,-0.736609,-0.695164,0.0632153,-34.91,-45.7639,-24.056,-33.4349,-78.0611,9.06639,3.90214e-14,,0,-3.74185,0.000182672,1,
pop_rate_sd_hz,rest,decorr,10,0.0483088,0.841884,-0.793575,-0.828473,-0.758677,0.0573818,-22.996,-30.1761,-15.8159,-22.0243,-51.4206,9.02339,1.88912e-12,,0,-3.74185,0.000182672,1,
pop_rate_sd_hz,rest,drive0.5,10,0.0483088,0.704672,-0.656363,-0.67471,-0.638016,0.0685551,-36.1403,-47.3743,-24.9063,-34.6133,-80.8122,9.08472,2.70684e-14,,0,-3.74185,0.000182672,1,
pop_rate_sd_hz,rest,drive1.5,10,0.0483088,1.09379,-1.04548,-1.06639,-1.02458,0.0441663,-50.5356,-66.221,-34.8503,-48.4003,-113.001,9.06522,1.37341e-15,,0,-3.74185,0.000182672,1,
pop_rate_sd_hz,rest,synch,10,0.0483088,1.34787,-1.29956,-1.3481,-1.25101,0.035841,-27.0749,-35.511,-18.6388,-25.9309,-60.5413,9.01208,4.47324e-13,,0,-3.74185,0.000182672,1,
pop_rate_sd_hz,flow,self,10,0.997115,0.756843,0.240272,0.214023,0.266521,1.31747,8.60777,5.79993,11.4156,8.24406,19.2476,17.783,2.36197e-13,7.08591e-13,100,3.74185,0.000182672,-1,0.000249938
pop_rate_sd_hz,flow,shuffle,10,0.997115,0.9306,0.066515,0.0341455,0.0988845,1.07148,1.94034,0.877393,3.00329,1.85836,4.33874,16.8296,0.000455853,,93,3.2127,0.00131494,-0.86,
pop_rate_sd_hz,flow,randmat,10,0.997115,0.764196,0.232919,0.205501,0.260338,1.30479,7.98162,5.35742,10.6058,7.64437,17.8474,17.9954,6.8431e-13,,100,3.74185,0.000182672,-1,
pop_rate_sd_hz,flow,decorr,10,0.997115,0.841884,0.155231,0.116792,0.193669,1.18439,3.85441,2.37284,5.33599,3.69155,8.61873,14.7823,3.79572e-07,,100,3.74185,0.000182672,-1,
pop_rate_sd_hz,flow,drive0.5,10,0.997115,0.704672,0.292443,0.266491,0.318395,1.41501,10.6017,7.20136,14.0021,10.1538,23.7062,17.6679,7.69332e-15,,100,3.74185,0.000182672,-1,
pop_rate_sd_hz,flow,drive1.5,10,0.997115,1.09379,-0.0966781,-0.124216,-0.0691397,0.911612,-3.2985,-4.64504,-1.95196,-3.15913,-7.37567,17.9991,7.64409e-07,,0,-3.74185,0.000182672,1,
pop_rate_sd_hz,flow,synch,10,0.997115,1.34787,-0.35075,-0.401585,-0.299915,0.739774,-6.70694,-8.96267,-4.45122,-6.42355,-14.9972,12.2669,2.94355e-09,,0,-3.74185,0.000182672,1,
pop_rate_sd_hz,self,shuffle,10,0.756843,0.9306,-0.173757,-0.20506,-0.142454,0.813285,-5.26522,-7.11743,-3.41302,-5.04275,-11.7734,15.8983,2.91479e-09,5.82958e-09,0,-3.74185,0.000182672,1,0.000249938
pop_rate_sd_hz,self,randmat,10,0.756843,0.764196,-0.0073524,-0.033365,0.0186602,0.990379,-0.265736,-1.14612,0.614647,-0.254507,-0.594203,17.8403,0.559837,,41,-0.64254,0.520523,0.18,0.568608
pop_rate_sd_hz,self,decorr,10,0.756843,0.841884,-0.085041,-0.122674,-0.0474081,0.898987,-2.16994,-3.2747,-1.06518,-2.07825,-4.85214,13.8343,0.000264972,0.000264972,5,-3.36388,0.000768539,0.9,0.000499875
pop_rate_sd_hz,self,drive0.5,10,0.756843,0.704672,0.0521714,0.0277625,0.0765803,1.07404,2.00831,0.933308,3.08332,1.92346,4.49073,17.9868,0.000283192,,95,3.36388,0.000768539,-0.9,0.000249938
pop_rate_sd_hz,self,drive1.5,10,0.756843,1.09379,-0.33695,-0.363092,-0.310807,0.691944,-12.1193,-15.9759,-8.26262,-11.6072,-27.0995,17.8097,6.29241e-16,,0,-3.74185,0.000182672,1,0.000249938
pop_rate_sd_hz,self,synch,10,0.756843,1.34787,-0.591022,-0.641339,-0.540705,0.561513,-11.4835,-15.1485,-7.81842,-10.9983,-25.6778,11.6493,1.28483e-11,,0,-3.74185,0.000182672,1,0.000249938
pop_rate_sd_hz,shuffle,randmat,10,0.9306,0.764196,0.166404,0.134205,0.198604,1.21775,4.88267,3.134,6.63134,4.67636,10.918,16.7039,5.07577e-09,,100,3.74185,0.000182672,-1,
pop_rate_sd_hz,shuffle,decorr,10,0.9306,0.841884,0.0887158,0.0472605,0.130171,1.10538,2.01843,0.941606,3.09525,1.93314,4.51335,17.0859,0.000303297,,94,3.28829,0.00100798,-0.88,
pop_rate_sd_hz,shuffle,drive0.5,10,0.9306,0.704672,0.225928,0.19485,0.257007,1.32061,6.90423,4.59205,9.21641,6.6125,15.4383,15.6572,6.86042e-11,,100,3.74185,0.000182672,-1,
pop_rate_sd_hz,shuffle,drive1.5,10,0.9306,1.09379,-0.163193,-0.195486,-0.1309,0.850801,-4.77312,-6.49249,-3.05374,-4.57143,-10.673,16.7738,6.79007e-09,,0,-3.74185,0.000182672,1,
pop_rate_sd_hz,shuffle,synch,10,0.9306,1.34787,-0.417265,-0.470103,-0.364427,0.690425,-7.56189,-10.0639,-5.05992,-7.24238,-16.9089,14.2582,7.80905e-11,,0,-3.74185,0.000182672,1,
pop_rate_sd_hz,randmat,decorr,10,0.764196,0.841884,-0.0776886,-0.115998,-0.0393792,0.907721,-1.93718,-2.99958,-0.874786,-1.85533,-4.33167,14.6409,0.000625117,,9,-3.06151,0.00220222,0.82,
pop_rate_sd_hz,randmat,drive0.5,10,0.764196,0.704672,0.0595238,0.0338125,0.0852351,1.08447,2.17746,1.07128,3.28364,2.08546,4.86896,17.7388,0.0001284,,95,3.36388,0.000768539,-0.9,
pop_rate_sd_hz,randmat,drive1.5,10,0.764196,1.09379,-0.329597,-0.356917,-0.302278,0.698666,-11.3356,-14.9562,-7.71504,-10.8567,-25.3472,17.9986,1.56023e-15,,0,-3.74185,0.000182672,1,
pop_rate_sd_hz,randmat,synch,10,0.764196,1.34787,-0.58367,-0.634421,-0.532918,0.566967,-11.1887,-14.7651,-7.61226,-10.7159,-25.0187,12.1707,7.75837e-12,,0,-3.74185,0.000182672,1,
pop_rate_sd_hz,decorr,drive0.5,10,0.841884,0.704672,0.137212,0.0997469,0.174678,1.19472,3.52216,2.12227,4.92204,3.37333,7.87578,13.6168,1.96728e-06,,100,3.74185,0.000182672,-1,
pop_rate_sd_hz,decorr,drive1.5,10,0.841884,1.09379,-0.251909,-0.290289,-0.213529,0.769692,-6.26686,-8.39759,-4.13614,-6.00207,-14.0131,14.7188,6.49524e-10,,0,-3.74185,0.000182672,1,
pop_rate_sd_hz,decorr,synch,10,0.841884,1.34787,-0.505981,-0.561907,-0.450055,0.624606,-8.56284,-11.3575,-5.76822,-8.20103,-19.1471,16.3398,1.27398e-12,,0,-3.74185,0.000182672,1,
pop_rate_sd_hz,drive0.5,drive1.5,10,0.704672,1.09379,-0.389121,-0.414965,-0.363278,0.644246,-14.164,-18.64,-9.68792,-13.5655,-31.6716,17.7006,4.90103e-17,,0,-3.74185,0.000182672,1,
pop_rate_sd_hz,drive0.5,synch,10,0.704672,1.34787,-0.643193,-0.693404,-0.592983,0.522806,-12.5404,-16.5243,-8.55657,-12.0106,-28.0413,11.5155,5.84353e-12,,0,-3.74185,0.000182672,1,
pop_rate_sd_hz,drive1.5,synch,10,1.09379,1.34787,-0.254072,-0.304869,-0.203275,0.8115,-4.86377,-6.60738,-3.12017,-4.65826,-10.8757,12.2235,1.20839e-07,,0,-3.74185,0.000182672,1,
bumpR,rest,flow,10,0,0.326875,-0.326875,-0.342373,-0.311378,0,-21.3388,-28.0094,-14.6681,-20.4371,-47.7149,9,3.90815e-12,,0,-3.99806,6.38644e-05,1,
bumpR,rest,self,10,0,0.358456,-0.358456,-0.374313,-0.3426,0,-22.8699,-30.0112,-15.7286,-21.9036,-51.1386,9,2.09906e-12,,0,-3.99806,6.38644e-05,1,0.000249938
bumpR,rest,shuffle,10,0,0.331547,-0.331547,-0.346265,-0.316829,0,-22.7898,-29.9065,-15.6731,-21.8269,-50.9596,9,2.16617e-12,,0,-3.99806,6.38644e-05,1,
bumpR,rest,randmat,10,0,0.336439,-0.336439,-0.357014,-0.315864,0,-16.5427,-21.7436,-11.3418,-15.8437,-36.9906,9,3.82297e-11,,0,-3.99806,6.38644e-05,1,
bumpR,rest,decorr,10,0,0.274161,-0.274161,-0.290825,-0.257496,0,-16.6439,-21.8757,-11.412,-15.9406,-37.2168,9,3.62002e-11,,0,-3.99806,6.38644e-05,1,
bumpR,rest,drive0.5,10,0,0.402996,-0.402996,-0.420987,-0.385005,0,-22.6614,-29.7386,-15.5842,-21.7039,-50.6724,9,2.27883e-12,,0,-3.99806,6.38644e-05,1,
bumpR,rest,drive1.5,10,0,0.265798,-0.265798,-0.281827,-0.249768,0,-16.7753,-22.0472,-11.5033,-16.0664,-37.5106,9,3.37408e-11,,0,-3.99806,6.38644e-05,1,
bumpR,rest,synch,10,0,0.316267,-0.316267,-0.33371,-0.298824,0,-18.3432,-24.0949,-12.5915,-17.5682,-41.0167,9,1.51615e-11,,0,-3.99806,6.38644e-05,1,
bumpR,flow,self,10,0.326875,0.358456,-0.0315808,-0.0521732,-0.0109884,0.911898,-1.44098,-2.4247,-0.457262,-1.3801,-3.22213,17.9905,0.00472914,0.00945829,17,-2.45677,0.0140193,0.66,0.00524869
bumpR,flow,shuffle,10,0.326875,0.331547,-0.0046717,-0.0245244,0.015181,0.985909,-0.221137,-1.10033,0.65806,-0.211794,-0.494478,17.9523,0.626965,,40,-0.718132,0.472676,0.2,
bumpR,flow,randmat,10,0.326875,0.336439,-0.0095634,-0.0336171,0.0144903,0.971575,-0.375607,-1.25982,0.50861,-0.359737,-0.839883,16.7253,0.412819,,36,-1.0205,0.307489,0.28,
bumpR,flow,decorr,10,0.326875,0.274161,0.0527149,0.0315723,0.0738575,1.19228,2.3435,1.2052,3.48179,2.24448,5.24022,17.9059,5.62982e-05,,97,3.51507,0.000439639,-0.94,
bumpR,flow,drive0.5,10,0.326875,0.402996,-0.0761206,-0.098208,-0.0540332,0.811113,-3.24314,-4.5767,-1.90957,-3.1061,-7.25187,17.6136,1.09615e-06,,2,-3.59066,0.000329839,0.96,
bumpR,flow,drive1.5,10,0.326875,0.265798,0.0610776,0.0403692,0.081786,1.22979,2.77138,1.54422,3.99853,2.65428,6.19699,17.9795,7.58627e-06,,98,3.59066,0.000329839,-0.96,
bumpR,flow,synch,10,0.326875,0.316267,0.0106084,-0.0110827,0.0322995,1.03354,0.459964,-0.428073,1.348,0.440529,1.02851,17.7539,0.317519,,62,0.869318,0.384673,-0.24,
bumpR,self,shuffle,10,0.358456,0.331547,0.0269091,0.00680877,0.0470094,1.08116,1.25833,0.298975,2.21768,1.20516,2.8137,17.9009,0.0115371,0.0115371,81,2.30558,0.0211339,-0.62,0.0127468
bumpR,self,randmat,10,0.358456,0.336439,0.0220174,-0.00221998,0.0462548,1.06544,0.857491,-0.058427,1.77341,0.821259,1.91741,16.903,0.0722453,,68,1.32288,0.185877,-0.36,0.0739815
bumpR,self,decorr,10,0.358456,0.274161,0.0842957,0.0629286,0.105663,1.30747,3.70733,2.26225,5.1524,3.55068,8.28984,17.9557,1.49793e-07,4.49379e-07,100,3.74185,0.000182672,-1,0.000249938
bumpR,self,drive0.5,10,0.358456,0.402996,-0.0445398,-0.0668371,-0.0222425,0.889478,-1.87894,-2.93124,-0.826638,-1.79955,-4.20144,17.7204,0.00055302,,6,-3.28829,0.00100798,0.88,0.00099975
bumpR,self,drive1.5,10,0.358456,0.265798,0.0926584,0.0717181,0.113599,1.3486,4.15748,2.59919,5.71576,3.98181,9.2964,17.9979,2.71438e-08,,100,3.74185,0.000182672,-1,0.000249938
bumpR,self,synch,10,0.358456,0.316267,0.0421892,0.0202823,0.0640961,1.1334,1.81061,0.769878,2.85135,1.73411,4.04866,17.8388,0.000765681,,91,3.06151,0.00220222,-0.82,0.00149963
bumpR,shuffle,randmat,10,0.331547,0.336439,-0.0048917,-0.0285626,0.0187792,0.98546,-0.195627,-1.07424,0.68299,-0.187361,-0.437435,16.2993,0.667537,,45,-0.340168,0.73373,0.1,
bumpR,shuffle,decorr,10,0.331547,0.274161,0.0573866,0.0367155,0.0780577,1.20932,2.61124,1.41829,3.80419,2.50091,5.83891,17.7292,1.66802e-05,,98,3.59066,0.000329839,-0.96,
bumpR,shuffle,drive0.5,10,0.331547,0.402996,-0.0714489,-0.0930971,-0.0498007,0.822706,-3.10972,-4.41242,-1.80703,-2.97833,-6.95356,17.3199,2.10118e-06,,2,-3.59066,0.000329839,0.96,
bumpR,shuffle,drive1.5,10,0.331547,0.265798,0.0657493,0.0455284,0.0859702,1.24737,3.05663,1.76606,4.34719,2.92747,6.83482,17.8704,2.21965e-06,,98,3.59066,0.000329839,-0.96,
bumpR,shuffle,synch,10,0.331547,0.316267,0.0152801,-0.00595876,0.036519,1.04831,0.677333,-0.223973,1.57864,0.648713,1.51456,17.5045,0.147732,,69,1.39847,0.161972,-0.38,
bumpR,randmat,decorr,10,0.336439,0.274161,0.0622783,0.0376122,0.0869444,1.22716,2.37962,1.23415,3.52509,2.27907,5.32099,17.2554,5.35818e-05,,96,3.43948,0.00058284,-0.92,
bumpR,randmat,drive0.5,10,0.336439,0.402996,-0.0665572,-0.0919729,-0.0411415,0.834844,-2.46362,-3.62602,-1.30122,-2.35952,-5.50881,17.6852,3.33119e-05,,5,-3.36388,0.000768539,0.9,
bumpR,randmat,drive1.5,10,0.336439,0.265798,0.070641,0.0463137,0.0949683,1.26577,2.74002,1.51965,3.96039,2.62424,6.12687,16.984,1.1226e-05,,97,3.51507,0.000439639,-0.94,
bumpR,randmat,synch,10,0.336439,0.316267,0.0201718,-0.00492747,0.0452711,1.06378,0.756559,-0.150778,1.6639,0.724592,1.69172,17.5304,0.108398,,70,1.47406,0.140465,-0.4,
bumpR,decorr,drive0.5,10,0.274161,0.402996,-0.128836,-0.15162,-0.106051,0.680306,-5.31498,-7.18078,-3.44917,-5.0904,-11.8847,17.8954,6.32349e-10,,0,-3.74185,0.000182672,1,
bumpR,decorr,drive1.5,10,0.274161,0.265798,0.0083627,-0.013114,0.0298394,1.03146,0.36589,-0.517936,1.24972,0.35043,0.818156,17.9729,0.423983,,62,0.869318,0.384673,-0.24,
bumpR,decorr,synch,10,0.274161,0.316267,-0.0421065,-0.0645141,-0.0196989,0.866864,-1.76581,-2.79912,-0.732493,-1.6912,-3.94847,17.9626,0.000945248,,8,-3.13711,0.00170625,0.84,
bumpR,drive0.5,drive1.5,10,0.402996,0.265798,0.137198,0.114798,0.159598,1.51617,5.76025,3.77158,7.74893,5.51686,12.8803,17.7654,1.90411e-10,,100,3.74185,0.000182672,-1,
bumpR,drive0.5,synch,10,0.402996,0.316267,0.086729,0.0634551,0.110003,1.27423,3.50146,2.10657,4.89635,3.35351,7.8295,17.9828,3.34771e-07,,99,3.66626,0.000246128,-0.98,
bumpR,drive1.5,synch,10,0.265798,0.316267,-0.0504692,-0.0724815,-0.0284569,0.840422,-2.1553,-3.2573,-1.05329,-2.06423,-4.81939,17.873,0.000140072,,6,-3.28829,0.00100798,0.88,
patch_drive_fraction,rest,flow,10,0,0.245522,-0.245522,-0.245529,-0.245516,0,-40291.1,-52777.2,-27805,-38588.7,-90093.6,9,1.30204e-41,,0,-3.99806,6.38644e-05,1,
patch_drive_fraction,rest,self,10,0,0.124213,-0.124213,-0.124253,-0.124174,0,-3156.36,-4134.51,-2178.21,-3022.99,-7057.83,9,1.17173e-31,,0,-3.99806,6.38644e-05,1,0.000249938
patch_drive_fraction,rest,shuffle,10,0,0.124531,-0.124531,-0.124571,-0.124491,0,-3169.98,-4152.34,-2187.61,-3036.03,-7088.28,9,1.1272e-31,,0,-3.99977,6.34029e-05,1,
patch_drive_fraction,rest,randmat,10,0,0.0695646,-0.0695646,-0.0695869,-0.0695424,0,-3163.76,-4144.21,-2183.32,-3030.08,-7074.39,9,1.14728e-31,,0,-3.99806,6.38644e-05,1,
patch_drive_fraction,rest,decorr,10,0,0.229047,-0.229047,-0.231291,-0.226802,0,-103.23,-135.232,-71.227,-98.8677,-230.828,9,2.73508e-18,,0,-3.99806,6.38644e-05,1,
patch_drive_fraction,rest,drive0.5,10,0,0.245522,-0.245522,-0.245529,-0.245516,0,-40291.1,-52777.2,-27805,-38588.7,-90093.6,9,1.30204e-41,,0,-3.99806,6.38644e-05,1,
patch_drive_fraction,rest,drive1.5,10,0,0.245522,-0.245522,-0.245529,-0.245516,0,-40291.1,-52777.2,-27805,-38588.7,-90093.6,9,1.30204e-41,,0,-3.99806,6.38644e-05,1,
patch_drive_fraction,rest,synch,10,0,0.245522,-0.245522,-0.245529,-0.245516,0,-40291.1,-52777.2,-27805,-38588.7,-90093.6,9,1.30204e-41,,0,-3.99806,6.38644e-05,1,
patch_drive_fraction,flow,self,10,0.245522,0.124213,0.121309,0.121269,0.121349,1.97662,3046.25,2102.23,3990.28,2917.54,6811.63,9.43134,7.01824e-33,2.10547e-32,100,3.74185,0.000182672,-1,0.000249938
patch_drive_fraction,flow,shuffle,10,0.245522,0.124531,0.120991,0.120952,0.121031,1.97158,3043.48,2100.31,3986.65,2914.88,6805.43,9.43286,7.00151e-33,,100,3.74326,0.000181651,-1,
patch_drive_fraction,flow,randmat,10,0.245522,0.0695646,0.175958,0.175935,0.17598,3.52941,7711.79,5321.93,10101.7,7385.94,17244.1,10.3744,5.02235e-40,,100,3.74185,0.000182672,-1,
patch_drive_fraction,flow,decorr,10,0.245522,0.229047,0.0164757,0.014231,0.0187204,1.07193,7.42544,4.96303,9.88785,7.11169,16.6038,9.00014,4.65417e-08,,100,3.74185,0.000182672,-1,
patch_drive_fraction,flow,drive0.5,10,0.245522,0.245522,0,-8.09696e-06,8.09696e-06,1,0,-0.876523,0.876523,0,0,18,1,,50,-0.0379393,0.969736,0,
patch_drive_fraction,flow,drive1.5,10,0.245522,0.245522,0,-8.09696e-06,8.09696e-06,1,0,-0.876523,0.876523,0,0,18,1,,50,-0.0379393,0.969736,0,
patch_drive_fraction,flow,synch,10,0.245522,0.245522,0,-8.09696e-06,8.09696e-06,1,0,-0.876523,0.876523,0,0,18,1,,50,-0.0379393,0.969736,0,
patch_drive_fraction,self,shuffle,10,0.124213,0.124531,-0.0003175,-0.000369745,-0.000265255,0.99745,-5.70988,-7.68455,-3.7352,-5.46861,-12.7677,17.9999,1.84809e-10,1.84809e-10,0,-3.74326,0.000181651,1,0.000249938
patch_drive_fraction,self,randmat,10,0.124213,0.0695646,0.0546488,0.0546056,0.054692,1.78558,1212.28,836.594,1587.96,1161.05,2710.73,14.1202,9.14878e-42,,100,3.74185,0.000182672,-1,0.000249938
patch_drive_fraction,self,decorr,10,0.124213,0.229047,-0.104833,-0.107078,-0.102588,0.542306,-47.2401,-61.9059,-32.5743,-45.2441,-105.632,9.00566,3.0452e-15,6.0904e-15,0,-3.74185,0.000182672,1,0.000249938
patch_drive_fraction,self,drive0.5,10,0.124213,0.245522,-0.121309,-0.121349,-0.121269,0.505915,-3046.25,-3990.28,-2102.23,-2917.54,-6811.63,9.43134,7.01824e-33,,0,-3.74185,0.000182672,1,0.000249938
patch_drive_fraction,self,drive1.5,10,0.124213,0.245522,-0.121309,-0.121349,-0.121269,0.505915,-3046.25,-3990.28,-2102.23,-2917.54,-6811.63,9.43134,7.01824e-33,,0,-3.74185,0.000182672,1,0.000249938
patch_drive_fraction,self,synch,10,0.124213,0.245522,-0.121309,-0.121349,-0.121269,0.505915,-3046.25,-3990.28,-2102.23,-2917.54,-6811.63,9.43134,7.01824e-33,,0,-3.74185,0.000182672,1,0.000249938
patch_drive_fraction,shuffle,randmat,10,0.124531,0.0695646,0.0549663,0.0549231,0.0550094,1.79015,1220.95,842.578,1599.32,1169.36,2730.12,14.135,7.55784e-42,,100,3.74326,0.000181651,-1,
patch_drive_fraction,shuffle,decorr,10,0.124531,0.229047,-0.104516,-0.106761,-0.102271,0.543692,-47.0971,-61.7186,-32.4755,-45.1071,-105.312,9.00564,3.12964e-15,,0,-3.74326,0.000181651,1,
patch_drive_fraction,shuffle,drive0.5,10,0.124531,0.245522,-0.120991,-0.121031,-0.120952,0.507208,-3043.48,-3986.65,-2100.31,-2914.88,-6805.43,9.43286,7.00151e-33,,0,-3.74326,0.000181651,1,
patch_drive_fraction,shuffle,drive1.5,10,0.124531,0.245522,-0.120991,-0.121031,-0.120952,0.507208,-3043.48,-3986.65,-2100.31,-2914.88,-6805.43,9.43286,7.00151e-33,,0,-3.74326,0.000181651,1,
patch_drive_fraction,shuffle,synch,10,0.124531,0.245522,-0.120991,-0.121031,-0.120952,0.507208,-3043.48,-3986.65,-2100.31,-2914.88,-6805.43,9.43286,7.00151e-33,,0,-3.74326,0.000181651,1,
patch_drive_fraction,randmat,decorr,10,0.0695646,0.229047,-0.159482,-0.161727,-0.157237,0.303714,-71.8738,-94.1645,-49.583,-68.8369,-160.715,9.00177,7.06381e-17,,0,-3.74185,0.000182672,1,
patch_drive_fraction,randmat,drive0.5,10,0.0695646,0.245522,-0.175958,-0.17598,-0.175935,0.283333,-7711.79,-10101.7,-5321.93,-7385.94,-17244.1,10.3744,5.02235e-40,,0,-3.74185,0.000182672,1,
patch_drive_fraction,randmat,drive1.5,10,0.0695646,0.245522,-0.175958,-0.17598,-0.175935,0.283333,-7711.79,-10101.7,-5321.93,-7385.94,-17244.1,10.3744,5.02235e-40,,0,-3.74185,0.000182672,1,
patch_drive_fraction,randmat,synch,10,0.0695646,0.245522,-0.175958,-0.17598,-0.175935,0.283333,-7711.79,-10101.7,-5321.93,-7385.94,-17244.1,10.3744,5.02235e-40,,0,-3.74185,0.000182672,1,
patch_drive_fraction,decorr,drive0.5,10,0.229047,0.245522,-0.0164757,-0.0187204,-0.014231,0.932895,-7.42544,-9.88785,-4.96303,-7.11169,-16.6038,9.00014,4.65417e-08,,0,-3.74185,0.000182672,1,
patch_drive_fraction,decorr,drive1.5,10,0.229047,0.245522,-0.0164757,-0.0187204,-0.014231,0.932895,-7.42544,-9.88785,-4.96303,-7.11169,-16.6038,9.00014,4.65417e-08,,0,-3.74185,0.000182672,1,
patch_drive_fraction,decorr,synch,10,0.229047,0.245522,-0.0164757,-0.0187204,-0.014231,0.932895,-7.42544,-9.88785,-4.96303,-7.11169,-16.6038,9.00014,4.65417e-08,,0,-3.74185,0.000182672,1,
patch_drive_fraction,drive0.5,drive1.5,10,0.245522,0.245522,0,-8.09696e-06,8.09696e-06,1,0,-0.876523,0.876523,0,0,18,1,,50,-0.0379393,0.969736,0,
patch_drive_fraction,drive0.5,synch,10,0.245522,0.245522,0,-8.09696e-06,8.09696e-06,1,0,-0.876523,0.876523,0,0,18,1,,50,-0.0379393,0.969736,0,
patch_drive_fraction,drive1.5,synch,10,0.245522,0.245522,0,-8.09696e-06,8.09696e-06,1,0,-0.876523,0.876523,0,0,18,1,,50,-0.0379393,0.969736,0,
patch_level_ratio,rest,flow,10,0,0.976745,-0.976745,-0.976777,-0.976714,0,-31379.3,-41103.7,-21654.9,-30053.4,-70166.2,9,1.23514e-40,,0,-3.99806,6.38644e-05,1,
patch_level_ratio,rest,self,10,0,0.425703,-0.425703,-0.425859,-0.425547,0,-2762.84,-3619.04,-1906.64,-2646.1,-6177.9,9,3.88421e-31,,0,-3.99806,6.38644e-05,1,0.000249938
patch_level_ratio,rest,shuffle,10,0,0.426946,-0.426946,-0.427102,-0.42679,0,-2768.02,-3625.82,-1910.21,-2651.06,-6189.47,9,3.81933e-31,,0,-3.99806,6.38644e-05,1,
patch_level_ratio,rest,randmat,10,0,0.461354,-0.461354,-0.461513,-0.461195,0,-2943.8,-3856.08,-2031.52,-2819.41,-6582.54,9,2.19447e-31,,0,-3.99806,6.38644e-05,1,
patch_level_ratio,rest,decorr,10,0,0.891787,-0.891787,-0.903159,-0.880415,0,-79.3331,-103.934,-54.7323,-75.981,-177.394,9,2.92354e-17,,0,-3.99806,6.38644e-05,1,
patch_level_ratio,rest,drive0.5,10,0,0.976745,-0.976745,-0.976777,-0.976714,0,-31379.3,-41103.7,-21654.9,-30053.4,-70166.2,9,1.23514e-40,,0,-3.99806,6.38644e-05,1,
patch_level_ratio,rest,drive1.5,10,0,0.976745,-0.976745,-0.976777,-0.976714,0,-31379.3,-41103.7,-21654.9,-30053.4,-70166.2,9,1.23514e-40,,0,-3.99806,6.38644e-05,1,
patch_level_ratio,rest,synch,10,0,0.976745,-0.976745,-0.976777,-0.976714,0,-31379.3,-41103.7,-21654.9,-30053.4,-70166.2,9,1.23514e-40,,0,-3.99806,6.38644e-05,1,
patch_level_ratio,flow,self,10,0.976745,0.425703,0.551043,0.550885,0.5512,2.29443,3505.49,2419.15,4591.83,3357.37,7838.51,9.73337,2.00544e-34,6.01633e-34,100,3.74185,0.000182672,-1,0.000249938
patch_level_ratio,flow,shuffle,10,0.976745,0.426946,0.549799,0.549642,0.549957,2.28775,3494.07,2411.27,4576.88,3346.44,7812.99,9.73185,2.09355e-34,,100,3.74185,0.000182672,-1,
patch_level_ratio,flow,randmat,10,0.976745,0.461354,0.515391,0.515231,0.515551,2.11713,3225.59,2225.99,4225.2,3089.3,7212.65,9.70896,5.38658e-34,,100,3.74185,0.000182672,-1,
patch_level_ratio,flow,decorr,10,0.976745,0.891787,0.0849584,0.0735862,0.0963306,1.09527,7.55784,5.05704,10.0586,7.2385,16.8998,9.00014,3.98761e-08,,100,3.74185,0.000182672,-1,
patch_level_ratio,flow,drive0.5,10,0.976745,0.976745,0,-4.13598e-05,4.13598e-05,1,0,-0.876523,0.876523,0,0,18,1,,50,-0.0379393,0.969736,0,
patch_level_ratio,flow,drive1.5,10,0.976745,0.976745,0,-4.13598e-05,4.13598e-05,1,0,-0.876523,0.876523,0,0,18,1,,50,-0.0379393,0.969736,0,
patch_level_ratio,flow,synch,10,0.976745,0.976745,0,-4.13598e-05,4.13598e-05,1,0,-0.876523,0.876523,0,0,18,1,,50,-0.0379393,0.969736,0,
patch_level_ratio,self,shuffle,10,0.425703,0.426946,-0.0012431,-0.00144794,-0.00103826,0.997088,-5.70182,-7.67426,-3.72938,-5.4609,-12.7497,18,1.89105e-10,1.89105e-10,0,-3.74185,0.000182672,1,0.000249938
patch_level_ratio,self,randmat,10,0.425703,0.461354,-0.0356513,-0.0358578,-0.0354448,0.922725,-162.215,-212.493,-111.937,-155.361,-362.724,17.9948,3.17552e-36,,0,-3.74185,0.000182672,1,0.000249938
patch_level_ratio,self,decorr,10,0.425703,0.891787,-0.466084,-0.477457,-0.454712,0.477359,-41.4588,-54.3366,-28.581,-39.707,-92.7047,9.00338,9.92459e-15,1.98492e-14,0,-3.74185,0.000182672,1,0.000249938
patch_level_ratio,self,drive0.5,10,0.425703,0.976745,-0.551043,-0.5512,-0.550885,0.435838,-3505.49,-4591.83,-2419.15,-3357.37,-7838.51,9.73337,2.00544e-34,,0,-3.74185,0.000182672,1,0.000249938
patch_level_ratio,self,drive1.5,10,0.425703,0.976745,-0.551043,-0.5512,-0.550885,0.435838,-3505.49,-4591.83,-2419.15,-3357.37,-7838.51,9.73337,2.00544e-34,,0,-3.74185,0.000182672,1,0.000249938
patch_level_ratio,self,synch,10,0.425703,0.976745,-0.551043,-0.5512,-0.550885,0.435838,-3505.49,-4591.83,-2419.15,-3357.37,-7838.51,9.73337,2.00544e-34,,0,-3.74185,0.000182672,1,0.000249938
patch_level_ratio,shuffle,randmat,10,0.426946,0.461354,-0.0344082,-0.0346148,-0.0342016,0.925419,-156.478,-204.979,-107.978,-149.867,-349.896,17.9954,6.05471e-36,,0,-3.74185,0.000182672,1,
patch_level_ratio,shuffle,decorr,10,0.426946,0.891787,-0.464841,-0.476214,-0.453468,0.478753,-41.3482,-54.1919,-28.5046,-39.6011,-92.4574,9.00339,1.01657e-14,,0,-3.74185,0.000182672,1,
patch_level_ratio,shuffle,drive0.5,10,0.426946,0.976745,-0.549799,-0.549957,-0.549642,0.437111,-3494.07,-4576.88,-2411.27,-3346.44,-7812.99,9.73185,2.09355e-34,,0,-3.74185,0.000182672,1,
patch_level_ratio,shuffle,drive1.5,10,0.426946,0.976745,-0.549799,-0.549957,-0.549642,0.437111,-3494.07,-4576.88,-2411.27,-3346.44,-7812.99,9.73185,2.09355e-34,,0,-3.74185,0.000182672,1,
patch_level_ratio,shuffle,synch,10,0.426946,0.976745,-0.549799,-0.549957,-0.549642,0.437111,-3494.07,-4576.88,-2411.27,-3346.44,-7812.99,9.73185,2.09355e-34,,0,-3.74185,0.000182672,1,
patch_level_ratio,randmat,decorr,10,0.461354,0.891787,-0.430433,-0.441806,-0.41906,0.517337,-38.2874,-50.185,-26.3899,-36.6697,-85.6133,9.0035,2.02957e-14,,0,-3.74185,0.000182672,1,
patch_level_ratio,randmat,drive0.5,10,0.461354,0.976745,-0.515391,-0.515551,-0.515231,0.472338,-3225.59,-4225.2,-2225.99,-3089.3,-7212.65,9.70896,5.38658e-34,,0,-3.74185,0.000182672,1,
patch_level_ratio,randmat,drive1.5,10,0.461354,0.976745,-0.515391,-0.515551,-0.515231,0.472338,-3225.59,-4225.2,-2225.99,-3089.3,-7212.65,9.70896,5.38658e-34,,0,-3.74185,0.000182672,1,
patch_level_ratio,randmat,synch,10,0.461354,0.976745,-0.515391,-0.515551,-0.515231,0.472338,-3225.59,-4225.2,-2225.99,-3089.3,-7212.65,9.70896,5.38658e-34,,0,-3.74185,0.000182672,1,
patch_level_ratio,decorr,drive0.5,10,0.891787,0.976745,-0.0849584,-0.0963306,-0.0735862,0.913019,-7.55784,-10.0586,-5.05704,-7.2385,-16.8998,9.00014,3.98761e-08,,0,-3.74185,0.000182672,1,
patch_level_ratio,decorr,drive1.5,10,0.891787,0.976745,-0.0849584,-0.0963306,-0.0735862,0.913019,-7.55784,-10.0586,-5.05704,-7.2385,-16.8998,9.00014,3.98761e-08,,0,-3.74185,0.000182672,1,
patch_level_ratio,decorr,synch,10,0.891787,0.976745,-0.0849584,-0.0963306,-0.0735862,0.913019,-7.55784,-10.0586,-5.05704,-7.2385,-16.8998,9.00014,3.98761e-08,,0,-3.74185,0.000182672,1,
patch_level_ratio,drive0.5,drive1.5,10,0.976745,0.976745,0,-4.13598e-05,4.13598e-05,1,0,-0.876523,0.876523,0,0,18,1,,50,-0.0379393,0.969736,0,
patch_level_ratio,drive0.5,synch,10,0.976745,0.976745,0,-4.13598e-05,4.13598e-05,1,0,-0.876523,0.876523,0,0,18,1,,50,-0.0379393,0.969736,0,
patch_level_ratio,drive1.5,synch,10,0.976745,0.976745,0,-4.13598e-05,4.13598e-05,1,0,-0.876523,0.876523,0,0,18,1,,50,-0.0379393,0.969736,0,
anat_gain_integral,rest,flow,10,0,2.55975,-2.55975,-4.31696,-0.80253,0,-1.4737,-2.46207,-0.485337,-1.41143,-3.2953,9,0.00929942,,0,-3.99806,6.38644e-05,1,
anat_gain_integral,rest,self,10,0,4.60703,-4.60703,-5.9733,-3.24075,0,-3.41131,-4.78458,-2.03804,-3.26717,-7.62792,9,3.23172e-05,,0,-3.99806,6.38644e-05,1,0.000249938
anat_gain_integral,rest,shuffle,10,0,3.40036,-3.40036,-5.24869,-1.55204,0,-1.86117,-2.91043,-0.811901,-1.78252,-4.16169,9,0.00244156,,0,-3.99806,6.38644e-05,1,
anat_gain_integral,rest,randmat,10,0,3.8766,-3.8766,-5.31931,-2.4339,0,-2.71839,-3.93411,-1.50267,-2.60353,-6.0785,9,0.000183987,,0,-3.99806,6.38644e-05,1,
anat_gain_integral,rest,decorr,10,0,4.59416,-4.59416,-6.85151,-2.33681,0,-2.05895,-3.14311,-0.97478,-1.97195,-4.60394,9,0.00128331,,0,-3.99806,6.38644e-05,1,
anat_gain_integral,rest,drive0.5,10,0,4.74159,-4.74159,-6.9388,-2.54437,0,-2.18318,-3.29044,-1.07592,-2.09093,-4.88174,9,0.00086929,,0,-3.99806,6.38644e-05,1,
anat_gain_integral,rest,drive1.5,10,0,2.91336,-2.91336,-4.68511,-1.14162,0,-1.66353,-2.68042,-0.646645,-1.59324,-3.71977,9,0.00477233,,0,-3.99806,6.38644e-05,1,
anat_gain_integral,rest,synch,10,0,3.98645,-3.98645,-5.83089,-2.14201,0,-2.18655,-3.29445,-1.07865,-2.09416,-4.88928,9,0.000860277,,0,-3.99806,6.38644e-05,1,
anat_gain_integral,flow,self,10,2.55975,4.60703,-2.04728,-4.12354,0.0289833,0.555618,-0.930496,-1.85323,-0.0077593,-0.891179,-2.08065,16.9692,0.05293,0.15879,22,-2.0788,0.0376353,0.56,0.0552362
anat_gain_integral,flow,shuffle,10,2.55975,3.40036,-0.840615,-3.20959,1.52836,0.752787,-0.333458,-1.21605,0.549135,-0.319368,-0.745634,17.9542,0.465539,,39,-0.793725,0.427355,0.22,
anat_gain_integral,flow,randmat,10,2.55975,3.8766,-1.31685,-3.43415,0.800436,0.660307,-0.585954,-1.48109,0.30918,-0.561196,-1.31023,17.3426,0.207206,,35,-1.0961,0.273036,0.3,
anat_gain_integral,flow,decorr,10,2.55975,4.59416,-2.03441,-4.7027,0.633876,0.557174,-0.719463,-1.6239,0.184972,-0.689063,-1.60877,16.978,0.126102,,28,-1.62525,0.10411,0.44,
anat_gain_integral,flow,drive0.5,10,2.55975,4.74159,-2.18184,-4.80385,0.44017,0.53985,-0.784549,-1.69417,0.125069,-0.751399,-1.7543,17.1704,0.0972069,,30,-1.47406,0.140465,0.4,
anat_gain_integral,flow,drive1.5,10,2.55975,2.91336,-0.353617,-2.67115,1.96391,0.878623,-0.143362,-1.02101,0.734285,-0.137305,-0.320568,17.9988,0.75223,,43,-0.491354,0.623176,0.14,
anat_gain_integral,flow,synch,10,2.55975,3.98645,-1.4267,-3.79303,0.939621,0.642112,-0.566575,-1.46051,0.32736,-0.542635,-1.2669,17.9579,0.221376,,33,-1.24728,0.212294,0.34,
anat_gain_integral,self,shuffle,10,4.60703,3.40036,1.20666,-0.941231,3.35456,1.35486,0.531109,-0.360732,1.42295,0.508668,1.1876,16.5741,0.251734,0.503468,66,1.17169,0.241322,-0.32,0.249688
anat_gain_integral,self,randmat,10,4.60703,3.8766,0.730425,-1.11533,2.57618,1.18842,0.371894,-0.512173,1.25596,0.35618,0.831581,17.9469,0.416573,,59,0.64254,0.520523,-0.18,0.421145
anat_gain_integral,self,decorr,10,4.60703,4.59416,0.0128674,-2.47602,2.50176,1.0028,0.00493345,-0.87159,0.881457,0.004725,0.0110315,14.8138,0.991345,0.991345,59,0.64254,0.520523,-0.18,0.989503
anat_gain_integral,self,drive0.5,10,4.60703,4.74159,-0.134559,-2.57165,2.30253,0.971622,-0.0526131,-0.929287,0.824061,-0.05039,-0.117646,15.0547,0.907903,,50,-0.0377964,0.96985,0,0.904524
anat_gain_integral,self,drive1.5,10,4.60703,2.91336,1.69366,-0.393897,3.78122,1.58134,0.765823,-0.142261,1.67391,0.733464,1.71243,16.9076,0.105095,,75,1.85203,0.0640221,-0.5,0.103724
anat_gain_integral,self,synch,10,4.60703,3.98645,0.620575,-1.52423,2.76538,1.15567,0.273515,-0.607096,1.15413,0.261959,0.611599,16.5912,0.549092,,59,0.64254,0.520523,-0.18,0.536866
anat_gain_integral,shuffle,randmat,10,3.40036,3.8766,-0.47624,-2.66308,1.7106,0.87715,-0.205482,-1.08431,0.673351,-0.196799,-0.459471,16.9978,0.651718,,43,-0.491354,0.623176,0.14,
anat_gain_integral,shuffle,decorr,10,3.40036,4.59416,-1.1938,-3.91095,1.52336,0.740149,-0.413956,-1.29982,0.471904,-0.396465,-0.925634,17.3256,0.367351,,38,-0.869318,0.384673,0.24,
anat_gain_integral,shuffle,drive0.5,10,3.40036,4.74159,-1.34122,-4.01343,1.33099,0.717136,-0.472573,-1.36125,0.4161,-0.452605,-1.05671,17.4874,0.305026,,40,-0.718132,0.472676,0.2,
anat_gain_integral,shuffle,drive1.5,10,3.40036,2.91336,0.486998,-1.89117,2.86516,1.16716,0.192427,-0.686122,1.07098,0.184296,0.43028,17.9679,0.672109,,52,0.113389,0.909722,-0.04,
anat_gain_integral,shuffle,synch,10,3.40036,3.98645,-0.58609,-3.01116,1.83898,0.85298,-0.227073,-1.10642,0.65227,-0.217478,-0.507751,17.9999,0.617794,,42,-0.566947,0.57075,0.16,
anat_gain_integral,randmat,decorr,10,3.8766,4.59416,-0.717557,-3.23744,1.80233,0.843811,-0.270971,-1.15151,0.609565,-0.259521,-0.605909,15.3011,0.553458,,44,-0.415761,0.677585,0.12,
anat_gain_integral,randmat,drive0.5,10,3.8766,4.74159,-0.864984,-3.3341,1.60413,0.817575,-0.332916,-1.21549,0.549658,-0.318849,-0.744422,15.544,0.467727,,39,-0.793725,0.427355,0.22,
anat_gain_integral,randmat,drive1.5,10,3.8766,2.91336,0.963238,-1.16501,3.09148,1.33063,0.426497,-0.459935,1.31293,0.408476,0.953676,17.2903,0.353391,,66,1.17169,0.241322,-0.32,
anat_gain_integral,randmat,synch,10,3.8766,3.98645,-0.10985,-2.29368,2.07398,0.972444,-0.0474587,-0.924105,0.829187,-0.0454534,-0.106121,17.0132,0.916728,,47,-0.188982,0.850107,0.06,
anat_gain_integral,decorr,drive0.5,10,4.59416,4.74159,-0.147426,-3.07319,2.77834,0.968908,-0.047346,-0.923991,0.829299,-0.0453455,-0.105869,17.9869,0.916858,,50,-0.0377964,0.96985,0,
anat_gain_integral,decorr,drive1.5,10,4.59416,2.91336,1.6808,-0.995118,4.35671,1.57693,0.592554,-0.302997,1.48811,0.567517,1.32499,17.0382,0.20267,,70,1.47406,0.140465,-0.4,
anat_gain_integral,decorr,synch,10,4.59416,3.98645,0.607707,-2.10731,3.32273,1.15244,0.210904,-0.668052,1.08986,0.201992,0.471595,17.3123,0.643104,,57,0.491354,0.623176,-0.14,
anat_gain_integral,drive0.5,drive1.5,10,4.74159,2.91336,1.82822,-0.801625,4.45807,1.62753,0.655276,-0.244462,1.55501,0.627588,1.46524,17.2261,0.160869,,67,1.24728,0.212294,-0.34,
anat_gain_integral,drive0.5,synch,10,4.74159,3.98645,0.755134,-1.91488,3.42515,1.18943,0.266299,-0.6141,1.1467,0.255047,0.595463,17.4755,0.559167,,57,0.491354,0.623176,-0.14,
anat_gain_integral,drive1.5,synch,10,2.91336,3.98645,-1.07309,-3.44862,1.30244,0.730816,-0.424473,-1.31081,0.461866,-0.406537,-0.94915,17.971,0.355135,,36,-1.0205,0.307489,0.28,
anat_resid_deg,flow,self,10,195.609,242.116,-46.5071,-127.917,34.9027,0.807914,-0.539783,-1.43212,0.352558,-0.516975,-1.20699,16.6888,0.244265,0.732796,36,-1.0205,0.307489,0.28,0.251937
anat_resid_deg,flow,shuffle,10,195.609,225.91,-30.3011,-105.502,44.9001,0.865871,-0.379302,-1.26367,0.505067,-0.363275,-0.848144,17.535,0.407787,,44,-0.415761,0.677585,0.12,
anat_resid_deg,flow,randmat,10,195.609,234.338,-38.7293,-125.502,48.0438,0.834729,-0.42332,-1.30961,0.462965,-0.405433,-0.946573,15.9173,0.358006,,40,-0.718132,0.472676,0.2,
anat_resid_deg,flow,decorr,10,195.609,274.027,-78.418,-158.055,1.21905,0.713831,-0.929329,-1.85195,-0.00670604,-0.890062,-2.07804,16.9439,0.0532206,,25,-1.85203,0.0640221,0.5,
anat_resid_deg,flow,drive0.5,10,195.609,170.619,24.9894,-38.4085,88.3873,1.14646,0.371195,-0.512844,1.25523,0.355511,0.830017,17.4424,0.417745,,57,0.491354,0.623176,-0.14,
anat_resid_deg,flow,drive1.5,10,195.609,291.352,-95.7428,-204.1,12.614,0.671384,-0.850546,-1.76584,0.0647504,-0.814607,-1.90188,13.4881,0.0787605,,23,-2.00321,0.0451546,0.54,
anat_resid_deg,flow,synch,10,195.609,277.862,-82.2534,-155.994,-8.5127,0.703978,-1.04931,-1.9842,-0.11441,-1.00497,-2.34632,17.6984,0.0308207,,20,-2.22999,0.0257481,0.6,
anat_resid_deg,self,shuffle,10,242.116,225.91,16.206,-70.3206,102.733,1.07174,0.176166,-0.702055,1.05439,0.168723,0.39392,17.7314,0.698337,0.933111,55,0.340168,0.73373,-0.1,0.695576
anat_resid_deg,self,randmat,10,242.116,234.338,7.7778,-88.3306,103.886,1.03319,0.076081,-0.800759,0.952921,0.0728663,0.170122,17.8534,0.866827,,55,0.340168,0.73373,-0.1,0.862284
anat_resid_deg,self,decorr,10,242.116,274.027,-31.9109,-122.042,58.2204,0.883548,-0.332676,-1.21524,0.549888,-0.31862,-0.743887,17.9805,0.466556,0.933111,38,-0.869318,0.384673,0.24,0.459385
anat_resid_deg,self,drive0.5,10,242.116,170.619,71.4965,-5.96918,148.962,1.41904,0.879197,-0.0386954,1.79709,0.842048,1.96594,15.1116,0.0679544,,72,1.62525,0.10411,-0.44,0.0602349
anat_resid_deg,self,drive1.5,10,242.116,291.352,-49.2357,-164.397,65.9251,0.831009,-0.405374,-1.29085,0.480106,-0.388245,-0.906443,15.978,0.378169,,41,-0.64254,0.520523,0.18,0.408148
anat_resid_deg,self,synch,10,242.116,277.862,-35.7463,-121.107,49.6146,0.871352,-0.394139,-1.27913,0.490853,-0.377485,-0.881322,17.5753,0.390037,,37,-0.944911,0.344704,0.26,0.386403
anat_resid_deg,shuffle,randmat,10,225.91,234.338,-8.4282,-99.8611,83.0047,0.964034,-0.0868859,-0.963822,0.79005,-0.0832147,-0.194283,17.2305,0.848227,,50,-0.0377964,0.96985,0,
anat_resid_deg,shuffle,decorr,10,225.91,274.027,-48.1169,-133.037,36.8034,0.824408,-0.53268,-1.42461,0.359252,-0.510172,-1.19111,17.8538,0.249206,,33,-1.24728,0.212294,0.34,
anat_resid_deg,shuffle,drive0.5,10,225.91,170.619,55.2905,-15.3988,125.98,1.32406,0.740738,-0.165345,1.64682,0.70944,1.65634,16.2131,0.116876,,68,1.32288,0.185877,-0.36,
anat_resid_deg,shuffle,drive1.5,10,225.91,291.352,-65.4417,-177.14,46.2562,0.775386,-0.558893,-1.45236,0.334578,-0.535278,-1.24972,14.8708,0.230713,,33,-1.24728,0.212294,0.34,
anat_resid_deg,shuffle,synch,10,225.91,277.862,-51.9523,-131.594,27.6898,0.813029,-0.612944,-1.50981,0.283924,-0.587045,-1.37058,17.9804,0.187374,,29,-1.54965,0.121225,0.42,
anat_resid_deg,randmat,decorr,10,234.338,274.027,-39.6887,-134.44,55.0629,0.855165,-0.393983,-1.27897,0.491002,-0.377336,-0.880974,17.7309,0.390118,,34,-1.17169,0.241322,0.32,
anat_resid_deg,randmat,drive0.5,10,234.338,170.619,63.7187,-19.5099,146.947,1.37345,0.732838,-0.172628,1.6383,0.701873,1.63868,14.3113,0.123072,,66,1.17169,0.241322,-0.32,
anat_resid_deg,randmat,drive1.5,10,234.338,291.352,-57.0135,-175.373,61.3456,0.804314,-0.455033,-1.34283,0.43276,-0.435806,-1.01748,16.7433,0.323401,,36,-1.0205,0.307489,0.28,
anat_resid_deg,randmat,synch,10,234.338,277.862,-43.5241,-133.89,46.8417,0.843361,-0.454451,-1.34222,0.433314,-0.435248,-1.01618,16.9992,0.323788,,35,-1.0961,0.273036,0.3,
anat_resid_deg,decorr,drive0.5,10,274.027,170.619,103.407,27.8637,178.951,1.60607,1.3018,0.33689,2.2667,1.24679,2.9109,15.408,0.010521,,82,2.38118,0.0172575,-0.64,
anat_resid_deg,decorr,drive1.5,10,274.027,291.352,-17.3248,-131.47,96.8202,0.940536,-0.144129,-1.02179,0.733531,-0.138039,-0.322283,15.685,0.751494,,50,-0.0377964,0.96985,0,
anat_resid_deg,decorr,synch,10,274.027,277.862,-3.8354,-87.5545,79.8837,0.986197,-0.0430907,-0.919715,0.833534,-0.0412699,-0.0963536,17.7312,0.92432,,46,-0.264575,0.791337,0.08,
anat_resid_deg,drive0.5,drive1.5,10,170.619,291.352,-120.732,-226.623,-14.8415,0.585613,-1.10858,-2.05002,-0.167134,-1.06174,-2.47885,12.2376,0.0286767,,15,-2.60795,0.0091085,0.7,
anat_resid_deg,drive0.5,synch,10,170.619,277.862,-107.243,-176.317,-38.1681,0.614043,-1.46834,-2.45594,-0.480743,-1.4063,-3.28331,16.4929,0.00452953,,11,-2.91033,0.00361051,0.78,
anat_resid_deg,drive1.5,synch,10,291.352,277.862,13.4894,-97.4334,124.412,1.04855,0.116213,-0.761049,0.993475,0.111303,0.25986,14.5792,0.798605,,48,-0.113389,0.909722,0.04,
anat_gain_yaw,rest,flow,10,0,5.60242,-5.60242,-8.60244,-2.60241,0,-1.88926,-2.94333,-0.835181,-1.80943,-4.2245,9,0.0022246,,0,-3.99806,6.38644e-05,1,
anat_gain_yaw,rest,self,10,0,8.27025,-8.27025,-12.7096,-3.83093,0,-1.88469,-2.93798,-0.831401,-1.80506,-4.2143,9,0.00225841,,0,-3.99806,6.38644e-05,1,0.000249938
anat_gain_yaw,rest,shuffle,10,0,5.80314,-5.80314,-8.02566,-3.58062,0,-2.64153,-3.84086,-1.4422,-2.52992,-5.90664,9,0.000227194,,0,-3.99806,6.38644e-05,1,
anat_gain_yaw,rest,randmat,10,0,7.30816,-7.30816,-12.1805,-2.43583,0,-1.51743,-2.51213,-0.522732,-1.45331,-3.39308,9,0.00796018,,0,-3.99806,6.38644e-05,1,
anat_gain_yaw,rest,decorr,10,0,7.71737,-7.71737,-12.0691,-3.36567,0,-1.79411,-2.83209,-0.756121,-1.7183,-4.01175,9,0.00305583,,0,-3.99806,6.38644e-05,1,
anat_gain_yaw,rest,drive0.5,10,0,5.53758,-5.53758,-8.52431,-2.55085,0,-1.87569,-2.92744,-0.823946,-1.79644,-4.19417,9,0.00232669,,0,-3.99806,6.38644e-05,1,
anat_gain_yaw,rest,drive1.5,10,0,9.50776,-9.50776,-14.359,-4.65657,0,-1.98275,-3.05319,-0.912308,-1.89897,-4.43356,9,0.0016387,,0,-3.99806,6.38644e-05,1,
anat_gain_yaw,rest,synch,10,0,8.34816,-8.34816,-12.6119,-4.0844,0,-1.98078,-3.05087,-0.910689,-1.89708,-4.42915,9,0.00164918,,0,-3.99806,6.38644e-05,1,
anat_gain_yaw,flow,self,10,5.60242,8.27025,-2.66782,-7.69397,2.35833,0.677419,-0.503728,-1.39404,0.386587,-0.482444,-1.12637,15.8017,0.276825,0.830474,38,-0.869318,0.384673,0.24,0.285679
anat_gain_yaw,flow,shuffle,10,5.60242,5.80314,-0.200713,-3.6894,3.28797,0.965413,-0.0543862,-0.931071,0.822298,-0.0520881,-0.121611,16.5922,0.904668,,47,-0.188982,0.850107,0.06,
anat_gain_yaw,flow,randmat,10,5.60242,7.30816,-1.70574,-7.09804,3.68657,0.766598,-0.301587,-1.18308,0.579904,-0.288844,-0.674369,14.9665,0.51036,,44,-0.415761,0.677585,0.12,
anat_gain_yaw,flow,decorr,10,5.60242,7.71737,-2.11495,-7.0687,2.8388,0.725949,-0.404804,-1.29026,0.48065,-0.3877,-0.90517,15.9784,0.378822,,37,-0.944911,0.344704,0.26,
anat_gain_yaw,flow,drive0.5,10,5.60242,5.53758,0.0648452,-3.86671,3.9964,1.01171,0.0154967,-0.861039,0.892032,0.0148419,0.0346516,17.9996,0.972739,,52,0.113389,0.909722,-0.04,
anat_gain_yaw,flow,drive1.5,10,5.60242,9.50776,-3.90534,-9.27947,1.4688,0.589247,-0.69267,-1.59509,0.209754,-0.663402,-1.54886,15.0054,0.142246,,33,-1.24728,0.212294,0.34,
anat_gain_yaw,flow,synch,10,5.60242,8.34816,-2.74573,-7.62745,2.13599,0.671097,-0.532811,-1.42475,0.359128,-0.510298,-1.1914,16.157,0.250704,,34,-1.17169,0.241322,0.32,
anat_gain_yaw,self,shuffle,10,8.27025,5.80314,2.46711,-2.26519,7.19941,1.42513,0.50274,-0.387522,1.393,0.481497,1.12416,13.2449,0.280907,0.830474,63,0.944911,0.344704,-0.26,0.272182
anat_gain_yaw,self,randmat,10,8.27025,7.30816,0.962085,-5.16334,7.08751,1.13165,0.147662,-0.730054,1.02538,0.141423,0.330183,17.8463,0.745106,,56,0.415761,0.677585,-0.12,0.727568
anat_gain_yaw,self,decorr,10,8.27025,7.71737,0.552872,-5.22071,6.32645,1.07164,0.089974,-0.786992,0.96694,0.0861723,0.201188,17.9929,0.842808,0.842808,50,-0.0377964,0.96985,0,0.842039
anat_gain_yaw,self,drive0.5,10,8.27025,5.53758,2.73267,-2.28755,7.75289,1.49348,0.516688,-0.37434,1.40772,0.494856,1.15535,15.7622,0.265162,,60,0.718132,0.472676,-0.2,0.263184
anat_gain_yaw,self,drive1.5,10,8.27025,9.50776,-1.23752,-7.34809,4.87306,0.869842,-0.190387,-1.06889,0.688119,-0.182342,-0.425718,17.8601,0.675399,,45,-0.340168,0.73373,0.1,0.673582
anat_gain_yaw,self,synch,10,8.27025,8.34816,-0.0779076,-5.79512,5.6393,0.990668,-0.0128048,-0.889336,0.863727,-0.0122637,-0.0286323,17.9708,0.977473,,44,-0.415761,0.677585,0.12,0.980255
anat_gain_yaw,shuffle,randmat,10,5.80314,7.30816,-1.50502,-6.63634,3.62629,0.794063,-0.284314,-1.16525,0.596626,-0.2723,-0.635744,12.5899,0.536329,,51,0.0377964,0.96985,-0.02,
anat_gain_yaw,shuffle,decorr,10,5.80314,7.71737,-1.91424,-6.56678,2.73831,0.751957,-0.396319,-1.2814,0.488767,-0.379573,-0.886196,13.396,0.391144,,43,-0.491354,0.623176,0.14,
anat_gain_yaw,shuffle,drive0.5,10,5.80314,5.53758,0.265559,-3.21257,3.74369,1.04796,0.0721629,-0.804645,0.948971,0.0691138,0.161361,16.6282,0.873753,,55,0.340168,0.73373,-0.1,
anat_gain_yaw,shuffle,drive1.5,10,5.80314,9.50776,-3.70463,-8.8163,1.40705,0.610358,-0.702361,-1.6055,0.200783,-0.672683,-1.57053,12.6186,0.141019,,30,-1.47406,0.140465,0.4,
anat_gain_yaw,shuffle,synch,10,5.80314,8.34816,-2.54502,-7.11789,2.02785,0.69514,-0.535478,-1.42757,0.356614,-0.512852,-1.19737,13.5545,0.251685,,40,-0.718132,0.472676,0.2,
anat_gain_yaw,randmat,decorr,10,7.30816,7.71737,-0.409212,-6.48186,5.66344,0.946975,-0.0633709,-0.940113,0.813372,-0.0606932,-0.141702,17.7749,0.888909,,45,-0.340168,0.73373,0.1,
anat_gain_yaw,randmat,drive0.5,10,7.30816,5.53758,1.77058,-3.61642,7.15759,1.31974,0.313433,-0.568455,1.19532,0.300189,0.700857,14.9269,0.494173,,46,-0.264575,0.791337,0.08,
anat_gain_yaw,randmat,drive1.5,10,7.30816,9.50776,-2.1996,-8.58514,4.18594,0.768652,-0.323647,-1.20589,0.558595,-0.309972,-0.723696,17.9997,0.478553,,40,-0.718132,0.472676,0.2,
anat_gain_yaw,randmat,synch,10,7.30816,8.34816,-1.03999,-7.06063,4.98064,0.875422,-0.162503,-1.04047,0.715465,-0.155636,-0.363367,17.6888,0.720637,,45,-0.340168,0.73373,0.1,
anat_gain_yaw,decorr,drive0.5,10,7.71737,5.53758,2.1798,-2.76789,7.12748,1.39364,0.417811,-0.468223,1.30384,0.400157,0.934253,15.9393,0.364112,,61,0.793725,0.427355,-0.22,
anat_gain_yaw,decorr,drive1.5,10,7.71737,9.50776,-1.79039,-7.84798,4.26721,0.811692,-0.277931,-1.15867,0.602813,-0.266187,-0.621472,17.7916,0.542171,,39,-0.793725,0.427355,0.22,
anat_gain_yaw,decorr,synch,10,7.71737,8.34816,-0.63078,-6.28908,5.02752,0.924441,-0.104744,-0.981867,0.772379,-0.100318,-0.234215,17.9925,0.817463,,42,-0.566947,0.57075,0.16,
anat_gain_yaw,drive0.5,drive1.5,10,5.53758,9.50776,-3.97018,-9.33899,1.39862,0.582427,-0.705033,-1.60838,0.19831,-0.675243,-1.5765,14.9657,0.13581,,25,-1.85203,0.0640221,0.5,
anat_gain_yaw,drive0.5,synch,10,5.53758,8.34816,-2.81058,-7.68609,2.06494,0.66333,-0.546194,-1.43891,0.346522,-0.523115,-1.22133,16.1185,0.239526,,35,-1.0961,0.273036,0.3,
anat_gain_yaw,drive1.5,synch,10,9.50776,8.34816,1.15961,-4.84577,7.16498,1.13891,0.181639,-0.696689,1.05997,0.173964,0.406157,17.7082,0.689493,,54,0.264575,0.791337,-0.08,
turned_deg,rest,flow,10,0,-60.8996,60.8996,60.7591,61.0402,-0,438.419,302.551,574.287,419.895,980.335,9,6.08811e-24,,100,3.99806,6.38644e-05,-1,
turned_deg,rest,self,10,0,-60.8996,60.8996,60.7591,61.0402,-0,438.419,302.551,574.287,419.895,980.335,9,6.08811e-24,,100,3.99806,6.38644e-05,-1,0.000249938
turned_deg,rest,shuffle,10,0,-60.8996,60.8996,60.7591,61.0402,-0,438.419,302.551,574.287,419.895,980.335,9,6.08811e-24,,100,3.99806,6.38644e-05,-1,
turned_deg,rest,randmat,10,0,-60.8996,60.8996,60.7591,61.0402,-0,438.419,302.551,574.287,419.895,980.335,9,6.08811e-24,,100,3.99806,6.38644e-05,-1,
turned_deg,rest,decorr,10,0,-60.8996,60.8996,60.7591,61.0402,-0,438.419,302.551,574.287,419.895,980.335,9,6.08811e-24,,100,3.99806,6.38644e-05,-1,
turned_deg,rest,drive0.5,10,0,-60.8996,60.8996,60.7591,61.0402,-0,438.419,302.551,574.287,419.895,980.335,9,6.08811e-24,,100,3.99806,6.38644e-05,-1,
turned_deg,rest,drive1.5,10,0,-60.8996,60.8996,60.7591,61.0402,-0,438.419,302.551,574.287,419.895,980.335,9,6.08811e-24,,100,3.99806,6.38644e-05,-1,
turned_deg,rest,synch,10,0,-60.8996,60.8996,60.7591,61.0402,-0,438.419,302.551,574.287,419.895,980.335,9,6.08811e-24,,100,3.99806,6.38644e-05,-1,
turned_deg,flow,self,10,-60.8996,-60.8996,0,-0.184572,0.184572,1,0,-0.876523,0.876523,0,0,18,1,1,50,-0.0379393,0.969736,0,1
turned_deg,flow,shuffle,10,-60.8996,-60.8996,0,-0.184572,0.184572,1,0,-0.876523,0.876523,0,0,18,1,,50,-0.0379393,0.969736,0,
turned_deg,flow,randmat,10,-60.8996,-60.8996,0,-0.184572,0.184572,1,0,-0.876523,0.876523,0,0,18,1,,50,-0.0379393,0.969736,0,
turned_deg,flow,decorr,10,-60.8996,-60.8996,0,-0.184572,0.184572,1,0,-0.876523,0.876523,0,0,18,1,,50,-0.0379393,0.969736,0,
turned_deg,flow,drive0.5,10,-60.8996,-60.8996,0,-0.184572,0.184572,1,0,-0.876523,0.876523,0,0,18,1,,50,-0.0379393,0.969736,0,
turned_deg,flow,drive1.5,10,-60.8996,-60.8996,0,-0.184572,0.184572,1,0,-0.876523,0.876523,0,0,18,1,,50,-0.0379393,0.969736,0,
turned_deg,flow,synch,10,-60.8996,-60.8996,0,-0.184572,0.184572,1,0,-0.876523,0.876523,0,0,18,1,,50,-0.0379393,0.969736,0,
turned_deg,self,shuffle,10,-60.8996,-60.8996,0,-0.184572,0.184572,1,0,-0.876523,0.876523,0,0,18,1,1,50,-0.0379393,0.969736,0,1
turned_deg,self,randmat,10,-60.8996,-60.8996,0,-0.184572,0.184572,1,0,-0.876523,0.876523,0,0,18,1,,50,-0.0379393,0.969736,0,1
turned_deg,self,decorr,10,-60.8996,-60.8996,0,-0.184572,0.184572,1,0,-0.876523,0.876523,0,0,18,1,1,50,-0.0379393,0.969736,0,1
turned_deg,self,drive0.5,10,-60.8996,-60.8996,0,-0.184572,0.184572,1,0,-0.876523,0.876523,0,0,18,1,,50,-0.0379393,0.969736,0,1
turned_deg,self,drive1.5,10,-60.8996,-60.8996,0,-0.184572,0.184572,1,0,-0.876523,0.876523,0,0,18,1,,50,-0.0379393,0.969736,0,1
turned_deg,self,synch,10,-60.8996,-60.8996,0,-0.184572,0.184572,1,0,-0.876523,0.876523,0,0,18,1,,50,-0.0379393,0.969736,0,1
turned_deg,shuffle,randmat,10,-60.8996,-60.8996,0,-0.184572,0.184572,1,0,-0.876523,0.876523,0,0,18,1,,50,-0.0379393,0.969736,0,
turned_deg,shuffle,decorr,10,-60.8996,-60.8996,0,-0.184572,0.184572,1,0,-0.876523,0.876523,0,0,18,1,,50,-0.0379393,0.969736,0,
turned_deg,shuffle,drive0.5,10,-60.8996,-60.8996,0,-0.184572,0.184572,1,0,-0.876523,0.876523,0,0,18,1,,50,-0.0379393,0.969736,0,
turned_deg,shuffle,drive1.5,10,-60.8996,-60.8996,0,-0.184572,0.184572,1,0,-0.876523,0.876523,0,0,18,1,,50,-0.0379393,0.969736,0,
turned_deg,shuffle,synch,10,-60.8996,-60.8996,0,-0.184572,0.184572,1,0,-0.876523,0.876523,0,0,18,1,,50,-0.0379393,0.969736,0,
turned_deg,randmat,decorr,10,-60.8996,-60.8996,0,-0.184572,0.184572,1,0,-0.876523,0.876523,0,0,18,1,,50,-0.0379393,0.969736,0,
turned_deg,randmat,drive0.5,10,-60.8996,-60.8996,0,-0.184572,0.184572,1,0,-0.876523,0.876523,0,0,18,1,,50,-0.0379393,0.969736,0,
turned_deg,randmat,drive1.5,10,-60.8996,-60.8996,0,-0.184572,0.184572,1,0,-0.876523,0.876523,0,0,18,1,,50,-0.0379393,0.969736,0,
turned_deg,randmat,synch,10,-60.8996,-60.8996,0,-0.184572,0.184572,1,0,-0.876523,0.876523,0,0,18,1,,50,-0.0379393,0.969736,0,
turned_deg,decorr,drive0.5,10,-60.8996,-60.8996,0,-0.184572,0.184572,1,0,-0.876523,0.876523,0,0,18,1,,50,-0.0379393,0.969736,0,
turned_deg,decorr,drive1.5,10,-60.8996,-60.8996,0,-0.184572,0.184572,1,0,-0.876523,0.876523,0,0,18,1,,50,-0.0379393,0.969736,0,
turned_deg,decorr,synch,10,-60.8996,-60.8996,0,-0.184572,0.184572,1,0,-0.876523,0.876523,0,0,18,1,,50,-0.0379393,0.969736,0,
turned_deg,drive0.5,drive1.5,10,-60.8996,-60.8996,0,-0.184572,0.184572,1,0,-0.876523,0.876523,0,0,18,1,,50,-0.0379393,0.969736,0,
turned_deg,drive0.5,synch,10,-60.8996,-60.8996,0,-0.184572,0.184572,1,0,-0.876523,0.876523,0,0,18,1,,50,-0.0379393,0.969736,0,
turned_deg,drive1.5,synch,10,-60.8996,-60.8996,0,-0.184572,0.184572,1,0,-0.876523,0.876523,0,0,18,1,,50,-0.0379393,0.969736,0,
ring_pc12_var,rest,flow,10,0,0.421521,-0.421521,-0.433885,-0.409158,0,-34.4918,-45.2167,-23.767,-33.0344,-77.1261,9,5.24049e-14,,0,-3.99806,6.38644e-05,1,
ring_pc12_var,rest,self,10,0,0.435702,-0.435702,-0.455565,-0.41584,0,-22.1917,-29.1245,-15.2589,-21.254,-49.6221,9,2.74986e-12,,0,-3.99806,6.38644e-05,1,0.000249938
ring_pc12_var,rest,shuffle,10,0,0.43491,-0.43491,-0.465895,-0.403926,0,-14.2001,-18.6871,-9.71309,-13.6001,-31.7524,9,1.49655e-10,,0,-3.99806,6.38644e-05,1,
ring_pc12_var,rest,randmat,10,0,0.412337,-0.412337,-0.44017,-0.384504,0,-14.9876,-19.7143,-10.261,-14.3544,-33.5134,9,9.2411e-11,,0,-3.99806,6.38644e-05,1,
ring_pc12_var,rest,decorr,10,0,0.399489,-0.399489,-0.428987,-0.369992,0,-13.7012,-18.0367,-9.3657,-13.1223,-30.6368,9,2.05931e-10,,0,-3.99806,6.38644e-05,1,
ring_pc12_var,rest,drive0.5,10,0,0.373957,-0.373957,-0.398345,-0.34957,0,-15.5129,-20.3996,-10.6262,-14.8574,-34.6879,9,6.79243e-11,,0,-3.99806,6.38644e-05,1,
ring_pc12_var,rest,drive1.5,10,0,0.420748,-0.420748,-0.454454,-0.387042,0,-12.6285,-16.639,-8.61802,-12.0949,-28.2382,9,4.25983e-10,,0,-3.99806,6.38644e-05,1,
ring_pc12_var,rest,synch,10,0,0.434751,-0.434751,-0.453021,-0.416481,0,-24.0737,-31.5854,-16.562,-23.0565,-53.8305,9,1.32467e-12,,0,-3.99806,6.38644e-05,1,
ring_pc12_var,flow,self,10,0.421521,0.435702,-0.0141811,-0.0362173,0.00785512,0.967452,-0.613201,-1.51009,0.283684,-0.587291,-1.37116,15.0637,0.190408,0.380816,30,-1.47406,0.140465,0.4,0.184204
ring_pc12_var,flow,shuffle,10,0.421521,0.43491,-0.013389,-0.0455821,0.0188041,0.969214,-0.40603,-1.29154,0.479478,-0.388873,-0.90791,11.7951,0.382101,,41,-0.64254,0.520523,0.18,
ring_pc12_var,flow,randmat,10,0.421521,0.412337,0.0091845,-0.0200393,0.0384083,1.02227,0.305093,-0.576514,1.1867,0.292202,0.682208,12.4186,0.507633,,59,0.64254,0.520523,-0.18,
ring_pc12_var,flow,decorr,10,0.421521,0.399489,0.0220321,-0.00875408,0.0528183,1.05515,0.696892,-0.205844,1.59963,0.667446,1.5583,12.0675,0.14499,,68,1.32288,0.185877,-0.36,
ring_pc12_var,flow,drive0.5,10,0.421521,0.373957,0.0475639,0.0215193,0.0736085,1.12719,1.75987,0.727524,2.79221,1.68551,3.93518,13.3395,0.00163047,,87,2.75914,0.00579536,-0.74,
ring_pc12_var,flow,drive1.5,10,0.421521,0.420748,0.0007731,-0.0340167,0.0355629,1.00184,0.0217849,-0.854764,0.898333,0.0208644,0.0487125,11.3787,0.961993,,51,0.0377964,0.96985,-0.02,
ring_pc12_var,flow,synch,10,0.421521,0.434751,-0.0132297,-0.0339223,0.00746287,0.969569,-0.606712,-1.50317,0.28975,-0.581076,-1.35665,15.814,0.193945,,35,-1.0961,0.273036,0.3,
ring_pc12_var,self,shuffle,10,0.435702,0.43491,0.0007921,-0.0338212,0.0354054,1.00182,0.0217729,-0.854776,0.898321,0.020853,0.0486858,15.3283,0.961798,0.961798,54,0.264575,0.791337,-0.08,0.95901
ring_pc12_var,self,randmat,10,0.435702,0.412337,0.0233656,-0.008633,0.0553642,1.05667,0.691309,-0.211014,1.59363,0.662099,1.54581,16.2791,0.141367,,64,1.0205,0.307489,-0.28,0.136216
ring_pc12_var,self,decorr,10,0.435702,0.399489,0.0362132,0.00284831,0.0695781,1.09065,1.03021,0.0973514,1.96306,0.986676,2.30361,15.7698,0.0352093,0.105628,78,2.0788,0.0376353,-0.56,0.0347413
ring_pc12_var,self,drive0.5,10,0.435702,0.373957,0.061745,0.0324481,0.0910419,1.16511,1.98601,0.914991,3.05703,1.90209,4.44085,17.2917,0.000345009,,91,3.06151,0.00220222,-0.82,0.00099975
ring_pc12_var,self,drive1.5,10,0.435702,0.420748,0.0149542,-0.0220016,0.05191,1.03554,0.386694,-0.497983,1.27137,0.370354,0.864673,14.5781,0.401223,,62,0.869318,0.384673,-0.24,0.391152
ring_pc12_var,self,synch,10,0.435702,0.434751,0.0009514,-0.0241249,0.0260277,1.00219,0.035665,-0.840927,0.912257,0.034158,0.0797493,17.8757,0.937323,,54,0.264575,0.791337,-0.08,0.932767
ring_pc12_var,shuffle,randmat,10,0.43491,0.412337,0.0225735,-0.0161394,0.0612864,1.05475,0.548307,-0.344534,1.44115,0.525139,1.22605,17.7968,0.236156,,63,0.944911,0.344704,-0.26,
ring_pc12_var,shuffle,decorr,10,0.43491,0.399489,0.0354211,-0.0043168,0.075159,1.08867,0.83764,-0.0765128,1.75179,0.802247,1.87302,17.9566,0.077439,,71,1.54965,0.121225,-0.42,
ring_pc12_var,shuffle,drive0.5,10,0.43491,0.373957,0.0609529,0.024187,0.0977188,1.16299,1.56385,0.562273,2.56543,1.49777,3.49688,17.0584,0.00275086,,88,2.83473,0.00458639,-0.76,
ring_pc12_var,shuffle,drive1.5,10,0.43491,0.420748,0.0141621,-0.0283798,0.056704,1.03366,0.312936,-0.568935,1.19481,0.299713,0.699746,17.8739,0.493094,,56,0.415761,0.677585,-0.12,
ring_pc12_var,shuffle,synch,10,0.43491,0.434751,0.0001593,-0.0338168,0.0341354,1.00037,0.00448038,-0.872043,0.881004,0.00429106,0.0100184,14.5833,0.992142,,48,-0.113389,0.909722,0.04,
ring_pc12_var,randmat,decorr,10,0.412337,0.399489,0.0128476,-0.0248265,0.0505217,1.03216,0.320485,-0.561646,1.20262,0.306944,0.716627,17.9396,0.48283,,58,0.566947,0.57075,-0.16,
ring_pc12_var,randmat,drive0.5,10,0.412337,0.373957,0.0383794,0.00396885,0.07279,1.10263,1.04923,0.114338,1.98411,1.00489,2.34614,17.6946,0.0308346,,77,2.00321,0.0451546,-0.54,
ring_pc12_var,randmat,drive1.5,10,0.412337,0.420748,-0.0084114,-0.0491124,0.0322896,0.980008,-0.194672,-1.07327,0.683924,-0.186446,-0.435299,17.3782,0.668703,,45,-0.340168,0.73373,0.1,
ring_pc12_var,randmat,synch,10,0.412337,0.434751,-0.0224142,-0.053689,0.0088606,0.948444,-0.681087,-1.58266,0.22049,-0.652309,-1.52296,15.5414,0.147856,,33,-1.24728,0.212294,0.34,
ring_pc12_var,decorr,drive0.5,10,0.399489,0.373957,0.0255318,-0.0101038,0.0611674,1.06827,0.674875,-0.226254,1.576,0.646359,1.50907,17.3857,0.149241,,71,1.54965,0.121225,-0.42,
ring_pc12_var,decorr,drive1.5,10,0.399489,0.420748,-0.021259,-0.0629096,0.0203916,0.949473,-0.480169,-1.36923,0.408895,-0.45988,-1.07369,17.689,0.297391,,39,-0.793725,0.427355,0.22,
ring_pc12_var,decorr,synch,10,0.399489,0.434751,-0.0352618,-0.0679504,-0.0025732,0.918892,-1.02813,-1.96077,-0.0954987,-0.984691,-2.29898,15.0193,0.0362758,,23,-2.00321,0.0451546,0.54,
ring_pc12_var,drive0.5,drive1.5,10,0.373957,0.420748,-0.0467908,-0.0857017,-0.00787995,0.888791,-1.13781,-2.0826,-0.193022,-1.08973,-2.54422,16.3961,0.0213677,,22,-2.0788,0.0376353,0.56,
ring_pc12_var,drive0.5,synch,10,0.373957,0.434751,-0.0607936,-0.0892547,-0.0323325,0.860165,-2.01835,-3.09516,-0.94154,-1.93307,-4.51317,16.6823,0.000320771,,8,-3.13711,0.00170625,0.84,
ring_pc12_var,drive1.5,synch,10,0.420748,0.434751,-0.0140028,-0.0503851,0.0223795,0.967791,-0.369497,-1.25347,0.514473,-0.353885,-0.826221,13.8682,0.422666,,40,-0.718132,0.472676,0.2,
ring_loop,rest,flow,10,1,0.133333,0.866667,0.830139,0.903195,7.5,24.0029,16.513,31.4928,22.9887,53.6722,9,1.36015e-12,,100,4.00494,6.20335e-05,-1,
ring_loop,rest,self,10,1,0.168667,0.831333,0.810723,0.851944,5.92885,40.8056,28.1297,53.4815,39.0814,91.244,9,1.15641e-14,,100,4.00322,6.24874e-05,-1,0.000249938
ring_loop,rest,shuffle,10,1,0.155333,0.844667,0.812396,0.876938,6.43777,26.4796,18.227,34.7322,25.3607,59.2102,9,5.63312e-13,,100,4.00322,6.24874e-05,-1,
ring_loop,rest,randmat,10,1,0.133333,0.866667,0.848403,0.884931,7.5,48.0057,33.1031,62.9084,45.9773,107.344,9,2.68213e-15,,100,3.99977,6.34029e-05,-1,
ring_loop,rest,decorr,10,1,0.112,0.888,0.862685,0.913315,8.92857,35.4868,24.4546,46.5189,33.9873,79.3508,9,4.05854e-14,,100,3.99977,6.34029e-05,-1,
ring_loop,rest,drive0.5,10,1,0.184667,0.815333,0.783775,0.846892,5.41516,26.1372,17.9901,34.2844,25.0328,58.4446,9,6.33134e-13,,100,3.99977,6.34029e-05,-1,
ring_loop,rest,drive1.5,10,1,0.0886667,0.911333,0.879456,0.94321,11.2782,28.9226,19.9168,37.9284,27.7005,64.6729,9,2.55006e-13,,100,4.00494,6.20335e-05,-1,
ring_loop,rest,synch,10,1,0.178,0.822,0.798202,0.845798,5.61798,34.9444,24.0798,45.8091,33.4679,78.1381,9,4.66107e-14,,100,3.99806,6.38644e-05,-1,
ring_loop,flow,self,10,0.133333,0.168667,-0.0353334,-0.0750455,0.00437876,0.790514,-0.852272,-1.76772,0.0631787,-0.81626,-1.90574,14.2033,0.0771277,0.154255,26,-1.78315,0.074562,0.48,0.0757311
ring_loop,flow,shuffle,10,0.133333,0.155333,-0.0219999,-0.0673164,0.0233167,0.85837,-0.456627,-1.3445,0.431245,-0.437333,-1.02105,17.7305,0.320962,,34.5,-1.13732,0.255405,0.31,
ring_loop,flow,randmat,10,0.133333,0.133333,3e-08,-0.0389315,0.0389316,1,7.43153e-07,-0.876522,0.876523,7.11752e-07,1.66174e-06,13.2353,0.999999,,42.5,-0.531755,0.594895,0.15,
ring_loop,flow,decorr,10,0.133333,0.112,0.0213333,-0.0203095,0.0629761,1.19048,0.485617,-0.40373,1.37497,0.465098,1.08587,16.0249,0.2936,,60.5,0.761968,0.446079,-0.21,
ring_loop,flow,drive0.5,10,0.133333,0.184667,-0.0513333,-0.0962329,-0.00643368,0.722022,-1.07582,-2.0136,-0.138031,-1.03036,-2.4056,17.6283,0.0273624,,20,-2.23588,0.0253595,0.6,
ring_loop,flow,drive1.5,10,0.133333,0.0886667,0.0446666,-0.000418392,0.0897516,1.50376,0.932066,0.00917722,1.85495,0.892683,2.08416,17.6761,0.0519397,,74,1.78654,0.0740125,-0.48,
ring_loop,flow,synch,10,0.133333,0.178,-0.0446667,-0.0856345,-0.00369885,0.749064,-1.03651,-1.97004,-0.102987,-0.992716,-2.31771,15.4736,0.0345301,,21,-2.15927,0.030829,0.58,
ring_loop,self,shuffle,10,0.168667,0.155333,0.0133335,-0.0226847,0.0493517,1.08584,0.352276,-0.531019,1.23557,0.337391,0.787713,15.2949,0.442902,0.442902,64,1.02826,0.303825,-0.28,0.424644
ring_loop,self,randmat,10,0.168667,0.133333,0.0353334,0.00973101,0.0609358,1.265,1.29802,0.333601,2.26243,1.24317,2.90246,17.7432,0.00959652,,82,2.39018,0.0168402,-0.64,0.0122469
ring_loop,self,decorr,10,0.168667,0.112,0.0566667,0.0262592,0.0870741,1.50595,1.75612,0.72439,2.78785,1.68192,3.9268,17.2893,0.00105651,0.00316954,89.5,2.95703,0.00310618,-0.79,0.00149963
ring_loop,self,drive0.5,10,0.168667,0.184667,-0.0159999,-0.0514158,0.019416,0.913358,-0.429437,-1.316,0.457131,-0.411292,-0.96025,15.4959,0.351674,,40.5,-0.682908,0.494665,0.19,0.343414
ring_loop,self,drive1.5,10,0.168667,0.0886667,0.08,0.0443153,0.115685,1.90226,2.13208,1.03442,3.22974,2.04199,4.76748,15.4055,0.000232093,,93.5,3.26031,0.00111289,-0.87,0.000249938
ring_loop,self,synch,10,0.168667,0.178,-0.0093333,-0.0386143,0.0199477,0.947566,-0.299923,-1.18136,0.581514,-0.28725,-0.670647,17.6403,0.511131,,41.5,-0.60703,0.543831,0.17,0.529868
ring_loop,shuffle,randmat,10,0.155333,0.133333,0.0219999,-0.013104,0.0571038,1.165,0.600218,-0.295824,1.49626,0.574856,1.34213,14.2291,0.200579,,64.5,1.06472,0.287001,-0.29,
ring_loop,shuffle,decorr,10,0.155333,0.112,0.0433332,0.00508552,0.0815808,1.3869,1.06883,0.131811,2.00585,1.02367,2.38998,17.0343,0.0286765,,76.5,1.97135,0.0486835,-0.53,
ring_loop,shuffle,drive0.5,10,0.155333,0.184667,-0.0293334,-0.0712547,0.0125879,0.841155,-0.657458,-1.55735,0.242432,-0.629679,-1.47012,17.991,0.158801,,30,-1.47796,0.13942,0.4,
ring_loop,shuffle,drive1.5,10,0.155333,0.0886667,0.0666665,0.0245388,0.108794,1.75188,1.48686,0.496603,2.47711,1.42403,3.32471,17.9973,0.00377045,,88.5,2.88448,0.00392057,-0.77,
ring_loop,shuffle,synch,10,0.155333,0.178,-0.0226668,-0.06014,0.0148064,0.872658,-0.571901,-1.46616,0.32236,-0.547736,-1.27881,16.5544,0.218601,,35.5,-1.0623,0.288099,0.29,
ring_loop,randmat,decorr,10,0.133333,0.112,0.0213333,-0.00786593,0.0505325,1.19048,0.69138,-0.210949,1.59371,0.662167,1.54597,16.3719,0.141221,,67.5,1.28896,0.197411,-0.35,
ring_loop,randmat,drive0.5,10,0.133333,0.184667,-0.0513333,-0.0858094,-0.0168572,0.722022,-1.42427,-2.40565,-0.442891,-1.36409,-3.18477,14.4208,0.00641237,,14.5,-2.65374,0.00796041,0.71,
ring_loop,randmat,drive1.5,10,0.133333,0.0886667,0.0446666,0.00991024,0.0794229,1.50376,1.22998,0.274168,2.1858,1.17801,2.75032,14.3341,0.0153682,,83.5,2.50495,0.012247,-0.67,
ring_loop,randmat,synch,10,0.133333,0.178,-0.0446667,-0.072661,-0.0166724,0.749063,-1.50635,-2.49943,-0.513269,-1.4427,-3.3683,16.8714,0.00368134,,14,-2.69166,0.00710984,0.72,
ring_loop,decorr,drive0.5,10,0.112,0.184667,-0.0726666,-0.110367,-0.0349657,0.606499,-1.81709,-2.8589,-0.775267,-1.74031,-4.06313,17.1911,0.000792512,,9,-3.06613,0.00216852,0.82,
ring_loop,decorr,drive1.5,10,0.112,0.0886667,0.0233333,-0.0146112,0.0612779,1.26316,0.579898,-0.314857,1.47465,0.555395,1.29669,17.1218,0.211941,,67.5,1.2919,0.196393,-0.35,
ring_loop,decorr,synch,10,0.112,0.178,-0.066,-0.098277,-0.0337229,0.629214,-1.92174,-2.98143,-0.862037,-1.84054,-4.29713,17.9316,0.000437229,,8.5,-3.10164,0.00192451,0.83,
ring_loop,drive0.5,drive1.5,10,0.184667,0.0886667,0.0959999,0.0543406,0.137659,2.08271,2.16514,1.06129,3.269,2.07366,4.84141,17.9982,0.00013105,,95,3.37277,0.000744158,-0.9,
ring_loop,drive0.5,synch,10,0.184667,0.178,0.0066666,-0.0302415,0.0435747,1.03745,0.170635,-0.707481,1.04875,0.163425,0.381551,16.7345,0.707596,,52,0.113603,0.909552,-0.04,
ring_loop,drive1.5,synch,10,0.0886667,0.178,-0.0893333,-0.126493,-0.0521733,0.498128,-2.27187,-3.39614,-1.14761,-2.17588,-5.08006,16.6543,9.86427e-05,,5,-3.3715,0.000747608,0.9,
ring_track_gain_yaw,rest,flow,10,0,2.69116,-2.69116,-3.01637,-2.36595,0,-8.37172,-11.1102,-5.63328,-8.01799,-18.7197,9,1.62596e-08,,0,-3.99806,6.38644e-05,1,
ring_track_gain_yaw,rest,self,10,0,2.51891,-2.51891,-2.96099,-2.07684,0,-5.76439,-7.75422,-3.77457,-5.52083,-12.8896,9,4.17794e-07,,0,-3.99806,6.38644e-05,1,0.000249938
ring_track_gain_yaw,rest,shuffle,10,0,2.2101,-2.2101,-2.71251,-1.70768,0,-4.45027,-6.08437,-2.81617,-4.26223,-9.9511,9,3.7272e-06,,0,-3.99806,6.38644e-05,1,
ring_track_gain_yaw,rest,randmat,10,0,2.07329,-2.07329,-2.63413,-1.51245,0,-3.73988,-5.19299,-2.28677,-3.58186,-8.36264,9,1.55065e-05,,0,-3.99806,6.38644e-05,1,
ring_track_gain_yaw,rest,decorr,10,0,2.1233,-2.1233,-2.39126,-1.85534,0,-8.01645,-10.6508,-5.38208,-7.67773,-17.9253,9,2.38e-08,,0,-3.99806,6.38644e-05,1,
ring_track_gain_yaw,rest,drive0.5,10,0,2.37781,-2.37781,-2.79805,-1.95756,0,-5.72413,-7.70276,-3.74549,-5.48226,-12.7995,9,4.43682e-07,,0,-3.99806,6.38644e-05,1,
ring_track_gain_yaw,rest,drive1.5,10,0,2.37186,-2.37186,-2.68871,-2.05501,0,-7.57306,-10.0783,-5.06784,-7.25307,-16.9339,9,3.91876e-08,,0,-3.99806,6.38644e-05,1,
ring_track_gain_yaw,rest,synch,10,0,3.06299,-3.06299,-3.68717,-2.43881,0,-4.96447,-6.73512,-3.19382,-4.75471,-11.1009,9,1.49055e-06,,0,-3.99806,6.38644e-05,1,
ring_track_gain_yaw,flow,self,10,2.69116,2.51891,0.172243,-0.340708,0.685194,1.06838,0.31751,-0.564518,1.19954,0.304094,0.709974,16.5344,0.487613,0.621139,58,0.566947,0.57075,-0.16,0.495876
ring_track_gain_yaw,flow,shuffle,10,2.69116,2.2101,0.481062,-0.0815194,1.04364,1.21767,0.813181,-0.0988481,1.72521,0.778821,1.81833,15.4155,0.0884964,,69,1.39847,0.161972,-0.38,
ring_track_gain_yaw,flow,randmat,10,2.69116,2.07329,0.617865,0.00493664,1.23079,1.29801,0.964162,0.0381118,1.89021,0.923422,2.15593,14.4375,0.0484095,,80,2.22999,0.0257481,-0.6,
ring_track_gain_yaw,flow,decorr,10,2.69116,2.1233,0.567854,0.175478,0.96023,1.26744,1.36332,0.390292,2.33636,1.30572,3.04848,17.3649,0.00713037,,81,2.30558,0.0211339,-0.62,
ring_track_gain_yaw,flow,drive0.5,10,2.69116,2.37781,0.313351,-0.182395,0.809097,1.13178,0.596569,-0.299238,1.49238,0.571362,1.33397,16.934,0.199878,,69,1.39847,0.161972,-0.38,
ring_track_gain_yaw,flow,drive1.5,10,2.69116,2.37186,0.319301,-0.102401,0.741003,1.13462,0.711445,-0.192381,1.61527,0.681384,1.59084,17.9878,0.129067,,73,1.70084,0.088973,-0.46,
ring_track_gain_yaw,flow,synch,10,2.69116,3.06299,-0.37183,-1.04121,0.297552,0.878605,-0.534467,-1.4265,0.357567,-0.511884,-1.19511,13.5509,0.252543,,28,-1.62525,0.10411,0.44,
ring_track_gain_yaw,self,shuffle,10,2.51891,2.2101,0.308819,-0.313423,0.93106,1.13973,0.466847,-0.421535,1.35523,0.447121,1.0439,17.7132,0.31057,0.621139,60,0.718132,0.472676,-0.2,0.316171
ring_track_gain_yaw,self,randmat,10,2.51891,2.07329,0.445622,-0.220207,1.11145,1.21493,0.631292,-0.266798,1.52938,0.604617,1.41161,17.0689,0.176034,,70,1.47406,0.140465,-0.4,0.184704
ring_track_gain_yaw,self,decorr,10,2.51891,2.1233,0.395611,-0.0919624,0.883184,1.18632,0.774213,-0.134553,1.68298,0.7415,1.73119,14.8267,0.104166,0.312498,68,1.32288,0.185877,-0.36,0.0997251
ring_track_gain_yaw,self,drive0.5,10,2.51891,2.37781,0.141108,-0.425472,0.707688,1.05934,0.234043,-0.645476,1.11356,0.224153,0.523335,17.954,0.607141,,58,0.566947,0.57075,-0.16,0.607598
ring_track_gain_yaw,self,drive1.5,10,2.51891,2.37186,0.147058,-0.361838,0.655954,1.062,0.273532,-0.60708,1.15414,0.261974,0.611636,16.316,0.549207,,56,0.415761,0.677585,-0.12,0.555111
ring_track_gain_yaw,self,synch,10,2.51891,3.06299,-0.544073,-1.26008,0.171935,0.822372,-0.719623,-1.62407,0.184824,-0.689216,-1.60913,16.214,0.126884,,28,-1.62525,0.10411,0.44,0.11872
ring_track_gain_yaw,shuffle,randmat,10,2.2101,2.07329,0.136803,-0.563101,0.836708,1.06598,0.183804,-0.694567,1.06218,0.176038,0.410999,17.7865,0.685983,,59,0.64254,0.520523,-0.18,
ring_track_gain_yaw,shuffle,decorr,10,2.2101,2.1233,0.0867921,-0.454042,0.627626,1.04088,0.154204,-0.72362,1.03203,0.147689,0.344811,13.7369,0.735459,,56,0.415761,0.677585,-0.12,
ring_track_gain_yaw,shuffle,drive0.5,10,2.2101,2.37781,-0.167711,-0.777393,0.441971,0.929468,-0.259033,-1.13922,0.621157,-0.248088,-0.579216,17.455,0.569843,,42,-0.566947,0.57075,0.16,
ring_track_gain_yaw,shuffle,drive1.5,10,2.2101,2.37186,-0.161761,-0.720842,0.39732,0.9318,-0.27551,-1.15618,0.605161,-0.263869,-0.616059,15.1813,0.546982,,45,-0.340168,0.73373,0.1,
ring_track_gain_yaw,shuffle,synch,10,2.2101,3.06299,-0.852892,-1.59949,-0.106297,0.721549,-1.07685,-2.01475,-0.138954,-1.03135,-2.40792,17.2141,0.0275233,,21,-2.1544,0.031209,0.58,
ring_track_gain_yaw,randmat,decorr,10,2.07329,2.1233,-0.050011,-0.644052,0.54403,0.976447,-0.0813984,-0.958284,0.795487,-0.077959,-0.182012,12.9054,0.858401,,45,-0.340168,0.73373,0.1,
ring_track_gain_yaw,randmat,drive0.5,10,2.07329,2.37781,-0.304514,-0.959084,0.350056,0.871935,-0.43958,-1.32662,0.447465,-0.421006,-0.98293,16.6841,0.339682,,34,-1.17169,0.241322,0.32,
ring_track_gain_yaw,randmat,drive1.5,10,2.07329,2.37186,-0.298564,-0.908437,0.311309,0.874122,-0.468904,-1.35739,0.419582,-0.449091,-1.0485,14.214,0.31191,,31,-1.39847,0.161972,0.38,
ring_track_gain_yaw,randmat,synch,10,2.07329,3.06299,-0.989695,-1.76965,-0.209736,0.676886,-1.19319,-2.14451,-0.241863,-1.14277,-2.66805,17.7978,0.0157828,,21,-2.1544,0.031209,0.58,
ring_track_gain_yaw,decorr,drive0.5,10,2.1233,2.37781,-0.254503,-0.723364,0.214358,0.892967,-0.516591,-1.40761,0.374432,-0.494763,-1.15513,15.2801,0.265781,,32,-1.32288,0.185877,0.36,
ring_track_gain_yaw,decorr,drive1.5,10,2.1233,2.37186,-0.248553,-0.634705,0.137599,0.895207,-0.605961,-1.50237,0.290451,-0.580357,-1.35497,17.517,0.192645,,29,-1.54965,0.121225,0.42,
ring_track_gain_yaw,decorr,synch,10,2.1233,3.06299,-0.939684,-1.59269,-0.28668,0.693213,-1.39952,-2.37748,-0.421568,-1.34039,-3.12943,12.2084,0.00853904,,21,-2.1544,0.031209,0.58,
ring_track_gain_yaw,drive0.5,drive1.5,10,2.37781,2.37186,0.00595,-0.485513,0.497413,1.00251,0.011437,-0.865093,0.887967,0.0109538,0.025574,16.7333,0.9799,,48,-0.113389,0.909722,0.04,
ring_track_gain_yaw,drive0.5,synch,10,2.37781,3.06299,-0.685181,-1.39117,0.0208113,0.776303,-0.921202,-1.84304,0.000638135,-0.882278,-2.05987,15.7686,0.0563144,,29,-1.54965,0.121225,0.42,
ring_track_gain_yaw,drive1.5,synch,10,2.37186,3.06299,-0.691131,-1.35786,-0.0244067,0.77436,-0.998855,-1.92843,-0.0692805,-0.95665,-2.23351,13.3495,0.0432151,,25,-1.85203,0.0640221,0.5,
ring_lag_yaw_deg,rest,flow,10,0,-59.1298,59.1298,49.8967,68.363,-0,6.47878,4.28803,8.66954,6.20503,14.487,9,1.5256e-07,,100,3.99806,6.38644e-05,-1,
ring_lag_yaw_deg,rest,self,10,0,-77.3576,77.3576,66.1022,88.613,-0,6.95312,4.62691,9.27933,6.65933,15.5477,9,8.25893e-08,,100,3.99806,6.38644e-05,-1,0.000249938
ring_lag_yaw_deg,rest,shuffle,10,0,-66.8351,66.8351,53.1874,80.4827,-0,4.95433,3.18641,6.72225,4.74499,11.0782,9,1.51651e-06,,100,3.99806,6.38644e-05,-1,
ring_lag_yaw_deg,rest,randmat,10,0,-63.9129,63.9129,56.5768,71.249,-0,8.81377,5.94521,11.6823,8.44136,19.7082,9,1.03358e-08,,100,3.99806,6.38644e-05,-1,
ring_lag_yaw_deg,rest,decorr,10,0,-79.0279,79.0279,64.9503,93.1056,-0,5.67922,3.71306,7.64539,5.43925,12.6991,9,4.74664e-07,,100,3.99806,6.38644e-05,-1,
ring_lag_yaw_deg,rest,drive0.5,10,0,-61.9582,61.9582,49.8582,74.0583,-0,5.18024,3.35119,7.00929,4.96136,11.5834,9,1.03981e-06,,100,3.99806,6.38644e-05,-1,
ring_lag_yaw_deg,rest,drive1.5,10,0,-68.8815,68.8815,56.9766,80.7863,-0,5.85349,3.83884,7.86815,5.60616,13.0888,9,3.66244e-07,,100,3.99806,6.38644e-05,-1,
ring_lag_yaw_deg,rest,synch,10,0,-72.2132,72.2132,62.4262,82.0002,-0,7.46457,4.99082,9.93832,7.14917,16.6913,9,4.44593e-08,,100,3.99806,6.38644e-05,-1,
ring_lag_yaw_deg,flow,self,10,-59.1298,-77.3576,18.2278,4.67027,31.7853,0.76437,1.26669,0.306281,2.2271,1.21317,2.8324,17.3374,0.0113343,0.0340029,82,2.38118,0.0172575,-0.64,0.0129968
ring_lag_yaw_deg,flow,shuffle,10,-59.1298,-66.8351,7.70523,-7.7511,23.1616,0.884713,0.473076,-0.415622,1.36177,0.453087,1.05783,15.8117,0.306027,,62,0.869318,0.384673,-0.24,
ring_lag_yaw_deg,flow,randmat,10,-59.1298,-63.9129,4.7831,-6.20939,15.7756,0.925162,0.410328,-0.47537,1.29603,0.39299,0.917521,17.1251,0.371611,,61,0.793725,0.427355,-0.22,
ring_lag_yaw_deg,flow,decorr,10,-59.1298,-79.0279,19.8981,4.0828,35.7134,0.748214,1.19571,0.244081,2.14734,1.14519,2.67369,15.534,0.0169604,,81,2.30558,0.0211339,-0.62,
ring_lag_yaw_deg,flow,drive0.5,10,-59.1298,-61.9582,2.82841,-11.3782,17.035,0.95435,0.187998,-0.690459,1.06645,0.180054,0.420376,16.8272,0.67953,,61,0.793725,0.427355,-0.22,
ring_lag_yaw_deg,flow,drive1.5,10,-59.1298,-68.8815,9.75162,-4.30269,23.8059,0.858429,0.654822,-0.244885,1.55453,0.627153,1.46423,16.9506,0.161432,,72,1.62525,0.10411,-0.44,
ring_lag_yaw_deg,flow,synch,10,-59.1298,-72.2132,13.0834,0.584369,25.5824,0.818823,0.983727,0.0557033,1.91175,0.942161,2.19968,17.9393,0.0411817,,78,2.0788,0.0376353,-0.56,
ring_lag_yaw_deg,self,shuffle,10,-77.3576,-66.8351,-10.5226,-26.9946,5.94951,1.15744,-0.601766,-1.49791,0.294375,-0.576339,-1.34559,17.3705,0.195738,0.391475,30,-1.47406,0.140465,0.4,0.191952
ring_lag_yaw_deg,self,randmat,10,-77.3576,-63.9129,-13.4447,-26.0696,-0.819805,1.21036,-1.01239,-1.94337,-0.0814093,-0.969612,-2.26377,15.4777,0.038349,,19,-2.30558,0.0211339,0.62,0.0322419
ring_lag_yaw_deg,self,decorr,10,-77.3576,-79.0279,1.67031,-15.1273,18.4679,0.978864,0.0937528,-0.783251,0.970757,0.0897914,0.209638,17.1685,0.836418,0.836418,50,-0.0377964,0.96985,0,0.834041
ring_lag_yaw_deg,self,drive0.5,10,-77.3576,-61.9582,-15.3994,-30.7528,-0.0459139,1.24854,-0.942723,-1.86665,-0.0187957,-0.90289,-2.10799,17.9066,0.0493883,,19,-2.30558,0.0211339,0.62,0.0522369
ring_lag_yaw_deg,self,drive1.5,10,-77.3576,-68.8815,-8.47617,-23.6951,6.74277,1.12305,-0.523405,-1.41481,0.367999,-0.501289,-1.17037,17.9436,0.257162,,33,-1.24728,0.212294,0.34,0.254436
ring_lag_yaw_deg,self,synch,10,-77.3576,-72.2132,-5.1444,-19.0159,8.72709,1.07124,-0.348929,-1.2321,0.534238,-0.334186,-0.780229,17.6593,0.445589,,35,-1.0961,0.273036,0.3,0.442889
ring_lag_yaw_deg,shuffle,randmat,10,-66.8351,-63.9129,-2.92213,-17.6326,11.7883,1.04572,-0.190793,-1.06931,0.687721,-0.182732,-0.426627,13.8002,0.676231,,45,-0.340168,0.73373,0.1,
ring_lag_yaw_deg,shuffle,decorr,10,-66.8351,-79.0279,12.1929,-6.01796,30.4037,0.845714,0.629116,-0.268827,1.52706,0.602534,1.40675,17.9827,0.17655,,67,1.24728,0.212294,-0.34,
ring_lag_yaw_deg,shuffle,drive0.5,10,-66.8351,-61.9582,-4.87682,-21.8335,12.0798,1.07871,-0.270501,-1.15102,0.610021,-0.259071,-0.604858,17.7454,0.55293,,42,-0.566947,0.57075,0.16,
ring_lag_yaw_deg,shuffle,drive1.5,10,-66.8351,-68.8815,2.04639,-14.7954,18.8882,0.970291,0.114314,-0.762924,0.991552,0.109484,0.255614,17.6742,0.8012,,52,0.113389,0.909722,-0.04,
ring_lag_yaw_deg,shuffle,synch,10,-66.8351,-72.2132,5.37816,-10.3348,21.0911,0.925524,0.323977,-0.558277,1.20623,0.310288,0.724434,16.3207,0.479057,,61,0.793725,0.427355,-0.22,
ring_lag_yaw_deg,randmat,decorr,10,-63.9129,-79.0279,15.115,0.0174248,30.2126,0.808739,0.963269,0.0373083,1.88923,0.922567,2.15393,13.5524,0.0497712,,73,1.70084,0.088973,-0.46,
ring_lag_yaw_deg,randmat,drive0.5,10,-63.9129,-61.9582,-1.95469,-15.3007,11.3914,1.03155,-0.13975,-1.01734,0.737842,-0.133845,-0.312491,14.8289,0.759019,,48,-0.113389,0.909722,0.04,
ring_lag_yaw_deg,randmat,drive1.5,10,-63.9129,-68.8815,4.96852,-8.20922,18.1463,0.927869,0.359453,-0.524119,1.24303,0.344265,0.803762,14.9738,0.43411,,63,0.944911,0.344704,-0.26,
ring_lag_yaw_deg,randmat,synch,10,-63.9129,-72.2132,8.30029,-3.1236,19.7242,0.885059,0.686531,-0.215443,1.5885,0.657523,1.53513,16.6869,0.143494,,70,1.47406,0.140465,-0.4,
ring_lag_yaw_deg,decorr,drive0.5,10,-79.0279,-61.9582,-17.0697,-34.3377,0.198306,1.2755,-0.930276,-1.85299,-0.00756079,-0.890968,-2.08016,17.6027,0.0524092,,26,-1.77643,0.0756616,0.48,
ring_lag_yaw_deg,decorr,drive1.5,10,-79.0279,-68.8815,-10.1465,-27.3029,7.00991,1.1473,-0.556768,-1.45011,0.336576,-0.533242,-1.24497,17.5168,0.229542,,34,-1.17169,0.241322,0.32,
ring_lag_yaw_deg,decorr,synch,10,-79.0279,-72.2132,-6.81471,-22.8777,9.24828,1.09437,-0.402103,-1.28744,0.483233,-0.385113,-0.89913,16.0524,0.381873,,37,-0.944911,0.344704,0.26,
ring_lag_yaw_deg,drive0.5,drive1.5,10,-61.9582,-68.8815,6.92321,-8.84182,22.6882,0.899491,0.412616,-0.473185,1.29842,0.395181,0.922637,17.9952,0.368402,,58,0.566947,0.57075,-0.16,
ring_lag_yaw_deg,drive0.5,synch,10,-61.9582,-72.2132,10.255,-4.24385,24.7538,0.85799,0.666636,-0.233903,1.56718,0.638468,1.49064,17.2465,0.154118,,64,1.0205,0.307489,-0.28,
ring_lag_yaw_deg,drive1.5,synch,10,-68.8815,-72.2132,3.33177,-11.0197,17.6832,0.953862,0.218711,-0.660428,1.09785,0.20947,0.489053,17.3508,0.630929,,57,0.491354,0.623176,-0.14,
ring_track_gain_head,rest,flow,10,0,0.541596,-0.541596,-0.60563,-0.477562,0,-8.55667,-11.3495,-5.76387,-8.19512,-19.1333,9,1.34154e-08,,0,-3.99806,6.38644e-05,1,
ring_track_gain_head,rest,self,10,0,0.506716,-0.506716,-0.594365,-0.419068,0,-5.84866,-7.86197,-3.83536,-5.60154,-13.078,9,3.68851e-07,,0,-3.99806,6.38644e-05,1,0.000249938
ring_track_gain_head,rest,shuffle,10,0,0.444027,-0.444027,-0.543016,-0.345037,0,-4.53793,-6.19502,-2.88084,-4.34619,-10.1471,9,3.16824e-06,,0,-3.99806,6.38644e-05,1,
ring_track_gain_head,rest,randmat,10,0,0.417373,-0.417373,-0.529972,-0.304774,0,-3.74997,-5.20557,-2.29437,-3.59152,-8.38519,9,1.51732e-05,,0,-3.99806,6.38644e-05,1,
ring_track_gain_head,rest,decorr,10,0,0.427582,-0.427582,-0.481377,-0.373787,0,-8.0411,-10.6827,-5.39952,-7.70133,-17.9804,9,2.31673e-08,,0,-3.99806,6.38644e-05,1,
ring_track_gain_head,rest,drive0.5,10,0,0.479241,-0.479241,-0.565993,-0.392488,0,-5.5887,-7.5298,-3.64761,-5.35256,-12.4967,9,5.44653e-07,,0,-3.99806,6.38644e-05,1,
ring_track_gain_head,rest,drive1.5,10,0,0.477392,-0.477392,-0.540894,-0.413891,0,-7.60549,-10.1201,-5.09086,-7.28413,-17.0064,9,3.7749e-08,,0,-3.99806,6.38644e-05,1,
ring_track_gain_head,rest,synch,10,0,0.618398,-0.618398,-0.747389,-0.489407,0,-4.85005,-6.58998,-3.11012,-4.64511,-10.845,9,1.81436e-06,,0,-3.99806,6.38644e-05,1,
ring_track_gain_head,flow,self,10,0.541596,0.506716,0.0348797,-0.0666034,0.136363,1.06883,0.325079,-0.557213,1.20737,0.311344,0.7269,16.4772,0.477489,0.595665,57,0.491354,0.623176,-0.14,0.48138
ring_track_gain_head,flow,shuffle,10,0.541596,0.444027,0.0975692,-0.0132572,0.208396,1.21974,0.83725,-0.0768685,1.75137,0.801873,1.87215,15.4097,0.0802894,,70,1.47406,0.140465,-0.4,
ring_track_gain_head,flow,randmat,10,0.541596,0.417373,0.124223,0.00162855,0.246818,1.29763,0.970196,0.0435417,1.89685,0.929202,2.16943,14.2701,0.0474061,,81,2.30558,0.0211339,-0.62,
ring_track_gain_head,flow,decorr,10,0.541596,0.427582,0.114015,0.036178,0.191851,1.26665,1.3792,0.404026,2.35438,1.32093,3.08399,17.4799,0.00656632,,83,2.45677,0.0140193,-0.66,
ring_track_gain_head,flow,drive0.5,10,0.541596,0.479241,0.0623556,-0.0384111,0.163122,1.13011,0.585051,-0.310027,1.48013,0.56033,1.30821,16.5621,0.208667,,69,1.39847,0.161972,-0.38,
ring_track_gain_head,flow,drive1.5,10,0.541596,0.477392,0.0642037,-0.019551,0.147958,1.13449,0.720241,-0.184253,1.62474,0.689809,1.61051,17.9987,0.124685,,70,1.47406,0.140465,-0.4,
ring_track_gain_head,flow,synch,10,0.541596,0.618398,-0.0768017,-0.21414,0.0605363,0.875805,-0.539529,-1.43186,0.352798,-0.516732,-1.20642,13.1818,0.248861,,29,-1.54965,0.121225,0.42,
ring_track_gain_head,self,shuffle,10,0.506716,0.444027,0.0626895,-0.0602326,0.185612,1.14118,0.479674,-0.409364,1.36871,0.459406,1.07258,17.7399,0.297833,0.595665,61,0.793725,0.427355,-0.22,0.302674
ring_track_gain_head,self,randmat,10,0.506716,0.417373,0.0893435,-0.0437519,0.222439,1.21406,0.633436,-0.264798,1.53167,0.606671,1.41641,16.9777,0.174743,,68,1.32288,0.185877,-0.36,0.182704
ring_track_gain_head,self,decorr,10,0.506716,0.427582,0.0791348,-0.0177989,0.176068,1.18508,0.778467,-0.130648,1.68758,0.745574,1.74071,14.9379,0.102287,0.30686,69,1.39847,0.161972,-0.38,0.099975
ring_track_gain_head,self,drive0.5,10,0.506716,0.479241,0.0274759,-0.087057,0.142009,1.05733,0.225398,-0.653903,1.1047,0.215874,0.504005,17.9981,0.620371,,56,0.415761,0.677585,-0.12,0.620095
ring_track_gain_head,self,drive1.5,10,0.506716,0.477392,0.029324,-0.0719005,0.130548,1.06143,0.27409,-0.606538,1.15472,0.262509,0.612884,16.4074,0.548355,,56,0.415761,0.677585,-0.12,0.550862
ring_track_gain_head,self,synch,10,0.506716,0.618398,-0.111681,-0.257939,0.034576,0.819402,-0.724482,-1.6293,0.180338,-0.69387,-1.61999,15.8505,0.124956,,29,-1.54965,0.121225,0.42,0.114221
ring_track_gain_head,shuffle,randmat,10,0.444027,0.417373,0.026654,-0.112749,0.166057,1.06386,0.179857,-0.698436,1.05815,0.172257,0.402172,17.7094,0.69237,,59,0.64254,0.520523,-0.18,
ring_track_gain_head,shuffle,decorr,10,0.444027,0.427582,0.0164453,-0.0904515,0.123342,1.03846,0.147673,-0.730044,1.02539,0.141433,0.330206,13.8894,0.746172,,57,0.491354,0.623176,-0.14,
ring_track_gain_head,shuffle,drive0.5,10,0.444027,0.479241,-0.0352136,-0.157607,0.0871799,0.926522,-0.270653,-1.15118,0.609873,-0.259217,-0.605199,17.6954,0.55273,,43,-0.491354,0.623176,0.14,
ring_track_gain_head,shuffle,drive1.5,10,0.444027,0.477392,-0.0333655,-0.143967,0.0772359,0.930109,-0.287013,-1.16804,0.59401,-0.274886,-0.641782,15.3346,0.530492,,44,-0.415761,0.677585,0.12,
ring_track_gain_head,shuffle,synch,10,0.444027,0.618398,-0.174371,-0.326106,-0.0226356,0.718028,-1.08493,-2.02372,-0.146133,-1.03908,-2.42597,16.8708,0.0267796,,21,-2.1544,0.031209,0.58,
ring_track_gain_head,randmat,decorr,10,0.417373,0.427582,-0.0102087,-0.129472,0.109055,0.976125,-0.0827619,-0.95966,0.794136,-0.0792649,-0.185061,12.9051,0.856058,,43,-0.491354,0.623176,0.14,
ring_track_gain_head,randmat,drive0.5,10,0.417373,0.479241,-0.0618676,-0.194497,0.0707617,0.870905,-0.440329,-1.32741,0.446752,-0.421724,-0.984606,16.9008,0.338704,,35,-1.0961,0.273036,0.3,
ring_track_gain_head,randmat,drive1.5,10,0.417373,0.477392,-0.0600195,-0.182422,0.0623834,0.874276,-0.469709,-1.35824,0.418818,-0.449862,-1.0503,14.1991,0.311128,,33,-1.24728,0.212294,0.34,
ring_track_gain_head,randmat,synch,10,0.417373,0.618398,-0.201025,-0.360252,-0.0417978,0.674926,-1.18775,-2.13842,-0.237082,-1.13757,-2.6559,17.6774,0.0162565,,21,-2.1544,0.031209,0.58,
ring_track_gain_head,decorr,drive0.5,10,0.427582,0.479241,-0.0516589,-0.147822,0.044504,0.892207,-0.511979,-1.40275,0.378787,-0.490347,-1.14482,15.0299,0.270187,,34,-1.17169,0.241322,0.32,
ring_track_gain_head,decorr,drive1.5,10,0.427582,0.477392,-0.0498108,-0.127254,0.0276322,0.895661,-0.605492,-1.50187,0.29089,-0.579908,-1.35392,17.5264,0.192964,,30,-1.47406,0.140465,0.4,
ring_track_gain_head,decorr,synch,10,0.427582,0.618398,-0.190816,-0.325378,-0.0562542,0.691435,-1.38125,-2.35671,-0.405795,-1.32289,-3.08857,12.0387,0.00935514,,19,-2.30558,0.0211339,0.62,
ring_track_gain_head,drive0.5,drive1.5,10,0.479241,0.477392,0.0018481,-0.098657,0.102353,1.00387,0.0173906,-0.859149,0.89393,0.0166558,0.0388865,16.4933,0.969448,,46,-0.264575,0.791337,0.08,
ring_track_gain_head,drive0.5,synch,10,0.479241,0.618398,-0.139157,-0.285013,0.00669869,0.774971,-0.905636,-1.82599,0.0147222,-0.867369,-2.02506,15.7589,0.0601457,,29,-1.54965,0.121225,0.42,
ring_track_gain_head,drive1.5,synch,10,0.477392,0.618398,-0.141005,-0.278183,-0.00382788,0.771983,-0.992181,-1.92107,-0.0632931,-0.950258,-2.21858,13.1204,0.0447579,,25,-1.85203,0.0640221,0.5,
ring_lag_head_deg,rest,flow,10,0,-131.658,131.658,122.389,140.928,-0,14.3693,9.83083,18.9077,13.7621,32.1307,9,1.34638e-10,,100,3.99806,6.38644e-05,-1,
ring_lag_head_deg,rest,self,10,0,-149.886,149.886,138.567,161.206,-0,13.3958,9.15298,17.6387,12.8298,29.954,9,2.51791e-10,,100,3.99806,6.38644e-05,-1,0.000249938
ring_lag_head_deg,rest,shuffle,10,0,-139.364,139.364,125.507,153.22,-0,10.1749,6.90216,13.4476,9.74497,22.7518,9,2.90474e-09,,100,3.99806,6.38644e-05,-1,
ring_lag_head_deg,rest,randmat,10,0,-136.441,136.441,129.185,143.698,-0,19.0216,13.062,24.9811,18.2179,42.5335,9,1.09514e-11,,100,3.99806,6.38644e-05,-1,
ring_lag_head_deg,rest,decorr,10,0,-151.556,151.556,137.499,165.613,-0,10.9074,7.4154,14.3993,10.4465,24.3896,9,1.568e-09,,100,3.99806,6.38644e-05,-1,
ring_lag_head_deg,rest,drive0.5,10,0,-134.487,134.487,122.425,146.548,-0,11.2798,7.67601,14.8836,10.8032,25.2224,9,1.16366e-09,,100,3.99806,6.38644e-05,-1,
ring_lag_head_deg,rest,drive1.5,10,0,-141.41,141.41,129.332,153.488,-0,11.8443,8.07056,15.618,11.3438,26.4846,9,7.53832e-10,,100,3.99806,6.38644e-05,-1,
ring_lag_head_deg,rest,synch,10,0,-144.742,144.742,135.169,154.314,-0,15.2969,10.476,20.1177,14.6505,34.2048,9,7.69964e-11,,100,3.99806,6.38644e-05,-1,
ring_lag_head_deg,flow,self,10,-131.658,-149.886,18.2279,4.60216,31.8536,0.878388,1.26041,0.3008,2.22003,1.20716,2.81837,17.3262,0.011682,0.035046,81,2.30558,0.0211339,-0.62,0.0129968
ring_lag_head_deg,flow,shuffle,10,-131.658,-139.364,7.7054,-7.9408,23.3516,0.94471,0.467593,-0.420827,1.35601,0.447835,1.04557,15.711,0.311581,,61,0.793725,0.427355,-0.22,
ring_lag_head_deg,flow,randmat,10,-131.658,-136.441,4.7832,-6.1951,15.7615,0.964943,0.41106,-0.474671,1.29679,0.393691,0.919158,17.0195,0.370857,,62,0.869318,0.384673,-0.24,
ring_lag_head_deg,flow,decorr,10,-131.658,-151.556,19.8981,4.08444,35.7118,0.868708,1.19552,0.243916,2.14713,1.14501,2.67327,15.5823,0.016941,,81,2.30558,0.0211339,-0.62,
ring_lag_head_deg,flow,drive0.5,10,-131.658,-134.487,2.8284,-11.3669,17.0237,0.978969,0.188099,-0.690359,1.06656,0.180152,0.420603,16.8814,0.679351,,60,0.718132,0.472676,-0.2,
ring_lag_head_deg,flow,drive1.5,10,-131.658,-141.41,9.7517,-4.45652,23.9599,0.931039,0.647967,-0.251262,1.5472,0.620589,1.4489,16.871,0.165698,,73,1.70084,0.088973,-0.46,
ring_lag_head_deg,flow,synch,10,-131.658,-144.742,13.0836,0.707412,25.4598,0.909607,0.993339,0.0643326,1.92235,0.951367,2.22117,17.9814,0.0394214,,79,2.1544,0.031209,-0.58,
ring_lag_head_deg,self,shuffle,10,-149.886,-139.364,-10.5225,-27.1872,6.14216,1.0755,-0.594961,-1.49067,0.300744,-0.569821,-1.33037,17.3109,0.200657,0.401314,30,-1.47406,0.140465,0.4,0.197201
ring_lag_head_deg,self,randmat,10,-149.886,-136.441,-13.4447,-26.09,-0.799355,1.09854,-1.01158,-1.94247,-0.0806848,-0.968837,-2.26196,15.3287,0.0386356,,21,-2.1544,0.031209,0.58,0.031992
ring_lag_head_deg,self,decorr,10,-149.886,-151.556,1.6702,-15.1462,18.4866,0.98898,0.0936218,-0.783381,0.970624,0.0896659,0.209345,17.2169,0.836636,0.836636,50,-0.0377964,0.96985,0,0.833042
ring_lag_head_deg,self,drive0.5,10,-149.886,-134.487,-15.3995,-30.7664,-0.0325706,1.11451,-0.941824,-1.86566,-0.0179846,-0.902029,-2.10598,17.9279,0.0495657,,20,-2.22999,0.0257481,0.6,0.051987
ring_lag_head_deg,self,drive1.5,10,-149.886,-141.41,-8.4762,-23.8545,6.90211,1.05994,-0.518022,-1.40912,0.37308,-0.496134,-1.15833,17.9247,0.261929,,32,-1.32288,0.185877,0.36,0.257686
ring_lag_head_deg,self,synch,10,-149.886,-144.742,-5.1443,-18.9395,8.65088,1.03554,-0.351062,-1.23431,0.532187,-0.336228,-0.784997,17.5169,0.442943,,33,-1.24728,0.212294,0.34,0.44164
ring_lag_head_deg,shuffle,randmat,10,-139.364,-136.441,-2.9222,-17.7944,11.95,1.02142,-0.189,-1.06748,0.689477,-0.181014,-0.422617,13.5913,0.679185,,43,-0.491354,0.623176,0.14,
ring_lag_head_deg,shuffle,decorr,10,-139.364,-151.556,12.1927,-6.13911,30.5245,0.91955,0.624922,-0.27274,1.52258,0.598517,1.39737,17.9963,0.179294,,68,1.32288,0.185877,-0.36,
ring_lag_head_deg,shuffle,drive0.5,10,-139.364,-134.487,-4.877,-21.9619,12.2079,1.03626,-0.26857,-1.14903,0.611895,-0.257222,-0.60054,17.6644,0.555774,,44,-0.415761,0.677585,0.12,
ring_lag_head_deg,shuffle,drive1.5,10,-139.364,-141.41,2.0463,-15.0482,19.1408,0.985529,0.11262,-0.764597,0.989838,0.107862,0.251827,17.6708,0.80408,,52,0.113389,0.909722,-0.04,
ring_lag_head_deg,shuffle,synch,10,-139.364,-144.742,5.3782,-10.4046,21.161,0.962843,0.323066,-0.559156,1.20529,0.309415,0.722397,15.9968,0.480479,,58,0.566947,0.57075,-0.16,
ring_lag_head_deg,randmat,decorr,10,-136.441,-151.556,15.1149,0.0615583,30.1682,0.900269,0.966605,0.0403112,1.8929,0.925763,2.1614,13.4788,0.0491942,,73,1.70084,0.088973,-0.46,
ring_lag_head_deg,randmat,drive0.5,10,-136.441,-134.487,-1.9548,-15.2367,11.3271,1.01454,-0.14049,-1.01809,0.737113,-0.134554,-0.314145,14.7604,0.757807,,50,-0.0377964,0.96985,0,
ring_lag_head_deg,randmat,drive1.5,10,-136.441,-141.41,4.9685,-8.32776,18.2648,0.964865,0.356724,-0.526743,1.24019,0.341651,0.797658,14.7483,0.437724,,63,0.944911,0.344704,-0.26,
ring_lag_head_deg,randmat,synch,10,-136.441,-144.742,8.3004,-2.91429,19.5151,0.942654,0.699058,-0.203839,1.60195,0.66952,1.56314,16.776,0.136686,,69,1.39847,0.161972,-0.38,
ring_lag_head_deg,decorr,drive0.5,10,-151.556,-134.487,-17.0697,-34.3006,0.16121,1.12692,-0.932312,-1.85522,-0.00939964,-0.892919,-2.08471,17.5941,0.0519548,,24,-1.92762,0.0539026,0.52,
ring_lag_head_deg,decorr,drive1.5,10,-151.556,-141.41,-10.1464,-27.3868,7.09401,1.07175,-0.553854,-1.44702,0.339315,-0.530452,-1.23846,17.6011,0.231811,,33,-1.24728,0.212294,0.34,
ring_lag_head_deg,decorr,synch,10,-151.556,-144.742,-6.8145,-22.7625,9.13353,1.04708,-0.405366,-1.29085,0.480112,-0.388238,-0.906427,15.8699,0.378267,,37,-0.944911,0.344704,0.26,
ring_lag_head_deg,drive0.5,drive1.5,10,-134.487,-141.41,6.9233,-8.9298,22.7764,0.951041,0.410321,-0.475377,1.29602,0.392984,0.917506,18,0.371008,,57,0.491354,0.623176,-0.14,
ring_lag_head_deg,drive0.5,synch,10,-134.487,-144.742,10.2552,-4.09912,24.6095,0.929148,0.673744,-0.227303,1.57479,0.645276,1.50654,17.1171,0.150162,,64,1.0205,0.307489,-0.28,
ring_lag_head_deg,drive1.5,synch,10,-141.41,-144.742,3.3319,-11.0351,17.6989,0.97698,0.218715,-0.660425,1.09785,0.209473,0.489061,17.1075,0.63101,,59,0.64254,0.520523,-0.18,
cx_yaw_modulation_hz,rest,flow,10,0,1.91946,-1.91946,-1.9854,-1.85353,0,-29.451,-38.6198,-20.2822,-28.2066,-65.8544,9,2.16733e-13,,0,-3.99806,6.38644e-05,1,
cx_yaw_modulation_hz,rest,self,10,0,1.15269,-1.15269,-1.23944,-1.06595,0,-13.4427,-17.6997,-9.18561,-12.8747,-30.0587,9,2.44076e-10,,0,-3.99806,6.38644e-05,1,0.000249938
cx_yaw_modulation_hz,rest,shuffle,10,0,1.5422,-1.5422,-1.63834,-1.44607,0,-16.2293,-21.3345,-11.1241,-15.5435,-36.2898,9,4.53642e-11,,0,-3.99806,6.38644e-05,1,
cx_yaw_modulation_hz,rest,randmat,10,0,0.952567,-0.952567,-1.07685,-0.828282,0,-7.75376,-10.3115,-5.19601,-7.42614,-17.3379,9,3.18764e-08,,0,-3.99806,6.38644e-05,1,
cx_yaw_modulation_hz,rest,decorr,10,0,0.936593,-0.936593,-1.06867,-0.804516,0,-7.17404,-9.5638,-4.78427,-6.87091,-16.0416,9,6.28845e-08,,0,-3.99806,6.38644e-05,1,
cx_yaw_modulation_hz,rest,drive0.5,10,0,1.25842,-1.25842,-1.30435,-1.21248,0,-27.7134,-36.3463,-19.0804,-26.5424,-61.969,9,3.74234e-13,,0,-3.99806,6.38644e-05,1,
cx_yaw_modulation_hz,rest,drive1.5,10,0,2.14059,-2.14059,-2.20202,-2.07917,0,-35.2549,-46.2154,-24.2944,-33.7652,-78.8323,9,4.30488e-14,,0,-3.99806,6.38644e-05,1,
cx_yaw_modulation_hz,rest,synch,10,0,1.74746,-1.74746,-1.84654,-1.64838,0,-17.8424,-23.4407,-12.244,-17.0885,-39.8967,9,1.94276e-11,,0,-3.99806,6.38644e-05,1,
cx_yaw_modulation_hz,flow,self,10,1.91946,1.15269,0.76677,0.665051,0.868489,1.6652,7.11908,4.74515,9.49302,6.81828,15.9188,16.7966,1.45544e-11,4.36632e-11,100,3.74185,0.000182672,-1,0.000249938
cx_yaw_modulation_hz,flow,shuffle,10,1.91946,1.5422,0.377261,0.267981,0.486541,1.24462,3.27401,1.93322,4.6148,3.13567,7.32091,15.9332,1.76206e-06,,100,3.74185,0.000182672,-1,
cx_yaw_modulation_hz,flow,randmat,10,1.91946,0.952567,0.966898,0.833225,1.10057,2.01504,6.9526,4.62654,9.27867,6.65883,15.5465,13.6942,4.32321e-10,,100,3.74185,0.000182672,-1,
cx_yaw_modulation_hz,flow,decorr,10,1.91946,0.936593,0.982872,0.842137,1.12361,2.04941,6.73581,4.47184,8.99979,6.4512,15.0617,13.2237,1.04568e-09,,100,3.74185,0.000182672,-1,
cx_yaw_modulation_hz,flow,drive0.5,10,1.91946,1.25842,0.661049,0.585769,0.736329,1.5253,8.32204,5.59818,11.0459,7.97041,18.6087,16.0712,2.67946e-12,,100,3.74185,0.000182672,-1,
cx_yaw_modulation_hz,flow,drive1.5,10,1.91946,2.14059,-0.221128,-0.30485,-0.137406,0.896698,-2.48249,-3.64874,-1.31624,-2.37759,-5.55101,17.9104,2.91485e-05,,2,-3.59066,0.000329839,0.96,
cx_yaw_modulation_hz,flow,synch,10,1.91946,1.74746,0.172003,0.0602771,0.283729,1.09843,1.46208,0.475374,2.44878,1.4003,3.26931,15.6642,0.0049333,,85,2.60795,0.0091085,-0.7,
cx_yaw_modulation_hz,self,shuffle,10,1.15269,1.5422,-0.389509,-0.509859,-0.269159,0.747433,-3.04315,-4.33065,-1.75565,-2.91457,-6.80469,17.8133,2.39285e-06,4.7857e-06,0,-3.74185,0.000182672,1,0.000249938
cx_yaw_modulation_hz,self,randmat,10,1.15269,0.952567,0.200128,0.0581547,0.3421,1.21009,1.3358,0.366443,2.30516,1.27936,2.98694,16.0872,0.0086734,,89,2.91033,0.00361051,-0.78,0.00849788
cx_yaw_modulation_hz,self,decorr,10,1.15269,0.936593,0.216102,0.0676693,0.364535,1.23073,1.38354,0.407769,2.3593,1.32508,3.09368,15.5468,0.00716268,0.00716268,83,2.45677,0.0140193,-0.66,0.00524869
cx_yaw_modulation_hz,self,drive0.5,10,1.15269,1.25842,-0.105721,-0.198995,-0.0124475,0.915989,-1.08958,-2.02889,-0.150265,-1.04354,-2.43636,13.6796,0.0291473,,19,-2.30558,0.0211339,0.62,0.019995
cx_yaw_modulation_hz,self,drive1.5,10,1.15269,2.14059,-0.987898,-1.0874,-0.888393,0.538493,-9.40237,-12.4451,-6.35962,-9.00509,-21.0243,16.212,3.41555e-13,,0,-3.74185,0.000182672,1,0.000249938
cx_yaw_modulation_hz,self,synch,10,1.15269,1.74746,-0.594767,-0.717226,-0.472309,0.659639,-4.56906,-6.23435,-2.90378,-4.37601,-10.2167,17.6911,7.62161e-09,,0,-3.74185,0.000182672,1,0.000249938
cx_yaw_modulation_hz,shuffle,randmat,10,1.5422,0.952567,0.589637,0.443046,0.736228,1.619,3.7964,2.32929,5.26352,3.63599,8.48902,16.9306,1.66315e-07,,100,3.74185,0.000182672,-1,
cx_yaw_modulation_hz,shuffle,decorr,10,1.5422,0.936593,0.605611,0.452862,0.75836,1.64661,3.7505,2.29477,5.20624,3.59203,8.38638,16.4463,2.44157e-07,,100,3.74185,0.000182672,-1,
cx_yaw_modulation_hz,shuffle,drive0.5,10,1.5422,1.25842,0.283788,0.18196,0.385616,1.22551,2.69458,1.48397,3.9052,2.58073,6.02527,12.9065,4.39923e-05,,100,3.74185,0.000182672,-1,
cx_yaw_modulation_hz,shuffle,drive1.5,10,1.5422,2.14059,-0.598389,-0.705698,-0.49108,0.720456,-5.30638,-7.16983,-3.44293,-5.08217,-11.8654,15.2989,4.03808e-09,,0,-3.74185,0.000182672,1,
cx_yaw_modulation_hz,shuffle,synch,10,1.5422,1.74746,-0.205258,-0.333481,-0.0770348,0.882539,-1.50414,-2.49689,-0.511378,-1.44058,-3.36335,17.9836,0.00346468,,14,-2.68355,0.00728456,0.72,
cx_yaw_modulation_hz,randmat,decorr,10,0.952567,0.936593,0.0159744,-0.152503,0.184452,1.01706,0.0891094,-0.787848,0.966067,0.0853442,0.199255,17.9339,0.844305,,52,0.113389,0.909722,-0.04,
cx_yaw_modulation_hz,randmat,drive0.5,10,0.952567,1.25842,-0.305849,-0.434201,-0.177497,0.756957,-2.33516,-3.47181,-1.19851,-2.23649,-5.22158,11.414,0.000252338,,0,-3.74185,0.000182672,1,
cx_yaw_modulation_hz,randmat,drive1.5,10,0.952567,2.14059,-1.18803,-1.32027,-1.05578,0.445002,-8.66934,-11.4953,-5.84337,-8.30303,-19.3852,13.1492,4.67297e-11,,0,-3.74185,0.000182672,1,
cx_yaw_modulation_hz,randmat,synch,10,0.952567,1.74746,-0.794895,-0.94304,-0.64675,0.545115,-5.05936,-6.85562,-3.2631,-4.84559,-11.3131,17.1485,2.23782e-09,,0,-3.74185,0.000182672,1,
cx_yaw_modulation_hz,decorr,drive0.5,10,0.936593,1.25842,-0.321823,-0.457662,-0.185985,0.744263,-2.32826,-3.46356,-1.19297,-2.22989,-5.20616,11.1461,0.000279407,,4,-3.43948,0.00058284,0.92,
cx_yaw_modulation_hz,decorr,drive1.5,10,0.936593,2.14059,-1.204,-1.34342,-1.06458,0.437539,-8.36217,-11.0978,-5.62653,-8.00884,-18.6984,12.7194,1.24933e-10,,0,-3.74185,0.000182672,1,
cx_yaw_modulation_hz,decorr,synch,10,0.936593,1.74746,-0.810869,-0.965076,-0.656663,0.535973,-4.96838,-6.74009,-3.19668,-4.75845,-11.1096,16.6934,3.95108e-09,,0,-3.74185,0.000182672,1,
cx_yaw_modulation_hz,drive0.5,drive1.5,10,1.25842,2.14059,-0.882177,-0.953824,-0.81053,0.587882,-11.6353,-15.346,-7.92453,-11.1436,-26.0173,16.6685,6.22926e-15,,0,-3.74185,0.000182672,1,
cx_yaw_modulation_hz,drive0.5,synch,10,1.25842,1.74746,-0.489046,-0.593597,-0.384495,0.720139,-4.53015,-6.1852,-2.87511,-4.33874,-10.1297,12.6984,1.90541e-07,,0,-3.74185,0.000182672,1,
cx_yaw_modulation_hz,drive1.5,synch,10,2.14059,1.74746,0.393131,0.283307,0.502955,1.22497,3.41161,2.03827,4.78496,3.26746,7.6286,15.0278,1.52078e-06,,99,3.66626,0.000246128,-0.98,
cx_tuning_wire_corr,rest,flow,10,0,0.309309,-0.309309,-0.316756,-0.301862,0,-42.0193,-55.0705,-28.9682,-40.2438,-93.958,9,8.88496e-15,,0,-3.99806,6.38644e-05,1,
cx_tuning_wire_corr,rest,self,10,0,0.235903,-0.235903,-0.255654,-0.216152,0,-12.0834,-15.9292,-8.23756,-11.5728,-27.0193,9,6.3101e-10,,0,-3.99806,6.38644e-05,1,0.000249938
cx_tuning_wire_corr,rest,shuffle,10,0,0.342358,-0.342358,-0.354167,-0.33055,0,-29.3311,-38.4629,-20.1993,-28.0918,-65.5864,9,2.2482e-13,,0,-3.99806,6.38644e-05,1,
cx_tuning_wire_corr,rest,randmat,10,0,0.309991,-0.309991,-0.346506,-0.273475,0,-8.58829,-11.3904,-5.78618,-8.22541,-19.204,9,1.29868e-08,,0,-3.99806,6.38644e-05,1,
cx_tuning_wire_corr,rest,decorr,10,0,0.251978,-0.251978,-0.273523,-0.230434,0,-11.8322,-15.6023,-8.06214,-11.3323,-26.4577,9,7.60691e-10,,0,-3.99806,6.38644e-05,1,
cx_tuning_wire_corr,rest,drive0.5,10,0,0.230675,-0.230675,-0.24359,-0.217761,0,-18.07,-23.738,-12.402,-17.3065,-40.4057,9,1.73426e-11,,0,-3.99806,6.38644e-05,1,
cx_tuning_wire_corr,rest,drive1.5,10,0,0.356629,-0.356629,-0.36228,-0.350978,0,-63.8413,-83.645,-44.0376,-61.1438,-142.753,9,2.06446e-16,,0,-3.99806,6.38644e-05,1,
cx_tuning_wire_corr,rest,synch,10,0,0.311353,-0.311353,-0.321359,-0.301348,0,-31.4818,-41.2772,-21.6864,-30.1516,-70.3954,9,1.19055e-13,,0,-3.99806,6.38644e-05,1,
cx_tuning_wire_corr,flow,self,10,0.309309,0.235903,0.0734061,0.052979,0.0938332,1.31117,3.51821,2.11928,4.91715,3.36956,7.86697,11.5083,5.79481e-06,1.15896e-05,100,3.74185,0.000182672,-1,0.000249938
cx_tuning_wire_corr,flow,shuffle,10,0.309309,0.342358,-0.033049,-0.0461892,-0.0199088,0.903467,-2.39494,-3.54348,-1.24641,-2.29375,-5.35525,15.1813,7.69759e-05,,5,-3.36388,0.000768539,0.9,
cx_tuning_wire_corr,flow,randmat,10,0.309309,0.309991,-0.0006814,-0.0375177,0.0361549,0.997802,-0.0184974,-0.895039,0.858044,-0.0177159,-0.0413615,9.74735,0.967843,,52,0.113389,0.909722,-0.04,
cx_tuning_wire_corr,flow,decorr,10,0.309309,0.251978,0.0573308,0.0351813,0.0794803,1.22752,2.54439,1.36539,3.72338,2.43688,5.68942,11.1204,0.00013469,,100,3.74185,0.000182672,-1,
cx_tuning_wire_corr,flow,drive0.5,10,0.309309,0.230675,0.0786341,0.0645355,0.0927327,1.34089,5.33621,3.4646,7.20783,5.11074,11.9321,14.3893,7.43502e-09,,100,3.74185,0.000182672,-1,
cx_tuning_wire_corr,flow,drive1.5,10,0.309309,0.356629,-0.0473196,-0.0560471,-0.0385921,0.867314,-5.12075,-6.93364,-3.30786,-4.90438,-11.4503,16.7844,2.37273e-09,,0,-3.74185,0.000182672,1,
cx_tuning_wire_corr,flow,synch,10,0.309309,0.311353,-0.002044,-0.0136964,0.00960836,0.993435,-0.165792,-1.04382,0.712235,-0.158786,-0.370722,16.6301,0.715525,,43,-0.491354,0.623176,0.14,
cx_tuning_wire_corr,self,shuffle,10,0.235903,0.342358,-0.106455,-0.128175,-0.0847353,0.689054,-4.68015,-6.3748,-2.98549,-4.4824,-10.4651,14.7051,3.31786e-08,9.95358e-08,0,-3.74185,0.000182672,1,0.000249938
cx_tuning_wire_corr,self,randmat,10,0.235903,0.309991,-0.0740875,-0.113488,-0.0346868,0.761001,-1.80542,-2.84529,-0.765553,-1.72914,-4.03705,13.8508,0.00124904,,9,-3.06151,0.00220222,0.82,0.000749813
cx_tuning_wire_corr,self,decorr,10,0.235903,0.251978,-0.0160753,-0.0432343,0.0110837,0.936204,-0.556421,-1.44974,0.336901,-0.53291,-1.2442,17.8657,0.229504,0.229504,32,-1.32288,0.185877,0.36,0.227193
cx_tuning_wire_corr,self,drive0.5,10,0.235903,0.230675,0.005228,-0.0169436,0.0273996,1.02266,0.224127,-0.655143,1.1034,0.214657,0.501163,15.5066,0.623296,,58,0.566947,0.57075,-0.16,0.618095
cx_tuning_wire_corr,self,drive1.5,10,0.235903,0.356629,-0.120726,-0.140839,-0.100612,0.661481,-5.9452,-7.98548,-3.90492,-5.694,-13.2939,10.4639,6.89741e-08,,0,-3.74185,0.000182672,1,0.000249938
cx_tuning_wire_corr,self,synch,10,0.235903,0.311353,-0.0754501,-0.0965406,-0.0543596,0.75767,-3.44756,-4.8295,-2.06562,-3.30189,-7.70898,13.3338,2.85712e-06,,2,-3.59066,0.000329839,0.96,0.000249938
cx_tuning_wire_corr,shuffle,randmat,10,0.342358,0.309991,0.0323676,-0.00503012,0.0697653,1.10441,0.85324,-0.0622968,1.76878,0.817188,1.9079,10.862,0.0831732,,71,1.54965,0.121225,-0.42,
cx_tuning_wire_corr,shuffle,decorr,10,0.342358,0.251978,0.0903798,0.0670799,0.11368,1.35868,3.72164,2.27304,5.17025,3.56439,8.32185,13.9597,8.80396e-07,,100,3.74185,0.000182672,-1,
cx_tuning_wire_corr,shuffle,drive0.5,10,0.342358,0.230675,0.111683,0.0954218,0.127944,1.48416,6.45662,4.27216,8.64108,6.18381,14.4374,17.8576,2.74645e-11,,100,3.74185,0.000182672,-1,
cx_tuning_wire_corr,shuffle,drive1.5,10,0.342358,0.356629,-0.0142706,-0.0267807,-0.00176046,0.959985,-1.10282,-2.04362,-0.162029,-1.05622,-2.46599,12.9173,0.028452,,18,-2.38118,0.0172575,0.64,
cx_tuning_wire_corr,shuffle,synch,10,0.342358,0.311353,0.031005,0.0166031,0.0454069,1.09958,2.02664,0.948335,3.10494,1.94101,4.5317,17.5275,0.000274737,,92,3.13711,0.00170625,-0.84,
cx_tuning_wire_corr,randmat,decorr,10,0.309991,0.251978,0.0580122,0.017966,0.0980584,1.23023,1.38425,0.408388,2.36012,1.32576,3.09528,14.5887,0.00759059,,83,2.45677,0.0140193,-0.66,
cx_tuning_wire_corr,randmat,drive0.5,10,0.309991,0.230675,0.0793155,0.0417194,0.116912,1.34384,2.07168,0.985191,3.15818,1.98415,4.63243,11.2168,0.000689274,,97,3.51507,0.000439639,-0.94,
cx_tuning_wire_corr,randmat,drive1.5,10,0.309991,0.356629,-0.0466382,-0.0833329,-0.00994352,0.869225,-1.27691,-2.23862,-0.315203,-1.22296,-2.85526,9.43089,0.0180814,,19,-2.30558,0.0211339,0.62,
cx_tuning_wire_corr,randmat,synch,10,0.309991,0.311353,-0.0013626,-0.0384875,0.0357623,0.995624,-0.0364088,-0.913004,0.840186,-0.0348704,-0.0814126,10.3438,0.936668,,47,-0.188982,0.850107,0.06,
cx_tuning_wire_corr,decorr,drive0.5,10,0.251978,0.230675,0.0213033,-0.00240211,0.0450087,1.09235,0.858001,-0.0579634,1.77397,0.821747,1.91855,14.7283,0.0746356,,76,1.92762,0.0539026,-0.52,
cx_tuning_wire_corr,decorr,drive1.5,10,0.251978,0.356629,-0.10465,-0.126521,-0.0827795,0.706557,-4.75329,-6.46738,-3.0392,-4.55245,-10.6287,10.2327,7.46713e-07,,0,-3.74185,0.000182672,1,
cx_tuning_wire_corr,decorr,synch,10,0.251978,0.311353,-0.0593748,-0.0821131,-0.0366365,0.809301,-2.5287,-3.70444,-1.35295,-2.42185,-5.65434,12.7096,8.57499e-05,,1,-3.66626,0.000246128,0.98,
cx_tuning_wire_corr,drive0.5,drive1.5,10,0.230675,0.356629,-0.125954,-0.139492,-0.112416,0.646821,-9.03906,-11.9742,-6.10394,-8.65713,-20.2119,12.3249,8.01972e-11,,0,-3.74185,0.000182672,1,
cx_tuning_wire_corr,drive0.5,synch,10,0.230675,0.311353,-0.0806781,-0.0959187,-0.0654375,0.740879,-4.99602,-6.77518,-3.21687,-4.78492,-11.1714,16.9425,3.09512e-09,,0,-3.74185,0.000182672,1,
cx_tuning_wire_corr,drive1.5,synch,10,0.356629,0.311353,0.0452756,0.034396,0.0561552,1.14542,3.98604,2.47139,5.50069,3.81761,8.91305,14.2122,3.38909e-07,,100,3.74185,0.000182672,-1,
ring_tuning_wire_corr,rest,flow,10,0,0.200366,-0.200366,-0.212051,-0.18868,0,-17.3463,-22.7929,-11.8998,-16.6134,-38.7876,9,2.50057e-11,,0,-3.99806,6.38644e-05,1,
ring_tuning_wire_corr,rest,self,10,0,0.167733,-0.167733,-0.18817,-0.147295,0,-8.30274,-11.0209,-5.58454,-7.95192,-18.5655,9,1.74867e-08,,0,-3.99806,6.38644e-05,1,0.000249938
ring_tuning_wire_corr,rest,shuffle,10,0,0.189208,-0.189208,-0.212094,-0.166322,0,-8.36377,-11.0999,-5.62766,-8.01037,-18.702,9,1.63962e-08,,0,-3.99806,6.38644e-05,1,
ring_tuning_wire_corr,rest,randmat,10,0,0.174492,-0.174492,-0.212166,-0.136818,0,-4.68571,-6.38184,-2.98958,-4.48773,-10.4776,9,2.42356e-06,,0,-3.99806,6.38644e-05,1,
ring_tuning_wire_corr,rest,decorr,10,0,0.134891,-0.134891,-0.224742,-0.0450395,0,-1.51878,-2.51368,-0.523887,-1.45461,-3.3961,9,0.0079221,,10,-3.19037,0.00142091,0.8,
ring_tuning_wire_corr,rest,drive0.5,10,0,0.186664,-0.186664,-0.198833,-0.174495,0,-15.5184,-20.4068,-10.6301,-14.8627,-34.7002,9,6.77094e-11,,0,-3.99806,6.38644e-05,1,
ring_tuning_wire_corr,rest,drive1.5,10,0,0.242498,-0.242498,-0.258699,-0.226298,0,-15.1436,-19.9177,-10.3695,-14.5037,-33.8621,9,8.4247e-11,,0,-3.99806,6.38644e-05,1,
ring_tuning_wire_corr,rest,synch,10,0,0.203962,-0.203962,-0.21861,-0.189314,0,-14.0871,-18.5398,-9.63442,-13.4919,-31.4997,9,1.60719e-10,,0,-3.99806,6.38644e-05,1,
ring_tuning_wire_corr,flow,self,10,0.200366,0.167733,0.0326331,0.0103581,0.0549081,1.19455,1.4023,0.423962,2.38063,1.34305,3.13563,14.3163,0.0071316,0.0213948,89,2.91033,0.00361051,-0.78,0.00524869
ring_tuning_wire_corr,flow,shuffle,10,0.200366,0.189208,0.0111577,-0.0133099,0.0356253,1.05897,0.439268,-0.447762,1.3263,0.420707,0.982233,13.3941,0.343395,,64,1.0205,0.307489,-0.28,
ring_tuning_wire_corr,flow,randmat,10,0.200366,0.174492,0.0258738,-0.0126284,0.064376,1.14828,0.66361,-0.236714,1.56393,0.63557,1.48388,10.7159,0.166648,,66,1.17169,0.241322,-0.32,
ring_tuning_wire_corr,flow,decorr,10,0.200366,0.134891,0.0654749,-0.0246833,0.155633,1.48539,0.731048,-0.174279,1.63637,0.700158,1.63467,9.30437,0.135443,,66,1.17169,0.241322,-0.32,
ring_tuning_wire_corr,flow,drive0.5,10,0.200366,0.186664,0.0137017,-0.00196883,0.0293722,1.0734,0.821612,-0.0911425,1.73437,0.786896,1.83718,17.9705,0.0827784,,76,1.92762,0.0539026,-0.52,
ring_tuning_wire_corr,flow,drive1.5,10,0.200366,0.242498,-0.0421327,-0.0608172,-0.0234482,0.826256,-2.13389,-3.23188,-1.03589,-2.04372,-4.77152,16.3704,0.000195796,,6,-3.28829,0.00100798,0.88,
ring_tuning_wire_corr,flow,synch,10,0.200366,0.203962,-0.0035963,-0.0210603,0.0138677,0.982368,-0.194167,-1.07275,0.684419,-0.185962,-0.43417,17.1535,0.669577,,44,-0.415761,0.677585,0.12,
ring_tuning_wire_corr,self,shuffle,10,0.167733,0.189208,-0.0214754,-0.049998,0.00704721,0.886498,-0.708064,-1.61163,0.195507,-0.678146,-1.58328,17.7744,0.130988,0.261977,27,-1.70084,0.088973,0.46,0.127718
ring_tuning_wire_corr,self,randmat,10,0.167733,0.174492,-0.00675931,-0.0474301,0.0339115,0.961263,-0.159546,-1.03746,0.71837,-0.152804,-0.356755,13.8752,0.726642,,40,-0.718132,0.472676,0.2,0.733567
ring_tuning_wire_corr,self,decorr,10,0.167733,0.134891,0.0328418,-0.0580072,0.123691,1.24347,0.360567,-0.523049,1.24418,0.345332,0.806252,9.92882,0.438982,0.438982,42,-0.566947,0.57075,0.16,0.501875
ring_tuning_wire_corr,self,drive0.5,10,0.167733,0.186664,-0.0189314,-0.0413874,0.00352461,0.89858,-0.805184,-1.71653,0.106164,-0.771162,-1.80045,14.6688,0.0923837,,19,-2.30558,0.0211339,0.62,0.0859785
ring_tuning_wire_corr,self,drive1.5,10,0.167733,0.242498,-0.0747658,-0.0990774,-0.0504542,0.691685,-2.90028,-4.15571,-1.64484,-2.77773,-6.48522,17.1085,5.42853e-06,,5,-3.36388,0.000768539,0.9,0.000249938
ring_tuning_wire_corr,self,synch,10,0.167733,0.203962,-0.0362294,-0.0597559,-0.0127029,0.822372,-1.45765,-2.44372,-0.471574,-1.39606,-3.2594,16.3155,0.00482115,,15,-2.60795,0.0091085,0.7,0.00549863
ring_tuning_wire_corr,shuffle,randmat,10,0.189208,0.174492,0.0147161,-0.0268548,0.056287,1.08434,0.337742,-0.545008,1.22049,0.323471,0.755213,14.8465,0.461935,,56,0.415761,0.677585,-0.12,
ring_tuning_wire_corr,shuffle,decorr,10,0.189208,0.134891,0.0543172,-0.0368107,0.145445,1.40268,0.592653,-0.302905,1.48821,0.567611,1.32521,10.1629,0.214121,,59,0.64254,0.520523,-0.18,
ring_tuning_wire_corr,shuffle,drive0.5,10,0.189208,0.186664,0.002544,-0.02208,0.027168,1.01363,0.099292,-0.77777,0.976354,0.0950965,0.222024,13.7123,0.827568,,50,-0.0377964,0.96985,0,
ring_tuning_wire_corr,shuffle,drive1.5,10,0.189208,0.242498,-0.0532904,-0.0795394,-0.0270414,0.780244,-1.92271,-2.98258,-0.86284,-1.84147,-4.2993,16.2091,0.000536571,,6,-3.28829,0.00100798,0.88,
ring_tuning_wire_corr,shuffle,synch,10,0.189208,0.203962,-0.014754,-0.0403107,0.0108027,0.927663,-0.549315,-1.44221,0.343585,-0.526104,-1.22831,15.3138,0.237876,,35,-1.0961,0.273036,0.3,
ring_tuning_wire_corr,randmat,decorr,10,0.174492,0.134891,0.0396011,-0.0541791,0.133381,1.29358,0.4112,-0.474537,1.29694,0.393825,0.919471,12.0696,0.37586,,53,0.188982,0.850107,-0.06,
ring_tuning_wire_corr,randmat,drive0.5,10,0.174492,0.186664,-0.0121721,-0.0507533,0.0264092,0.934791,-0.311039,-1.19285,0.570767,-0.297897,-0.695505,10.8578,0.501353,,44,-0.415761,0.677585,0.12,
ring_tuning_wire_corr,randmat,drive1.5,10,0.174492,0.242498,-0.0680065,-0.107427,-0.0285864,0.719559,-1.67768,-2.69679,-0.658561,-1.60679,-3.7514,12.2183,0.00268198,,11,-2.91033,0.00361051,0.78,
ring_tuning_wire_corr,randmat,synch,10,0.174492,0.203962,-0.0294701,-0.068528,0.00958783,0.855512,-0.737586,-1.64342,0.16825,-0.706421,-1.64929,11.6602,0.125745,,34,-1.17169,0.241322,0.32,
ring_tuning_wire_corr,decorr,drive0.5,10,0.134891,0.186664,-0.0517732,-0.141958,0.0384118,0.72264,-0.577659,-1.47227,0.316958,-0.55325,-1.29168,9.33005,0.227546,,50,-0.0377964,0.96985,0,
ring_tuning_wire_corr,decorr,drive1.5,10,0.134891,0.242498,-0.107608,-0.198066,-0.0171493,0.556255,-1.19237,-2.14359,-0.24114,-1.14198,-2.66621,9.58452,0.0244724,,4,-3.43948,0.00058284,0.92,
ring_tuning_wire_corr,decorr,synch,10,0.134891,0.203962,-0.0690712,-0.159413,0.0212711,0.661353,-0.767564,-1.67579,0.14066,-0.735132,-1.71633,9.47802,0.118536,,26,-1.77643,0.0756616,0.48,
ring_tuning_wire_corr,drive0.5,drive1.5,10,0.186664,0.242498,-0.0558344,-0.0747569,-0.0369119,0.769754,-2.78785,-4.01858,-1.55712,-2.67006,-6.23383,16.7037,9.83188e-06,,2,-3.59066,0.000329839,0.96,
ring_tuning_wire_corr,drive0.5,synch,10,0.186664,0.203962,-0.017298,-0.0350263,0.00043033,0.91519,-0.918967,-1.84059,0.00265891,-0.880138,-2.05487,17.4149,0.0552098,,24,-1.92762,0.0539026,0.52,
ring_tuning_wire_corr,drive1.5,synch,10,0.242498,0.203962,0.0385364,0.0182382,0.0588346,1.18894,1.78506,0.748571,2.82154,1.70963,3.99151,17.8204,0.000870652,,91,3.06151,0.00220222,-0.82,
ring_ang_diffusion_deg,rest,flow,10,0,196.935,-196.935,-250.4,-143.47,0,-3.72641,-5.1762,-2.27663,-3.56896,-8.33252,9,1.59642e-05,,0,-3.99806,6.38644e-05,1,
ring_ang_diffusion_deg,rest,self,10,0,220.723,-220.723,-258.004,-183.441,0,-5.98951,-8.0422,-3.93683,-5.73644,-13.393,9,3.00588e-07,,0,-3.99806,6.38644e-05,1,0.000249938
ring_ang_diffusion_deg,rest,shuffle,10,0,226.191,-226.191,-287.624,-164.758,0,-3.72488,-5.17428,-2.27547,-3.56749,-8.32908,9,1.60174e-05,,0,-3.99806,6.38644e-05,1,
ring_ang_diffusion_deg,rest,randmat,10,0,194.061,-194.061,-222.469,-165.652,0,-6.91081,-9.22488,-4.59674,-6.6188,-15.453,9,8.7096e-08,,0,-3.99806,6.38644e-05,1,
ring_ang_diffusion_deg,rest,decorr,10,0,238.836,-238.836,-289.622,-188.049,0,-4.75758,-6.47282,-3.04234,-4.55655,-10.6383,9,2.13308e-06,,0,-3.99806,6.38644e-05,1,
ring_ang_diffusion_deg,rest,drive0.5,10,0,209.334,-209.334,-258.233,-160.434,0,-4.33085,-5.93384,-2.72786,-4.14786,-9.68408,9,4.67124e-06,,0,-3.99806,6.38644e-05,1,
ring_ang_diffusion_deg,rest,drive1.5,10,0,213.591,-213.591,-255.433,-171.749,0,-5.16425,-6.98895,-3.33955,-4.94604,-11.5476,9,1.06746e-06,,0,-3.99806,6.38644e-05,1,
ring_ang_diffusion_deg,rest,synch,10,0,231.206,-231.206,-286.692,-175.719,0,-4.21547,-5.78864,-2.6423,-4.03735,-9.42608,9,5.8392e-06,,0,-3.99806,6.38644e-05,1,
ring_ang_diffusion_deg,flow,self,10,196.935,220.723,-23.7875,-84.8444,37.2694,0.892229,-0.36921,-1.25317,0.514749,-0.353609,-0.825578,16.0787,0.421125,1,39,-0.793725,0.427355,0.22,0.419895
ring_ang_diffusion_deg,flow,shuffle,10,196.935,226.191,-29.2556,-104.995,46.4834,0.87066,-0.363419,-1.24715,0.520309,-0.348064,-0.81263,17.6635,0.427248,,36,-1.0205,0.307489,0.28,
ring_ang_diffusion_deg,flow,randmat,10,196.935,194.061,2.8744,-54.6435,60.3923,1.01481,0.0480304,-0.828619,0.924679,0.0460009,0.107399,13.7067,0.916029,,42,-0.566947,0.57075,0.16,
ring_ang_diffusion_deg,flow,decorr,10,196.935,238.836,-41.9005,-110.399,26.598,0.824563,-0.574838,-1.46928,0.319604,-0.550549,-1.28538,17.9527,0.214996,,34,-1.17169,0.241322,0.32,
ring_ang_diffusion_deg,flow,drive0.5,10,196.935,209.334,-12.3987,-79.7273,54.9299,0.940771,-0.173121,-1.05128,0.705042,-0.165806,-0.38711,17.8585,0.703249,,44,-0.415761,0.677585,0.12,
ring_ang_diffusion_deg,flow,drive1.5,10,196.935,213.591,-16.6555,-79.9702,46.6592,0.922021,-0.248187,-1.12808,0.631703,-0.237701,-0.554964,17.0171,0.586141,,37,-0.944911,0.344704,0.26,
ring_ang_diffusion_deg,flow,synch,10,196.935,231.206,-34.2705,-105.839,37.2984,0.851775,-0.449949,-1.33749,0.437595,-0.430938,-1.00612,17.9753,0.327712,,37,-0.944911,0.344704,0.26,
ring_ang_diffusion_deg,self,shuffle,10,220.723,226.191,-5.4681,-73.241,62.3048,0.975825,-0.0769813,-0.953828,0.799866,-0.0737286,-0.172135,14.8374,0.865657,1,56,0.415761,0.677585,-0.12,0.860285
ring_ang_diffusion_deg,self,randmat,10,220.723,194.061,26.6619,-17.0896,70.4134,1.13739,0.575466,-0.319015,1.46995,0.55115,1.28678,16.8163,0.215603,,66,1.17169,0.241322,-0.32,0.205949
ring_ang_diffusion_deg,self,decorr,10,220.723,238.836,-18.113,-77.0031,40.7771,0.924161,-0.290855,-1.172,0.59029,-0.278565,-0.650371,16.5169,0.524397,1,42,-0.566947,0.57075,0.16,0.51862
ring_ang_diffusion_deg,self,drive0.5,10,220.723,209.334,11.3888,-46.0073,68.7848,1.0544,0.187373,-0.691071,1.06582,0.179456,0.418979,16.8205,0.680533,,52,0.113389,0.909722,-0.04,0.677081
ring_ang_diffusion_deg,self,drive1.5,10,220.723,213.591,7.132,-44.9646,59.2286,1.03339,0.128747,-0.748683,1.00618,0.123307,0.287888,17.7655,0.776764,,59,0.64254,0.520523,-0.18,0.76156
ring_ang_diffusion_deg,self,synch,10,220.723,231.206,-10.483,-73.2085,52.2425,0.954659,-0.158647,-1.03655,0.719253,-0.151944,-0.354746,15.7503,0.727485,,50,-0.0377964,0.96985,0,0.729068
ring_ang_diffusion_deg,shuffle,randmat,10,226.191,194.061,32.13,-32.6736,96.9336,1.16557,0.480249,-0.408818,1.36932,0.459957,1.07387,12.6808,0.302891,,58,0.566947,0.57075,-0.16,
ring_ang_diffusion_deg,shuffle,decorr,10,226.191,238.836,-12.6449,-86.8594,61.5696,0.947056,-0.160492,-1.03842,0.71744,-0.153711,-0.358871,17.3852,0.724013,,44,-0.415761,0.677585,0.12,
ring_ang_diffusion_deg,shuffle,drive0.5,10,226.191,209.334,16.8569,-56.3291,90.0428,1.08053,0.217192,-0.661911,1.09629,0.208014,0.485655,17.1378,0.633363,,51,0.0377964,0.96985,-0.02,
ring_ang_diffusion_deg,shuffle,drive1.5,10,226.191,213.591,12.6001,-57.1004,82.3006,1.05899,0.171497,-0.706636,1.04963,0.16425,0.383478,15.8714,0.706453,,48,-0.113389,0.909722,0.04,
ring_ang_diffusion_deg,shuffle,synch,10,226.191,231.206,-5.0149,-81.953,71.9232,0.97831,-0.0612867,-0.938015,0.815442,-0.0586972,-0.137041,17.8166,0.892535,,45,-0.340168,0.73373,0.1,
ring_ang_diffusion_deg,randmat,decorr,10,194.061,238.836,-44.7749,-99.9003,10.3505,0.812528,-0.778408,-1.68752,0.130702,-0.745518,-1.74057,14.1298,0.10348,,29,-1.54965,0.121225,0.42,
ring_ang_diffusion_deg,randmat,drive0.5,10,194.061,209.334,-15.2731,-68.734,38.1877,0.927039,-0.273221,-1.15382,0.607382,-0.261676,-0.61094,14.4539,0.550727,,36,-1.0205,0.307489,0.28,
ring_ang_diffusion_deg,randmat,drive1.5,10,194.061,213.591,-19.5299,-66.9624,27.9026,0.908564,-0.390666,-1.27551,0.494178,-0.374159,-0.873555,15.8432,0.395409,,40,-0.718132,0.472676,0.2,
ring_ang_diffusion_deg,randmat,synch,10,194.061,231.206,-37.1449,-96.4898,22.2,0.839343,-0.602831,-1.49904,0.293379,-0.577359,-1.34797,13.4149,0.199991,,33,-1.24728,0.212294,0.34,
ring_ang_diffusion_deg,decorr,drive0.5,10,238.836,209.334,29.5018,-35.9814,94.985,1.14093,0.423339,-0.462948,1.30962,0.405451,0.946614,17.9742,0.356389,,57,0.491354,0.623176,-0.14,
ring_ang_diffusion_deg,decorr,drive1.5,10,238.836,213.591,25.245,-36.0288,86.5188,1.11819,0.38812,-0.496616,1.27286,0.371721,0.867863,17.3642,0.397305,,59,0.64254,0.520523,-0.18,
ring_ang_diffusion_deg,decorr,synch,10,238.836,231.206,7.63,-62.268,77.528,1.033,0.102619,-0.77448,0.979718,0.0982829,0.229463,17.8608,0.821116,,53,0.188982,0.850107,-0.06,
ring_ang_diffusion_deg,drive0.5,drive1.5,10,209.334,213.591,-4.25677,-64.13,55.6164,0.98007,-0.0669141,-0.943682,0.809854,-0.0640867,-0.149624,17.5797,0.882764,,53,0.188982,0.850107,-0.06,
ring_ang_diffusion_deg,drive0.5,synch,10,209.334,231.206,-21.8718,-90.6373,46.8938,0.905401,-0.299178,-1.18059,0.582234,-0.286537,-0.668983,17.72,0.512129,,46,-0.264575,0.791337,0.08,
ring_ang_diffusion_deg,drive1.5,synch,10,213.591,231.206,-17.615,-82.5083,47.2783,0.923812,-0.256429,-1.13655,0.623688,-0.245594,-0.573393,16.7346,0.574004,,43,-0.491354,0.623176,0.14,
ring_ang_ac1,rest,flow,10,0,0.816798,-0.816798,-0.888821,-0.744774,0,-11.473,-15.135,-7.81112,-10.9883,-25.6545,9,1.00062e-09,,0,-3.99806,6.38644e-05,1,
ring_ang_ac1,rest,self,10,0,0.862565,-0.862565,-0.909388,-0.815742,0,-18.6368,-24.4784,-12.7952,-17.8493,-41.6731,9,1.31518e-11,,0,-3.99806,6.38644e-05,1,0.000249938
ring_ang_ac1,rest,shuffle,10,0,0.841626,-0.841626,-0.91056,-0.772693,0,-12.3517,-16.2785,-8.42484,-11.8298,-27.6192,9,5.18961e-10,,0,-3.99806,6.38644e-05,1,
ring_ang_ac1,rest,randmat,10,0,0.818527,-0.818527,-0.871095,-0.765958,0,-15.7523,-20.7119,-10.7926,-15.0867,-35.2232,9,5.92344e-11,,0,-3.99806,6.38644e-05,1,
ring_ang_ac1,rest,decorr,10,0,0.853547,-0.853547,-0.924429,-0.782664,0,-12.1822,-16.0578,-8.30653,-11.6674,-27.2402,9,5.86893e-10,,0,-3.99806,6.38644e-05,1,
ring_ang_ac1,rest,drive0.5,10,0,0.793543,-0.793543,-0.986129,-0.600956,0,-4.16852,-5.72963,-2.60741,-3.99238,-9.32109,9,6.40367e-06,,0,-3.99806,6.38644e-05,1,
ring_ang_ac1,rest,drive1.5,10,0,0.835318,-0.835318,-0.890588,-0.780047,0,-15.2896,-20.1082,-10.471,-14.6435,-34.1885,9,7.73245e-11,,0,-3.99806,6.38644e-05,1,
ring_ang_ac1,rest,synch,10,0,0.858657,-0.858657,-0.920133,-0.797182,0,-14.1303,-18.5962,-9.66452,-13.5333,-31.5964,9,1.56382e-10,,0,-3.99806,6.38644e-05,1,
ring_ang_ac1,flow,self,10,0.816798,0.862565,-0.0457674,-0.126502,0.0349676,0.94694,-0.53898,-1.43128,0.353315,-0.516206,-1.2052,15.4546,0.246258,0.738774,37,-0.944911,0.344704,0.26,0.24119
ring_ang_ac1,flow,shuffle,10,0.816798,0.841626,-0.0248287,-0.117431,0.0677739,0.970499,-0.251951,-1.13194,0.628043,-0.241305,-0.563379,17.9655,0.580141,,40,-0.718132,0.472676,0.2,
ring_ang_ac1,flow,randmat,10,0.816798,0.818527,-0.001729,-0.0850962,0.0816382,0.997888,-0.0196167,-0.89616,0.856927,-0.0187878,-0.0438643,16.4693,0.96554,,52,0.113389,0.909722,-0.04,
ring_ang_ac1,flow,decorr,10,0.816798,0.853547,-0.0367491,-0.130601,0.0571031,0.956945,-0.367904,-1.25181,0.516002,-0.352359,-0.822659,17.9954,0.42147,,40,-0.718132,0.472676,0.2,
ring_ang_ac1,flow,drive0.5,10,0.816798,0.793543,0.0232551,-0.175805,0.222315,1.02931,0.11442,-0.762819,0.99166,0.109586,0.255852,11.4692,0.802596,,40,-0.718132,0.472676,0.2,
ring_ang_ac1,flow,drive1.5,10,0.816798,0.835318,-0.0185201,-0.103242,0.0662021,0.977829,-0.206376,-1.08523,0.672477,-0.197656,-0.461471,16.8706,0.650355,,45,-0.340168,0.73373,0.1,
ring_ang_ac1,flow,synch,10,0.816798,0.858657,-0.0418599,-0.129959,0.0462391,0.95125,-0.447219,-1.33463,0.440192,-0.428323,-1.00001,17.5668,0.330881,,38,-0.869318,0.384673,0.24,
ring_ang_ac1,self,shuffle,10,0.862565,0.841626,0.0209387,-0.0572145,0.0990919,1.02488,0.2542,-0.625856,1.13426,0.243459,0.568408,15.8472,0.577725,1,53,0.188982,0.850107,-0.06,0.575356
ring_ang_ac1,self,randmat,10,0.862565,0.818527,0.0440384,-0.0214041,0.109481,1.0538,0.632863,-0.265333,1.53106,0.606123,1.41513,17.7641,0.174323,,68,1.32288,0.185877,-0.36,0.176956
ring_ang_ac1,self,decorr,10,0.862565,0.853547,0.0090183,-0.0707581,0.0887947,1.01057,0.107397,-0.769757,0.984551,0.102859,0.240147,15.5981,0.813344,1,48,-0.113389,0.909722,0.04,0.825544
ring_ang_ac1,self,drive0.5,10,0.862565,0.793543,0.0690225,-0.126036,0.26408,1.08698,0.352315,-0.530981,1.23561,0.337429,0.787801,10.0603,0.448977,,43,-0.491354,0.623176,0.14,0.616346
ring_ang_ac1,self,drive1.5,10,0.862565,0.835318,0.0272473,-0.0401579,0.0946525,1.03262,0.380537,-0.503883,1.26496,0.364458,0.850906,17.5265,0.406297,,62,0.869318,0.384673,-0.24,0.404149
ring_ang_ac1,self,synch,10,0.862565,0.858657,0.0039075,-0.0682263,0.0760413,1.00455,0.0511551,-0.825511,0.927821,0.0489936,0.114386,16.8127,0.910287,,50,-0.0377964,0.96985,0,0.906523
ring_ang_ac1,shuffle,randmat,10,0.841626,0.818527,0.0230997,-0.0578183,0.104018,1.02822,0.269569,-0.610925,1.15006,0.258179,0.602775,16.8224,0.554698,,59,0.64254,0.520523,-0.18,
ring_ang_ac1,shuffle,decorr,10,0.841626,0.853547,-0.0119204,-0.103753,0.0799121,0.986034,-0.121967,-0.999304,0.75537,-0.116814,-0.272727,17.986,0.788169,,45,-0.340168,0.73373,0.1,
ring_ang_ac1,shuffle,drive0.5,10,0.841626,0.793543,0.0480838,-0.150359,0.246526,1.06059,0.237811,-0.641804,1.11743,0.227763,0.531763,11.2689,0.605215,,50,-0.0377964,0.96985,0,
ring_ang_ac1,shuffle,drive1.5,10,0.841626,0.835318,0.0063086,-0.0760282,0.0886454,1.00755,0.0722333,-0.804575,0.949042,0.0691812,0.161519,17.1878,0.873568,,55,0.340168,0.73373,-0.1,
ring_ang_ac1,shuffle,synch,10,0.841626,0.858657,-0.0170312,-0.102892,0.0688297,0.980165,-0.186543,-1.06497,0.691884,-0.178661,-0.417123,17.7691,0.681584,,47,-0.188982,0.850107,0.06,
ring_ang_ac1,randmat,decorr,10,0.818527,0.853547,-0.0350201,-0.117477,0.0474366,0.958971,-0.401465,-1.28677,0.483843,-0.384501,-0.897702,16.6009,0.38218,,32,-1.32288,0.185877,0.36,
ring_ang_ac1,randmat,drive0.5,10,0.818527,0.793543,0.0249841,-0.170789,0.220757,1.03148,0.126611,-0.75079,1.00401,0.121261,0.28311,10.3337,0.782683,,29,-1.54965,0.121225,0.42,
ring_ang_ac1,randmat,drive1.5,10,0.818527,0.835318,-0.0167911,-0.0876449,0.0540627,0.979899,-0.222699,-1.10193,0.656536,-0.213289,-0.497971,17.955,0.624549,,46,-0.264575,0.791337,0.08,
ring_ang_ac1,randmat,synch,10,0.818527,0.858657,-0.0401309,-0.115383,0.0351212,0.953263,-0.501922,-1.39214,0.388295,-0.480714,-1.12233,17.5763,0.27682,,28,-1.62525,0.10411,0.44,
ring_ang_ac1,decorr,drive0.5,10,0.853547,0.793543,0.0600042,-0.138823,0.258832,1.07562,0.295805,-0.585498,1.17711,0.283307,0.661441,11.3944,0.52148,,44,-0.415761,0.677585,0.12,
ring_ang_ac1,decorr,drive1.5,10,0.853547,0.835318,0.018229,-0.0656058,0.102064,1.02182,0.205171,-0.673654,1.084,0.196502,0.458777,16.9903,0.652209,,61,0.793725,0.427355,-0.22,
ring_ang_ac1,decorr,synch,10,0.853547,0.858657,-0.0051108,-0.0923761,0.0821545,0.994048,-0.0551056,-0.931794,0.821583,-0.0527772,-0.12322,17.647,0.903326,,48,-0.113389,0.909722,0.04,
ring_ang_ac1,drive0.5,drive1.5,10,0.793543,0.835318,-0.0417752,-0.237923,0.154372,0.949989,-0.210932,-1.08989,0.668024,-0.20202,-0.471659,10.4726,0.646844,,63,0.944911,0.344704,-0.26,
ring_ang_ac1,drive0.5,synch,10,0.793543,0.858657,-0.065115,-0.26222,0.13199,0.924167,-0.325853,-1.20817,0.556467,-0.312085,-0.72863,10.8153,0.481708,,57,0.491354,0.623176,-0.14,
ring_ang_ac1,drive1.5,synch,10,0.835318,0.858657,-0.0233398,-0.100178,0.0534987,0.972818,-0.285623,-1.1666,0.595357,-0.273555,-0.638673,17.8,0.531169,,39,-0.793725,0.427355,0.22,
steer_corr_yaw,rest,flow,10,0,0.786017,-0.786017,-0.798245,-0.77379,0,-65.0318,-85.204,-44.8595,-62.2839,-145.415,9,1.74832e-16,,0,-3.99806,6.38644e-05,1,
steer_corr_yaw,rest,self,10,0,0.740546,-0.740546,-0.750926,-0.730167,0,-72.1766,-94.5611,-49.7921,-69.1269,-161.392,9,6.84425e-17,,0,-3.99806,6.38644e-05,1,0.000249938
steer_corr_yaw,rest,shuffle,10,0,0.770166,-0.770166,-0.780253,-0.76008,0,-77.2474,-101.202,-53.2926,-73.9834,-172.73,9,3.7155e-17,,0,-3.99806,6.38644e-05,1,
steer_corr_yaw,rest,randmat,10,0,0.814333,-0.814333,-0.826647,-0.802018,0,-66.8989,-87.6492,-46.1485,-64.0721,-149.59,9,1.35526e-16,,0,-3.99806,6.38644e-05,1,
steer_corr_yaw,rest,decorr,10,0,0.615401,-0.615401,-0.640797,-0.590004,0,-24.5143,-32.1616,-16.867,-23.4784,-54.8156,9,1.1257e-12,,0,-3.99806,6.38644e-05,1,
steer_corr_yaw,rest,drive0.5,10,0,0.654855,-0.654855,-0.676478,-0.633231,0,-30.6383,-40.1734,-21.1032,-29.3437,-68.5094,9,1.51956e-13,,0,-3.99806,6.38644e-05,1,
steer_corr_yaw,rest,drive1.5,10,0,0.836583,-0.836583,-0.844332,-0.828834,0,-109.217,-143.075,-75.3597,-104.602,-244.217,9,1.64671e-18,,0,-3.99806,6.38644e-05,1,
steer_corr_yaw,rest,synch,10,0,0.653435,-0.653435,-0.683453,-0.623417,0,-22.0223,-28.903,-15.1416,-21.0918,-49.2433,9,2.94552e-12,,0,-3.99806,6.38644e-05,1,
steer_corr_yaw,flow,self,10,0.786017,0.740546,0.0454707,0.0305464,0.060395,1.0614,2.86803,1.61973,4.11633,2.74685,6.41312,17.5376,5.53806e-06,1.10761e-05,99,3.66626,0.000246128,-0.98,0.000249938
steer_corr_yaw,flow,shuffle,10,0.786017,0.770166,0.0158507,0.00109126,0.0306101,1.02058,1.01165,0.0807484,1.94255,0.968905,2.26212,17.3718,0.0367794,,78,2.0788,0.0376353,-0.56,
steer_corr_yaw,flow,randmat,10,0.786017,0.814333,-0.0283153,-0.0444326,-0.012198,0.965229,-1.65065,-2.66552,-0.635785,-1.58091,-3.69097,17.9991,0.00167205,,12,-2.83473,0.00458639,0.76,
steer_corr_yaw,flow,decorr,10,0.786017,0.615401,0.170617,0.143689,0.197544,1.27724,6.12365,4.03329,8.214,5.8649,13.6929,12.9598,4.39012e-09,,100,3.74185,0.000182672,-1,
steer_corr_yaw,flow,drive0.5,10,0.786017,0.654855,0.131163,0.107645,0.15468,1.20029,5.3417,3.46858,7.21482,5.11599,11.9444,14.2221,8.34876e-09,,100,3.74185,0.000182672,-1,
steer_corr_yaw,flow,drive1.5,10,0.786017,0.836583,-0.0505659,-0.0641883,-0.0369435,0.939557,-3.53374,-4.93643,-2.13106,-3.38443,-7.90169,15.2251,9.07699e-07,,2,-3.59066,0.000329839,0.96,
steer_corr_yaw,flow,synch,10,0.786017,0.653435,0.132582,0.101337,0.163828,1.2029,4.13818,2.58484,5.69152,3.96333,9.25325,11.9068,8.73941e-07,,100,3.74185,0.000182672,-1,
steer_corr_yaw,self,shuffle,10,0.740546,0.770166,-0.02962,-0.0430626,-0.0161774,0.961541,-2.07039,-3.15665,-0.984134,-1.98291,-4.62953,17.9852,0.000208699,0.000208699,8,-3.13711,0.00170625,0.84,0.000499875
steer_corr_yaw,self,randmat,10,0.740546,0.814333,-0.073786,-0.0887745,-0.0587975,0.909391,-4.63482,-6.31747,-2.95217,-4.43898,-10.3638,17.4986,6.84224e-09,,0,-3.74185,0.000182672,1,0.000249938
steer_corr_yaw,self,decorr,10,0.740546,0.615401,0.125146,0.0987023,0.151589,1.20336,4.6146,2.93729,6.2919,4.41961,10.3185,11.9252,2.6931e-07,8.07931e-07,100,3.74185,0.000182672,-1,0.000249938
steer_corr_yaw,self,drive0.5,10,0.740546,0.654855,0.085692,0.0627748,0.108609,1.13086,3.61435,2.19208,5.03663,3.46164,8.08194,12.9387,2.06354e-06,,100,3.74185,0.000182672,-1,0.000249938
steer_corr_yaw,self,drive1.5,10,0.740546,0.836583,-0.0960366,-0.108137,-0.0839363,0.885204,-7.50047,-9.98462,-5.01631,-7.18355,-16.7716,16.6545,7.33009e-12,,0,-3.74185,0.000182672,1,0.000249938
steer_corr_yaw,self,synch,10,0.740546,0.653435,0.0871117,0.0562502,0.117973,1.13331,2.77466,1.5468,4.00253,2.65743,6.20434,11.122,6.3613e-05,,99,3.66626,0.000246128,-0.98,0.000249938
steer_corr_yaw,shuffle,randmat,10,0.770166,0.814333,-0.044166,-0.0589908,-0.0293412,0.945764,-2.80695,-4.04184,-1.57205,-2.68834,-6.27652,17.3276,7.65673e-06,,3,-3.51507,0.000439639,0.94,
steer_corr_yaw,shuffle,decorr,10,0.770166,0.615401,0.154766,0.128389,0.181143,1.25149,5.7297,3.74952,7.70988,5.4876,12.812,11.7703,2.87016e-08,,100,3.74185,0.000182672,-1,
steer_corr_yaw,shuffle,drive0.5,10,0.770166,0.654855,0.115312,0.0924783,0.138146,1.17609,4.88927,3.13883,6.63971,4.68268,10.9327,12.7396,7.69494e-08,,100,3.74185,0.000182672,-1,
steer_corr_yaw,shuffle,drive1.5,10,0.770166,0.836583,-0.0664166,-0.078286,-0.0545472,0.92061,-5.28255,-7.13948,-3.42561,-5.05934,-11.8121,16.8793,1.39184e-09,,0,-3.74185,0.000182672,1,
steer_corr_yaw,shuffle,synch,10,0.770166,0.653435,0.116732,0.0859233,0.14754,1.17864,3.72923,2.27875,5.17971,3.57166,8.33882,11.0068,4.376e-06,,100,3.74185,0.000182672,-1,
steer_corr_yaw,randmat,decorr,10,0.814333,0.615401,0.198932,0.171979,0.225885,1.32326,7.13035,4.75317,9.50753,6.82907,15.9439,13.0104,6.41539e-10,,100,3.74185,0.000182672,-1,
steer_corr_yaw,randmat,drive0.5,10,0.814333,0.654855,0.159478,0.135929,0.183027,1.24353,6.48366,4.29153,8.6758,6.20971,14.4979,14.2825,6.10852e-10,,100,3.74185,0.000182672,-1,
steer_corr_yaw,randmat,drive1.5,10,0.814333,0.836583,-0.0222506,-0.0359471,-0.0085541,0.973403,-1.5471,-2.54618,-0.548025,-1.48173,-3.45943,15.1615,0.00345572,,13,-2.75914,0.00579536,0.74,
steer_corr_yaw,randmat,synch,10,0.814333,0.653435,0.160898,0.129632,0.192164,1.24623,5.01687,3.23209,6.80165,4.80489,11.2181,11.946,1.06592e-07,,100,3.74185,0.000182672,-1,
steer_corr_yaw,decorr,drive0.5,10,0.615401,0.654855,-0.0394539,-0.070488,-0.0084198,0.939752,-1.19665,-2.1484,-0.24491,-1.14609,-2.6758,17.5535,0.0156549,,20,-2.22999,0.0257481,0.6,
steer_corr_yaw,decorr,drive1.5,10,0.615401,0.836583,-0.221183,-0.247118,-0.195247,0.735612,-8.42716,-11.1819,-5.67244,-8.07108,-18.8437,10.6614,1.58004e-09,,0,-3.74185,0.000182672,1,
steer_corr_yaw,decorr,synch,10,0.615401,0.653435,-0.0380342,-0.0746235,-0.00144489,0.941793,-0.978588,-1.90609,-0.0510859,-0.937239,-2.18819,17.5194,0.04247,,26,-1.77643,0.0756616,0.48,
steer_corr_yaw,drive0.5,drive1.5,10,0.654855,0.836583,-0.181729,-0.204011,-0.159446,0.782773,-8.00397,-10.6347,-5.37324,-7.66578,-17.8974,11.2743,1.24285e-09,,0,-3.74185,0.000182672,1,
steer_corr_yaw,drive0.5,synch,10,0.654855,0.653435,0.0014197,-0.0331871,0.0360265,1.00217,0.0388233,-0.837782,0.915428,0.0371829,0.0868116,16.3588,0.931875,,47,-0.188982,0.850107,0.06,
steer_corr_yaw,drive1.5,synch,10,0.836583,0.653435,0.183148,0.152691,0.213605,1.28029,5.97659,3.92752,8.02566,5.72406,13.3641,10.1943,8.62766e-08,,100,3.74185,0.000182672,-1,
steer_asym_sd_hz,rest,flow,10,182.105,501.949,-319.844,-330.123,-309.565,0.362796,-29.8221,-39.1053,-20.5388,-28.562,-66.6842,14.1264,4.63642e-19,,0,-3.74185,0.000182672,1,
steer_asym_sd_hz,rest,self,10,182.105,424.299,-242.194,-251.149,-233.239,0.42919,-25.6823,-33.6893,-17.6753,-24.5971,-57.4274,15.6881,1.1557e-19,,0,-3.74185,0.000182672,1,0.000249938
steer_asym_sd_hz,rest,shuffle,10,182.105,488.94,-306.836,-316.161,-297.51,0.372448,-31.3263,-41.0738,-21.5789,-30.0027,-70.0478,15.2035,1.66934e-20,,0,-3.74185,0.000182672,1,
steer_asym_sd_hz,rest,randmat,10,182.105,525.677,-343.572,-353.914,-333.231,0.346419,-31.8542,-41.7646,-21.9438,-30.5083,-71.2282,14.0642,2.13694e-19,,0,-3.74185,0.000182672,1,
steer_asym_sd_hz,rest,decorr,10,182.105,431.271,-249.166,-261.764,-236.568,0.422252,-19.2072,-25.2236,-13.1907,-18.3956,-42.9486,12.3726,7.66824e-15,,0,-3.74185,0.000182672,1,
steer_asym_sd_hz,rest,drive0.5,10,182.105,341.564,-159.459,-168.622,-150.296,0.53315,-16.5496,-21.7526,-11.3465,-15.8503,-37.0059,15.4118,1.77527e-16,,0,-3.74185,0.000182672,1,
steer_asym_sd_hz,rest,drive1.5,10,182.105,613.08,-430.975,-444.106,-417.843,0.297033,-31.9517,-41.8922,-22.0113,-30.6017,-71.4462,12.0938,2.95405e-17,,0,-3.74185,0.000182672,1,
steer_asym_sd_hz,rest,synch,10,182.105,578.831,-396.726,-419.88,-373.573,0.314608,-17.0831,-22.4492,-11.717,-16.3613,-38.1989,9.96054,3.90898e-12,,0,-3.74185,0.000182672,1,
steer_asym_sd_hz,flow,self,10,501.949,424.299,77.6498,66.1494,89.1502,1.18301,6.35777,4.20133,8.5142,6.08913,14.2164,17.4655,4.89764e-11,1.46929e-10,100,3.74185,0.000182672,-1,0.000249938
steer_asym_sd_hz,flow,shuffle,10,501.949,488.94,13.0084,1.25421,24.7626,1.02661,1.04093,0.106932,1.97493,0.996946,2.32759,17.735,0.0319866,,77,2.00321,0.0451546,-0.54,
steer_asym_sd_hz,flow,randmat,10,501.949,525.677,-23.7286,-36.2134,-11.2438,0.954861,-1.78573,-2.82233,-0.749135,-1.71028,-3.99302,17.999,0.000853061,,8,-3.13711,0.00170625,0.84,
steer_asym_sd_hz,flow,decorr,10,501.949,431.271,70.678,56.4192,84.9368,1.16388,4.67542,2.98202,6.36883,4.47787,10.4546,17.0727,7.69916e-09,,100,3.74185,0.000182672,-1,
steer_asym_sd_hz,flow,drive0.5,10,501.949,341.564,160.385,148.743,172.027,1.46956,12.9633,8.8515,17.0751,12.4156,28.9869,17.6295,2.53873e-16,,100,3.74185,0.000182672,-1,
steer_asym_sd_hz,flow,drive1.5,10,501.949,613.08,-111.131,-125.833,-96.4293,0.818733,-7.14127,-9.5216,-4.76095,-6.83953,-15.9684,16.7235,1.48536e-11,,0,-3.74185,0.000182672,1,
steer_asym_sd_hz,flow,synch,10,501.949,578.831,-76.8825,-100.743,-53.0222,0.867176,-3.13987,-4.44949,-1.83026,-3.0072,-7.02097,11.9935,1.39693e-05,,0,-3.74185,0.000182672,1,
steer_asym_sd_hz,self,shuffle,10,424.299,488.94,-64.6414,-75.3595,-53.9233,0.867793,-5.66773,-7.63071,-3.70475,-5.42825,-12.6734,17.9479,2.16497e-10,4.32994e-10,0,-3.74185,0.000182672,1,0.000249938
steer_asym_sd_hz,self,randmat,10,424.299,525.677,-101.378,-112.931,-89.8256,0.807147,-8.26451,-10.9715,-5.55752,-7.9153,-18.48,17.4223,6.90548e-13,,0,-3.74185,0.000182672,1,0.000249938
steer_asym_sd_hz,self,decorr,10,424.299,431.271,-6.9718,-20.4883,6.54473,0.983834,-0.490017,-1.3796,0.399562,-0.469313,-1.09571,15.6023,0.28983,0.28983,30,-1.47406,0.140465,0.4,0.294926
steer_asym_sd_hz,self,drive0.5,10,424.299,341.564,82.7353,72.1472,93.3234,1.24223,7.34223,4.9039,9.78056,7.032,16.4177,17.983,2.86403e-12,,100,3.74185,0.000182672,-1,0.000249938
steer_asym_sd_hz,self,drive1.5,10,424.299,613.08,-188.781,-202.777,-174.784,0.692078,-12.8427,-16.918,-8.7674,-12.3001,-28.7172,15.1865,1.18687e-14,,0,-3.74185,0.000182672,1,0.000249938
steer_asym_sd_hz,self,synch,10,424.299,578.831,-154.532,-178.069,-130.995,0.733027,-6.45307,-8.63652,-4.26962,-6.18041,-14.4295,11.1329,1.48802e-08,,0,-3.74185,0.000182672,1,0.000249938
steer_asym_sd_hz,shuffle,randmat,10,488.94,525.677,-36.737,-48.5418,-24.9322,0.930115,-2.92747,-4.18895,-1.66599,-2.80378,-6.54603,17.7031,4.07978e-06,,3,-3.51507,0.000439639,0.94,
steer_asym_sd_hz,shuffle,decorr,10,488.94,431.271,57.6696,43.9552,71.384,1.13372,3.98497,2.47059,5.49935,3.81659,8.91066,16.081,1.27992e-07,,100,3.74185,0.000182672,-1,
steer_asym_sd_hz,shuffle,drive0.5,10,488.94,341.564,147.377,136.501,158.253,1.43148,12.7322,8.69034,16.7741,12.1942,28.4701,17.9904,2.04761e-16,,100,3.74185,0.000182672,-1,
steer_asym_sd_hz,shuffle,drive1.5,10,488.94,613.08,-124.139,-138.323,-109.955,0.797515,-8.31149,-11.0323,-5.59072,-7.9603,-18.5851,15.6712,4.26611e-12,,0,-3.74185,0.000182672,1,
steer_asym_sd_hz,shuffle,synch,10,488.94,578.831,-89.8909,-113.513,-66.2692,0.844703,-3.73101,-5.18192,-2.28009,-3.57336,-8.34279,11.3676,3.51507e-06,,0,-3.74185,0.000182672,1,
steer_asym_sd_hz,randmat,decorr,10,525.677,431.271,94.4066,80.1105,108.703,1.2189,6.22733,4.10777,8.34689,5.9642,13.9247,17.1249,9.03865e-11,,100,3.74185,0.000182672,-1,
steer_asym_sd_hz,randmat,drive0.5,10,525.677,341.564,184.114,172.42,195.807,1.53903,14.8181,10.1431,19.4931,14.192,33.1344,17.5925,2.65574e-17,,100,3.74185,0.000182672,-1,
steer_asym_sd_hz,randmat,drive1.5,10,525.677,613.08,-87.4023,-102.14,-72.665,0.857437,-5.60139,-7.546,-3.65679,-5.36471,-12.5251,16.7817,6.12518e-10,,0,-3.74185,0.000182672,1,
steer_asym_sd_hz,randmat,synch,10,525.677,578.831,-53.1539,-77.031,-29.2768,0.90817,-2.16844,-3.27291,-1.06396,-2.07681,-4.84878,12.0355,0.000395721,,6,-3.28829,0.00100798,0.88,
steer_asym_sd_hz,decorr,drive0.5,10,431.271,341.564,89.7071,76.0805,103.334,1.26264,6.24516,4.12057,8.36976,5.98128,13.9646,15.877,2.46931e-10,,100,3.74185,0.000182672,-1,
steer_asym_sd_hz,decorr,drive1.5,10,431.271,613.08,-181.809,-197.961,-165.657,0.70345,-10.5776,-13.9708,-7.18449,-10.1307,-23.6523,17.9617,5.49089e-15,,0,-3.74185,0.000182672,1,
steer_asym_sd_hz,decorr,synch,10,431.271,578.831,-147.56,-172.135,-122.986,0.745072,-5.7753,-7.76816,-3.78243,-5.53127,-12.914,13.6051,5.0841e-09,,0,-3.74185,0.000182672,1,
steer_asym_sd_hz,drive0.5,drive1.5,10,341.564,613.08,-271.516,-285.617,-257.415,0.557128,-18.3065,-24.0469,-12.566,-17.533,-40.9345,15.4633,3.45311e-17,,0,-3.74185,0.000182672,1,
steer_asym_sd_hz,drive0.5,synch,10,341.564,578.831,-237.268,-260.852,-213.684,0.590092,-9.87443,-13.0575,-6.69131,-9.4572,-22.0799,11.264,1.25648e-10,,0,-3.74185,0.000182672,1,
steer_asym_sd_hz,drive1.5,synch,10,613.08,578.831,34.2484,9.48294,59.0139,1.05917,1.32664,0.358486,2.29478,1.27058,2.96645,13.9799,0.0102212,,83,2.45677,0.0140193,-0.66,
dn_rate_hz,rest,flow,10,1060.43,2071.6,-1011.17,-1022.27,-1000.06,0.511891,-88.4368,-115.857,-61.0165,-84.7001,-197.751,12.3555,5.27229e-23,,0,-3.74185,0.000182672,1,
dn_rate_hz,rest,self,10,1060.43,1930,-869.568,-876.41,-862.726,0.549447,-119.736,-156.853,-82.6199,-114.677,-267.738,17.3298,8.66352e-33,,0,-3.74326,0.000181651,1,0.000249938
dn_rate_hz,rest,shuffle,10,1060.43,2092.83,-1032.4,-1038.73,-1026.07,0.506697,-153.29,-200.802,-105.778,-146.813,-342.766,17.9221,1.1688e-35,,0,-3.74185,0.000182672,1,
dn_rate_hz,rest,randmat,10,1060.43,2071.87,-1011.44,-1021.9,-1000.97,0.511824,-93.5482,-122.552,-64.5446,-89.5955,-209.18,12.798,5.31691e-24,,0,-3.74185,0.000182672,1,
dn_rate_hz,rest,decorr,10,1060.43,2075.7,-1015.27,-1032.18,-998.354,0.51088,-59.5029,-77.9636,-41.0423,-56.9887,-133.053,10.404,3.75716e-18,,0,-3.74326,0.000181651,1,
dn_rate_hz,rest,drive0.5,10,1060.43,1572.47,-512.035,-523.296,-500.774,0.674375,-44.2006,-57.9262,-30.4749,-42.3329,-98.8355,12.2597,3.63875e-19,,0,-3.74185,0.000182672,1,
dn_rate_hz,rest,drive1.5,10,1060.43,2523.1,-1462.67,-1473.98,-1451.35,0.42029,-125.72,-164.691,-86.7501,-120.408,-281.119,12.2288,1.1238e-24,,0,-3.74326,0.000181651,1,
dn_rate_hz,rest,synch,10,1060.43,2046.3,-985.867,-1048.72,-923.018,0.51822,-15.8429,-20.8302,-10.8556,-15.1735,-35.4258,9.09902,4.60483e-11,,0,-3.74185,0.000182672,1,
dn_rate_hz,flow,self,10,2071.6,1930,141.599,130.189,153.009,1.07337,11.9204,8.12375,15.7171,11.4167,26.6549,13.7879,2.93479e-13,5.86959e-13,100,3.74326,0.000181651,-1,0.000249938
dn_rate_hz,flow,shuffle,10,2071.6,2092.83,-21.233,-32.4242,-10.0418,0.989854,-1.83616,-2.88119,-0.791139,-1.75858,-4.10579,12.7878,0.00128126,,10,-2.98592,0.00282727,0.8,
dn_rate_hz,flow,randmat,10,2071.6,2071.87,-0.269,-13.7343,13.1963,0.99987,-0.0187759,-0.895318,0.857766,-0.0179826,-0.0419842,17.9186,0.966976,,47,-0.188982,0.850107,0.06,
dn_rate_hz,flow,decorr,10,2071.6,2075.7,-4.1,-22.6403,14.4403,0.998025,-0.210467,-1.08941,0.668479,-0.201574,-0.470619,15.2718,0.644564,,44,-0.415917,0.677471,0.12,
dn_rate_hz,flow,drive0.5,10,2071.6,1572.47,499.132,485.115,513.149,1.31742,33.4575,23.0521,43.8629,32.0438,74.8132,17.9956,6.71036e-24,,100,3.74185,0.000182672,-1,
dn_rate_hz,flow,drive1.5,10,2071.6,2523.1,-451.499,-465.553,-437.445,0.821054,-30.1861,-39.5816,-20.7905,-28.9106,-67.4981,17.9923,4.28065e-23,,0,-3.74326,0.000181651,1,
dn_rate_hz,flow,synch,10,2071.6,2046.3,25.3,-37.8497,88.4497,1.01236,0.402011,-0.483321,1.28734,0.385024,0.898923,9.5116,0.390882,,69,1.39847,0.161972,-0.38,
dn_rate_hz,self,shuffle,10,1930,2092.83,-162.832,-169.855,-155.809,0.922195,-21.8117,-28.6277,-14.9957,-20.8901,-48.7724,17.6896,2.61581e-20,7.84744e-20,0,-3.74326,0.000181651,1,0.000249938
dn_rate_hz,self,randmat,10,1930,2071.87,-141.868,-152.664,-131.072,0.931527,-12.5754,-16.5699,-8.58096,-12.0441,-28.1195,14.3528,5.86948e-14,,0,-3.74326,0.000181651,1,0.000249938
dn_rate_hz,self,decorr,10,1930,2075.7,-145.699,-162.776,-128.622,0.929807,-8.39099,-11.1351,-5.64689,-8.03644,-18.7628,11.0759,9.59308e-10,9.59308e-10,0,-3.74466,0.000180635,1,0.000249938
dn_rate_hz,self,drive0.5,10,1930,1572.47,357.533,345.973,369.093,1.22737,29.7357,20.4791,38.9923,28.4793,66.4911,13.6627,1.4828e-18,,100,3.74326,0.000181651,-1,0.000249938
dn_rate_hz,self,drive1.5,10,1930,2523.1,-593.098,-604.707,-581.489,0.764933,-49.1309,-64.3816,-33.8801,-47.0549,-109.86,13.6221,1.77267e-21,,0,-3.74466,0.000180635,1,0.000249938
dn_rate_hz,self,synch,10,1930,2046.3,-116.299,-179.182,-53.4156,0.943166,-1.86643,-2.91659,-0.816267,-1.78757,-4.17346,9.14749,0.00231549,,6,-3.28953,0.00100356,0.88,0.000249938
dn_rate_hz,shuffle,randmat,10,2092.83,2071.87,20.964,10.4075,31.5205,1.01012,1.91464,0.856177,2.97311,1.83374,4.28127,13.2737,0.000853936,,93,3.2127,0.00131494,-0.86,
dn_rate_hz,shuffle,decorr,10,2092.83,2075.7,17.133,0.174003,34.092,1.00825,0.999017,0.0694262,1.92861,0.956805,2.23387,10.5992,0.0480772,,79,2.15521,0.0311456,-0.58,
dn_rate_hz,shuffle,drive0.5,10,2092.83,1572.47,520.365,509.02,531.71,1.33092,44.4275,30.6316,58.2233,42.5503,99.3429,12.6819,1.0144e-19,,100,3.74185,0.000182672,-1,
dn_rate_hz,shuffle,drive1.5,10,2092.83,2523.1,-430.266,-441.662,-418.87,0.829469,-36.5808,-47.951,-25.2107,-35.0352,-81.7973,12.6478,1.30211e-18,,0,-3.74326,0.000181651,1,
dn_rate_hz,shuffle,synch,10,2092.83,2046.3,46.533,-16.3262,109.392,1.02274,0.747498,-0.159118,1.65411,0.715913,1.67146,9.11299,0.128547,,75,1.85203,0.0640221,-0.5,
dn_rate_hz,randmat,decorr,10,2071.87,2075.7,-3.831,-22.0943,14.4323,0.998154,-0.200344,-1.07906,0.678375,-0.191879,-0.447983,14.6694,0.660711,,46,-0.264675,0.79126,0.08,
dn_rate_hz,randmat,drive0.5,10,2071.87,1572.47,499.401,485.82,512.982,1.31759,34.567,23.819,45.3151,33.1065,77.2943,17.8772,4.98576e-24,,100,3.74185,0.000182672,-1,
dn_rate_hz,randmat,drive1.5,10,2071.87,2523.1,-451.23,-464.849,-437.611,0.82116,-31.1464,-40.8383,-21.4545,-29.8304,-69.6455,17.8618,3.30937e-23,,0,-3.74326,0.000181651,1,
dn_rate_hz,randmat,synch,10,2071.87,2046.3,25.569,-37.5321,88.6701,1.0125,0.406996,-0.478554,1.29255,0.389799,0.910072,9.44708,0.385416,,69,1.39847,0.161972,-0.38,
dn_rate_hz,decorr,drive0.5,10,2075.7,1572.47,503.232,484.622,521.842,1.32003,25.7155,17.6982,33.7327,24.6289,57.5015,15.4119,2.0885e-19,,100,3.74326,0.000181651,-1,
dn_rate_hz,decorr,drive1.5,10,2075.7,2523.1,-447.399,-466.033,-428.765,0.822679,-22.8278,-29.9562,-15.6995,-21.8633,-51.0446,15.4578,1.1783e-18,,0,-3.74466,0.000180635,1,
dn_rate_hz,decorr,synch,10,2075.7,2046.3,29.4,-34.3523,93.1523,1.01437,0.457977,-0.429961,1.34592,0.438626,1.02407,10.2555,0.329352,,71,1.55024,0.121085,-0.42,
dn_rate_hz,drive0.5,drive1.5,10,1572.47,2523.1,-950.631,-964.793,-936.469,0.623229,-63.0701,-82.635,-43.5052,-60.4052,-141.029,17.9995,7.50642e-29,,0,-3.74326,0.000181651,1,
dn_rate_hz,drive0.5,synch,10,1572.47,2046.3,-473.832,-536.994,-410.67,0.768445,-7.52578,-10.0173,-5.03429,-7.20779,-16.8282,9.52776,2.09384e-08,,0,-3.74185,0.000182672,1,
dn_rate_hz,drive1.5,synch,10,2523.1,2046.3,476.799,413.633,539.965,1.23301,7.5718,5.06695,10.0766,7.25186,16.9311,9.53317,1.96542e-08,,100,3.74326,0.000181651,-1,
