metric,arm_a,arm_b,n_per_arm,mean_a,mean_b,diff_a_minus_b,diff_ci95_lo,diff_ci95_hi,ratio_a_over_b,cohens_d,d_ci95_lo,d_ci95_hi,hedges_g,welch_t,welch_df,p_welch_two_sided,p_holm_self_family,mannwhitney_U,mw_z,p_mannwhitney_two_sided,rank_biserial,p_perm_two_sided
pool_rate_hz,rest,flow,10,21.5495,50.6251,-29.0756,-29.1198,-29.0314,0.425669,-623.596,-816.849,-430.343,-597.247,-1394.4,15.8969,7.19579e-42,,0,-3.74185,0.000182672,1,
pool_rate_hz,rest,self,10,21.5495,50.6779,-29.1284,-29.1815,-29.0753,0.425225,-526.624,-689.826,-363.422,-504.373,-1177.57,13.8444,5.10045e-36,,0,-3.74185,0.000182672,1,0.000249938
pool_rate_hz,rest,shuffle,10,21.5495,50.6493,-29.0997,-29.1473,-29.0521,0.425466,-582.887,-763.524,-402.249,-558.258,-1303.37,15.0246,2.20889e-39,,0,-3.74185,0.000182672,1,
pool_rate_hz,rest,randmat,10,21.5495,50.6898,-29.1403,-29.176,-29.1046,0.425125,-766.691,-1004.29,-529.094,-734.296,-1714.37,17.9676,2.68959e-48,,0,-3.74185,0.000182672,1,
pool_rate_hz,rest,decorr,10,21.5495,50.5686,-29.0191,-29.0676,-28.9706,0.426144,-570.869,-747.782,-393.956,-546.748,-1276.5,14.8033,9.83129e-39,,0,-3.74185,0.000182672,1,
pool_rate_hz,rest,conf25,10,21.5495,50.6463,-29.0968,-29.1364,-29.0571,0.425491,-691.798,-906.186,-477.409,-662.567,-1546.91,17.1828,1.21717e-45,,0,-3.74185,0.000182672,1,
pool_rate_hz,rest,conf50,10,21.5495,50.5508,-29.0013,-29.0493,-28.9532,0.426295,-575.426,-753.751,-397.101,-551.112,-1286.69,14.9076,5.00526e-39,,0,-3.74185,0.000182672,1,
pool_rate_hz,rest,conf75,10,21.5495,50.5609,-29.0114,-29.0851,-28.9377,0.426209,-385.533,-505.012,-266.054,-369.243,-862.077,11.4568,6.27636e-29,,0,-3.74185,0.000182672,1,
pool_rate_hz,flow,self,10,50.6251,50.6779,-0.05279,-0.111311,0.00573076,0.998958,-0.850777,-1.76609,0.0645399,-0.814829,-1.9024,17.0959,0.0741029,0.148206,28,-1.62525,0.10411,0.44,0.0769808
pool_rate_hz,flow,shuffle,10,50.6251,50.6493,-0.02412,-0.0779915,0.0297515,0.999524,-0.420955,-1.30713,0.465222,-0.403169,-0.941285,17.8323,0.359137,,35,-1.0961,0.273036,0.3,
pool_rate_hz,flow,randmat,10,50.6251,50.6898,-0.06468,-0.109443,-0.0199168,0.998724,-1.36804,-2.34171,-0.394374,-1.31024,-3.05903,16.2681,0.00738415,,16,-2.53236,0.0113297,0.68,
pool_rate_hz,flow,decorr,10,50.6251,50.5686,0.05654,0.00190074,0.111179,1.00112,0.973275,0.0463105,1.90024,0.932151,2.17631,17.7381,0.0432997,,76,1.92762,0.0539026,-0.52,
pool_rate_hz,flow,conf25,10,50.6251,50.6463,-0.02115,-0.0687715,0.0264715,0.999582,-0.418034,-1.30408,0.46801,-0.400371,-0.934753,17.5605,0.362592,,39,-0.793725,0.427355,0.22,
pool_rate_hz,flow,conf50,10,50.6251,50.5508,0.07434,0.0200676,0.128612,1.00147,1.28808,0.324948,2.25122,1.23366,2.88024,17.7851,0.0100483,,80,2.22999,0.0257481,-0.6,
pool_rate_hz,flow,conf75,10,50.6251,50.5609,0.06424,-0.0128498,0.14133,1.00127,0.799677,-0.111205,1.71056,0.765887,1.78813,13.9293,0.0955206,,67,1.24728,0.212294,-0.34,
pool_rate_hz,self,shuffle,10,50.6779,50.6493,0.02867,-0.0320723,0.0894123,1.00057,0.444056,-0.443203,1.33132,0.425293,0.99294,17.673,0.334141,0.334141,60,0.718132,0.472676,-0.2,0.335916
pool_rate_hz,self,randmat,10,50.6779,50.6898,-0.01189,-0.0654029,0.0416229,0.999765,-0.21284,-1.09184,0.666161,-0.203847,-0.475924,14.1986,0.641368,,44.5,-0.378107,0.705351,0.11,0.645089
pool_rate_hz,self,decorr,10,50.6779,50.5686,0.10933,0.0479502,0.17071,1.00216,1.67505,0.656347,2.69375,1.60427,3.74552,17.7786,0.0015076,0.00452281,87,2.75914,0.00579536,-0.74,0.00274931
pool_rate_hz,self,conf25,10,50.6779,50.6463,0.03164,-0.0240678,0.0873478,1.00062,0.539054,-0.353246,1.43135,0.516277,1.20536,15.7856,0.245823,,61,0.793725,0.427355,-0.22,0.237691
pool_rate_hz,self,conf50,10,50.6779,50.5508,0.12713,0.0660553,0.188205,1.00251,1.95787,0.891838,3.0239,1.87514,4.37793,17.7311,0.000374604,,91,3.06151,0.00220222,-0.82,0.000249938
pool_rate_hz,self,conf75,10,50.6779,50.5609,0.11703,0.0358091,0.198251,1.00231,1.36611,0.392707,2.33952,1.30839,3.05472,15.9882,0.0075687,,81,2.30558,0.0211339,-0.62,0.007998
pool_rate_hz,shuffle,randmat,10,50.6493,50.6898,-0.04056,-0.0886196,0.00749961,0.9992,-0.802621,-1.71375,0.108509,-0.768707,-1.79472,15.4066,0.0923411,,25,-1.85203,0.0640221,0.5,
pool_rate_hz,shuffle,decorr,10,50.6493,50.5686,0.08066,0.0235592,0.137761,1.0016,1.32727,0.359041,2.29551,1.27119,2.96787,17.9889,0.00824491,,86,2.68355,0.00728456,-0.72,
pool_rate_hz,shuffle,conf25,10,50.6493,50.6463,0.00297,-0.0476651,0.0536051,1.00006,0.0553605,-0.82133,0.932051,0.0530213,0.12379,16.9306,0.902939,,46,-0.264575,0.791337,0.08,
pool_rate_hz,shuffle,conf50,10,50.6493,50.5508,0.09846,0.0417013,0.155219,1.00195,1.62989,0.618247,2.64153,1.56102,3.64454,17.9969,0.00185447,,93,3.2127,0.00131494,-0.86,
pool_rate_hz,shuffle,conf75,10,50.6493,50.5609,0.08836,0.00981044,0.16691,1.00175,1.07376,0.136199,2.01132,1.02839,2.401,14.7641,0.0299993,,77,2.00321,0.0451546,-0.54,
pool_rate_hz,randmat,decorr,10,50.6898,50.5686,0.12122,0.0722446,0.170195,1.0024,2.35684,1.2159,3.49778,2.25726,5.27005,15.1833,9.05673e-05,,96,3.43948,0.00058284,-0.92,
pool_rate_hz,randmat,conf25,10,50.6898,50.6463,0.04353,0.00324202,0.083818,1.00086,1.01746,0.085949,1.94897,0.974468,2.27511,17.4518,0.035775,,82,2.38118,0.0172575,-0.64,
pool_rate_hz,randmat,conf50,10,50.6898,50.5508,0.13902,0.0904813,0.187559,1.00275,2.72562,1.50835,3.94289,2.61045,6.09467,15.2887,1.88843e-05,,98,3.59066,0.000329839,-0.96,
pool_rate_hz,randmat,conf75,10,50.6898,50.5609,0.12892,0.0549652,0.202875,1.00255,1.70401,0.680708,2.72731,1.63201,3.81028,11.6654,0.00260801,,88,2.83473,0.00458639,-0.76,
pool_rate_hz,decorr,conf25,10,50.5686,50.6463,-0.07769,-0.12917,-0.02621,0.998466,-1.42561,-2.40718,-0.444046,-1.36538,-3.18777,16.7394,0.00547011,,17,-2.45677,0.0140193,0.66,
pool_rate_hz,decorr,conf50,10,50.5686,50.5508,0.0178,-0.0396669,0.0752669,1.00035,0.291026,-0.590125,1.17218,0.278729,0.650753,17.9975,0.523428,,56,0.415761,0.677585,-0.12,
pool_rate_hz,decorr,conf75,10,50.5686,50.5609,0.0077,-0.0712762,0.0866762,1.00015,0.0929442,-0.784051,0.96994,0.089017,0.20783,14.985,0.83816,,51,0.0377964,0.96985,-0.02,
pool_rate_hz,conf25,conf50,10,50.6463,50.5508,0.09549,0.0444133,0.146567,1.00189,1.76533,0.732096,2.79857,1.69074,3.94741,16.831,0.00105693,,89,2.91033,0.00361051,-0.78,
pool_rate_hz,conf25,conf75,10,50.6463,50.5609,0.08539,0.010087,0.160693,1.00169,1.09796,0.157716,2.03821,1.05157,2.45512,12.7263,0.0292863,,79,2.1544,0.031209,-0.58,
pool_rate_hz,conf50,conf75,10,50.5508,50.5609,-0.0101,-0.0888716,0.0686716,0.9998,-0.122305,-0.999647,0.755036,-0.117138,-0.273483,14.8804,0.788241,,47,-0.188982,0.850107,0.06,
injected_events,rest,flow,10,0,702501,-702501,-703611,-701391,0,-640.36,-838.809,-441.912,-613.303,-1431.89,9,2.01223e-25,,0,-3.99806,6.38644e-05,1,
injected_events,rest,self,10,0,702809,-702809,-703691,-701926,0,-805.325,-1054.89,-555.755,-771.297,-1800.76,9,2.55718e-26,,0,-3.99806,6.38644e-05,1,0.000249938
injected_events,rest,shuffle,10,0,702607,-702607,-703149,-702066,0,-1313.18,-1720.13,-906.228,-1257.69,-2936.36,9,3.1375e-28,,0,-3.99806,6.38644e-05,1,
injected_events,rest,randmat,10,0,702536,-702536,-703075,-701998,0,-1319.81,-1728.82,-910.805,-1264.05,-2951.19,9,2.99842e-28,,0,-3.99806,6.38644e-05,1,
injected_events,rest,decorr,10,0,702837,-702837,-703380,-702295,0,-1310.68,-1716.86,-904.505,-1255.3,-2930.78,9,3.19172e-28,,0,-3.99806,6.38644e-05,1,
injected_events,rest,conf25,10,0,702573,-702573,-703289,-701858,0,-993.313,-1301.14,-685.487,-951.342,-2221.12,9,3.87014e-27,,0,-3.99806,6.38644e-05,1,
injected_events,rest,conf50,10,0,702564,-702564,-703057,-702071,0,-1441.6,-1888.35,-994.851,-1380.69,-3223.51,9,1.35488e-28,,0,-3.99806,6.38644e-05,1,
injected_events,rest,conf75,10,0,702359,-702359,-703253,-701465,0,-795.019,-1041.39,-548.643,-761.427,-1777.72,9,2.87146e-26,,0,-3.99806,6.38644e-05,1,
injected_events,flow,self,10,702501,702809,-307.3,-1629.19,1014.59,0.999563,-0.219215,-1.09837,0.659937,-0.209952,-0.490179,17.1336,0.630225,1,42,-0.566947,0.57075,0.16,0.622344
injected_events,flow,shuffle,10,702501,702607,-106.1,-1284.86,1072.66,0.999849,-0.0869273,-0.963864,0.790009,-0.0832543,-0.194375,13.0523,0.848875,,46,-0.264575,0.791337,0.08,
injected_events,flow,randmat,10,702501,702536,-34.9,-1212.84,1143.04,0.99995,-0.0286216,-0.905189,0.847946,-0.0274122,-0.0639997,13.0152,0.949943,,47,-0.188982,0.850107,0.06,
injected_events,flow,decorr,10,702501,702837,-336.1,-1515.22,843.019,0.999522,-0.275247,-1.15591,0.605416,-0.263617,-0.615471,13.0685,0.548813,,40,-0.718132,0.472676,0.2,
injected_events,flow,conf25,10,702501,702573,-72.1,-1313.65,1169.45,0.999897,-0.0552369,-0.931927,0.821453,-0.0529029,-0.123513,15.3799,0.9033,,47,-0.188982,0.850107,0.06,
injected_events,flow,conf50,10,702501,702564,-62.9,-1228.22,1102.42,0.99991,-0.0523983,-0.929071,0.824275,-0.0501843,-0.117166,12.4191,0.908602,,48,-0.113389,0.909722,0.04,
injected_events,flow,conf75,10,702501,702359,142.4,-1185.33,1470.13,1.0002,0.101098,-0.775985,0.97818,0.096826,0.226061,17.2173,0.823816,,51,0.0377964,0.96985,-0.02,
injected_events,self,shuffle,10,702809,702607,201.2,-774.975,1177.37,1.00029,0.19655,-0.682087,1.07519,0.188245,0.439498,14.9282,0.666596,1,58,0.566947,0.57075,-0.16,0.664334
injected_events,self,randmat,10,702809,702536,272.4,-702.673,1247.47,1.00039,0.266477,-0.613928,1.14688,0.255217,0.59586,14.8824,0.560223,,63,0.944911,0.344704,-0.26,0.563109
injected_events,self,decorr,10,702809,702837,-28.8,-1005.46,947.857,0.999959,-0.0281172,-0.904683,0.848449,-0.0269291,-0.0628719,14.9481,0.950702,1,54,0.264575,0.791337,-0.08,0.951762
injected_events,self,conf25,10,702809,702573,235.2,-823.498,1293.9,1.00033,0.209376,-0.669545,1.0883,0.200529,0.468179,17.2598,0.645514,,60,0.718132,0.472676,-0.2,0.648588
injected_events,self,conf50,10,702809,702564,244.4,-713.618,1202.42,1.00035,0.244508,-0.635284,1.1243,0.234176,0.546736,14.1158,0.593098,,61,0.793725,0.427355,-0.22,0.593852
injected_events,self,conf75,10,702809,702359,449.7,-717.068,1616.47,1.00064,0.362133,-0.521545,1.24581,0.346831,0.809753,17.9973,0.428659,,59,0.64254,0.520523,-0.18,0.415646
injected_events,shuffle,randmat,10,702607,702536,71.2,-637.914,780.314,1.0001,0.0943387,-0.782671,0.971349,0.0903526,0.210948,17.9995,0.835298,,53,0.188982,0.850107,-0.06,
injected_events,shuffle,decorr,10,702607,702837,-230,-941.727,481.727,0.999673,-0.303626,-1.18518,0.577932,-0.290797,-0.678929,17.9999,0.505819,,42,-0.566947,0.57075,0.16,
injected_events,shuffle,conf25,10,702607,702573,34,-803.717,871.717,1.00005,0.0383368,-0.838266,0.91494,0.036717,0.0857238,16.7593,0.932702,,49,-0.0377964,0.96985,0.02,
injected_events,shuffle,conf50,10,702607,702564,43.2,-637.208,723.608,1.00006,0.059691,-0.817027,0.936409,0.0571689,0.133473,17.8453,0.895313,,51,0.0377964,0.96985,-0.02,
injected_events,shuffle,conf75,10,702607,702359,248.5,-737.061,1234.06,1.00035,0.240599,-0.639089,1.12029,0.230433,0.537997,14.8193,0.598567,,51.5,0.0756213,0.93972,-0.03,
injected_events,randmat,decorr,10,702536,702837,-301.2,-1011.11,408.712,0.999571,-0.398637,-1.28382,0.486549,-0.381793,-0.891379,17.999,0.384487,,36,-1.0205,0.307489,0.28,
injected_events,randmat,conf25,10,702536,702573,-37.2,-873.514,799.114,0.999947,-0.0420233,-0.918643,0.834596,-0.0402477,-0.0939669,16.7187,0.926252,,46,-0.264575,0.791337,0.08,
injected_events,randmat,conf50,10,702536,702564,-28,-706.459,650.459,0.99996,-0.0387972,-0.915402,0.837808,-0.0371579,-0.0867531,17.8617,0.931833,,45,-0.340168,0.73373,0.1,
injected_events,randmat,conf75,10,702536,702359,177.3,-807.176,1161.78,1.00025,0.171899,-0.706241,1.05004,0.164636,0.384378,14.7737,0.706175,,58,0.566947,0.57075,-0.16,
injected_events,decorr,conf25,10,702837,702573,264,-574.331,1102.33,1.00038,0.297432,-0.583923,1.17879,0.284865,0.665079,16.7768,0.51504,,56,0.415761,0.677585,-0.12,
injected_events,decorr,conf50,10,702837,702564,273.2,-408.06,954.46,1.00039,0.37703,-0.507246,1.26131,0.361099,0.843064,17.838,0.410355,,60,0.718132,0.472676,-0.2,
injected_events,decorr,conf75,10,702837,702359,478.5,-507.536,1464.54,1.00068,0.463009,-0.42518,1.3512,0.443445,1.03532,14.8391,0.317098,,63,0.944911,0.344704,-0.26,
injected_events,conf25,conf50,10,702573,702564,9.2,-805.233,823.633,1.00001,0.0107108,-0.865818,0.88724,0.0102582,0.0239501,15.9738,0.981189,,49,-0.0377964,0.96985,0.02,
injected_events,conf25,conf75,10,702573,702359,214.5,-852.467,1281.47,1.00031,0.189537,-0.688952,1.06803,0.181528,0.423817,17.1778,0.676959,,56,0.415761,0.677585,-0.12,
injected_events,conf50,conf75,10,702564,702359,205.3,-762.382,1172.98,1.00029,0.203478,-0.67531,1.08227,0.19488,0.45499,14.0134,0.656086,,54,0.264575,0.791337,-0.08,
cx_rate_hz,rest,flow,10,0.252298,4.06395,-3.81165,-3.85769,-3.76562,0.062082,-83.7283,-109.69,-57.7663,-80.1904,-187.222,9.02621,1.63398e-17,,0,-3.74185,0.000182672,1,
cx_rate_hz,rest,self,10,0.252298,4.13276,-3.88046,-3.93074,-3.83017,0.0610484,-78.04,-102.24,-53.8397,-74.7425,-174.503,9.02197,3.13068e-17,,0,-3.74185,0.000182672,1,0.000249938
cx_rate_hz,rest,shuffle,10,0.252298,4.12162,-3.86932,-3.9368,-3.80184,0.0612134,-57.9945,-75.9882,-40.0008,-55.544,-129.68,9.01219,4.70432e-16,,0,-3.74185,0.000182672,1,
cx_rate_hz,rest,randmat,10,0.252298,4.12308,-3.87078,-3.91354,-3.82802,0.0611917,-91.5293,-119.908,-63.1511,-87.6619,-204.666,9.03038,7.19915e-18,,0,-3.74185,0.000182672,1,
cx_rate_hz,rest,decorr,10,0.252298,4.17123,-3.91893,-3.98009,-3.85777,0.0604853,-64.8108,-84.9147,-44.707,-62.0724,-144.921,9.01485,1.71316e-16,,0,-3.74185,0.000182672,1,
cx_rate_hz,rest,conf25,10,0.252298,4.0258,-3.7735,-3.81065,-3.73634,0.0626704,-102.68,-134.512,-70.8474,-98.3411,-229.599,9.04025,2.45388e-18,,0,-3.74185,0.000182672,1,
cx_rate_hz,rest,conf50,10,0.252298,3.99514,-3.74285,-3.78693,-3.69877,0.0631512,-85.8627,-112.486,-59.2396,-82.2347,-191.995,9.02859,1.29049e-17,,0,-3.74185,0.000182672,1,
cx_rate_hz,rest,conf75,10,0.252298,4.02782,-3.77552,-3.84267,-3.70838,0.0626389,-56.8727,-74.5192,-39.2262,-54.4696,-127.171,9.01232,5.60704e-16,,0,-3.74185,0.000182672,1,
cx_rate_hz,flow,self,10,4.06395,4.13276,-0.068805,-0.13214,-0.00547031,0.983351,-1.02128,-1.95319,-0.0893692,-0.978128,-2.28365,17.8613,0.0348592,0.104578,23,-2.00321,0.0451546,0.54,0.0354911
cx_rate_hz,flow,shuffle,10,4.06395,4.12162,-0.057666,-0.13425,0.0189184,0.986009,-0.714281,-1.61832,0.189759,-0.6841,-1.59718,15.884,0.129926,,32,-1.32288,0.185877,0.36,
cx_rate_hz,flow,randmat,10,4.06395,4.12308,-0.059129,-0.117487,-0.000771239,0.985659,-0.952348,-1.87722,-0.0274734,-0.912108,-2.12952,17.9028,0.0473477,,24,-1.92762,0.0539026,0.52,
cx_rate_hz,flow,decorr,10,4.06395,4.17123,-0.107279,-0.178748,-0.0358103,0.974281,-1.41812,-2.39865,-0.437599,-1.3582,-3.17102,16.7193,0.00567608,,12,-2.83473,0.00458639,0.76,
cx_rate_hz,flow,conf25,10,4.06395,4.0258,0.038155,-0.0169433,0.0932533,1.00948,0.652724,-0.246836,1.55228,0.625144,1.45953,17.231,0.162409,,66,1.17169,0.241322,-0.32,
cx_rate_hz,flow,conf50,10,4.06395,3.99514,0.068806,0.00962359,0.127988,1.01722,1.09249,0.152854,2.03212,1.04633,2.44288,17.9661,0.0251314,,76,1.92762,0.0539026,-0.52,
cx_rate_hz,flow,conf75,10,4.06395,4.02782,0.036129,-0.0401769,0.112435,1.00897,0.449043,-0.438457,1.33654,0.430069,1.00409,15.9283,0.330346,,58,0.566947,0.57075,-0.16,
cx_rate_hz,self,shuffle,10,4.13276,4.12162,0.011139,-0.0674685,0.0897465,1.0027,0.133925,-0.74358,1.01143,0.128266,0.299465,16.6385,0.768294,0.768294,59,0.64254,0.520523,-0.18,0.75806
cx_rate_hz,self,randmat,10,4.13276,4.12308,0.009676,-0.0517249,0.0710769,1.00235,0.148338,-0.72939,1.02606,0.14207,0.331693,17.5465,0.74405,,55,0.340168,0.73373,-0.1,0.744564
cx_rate_hz,self,decorr,10,4.13276,4.17123,-0.038474,-0.11219,0.0352422,0.990776,-0.491694,-1.38136,0.397975,-0.470918,-1.09946,17.3514,0.286588,0.573177,35,-1.0961,0.273036,0.3,0.28193
cx_rate_hz,self,conf25,10,4.13276,4.0258,0.10696,0.0485504,0.16537,1.02657,1.73125,0.703563,2.75893,1.6581,3.87118,16.5687,0.00127819,,91,3.06151,0.00220222,-0.82,0.00149963
cx_rate_hz,self,conf50,10,4.13276,3.99514,0.137611,0.0754478,0.199774,1.03444,2.08248,0.994003,3.17095,1.99448,4.65656,17.696,0.000204701,,94,3.28829,0.00100798,-0.88,0.000749813
cx_rate_hz,self,conf75,10,4.13276,4.02782,0.104934,0.0265936,0.183274,1.02605,1.26569,0.30541,2.22597,1.21221,2.83017,16.6788,0.0117062,,81,2.30558,0.0211339,-0.62,0.0112472
cx_rate_hz,shuffle,randmat,10,4.12162,4.12308,-0.001463,-0.0766279,0.0737019,0.999645,-0.0185297,-0.895071,0.858012,-0.0177467,-0.0414336,15.2223,0.967489,,47,-0.188982,0.850107,0.06,
cx_rate_hz,shuffle,decorr,10,4.12162,4.17123,-0.049613,-0.134241,0.0350145,0.988106,-0.5512,-1.44421,0.341812,-0.527909,-1.23252,17.8283,0.233762,,31,-1.39847,0.161972,0.38,
cx_rate_hz,shuffle,conf25,10,4.12162,4.0258,0.095821,0.0227951,0.168847,1.0238,1.25863,0.299243,2.21802,1.20545,2.81439,13.9945,0.0137885,,82,2.38118,0.0172575,-0.64,
cx_rate_hz,shuffle,conf50,10,4.12162,3.99514,0.126472,0.0507509,0.202193,1.03166,1.58767,0.582497,2.59284,1.52058,3.55014,15.4953,0.00278284,,86,2.68355,0.00728456,-0.72,
cx_rate_hz,shuffle,conf75,10,4.12162,4.02782,0.093795,0.0053942,0.182196,1.02329,0.996894,0.0675223,1.92627,0.954772,2.22912,17.9995,0.0387857,,71,1.54965,0.121225,-0.42,
cx_rate_hz,randmat,decorr,10,4.12308,4.17123,-0.04815,-0.118031,0.0217308,0.988457,-0.652903,-1.55247,0.24667,-0.625315,-1.45993,16.101,0.163545,,35,-1.0961,0.273036,0.3,
cx_rate_hz,randmat,conf25,10,4.12308,4.0258,0.097284,0.04462,0.149948,1.02417,1.73805,0.70926,2.76683,1.66461,3.88639,17.6551,0.00111578,,90,2.98592,0.00282727,-0.8,
cx_rate_hz,randmat,conf50,10,4.12308,3.99514,0.127935,0.0709145,0.184956,1.03202,2.1082,1.01498,3.20142,2.01912,4.71408,17.9834,0.000173435,,93,3.2127,0.00131494,-0.86,
cx_rate_hz,randmat,conf75,10,4.12308,4.02782,0.095258,0.0203799,0.170136,1.02365,1.21081,0.257347,2.16427,1.15965,2.70745,15.2673,0.0160227,,81,2.30558,0.0211339,-0.62,
cx_rate_hz,decorr,conf25,10,4.17123,4.0258,0.145434,0.0779644,0.212904,1.03613,2.05658,0.972842,3.14031,1.96968,4.59864,14.8444,0.000357075,,94,3.28829,0.00100798,-0.88,
cx_rate_hz,decorr,conf50,10,4.17123,3.99514,0.176085,0.105581,0.246589,1.04407,2.36352,1.22125,3.50578,2.26365,5.28498,16.3621,6.87452e-05,,99,3.66626,0.000246128,-0.98,
cx_rate_hz,decorr,conf75,10,4.17123,4.02782,0.143408,0.0590182,0.227798,1.0356,1.59764,0.590951,2.60433,1.53013,3.57243,17.8451,0.00220107,,90.5,3.02485,0.00248754,-0.81,
cx_rate_hz,conf25,conf50,10,4.0258,3.99514,0.030651,-0.022979,0.084281,1.00767,0.538091,-0.354153,1.43033,0.515354,1.20321,17.498,0.244923,,66,1.17169,0.241322,-0.32,
cx_rate_hz,conf25,conf75,10,4.0258,4.02782,-0.002026,-0.0747517,0.0706997,0.999497,-0.0267144,-0.903276,0.849847,-0.0255856,-0.0597352,14.0362,0.953209,,48.5,-0.0756213,0.93972,0.03,
cx_rate_hz,conf50,conf75,10,3.99514,4.02782,-0.032677,-0.108115,0.0427606,0.991887,-0.411653,-1.29741,0.474105,-0.394259,-0.920483,15.5403,0.371389,,40,-0.718132,0.472676,0.2,
cx_active_fraction,rest,flow,10,0.0135005,0.219817,-0.206316,-0.209093,-0.20354,0.0614169,-74.9392,-98.1792,-51.6992,-71.7727,-167.569,9.1859,2.51381e-17,,0,-3.76887,0.000163991,1,
cx_active_fraction,rest,self,10,0.0135005,0.221842,-0.208341,-0.210311,-0.206372,0.0608563,-106.394,-139.377,-73.411,-101.898,-237.904,9.37109,4.87604e-19,,0,-3.7703,0.000163049,1,0.000249938
cx_active_fraction,rest,shuffle,10,0.0135005,0.221842,-0.208341,-0.211913,-0.204769,0.0608563,-58.8967,-77.1697,-40.6238,-56.4082,-131.697,9.11216,2.93419e-16,,0,-3.76743,0.000164937,1,
cx_active_fraction,rest,randmat,10,0.0135005,0.222421,-0.20892,-0.211632,-0.206208,0.0606979,-77.6758,-101.763,-53.5883,-74.3937,-173.688,9.19487,1.7509e-17,,0,-3.7703,0.000163049,1,
cx_active_fraction,rest,decorr,10,0.0135005,0.213018,-0.199518,-0.203013,-0.196023,0.063377,-57.6429,-75.5277,-39.758,-55.2073,-128.893,9.11718,3.51074e-16,,0,-3.77319,0.000161177,1,
cx_active_fraction,rest,conf25,10,0.0135005,0.216297,-0.202797,-0.205844,-0.199749,0.0624164,-67.1416,-87.9671,-46.3161,-64.3046,-150.133,9.15419,7.69319e-17,,0,-3.7703,0.000163049,1,
cx_active_fraction,rest,conf50,10,0.0135005,0.211234,-0.197734,-0.200834,-0.194633,0.0639123,-64.3563,-84.3194,-44.3932,-61.637,-143.905,9.14897,1.15406e-16,,0,-3.76887,0.000163991,1,
cx_active_fraction,rest,conf75,10,0.0135005,0.211668,-0.198168,-0.202016,-0.194319,0.0637813,-52.0109,-68.1527,-35.869,-49.8132,-116.3,9.09659,9.57001e-16,,0,-3.76743,0.000164937,1,
cx_active_fraction,flow,self,10,0.219817,0.221842,-0.002025,-0.00520287,0.00115287,0.990872,-0.60349,-1.49974,0.292762,-0.57799,-1.34944,16.2069,0.195745,0.391489,34.5,-1.13689,0.255585,0.31,0.209198
cx_active_fraction,flow,shuffle,10,0.219817,0.221842,-0.002025,-0.0062388,0.0021888,0.990872,-0.453509,-1.34123,0.43421,-0.434346,-1.01408,16.9615,0.324795,,39,-0.796123,0.42596,0.22,
cx_active_fraction,flow,randmat,10,0.219817,0.222421,-0.0026037,-0.00620113,0.00099373,0.988294,-0.68005,-1.58155,0.221452,-0.651316,-1.52064,17.99,0.145732,,31,-1.40269,0.160708,0.38,
cx_active_fraction,flow,decorr,10,0.219817,0.213018,0.0067984,0.00264421,0.0109526,1.03191,1.54329,0.544781,2.54181,1.47808,3.45091,17.1195,0.00302641,,91.5,3.11221,0.00185695,-0.83,
cx_active_fraction,flow,conf25,10,0.219817,0.216297,0.0035199,-0.00030451,0.00734431,1.01627,0.86529,-0.0513324,1.78191,0.828729,1.93485,17.8448,0.0690224,,70,1.4802,0.138821,-0.4,
cx_active_fraction,flow,conf50,10,0.219817,0.211234,0.0085826,0.00472075,0.0124444,1.04063,2.08991,1.00007,3.17975,2.0016,4.67318,17.7836,0.000195028,,94,3.29449,0.000986007,-0.88,
cx_active_fraction,flow,conf75,10,0.219817,0.211668,0.0081487,0.00371586,0.0125815,1.0385,1.73961,0.710575,2.76865,1.66611,3.8899,16.3642,0.0012534,,88.5,2.87469,0.00404422,-0.77,
cx_active_fraction,self,shuffle,10,0.221842,0.221842,0,-0.00386019,0.00386019,1,0,-0.876523,0.876523,0,0,13.9833,1,1,50.5,0,1,-0.01,1
cx_active_fraction,self,randmat,10,0.221842,0.222421,-0.0005787,-0.00370436,0.00254696,0.997398,-0.175172,-1.05337,0.703029,-0.167771,-0.391698,16.4079,0.700322,,36.5,-0.98456,0.32484,0.27,0.704074
cx_active_fraction,self,decorr,10,0.221842,0.213018,0.0088234,0.00503186,0.0126149,1.04142,2.22966,1.11354,3.34579,2.13545,4.98568,14.1668,0.000192844,0.000578532,93,3.22362,0.0012658,-0.86,0.000249938
cx_active_fraction,self,conf25,10,0.221842,0.216297,0.0055449,0.00214149,0.00894831,1.02564,1.54969,0.550226,2.54915,1.48421,3.46521,15.3763,0.00335389,,88,2.84222,0.00448002,-0.76,0.00174956
cx_active_fraction,self,conf50,10,0.221842,0.211234,0.0106076,0.00715931,0.0140559,1.05022,2.92856,1.66684,4.19028,2.80482,6.54846,15.2213,8.57959e-06,,100,3.74608,0.000179623,-1,0.000249938
cx_active_fraction,self,conf75,10,0.221842,0.211668,0.0101737,0.00606442,0.014283,1.04806,2.38497,1.23843,3.53151,2.2842,5.33296,13.3865,0.00012303,,94.5,3.32984,0.000868944,-0.89,0.000249938
cx_active_fraction,shuffle,randmat,10,0.221842,0.222421,-0.0005787,-0.00475926,0.00360186,0.997398,-0.13074,-1.0082,0.746718,-0.125216,-0.292344,16.7817,0.773607,,44,-0.416388,0.677126,0.12,
cx_active_fraction,shuffle,decorr,10,0.221842,0.213018,0.0088234,0.00418799,0.0134588,1.04142,1.78849,0.751438,2.82555,1.71292,3.99919,17.9914,0.000842029,,93.5,3.26278,0.00110324,-0.87,
cx_active_fraction,shuffle,conf25,10,0.221842,0.216297,0.0055449,0.00118245,0.00990735,1.02564,1.19637,0.244658,2.14807,1.14582,2.67516,17.5626,0.0156712,,78.5,2.11899,0.0340911,-0.57,
cx_active_fraction,shuffle,conf50,10,0.221842,0.211234,0.0106076,0.00621465,0.0150006,1.05022,2.27198,1.14769,3.39627,2.17598,5.08031,17.6492,8.27883e-05,,95.5,3.40424,0.000663482,-0.91,
cx_active_fraction,shuffle,conf75,10,0.221842,0.211668,0.0101737,0.00530095,0.0150465,1.04806,1.96247,0.895624,3.02931,1.87955,4.38821,17.9005,0.000358833,,91,3.06151,0.00220222,-0.82,
cx_active_fraction,randmat,decorr,10,0.222421,0.213018,0.0094021,0.00528192,0.0135223,1.04414,2.15361,1.05193,3.2553,2.06261,4.81562,16.949,0.000162755,,91,3.06844,0.00215179,-0.82,
cx_active_fraction,randmat,conf25,10,0.222421,0.216297,0.0061236,0.002338,0.0099092,1.02831,1.52132,0.526049,2.51659,1.45704,3.40177,17.7587,0.0032282,,88,2.84222,0.00448002,-0.76,
cx_active_fraction,randmat,conf50,10,0.222421,0.211234,0.0111863,0.00736266,0.0150099,1.05296,2.75226,1.52925,3.97528,2.63597,6.15424,17.6846,8.89916e-06,,97,3.51904,0.00043311,-0.94,
cx_active_fraction,randmat,conf75,10,0.222421,0.211668,0.0107524,0.00635023,0.0151546,1.0508,2.31375,1.18131,3.44619,2.21599,5.1737,16.162,8.94597e-05,,94,3.29325,0.000990375,-0.88,
cx_active_fraction,decorr,conf25,10,0.213018,0.216297,-0.0032785,-0.00758457,0.00102757,0.984843,-0.716307,-1.6205,0.187888,-0.68604,-1.60171,17.6712,0.126944,,31.5,-1.36427,0.172484,0.37,
cx_active_fraction,decorr,conf50,10,0.213018,0.211234,0.0017842,-0.00255299,0.00612139,1.00845,0.386905,-0.49778,1.27159,0.370557,0.865146,17.7468,0.398503,,59,0.644237,0.519422,-0.18,
cx_active_fraction,decorr,conf75,10,0.213018,0.211668,0.0013503,-0.0034752,0.0061758,1.00638,0.263088,-0.617218,1.14339,0.251972,0.588284,17.8346,0.563718,,61.5,0.833719,0.40444,-0.23,
cx_active_fraction,conf25,conf50,10,0.216297,0.211234,0.0050627,0.00103145,0.00909395,1.02397,1.17999,0.230243,2.12973,1.13013,2.63853,17.9947,0.0166912,,81,2.30819,0.0209887,-0.62,
cx_active_fraction,conf25,conf75,10,0.216297,0.211668,0.0046288,5.82797e-05,0.00919932,1.02187,0.955152,0.0299997,1.8803,0.914794,2.13579,17.098,0.0474516,,75.5,1.8941,0.0582118,-0.51,
cx_active_fraction,conf50,conf75,10,0.211234,0.211668,-0.0004339,-0.00503278,0.00416498,0.99795,-0.0889367,-0.965892,0.788019,-0.0851788,-0.198868,17.2167,0.844695,,48.5,-0.0756498,0.939698,0.03,
ring_rate_hz,rest,flow,10,0,20.4564,-20.4564,-20.8938,-20.019,0,-47.3106,-61.9982,-32.623,-45.3116,-105.79,9,3.0581e-15,,0,-3.99806,6.38644e-05,1,
ring_rate_hz,rest,self,10,0,20.9417,-20.9417,-21.3843,-20.499,0,-47.8636,-62.7222,-33.0049,-45.8412,-107.026,9,2.75465e-15,,0,-3.99806,6.38644e-05,1,0.000249938
ring_rate_hz,rest,shuffle,10,0,21.0608,-21.0608,-21.5779,-20.5436,0,-41.1996,-53.9973,-28.4019,-39.4587,-92.125,9,1.06069e-14,,0,-3.99806,6.38644e-05,1,
ring_rate_hz,rest,randmat,10,0,20.9049,-20.9049,-21.3418,-20.468,0,-48.4062,-63.4327,-33.3796,-46.3609,-108.24,9,2.48905e-15,,0,-3.99806,6.38644e-05,1,
ring_rate_hz,rest,decorr,10,0,21.824,-21.824,-22.4159,-21.2321,0,-37.3003,-48.8928,-25.7078,-35.7242,-83.406,9,2.59297e-14,,0,-3.99806,6.38644e-05,1,
ring_rate_hz,rest,conf25,10,0,20.7681,-20.7681,-21.0914,-20.4448,0,-64.9914,-85.1511,-44.8316,-62.2453,-145.325,9,1.75811e-16,,0,-3.99806,6.38644e-05,1,
ring_rate_hz,rest,conf50,10,0,20.8554,-20.8554,-21.1941,-20.5167,0,-62.2992,-81.6254,-42.9729,-59.6668,-139.305,9,2.57242e-16,,0,-3.99806,6.38644e-05,1,
ring_rate_hz,rest,conf75,10,0,20.8583,-20.8583,-21.3837,-20.333,0,-40.166,-52.6441,-27.6878,-38.4688,-89.8138,9,1.33291e-14,,0,-3.99806,6.38644e-05,1,
ring_rate_hz,flow,self,10,20.4564,20.9417,-0.48528,-1.06324,0.0926799,0.976827,-0.788904,-1.69888,0.121075,-0.75557,-1.76404,17.9975,0.0946918,0.189384,29.5,-1.51243,0.130425,0.41,0.0939765
ring_rate_hz,flow,shuffle,10,20.4564,21.0608,-0.6044,-1.23471,0.0259077,0.971302,-0.902722,-1.8228,0.0173609,-0.864579,-2.01855,17.518,0.0591117,,26,-1.77643,0.0756616,0.48,
ring_rate_hz,flow,randmat,10,20.4564,20.9049,-0.44852,-1.0227,0.125661,0.978545,-0.733935,-1.63949,0.171616,-0.702924,-1.64113,18,0.118127,,32,-1.32288,0.185877,0.36,
ring_rate_hz,flow,decorr,10,20.4564,21.824,-1.36765,-2.05545,-0.679853,0.937333,-1.87988,-2.93234,-0.827414,-1.80045,-4.20353,16.5719,0.00062793,,10,-2.98592,0.00282727,0.8,
ring_rate_hz,flow,conf25,10,20.4564,20.7681,-0.31175,-0.820045,0.196545,0.984989,-0.579836,-1.47459,0.314916,-0.555335,-1.29655,16.5724,0.212549,,33,-1.24728,0.212294,0.34,
ring_rate_hz,flow,conf50,10,20.4564,20.8554,-0.39901,-0.915109,0.117089,0.980868,-0.729679,-1.6349,0.175541,-0.698848,-1.63161,16.9376,0.121213,,30,-1.47406,0.140465,0.4,
ring_rate_hz,flow,conf75,10,20.4564,20.8583,-0.40195,-1.03835,0.234451,0.98073,-0.594824,-1.49052,0.300872,-0.569691,-1.33007,17.4281,0.200641,,39,-0.793725,0.427355,0.22,
ring_rate_hz,self,shuffle,10,20.9417,21.0608,-0.11912,-0.752398,0.514158,0.994344,-0.177034,-1.05527,0.701203,-0.169554,-0.395861,17.5811,0.69697,0.69697,47,-0.188982,0.850107,0.06,0.696826
ring_rate_hz,self,randmat,10,20.9417,20.9049,0.03676,-0.540857,0.614377,1.00176,0.0597951,-0.816923,0.936513,0.0572685,0.133706,17.9969,0.895119,,49.5,0,1,0.01,0.899525
ring_rate_hz,self,decorr,10,20.9417,21.824,-0.88237,-1.57276,-0.191983,0.959569,-1.20775,-2.16084,-0.254663,-1.15672,-2.70061,16.6678,0.0153449,0.0460348,19,-2.30558,0.0211339,0.62,0.0147463
ring_rate_hz,self,conf25,10,20.9417,20.7681,0.17353,-0.338921,0.685981,1.00836,0.320286,-0.561839,1.20241,0.306753,0.716181,16.4747,0.483909,,60,0.718132,0.472676,-0.2,0.490127
ring_rate_hz,self,conf50,10,20.9417,20.8554,0.08627,-0.433888,0.606428,1.00414,0.156597,-0.721268,1.03446,0.14998,0.350161,16.8479,0.730557,,50,-0.0377964,0.96985,0,0.716821
ring_rate_hz,self,conf75,10,20.9417,20.8583,0.08333,-0.555997,0.722657,1.004,0.122716,-0.754631,1.00006,0.117531,0.274401,17.4962,0.78699,,51,0.0377964,0.96985,-0.02,0.792052
ring_rate_hz,shuffle,randmat,10,21.0608,20.9049,0.15588,-0.474129,0.785889,1.00746,0.232937,-0.646553,1.11243,0.223094,0.520862,17.5113,0.608987,,57,0.491354,0.623176,-0.14,
ring_rate_hz,shuffle,decorr,10,21.0608,21.824,-0.76325,-1.49418,-0.0323185,0.965027,-0.982372,-1.91026,-0.0544864,-0.940864,-2.19665,17.6815,0.0416339,,23,-2.00321,0.0451546,0.54,
ring_rate_hz,shuffle,conf25,10,21.0608,20.7681,0.29265,-0.281657,0.866957,1.01409,0.485444,-0.403895,1.37478,0.464932,1.08549,15.1021,0.29473,,58,0.566947,0.57075,-0.16,
ring_rate_hz,shuffle,conf50,10,21.0608,20.8554,0.20539,-0.375374,0.786154,1.00985,0.336127,-0.546563,1.21882,0.321925,0.751603,15.5202,0.463536,,56,0.415761,0.677585,-0.12,
ring_rate_hz,shuffle,conf75,10,21.0608,20.8583,0.20245,-0.482212,0.887112,1.00971,0.277827,-0.602914,1.15857,0.266088,0.62124,17.9955,0.542232,,55,0.340168,0.73373,-0.1,
ring_rate_hz,randmat,decorr,10,20.9049,21.824,-0.91913,-1.60667,-0.231593,0.957884,-1.26391,-2.22397,-0.303854,-1.21051,-2.82619,16.5621,0.011864,,20,-2.22999,0.0257481,0.6,
ring_rate_hz,randmat,conf25,10,20.9049,20.7681,0.13677,-0.371105,0.644645,1.00659,0.254582,-0.625484,1.13465,0.243825,0.569262,16.5822,0.576809,,55,0.340168,0.73373,-0.1,
ring_rate_hz,randmat,conf50,10,20.9049,20.8554,0.04951,-0.46618,0.5652,1.00237,0.0906083,-0.786364,0.967581,0.0867798,0.202606,16.9466,0.841855,,51,0.0377964,0.96985,-0.02,
ring_rate_hz,randmat,conf75,10,20.9049,20.8583,0.04657,-0.589537,0.682677,1.00223,0.0689504,-0.807833,0.945733,0.066037,0.154178,17.4209,0.879242,,52,0.113389,0.909722,-0.04,
ring_rate_hz,decorr,conf25,10,21.824,20.7681,1.0559,0.416149,1.69565,1.05084,1.58385,0.579258,2.58844,1.51693,3.5416,13.9305,0.00327746,,85,2.60795,0.0091085,-0.7,
ring_rate_hz,decorr,conf50,10,21.824,20.8554,0.96864,0.323431,1.61385,1.04645,1.43696,0.453807,2.42012,1.37625,3.21314,14.3222,0.00610142,,84,2.53236,0.0113297,-0.68,
ring_rate_hz,decorr,conf75,10,21.824,20.8583,0.9657,0.229931,1.70147,1.0463,1.23442,0.27806,2.19079,1.18227,2.76026,17.7498,0.0130039,,81.5,2.34426,0.0190648,-0.63,
ring_rate_hz,conf25,conf50,10,20.7681,20.8554,-0.08726,-0.522151,0.347631,0.995816,-0.18855,-1.06702,0.689918,-0.180583,-0.421611,17.9612,0.678312,,41.5,-0.604971,0.545199,0.17,
ring_rate_hz,conf25,conf75,10,20.7681,20.8583,-0.0902,-0.671549,0.491149,0.995676,-0.147931,-1.02565,0.72979,-0.14168,-0.330783,14.9611,0.745396,,47,-0.188982,0.850107,0.06,
ring_rate_hz,conf50,conf75,10,20.8554,20.8583,-0.00294,-0.590625,0.584745,0.999859,-0.00475842,-0.881282,0.871765,-0.00455736,-0.0106401,15.3785,0.991647,,52,0.113389,0.909722,-0.04,
columnar_rate_hz,rest,flow,10,0,0.681499,-0.681499,-0.695866,-0.667133,0,-47.9912,-62.8893,-33.093,-45.9634,-107.311,9,2.68947e-15,,0,-3.99806,6.38644e-05,1,
columnar_rate_hz,rest,self,10,0,0.707754,-0.707754,-0.725255,-0.690253,0,-40.9127,-53.6217,-28.2037,-39.184,-91.4836,9,1.12946e-14,,0,-3.99806,6.38644e-05,1,0.000249938
columnar_rate_hz,rest,shuffle,10,0,0.707915,-0.707915,-0.741268,-0.674562,0,-21.4724,-28.1841,-14.7606,-20.5651,-48.0136,9,3.69544e-12,,0,-3.99806,6.38644e-05,1,
columnar_rate_hz,rest,randmat,10,0,0.7074,-0.7074,-0.725564,-0.689236,0,-39.3998,-51.6411,-27.1585,-37.735,-88.1006,9,1.5849e-14,,0,-3.99806,6.38644e-05,1,
columnar_rate_hz,rest,decorr,10,0,0.699742,-0.699742,-0.722446,-0.677039,0,-31.1805,-40.8829,-21.4781,-29.863,-69.7217,9,1.29799e-13,,0,-3.99806,6.38644e-05,1,
columnar_rate_hz,rest,conf25,10,0,0.673102,-0.673102,-0.688049,-0.658154,0,-45.5555,-59.7003,-31.4108,-43.6307,-101.865,9,4.2963e-15,,0,-3.99806,6.38644e-05,1,
columnar_rate_hz,rest,conf50,10,0,0.652542,-0.652542,-0.669067,-0.636017,0,-39.9496,-52.3608,-27.5383,-38.2616,-89.3299,9,1.39925e-14,,0,-3.99806,6.38644e-05,1,
columnar_rate_hz,rest,conf75,10,0,0.660135,-0.660135,-0.688254,-0.632016,0,-23.7503,-31.1624,-16.3381,-22.7467,-53.1072,9,1.49565e-12,,0,-3.99977,6.34029e-05,1,
columnar_rate_hz,flow,self,10,0.681499,0.707754,-0.0262548,-0.0473406,-0.005169,0.962904,-1.17308,-2.122,-0.224158,-1.12351,-2.62308,17.3416,0.0176064,0.0528193,21.5,-2.1174,0.0342262,0.57,0.0187453
columnar_rate_hz,flow,shuffle,10,0.681499,0.707915,-0.0264157,-0.0613212,0.00848976,0.962685,-0.735877,-1.64158,0.169826,-0.704783,-1.64547,12.2284,0.125316,,33.5,-1.20994,0.226301,0.33,
columnar_rate_hz,flow,randmat,10,0.681499,0.7074,-0.0259009,-0.0474909,-0.00431094,0.963386,-1.13147,-2.07552,-0.187414,-1.08366,-2.53004,17.093,0.021516,,20.5,-2.19302,0.028306,0.59,
columnar_rate_hz,flow,decorr,10,0.681499,0.699742,-0.0182431,-0.0435271,0.00704093,0.973929,-0.686937,-1.58894,0.215066,-0.657911,-1.53604,15.2114,0.145066,,33,-1.24728,0.212294,0.34,
columnar_rate_hz,flow,conf25,10,0.681499,0.673102,0.0083978,-0.0108589,0.0276545,1.01248,0.409787,-0.475888,1.29546,0.392472,0.916311,17.9717,0.371637,,64,1.0205,0.307489,-0.28,
columnar_rate_hz,flow,conf50,10,0.681499,0.652542,0.0289576,0.0085936,0.0493216,1.04438,1.33791,0.368272,2.30755,1.28138,2.99166,17.6585,0.00794789,,82,2.38118,0.0172575,-0.64,
columnar_rate_hz,flow,conf75,10,0.681499,0.660135,0.0213641,-0.0087006,0.0514288,1.03236,0.684476,-0.217347,1.5863,0.655555,1.53054,13.3987,0.149147,,63,0.945267,0.344523,-0.26,
columnar_rate_hz,self,shuffle,10,0.707754,0.707915,-0.0001609,-0.0359697,0.0356479,0.999773,-0.0043216,-0.880845,0.872202,-0.00413899,-0.00966338,13.6066,0.99243,1,56,0.416074,0.677356,-0.12,0.995251
columnar_rate_hz,self,randmat,10,0.707754,0.7074,0.0003539,-0.0230739,0.0237817,1.0005,0.0141944,-0.862339,0.890728,0.0135947,0.0317397,17.9752,0.975029,,55,0.340168,0.73373,-0.1,0.976506
columnar_rate_hz,self,decorr,10,0.707754,0.699742,0.0080117,-0.0187352,0.0347586,1.01145,0.282746,-0.598145,1.16364,0.270799,0.63224,16.9047,0.535688,1,59,0.64254,0.520523,-0.18,0.532367
columnar_rate_hz,self,conf25,10,0.707754,0.673102,0.0346526,0.0132398,0.0560654,1.05148,1.52318,0.527635,2.51872,1.45882,3.40593,17.5702,0.00323814,,89.5,2.94923,0.00318565,-0.79,0.00424894
columnar_rate_hz,self,conf50,10,0.707754,0.652542,0.0552124,0.032853,0.0775718,1.08461,2.32062,1.18683,3.45441,2.22256,5.18906,17.941,6.24131e-05,,94,3.28829,0.00100798,-0.88,0.000499875
columnar_rate_hz,self,conf75,10,0.707754,0.660135,0.0476189,0.0164234,0.0788144,1.07214,1.45452,0.468888,2.44015,1.39306,3.2524,15.0628,0.00533235,,87,2.76018,0.00577698,-0.74,0.00374906
columnar_rate_hz,shuffle,randmat,10,0.707915,0.7074,0.0005148,-0.0355159,0.0365455,1.00073,0.0137132,-0.86282,0.890246,0.0131337,0.0306636,13.9068,0.975974,,49,-0.0377964,0.96985,0.02,
columnar_rate_hz,shuffle,decorr,10,0.707915,0.699742,0.0081726,-0.0296633,0.0460085,1.01168,0.20492,-0.6739,1.08374,0.196262,0.458216,15.8662,0.653011,,53.5,0.226864,0.82053,-0.07,
columnar_rate_hz,shuffle,conf25,10,0.707915,0.673102,0.0348135,-0.000241488,0.0698685,1.05172,0.96361,0.0376158,1.8896,0.922894,2.1547,12.4751,0.0513693,,74.5,1.81491,0.0695375,-0.49,
columnar_rate_hz,shuffle,conf50,10,0.707915,0.652542,0.0553733,0.0198716,0.090875,1.08486,1.50499,0.512107,2.49787,1.4414,3.36526,13.1673,0.00498853,,89,2.91033,0.00361051,-0.78,
columnar_rate_hz,shuffle,conf75,10,0.707915,0.660135,0.0477798,0.00718109,0.0883785,1.07238,1.10802,0.16664,2.0494,1.0612,2.47761,17.4998,0.0236861,,75,1.85272,0.0639221,-0.5,
columnar_rate_hz,randmat,decorr,10,0.7074,0.699742,0.0076578,-0.0194387,0.0347543,1.01094,0.266451,-0.613953,1.14685,0.255192,0.595802,17.1729,0.559079,,62,0.869318,0.384673,-0.24,
columnar_rate_hz,randmat,conf25,10,0.7074,0.673102,0.0342987,0.0123935,0.0562039,1.05096,1.47506,0.486502,2.46362,1.41273,3.29834,17.3572,0.00415203,,86.5,2.72237,0.0064816,-0.73,
columnar_rate_hz,randmat,conf50,10,0.7074,0.652542,0.0548585,0.0320382,0.0776788,1.08407,2.26009,1.1381,3.38207,2.16459,5.05371,17.8414,8.48559e-05,,96,3.43948,0.00058284,-0.92,
columnar_rate_hz,randmat,conf75,10,0.7074,0.660135,0.047265,0.0157943,0.0787357,1.0716,1.4284,0.446443,2.41035,1.36804,3.194,15.397,0.00587556,,85.5,2.64774,0.00810311,-0.71,
columnar_rate_hz,decorr,conf25,10,0.699742,0.673102,0.0266409,0.00111026,0.0521715,1.03958,0.991512,0.0626931,1.92033,0.949617,2.21709,15.5684,0.0418789,,76,1.92762,0.0539026,-0.52,
columnar_rate_hz,decorr,conf50,10,0.699742,0.652542,0.0472007,0.0209439,0.0734575,1.07233,1.70052,0.677773,2.72326,1.62866,3.80247,16.446,0.00149838,,88,2.83473,0.00458639,-0.76,
columnar_rate_hz,decorr,conf75,10,0.699742,0.660135,0.0396072,0.00593545,0.0732789,1.06,1.10871,0.167251,2.05017,1.06186,2.47915,17.2347,0.0237867,,77,2.00397,0.0450738,-0.54,
columnar_rate_hz,conf25,conf50,10,0.673102,0.652542,0.0205598,-0.000149203,0.0412688,1.03151,0.93346,0.0104363,1.85648,0.894018,2.08728,17.8219,0.0515014,,77,2.00321,0.0451546,-0.54,
columnar_rate_hz,conf25,conf75,10,0.673102,0.660135,0.0129663,-0.0172867,0.0432193,1.01964,0.411916,-0.473853,1.29768,0.394511,0.921072,13.7104,0.372937,,57,0.491539,0.623046,-0.14,
columnar_rate_hz,conf50,conf75,10,0.652542,0.660135,-0.0075935,-0.0384065,0.0232195,0.988497,-0.235537,-1.11509,0.644019,-0.225585,-0.526677,14.5539,0.606353,,40,-0.718403,0.472509,0.2,
fanbody_rate_hz,rest,flow,10,0.000166389,3.64165,-3.64149,-3.66373,-3.61924,4.56906e-05,-165.609,-216.938,-114.28,-158.611,-370.313,9.00134,3.86456e-20,,0,-3.82922,0.000128551,1,
fanbody_rate_hz,rest,self,10,0.000166389,3.67659,-3.67643,-3.69096,-3.66189,4.52564e-05,-255.876,-335.176,-176.576,-245.065,-572.157,9.00313,7.63237e-22,,0,-3.82922,0.000128551,1,0.000249938
fanbody_rate_hz,rest,shuffle,10,0.000166389,3.63977,-3.6396,-3.66407,-3.61513,4.57143e-05,-150.469,-197.107,-103.831,-144.111,-336.459,9.0011,9.16844e-20,,0,-3.82922,0.000128551,1,
fanbody_rate_hz,rest,randmat,10,0.000166389,3.66922,-3.66905,-3.69184,-3.64626,4.53473e-05,-162.882,-213.366,-112.397,-155.999,-364.215,9.00127,4.48877e-20,,0,-3.83073,0.000127765,1,
fanbody_rate_hz,rest,decorr,10,0.000166389,3.62818,-3.62801,-3.68045,-3.57557,4.58603e-05,-69.9903,-91.6978,-48.2828,-67.0329,-156.503,9.00024,9.01878e-17,,0,-3.82922,0.000128551,1,
fanbody_rate_hz,rest,conf25,10,0.000166389,3.5355,-3.53533,-3.56655,-3.50411,4.70625e-05,-114.554,-150.065,-79.0435,-109.714,-256.152,9.00068,1.06899e-18,,0,-3.82922,0.000128551,1,
fanbody_rate_hz,rest,conf50,10,0.000166389,3.46611,-3.46594,-3.49534,-3.43655,4.80046e-05,-119.271,-156.244,-82.2991,-114.232,-266.699,9.00077,7.43212e-19,,0,-3.82922,0.000128551,1,
fanbody_rate_hz,rest,conf75,10,0.000166389,3.51947,-3.5193,-3.56245,-3.47615,4.72768e-05,-82.5149,-108.101,-56.9287,-79.0283,-184.509,9.00036,2.04965e-17,,0,-3.82922,0.000128551,1,
fanbody_rate_hz,flow,self,10,3.64165,3.67659,-0.03494,-0.0599062,-0.00997384,0.990497,-1.33028,-2.29891,-0.361649,-1.27407,-2.97459,15.5,0.0091851,0.0275553,18,-2.38297,0.0171737,0.64,0.0112472
fanbody_rate_hz,flow,shuffle,10,3.64165,3.63977,0.001885,-0.0288472,0.0326172,1.00052,0.0576666,-0.819038,0.934371,0.05523,0.128946,17.8388,0.898843,,55,0.340168,0.73373,-0.1,
fanbody_rate_hz,flow,randmat,10,3.64165,3.66922,-0.027565,-0.0571413,0.0020113,0.992488,-0.875704,-1.79328,0.0418679,-0.838702,-1.95813,17.9895,0.0659074,,26,-1.7771,0.0755516,0.48,
fanbody_rate_hz,flow,decorr,10,3.64165,3.62818,0.013477,-0.0413187,0.0682727,1.00371,0.239352,-0.640303,1.11901,0.229239,0.535208,12.1372,0.602175,,67,1.24728,0.212294,-0.34,
fanbody_rate_hz,flow,conf25,10,3.64165,3.5355,0.106158,0.0702813,0.142035,1.03003,2.80154,1.56783,4.03526,2.68317,6.26444,16.2651,1.04728e-05,,98,3.59066,0.000329839,-0.96,
fanbody_rate_hz,flow,conf50,10,3.64165,3.46611,0.175542,0.141122,0.209962,1.05065,4.81731,3.08613,6.54848,4.61376,10.7718,16.7615,5.97266e-09,,100,3.74185,0.000182672,-1,
fanbody_rate_hz,flow,conf75,10,3.64165,3.51947,0.122185,0.0759886,0.168381,1.03472,2.54636,1.36696,3.72576,2.43876,5.69383,13.4684,6.43356e-05,,95,3.36388,0.000768539,-0.9,
fanbody_rate_hz,self,shuffle,10,3.67659,3.63977,0.036825,0.00995226,0.0636977,1.01012,1.30898,0.343139,2.27482,1.25367,2.92696,14.6475,0.0106193,0.0275553,80,2.22999,0.0257481,-0.6,0.0117471
fanbody_rate_hz,self,randmat,10,3.67659,3.66922,0.007375,-0.0180507,0.0328007,1.00201,0.276045,-0.604642,1.15673,0.264381,0.617255,15.2827,0.546154,,55,0.340296,0.733634,-0.1,0.545864
fanbody_rate_hz,self,decorr,10,3.67659,3.62818,0.048417,-0.00492076,0.101755,1.01334,0.900117,-0.0197208,1.81995,0.862084,2.01272,10.3746,0.0708256,0.0708256,81,2.30558,0.0211339,-0.62,0.0634841
fanbody_rate_hz,self,conf25,10,3.67659,3.5355,0.141098,0.108137,0.174059,1.03991,4.14492,2.58985,5.69999,3.96978,9.26832,12.7259,5.10672e-07,,100,3.74185,0.000182672,-1,0.000249938
fanbody_rate_hz,self,conf50,10,3.67659,3.46611,0.210482,0.1792,0.241764,1.06073,6.49311,4.29829,8.68793,6.21875,14.519,13.1518,1.77625e-09,,100,3.74185,0.000182672,-1,0.000249938
fanbody_rate_hz,self,conf75,10,3.67659,3.51947,0.157125,0.112834,0.201416,1.04464,3.49129,2.09885,4.88373,3.34377,7.80677,11.0165,8.16099e-06,,99,3.66626,0.000246128,-0.98,0.000249938
fanbody_rate_hz,shuffle,randmat,10,3.63977,3.66922,-0.02945,-0.0605154,0.00161543,0.991974,-0.891026,-1.81001,0.0279616,-0.853377,-1.99239,17.9095,0.0617959,,23,-2.00397,0.0450738,0.54,
fanbody_rate_hz,shuffle,decorr,10,3.63977,3.62818,0.011592,-0.0437867,0.0669707,1.00319,0.202653,-0.676116,1.08142,0.194091,0.453147,12.7419,0.658063,,64.5,1.0587,0.289737,-0.29,
fanbody_rate_hz,shuffle,conf25,10,3.63977,3.5355,0.104273,0.0672813,0.141265,1.02949,2.65933,1.45622,3.86244,2.54697,5.94645,17.0278,1.58308e-05,,98,3.59066,0.000329839,-0.96,
fanbody_rate_hz,shuffle,conf50,10,3.63977,3.46611,0.173657,0.13805,0.209264,1.0501,4.59312,2.92149,6.26475,4.39904,10.2705,17.4263,8.17724e-09,,100,3.74185,0.000182672,-1,
fanbody_rate_hz,shuffle,conf75,10,3.63977,3.51947,0.1203,0.0733464,0.167254,1.03418,2.45353,1.29318,3.61388,2.34986,5.48626,14.2465,7.53201e-05,,95,3.36388,0.000768539,-0.9,
fanbody_rate_hz,randmat,decorr,10,3.66922,3.62818,0.041042,-0.0138891,0.0959731,1.01131,0.726173,-0.178777,1.63112,0.69549,1.62377,12.282,0.129796,,77,2.00397,0.0450738,-0.54,
fanbody_rate_hz,randmat,conf25,10,3.66922,3.5355,0.133723,0.0975845,0.169861,1.03782,3.49996,2.10543,4.89449,3.35207,7.82614,16.4694,6.07714e-07,,100,3.74326,0.000181651,-1,
fanbody_rate_hz,randmat,conf50,10,3.66922,3.46611,0.203107,0.168408,0.237806,1.0586,5.52422,3.60093,7.44751,5.2908,12.3525,16.9466,6.70864e-10,,100,3.74326,0.000181651,-1,
fanbody_rate_hz,randmat,conf75,10,3.66922,3.51947,0.14975,0.103377,0.196123,1.04255,3.10473,1.80318,4.40628,2.97354,6.94239,13.6583,7.81869e-06,,98,3.59201,0.000328133,-0.96,
fanbody_rate_hz,decorr,conf25,10,3.62818,3.5355,0.092681,0.0350631,0.150299,1.02621,1.53632,0.538837,2.53379,1.4714,3.4353,14.6681,0.00378695,,90,2.98592,0.00282727,-0.8,
fanbody_rate_hz,decorr,conf50,10,3.62818,3.46611,0.162065,0.105122,0.219008,1.04676,2.72722,1.5096,3.94483,2.61198,6.09824,14.1483,2.62782e-05,,100,3.74185,0.000182672,-1,
fanbody_rate_hz,decorr,conf75,10,3.62818,3.51947,0.108708,0.0454705,0.171945,1.03089,1.61945,0.609422,2.62948,1.55102,3.6212,17.3561,0.00205087,,89,2.91033,0.00361051,-0.78,
fanbody_rate_hz,conf25,conf50,10,3.5355,3.46611,0.069384,0.0295469,0.109221,1.02002,1.63685,0.62413,2.64957,1.56769,3.66011,17.9352,0.00179977,,87.5,2.79799,0.00514218,-0.75,
fanbody_rate_hz,conf25,conf75,10,3.5355,3.51947,0.016027,-0.0337846,0.0658386,1.00455,0.304439,-0.577146,1.18602,0.291575,0.680746,16.3967,0.505532,,60,0.718132,0.472676,-0.2,
fanbody_rate_hz,conf50,conf75,10,3.46611,3.51947,-0.053357,-0.102316,-0.00439804,0.984839,-1.03388,-1.96712,-0.100635,-0.990195,-2.31183,15.8744,0.0345498,,26,-1.77643,0.0756616,0.48,
other_rate_hz,rest,flow,10,1.41779,11.2275,-9.80967,-9.94859,-9.67074,0.126279,-71.328,-93.4497,-49.2063,-68.3141,-159.494,9.09031,5.53791e-17,,0,-3.74326,0.000181651,1,
other_rate_hz,rest,self,10,1.41779,11.3941,-9.97634,-10.1335,-9.81919,0.124432,-64.1485,-84.0472,-44.2497,-61.438,-143.44,9.07055,1.55357e-16,,0,-3.74326,0.000181651,1,0.000249938
other_rate_hz,rest,shuffle,10,1.41779,11.3691,-9.95134,-10.126,-9.77663,0.124706,-57.5717,-75.4346,-39.7089,-55.1391,-128.734,9.05707,4.33127e-16,,0,-3.74326,0.000181651,1,
other_rate_hz,rest,randmat,10,1.41779,11.3595,-9.94173,-10.0521,-9.83135,0.124811,-90.8965,-119.079,-62.7142,-87.0558,-203.251,9.1432,5.01306e-18,,0,-3.74326,0.000181651,1,
other_rate_hz,rest,decorr,10,1.41779,11.5491,-10.1313,-10.2867,-9.97604,0.122762,-65.9145,-86.36,-45.469,-63.1294,-147.389,9.07223,1.20746e-16,,0,-3.74326,0.000181651,1,
other_rate_hz,rest,conf25,10,1.41779,11.152,-9.73425,-9.83752,-9.63099,0.127133,-95.1029,-124.588,-65.6177,-91.0845,-212.657,9.16369,3.06647e-18,,0,-3.74326,0.000181651,1,
other_rate_hz,rest,conf50,10,1.41779,11.1344,-9.71661,-9.85975,-9.57348,0.127335,-68.578,-89.8482,-47.3077,-65.6803,-153.345,9.08506,8.06211e-17,,0,-3.74326,0.000181651,1,
other_rate_hz,rest,conf75,10,1.41779,11.2093,-9.79151,-9.95971,-9.6233,0.126484,-58.8283,-77.0802,-40.5765,-56.3426,-131.544,9.06156,3.50933e-16,,0,-3.74326,0.000181651,1,
other_rate_hz,flow,self,10,11.2275,11.3941,-0.16667,-0.361512,0.0281721,0.985372,-0.804581,-1.71588,0.106715,-0.770585,-1.7991,17.7323,0.0890454,0.267136,28,-1.62525,0.10411,0.44,0.0892277
other_rate_hz,flow,shuffle,10,11.2275,11.3691,-0.14167,-0.349564,0.0662242,0.987539,-0.642609,-1.54147,0.256251,-0.615457,-1.43692,17.1285,0.168757,,35,-1.0961,0.273036,0.3,
other_rate_hz,flow,randmat,10,11.2275,11.3595,-0.13207,-0.29727,0.0331299,0.988374,-0.753909,-1.66104,0.153216,-0.722054,-1.68579,17.1215,0.109972,,30.5,-1.43681,0.150773,0.39,
other_rate_hz,flow,decorr,10,11.2275,11.5491,-0.32168,-0.515206,-0.128154,0.972147,-1.56313,-2.5646,-0.561659,-1.49708,-3.49527,17.78,0.0026228,,13.5,-2.72237,0.0064816,0.73,
other_rate_hz,flow,conf25,10,11.2275,11.152,0.07541,-0.0861137,0.236934,1.00676,0.441289,-0.445837,1.32842,0.422643,0.986753,16.613,0.337918,,57,0.491354,0.623176,-0.14,
other_rate_hz,flow,conf50,10,11.2275,11.1344,0.09305,-0.0920354,0.278135,1.00836,0.472386,-0.416277,1.36105,0.452426,1.05629,17.9839,0.304821,,62,0.869318,0.384673,-0.24,
other_rate_hz,flow,conf75,10,11.2275,11.2093,0.01816,-0.184811,0.221131,1.00162,0.08428,-0.792632,0.961192,0.0807189,0.188456,17.3773,0.852703,,53,0.188982,0.850107,-0.06,
other_rate_hz,self,shuffle,10,11.3941,11.3691,0.025,-0.193256,0.243256,1.0022,0.107708,-0.76945,0.984865,0.103157,0.240842,17.8014,0.81243,0.81243,52,0.113389,0.909722,-0.04,0.805299
other_rate_hz,self,randmat,10,11.3941,11.3595,0.0346,-0.145058,0.214258,1.00305,0.182459,-0.695886,1.0608,0.174749,0.407991,16.1356,0.688643,,52,0.113389,0.909722,-0.04,0.689828
other_rate_hz,self,decorr,10,11.3941,11.5491,-0.15501,-0.360048,0.0500285,0.986578,-0.710319,-1.61406,0.193421,-0.680306,-1.58832,17.9975,0.129626,0.267136,28,-1.62525,0.10411,0.44,0.127218
other_rate_hz,self,conf25,10,11.3941,11.152,0.24208,0.0656313,0.418529,1.02171,1.30381,0.33864,2.26897,1.24872,2.9154,15.542,0.0103514,,86,2.68355,0.00728456,-0.72,0.00674831
other_rate_hz,self,conf50,10,11.3941,11.1344,0.25972,0.0623502,0.45709,1.02333,1.23714,0.280443,2.19385,1.18487,2.76634,17.8447,0.0127923,,78,2.0788,0.0376353,-0.56,0.0124969
other_rate_hz,self,conf75,10,11.3941,11.2093,0.18483,-0.0288756,0.398536,1.01649,0.812878,-0.0991249,1.72488,0.778531,1.81765,17.9171,0.0858796,,68,1.32288,0.185877,-0.36,0.0827293
other_rate_hz,shuffle,randmat,10,11.3691,11.3595,0.0096,-0.184727,0.203927,1.00085,0.0470388,-0.829605,0.923683,0.0450513,0.105182,15.1899,0.917608,,48,-0.113389,0.909722,0.04,
other_rate_hz,shuffle,decorr,10,11.3691,11.5491,-0.18001,-0.397166,0.0371464,0.984414,-0.77961,-1.68882,0.1296,-0.746668,-1.74326,17.7558,0.098578,,30,-1.47406,0.140465,0.4,
other_rate_hz,shuffle,conf25,10,11.3691,11.152,0.21708,0.0255811,0.408579,1.01947,1.08317,0.144568,2.02176,1.0374,2.42203,14.5948,0.028964,,78,2.0788,0.0376353,-0.56,
other_rate_hz,shuffle,conf50,10,11.3691,11.1344,0.23472,0.02454,0.4449,1.02108,1.05219,0.116979,1.98739,1.00773,2.35276,17.3277,0.0306895,,73,1.70084,0.088973,-0.46,
other_rate_hz,shuffle,conf75,10,11.3691,11.2093,0.15983,-0.0652795,0.384939,1.01426,0.667166,-0.23341,1.56774,0.638976,1.49183,17.9742,0.153087,,64,1.0205,0.307489,-0.28,
other_rate_hz,randmat,decorr,10,11.3595,11.5491,-0.18961,-0.36777,-0.01145,0.983582,-1.00778,-1.93828,-0.077282,-0.965199,-2.25347,16.2376,0.0383898,,23,-2.00321,0.0451546,0.54,
other_rate_hz,randmat,conf25,10,11.3595,11.152,0.20748,0.0672848,0.347675,1.0186,1.39094,0.414159,2.36771,1.33216,3.11023,17.9201,0.00606665,,85,2.60795,0.0091085,-0.7,
other_rate_hz,randmat,conf50,10,11.3595,11.1344,0.22512,0.0566597,0.39358,1.02022,1.26144,0.301693,2.22118,1.20814,2.82066,16.9033,0.0118291,,80,2.22999,0.0257481,-0.6,
other_rate_hz,randmat,conf75,10,11.3595,11.2093,0.15023,-0.0385994,0.339059,1.0134,0.756111,-0.151191,1.66341,0.724163,1.69072,15.5309,0.110857,,68,1.32288,0.185877,-0.36,
other_rate_hz,decorr,conf25,10,11.5491,11.152,0.39709,0.222183,0.571997,1.03561,2.15629,1.0541,3.25848,2.06518,4.82162,15.6478,0.000199634,,95,3.36388,0.000768539,-0.9,
other_rate_hz,decorr,conf50,10,11.5491,11.1344,0.41473,0.21865,0.61081,1.03725,1.98822,0.916804,3.05963,1.90421,4.44579,17.881,0.000316826,,93,3.2127,0.00131494,-0.86,
other_rate_hz,decorr,conf75,10,11.5491,11.2093,0.33984,0.127271,0.552409,1.03032,1.50279,0.510227,2.49535,1.43929,3.36034,17.8863,0.0035087,,87,2.75914,0.00579536,-0.74,
other_rate_hz,conf25,conf50,10,11.152,11.1344,0.01764,-0.147259,0.182539,1.00158,0.101234,-0.77585,0.978318,0.0969566,0.226366,16.3645,0.82372,,49.5,0,1,0.01,
other_rate_hz,conf25,conf75,10,11.152,11.2093,-0.05725,-0.243118,0.128618,0.994893,-0.293723,-1.17496,0.587514,-0.281312,-0.656784,14.9303,0.521316,,40,-0.718132,0.472676,0.2,
other_rate_hz,conf50,conf75,10,11.1344,11.2093,-0.07489,-0.280233,0.130453,0.993319,-0.343296,-1.22625,0.539659,-0.328791,-0.767634,17.5492,0.45291,,38,-0.869318,0.384673,0.24,
ring_active_fraction,rest,flow,10,0,0.863235,-0.863235,-0.88045,-0.846021,0,-50.7302,-66.4758,-34.9846,-48.5867,-113.436,9,1.63253e-15,,0,-4.01359,5.9802e-05,1,
ring_active_fraction,rest,self,10,0,0.867647,-0.867647,-0.878736,-0.856558,0,-79.1562,-103.702,-54.6102,-75.8115,-176.999,9,2.98286e-17,,0,-4.02405,5.72064e-05,1,0.000249938
ring_active_fraction,rest,shuffle,10,0,0.879412,-0.879412,-0.886065,-0.872758,0,-133.716,-175.163,-92.2683,-128.066,-298.998,9,2.66491e-19,,0,-4.06671,4.76823e-05,1,
ring_active_fraction,rest,randmat,10,0,0.867647,-0.867647,-0.880768,-0.854526,0,-66.8992,-87.6496,-46.1488,-64.0724,-149.591,9,1.3552e-16,,0,-4.03282,5.51106e-05,1,
ring_active_fraction,rest,decorr,10,0,0.833823,-0.833823,-0.844967,-0.822679,0,-75.6943,-99.1681,-52.2204,-72.4959,-169.258,9,4.46048e-17,,0,-4.09776,4.17173e-05,1,
ring_active_fraction,rest,conf25,10,0,0.854412,-0.854412,-0.867006,-0.841817,0,-68.63,-89.9163,-47.3437,-65.7301,-153.461,9,1.07696e-16,,0,-4.01359,5.9802e-05,1,
ring_active_fraction,rest,conf50,10,0,0.854412,-0.854412,-0.868827,-0.839996,0,-59.9605,-78.5628,-41.3582,-57.427,-134.076,9,3.62934e-16,,0,-4.01012,6.06871e-05,1,
ring_active_fraction,rest,conf75,10,0,0.852941,-0.852941,-0.865088,-0.840794,0,-71.0346,-93.0655,-49.0037,-68.0332,-158.838,9,7.90026e-17,,0,-4.01881,5.84931e-05,1,
ring_active_fraction,flow,self,10,0.863235,0.867647,-0.0044117,-0.0236651,0.0148417,0.994915,-0.217958,-1.09708,0.661163,-0.208749,-0.48737,15.3719,0.632873,0.632873,45.5,-0.313153,0.754165,0.09,0.767308
ring_active_fraction,flow,shuffle,10,0.863235,0.879412,-0.0161765,-0.0340152,0.0016622,0.981605,-0.886728,-1.80532,0.0318602,-0.84926,-1.98278,11.6302,0.0715143,,26,-1.86552,0.0621079,0.48,
ring_active_fraction,flow,randmat,10,0.863235,0.867647,-0.0044117,-0.0246156,0.0157922,0.994915,-0.2062,-1.08505,0.672649,-0.197487,-0.461077,16.8182,0.65065,,42.5,-0.550464,0.582001,0.15,
ring_active_fraction,flow,decorr,10,0.863235,0.833823,0.029412,0.0101352,0.0486888,1.03527,1.45097,0.465842,2.4361,1.38966,3.24447,15.4165,0.00528538,,89.5,3.03011,0.00244464,-0.79,
ring_active_fraction,flow,conf25,10,0.863235,0.854412,0.0088237,-0.0111171,0.0287645,1.01033,0.418499,-0.467566,1.30456,0.400816,0.935792,16.4892,0.362884,,65,1.12837,0.259162,-0.3,
ring_active_fraction,flow,conf50,10,0.863235,0.854412,0.0088237,-0.0120757,0.0297231,1.01033,0.39756,-0.487578,1.2827,0.380762,0.888972,17.4616,0.386101,,64,1.04187,0.29747,-0.28,
ring_active_fraction,flow,conf75,10,0.863235,0.852941,0.0102943,-0.00943189,0.0300205,1.01207,0.494297,-0.39551,1.3841,0.473411,1.10528,16.1821,0.285201,,68,1.3651,0.172222,-0.36,
ring_active_fraction,self,shuffle,10,0.867647,0.879412,-0.0117648,-0.0239686,0.000438984,0.986622,-0.920358,-1.84212,0.00140137,-0.88147,-2.05798,14.7365,0.0577319,0.115464,28.5,-1.72298,0.0848929,0.43,0.0947263
ring_active_fraction,self,randmat,10,0.867647,0.867647,0,-0.0159865,0.0159865,1,0,-0.876523,0.876523,0,0,17.5135,1,,48,-0.120076,0.904423,0.04,1
ring_active_fraction,self,decorr,10,0.867647,0.833823,0.0338237,0.0192229,0.0484245,1.04056,2.17655,1.07054,3.28256,2.08458,4.86691,17.9996,0.000123944,0.000371833,94.5,3.46147,0.000537238,-0.89,0.000499875
ring_active_fraction,self,conf25,10,0.867647,0.854412,0.0132354,-0.00236733,0.0288381,1.01549,0.797923,-0.112811,1.70866,0.764208,1.78421,17.7159,0.0915264,,71.5,1.63681,0.101671,-0.43,0.130967
ring_active_fraction,self,conf50,10,0.867647,0.854412,0.0132354,-0.00373577,0.0302066,1.01549,0.736212,-0.169517,1.64194,0.705104,1.64622,16.8888,0.118199,,69.5,1.47856,0.139258,-0.39,0.15971
ring_active_fraction,self,conf75,10,0.867647,0.852941,0.014706,-0.000578524,0.0299905,1.01724,0.904534,-0.0157198,1.82479,0.866314,2.0226,17.8525,0.0583569,,74,1.83166,0.0670014,-0.48,0.0882279
ring_active_fraction,shuffle,randmat,10,0.879412,0.867647,0.0117648,-0.00224812,0.0257777,1.01356,0.80904,-0.102636,1.72072,0.774855,1.80907,13.3415,0.0930215,,70,1.61427,0.106469,-0.4,
ring_active_fraction,shuffle,decorr,10,0.879412,0.833823,0.0455885,0.0333369,0.0578401,1.05467,3.55339,2.14594,4.96083,3.40324,7.94562,14.6928,1.07557e-06,,100,3.8831,0.000103133,-1,
ring_active_fraction,shuffle,conf25,10,0.879412,0.854412,0.0250002,0.0114635,0.0385369,1.02926,1.77559,0.740668,2.81052,1.70057,3.97034,13.6603,0.00145905,,89.5,3.06065,0.00220856,-0.79,
ring_active_fraction,shuffle,conf50,10,0.879412,0.854412,0.0250002,0.00979694,0.0402035,1.02926,1.59297,0.586995,2.59895,1.52566,3.56199,12.6679,0.0036092,,85,2.72187,0.00649128,-0.7,
ring_active_fraction,shuffle,conf75,10,0.879412,0.852941,0.0264708,0.0133351,0.0396065,1.03103,1.93351,0.871757,2.99526,1.85181,4.32346,13.9541,0.000706111,,91,3.16684,0.00154105,-0.82,
ring_active_fraction,randmat,decorr,10,0.867647,0.833823,0.0338237,0.0178058,0.0498416,1.04056,1.98773,0.916405,3.05906,1.90374,4.4447,17.5406,0.000331423,,91,3.15544,0.00160257,-0.82,
ring_active_fraction,randmat,conf25,10,0.867647,0.854412,0.0132354,-0.00365778,0.0301286,1.01549,0.736212,-0.169517,1.64194,0.705104,1.64622,17.97,0.117095,,73,1.76006,0.0783969,-0.46,
ring_active_fraction,randmat,conf50,10,0.867647,0.854412,0.0132354,-0.00487953,0.0313503,1.01549,0.686909,-0.215092,1.58891,0.657885,1.53598,17.8428,0.142087,,69.5,1.48092,0.138628,-0.39,
ring_active_fraction,randmat,conf75,10,0.867647,0.852941,0.014706,-0.00190723,0.0313192,1.01724,0.83205,-0.0816119,1.74571,0.796893,1.86052,17.8941,0.0793276,,75.5,1.94702,0.0515319,-0.51,
ring_active_fraction,decorr,conf25,10,0.833823,0.854412,-0.0205883,-0.0362236,-0.00495303,0.975904,-1.23852,-2.19539,-0.281644,-1.18618,-2.76941,17.7371,0.0127592,,19,-2.43233,0.015002,0.62,
ring_active_fraction,decorr,conf50,10,0.833823,0.854412,-0.0205883,-0.037588,-0.00358861,0.975904,-1.1431,-2.0885,-0.197698,-1.0948,-2.55604,16.9262,0.0205016,,23,-2.14683,0.0318065,0.54,
ring_active_fraction,decorr,conf75,10,0.833823,0.852941,-0.0191177,-0.0344358,-0.00379956,0.977586,-1.17323,-2.12217,-0.224296,-1.12366,-2.62343,17.8679,0.0172992,,19.5,-2.39949,0.0164177,0.61,
ring_active_fraction,conf25,conf50,10,0.854412,0.854412,0,-0.0178013,0.0178013,1,0,-0.876523,0.876523,0,0,17.6814,1,,50.5,0,1,-0.01,
ring_active_fraction,conf25,conf75,10,0.854412,0.852941,0.0014706,-0.014782,0.0177232,1.00172,0.085023,-0.791895,0.961942,0.0814305,0.190117,17.9765,0.851348,,53,0.195563,0.844952,-0.06,
ring_active_fraction,conf50,conf75,10,0.854412,0.852941,0.0014706,-0.0160734,0.0190146,1.00172,0.07892,-0.797944,0.955784,0.0755854,0.176471,17.497,0.861951,,51.5,0.0776643,0.938095,-0.03,
columnar_active_fraction,rest,flow,10,0,0.104537,-0.104537,-0.107038,-0.102035,0,-42.2816,-55.4139,-29.1494,-40.4951,-94.5446,9,8.40139e-15,,0,-4.00839,6.11334e-05,1,
columnar_active_fraction,rest,self,10,0,0.107433,-0.107433,-0.109641,-0.105224,0,-49.2048,-64.4784,-33.9312,-47.1257,-110.025,9,2.14842e-15,,0,-4.00149,6.29439e-05,1,0.000249938
columnar_active_fraction,rest,shuffle,10,0,0.107143,-0.107143,-0.112818,-0.101468,0,-19.0988,-25.082,-13.1156,-18.2918,-42.7062,9,1.05609e-11,,0,-3.99977,6.34029e-05,1,
columnar_active_fraction,rest,randmat,10,0,0.108591,-0.108591,-0.111767,-0.105414,0,-34.5816,-45.3342,-23.8291,-33.1204,-77.3269,9,5.11947e-14,,0,-4.00666,6.15822e-05,1,
columnar_active_fraction,rest,decorr,10,0,0.0935328,-0.0935328,-0.0978933,-0.0891724,0,-21.7005,-28.4823,-14.9187,-20.7836,-48.5237,9,3.36128e-12,,0,-3.99977,6.34029e-05,1,
columnar_active_fraction,rest,conf25,10,0,0.102896,-0.102896,-0.107192,-0.0985996,0,-24.23,-31.7898,-16.6702,-23.2062,-54.1799,9,1.24994e-12,,0,-3.99806,6.38644e-05,1,
columnar_active_fraction,rest,conf50,10,0,0.0956564,-0.0956564,-0.101049,-0.0902639,0,-17.9456,-23.5755,-12.3156,-17.1873,-40.1275,9,1.84497e-11,,0,-4.00149,6.29439e-05,1,
columnar_active_fraction,rest,conf75,10,0,0.0950772,-0.0950772,-0.101108,-0.0890466,0,-15.9498,-20.9697,-10.9299,-15.2759,-35.6649,9,5.29883e-11,,0,-3.99977,6.34029e-05,1,
columnar_active_fraction,flow,self,10,0.104537,0.107433,-0.00289582,-0.00599832,0.000206685,0.973045,-0.877931,-1.79571,0.0398451,-0.840835,-1.96311,17.7288,0.0655175,0.131035,28,-1.63823,0.101373,0.44,0.0629843
columnar_active_fraction,flow,shuffle,10,0.104537,0.107143,-0.0026062,-0.00856009,0.00334769,0.975675,-0.425115,-1.31148,0.461253,-0.407153,-0.950586,12.3691,0.36002,,37,-0.948484,0.342883,0.26,
columnar_active_fraction,flow,randmat,10,0.104537,0.108591,-0.00405402,-0.00782398,-0.000284064,0.962667,-1.01436,-1.94554,-0.0831727,-0.971498,-2.26817,17.0608,0.0365875,,26.5,-1.76676,0.077269,0.47,
columnar_active_fraction,flow,decorr,10,0.104537,0.0935328,0.0110038,0.00624845,0.0157592,1.11765,2.21453,1.1013,3.32775,2.12096,4.95183,14.3441,0.000198117,,96,3.44856,0.000563576,-0.92,
columnar_active_fraction,flow,conf25,10,0.104537,0.102896,0.00164089,-0.00305803,0.00633981,1.01595,0.333927,-0.548683,1.21654,0.319817,0.746684,14.4725,0.467212,,60,0.722491,0.469992,-0.2,
columnar_active_fraction,flow,conf50,10,0.104537,0.0956564,0.00888024,0.00318971,0.0145708,1.09283,1.51131,0.51751,2.50512,1.44746,3.3794,12.7012,0.00508352,,88,2.8433,0.00446493,-0.76,
columnar_active_fraction,flow,conf75,10,0.104537,0.0950772,0.00945951,0.00317177,0.0157472,1.09949,1.46582,0.478578,2.45305,1.40388,3.27766,12.0075,0.00660366,,79.5,2.20466,0.0274779,-0.59,
columnar_active_fraction,self,shuffle,10,0.107433,0.107143,0.00028962,-0.00559479,0.00617403,1.0027,0.048111,-0.828538,0.92476,0.0460781,0.107579,11.6654,0.916157,0.916157,46.5,-0.227378,0.82013,0.07,0.909773
columnar_active_fraction,self,randmat,10,0.107433,0.108591,-0.0011582,-0.00478312,0.00246672,0.989334,-0.302829,-1.18436,0.578703,-0.290034,-0.677147,16.0536,0.507954,,44.5,-0.380984,0.703215,0.11,0.535866
columnar_active_fraction,self,decorr,10,0.107433,0.0935328,0.0138997,0.00924343,0.0185559,1.14861,2.8768,1.62656,4.12703,2.75525,6.43272,13.3336,1.97478e-05,5.92434e-05,99.5,3.70963,0.000207559,-0.99,0.000249938
columnar_active_fraction,self,conf25,10,0.107433,0.102896,0.00453671,-6.11221e-05,0.00913454,1.04409,0.950088,0.0254368,1.87474,0.909944,2.12446,13.4474,0.0527043,,76,1.93417,0.0530917,-0.52,0.0389903
columnar_active_fraction,self,conf50,10,0.107433,0.0956564,0.0117761,0.00616008,0.017392,1.12311,2.04438,0.962867,3.1259,1.958,4.57138,11.9374,0.00065054,,96,3.44856,0.000563576,-0.92,0.000499875
columnar_active_fraction,self,conf75,10,0.107433,0.0950772,0.0123553,0.00613149,0.0185792,1.12995,1.94624,0.882257,3.01023,1.86401,4.35193,11.3721,0.00106604,,90,2.99155,0.00277567,-0.8,0.00099975
columnar_active_fraction,shuffle,randmat,10,0.107143,0.108591,-0.00144782,-0.0076088,0.00471316,0.986667,-0.225203,-1.1045,0.654094,-0.215687,-0.503568,14.1355,0.622321,,47,-0.189553,0.849659,0.06,
columnar_active_fraction,shuffle,decorr,10,0.107143,0.0935328,0.01361,0.00693133,0.0202887,1.14551,1.92381,0.863751,2.98387,1.84252,4.30177,16.8797,0.000490324,,90,2.98817,0.00280656,-0.8,
columnar_active_fraction,shuffle,conf25,10,0.107143,0.102896,0.00424709,-0.00239873,0.0108929,1.04128,0.603624,-0.292637,1.49988,0.578119,1.34974,16.7648,0.195043,,65.5,1.13475,0.256481,-0.31,
columnar_active_fraction,shuffle,conf50,10,0.107143,0.0956564,0.0114864,0.00421431,0.0187586,1.12008,1.48433,0.494438,2.47422,1.42161,3.31906,17.9532,0.00382782,,85.5,2.65274,0.0079841,-0.71,
columnar_active_fraction,shuffle,conf75,10,0.107143,0.0950772,0.0120657,0.00437276,0.0197587,1.1269,1.47401,0.485598,2.46241,1.41172,3.29598,17.9341,0.00403222,,86,2.68557,0.00724067,-0.72,
columnar_active_fraction,randmat,decorr,10,0.108591,0.0935328,0.0150579,0.0100135,0.0201022,1.16099,2.82367,1.58512,4.06222,2.70436,6.31391,16.4539,9.04839e-06,,100,3.75032,0.000176611,-1,
columnar_active_fraction,randmat,conf25,10,0.108591,0.102896,0.00569491,0.0007019,0.0106879,1.05535,1.07827,0.140217,2.01633,1.03271,2.4111,16.5767,0.027822,,79.5,2.2055,0.027419,-0.59,
columnar_active_fraction,randmat,conf50,10,0.108591,0.0956564,0.0129343,0.00702217,0.0188463,1.13522,2.09071,1.00072,3.1807,2.00237,4.67497,14.5753,0.000322192,,97,3.52436,0.000424513,-0.94,
columnar_active_fraction,randmat,conf75,10,0.108591,0.0950772,0.0135135,0.00703491,0.0199922,1.14213,2.00571,0.931173,3.08025,1.92096,4.48491,13.6378,0.00054711,,90,2.99607,0.0027348,-0.8,
columnar_active_fraction,decorr,conf25,10,0.0935328,0.102896,-0.00936295,-0.0150481,-0.00367782,0.909006,-1.54741,-2.54653,-0.548282,-1.48202,-3.4601,17.996,0.00279417,,13,-2.76226,0.00574031,0.74,
columnar_active_fraction,decorr,conf50,10,0.0935328,0.0956564,-0.0021236,-0.00858453,0.00433733,0.9778,-0.30979,-1.19155,0.571974,-0.296701,-0.692712,17.2446,0.497714,,41,-0.643994,0.519579,0.18,
columnar_active_fraction,decorr,conf75,10,0.0935328,0.0950772,-0.00154433,-0.00850475,0.00541609,0.983757,-0.20994,-1.08887,0.668994,-0.20107,-0.469441,16.3906,0.644939,,44.5,-0.379106,0.704609,0.11,
columnar_active_fraction,conf25,conf50,10,0.102896,0.0956564,0.00723935,0.000813076,0.0136656,1.07568,1.06224,0.12594,1.99854,1.01736,2.37524,17.1439,0.0294605,,77.5,2.04717,0.040641,-0.55,
columnar_active_fraction,conf25,conf75,10,0.102896,0.0950772,0.00781862,0.000888994,0.0147482,1.08223,1.06826,0.131308,2.00522,1.02313,2.38871,16.2642,0.0293543,,74.5,1.81696,0.0692227,-0.49,
columnar_active_fraction,conf50,conf75,10,0.0956564,0.0950772,0.00057927,-0.00694077,0.00809931,1.00609,0.072439,-0.804371,0.949249,0.0693782,0.161978,17.7795,0.873149,,52,0.113603,0.909552,-0.04,
fanbody_active_fraction,rest,flow,10,0,0.183194,-0.183194,-0.18685,-0.179539,0,-50.6937,-66.428,-34.9594,-48.5517,-113.355,9,1.64314e-15,,0,-4.00839,6.11334e-05,1,
fanbody_active_fraction,rest,self,10,0,0.186689,-0.186689,-0.189426,-0.183952,0,-68.9964,-90.3962,-47.5966,-66.0811,-154.281,9,1.02659e-16,,0,-4.01359,5.9802e-05,1,0.000249938
fanbody_active_fraction,rest,shuffle,10,0,0.184359,-0.184359,-0.187371,-0.181348,0,-61.9382,-81.1527,-42.7237,-59.3211,-138.498,9,2.71048e-16,,0,-4.00839,6.11334e-05,1,
fanbody_active_fraction,rest,randmat,10,0,0.184526,-0.184526,-0.18805,-0.181002,0,-52.9705,-69.4093,-36.5317,-50.7323,-118.446,9,1.10678e-15,,0,-4.00322,6.24874e-05,1,
fanbody_active_fraction,rest,decorr,10,0,0.182862,-0.182862,-0.187077,-0.178646,0,-43.8829,-57.5103,-30.2555,-42.0287,-98.1252,9,6.01432e-15,,0,-4.00149,6.29439e-05,1,
fanbody_active_fraction,rest,conf25,10,0,0.180699,-0.180699,-0.183932,-0.177466,0,-56.5454,-74.0906,-39.0002,-54.1562,-126.439,9,6.15074e-16,,0,-4.01012,6.06871e-05,1,
fanbody_active_fraction,rest,conf50,10,0,0.174543,-0.174543,-0.176676,-0.17241,0,-82.7819,-108.451,-57.113,-79.2841,-185.106,9,1.99352e-17,,0,-4.01707,5.89269e-05,1,
fanbody_active_fraction,rest,conf75,10,0,0.178536,-0.178536,-0.182736,-0.174335,0,-42.997,-56.3504,-29.6435,-41.1802,-96.1442,9,7.22495e-15,,0,-4.00149,6.29439e-05,1,
fanbody_active_fraction,flow,self,10,0.183194,0.186689,-0.0034944,-0.00776025,0.000771448,0.981282,-0.774044,-1.6828,0.134708,-0.741338,-1.73082,16.678,0.101941,0.305824,25.5,-1.82872,0.0674409,0.49,0.0994751
fanbody_active_fraction,flow,shuffle,10,0.183194,0.184359,-0.0011648,-0.00557519,0.00324559,0.993682,-0.248796,-1.1287,0.631111,-0.238283,-0.556324,17.3626,0.585088,,38,-0.880648,0.378509,0.24,
fanbody_active_fraction,flow,randmat,10,0.183194,0.184526,-0.0013313,-0.00604779,0.00338519,0.992785,-0.265231,-1.1456,0.615137,-0.254024,-0.593074,17.9758,0.56052,,37,-0.952097,0.341048,0.26,
fanbody_active_fraction,flow,decorr,10,0.183194,0.182862,0.0003328,-0.00485702,0.00552262,1.00182,0.0603364,-0.816386,0.937058,0.057787,0.134916,17.6467,0.894205,,53.5,0.229204,0.81871,-0.07,
fanbody_active_fraction,flow,conf25,10,0.183194,0.180699,0.0024956,-0.00204174,0.00703294,1.01381,0.517326,-0.373737,1.40839,0.495467,1.15678,17.7346,0.262708,,65.5,1.15,0.250143,-0.31,
fanbody_active_fraction,flow,conf50,10,0.183194,0.174543,0.0086519,0.00465154,0.0126523,1.04957,2.06792,0.982111,3.15372,1.98054,4.624,14.4912,0.000361004,,97,3.5513,0.000383331,-0.94,
fanbody_active_fraction,flow,conf75,10,0.183194,0.178536,0.0046589,-0.000520081,0.00983788,1.0261,0.846365,-0.0685594,1.76129,0.810603,1.89253,17.6635,0.0749273,,71,1.56924,0.116591,-0.42,
fanbody_active_fraction,self,shuffle,10,0.186689,0.184359,0.0023296,-0.00145227,0.00611147,1.01264,0.579137,-0.315571,1.47384,0.554666,1.29499,17.8388,0.211834,0.305824,69,1.43,0.152718,-0.38,0.210447
fanbody_active_fraction,self,randmat,10,0.186689,0.184526,0.0021631,-0.00199951,0.00632571,1.01172,0.490394,-0.399205,1.37999,0.469673,1.09655,16.9616,0.288161,,65,1.11469,0.264983,-0.3,0.304174
fanbody_active_fraction,self,decorr,10,0.186689,0.182862,0.0038272,-0.000896959,0.00855136,1.02093,0.770302,-0.138146,1.67875,0.737754,1.72245,15.4438,0.104949,0.305824,76.5,1.98567,0.0470695,-0.53,0.0904774
fanbody_active_fraction,self,conf25,10,0.186689,0.180699,0.00599,0.00204811,0.00993189,1.03315,1.43052,0.448269,2.41277,1.37008,3.19874,17.5236,0.00510719,,84,2.56834,0.0102187,-0.68,0.00924769
fanbody_active_fraction,self,conf50,10,0.186689,0.174543,0.0121463,0.00890949,0.0153831,1.06959,3.5409,2.13648,4.94532,3.39129,7.9177,16.9856,4.22498e-07,,99.5,3.73365,0.000188728,-0.99,0.000249938
fanbody_active_fraction,self,conf75,10,0.186689,0.178536,0.0081533,0.00344172,0.0128649,1.04567,1.64511,0.631108,2.65912,1.5756,3.67858,15.4757,0.00213391,,88,2.85957,0.0042422,-0.76,0.00224944
fanbody_active_fraction,shuffle,randmat,10,0.184359,0.184526,-0.0001665,-0.0044791,0.0041461,0.999098,-0.0363378,-0.912933,0.840257,-0.0348024,-0.0812538,17.5723,0.936158,,45,-0.344601,0.730394,0.1,
fanbody_active_fraction,shuffle,decorr,10,0.184359,0.182862,0.0014976,-0.00335034,0.00634554,1.00819,0.292448,-0.588748,1.17364,0.280091,0.653933,16.287,0.522282,,63.5,0.992837,0.320789,-0.27,
fanbody_active_fraction,shuffle,conf25,10,0.184359,0.180699,0.0036604,-0.00044425,0.00776505,1.02026,0.838173,-0.0760261,1.75237,0.802758,1.87421,17.9099,0.0773091,,72.5,1.68994,0.0910392,-0.45,
fanbody_active_fraction,shuffle,conf50,10,0.184359,0.174543,0.0098167,0.00636229,0.0132711,1.05624,2.69126,1.48135,3.90116,2.57754,6.01783,16.2154,1.69201e-05,,97,3.5513,0.000383331,-0.94,
fanbody_active_fraction,shuffle,conf75,10,0.184359,0.178536,0.0058237,0.000987832,0.0106596,1.03262,1.13991,0.19488,2.08494,1.09174,2.54891,16.3173,0.02122,,80,2.25211,0.0243152,-0.6,
fanbody_active_fraction,randmat,decorr,10,0.184526,0.182862,0.0016641,-0.00345049,0.00677869,1.0091,0.306389,-0.575261,1.18804,0.293443,0.685106,17.4517,0.502276,,65.5,1.14208,0.253421,-0.31,
fanbody_active_fraction,randmat,conf25,10,0.184526,0.180699,0.0038269,-0.000617038,0.00827084,1.02118,0.809533,-0.102184,1.72125,0.775327,1.81017,17.8677,0.0871208,,73,1.71443,0.08645,-0.46,
fanbody_active_fraction,randmat,conf50,10,0.184526,0.174543,0.0099832,0.00609751,0.0138689,1.0572,2.4517,1.29172,3.61168,2.34811,5.48216,14.8139,6.6005e-05,,93.5,3.27272,0.00106519,-0.87,
fanbody_active_fraction,randmat,conf75,10,0.184526,0.178536,0.0059902,0.000886709,0.0110937,1.03355,1.1052,0.164137,2.04626,1.0585,2.4713,17.4721,0.0240137,,79,2.16336,0.0305133,-0.58,
fanbody_active_fraction,decorr,conf25,10,0.182862,0.180699,0.0021628,-0.00279503,0.00712063,1.01197,0.411859,-0.473908,1.29763,0.394456,0.920944,16.8655,0.370066,,62,0.876934,0.380523,-0.24,
fanbody_active_fraction,decorr,conf50,10,0.182862,0.174543,0.0083191,0.00381826,0.0128199,1.04766,1.78135,0.74548,2.81723,1.70609,3.98323,13.3249,0.00149028,,93.5,3.27147,0.0010699,-0.87,
fanbody_active_fraction,decorr,conf75,10,0.182862,0.178536,0.0043261,-0.00120102,0.00985322,1.02423,0.735399,-0.170266,1.64106,0.704326,1.6444,17.9998,0.117444,,68,1.33192,0.182887,-0.36,
fanbody_active_fraction,conf25,conf50,10,0.180699,0.174543,0.0061563,0.00251883,0.00979377,1.03527,1.608,0.59973,2.61627,1.54006,3.5956,15.5875,0.00251069,,90,3.05925,0.00221889,-0.8,
fanbody_active_fraction,conf25,conf75,10,0.180699,0.178536,0.0021633,-0.00278287,0.00710947,1.01212,0.412874,-0.472938,1.29869,0.395429,0.923214,16.8925,0.368895,,59.5,0.687085,0.492029,-0.19,
fanbody_active_fraction,conf50,conf75,10,0.174543,0.178536,-0.003993,-0.00848026,0.000494258,0.977635,-0.857431,-1.77334,0.0584824,-0.821201,-1.91727,13.3519,0.0768509,,28,-1.64074,0.100851,0.44,
other_active_fraction,rest,flow,10,0.0758808,0.484553,-0.408672,-0.417345,-0.4,0.1566,-47.2178,-61.8767,-32.5589,-45.2227,-105.582,9.60744,4.7464e-16,,0,-3.7703,0.000163049,1,
other_active_fraction,rest,self,10,0.0758808,0.481301,-0.40542,-0.412983,-0.397858,0.157658,-53.5659,-70.189,-36.9428,-51.3026,-119.777,9.802,7.58765e-17,,0,-3.77607,0.00015932,1,0.000249938
other_active_fraction,rest,shuffle,10,0.0758808,0.48374,-0.407859,-0.412491,-0.403227,0.156863,-86.4924,-113.311,-59.6743,-82.8378,-193.403,11.1933,4.41225e-21,,0,-3.77607,0.00015932,1,
other_active_fraction,rest,randmat,10,0.0758808,0.484824,-0.408943,-0.416843,-0.401044,0.156512,-51.7757,-67.8448,-35.7066,-49.588,-115.774,9.734,1.31246e-16,,0,-3.77463,0.000160246,1,
other_active_fraction,rest,decorr,10,0.0758808,0.483198,-0.407317,-0.41202,-0.402614,0.157039,-85.1368,-111.535,-58.7386,-81.5395,-190.372,11.1253,6.72021e-21,,0,-3.77319,0.000161177,1,
other_active_fraction,rest,conf25,10,0.0758808,0.475068,-0.399187,-0.4028,-0.395574,0.159726,-107.02,-140.197,-73.8432,-102.498,-239.304,12.676,1.50153e-24,,0,-3.77319,0.000161177,1,
other_active_fraction,rest,conf50,10,0.0758808,0.476965,-0.401084,-0.405511,-0.396658,0.159091,-88.8007,-116.334,-61.2677,-85.0486,-198.564,11.4098,1.50026e-21,,0,-3.77463,0.000160246,1,
other_active_fraction,rest,conf75,10,0.0758808,0.474797,-0.398916,-0.404918,-0.392914,0.159817,-65.9772,-86.4422,-45.5123,-63.1895,-147.53,10.2853,1.91531e-18,,0,-3.78769,0.000152053,1,
other_active_fraction,flow,self,10,0.484553,0.481301,0.003252,-0.0073633,0.0138673,1.00676,0.288231,-0.592831,1.16929,0.276052,0.644503,17.6614,0.527532,1,58.5,0.609342,0.542298,-0.17,0.552362
other_active_fraction,flow,shuffle,10,0.484553,0.48374,0.000813,-0.00842678,0.0100528,1.00168,0.0846462,-0.792269,0.961561,0.0810696,0.189275,13.5744,0.852678,,52.5,0.152277,0.878968,-0.05,
other_active_fraction,flow,randmat,10,0.484553,0.484824,-0.000271,-0.0110889,0.0105469,0.999441,-0.0235521,-0.900105,0.853001,-0.0225569,-0.052664,17.8403,0.958585,,49.5,0,1,0.01,
other_active_fraction,flow,decorr,10,0.484553,0.483198,0.001355,-0.00790895,0.010619,1.0028,0.14058,-0.737024,1.01818,0.13464,0.314347,13.7034,0.757992,,52.5,0.152219,0.879014,-0.05,
other_active_fraction,flow,conf25,10,0.484553,0.475068,0.009485,0.000539759,0.0184302,1.01997,1.03535,0.101949,1.96875,0.991603,2.31511,11.7784,0.0394866,,74,1.78926,0.073573,-0.48,
other_active_fraction,flow,conf50,10,0.484553,0.476965,0.007588,-0.00158449,0.0167605,1.01591,0.798012,-0.112729,1.70875,0.764293,1.78441,13.2016,0.0973448,,70,1.48244,0.138222,-0.4,
other_active_fraction,flow,conf75,10,0.484553,0.474797,0.009756,-3.42247e-05,0.0195462,1.02055,0.945044,0.0208891,1.8692,0.905113,2.11318,15.9361,0.0507142,,74,1.78926,0.073573,-0.48,
other_active_fraction,self,shuffle,10,0.481301,0.48374,-0.002439,-0.0106857,0.00580768,0.994958,-0.28234,-1.16322,0.598539,-0.27041,-0.631331,14.7471,0.537488,1,32.5,-1.30032,0.19349,0.35,0.604849
other_active_fraction,self,randmat,10,0.481301,0.484824,-0.003523,-0.0135901,0.0065441,0.992733,-0.328848,-1.21127,0.553579,-0.314953,-0.735326,17.9645,0.471633,,41,-0.647179,0.517516,0.18,0.505374
other_active_fraction,self,decorr,10,0.481301,0.483198,-0.001897,-0.0101726,0.00637857,0.996074,-0.218643,-1.09778,0.660494,-0.209405,-0.488901,14.8912,0.632034,1,37,-0.956857,0.33864,0.26,0.700075
other_active_fraction,self,conf25,10,0.481301,0.475068,0.006233,-0.00165896,0.014125,1.01312,0.765486,-0.14257,1.67354,0.733142,1.71168,12.6058,0.111429,,68,1.34012,0.180208,-0.36,0.114471
other_active_fraction,self,conf50,10,0.481301,0.476965,0.004336,-0.00383007,0.0125021,1.00909,0.508228,-0.382332,1.39879,0.486754,1.13643,14.3224,0.274433,,57,0.499301,0.617568,-0.14,0.348163
other_active_fraction,self,conf75,10,0.481301,0.474797,0.006504,-0.00239169,0.0153997,1.0137,0.689635,-0.212566,1.59184,0.660495,1.54207,17.0729,0.141387,,75.5,1.93167,0.0534004,-0.51,0.170957
other_active_fraction,shuffle,randmat,10,0.48374,0.484824,-0.001084,-0.00962832,0.00746032,0.997764,-0.121404,-0.998734,0.755925,-0.116275,-0.271468,14.3587,0.789895,,46,-0.26792,0.788761,0.08,
other_active_fraction,shuffle,decorr,10,0.48374,0.483198,0.000542,-0.00541743,0.00650143,1.00112,0.0854531,-0.791469,0.962376,0.0818424,0.191079,17.9953,0.850603,,47.5,-0.152627,0.878692,0.05,
other_active_fraction,shuffle,conf25,10,0.48374,0.475068,0.008672,0.00339259,0.0139514,1.01825,1.55121,0.551524,2.5509,1.48567,3.46862,16.8079,0.00297843,,88.5,2.90214,0.00370624,-0.77,
other_active_fraction,shuffle,conf50,10,0.48374,0.476965,0.006775,0.00100199,0.012548,1.0142,1.10282,0.162028,2.04362,1.05622,2.46598,17.9575,0.0239654,,78.5,2.15334,0.0312917,-0.57,
other_active_fraction,shuffle,conf75,10,0.48374,0.474797,0.008943,0.00201015,0.0158759,1.01884,1.21814,0.263787,2.1725,1.16667,2.72385,16.813,0.0145401,,88,2.87279,0.0040687,-0.76,
other_active_fraction,randmat,decorr,10,0.484824,0.483198,0.001626,-0.00694565,0.0101976,1.00337,0.181365,-0.696957,1.05969,0.173702,0.405545,14.4992,0.690998,,50,-0.0383038,0.969445,0,
other_active_fraction,randmat,conf25,10,0.484824,0.475068,0.009756,0.00154623,0.0179658,1.02054,1.15457,0.207831,2.10131,1.10578,2.58169,12.3216,0.0235999,,79.5,2.2055,0.027419,-0.59,
other_active_fraction,randmat,conf50,10,0.484824,0.476965,0.007859,-0.000609146,0.0163271,1.01648,0.890495,-0.0284433,1.80943,0.852868,1.99121,13.9476,0.0664183,,73,1.71574,0.0862096,-0.46,
other_active_fraction,randmat,conf75,10,0.484824,0.474797,0.010027,0.000865919,0.0191881,1.02112,1.03396,0.100704,1.96721,0.990269,2.312,16.7377,0.0337854,,78.5,2.1327,0.0329496,-0.57,
other_active_fraction,decorr,conf25,10,0.483198,0.475068,0.00813,0.00279258,0.0134674,1.01711,1.43931,0.455825,2.42279,1.37849,3.21839,16.6798,0.00514179,,83,2.47262,0.0134126,-0.66,
other_active_fraction,decorr,conf50,10,0.483198,0.476965,0.006233,0.000409506,0.0120565,1.01307,1.00593,0.0756264,1.93624,0.963429,2.24934,17.9247,0.037301,,75,1.86754,0.0618268,-0.5,
other_active_fraction,decorr,conf75,10,0.483198,0.474797,0.008401,0.00143021,0.0153718,1.01769,1.13745,0.192705,2.08219,1.08939,2.54342,16.9367,0.0210338,,82.5,2.4411,0.0146427,-0.65,
other_active_fraction,conf25,conf50,10,0.475068,0.476965,-0.001897,-0.00701078,0.00321678,0.996023,-0.349757,-1.23296,0.533441,-0.334979,-0.782081,17.1652,0.444822,,39.5,-0.76578,0.443807,0.21,
other_active_fraction,conf25,conf75,10,0.475068,0.474797,0.000271,-0.00618598,0.00672798,1.00057,0.040143,-0.836468,0.916754,0.0384468,0.0897624,14.4361,0.92971,,59,0.657543,0.510832,-0.18,
other_active_fraction,conf50,conf75,10,0.476965,0.474797,0.002168,-0.00465838,0.00899438,1.00457,0.30047,-0.580985,1.18192,0.287774,0.671871,16.4187,0.51101,,66.5,1.23192,0.217979,-0.33,
pair_corr,rest,flow,10,0,0.00310317,-0.00310317,-0.00404569,-0.00216064,0,-3.33081,-4.68498,-1.97665,-3.19008,-7.44793,9,3.90066e-05,,0,-3.99806,6.38644e-05,1,
pair_corr,rest,self,10,0,0.003088,-0.003088,-0.00392314,-0.00225285,0,-3.74069,-5.194,-2.28738,-3.58263,-8.36444,9,1.54796e-05,,0,-3.99806,6.38644e-05,1,0.000249938
pair_corr,rest,shuffle,10,0,0.00297302,-0.00297302,-0.00381884,-0.0021272,0,-3.55595,-4.96402,-2.14788,-3.4057,-7.95135,9,2.32395e-05,,0,-3.99806,6.38644e-05,1,
pair_corr,rest,randmat,10,0,0.00341299,-0.00341299,-0.00418014,-0.00264583,0,-4.50079,-6.14812,-2.85345,-4.31061,-10.0641,9,3.39293e-06,,0,-3.99806,6.38644e-05,1,
pair_corr,rest,decorr,10,0,0.00255995,-0.00255995,-0.0034223,-0.00169761,0,-3.00324,-4.28172,-1.72477,-2.87635,-6.71546,9,8.69931e-05,,0,-3.99806,6.38644e-05,1,
pair_corr,rest,conf25,10,0,0.00265095,-0.00265095,-0.00325293,-0.00204898,0,-4.45517,-6.09055,-2.81979,-4.26692,-9.96206,9,3.69324e-06,,0,-3.99806,6.38644e-05,1,
pair_corr,rest,conf50,10,0,0.00283891,-0.00283891,-0.00376796,-0.00190985,0,-3.09135,-4.38983,-1.79286,-2.96073,-6.91246,9,6.96948e-05,,0,-3.99806,6.38644e-05,1,
pair_corr,rest,conf75,10,0,0.00240455,-0.00240455,-0.00334244,-0.00146665,0,-2.59369,-3.78295,-1.40442,-2.4841,-5.79966,9,0.000259584,,0,-3.99806,6.38644e-05,1,
pair_corr,flow,self,10,0.00310317,0.003088,1.5169e-05,-0.00115558,0.00118592,1.00491,0.0121862,-0.864344,0.888717,0.0116713,0.0272491,17.7429,0.978565,1,48,-0.113389,0.909722,0.04,0.979255
pair_corr,flow,shuffle,10,0.00310317,0.00297302,0.000130146,-0.00104697,0.00130726,1.04378,0.103968,-0.773147,0.981082,0.0995746,0.232479,17.7931,0.818819,,55,0.340168,0.73373,-0.1,
pair_corr,flow,randmat,10,0.00310317,0.00341299,-0.000309823,-0.00144182,0.000822172,0.909222,-0.257916,-1.13808,0.622243,-0.247018,-0.576718,17.2875,0.571564,,38,-0.869318,0.384673,0.24,
pair_corr,flow,decorr,10,0.00310317,0.00255995,0.000543211,-0.000643896,0.00173032,1.2122,0.430178,-0.456424,1.31678,0.412002,0.961908,17.8596,0.34894,,60,0.718132,0.472676,-0.2,
pair_corr,flow,conf25,10,0.00310317,0.00265095,0.000452211,-0.000599759,0.00150418,1.17058,0.409071,-0.476571,1.29471,0.391786,0.914711,15.295,0.374539,,60,0.718132,0.472676,-0.2,
pair_corr,flow,conf50,10,0.00310317,0.00283891,0.000264257,-0.000964874,0.00149339,1.09308,0.202004,-0.676752,1.08076,0.193468,0.451694,17.9963,0.656886,,54,0.264575,0.791337,-0.08,
pair_corr,flow,conf75,10,0.00310317,0.00240455,0.00069862,-0.00053627,0.00193351,1.29054,0.531543,-0.360323,1.42341,0.509084,1.18857,17.9996,0.250056,,63,0.944911,0.344704,-0.26,
pair_corr,self,shuffle,10,0.003088,0.00297302,0.000114977,-0.000988964,0.00121892,1.03867,0.0978577,-0.779189,0.974905,0.0937229,0.218816,17.9971,0.829255,1,53,0.188982,0.850107,-0.06,0.823294
pair_corr,self,randmat,10,0.003088,0.00341299,-0.000324992,-0.00137873,0.000728742,0.904778,-0.289928,-1.17104,0.591188,-0.277677,-0.648299,17.8717,0.525035,,41,-0.64254,0.520523,0.18,0.514121
pair_corr,self,decorr,10,0.003088,0.00255995,0.000528042,-0.000586937,0.00164302,1.20627,0.444999,-0.442306,1.3323,0.426196,0.995047,17.9815,0.332916,0.998747,64,1.0205,0.307489,-0.28,0.32167
pair_corr,self,conf25,10,0.003088,0.00265095,0.000437042,-0.000525964,0.00140005,1.16486,0.429478,-0.457092,1.31605,0.411331,0.960342,16.3641,0.350859,,60,0.718132,0.472676,-0.2,0.347413
pair_corr,self,conf50,10,0.003088,0.00283891,0.000249088,-0.000912056,0.00141023,1.08774,0.201717,-0.677032,1.08047,0.193194,0.451052,17.7994,0.657399,,54,0.264575,0.791337,-0.08,0.64134
pair_corr,self,conf75,10,0.003088,0.00240455,0.000683451,-0.000483987,0.00185089,1.28423,0.550572,-0.342403,1.44355,0.527308,1.23112,17.763,0.234332,,70,1.47406,0.140465,-0.4,0.232942
pair_corr,shuffle,randmat,10,0.00297302,0.00341299,-0.000439969,-0.00150121,0.000621267,0.87109,-0.389789,-1.2746,0.495018,-0.373319,-0.871595,17.8312,0.395014,,33,-1.24728,0.212294,0.34,
pair_corr,shuffle,decorr,10,0.00297302,0.00255995,0.000413065,-0.000708783,0.00153491,1.16136,0.345956,-0.537099,1.22901,0.331338,0.773582,17.9933,0.449223,,57,0.491354,0.623176,-0.14,
pair_corr,shuffle,conf25,10,0.00297302,0.00265095,0.000322065,-0.000649574,0.0012937,1.12149,0.313845,-0.568057,1.19575,0.300584,0.701778,16.2558,0.492744,,59,0.64254,0.520523,-0.18,
pair_corr,shuffle,conf50,10,0.00297302,0.00283891,0.00013411,-0.00103348,0.0013017,1.04724,0.107987,-0.769175,0.985148,0.103424,0.241465,17.8437,0.811947,,54,0.264575,0.791337,-0.08,
pair_corr,shuffle,conf75,10,0.00297302,0.00240455,0.000568474,-0.000605357,0.0017423,1.23642,0.455365,-0.432444,1.34317,0.436124,1.01823,17.8112,0.322202,,64,1.0205,0.307489,-0.28,
pair_corr,randmat,decorr,10,0.00341299,0.00255995,0.000853034,-0.000219937,0.001926,1.33322,0.747697,-0.158935,1.65433,0.716104,1.6719,17.7593,0.11207,,72,1.62525,0.10411,-0.44,
pair_corr,randmat,conf25,10,0.00341299,0.00265095,0.000762034,-0.00014729,0.00167136,1.28746,0.790578,-0.11954,1.7007,0.757173,1.76779,17.0363,0.0950008,,74,1.77643,0.0756616,-0.48,
pair_corr,randmat,conf50,10,0.00341299,0.00283891,0.00057408,-0.000547776,0.00169593,1.20222,0.482031,-0.407129,1.37119,0.461664,1.07786,17.3781,0.295833,,64,1.0205,0.307489,-0.28,
pair_corr,randmat,conf75,10,0.00341299,0.00240455,0.00100844,-0.000120056,0.00213694,1.41939,0.841978,-0.0725573,1.75651,0.806401,1.88272,17.3191,0.0766481,,72,1.62525,0.10411,-0.44,
pair_corr,decorr,conf25,10,0.00255995,0.00265095,-9.1e-05,-0.0010761,0.000894095,0.965673,-0.0875389,-0.964481,0.789403,-0.0838401,-0.195743,16.0882,0.847262,,45,-0.340168,0.73373,0.1,
pair_corr,decorr,conf50,10,0.00255995,0.00283891,-0.000278954,-0.00145666,0.000898752,0.901739,-0.222635,-1.10187,0.656599,-0.213228,-0.497827,17.901,0.624666,,44,-0.415761,0.677585,0.12,
pair_corr,decorr,conf75,10,0.00255995,0.00240455,0.000155409,-0.00102845,0.00133927,1.06463,0.123401,-0.753956,1.00076,0.118187,0.275932,17.8745,0.785765,,52,0.113389,0.909722,-0.04,
pair_corr,conf25,conf50,10,0.00265095,0.00283891,-0.000187954,-0.00122852,0.000852615,0.933793,-0.171764,-1.0499,0.706374,-0.164506,-0.384075,15.4245,0.706165,,41,-0.64254,0.520523,0.18,
pair_corr,conf25,conf75,10,0.00265095,0.00240455,0.000246409,-0.000801634,0.00129445,1.10248,0.223682,-0.655577,1.10294,0.214231,0.500168,15.3393,0.624056,,62,0.869318,0.384673,-0.24,
pair_corr,conf50,conf75,10,0.00283891,0.00240455,0.000434363,-0.000791697,0.00166042,1.18064,0.332866,-0.549706,1.21544,0.318801,0.74431,17.9984,0.466296,,61,0.793725,0.427355,-0.22,
tau_ms,rest,flow,10,31.8467,252.35,-220.504,-229.809,-211.198,0.1262,-23.8558,-31.3004,-16.4111,-22.8478,-53.3431,9.29873,6.96608e-13,,0,-3.74185,0.000182672,1,
tau_ms,rest,self,10,31.8467,246.932,-215.085,-225.972,-204.199,0.128969,-19.9151,-26.1486,-13.6815,-19.0736,-44.5314,9.21787,4.44774e-12,,0,-3.74185,0.000182672,1,0.000249938
tau_ms,rest,shuffle,10,31.8467,241.602,-209.756,-226.067,-193.444,0.131814,-12.9883,-17.1077,-8.86894,-12.4395,-29.0428,9.0968,2.77807e-10,,0,-3.74185,0.000182672,1,
tau_ms,rest,randmat,10,31.8467,238.172,-206.325,-222.284,-190.365,0.133713,-13.0568,-17.1969,-8.91665,-12.5051,-29.1958,9.10113,2.62871e-10,,0,-3.74185,0.000182672,1,
tau_ms,rest,decorr,10,31.8467,163.308,-131.462,-140.975,-121.948,0.195009,-13.914,-18.314,-9.51387,-13.326,-31.1125,9.28571,1.04538e-10,,0,-3.74185,0.000182672,1,
tau_ms,rest,conf25,10,31.8467,231.628,-199.782,-208.716,-190.847,0.13749,-22.5023,-29.5305,-15.474,-21.5515,-50.3166,9.32423,1.12727e-12,,0,-3.74185,0.000182672,1,
tau_ms,rest,conf50,10,31.8467,197.669,-165.822,-180.352,-151.293,0.161111,-11.5227,-15.1995,-7.84582,-11.0358,-25.7655,9.12208,7.81333e-10,,0,-3.74185,0.000182672,1,
tau_ms,rest,conf75,10,31.8467,171.416,-139.569,-153.94,-125.199,0.185786,-9.80522,-12.9677,-6.64271,-9.39092,-21.9251,9.1248,3.31995e-09,,0,-3.74185,0.000182672,1,
tau_ms,flow,self,10,252.35,246.932,5.4182,-7.86892,18.7053,1.02194,0.383807,-0.500749,1.26836,0.36759,0.858218,17.5692,0.402329,0.804657,64,1.0205,0.307489,-0.28,0.393152
tau_ms,flow,shuffle,10,252.35,241.602,10.7481,-6.99552,28.4917,1.04449,0.579959,-0.3148,1.47472,0.555454,1.29683,14.2775,0.215258,,70,1.47406,0.140465,-0.4,
tau_ms,flow,randmat,10,252.35,238.172,14.1788,-3.25489,31.6125,1.05953,0.777747,-0.131309,1.6868,0.744885,1.7391,14.466,0.103245,,71,1.54965,0.121225,-0.42,
tau_ms,flow,decorr,10,252.35,163.308,89.042,76.7224,101.362,1.54524,6.79107,4.5113,9.07085,6.50413,15.1853,17.9911,1.05768e-11,,100,3.74185,0.000182672,-1,
tau_ms,flow,conf25,10,252.35,231.628,20.7218,8.78126,32.6623,1.08946,1.63072,0.618955,2.64249,1.56182,3.64641,17.9699,0.00185053,,88,2.83473,0.00458639,-0.76,
tau_ms,flow,conf50,10,252.35,197.669,54.6812,38.4835,70.8789,1.27663,3.2124,1.88599,4.5388,3.07666,7.18313,15.3021,2.81763e-06,,99,3.66626,0.000246128,-0.98,
tau_ms,flow,conf75,10,252.35,171.416,80.9344,64.8715,96.9973,1.47215,4.79197,3.06756,6.51638,4.58949,10.7152,15.4013,1.53397e-08,,100,3.74185,0.000182672,-1,
tau_ms,self,shuffle,10,246.932,241.602,5.3299,-13.0513,23.7111,1.02206,0.27536,-0.605307,1.15603,0.263725,0.615723,15.6786,0.546913,0.804657,60,0.718132,0.472676,-0.2,0.538615
tau_ms,self,randmat,10,246.932,238.172,8.7606,-9.32785,26.849,1.03678,0.459457,-0.428555,1.34747,0.440044,1.02738,15.8736,0.319644,,65,1.0961,0.273036,-0.3,0.31942
tau_ms,self,decorr,10,246.932,163.308,83.6238,70.2157,97.0319,1.51206,5.86749,3.84893,7.88605,5.61957,13.1201,17.6789,1.50893e-10,4.5268e-10,100,3.74185,0.000182672,-1,0.000249938
tau_ms,self,conf25,10,246.932,231.628,15.3036,2.22562,28.3816,1.06607,1.1025,0.161743,2.04326,1.05592,2.46527,17.3323,0.0244066,,80,2.22999,0.0257481,-0.6,0.0272432
tau_ms,self,conf50,10,246.932,197.669,49.263,32.3343,66.1917,1.24922,2.74979,1.52731,3.97228,2.63361,6.14873,16.6754,1.16654e-05,,99,3.66626,0.000246128,-0.98,0.000249938
tau_ms,self,conf75,10,246.932,171.416,75.5162,58.7131,92.3193,1.44054,4.245,2.66422,5.82578,4.06563,9.49211,16.763,3.74471e-08,,100,3.74185,0.000182672,-1,0.000249938
tau_ms,shuffle,randmat,10,241.602,238.172,3.4307,-17.7409,24.6023,1.0144,0.152254,-0.725538,1.03005,0.145821,0.34045,17.9914,0.737461,,52,0.113389,0.909722,-0.04,
tau_ms,shuffle,decorr,10,241.602,163.308,78.2939,60.4733,96.1145,1.47942,4.20131,2.63178,5.77084,4.02379,9.39441,14.4697,1.52946e-07,,100,3.74185,0.000182672,-1,
tau_ms,shuffle,conf25,10,241.602,231.628,9.9737,-7.63826,27.5857,1.04306,0.54343,-0.349124,1.43598,0.520468,1.21515,13.9331,0.244501,,64,1.0205,0.307489,-0.28,
tau_ms,shuffle,conf50,10,241.602,197.669,43.9331,23.6506,64.2156,1.22226,2.03709,0.956898,3.11728,1.95102,4.55507,17.7632,0.000253072,,93,3.2127,0.00131494,-0.86,
tau_ms,shuffle,conf75,10,241.602,171.416,70.1863,49.9981,90.3745,1.40945,3.27022,1.93032,4.61012,3.13204,7.31243,17.7172,9.46188e-07,,100,3.74185,0.000182672,-1,
tau_ms,randmat,decorr,10,238.172,163.308,74.8632,57.3504,92.376,1.45842,4.08299,2.54374,5.62224,3.91047,9.12985,14.6609,1.96592e-07,,100,3.74185,0.000182672,-1,
tau_ms,randmat,conf25,10,238.172,231.628,6.543,-10.7553,23.8413,1.02825,0.362527,-0.521166,1.24622,0.347209,0.810634,14.1154,0.431032,,60,0.718132,0.472676,-0.2,
tau_ms,randmat,conf50,10,238.172,197.669,40.5024,20.4699,60.5349,1.2049,1.90083,0.844762,2.95691,1.82052,4.25039,17.8429,0.000489711,,91,3.06151,0.00220222,-0.82,
tau_ms,randmat,conf75,10,238.172,171.416,66.7556,46.8192,86.692,1.38944,3.14854,1.83692,4.46015,3.0155,7.04034,17.8046,1.52984e-06,,99,3.66626,0.000246128,-0.98,
tau_ms,decorr,conf25,10,163.308,231.628,-68.3202,-80.4036,-56.2368,0.705044,-5.31386,-7.17935,-3.44836,-5.08933,-11.8821,17.9284,6.20563e-10,,0,-3.74185,0.000182672,1,
tau_ms,decorr,conf50,10,163.308,197.669,-34.3608,-50.6473,-18.0743,0.82617,-2.0054,-3.07989,-0.930918,-1.92067,-4.48422,15.5026,0.000404302,,6,-3.28829,0.00100798,0.88,
tau_ms,decorr,conf75,10,163.308,171.416,-8.1076,-24.2605,8.04527,0.952702,-0.476844,-1.36574,0.412048,-0.456695,-1.06625,15.6017,0.302531,,38,-0.869318,0.384673,0.24,
tau_ms,conf25,conf50,10,231.628,197.669,33.9594,17.914,50.0048,1.1718,2.0182,0.941417,3.09498,1.93292,4.51283,14.9345,0.00041695,,93,3.2127,0.00131494,-0.86,
tau_ms,conf25,conf75,10,231.628,171.416,60.2126,44.304,76.1212,1.35127,3.60713,2.18661,5.02764,3.45471,8.06578,15.0331,7.66686e-07,,100,3.74185,0.000182672,-1,
tau_ms,conf50,conf75,10,197.669,171.416,26.2532,7.29994,45.2065,1.15315,1.30145,0.336588,2.26631,1.24646,2.91013,17.9978,0.00933965,,84,2.53236,0.0113297,-0.68,
dim,rest,flow,10,25.2512,51.3502,-26.099,-28.5993,-23.5988,0.491745,-10.4185,-13.764,-7.07295,-9.97826,-23.2964,9.88152,5.78609e-10,,0,-3.74185,0.000182672,1,
dim,rest,self,10,25.2512,50.4211,-25.1699,-27.0585,-23.2814,0.500806,-13.1848,-17.3637,-9.00593,-12.6277,-29.4822,10.5655,1.72403e-11,,0,-3.74185,0.000182672,1,0.000249938
dim,rest,shuffle,10,25.2512,51.8109,-26.5597,-29.7269,-23.3926,0.487372,-8.41049,-11.1603,-5.66066,-8.05512,-18.8064,9.54561,7.28844e-09,,0,-3.74185,0.000182672,1,
dim,rest,randmat,10,25.2512,49.4298,-24.1787,-26.5297,-21.8276,0.510849,-10.2479,-13.5424,-6.95333,-9.81485,-22.9149,9.9993,5.66023e-10,,0,-3.74185,0.000182672,1,
dim,rest,decorr,10,25.2512,59.0123,-33.7612,-38.0592,-29.4631,0.427897,-7.90847,-10.5113,-5.30563,-7.57431,-17.6839,9.29471,1.80359e-08,,0,-3.74185,0.000182672,1,
dim,rest,conf25,10,25.2512,52.8474,-27.5963,-29.6722,-25.5203,0.477813,-13.1961,-17.3784,-9.01376,-12.6385,-29.5073,10.2889,2.78738e-11,,0,-3.74185,0.000182672,1,
dim,rest,conf50,10,25.2512,55.4453,-30.1941,-32.8267,-27.5615,0.455425,-11.4616,-15.12,-7.80309,-10.9773,-25.6288,9.79374,2.64494e-10,,0,-3.74185,0.000182672,1,
dim,rest,conf75,10,25.2512,56.6456,-31.3944,-35.1859,-27.603,0.445774,-8.32559,-11.0505,-5.60069,-7.97381,-18.6166,9.3794,1.00691e-08,,0,-3.74185,0.000182672,1,
dim,flow,self,10,51.3502,50.4211,0.92908,-1.95762,3.81578,1.01843,0.304128,-0.577447,1.1857,0.291278,0.680052,16.6746,0.505804,0.80645,52,0.113389,0.909722,-0.04,0.511622
dim,flow,shuffle,10,51.3502,51.8109,-0.46071,-4.19378,3.27236,0.991108,-0.116419,-0.993684,0.760846,-0.1115,-0.260321,17.0498,0.797734,,38,-0.869318,0.384673,0.24,
dim,flow,randmat,10,51.3502,49.4298,1.92034,-1.23261,5.07329,1.03885,0.572413,-0.321879,1.46671,0.548227,1.27995,17.9289,0.216876,,64,1.0205,0.307489,-0.28,
dim,flow,decorr,10,51.3502,59.0123,-7.66215,-12.3403,-2.98405,0.87016,-1.56689,-2.56893,-0.564858,-1.50069,-3.50368,14.4035,0.00337721,,13,-2.75914,0.00579536,0.74,
dim,flow,conf25,10,51.3502,52.8474,-1.49726,-4.48517,1.49065,0.971668,-0.472028,-1.36067,0.416617,-0.452083,-1.05549,17.3789,0.305655,,30,-1.47406,0.140465,0.4,
dim,flow,conf50,10,51.3502,55.4453,-4.09509,-7.43457,-0.755609,0.926142,-1.15238,-2.09886,-0.205899,-1.10369,-2.5768,17.9503,0.0190308,,21,-2.1544,0.031209,0.58,
dim,flow,conf75,10,51.3502,56.6456,-5.29544,-9.5359,-1.05498,0.906516,-1.18685,-2.13741,-0.236288,-1.1367,-2.65388,15.5275,0.0176586,,19,-2.30558,0.0211339,0.62,
dim,self,shuffle,10,50.4211,51.8109,-1.38979,-4.83953,2.05995,0.973176,-0.385022,-1.26963,0.499585,-0.368753,-0.860935,14.5644,0.403225,0.80645,35,-1.0961,0.273036,0.3,0.39915
dim,self,randmat,10,50.4211,49.4298,0.99126,-1.77773,3.76025,1.02005,0.337552,-0.545191,1.22029,0.323289,0.754789,17.1479,0.460617,,61,0.793725,0.427355,-0.22,0.457386
dim,self,decorr,10,50.4211,59.0123,-8.59123,-13.0761,-4.10635,0.854416,-1.86233,-2.91179,-0.812867,-1.78364,-4.1643,12.2501,0.00125719,0.00377158,7,-3.2127,0.00131494,0.86,0.000499875
dim,self,conf25,10,50.4211,52.8474,-2.42634,-4.98922,0.136543,0.954088,-0.890118,-1.80902,0.0287848,-0.852507,-1.99036,17.8284,0.0621084,,21,-2.1544,0.031209,0.58,0.0562359
dim,self,conf50,10,50.4211,55.4453,-5.02417,-8.01818,-2.03016,0.909385,-1.58902,-2.5944,-0.583646,-1.52188,-3.55316,16.2355,0.00259771,,12,-2.83473,0.00458639,0.76,0.00249938
dim,self,conf75,10,50.4211,56.6456,-6.22452,-10.2373,-2.21169,0.890115,-1.49755,-2.48935,-0.50575,-1.43427,-3.34863,13.094,0.00518758,,16,-2.53236,0.0113297,0.68,0.00324919
dim,shuffle,randmat,10,51.8109,49.4298,2.38105,-1.27476,6.03686,1.04817,0.615772,-0.281282,1.51283,0.589754,1.37691,16.562,0.186869,,70,1.47406,0.140465,-0.4,
dim,shuffle,decorr,10,51.8109,59.0123,-7.20144,-12.1701,-2.23274,0.877967,-1.37054,-2.34454,-0.396532,-1.31263,-3.06461,16.524,0.00719613,,15,-2.60795,0.0091085,0.7,
dim,shuffle,conf25,10,51.8109,52.8474,-1.03655,-4.56345,2.49035,0.980386,-0.27945,-1.16024,0.60134,-0.267642,-0.62487,15.4425,0.54118,,37,-0.944911,0.344704,0.26,
dim,shuffle,conf50,10,51.8109,55.4453,-3.63438,-7.44003,0.171271,0.934451,-0.899501,-1.81928,0.0202789,-0.861494,-2.01135,17.3996,0.0600424,,21,-2.1544,0.031209,0.58,
dim,shuffle,conf75,10,51.8109,56.6456,-4.83473,-9.41014,-0.25932,0.91465,-0.995121,-1.92431,-0.0659311,-0.953073,-2.22516,17.4356,0.0395354,,25,-1.85203,0.0640221,0.5,
dim,randmat,decorr,10,49.4298,59.0123,-9.58249,-14.2069,-4.95811,0.837619,-1.9893,-3.0609,-0.917693,-1.90524,-4.44821,13.8721,0.000563305,,4,-3.43948,0.00058284,0.92,
dim,randmat,conf25,10,49.4298,52.8474,-3.4176,-6.29435,-0.540855,0.935331,-1.11751,-2.05997,-0.175054,-1.07029,-2.49883,17.7116,0.022539,,19,-2.30558,0.0211339,0.62,
dim,randmat,conf50,10,49.4298,55.4453,-6.01543,-9.2623,-2.76856,0.891507,-1.74237,-2.77186,-0.712881,-1.66875,-3.89605,17.7642,0.0010814,,10,-2.98592,0.00282727,0.8,
dim,randmat,conf75,10,49.4298,56.6456,-7.21578,-11.3933,-3.03822,0.872615,-1.64683,-2.6611,-0.632557,-1.57724,-3.68242,14.9612,0.00222614,,11,-2.91033,0.00361051,0.78,
dim,decorr,conf25,10,59.0123,52.8474,6.16489,1.62841,10.7014,1.11665,1.31405,0.347552,2.28055,1.25853,2.93831,12.8939,0.0116139,,82,2.38118,0.0172575,-0.64,
dim,decorr,conf50,10,59.0123,55.4453,3.56706,-1.16222,8.29634,1.06433,0.719526,-0.184914,1.62397,0.689124,1.60891,14.8661,0.128662,,64,1.0205,0.307489,-0.28,
dim,decorr,conf75,10,59.0123,56.6456,2.36671,-2.94231,7.67573,1.04178,0.419323,-0.46678,1.30543,0.401605,0.937634,17.7199,0.361038,,62,0.869318,0.384673,-0.24,
dim,conf25,conf50,10,52.8474,55.4453,-2.59783,-5.68762,0.491962,0.953146,-0.793217,-1.70356,0.117122,-0.759701,-1.77369,17.0251,0.0940013,,25,-1.85203,0.0640221,0.5,
dim,conf25,conf75,10,52.8474,56.6456,-3.79818,-7.87217,0.275815,0.932948,-0.89511,-1.81448,0.0242587,-0.857288,-2.00153,13.8565,0.0653152,,31,-1.39847,0.161972,0.38,
dim,conf50,conf75,10,55.4453,56.6456,-1.20035,-5.50041,3.09971,0.978809,-0.26465,-1.145,0.615702,-0.253467,-0.591774,15.9971,0.562272,,45,-0.340168,0.73373,0.1,
pop_rate_sd_hz,rest,flow,10,0.0483088,1.02921,-0.980899,-1.01198,-0.949819,0.0469379,-31.9131,-41.8417,-21.9846,-30.5647,-71.3599,9.02949,9.72248e-14,,0,-3.74185,0.000182672,1,
pop_rate_sd_hz,rest,self,10,0.0483088,1.02575,-0.977441,-1.00171,-0.953168,0.0470961,-40.7047,-53.3494,-28.06,-38.9848,-91.0185,9.04837,1.02449e-14,,0,-3.74185,0.000182672,1,0.000249938
pop_rate_sd_hz,rest,shuffle,10,0.0483088,1.02409,-0.975783,-1.00891,-0.942656,0.0471723,-29.7866,-39.0589,-20.5143,-28.528,-66.6049,9.02596,1.82727e-13,,0,-3.74185,0.000182672,1,
pop_rate_sd_hz,rest,randmat,10,0.0483088,1.03947,-0.991165,-1.0106,-0.971731,0.0464743,-51.5314,-67.5249,-35.5379,-49.354,-115.228,9.0755,1.11368e-15,,0,-3.74185,0.000182672,1,
pop_rate_sd_hz,rest,decorr,10,0.0483088,0.898512,-0.850203,-0.884479,-0.815926,0.0537654,-25.0835,-32.906,-17.2609,-24.0236,-56.0883,9.02424,8.62588e-13,,0,-3.74185,0.000182672,1,
pop_rate_sd_hz,rest,conf25,10,0.0483088,0.972953,-0.924644,-0.941965,-0.907322,0.0496518,-53.918,-70.65,-37.186,-51.6398,-120.564,9.09507,6.9321e-16,,0,-3.74185,0.000182672,1,
pop_rate_sd_hz,rest,conf50,10,0.0483088,0.93298,-0.884671,-0.908822,-0.86052,0.0517791,-37.0275,-48.5356,-25.5193,-35.4629,-82.796,9.04886,2.40746e-14,,0,-3.74185,0.000182672,1,
pop_rate_sd_hz,rest,conf75,10,0.0483088,0.900663,-0.852354,-0.888919,-0.815789,0.0536369,-23.5743,-30.9324,-16.2163,-22.5782,-52.7138,9.0213,1.51847e-12,,0,-3.74185,0.000182672,1,
pop_rate_sd_hz,flow,self,10,1.02921,1.02575,0.0034575,-0.0333073,0.0402223,1.00337,0.0887336,-0.78822,0.965687,0.0849843,0.198414,17.0006,0.845074,1,54,0.264575,0.791337,-0.08,0.842789
pop_rate_sd_hz,flow,shuffle,10,1.02921,1.02409,0.0051158,-0.0370702,0.0473018,1.005,0.113972,-0.763262,0.991206,0.109156,0.254848,17.9272,0.801741,,56,0.415761,0.677585,-0.12,
pop_rate_sd_hz,flow,randmat,10,1.02921,1.03947,-0.0102662,-0.0447678,0.0242354,0.990124,-0.283471,-1.16439,0.597442,-0.271494,-0.633861,15.1001,0.535656,,47,-0.188982,0.850107,0.06,
pop_rate_sd_hz,flow,decorr,10,1.02921,0.898512,0.130696,0.0877081,0.173684,1.14546,2.85849,1.61229,4.10468,2.73771,6.39178,17.83,5.33827e-06,,99,3.66626,0.000246128,-0.98,
pop_rate_sd_hz,flow,conf25,10,1.02921,0.972953,0.0562551,0.022558,0.0899522,1.05782,1.60029,0.5932,2.60738,1.53267,3.57836,14.093,0.00299718,,86,2.68355,0.00728456,-0.72,
pop_rate_sd_hz,flow,conf50,10,1.02921,0.93298,0.0962282,0.0595273,0.132929,1.10314,2.47433,1.30974,3.63891,2.36978,5.53276,16.9634,3.68071e-05,,95,3.36388,0.000768539,-0.9,
pop_rate_sd_hz,flow,conf75,10,1.02921,0.900663,0.128545,0.0839053,0.173184,1.14272,2.71062,1.49657,3.92467,2.59609,6.06114,17.5441,1.11045e-05,,98,3.59066,0.000329839,-0.96,
pop_rate_sd_hz,self,shuffle,10,1.02575,1.02409,0.0016583,-0.0367186,0.0400352,1.00162,0.0408655,-0.835749,0.91748,0.0391388,0.091378,16.4998,0.928292,1,52,0.113389,0.909722,-0.04,0.929018
pop_rate_sd_hz,self,randmat,10,1.02575,1.03947,-0.0137237,-0.0426831,0.0152357,0.986797,-0.44679,-1.33418,0.440601,-0.427911,-0.999052,17.1759,0.331637,,39,-0.793725,0.427355,0.22,0.31917
pop_rate_sd_hz,self,decorr,10,1.02575,0.898512,0.127239,0.0879344,0.166543,1.14161,3.06586,1.77319,4.35852,2.93631,6.85547,16.2107,3.60386e-06,1.08116e-05,100,3.74185,0.000182672,-1,0.000249938
pop_rate_sd_hz,self,conf25,10,1.02575,0.972953,0.0527976,0.0249105,0.0806847,1.05427,1.79246,0.754743,2.83017,1.71672,4.00805,16.2743,0.000984332,,91,3.06151,0.00220222,-0.82,0.00174956
pop_rate_sd_hz,self,conf50,10,1.02575,0.93298,0.0927707,0.0609866,0.124555,1.09943,2.74238,1.5215,3.96325,2.6265,6.13214,17.9995,8.60864e-06,,97,3.51507,0.000439639,-0.94,0.000249938
pop_rate_sd_hz,self,conf75,10,1.02575,0.900663,0.125087,0.0838951,0.16628,1.13888,2.88432,1.63242,4.13621,2.76244,6.44953,15.6398,8.95974e-06,,97,3.51507,0.000439639,-0.94,0.000499875
pop_rate_sd_hz,shuffle,randmat,10,1.02409,1.03947,-0.015382,-0.0516555,0.0208915,0.985202,-0.405348,-1.29083,0.48013,-0.38822,-0.906385,14.5341,0.379514,,34,-1.17169,0.241322,0.32,
pop_rate_sd_hz,shuffle,decorr,10,1.02409,0.898512,0.12558,0.0813181,0.169843,1.13976,2.66593,1.46142,3.87044,2.55329,5.96121,17.9791,1.22622e-05,,99,3.66626,0.000246128,-0.98,
pop_rate_sd_hz,shuffle,conf25,10,1.02409,0.972953,0.0511393,0.0156077,0.0866709,1.05256,1.38459,0.408681,2.3605,1.32609,3.09604,13.5731,0.00814398,,84,2.53236,0.0113297,-0.68,
pop_rate_sd_hz,shuffle,conf50,10,1.02409,0.93298,0.0911124,0.0527952,0.12943,1.09766,2.24924,1.12935,3.36912,2.1542,5.02944,16.4577,0.000113409,,97,3.51507,0.000439639,-0.94,
pop_rate_sd_hz,shuffle,conf75,10,1.02409,0.900663,0.123429,0.0775862,0.169272,1.13704,2.53147,1.35515,3.70779,2.42451,5.66054,17.8271,2.35914e-05,,99,3.66626,0.000246128,-0.98,
pop_rate_sd_hz,randmat,decorr,10,1.03947,0.898512,0.140962,0.103678,0.178247,1.15688,3.6207,2.19687,5.04452,3.46771,8.09612,14.2396,1.06148e-06,,100,3.74185,0.000182672,-1,
pop_rate_sd_hz,randmat,conf25,10,1.03947,0.972953,0.0665213,0.0423433,0.0906993,1.06837,2.58747,1.3995,3.77543,2.47814,5.78575,17.7659,1.84518e-05,,97,3.51507,0.000439639,-0.94,
pop_rate_sd_hz,randmat,conf50,10,1.03947,0.93298,0.106494,0.0776283,0.135361,1.11414,3.47771,2.08854,4.86689,3.33077,7.7764,17.2101,4.93783e-07,,100,3.74185,0.000182672,-1,
pop_rate_sd_hz,randmat,conf75,10,1.03947,0.900663,0.138811,0.0994856,0.178136,1.15412,3.39258,2.02377,4.76139,3.24923,7.58604,13.7042,2.88314e-06,,100,3.74185,0.000182672,-1,
pop_rate_sd_hz,decorr,conf25,10,0.898512,0.972953,-0.0744411,-0.111016,-0.0378666,0.923489,-1.96178,-3.02851,-0.895062,-1.87889,-4.38668,13.3095,0.000696676,,4,-3.43948,0.00058284,0.92,
pop_rate_sd_hz,decorr,conf50,10,0.898512,0.93298,-0.034468,-0.0737148,0.00477878,0.963056,-0.831915,-1.74557,0.0817349,-0.796764,-1.86022,16.1669,0.0811457,,36,-1.0205,0.307489,0.28,
pop_rate_sd_hz,decorr,conf75,10,0.898512,0.900663,-0.0021514,-0.0487,0.0443972,0.997611,-0.0434379,-0.920064,0.833188,-0.0416025,-0.0971302,17.9253,0.923701,,52,0.113389,0.909722,-0.04,
pop_rate_sd_hz,conf25,conf50,10,0.972953,0.93298,0.0399731,0.012185,0.0677612,1.04284,1.36161,0.388813,2.33442,1.30408,3.04466,16.3174,0.00759034,,82,2.38118,0.0172575,-0.64,
pop_rate_sd_hz,conf25,conf75,10,0.972953,0.900663,0.0722897,0.033616,0.110963,1.08026,1.80823,0.767891,2.84856,1.73182,4.04332,12.8401,0.00142761,,92,3.13711,0.00170625,-0.84,
pop_rate_sd_hz,conf50,conf75,10,0.93298,0.900663,0.0323166,-0.0088222,0.0734554,1.03588,0.746318,-0.160204,1.65284,0.714784,1.66882,15.5945,0.115102,,69,1.39847,0.161972,-0.38,
bumpR,rest,flow,10,0,0.320213,-0.320213,-0.335076,-0.305351,0,-21.7963,-28.6075,-14.985,-20.8753,-48.738,9,3.23107e-12,,0,-3.99806,6.38644e-05,1,
bumpR,rest,self,10,0,0.311335,-0.311335,-0.323512,-0.299158,0,-25.8661,-33.9297,-17.8025,-24.7732,-57.8384,9,6.95269e-13,,0,-3.99806,6.38644e-05,1,0.000249938
bumpR,rest,shuffle,10,0,0.319001,-0.319001,-0.343333,-0.29467,0,-13.2636,-17.4664,-9.06083,-12.7032,-29.6583,9,2.75082e-10,,0,-3.99806,6.38644e-05,1,
bumpR,rest,randmat,10,0,0.321399,-0.321399,-0.340624,-0.302174,0,-16.9128,-22.2268,-11.5988,-16.1982,-37.8182,9,3.13629e-11,,0,-3.99806,6.38644e-05,1,
bumpR,rest,decorr,10,0,0.268715,-0.268715,-0.291922,-0.245509,0,-11.7146,-15.4492,-7.97996,-11.2196,-26.1946,9,8.31388e-10,,0,-3.99806,6.38644e-05,1,
bumpR,rest,conf25,10,0,0.299129,-0.299129,-0.320852,-0.277407,0,-13.9313,-18.3366,-9.52593,-13.3426,-31.1513,9,1.77494e-10,,0,-3.99806,6.38644e-05,1,
bumpR,rest,conf50,10,0,0.295622,-0.295622,-0.304788,-0.286455,0,-32.6251,-42.7735,-22.4768,-31.2466,-72.952,9,8.64035e-14,,0,-3.99806,6.38644e-05,1,
bumpR,rest,conf75,10,0,0.286718,-0.286718,-0.303259,-0.270178,0,-17.5365,-23.0412,-12.0317,-16.7955,-39.2128,9,2.26806e-11,,0,-3.99806,6.38644e-05,1,
bumpR,flow,self,10,0.320213,0.311335,0.0088786,-0.00901542,0.0267726,1.02852,0.467485,-0.420929,1.3559,0.447732,1.04533,17.3294,0.310234,0.620468,68,1.32288,0.185877,-0.36,0.305674
bumpR,flow,shuffle,10,0.320213,0.319001,0.0012119,-0.0256688,0.0280926,1.0038,0.0430013,-0.833623,0.919625,0.0411843,0.0961537,14.8955,0.92468,,52,0.113389,0.909722,-0.04,
bumpR,flow,randmat,10,0.320213,0.321399,-0.001186,-0.0238572,0.0214852,0.99631,-0.0493757,-0.926032,0.82728,-0.0472894,-0.110407,16.9266,0.913385,,53,0.188982,0.850107,-0.06,
bumpR,flow,decorr,10,0.320213,0.268715,0.0514979,0.0255797,0.0774161,1.19164,1.89054,0.836244,2.94483,1.81066,4.22737,15.32,0.000700219,,90,2.98592,0.00282727,-0.8,
bumpR,flow,conf25,10,0.320213,0.299129,0.0210839,-0.00359236,0.0457602,1.07048,0.810399,-0.101393,1.72219,0.776157,1.81211,15.9118,0.088883,,72,1.62525,0.10411,-0.44,
bumpR,flow,conf50,10,0.320213,0.295622,0.0245918,0.00813682,0.0410468,1.08319,1.42472,0.443276,2.40616,1.36452,3.18577,14.9818,0.00614796,,85,2.60795,0.0091085,-0.7,
bumpR,flow,conf75,10,0.320213,0.286718,0.0334953,0.0128264,0.0541642,1.11682,1.52386,0.528215,2.5195,1.45947,3.40745,17.7979,0.00318002,,87,2.75914,0.00579536,-0.74,
bumpR,self,shuffle,10,0.311335,0.319001,-0.0076667,-0.0336026,0.0182692,0.975967,-0.285065,-1.16603,0.595898,-0.27302,-0.637424,13.2421,0.534715,0.620468,42,-0.566947,0.57075,0.16,0.537616
bumpR,self,randmat,10,0.311335,0.321399,-0.0100646,-0.0314796,0.0113504,0.968685,-0.447426,-1.33485,0.439996,-0.428521,-1.00047,15.2201,0.332722,,43,-0.491354,0.623176,0.14,0.326668
bumpR,self,decorr,10,0.311335,0.268715,0.0426193,0.0177046,0.067534,1.1586,1.64524,0.631215,2.65926,1.57572,3.67887,13.6068,0.00258972,0.00776916,87,2.75914,0.00579536,-0.74,0.00424894
bumpR,self,conf25,10,0.311335,0.299129,0.0122053,-0.011382,0.0357926,1.0408,0.495842,-0.394047,1.38573,0.474891,1.10874,14.1479,0.286036,,65,1.0961,0.273036,-0.3,0.270932
bumpR,self,conf50,10,0.311335,0.295622,0.0157132,0.00147993,0.0299465,1.05315,1.04297,0.108753,1.97718,0.9989,2.33215,16.7212,0.0324678,,79,2.1544,0.031209,-0.58,0.0294926
bumpR,self,conf75,10,0.311335,0.286718,0.0246167,0.00541991,0.0438135,1.08586,1.2125,0.25883,2.16616,1.16126,2.71122,16.5405,0.0150846,,81,2.30558,0.0211339,-0.62,0.0197451
bumpR,shuffle,randmat,10,0.319001,0.321399,-0.0023979,-0.0313085,0.0265127,0.992539,-0.0782288,-0.955087,0.798629,-0.0749233,-0.174925,17.0859,0.863195,,50,-0.0377964,0.96985,0,
bumpR,shuffle,decorr,10,0.319001,0.268715,0.050286,0.0190539,0.0815181,1.18713,1.51301,0.518955,2.50706,1.44908,3.38318,17.9598,0.00332086,,86,2.68355,0.00728456,-0.72,
bumpR,shuffle,conf25,10,0.319001,0.299129,0.019872,-0.0104481,0.0501921,1.06643,0.616358,-0.280735,1.51345,0.590315,1.37822,17.7733,0.18524,,66,1.17169,0.241322,-0.32,
bumpR,shuffle,conf50,10,0.319001,0.295622,0.0233799,-0.00178333,0.0485431,1.07909,0.909683,-0.0110581,1.83042,0.871246,2.03411,11.5045,0.0656614,,74,1.77643,0.0756616,-0.48,
bumpR,shuffle,conf75,10,0.319001,0.286718,0.0322834,0.00469164,0.0598752,1.1126,1.11008,0.16847,2.0517,1.06318,2.48222,15.8545,0.0246513,,80,2.22999,0.0257481,-0.6,
bumpR,randmat,decorr,10,0.321399,0.268715,0.0526839,0.0246271,0.0807407,1.19606,1.76865,0.73487,2.80244,1.69392,3.95483,17.398,0.000983257,,91,3.06151,0.00220222,-0.82,
bumpR,randmat,conf25,10,0.321399,0.299129,0.0222699,-0.00469903,0.0492388,1.07445,0.776675,-0.132293,1.68564,0.743858,1.7367,17.738,0.0997746,,75,1.85203,0.0640221,-0.5,
bumpR,randmat,conf50,10,0.321399,0.295622,0.0257778,0.00542005,0.0461356,1.0872,1.22442,0.269294,2.17955,1.17269,2.73789,12.8913,0.0170327,,80,2.22999,0.0257481,-0.6,
bumpR,randmat,conf75,10,0.321399,0.286718,0.0346813,0.01109,0.0582726,1.12096,1.38345,0.407693,2.3592,1.32499,3.09348,17.6077,0.0063913,,82,2.38118,0.0172575,-0.64,
bumpR,decorr,conf25,10,0.268715,0.299129,-0.030414,-0.0599442,-0.000883839,0.898325,-0.967984,-1.89442,-0.0415515,-0.927083,-2.16448,17.922,0.0441766,,26,-1.77643,0.0756616,0.48,
bumpR,decorr,conf50,10,0.268715,0.295622,-0.0269061,-0.0509966,-0.00281558,0.908985,-1.09094,-2.0304,-0.151474,-1.04484,-2.43941,11.742,0.0315923,,18,-2.38118,0.0172575,0.64,
bumpR,decorr,conf75,10,0.268715,0.286718,-0.0180026,-0.0446724,0.00866722,0.937211,-0.639093,-1.53771,0.259526,-0.612089,-1.42906,16.2686,0.171909,,33,-1.24728,0.212294,0.34,
bumpR,conf25,conf50,10,0.299129,0.295622,0.0035079,-0.0191785,0.0261943,1.01187,0.150519,-0.727244,1.02828,0.144159,0.33657,12.107,0.742203,,46,-0.264575,0.791337,0.08,
bumpR,conf25,conf75,10,0.299129,0.286718,0.0124114,-0.0130747,0.0378975,1.04329,0.459885,-0.428148,1.34792,0.440454,1.02834,16.8108,0.318362,,63,0.944911,0.344704,-0.26,
bumpR,conf50,conf75,10,0.295622,0.286718,0.0089035,-0.00902,0.026827,1.03105,0.476306,-0.412558,1.36517,0.456181,1.06505,14.052,0.304811,,64,1.0205,0.307489,-0.28,
anat_gain_integral,rest,flow,10,0,3.34566,-3.34566,-4.79177,-1.89954,0,-2.34054,-3.47825,-1.20283,-2.24164,-5.23361,9,0.000539331,,0,-3.99806,6.38644e-05,1,
anat_gain_integral,rest,self,10,0,4.08532,-4.08532,-6.40154,-1.76911,0,-1.78437,-2.82074,-0.747998,-1.70898,-3.98998,9,0.00315785,,0,-3.99806,6.38644e-05,1,0.000249938
anat_gain_integral,rest,shuffle,10,0,4.0225,-4.0225,-6.27992,-1.76509,0,-1.8027,-2.84211,-0.763281,-1.72653,-4.03095,9,0.00296873,,0,-3.99806,6.38644e-05,1,
anat_gain_integral,rest,randmat,10,0,3.50657,-3.50657,-5.49651,-1.51664,0,-1.78272,-2.81882,-0.746617,-1.70739,-3.98628,9,0.00317553,,0,-3.99806,6.38644e-05,1,
anat_gain_integral,rest,decorr,10,0,5.87177,-5.87177,-9.20517,-2.53838,0,-1.78205,-2.81804,-0.746063,-1.70676,-3.98479,9,0.00318267,,0,-3.99806,6.38644e-05,1,
anat_gain_integral,rest,conf25,10,0,5.15493,-5.15493,-7.39811,-2.91175,0,-2.32486,-3.45948,-1.19024,-2.22663,-5.19854,9,0.000565154,,0,-3.99806,6.38644e-05,1,
anat_gain_integral,rest,conf50,10,0,3.66199,-3.66199,-5.29021,-2.03377,0,-2.27532,-3.40025,-1.15038,-2.17918,-5.08776,9,0.000655908,,0,-3.99806,6.38644e-05,1,
anat_gain_integral,rest,conf75,10,0,6.05941,-6.05941,-8.93094,-3.18787,0,-2.13478,-3.23294,-1.03662,-2.04458,-4.77352,9,0.00101038,,0,-3.99806,6.38644e-05,1,
anat_gain_integral,flow,self,10,3.34566,4.08532,-0.739664,-3.31113,1.8318,0.818946,-0.274041,-1.15467,0.606586,-0.262462,-0.612775,15.091,0.549149,1,44,-0.415761,0.677585,0.12,0.548113
anat_gain_integral,flow,shuffle,10,3.34566,4.0225,-0.676843,-3.19821,1.84453,0.831736,-0.255415,-1.1355,0.624674,-0.244623,-0.571125,15.3221,0.576197,,47,-0.188982,0.850107,0.06,
anat_gain_integral,flow,randmat,10,3.34566,3.50657,-0.160917,-2.4612,2.13937,0.95411,-0.0661795,-0.942942,0.810583,-0.0633832,-0.147982,16.433,0.884158,,50,-0.0377964,0.96985,0,
anat_gain_integral,flow,decorr,10,3.34566,5.87177,-2.52612,-6.01723,0.964995,0.569787,-0.703329,-1.60654,0.199886,-0.673611,-1.57269,12.2718,0.141206,,37,-0.944911,0.344704,0.26,
anat_gain_integral,flow,conf25,10,3.34566,5.15493,-1.80927,-4.31859,0.700044,0.649021,-0.685815,-1.58774,0.216106,-0.656837,-1.53353,15.379,0.145458,,36,-1.0205,0.307489,0.28,
anat_gain_integral,flow,conf50,10,3.34566,3.66199,-0.316336,-2.34084,1.70817,0.913617,-0.146957,-1.02466,0.730748,-0.140747,-0.328605,17.7526,0.746299,,45,-0.340168,0.73373,0.1,
anat_gain_integral,flow,conf75,10,3.34566,6.05941,-2.71375,-5.77742,0.349921,0.552143,-0.853907,-1.7695,0.0616897,-0.817827,-1.90939,13.2892,0.0780385,,29,-1.54965,0.121225,0.42,
anat_gain_integral,self,shuffle,10,4.08532,4.0225,0.062821,-2.94111,3.06675,1.01562,0.0196499,-0.856894,0.896194,0.0188196,0.0439385,17.9881,0.965437,1,50,-0.0377964,0.96985,0,0.96151
anat_gain_integral,self,randmat,10,4.08532,3.50657,0.578747,-2.26186,3.41936,1.16505,0.191738,-0.686796,1.07027,0.183637,0.42874,17.6004,0.673314,,53,0.188982,0.850107,-0.06,0.672082
anat_gain_integral,self,decorr,10,4.08532,5.87177,-1.78645,-5.58939,2.01648,0.695756,-0.445244,-1.33256,0.442072,-0.426431,-0.995597,16.0478,0.334222,1,40,-0.718132,0.472676,0.2,0.338415
anat_gain_integral,self,conf25,10,4.08532,5.15493,-1.06961,-4.0644,1.92518,0.792508,-0.335595,-1.21827,0.547076,-0.321415,-0.750412,17.9816,0.462714,,36,-1.0205,0.307489,0.28,0.445139
anat_gain_integral,self,conf50,10,4.08532,3.66199,0.423328,-2.22789,3.07455,1.1156,0.151265,-0.726511,1.02904,0.144873,0.338238,16.1491,0.739541,,51,0.0377964,0.96985,-0.02,0.737566
anat_gain_integral,self,conf75,10,4.08532,6.05941,-1.97408,-5.41142,1.46325,0.674212,-0.541334,-1.43377,0.351098,-0.518461,-1.21046,17.2282,0.242448,,35,-1.0961,0.273036,0.3,0.236691
anat_gain_integral,shuffle,randmat,10,4.0225,3.50657,0.515926,-2.28202,3.31387,1.14713,0.173445,-0.704724,1.05161,0.166117,0.387836,17.7211,0.702757,,54,0.264575,0.791337,-0.08,
anat_gain_integral,shuffle,decorr,10,4.0225,5.87177,-1.84927,-5.62544,1.92689,0.685057,-0.46471,-1.35298,0.423565,-0.445074,-1.03912,15.8205,0.314369,,37,-0.944911,0.344704,0.26,
anat_gain_integral,shuffle,conf25,10,4.0225,5.15493,-1.13243,-4.08803,1.82317,0.780321,-0.359991,-1.24358,0.523602,-0.34478,-0.804965,17.9993,0.431345,,38,-0.869318,0.384673,0.24,
anat_gain_integral,shuffle,conf50,10,4.0225,3.66199,0.360507,-2.24304,2.96405,1.09845,0.131034,-0.746429,1.0085,0.125497,0.293001,16.3697,0.773203,,50,-0.0377964,0.96985,0,
anat_gain_integral,shuffle,conf75,10,4.0225,6.05941,-2.0369,-5.44279,1.36898,0.663844,-0.564162,-1.45795,0.329627,-0.540324,-1.2615,17.0497,0.224114,,33,-1.24728,0.212294,0.34,
anat_gain_integral,randmat,decorr,10,3.50657,5.87177,-2.3652,-6.02976,1.29936,0.597192,-0.616353,-1.51345,0.28074,-0.59031,-1.37821,14.6918,0.188768,,36,-1.0205,0.307489,0.28,
anat_gain_integral,randmat,conf25,10,3.50657,5.15493,-1.64836,-4.43608,1.13937,0.680237,-0.55612,-1.44942,0.337185,-0.532622,-1.24352,17.7477,0.229852,,30,-1.47406,0.140465,0.4,
anat_gain_integral,randmat,conf50,10,3.50657,3.66199,-0.155419,-2.55006,2.23922,0.957559,-0.0611519,-0.937879,0.815576,-0.058568,-0.13674,17.3212,0.892813,,46,-0.264575,0.791337,0.08,
anat_gain_integral,randmat,conf75,10,3.50657,6.05941,-2.55283,-5.82638,0.72072,0.578699,-0.739233,-1.6452,0.166732,-0.707997,-1.65297,16.0242,0.117791,,30,-1.47406,0.140465,0.4,
anat_gain_integral,decorr,conf25,10,5.87177,5.15493,0.716843,-3.05296,4.48665,1.13906,0.180495,-0.697811,1.0588,0.172868,0.403599,15.7642,0.691929,,51,0.0377964,0.96985,-0.02,
anat_gain_integral,decorr,conf50,10,5.87177,3.66199,2.20978,-1.33135,5.75091,1.60344,0.60261,-0.293585,1.49881,0.577148,1.34748,13.0633,0.200734,,61,0.793725,0.427355,-0.22,
anat_gain_integral,decorr,conf75,10,5.87177,6.05941,-0.187632,-4.28016,3.90489,0.969035,-0.0431443,-0.919769,0.83348,-0.0413213,-0.0964736,17.6139,0.924234,,44,-0.415761,0.677585,0.12,
anat_gain_integral,conf25,conf50,10,5.15493,3.66199,1.49294,-1.09915,4.08502,1.40768,0.544898,-0.347742,1.43754,0.521874,1.21843,16.423,0.240276,,66,1.17169,0.241322,-0.32,
anat_gain_integral,conf25,conf75,10,5.15493,6.05941,-0.904475,-4.30287,2.49392,0.850732,-0.251116,-1.13109,0.628854,-0.240506,-0.561514,17.0038,0.581774,,43,-0.491354,0.623176,0.14,
anat_gain_integral,conf50,conf75,10,3.66199,6.05941,-2.39741,-5.52213,0.727306,0.604349,-0.734735,-1.64035,0.170879,-0.70369,-1.64292,14.245,0.122283,,34,-1.17169,0.241322,0.32,
anat_resid_deg,flow,self,10,214.619,274.357,-59.7386,-171.951,52.474,0.78226,-0.520395,-1.41163,0.37084,-0.498406,-1.16364,11.6651,0.26782,0.80346,38,-0.869318,0.384673,0.24,0.290177
anat_resid_deg,flow,shuffle,10,214.619,257.669,-43.0505,-123.815,37.7142,0.832924,-0.510424,-1.40111,0.380257,-0.488857,-1.14134,14.2537,0.27254,,36,-1.0205,0.307489,0.28,
anat_resid_deg,flow,randmat,10,214.619,200.732,13.8867,-59.0941,86.8675,1.06918,0.180971,-0.697344,1.05929,0.173324,0.404663,15.3961,0.691292,,69,1.39847,0.161972,-0.38,
anat_resid_deg,flow,decorr,10,214.619,330.109,-115.49,-210.222,-20.7595,0.650145,-1.17983,-2.12956,-0.23011,-1.12998,-2.63819,12.7904,0.0206966,,17,-2.45677,0.0140193,0.66,
anat_resid_deg,flow,conf25,10,214.619,275.017,-60.3984,-142.37,21.5736,0.780383,-0.706272,-1.60971,0.197164,-0.676429,-1.57927,14.0995,0.136441,,33,-1.24728,0.212294,0.34,
anat_resid_deg,flow,conf50,10,214.619,246.23,-31.6106,-99.1821,35.9609,0.871621,-0.442781,-1.32998,0.444417,-0.424072,-0.990088,16.3298,0.336576,,34,-1.17169,0.241322,0.32,
anat_resid_deg,flow,conf75,10,214.619,307.053,-92.4337,-176.008,-8.85962,0.698965,-1.06155,-1.99777,-0.125325,-1.01669,-2.37369,13.9039,0.0325731,,23,-2.00321,0.0451546,0.54,
anat_resid_deg,self,shuffle,10,274.357,257.669,16.6881,-106.328,139.704,1.06477,0.128656,-0.748772,1.00609,0.12322,0.287685,15.9305,0.777297,0.80346,52,0.113389,0.909722,-0.04,0.806798
anat_resid_deg,self,randmat,10,274.357,200.732,73.6253,-45.5874,192.838,1.36678,0.589487,-0.30587,1.48484,0.564579,1.31813,14.7738,0.207532,,70,1.47406,0.140465,-0.4,0.208198
anat_resid_deg,self,decorr,10,274.357,330.109,-55.7519,-186.582,75.0782,0.831111,-0.401383,-1.28669,0.483921,-0.384424,-0.897521,17.3957,0.381695,0.80346,32,-1.32288,0.185877,0.36,0.390652
anat_resid_deg,self,conf25,10,274.357,275.017,-0.6598,-124.302,122.983,0.997601,-0.00505682,-0.881581,0.871467,-0.00484315,-0.0113074,16.0905,0.991117,,44,-0.415761,0.677585,0.12,0.991502
anat_resid_deg,self,conf50,10,274.357,246.23,28.128,-88.6951,144.951,1.11423,0.23115,-0.648295,1.11059,0.221383,0.516866,13.8693,0.613393,,49,-0.0377964,0.96985,0.02,0.686328
anat_resid_deg,self,conf75,10,274.357,307.053,-32.6951,-157.184,91.7941,0.89352,-0.248626,-1.12853,0.631277,-0.23812,-0.555944,16.2939,0.585803,,36,-1.0205,0.307489,0.28,0.613597
anat_resid_deg,shuffle,randmat,10,257.669,200.732,56.9372,-34.918,148.792,1.28365,0.583085,-0.311869,1.47804,0.558448,1.30382,17.7075,0.208992,,70,1.47406,0.140465,-0.4,
anat_resid_deg,shuffle,decorr,10,257.669,330.109,-72.44,-180.776,35.8956,0.780558,-0.629821,-1.52781,0.268169,-0.603209,-1.40832,17.3945,0.176659,,33,-1.24728,0.212294,0.34,
anat_resid_deg,shuffle,conf25,10,257.669,275.017,-17.3479,-115.714,81.0179,0.936921,-0.165706,-1.04373,0.71232,-0.158704,-0.37053,17.994,0.715314,,46,-0.264575,0.791337,0.08,
anat_resid_deg,shuffle,conf50,10,257.669,246.23,11.4399,-76.7525,99.6323,1.04646,0.122342,-0.755,0.999684,0.117173,0.273565,17.0906,0.787698,,50,-0.0377964,0.96985,0,
anat_resid_deg,shuffle,conf75,10,257.669,307.053,-49.3832,-148.958,50.1914,0.83917,-0.466026,-1.35437,0.422315,-0.446334,-1.04206,17.9687,0.3112,,38,-0.869318,0.384673,0.24,
anat_resid_deg,randmat,decorr,10,200.732,330.109,-129.377,-233.019,-25.7358,0.608078,-1.18088,-2.13073,-0.231032,-1.13098,-2.64053,16.443,0.0175182,,19,-2.30558,0.0211339,0.62,
anat_resid_deg,randmat,conf25,10,200.732,275.017,-74.2851,-167.129,18.5589,0.729889,-0.752906,-1.65995,0.15414,-0.721093,-1.68355,17.6224,0.109899,,27,-1.70084,0.088973,0.46,
anat_resid_deg,randmat,conf50,10,200.732,246.23,-45.4973,-127.029,36.0344,0.815224,-0.524722,-1.4162,0.366757,-0.50255,-1.17331,17.8027,0.25613,,31,-1.39847,0.161972,0.38,
anat_resid_deg,randmat,conf75,10,200.732,307.053,-106.32,-200.486,-12.1546,0.653739,-1.06302,-1.9994,-0.126637,-1.0181,-2.37699,17.4983,0.0290985,,19,-2.30558,0.0211339,0.62,
anat_resid_deg,decorr,conf25,10,330.109,275.017,55.0921,-54.0083,164.192,1.20032,0.47542,-0.413399,1.36424,0.455332,1.06307,17.5005,0.3022,,65,1.0961,0.273036,-0.3,
anat_resid_deg,decorr,conf50,10,330.109,246.23,83.8799,-16.7602,184.52,1.34066,0.79217,-0.118081,1.70242,0.758698,1.77135,15.5168,0.096138,,67,1.24728,0.212294,-0.34,
anat_resid_deg,decorr,conf75,10,330.109,307.053,23.0568,-87.0728,133.186,1.07509,0.197008,-0.681638,1.07565,0.188684,0.440523,17.6243,0.664914,,52,0.113389,0.909722,-0.04,
anat_resid_deg,conf25,conf50,10,275.017,246.23,28.7878,-60.4579,118.034,1.11691,0.304412,-0.577172,1.186,0.29155,0.680686,16.9583,0.505259,,57,0.491354,0.623176,-0.14,
anat_resid_deg,conf25,conf75,10,275.017,307.053,-32.0353,-132.482,68.4115,0.895668,-0.299664,-1.18109,0.581764,-0.287002,-0.670069,17.9901,0.511324,,40,-0.718132,0.472676,0.2,
anat_resid_deg,conf50,conf75,10,246.23,307.053,-60.8231,-151.474,29.8278,0.801913,-0.633713,-1.53197,0.264541,-0.606936,-1.41702,16.7788,0.174776,,36,-1.0205,0.307489,0.28,
anat_gain_yaw,rest,flow,10,0,4.51709,-4.51709,-6.72902,-2.30517,0,-2.06598,-3.15143,-0.98053,-1.97868,-4.61967,9,0.00125494,,0,-3.99806,6.38644e-05,1,
anat_gain_yaw,rest,self,10,0,8.75844,-8.75844,-12.2372,-5.27966,0,-2.54705,-3.72659,-1.3675,-2.43943,-5.69537,9,0.000296039,,0,-3.99806,6.38644e-05,1,0.000249938
anat_gain_yaw,rest,shuffle,10,0,9.78317,-9.78317,-14.7971,-4.7692,0,-1.97395,-3.04283,-0.905074,-1.89054,-4.41389,9,0.00168606,,0,-3.99806,6.38644e-05,1,
anat_gain_yaw,rest,randmat,10,0,6.91407,-6.91407,-10.8356,-2.99257,0,-1.78369,-2.81995,-0.747429,-1.70832,-3.98845,9,0.00316512,,0,-3.99806,6.38644e-05,1,
anat_gain_yaw,rest,decorr,10,0,12.2767,-12.2767,-18.7327,-5.82068,0,-1.92378,-2.98383,-0.863723,-1.84249,-4.3017,9,0.0019857,,0,-3.99806,6.38644e-05,1,
anat_gain_yaw,rest,conf25,10,0,9.4813,-9.4813,-14.5506,-4.41196,0,-1.89214,-2.94672,-0.837572,-1.81219,-4.23096,9,0.00220348,,0,-3.99806,6.38644e-05,1,
anat_gain_yaw,rest,conf50,10,0,7.40809,-7.40809,-11.2257,-3.59052,0,-1.96316,-3.03013,-0.896198,-1.88021,-4.38977,9,0.00174614,,0,-3.99806,6.38644e-05,1,
anat_gain_yaw,rest,conf75,10,0,9.01321,-9.01321,-13.7034,-4.32304,0,-1.94415,-3.00776,-0.880529,-1.862,-4.34724,9,0.00185771,,0,-3.99806,6.38644e-05,1,
anat_gain_yaw,flow,self,10,4.51709,8.75844,-4.24135,-8.11996,-0.362739,0.515742,-1.04085,-1.97483,-0.106858,-0.996867,-2.3274,15.2548,0.0340958,0.102287,20,-2.22999,0.0257481,0.6,0.0252437
anat_gain_yaw,flow,shuffle,10,4.51709,9.78317,-5.26607,-10.5267,-0.00548775,0.461721,-0.972141,-1.89899,-0.0452904,-0.931064,-2.17377,12.3753,0.0497959,,23,-2.00321,0.0451546,0.54,
anat_gain_yaw,flow,randmat,10,4.51709,6.91407,-2.39698,-6.66005,1.86609,0.653319,-0.5386,-1.43087,0.353673,-0.515842,-1.20435,14.2004,0.248146,,41,-0.64254,0.520523,0.18,
anat_gain_yaw,flow,decorr,10,4.51709,12.2767,-7.75959,-14.3933,-1.12587,0.367941,-1.1503,-2.09654,-0.204062,-1.1017,-2.57215,11.0842,0.0258128,,26,-1.77643,0.0756616,0.48,
anat_gain_yaw,flow,conf25,10,4.51709,9.4813,-4.9642,-10.2766,0.348215,0.476422,-0.908012,-1.82859,0.0125705,-0.869645,-2.03038,12.3071,0.0645037,,27,-1.70084,0.088973,0.46,
anat_gain_yaw,flow,conf50,10,4.51709,7.40809,-2.89099,-7.06248,1.28049,0.609752,-0.66289,-1.56316,0.237384,-0.63488,-1.48227,14.4308,0.159776,,32,-1.32288,0.185877,0.36,
anat_gain_yaw,flow,conf75,10,4.51709,9.01321,-4.49612,-9.45566,0.463424,0.501164,-0.877157,-1.79486,0.0405478,-0.840094,-1.96138,12.8148,0.0719315,,29,-1.54965,0.121225,0.42,
anat_gain_yaw,self,shuffle,10,8.75844,9.78317,-1.02472,-6.74257,4.69312,0.895257,-0.169875,-1.04798,0.708227,-0.162697,-0.379851,16.0348,0.70904,0.70904,49,-0.0377964,0.96985,0.02,0.707323
anat_gain_yaw,self,randmat,10,8.75844,6.91407,1.84437,-3.02911,6.71785,1.26676,0.35594,-0.527496,1.23938,0.3409,0.795905,17.7477,0.436604,,66,1.17169,0.241322,-0.32,0.431392
anat_gain_yaw,self,decorr,10,8.75844,12.2767,-3.51824,-10.4799,3.44338,0.713421,-0.485339,-1.37467,0.403994,-0.464832,-1.08525,13.82,0.296379,0.592759,40,-0.718132,0.472676,0.2,0.297676
anat_gain_yaw,self,conf25,10,8.75844,9.4813,-0.722854,-6.48624,5.04053,0.92376,-0.118944,-0.996241,0.758353,-0.113918,-0.265966,15.938,0.793675,,52,0.113389,0.909722,-0.04,0.794301
anat_gain_yaw,self,conf50,10,8.75844,7.40809,1.35035,-3.44934,6.15005,1.18228,0.2645,-0.615846,1.14485,0.253324,0.591441,17.8468,0.561643,,56,0.415761,0.677585,-0.12,0.563109
anat_gain_yaw,self,conf75,10,8.75844,9.01321,-0.254768,-5.71097,5.20144,0.971734,-0.0441375,-0.920767,0.832492,-0.0422725,-0.0986945,16.6019,0.922563,,51,0.0377964,0.96985,-0.02,0.931767
anat_gain_yaw,shuffle,randmat,10,9.78317,6.91407,2.86909,-3.06728,8.80546,1.41496,0.455993,-0.431847,1.34383,0.436726,1.01963,17.0125,0.322185,,69,1.39847,0.161972,-0.38,
anat_gain_yaw,shuffle,decorr,10,9.78317,12.2767,-2.49352,-10.1187,5.13167,0.79689,-0.308602,-1.19033,0.573123,-0.295562,-0.690054,16.9608,0.499494,,44,-0.415761,0.677585,0.12,
anat_gain_yaw,shuffle,conf25,10,9.78317,9.4813,0.301868,-6.32007,6.92381,1.03184,0.0428312,-0.833792,0.919454,0.0410215,0.0957736,17.9978,0.924759,,57,0.491354,0.623176,-0.14,
anat_gain_yaw,shuffle,conf50,10,9.78317,7.40809,2.37508,-3.50747,8.25762,1.32061,0.381281,-0.50317,1.26573,0.365171,0.85257,16.8101,0.405882,,58,0.566947,0.57075,-0.16,
anat_gain_yaw,shuffle,conf75,10,9.78317,9.01321,0.769954,-5.6084,7.14831,1.08543,0.113454,-0.763774,0.990681,0.10866,0.253691,17.9204,0.802622,,54,0.264575,0.791337,-0.08,
anat_gain_yaw,randmat,decorr,10,6.91407,12.2767,-5.36261,-12.4863,1.76108,0.563187,-0.718216,-1.62256,0.186124,-0.687869,-1.60598,14.8455,0.129335,,30,-1.47406,0.140465,0.4,
anat_gain_yaw,randmat,conf25,10,6.91407,9.4813,-2.56722,-8.54655,3.4121,0.729233,-0.405233,-1.29071,0.480239,-0.388111,-0.90613,16.9313,0.377582,,36,-1.0205,0.307489,0.28,
anat_gain_yaw,randmat,conf50,10,6.91407,7.40809,-0.494016,-5.57705,4.58902,0.933314,-0.0913199,-0.968299,0.785659,-0.0874613,-0.204197,17.987,0.840492,,46,-0.264575,0.791337,0.08,
anat_gain_yaw,randmat,conf75,10,6.91407,9.01321,-2.09914,-7.78976,3.59149,0.767104,-0.347363,-1.23047,0.535745,-0.332685,-0.776726,17.4526,0.44772,,43,-0.491354,0.623176,0.14,
anat_gain_yaw,decorr,conf25,10,12.2767,9.4813,2.79539,-4.85884,10.4496,1.29483,0.344525,-0.538477,1.22753,0.329967,0.77038,17.0412,0.451623,,56,0.415761,0.677585,-0.12,
anat_gain_yaw,decorr,conf50,10,12.2767,7.40809,4.8686,-2.21484,11.952,1.6572,0.656697,-0.24314,1.55653,0.62895,1.46842,14.6082,0.163192,,65,1.0961,0.273036,-0.3,
anat_gain_yaw,decorr,conf75,10,12.2767,9.01321,3.26348,-4.19867,10.7256,1.36208,0.413737,-0.472114,1.29959,0.396255,0.925144,16.4303,0.36828,,60,0.718132,0.472676,-0.2,
anat_gain_yaw,conf25,conf50,10,9.4813,7.40809,2.07321,-3.85291,7.99932,1.27986,0.330505,-0.551981,1.21299,0.31654,0.739033,16.7239,0.470133,,54,0.264575,0.791337,-0.08,
anat_gain_yaw,conf25,conf75,10,9.4813,9.01321,0.468086,-5.94866,6.88483,1.05193,0.0685682,-0.808212,0.945348,0.065671,0.153323,17.8923,0.879859,,53,0.188982,0.850107,-0.06,
anat_gain_yaw,conf50,conf75,10,7.40809,9.01321,-1.60512,-7.23817,4.02792,0.821915,-0.268518,-1.14898,0.611945,-0.257173,-0.600425,17.2876,0.556013,,44,-0.415761,0.677585,0.12,
turned_deg,rest,flow,10,0,-60.8996,60.8996,60.7591,61.0402,-0,438.419,302.551,574.287,419.895,980.335,9,6.08811e-24,,100,3.99806,6.38644e-05,-1,
turned_deg,rest,self,10,0,-60.8996,60.8996,60.7591,61.0402,-0,438.419,302.551,574.287,419.895,980.335,9,6.08811e-24,,100,3.99806,6.38644e-05,-1,0.000249938
turned_deg,rest,shuffle,10,0,-60.8996,60.8996,60.7591,61.0402,-0,438.419,302.551,574.287,419.895,980.335,9,6.08811e-24,,100,3.99806,6.38644e-05,-1,
turned_deg,rest,randmat,10,0,-60.8996,60.8996,60.7591,61.0402,-0,438.419,302.551,574.287,419.895,980.335,9,6.08811e-24,,100,3.99806,6.38644e-05,-1,
turned_deg,rest,decorr,10,0,-60.8996,60.8996,60.7591,61.0402,-0,438.419,302.551,574.287,419.895,980.335,9,6.08811e-24,,100,3.99806,6.38644e-05,-1,
turned_deg,rest,conf25,10,0,-60.8996,60.8996,60.7591,61.0402,-0,438.419,302.551,574.287,419.895,980.335,9,6.08811e-24,,100,3.99806,6.38644e-05,-1,
turned_deg,rest,conf50,10,0,-60.8996,60.8996,60.7591,61.0402,-0,438.419,302.551,574.287,419.895,980.335,9,6.08811e-24,,100,3.99806,6.38644e-05,-1,
turned_deg,rest,conf75,10,0,-60.8996,60.8996,60.7591,61.0402,-0,438.419,302.551,574.287,419.895,980.335,9,6.08811e-24,,100,3.99806,6.38644e-05,-1,
turned_deg,flow,self,10,-60.8996,-60.8996,0,-0.184572,0.184572,1,0,-0.876523,0.876523,0,0,18,1,1,50,-0.0379393,0.969736,0,1
turned_deg,flow,shuffle,10,-60.8996,-60.8996,0,-0.184572,0.184572,1,0,-0.876523,0.876523,0,0,18,1,,50,-0.0379393,0.969736,0,
turned_deg,flow,randmat,10,-60.8996,-60.8996,0,-0.184572,0.184572,1,0,-0.876523,0.876523,0,0,18,1,,50,-0.0379393,0.969736,0,
turned_deg,flow,decorr,10,-60.8996,-60.8996,0,-0.184572,0.184572,1,0,-0.876523,0.876523,0,0,18,1,,50,-0.0379393,0.969736,0,
turned_deg,flow,conf25,10,-60.8996,-60.8996,0,-0.184572,0.184572,1,0,-0.876523,0.876523,0,0,18,1,,50,-0.0379393,0.969736,0,
turned_deg,flow,conf50,10,-60.8996,-60.8996,0,-0.184572,0.184572,1,0,-0.876523,0.876523,0,0,18,1,,50,-0.0379393,0.969736,0,
turned_deg,flow,conf75,10,-60.8996,-60.8996,0,-0.184572,0.184572,1,0,-0.876523,0.876523,0,0,18,1,,50,-0.0379393,0.969736,0,
turned_deg,self,shuffle,10,-60.8996,-60.8996,0,-0.184572,0.184572,1,0,-0.876523,0.876523,0,0,18,1,1,50,-0.0379393,0.969736,0,1
turned_deg,self,randmat,10,-60.8996,-60.8996,0,-0.184572,0.184572,1,0,-0.876523,0.876523,0,0,18,1,,50,-0.0379393,0.969736,0,1
turned_deg,self,decorr,10,-60.8996,-60.8996,0,-0.184572,0.184572,1,0,-0.876523,0.876523,0,0,18,1,1,50,-0.0379393,0.969736,0,1
turned_deg,self,conf25,10,-60.8996,-60.8996,0,-0.184572,0.184572,1,0,-0.876523,0.876523,0,0,18,1,,50,-0.0379393,0.969736,0,1
turned_deg,self,conf50,10,-60.8996,-60.8996,0,-0.184572,0.184572,1,0,-0.876523,0.876523,0,0,18,1,,50,-0.0379393,0.969736,0,1
turned_deg,self,conf75,10,-60.8996,-60.8996,0,-0.184572,0.184572,1,0,-0.876523,0.876523,0,0,18,1,,50,-0.0379393,0.969736,0,1
turned_deg,shuffle,randmat,10,-60.8996,-60.8996,0,-0.184572,0.184572,1,0,-0.876523,0.876523,0,0,18,1,,50,-0.0379393,0.969736,0,
turned_deg,shuffle,decorr,10,-60.8996,-60.8996,0,-0.184572,0.184572,1,0,-0.876523,0.876523,0,0,18,1,,50,-0.0379393,0.969736,0,
turned_deg,shuffle,conf25,10,-60.8996,-60.8996,0,-0.184572,0.184572,1,0,-0.876523,0.876523,0,0,18,1,,50,-0.0379393,0.969736,0,
turned_deg,shuffle,conf50,10,-60.8996,-60.8996,0,-0.184572,0.184572,1,0,-0.876523,0.876523,0,0,18,1,,50,-0.0379393,0.969736,0,
turned_deg,shuffle,conf75,10,-60.8996,-60.8996,0,-0.184572,0.184572,1,0,-0.876523,0.876523,0,0,18,1,,50,-0.0379393,0.969736,0,
turned_deg,randmat,decorr,10,-60.8996,-60.8996,0,-0.184572,0.184572,1,0,-0.876523,0.876523,0,0,18,1,,50,-0.0379393,0.969736,0,
turned_deg,randmat,conf25,10,-60.8996,-60.8996,0,-0.184572,0.184572,1,0,-0.876523,0.876523,0,0,18,1,,50,-0.0379393,0.969736,0,
turned_deg,randmat,conf50,10,-60.8996,-60.8996,0,-0.184572,0.184572,1,0,-0.876523,0.876523,0,0,18,1,,50,-0.0379393,0.969736,0,
turned_deg,randmat,conf75,10,-60.8996,-60.8996,0,-0.184572,0.184572,1,0,-0.876523,0.876523,0,0,18,1,,50,-0.0379393,0.969736,0,
turned_deg,decorr,conf25,10,-60.8996,-60.8996,0,-0.184572,0.184572,1,0,-0.876523,0.876523,0,0,18,1,,50,-0.0379393,0.969736,0,
turned_deg,decorr,conf50,10,-60.8996,-60.8996,0,-0.184572,0.184572,1,0,-0.876523,0.876523,0,0,18,1,,50,-0.0379393,0.969736,0,
turned_deg,decorr,conf75,10,-60.8996,-60.8996,0,-0.184572,0.184572,1,0,-0.876523,0.876523,0,0,18,1,,50,-0.0379393,0.969736,0,
turned_deg,conf25,conf50,10,-60.8996,-60.8996,0,-0.184572,0.184572,1,0,-0.876523,0.876523,0,0,18,1,,50,-0.0379393,0.969736,0,
turned_deg,conf25,conf75,10,-60.8996,-60.8996,0,-0.184572,0.184572,1,0,-0.876523,0.876523,0,0,18,1,,50,-0.0379393,0.969736,0,
turned_deg,conf50,conf75,10,-60.8996,-60.8996,0,-0.184572,0.184572,1,0,-0.876523,0.876523,0,0,18,1,,50,-0.0379393,0.969736,0,
ring_pc12_var,rest,flow,10,0,0.412784,-0.412784,-0.445355,-0.380213,0,-12.8213,-16.8901,-8.75247,-12.2796,-28.6693,9,3.72193e-10,,0,-3.99806,6.38644e-05,1,
ring_pc12_var,rest,self,10,0,0.417449,-0.417449,-0.439975,-0.394923,0,-18.748,-24.6236,-12.8723,-17.9558,-41.9217,9,1.24694e-11,,0,-3.99806,6.38644e-05,1,0.000249938
ring_pc12_var,rest,shuffle,10,0,0.428377,-0.428377,-0.456382,-0.400371,0,-15.4748,-20.3499,-10.5998,-14.8209,-34.6027,9,6.94343e-11,,0,-3.99806,6.38644e-05,1,
ring_pc12_var,rest,randmat,10,0,0.422782,-0.422782,-0.441884,-0.403679,0,-22.3907,-29.3847,-15.3967,-21.4446,-50.0671,9,2.53822e-12,,0,-3.99806,6.38644e-05,1,
ring_pc12_var,rest,decorr,10,0,0.410123,-0.410123,-0.43794,-0.382305,0,-14.9155,-19.6202,-10.2109,-14.2853,-33.3521,9,9.64805e-11,,0,-3.99806,6.38644e-05,1,
ring_pc12_var,rest,conf25,10,0,0.41101,-0.41101,-0.42482,-0.3972,0,-30.1093,-39.4811,-20.7374,-28.837,-67.3263,9,1.77698e-13,,0,-3.99806,6.38644e-05,1,
ring_pc12_var,rest,conf50,10,0,0.419477,-0.419477,-0.439883,-0.399071,0,-20.7968,-27.301,-14.2926,-19.9181,-46.5031,9,4.92218e-12,,0,-3.99806,6.38644e-05,1,
ring_pc12_var,rest,conf75,10,0,0.408357,-0.408357,-0.438332,-0.378383,0,-13.7826,-18.1428,-9.42239,-13.2002,-30.8188,9,1.9533e-10,,0,-3.99806,6.38644e-05,1,
ring_pc12_var,flow,self,10,0.412784,0.417449,-0.0046644,-0.0417745,0.0324457,0.988826,-0.119157,-0.996457,0.758143,-0.114122,-0.266444,16.0067,0.793299,1,45,-0.340168,0.73373,0.1,0.794301
ring_pc12_var,flow,shuffle,10,0.412784,0.428377,-0.0155923,-0.0555502,0.0243656,0.963601,-0.367225,-1.2511,0.516654,-0.351708,-0.82114,17.6045,0.422548,,42,-0.566947,0.57075,0.16,
ring_pc12_var,flow,randmat,10,0.412784,0.422782,-0.0099975,-0.0456741,0.0256791,0.976353,-0.267859,-1.1483,0.612585,-0.256541,-0.598951,14.5364,0.558425,,45,-0.340168,0.73373,0.1,
ring_pc12_var,flow,decorr,10,0.412784,0.410123,0.0026617,-0.0371882,0.0425116,1.00649,0.0628666,-0.813872,0.939606,0.0602102,0.140574,17.5698,0.889806,,53,0.188982,0.850107,-0.06,
ring_pc12_var,flow,conf25,10,0.412784,0.41101,0.0017746,-0.0322577,0.0358069,1.00432,0.050747,-0.825917,0.927411,0.0486027,0.113474,12.1346,0.911511,,51,0.0377964,0.96985,-0.02,
ring_pc12_var,flow,conf50,10,0.412784,0.419477,-0.0066927,-0.0428815,0.0294961,0.984045,-0.176162,-1.05438,0.702059,-0.168719,-0.39391,15.1219,0.699146,,47,-0.188982,0.850107,0.06,
ring_pc12_var,flow,conf75,10,0.412784,0.408357,0.0044268,-0.0367026,0.0455562,1.01084,0.101176,-0.775908,0.978259,0.0969006,0.226236,17.8772,0.823585,,52,0.113389,0.909722,-0.04,
ring_pc12_var,self,shuffle,10,0.417449,0.428377,-0.0109279,-0.044417,0.0225612,0.97449,-0.307603,-1.18929,0.574088,-0.294606,-0.687821,17.2094,0.500732,1,48,-0.113389,0.909722,0.04,0.482879
ring_pc12_var,self,randmat,10,0.417449,0.422782,-0.0053331,-0.0328157,0.0221495,0.987386,-0.182674,-1.06102,0.695674,-0.174956,-0.408473,17.532,0.687873,,49,-0.0377964,0.96985,0.02,0.683329
ring_pc12_var,self,decorr,10,0.417449,0.410123,0.0073261,-0.0260201,0.0406723,1.01786,0.207061,-0.671807,1.08593,0.198312,0.463003,17.2542,0.649149,1,55,0.340168,0.73373,-0.1,0.637341
ring_pc12_var,self,conf25,10,0.417449,0.41101,0.006439,-0.0184672,0.0313452,1.01567,0.246539,-0.633307,1.12638,0.236121,0.551277,14.9278,0.589601,,60,0.718132,0.472676,-0.2,0.580855
ring_pc12_var,self,conf50,10,0.417449,0.419477,-0.0020283,-0.030276,0.0262194,0.995165,-0.0675114,-0.944284,0.809261,-0.0646588,-0.15096,17.8269,0.881702,,49,-0.0377964,0.96985,0.02,0.885779
ring_pc12_var,self,conf75,10,0.417449,0.408357,0.0090912,-0.0259255,0.0441079,1.02226,0.245293,-0.63452,1.12511,0.234928,0.548492,16.7075,0.590609,,57,0.491354,0.623176,-0.14,0.594351
ring_pc12_var,shuffle,randmat,10,0.428377,0.422782,0.0055948,-0.026192,0.0373816,1.01323,0.166965,-0.711083,1.04501,0.159911,0.373346,15.8844,0.713827,,49,-0.0377964,0.96985,0.02,
ring_pc12_var,shuffle,decorr,10,0.428377,0.410123,0.018254,-0.0184053,0.0549133,1.04451,0.467843,-0.420589,1.35628,0.448075,1.04613,17.9992,0.309348,,66,1.17169,0.241322,-0.32,
ring_pc12_var,shuffle,conf25,10,0.428377,0.41101,0.0173669,-0.0124225,0.0471563,1.04225,0.562674,-0.331024,1.45637,0.538899,1.25818,13.1326,0.230238,,58,0.566947,0.57075,-0.16,
ring_pc12_var,shuffle,conf50,10,0.428377,0.419477,0.0088996,-0.0234994,0.0412986,1.02122,0.259833,-0.62038,1.14005,0.248854,0.581005,16.4551,0.56911,,59,0.64254,0.520523,-0.18,
ring_pc12_var,shuffle,conf75,10,0.428377,0.408357,0.0200191,-0.0180909,0.0581291,1.04902,0.493712,-0.396064,1.38349,0.472851,1.10397,17.9175,0.284211,,61,0.793725,0.427355,-0.22,
ring_pc12_var,randmat,decorr,10,0.422782,0.410123,0.0126592,-0.0189724,0.0442908,1.03087,0.379525,-0.504853,1.2639,0.363489,0.848644,15.9441,0.40864,,64,1.0205,0.307489,-0.28,
ring_pc12_var,randmat,conf25,10,0.422782,0.41101,0.0117721,-0.0102745,0.0338187,1.02864,0.50525,-0.385148,1.39565,0.483901,1.12977,16.3892,0.274837,,61,0.793725,0.427355,-0.22,
ring_pc12_var,randmat,conf50,10,0.422782,0.419477,0.0033048,-0.0226626,0.0292722,1.00788,0.119613,-0.757693,0.996919,0.114559,0.267462,17.9222,0.792167,,59,0.64254,0.520523,-0.18,
ring_pc12_var,randmat,conf75,10,0.422782,0.408357,0.0144243,-0.0190131,0.0478617,1.03532,0.410554,-0.475154,1.29626,0.393207,0.918027,15.2754,0.372873,,58,0.566947,0.57075,-0.16,
ring_pc12_var,decorr,conf25,10,0.410123,0.41101,-0.0008871,-0.0305045,0.0287303,0.997842,-0.0288973,-0.905466,0.847671,-0.0276763,-0.0646164,13.1823,0.949449,,50,-0.0377964,0.96985,0,
ring_pc12_var,decorr,conf50,10,0.410123,0.419477,-0.0093544,-0.0416029,0.0228941,0.9777,-0.274313,-1.15495,0.606322,-0.262723,-0.613383,16.5111,0.547981,,37,-0.944911,0.344704,0.26,
ring_pc12_var,decorr,conf75,10,0.410123,0.408357,0.0017651,-0.0362285,0.0397587,1.00432,0.0436674,-0.83296,0.920294,0.0418223,0.0976432,17.9005,0.923301,,50,-0.0377964,0.96985,0,
ring_pc12_var,conf25,conf50,10,0.41101,0.419477,-0.0084673,-0.0315793,0.0146447,0.979815,-0.347658,-1.23078,0.535461,-0.332968,-0.777387,15.8147,0.448404,,42,-0.566947,0.57075,0.16,
ring_pc12_var,conf25,conf75,10,0.41101,0.408357,0.0026522,-0.0289526,0.034257,1.00649,0.0813013,-0.795583,0.958186,0.077866,0.181795,12.6561,0.858623,,53,0.188982,0.850107,-0.06,
ring_pc12_var,conf50,conf75,10,0.419477,0.408357,0.0111195,-0.0228842,0.0451232,1.02723,0.310232,-0.571547,1.19201,0.297124,0.6937,15.8671,0.497901,,57,0.491354,0.623176,-0.14,
ring_loop,rest,flow,10,1,0.119333,0.880667,0.839861,0.921472,8.37988,21.8338,15.011,28.6565,20.9112,48.8218,9,3.18166e-12,,100,3.99977,6.34029e-05,-1,
ring_loop,rest,self,10,1,0.114667,0.885333,0.865631,0.905035,8.72092,45.4608,31.3454,59.5763,43.54,101.654,9,4.37745e-15,,100,3.99977,6.34029e-05,-1,0.000249938
ring_loop,rest,shuffle,10,1,0.118667,0.881333,0.855135,0.907532,8.42697,34.0333,23.4501,44.6165,32.5953,76.1007,9,5.91034e-14,,100,3.99806,6.38644e-05,-1,
ring_loop,rest,randmat,10,1,0.113334,0.886667,0.850277,0.923056,8.82352,24.6502,16.9611,32.3394,23.6087,55.1196,9,1.07117e-12,,100,4.00666,6.15822e-05,-1,
ring_loop,rest,decorr,10,1,0.101333,0.898667,0.877244,0.920089,9.86843,42.4393,29.2583,55.6203,40.6461,94.8972,9,8.12484e-15,,100,3.99977,6.34029e-05,-1,
ring_loop,rest,conf25,10,1,0.110667,0.889333,0.866275,0.912392,9.03614,39.0183,26.8949,51.1417,37.3696,87.2475,9,1.72979e-14,,100,3.99977,6.34029e-05,-1,
ring_loop,rest,conf50,10,1,0.1,0.9,0.868768,0.931232,9.99999,29.1525,20.0758,38.2292,27.9207,65.187,9,2.37499e-13,,100,3.99977,6.34029e-05,-1,
ring_loop,rest,conf75,10,1,0.112,0.888,0.855749,0.920251,8.92857,27.855,19.1784,36.5316,26.678,62.2857,9,3.57486e-13,,100,3.99977,6.34029e-05,-1,
ring_loop,flow,self,10,0.119333,0.114667,0.0046667,-0.0386142,0.0479476,1.0407,0.10419,-0.772927,0.981307,0.0997873,0.232975,12.9798,0.819414,1,56,0.416859,0.676781,-0.12,0.819045
ring_loop,flow,shuffle,10,0.119333,0.118667,0.00066683,-0.0449346,0.0462683,1.00562,0.0139118,-0.862621,0.890445,0.013324,0.0311078,15.342,0.975585,,53,0.189338,0.849828,-0.06,
ring_loop,flow,randmat,10,0.119333,0.113334,0.00599996,-0.044825,0.056825,1.05294,0.11102,-0.766178,0.988217,0.106329,0.248248,17.7689,0.806789,,51,0.0380693,0.969632,-0.02,
ring_loop,flow,decorr,10,0.119333,0.101333,0.0180002,-0.0258133,0.0618136,1.17763,0.395125,-0.489909,1.28016,0.37843,0.883527,13.6107,0.392291,,61,0.795822,0.426135,-0.22,
ring_loop,flow,conf25,10,0.119333,0.110667,0.00866677,-0.0357083,0.0530418,1.07831,0.187068,-0.69137,1.06551,0.179164,0.418296,14.2159,0.681981,,54,0.265174,0.790875,-0.08,
ring_loop,flow,conf50,10,0.119333,0.1,0.0193334,-0.0286249,0.0672916,1.19333,0.380625,-0.503798,1.26505,0.364542,0.851104,16.8506,0.406644,,62,0.870628,0.383957,-0.24,
ring_loop,flow,conf75,10,0.119333,0.112,0.00733348,-0.0411569,0.0558238,1.06548,0.142641,-0.734996,1.02028,0.136614,0.318955,17.088,0.753627,,56.5,0.454584,0.649409,-0.13,
ring_loop,self,shuffle,10,0.114667,0.118667,-0.00399987,-0.0346122,0.0266125,0.966293,-0.123446,-1.0008,0.753911,-0.11823,-0.276034,16.7129,0.785906,1,44.5,-0.37925,0.704502,0.11,0.811047
ring_loop,self,randmat,10,0.114667,0.113334,0.00133326,-0.037938,0.0406045,1.01176,0.0325953,-0.843985,0.909176,0.031218,0.0728852,13.8588,0.942939,,48,-0.113732,0.90945,0.04,0.969008
ring_loop,self,decorr,10,0.114667,0.101333,0.0133335,-0.0137103,0.0403772,1.13158,0.463466,-0.424746,1.35168,0.443883,1.03634,17.8753,0.31386,0.941579,65,1.09982,0.271409,-0.3,0.285679
ring_loop,self,conf25,10,0.114667,0.110667,0.00400007,-0.0242167,0.0322169,1.03615,0.133427,-0.74407,1.01092,0.127789,0.298352,17.5721,0.768934,,54.5,0.30317,0.76176,-0.09,0.776806
ring_loop,self,conf50,10,0.114667,0.1,0.0146667,-0.0200903,0.0494237,1.14667,0.401812,-0.483511,1.28714,0.384834,0.898479,15.1836,0.382957,,57.5,0.530749,0.595593,-0.15,0.382904
ring_loop,self,conf75,10,0.114667,0.112,0.00266678,-0.0329642,0.0382977,1.02381,0.0713861,-0.805416,0.948188,0.0683698,0.159624,14.8961,0.875321,,54.5,0.303285,0.761673,-0.09,0.847288
ring_loop,shuffle,randmat,10,0.118667,0.113334,0.00533313,-0.0366126,0.0472789,1.04706,0.120327,-0.756989,0.997642,0.115242,0.269059,16.354,0.79125,,52,0.113818,0.909382,-0.04,
ring_loop,shuffle,decorr,10,0.118667,0.101333,0.0173333,-0.0141855,0.0488522,1.17105,0.518162,-0.372948,1.40927,0.496268,1.15865,17.3171,0.26233,,65.5,1.13689,0.255585,-0.31,
ring_loop,shuffle,conf25,10,0.118667,0.110667,0.00799994,-0.0244507,0.0404506,1.07229,0.231895,-0.647569,1.11136,0.222096,0.518532,17.7144,0.610504,,56,0.416545,0.677012,-0.12,
ring_loop,shuffle,conf50,10,0.118667,0.1,0.0186666,-0.0192755,0.0566086,1.18667,0.463245,-0.424955,1.35145,0.443672,1.03585,17.4712,0.314398,,62,0.870957,0.383778,-0.24,
ring_loop,shuffle,conf75,10,0.118667,0.112,0.00666665,-0.0320395,0.0453728,1.05952,0.162316,-0.715648,1.04028,0.155458,0.36295,17.2746,0.721045,,57,0.49228,0.622521,-0.14,
ring_loop,randmat,decorr,10,0.113334,0.101333,0.0120002,-0.0278896,0.05189,1.11842,0.287499,-0.59354,1.16854,0.275351,0.642867,14.5692,0.530298,,56.5,0.455272,0.648913,-0.13,
ring_loop,randmat,conf25,10,0.113334,0.110667,0.00266681,-0.0378722,0.0432059,1.0241,0.0626256,-0.814112,0.939363,0.0599795,0.140035,15.224,0.890468,,51.5,0.0760807,0.939355,-0.03,
ring_loop,randmat,conf50,10,0.113334,0.1,0.0133334,-0.0312769,0.0579437,1.13333,0.281286,-0.59956,1.16213,0.269401,0.628974,17.5953,0.537447,,61.5,0.83435,0.404084,-0.23,
ring_loop,randmat,conf75,10,0.113334,0.112,0.00133352,-0.0438721,0.0465391,1.01191,0.0277448,-0.84882,0.90431,0.0265725,0.0620393,17.7439,0.951225,,51.5,0.07585,0.939538,-0.03,
ring_loop,decorr,conf25,10,0.101333,0.110667,-0.0093334,-0.0385755,0.0199087,0.915662,-0.300002,-1.18144,0.581437,-0.287326,-0.670824,17.9034,0.510895,,43.5,-0.45579,0.648541,0.13,
ring_loop,decorr,conf50,10,0.101333,0.1,0.00133322,-0.0341704,0.0368368,1.01333,0.035613,-0.840979,0.912205,0.0341082,0.079633,15.9337,0.937521,,48.5,-0.075764,0.939607,0.03,
ring_loop,decorr,conf75,10,0.101333,0.112,-0.0106667,-0.0470163,0.0256829,0.904762,-0.278713,-1.15948,0.602055,-0.266936,-0.623221,15.6477,0.542117,,43,-0.493025,0.621995,0.14,
ring_loop,conf25,conf50,10,0.110667,0.1,0.0106666,-0.0256138,0.0469471,1.10667,0.277962,-0.602783,1.15871,0.266217,0.621541,16.5641,0.542704,,54,0.265274,0.790798,-0.08,
ring_loop,conf25,conf75,10,0.110667,0.112,-0.00133329,-0.0384321,0.0357656,0.988096,-0.0340218,-0.910608,0.842564,-0.0325842,-0.076075,16.295,0.940286,,48,-0.113689,0.909484,0.04,
ring_loop,conf50,conf75,10,0.1,0.112,-0.0119999,-0.0536985,0.0296987,0.892858,-0.270404,-1.15092,0.610115,-0.258978,-0.604642,17.9815,0.552971,,43.5,-0.454412,0.649532,0.13,
ring_track_gain_yaw,rest,flow,10,0,3.00433,-3.00433,-3.38705,-2.6216,0,-7.9414,-10.5539,-5.32895,-7.60585,-17.7575,9,2.58477e-08,,0,-3.99806,6.38644e-05,1,
ring_track_gain_yaw,rest,self,10,0,2.31649,-2.31649,-2.54732,-2.08565,0,-10.1523,-13.4183,-6.88633,-9.72336,-22.7013,9,2.96246e-09,,0,-3.99806,6.38644e-05,1,0.000249938
ring_track_gain_yaw,rest,shuffle,10,0,2.61095,-2.61095,-2.81971,-2.4022,0,-12.6531,-16.671,-8.63515,-12.1184,-28.2931,9,4.18672e-10,,0,-3.99806,6.38644e-05,1,
ring_track_gain_yaw,rest,randmat,10,0,3.02649,-3.02649,-3.40829,-2.64468,0,-8.01929,-10.6545,-5.38408,-7.68045,-17.9317,9,2.37262e-08,,0,-3.99806,6.38644e-05,1,
ring_track_gain_yaw,rest,decorr,10,0,1.95302,-1.95302,-2.29822,-1.60782,0,-5.72365,-7.70215,-3.74515,-5.48181,-12.7985,9,4.43997e-07,,0,-3.99806,6.38644e-05,1,
ring_track_gain_yaw,rest,conf25,10,0,2.72404,-2.72404,-3.00454,-2.44353,0,-9.82457,-12.9928,-6.6563,-9.40945,-21.9684,9,3.96143e-09,,0,-3.99806,6.38644e-05,1,
ring_track_gain_yaw,rest,conf50,10,0,2.27815,-2.27815,-2.94542,-1.61089,0,-3.45402,-4.8375,-2.07053,-3.30807,-7.72342,9,2.92868e-05,,0,-3.99806,6.38644e-05,1,
ring_track_gain_yaw,rest,conf75,10,0,2.30027,-2.30027,-2.74485,-1.8557,0,-5.23443,-7.07824,-3.39062,-5.01326,-11.7045,9,9.5189e-07,,0,-3.99806,6.38644e-05,1,
ring_track_gain_yaw,flow,self,10,3.00433,2.31649,0.687839,0.266175,1.1095,1.29693,1.55692,0.556378,2.55746,1.49113,3.48138,14.7827,0.00341355,0.0102407,84,2.53236,0.0113297,-0.68,0.00474881
ring_track_gain_yaw,flow,shuffle,10,3.00433,2.61095,0.393372,-0.020189,0.806933,1.15066,0.912847,-0.00819495,1.83389,0.874276,2.04119,13.9198,0.0606651,,73,1.70084,0.088973,-0.46,
ring_track_gain_yaw,flow,randmat,10,3.00433,3.02649,-0.022163,-0.524236,0.47991,0.992677,-0.041475,-0.918092,0.835142,-0.0397225,-0.0927409,17.9999,0.927134,,48,-0.113389,0.909722,0.04,
ring_track_gain_yaw,flow,decorr,10,3.00433,1.95302,1.0513,0.572269,1.53033,1.53829,2.06356,0.97855,3.14856,1.97636,4.61425,17.8117,0.000220928,,91,3.06151,0.00220222,-0.82,
ring_track_gain_yaw,flow,conf25,10,3.00433,2.72404,0.280289,-0.163283,0.723861,1.10289,0.597582,-0.29829,1.49345,0.572332,1.33623,16.5037,0.199606,,67,1.24728,0.212294,-0.34,
ring_track_gain_yaw,flow,conf50,10,3.00433,2.27815,0.726171,-0.00151457,1.45386,1.31875,0.955036,0.0298945,1.88018,0.914682,2.13552,14.3435,0.0504184,,78,2.0788,0.0376353,-0.56,
ring_track_gain_yaw,flow,conf75,10,3.00433,2.30027,0.704052,0.158374,1.24973,1.30607,1.21418,0.260306,2.16805,1.16287,2.71498,17.6106,0.0143852,,80,2.22999,0.0257481,-0.6,
ring_track_gain_yaw,self,shuffle,10,2.31649,2.61095,-0.294467,-0.583722,-0.00521159,0.887219,-0.957178,-1.88253,-0.0318243,-0.916734,-2.14032,17.8211,0.0464181,0.0928362,21,-2.1544,0.031209,0.58,0.0462384
ring_track_gain_yaw,self,randmat,10,2.31649,3.02649,-0.710002,-1.13087,-0.289135,0.765404,-1.60993,-2.61849,-0.60136,-1.5419,-3.5999,14.804,0.00267561,,14,-2.68355,0.00728456,0.72,0.00349913
ring_track_gain_yaw,self,decorr,10,2.31649,1.95302,0.363463,-0.0262822,0.753208,1.1861,0.885459,-0.0330117,1.80393,0.848045,1.97995,15.7076,0.0655068,0.0928362,75,1.85203,0.0640221,-0.5,0.0674831
ring_track_gain_yaw,self,conf25,10,2.31649,2.72404,-0.40755,-0.745828,-0.0692722,0.850387,-1.13498,-2.07944,-0.190517,-1.08702,-2.53788,17.3571,0.0210031,,18,-2.38118,0.0172575,0.64,0.0187453
ring_track_gain_yaw,self,conf50,10,2.31649,2.27815,0.0383321,-0.647706,0.72437,1.01683,0.0549234,-0.821764,0.931611,0.0526027,0.122812,11.1238,0.904446,,50,-0.0377964,0.96985,0,0.898775
ring_track_gain_yaw,self,conf75,10,2.31649,2.30027,0.016213,-0.460303,0.492729,1.00705,0.0327432,-0.843838,0.909324,0.0313597,0.073216,13.5239,0.942706,,45,-0.340168,0.73373,0.1,0.941015
ring_track_gain_yaw,shuffle,randmat,10,2.61095,3.02649,-0.415535,-0.828273,-0.00279651,0.862701,-0.966069,-1.89231,-0.0398285,-0.925249,-2.1602,13.9396,0.0486653,,22,-2.0788,0.0376353,0.56,
ring_track_gain_yaw,shuffle,decorr,10,2.61095,1.95302,0.65793,0.277391,1.03847,1.33688,1.64993,0.635177,2.66469,1.58022,3.68936,14.8062,0.00222942,,87,2.75914,0.00579536,-0.74,
ring_track_gain_yaw,shuffle,conf25,10,2.61095,2.72404,-0.113083,-0.439749,0.213583,0.958487,-0.327183,-1.20955,0.555184,-0.313358,-0.731604,16.6292,0.474595,,40,-0.718132,0.472676,0.2,
ring_track_gain_yaw,shuffle,conf50,10,2.61095,2.27815,0.332799,-0.349424,1.01502,1.14608,0.481555,-0.40758,1.37069,0.461208,1.07679,10.7451,0.305156,,67,1.24728,0.212294,-0.34,
ring_track_gain_yaw,shuffle,conf75,10,2.61095,2.30027,0.31068,-0.159174,0.780534,1.13506,0.639936,-0.258741,1.53861,0.612896,1.43094,12.7848,0.176434,,64,1.0205,0.307489,-0.28,
ring_track_gain_yaw,randmat,decorr,10,3.02649,1.95302,1.07347,0.595084,1.55185,1.54964,2.10986,1.01633,3.20338,2.02071,4.71779,17.8202,0.000176059,,95,3.36388,0.000768539,-0.9,
ring_track_gain_yaw,randmat,conf25,10,3.02649,2.72404,0.302452,-0.140383,0.745287,1.11103,0.645845,-0.253238,1.54493,0.618556,1.44415,16.5236,0.16739,,68,1.32288,0.185877,-0.36,
ring_track_gain_yaw,randmat,conf50,10,3.02649,2.27815,0.748334,0.0209855,1.47568,1.32848,0.98477,0.0566398,1.9129,0.94316,2.20201,14.3228,0.0445231,,82,2.38118,0.0172575,-0.64,
ring_track_gain_yaw,randmat,conf75,10,3.02649,2.30027,0.726215,0.181068,1.27136,1.31571,1.25368,0.294916,2.21245,1.20071,2.80332,17.5985,0.011933,,80,2.22999,0.0257481,-0.6,
ring_track_gain_yaw,decorr,conf25,10,1.95302,2.72404,-0.771013,-1.18535,-0.356675,0.716959,-1.75362,-2.78494,-0.722303,-1.67953,-3.92122,17.2767,0.00107077,,11,-2.91033,0.00361051,0.78,
ring_track_gain_yaw,decorr,conf50,10,1.95302,2.27815,-0.325131,-1.03993,0.389663,0.857283,-0.437826,-1.32479,0.449136,-0.419326,-0.979009,13.4955,0.344801,,35,-1.0961,0.273036,0.3,
ring_track_gain_yaw,decorr,conf75,10,1.95302,2.30027,-0.34725,-0.872303,0.177803,0.84904,-0.624135,-1.52174,0.273474,-0.597763,-1.39561,16.9592,0.180838,,31,-1.39847,0.161972,0.38,
ring_track_gain_yaw,conf25,conf50,10,2.72404,2.27815,0.445882,-0.250733,1.1425,1.19572,0.623197,-0.27435,1.52074,0.596864,1.39351,12.0846,0.188565,,73,1.70084,0.088973,-0.46,
ring_track_gain_yaw,conf25,conf75,10,2.72404,2.30027,0.423763,-0.0710097,0.918536,1.18422,0.815541,-0.0966904,1.72777,0.781082,1.82361,15.1854,0.0879545,,70,1.47406,0.140465,-0.4,
ring_track_gain_yaw,conf50,conf75,10,2.27815,2.30027,-0.0221191,-0.77477,0.730532,0.990384,-0.0279086,-0.904474,0.848657,-0.0267293,-0.0624055,15.6751,0.951029,,44,-0.415761,0.677585,0.12,
ring_lag_yaw_deg,rest,flow,10,0,-55.2839,55.2839,43.2305,67.3372,-0,4.64011,2.95607,6.32416,4.44405,10.3756,9,2.63038e-06,,100,3.99806,6.38644e-05,-1,
ring_lag_yaw_deg,rest,self,10,0,-53.5917,53.5917,40.1901,66.9933,-0,4.04556,2.51583,5.57529,3.87462,9.04614,9,8.18808e-06,,100,3.99806,6.38644e-05,-1,0.000249938
ring_lag_yaw_deg,rest,shuffle,10,0,-59.0985,59.0985,51.3445,66.8525,-0,7.7106,5.16542,10.2558,7.3848,17.2414,9,3.3474e-08,,100,3.99806,6.38644e-05,-1,
ring_lag_yaw_deg,rest,randmat,10,0,-64.5485,64.5485,60.008,69.0889,-0,14.3823,9.83988,18.9247,13.7746,32.1598,9,1.33555e-10,,100,3.99806,6.38644e-05,-1,
ring_lag_yaw_deg,rest,decorr,10,0,-70.4808,70.4808,55.5234,85.4382,-0,4.76708,3.04931,6.48485,4.56565,10.6595,9,2.09764e-06,,100,3.99806,6.38644e-05,-1,
ring_lag_yaw_deg,rest,conf25,10,0,-64.0274,64.0274,51.6172,76.4376,-0,5.21945,3.37973,7.05918,4.99891,11.671,9,9.75342e-07,,100,3.99806,6.38644e-05,-1,
ring_lag_yaw_deg,rest,conf50,10,0,-78.8566,78.8566,69.6919,88.0212,-0,8.70483,5.8684,11.5413,8.33702,19.4646,9,1.15331e-08,,100,3.99806,6.38644e-05,-1,
ring_lag_yaw_deg,rest,conf75,10,0,-76.9668,76.9668,70.1172,83.8165,-0,11.3678,7.73751,14.998,10.8874,25.4191,9,1.08606e-09,,100,3.99806,6.38644e-05,-1,
ring_lag_yaw_deg,flow,self,10,-55.2839,-53.5917,-1.69218,-18.4455,15.0611,1.03158,-0.0949771,-0.971994,0.782039,-0.090964,-0.212375,17.8014,0.834227,0.86826,48,-0.113389,0.909722,0.04,0.833292
ring_lag_yaw_deg,flow,shuffle,10,-55.2839,-59.0985,3.81468,-9.66175,17.2911,0.935452,0.26927,-0.611216,1.14976,0.257892,0.602106,15.3599,0.555888,,55,0.340168,0.73373,-0.1,
ring_lag_yaw_deg,flow,randmat,10,-55.2839,-64.5485,9.2646,-3.20063,21.7298,0.856471,0.727685,-0.177382,1.63275,0.696938,1.62715,11.5038,0.130763,,74,1.77643,0.0756616,-0.48,
ring_lag_yaw_deg,flow,decorr,10,-55.2839,-70.4808,15.1969,-2.70141,33.0953,0.784382,0.800344,-0.110594,1.71128,0.766527,1.78962,17.2218,0.091114,,73,1.70084,0.088973,-0.46,
ring_lag_yaw_deg,flow,conf25,10,-55.2839,-64.0274,8.74356,-7.32453,24.8116,0.86344,0.5113,-0.379429,1.40203,0.489695,1.1433,17.9847,0.267905,,63,0.944911,0.344704,-0.26,
ring_lag_yaw_deg,flow,conf50,10,-55.2839,-78.8566,23.5727,9.4378,37.7077,0.701068,1.57496,0.571714,2.57821,1.50842,3.52173,16.7994,0.00265772,,86,2.68355,0.00728456,-0.72,
ring_lag_yaw_deg,flow,conf75,10,-55.2839,-76.9668,21.683,8.56143,34.8045,0.718281,1.58227,0.577913,2.58662,1.51541,3.53806,14.2639,0.00319399,,88,2.83473,0.00458639,-0.76,
ring_lag_yaw_deg,self,shuffle,10,-53.5917,-59.0985,5.50686,-9.13307,20.1468,0.906819,0.359818,-0.523769,1.2434,0.344614,0.804578,14.4185,0.43413,0.86826,55,0.340168,0.73373,-0.1,0.43964
ring_lag_yaw_deg,self,randmat,10,-53.5917,-64.5485,10.9568,-2.80447,24.718,0.830255,0.783374,-0.126147,1.69289,0.750273,1.75168,11.0392,0.107525,,66,1.17169,0.241322,-0.32,0.100725
ring_lag_yaw_deg,self,decorr,10,-53.5917,-70.4808,16.8891,-1.77847,35.5567,0.760373,0.850778,-0.0645389,1.7661,0.81483,1.9024,17.7871,0.0734372,0.220312,73,1.70084,0.088973,-0.46,0.0774806
ring_lag_yaw_deg,self,conf25,10,-53.5917,-64.0274,10.4357,-6.53473,27.4062,0.837011,0.578013,-0.316625,1.47265,0.55359,1.29248,17.8947,0.212633,,68,1.32288,0.185877,-0.36,0.212197
ring_lag_yaw_deg,self,conf50,10,-53.5917,-78.8566,25.2649,10.0431,40.4868,0.679609,1.5743,0.571152,2.57745,1.50778,3.52025,15.9071,0.00286115,,87,2.75914,0.00579536,-0.74,0.00274931
ring_lag_yaw_deg,self,conf75,10,-53.5917,-76.9668,23.3752,9.04547,37.7049,0.696296,1.57123,0.568539,2.57391,1.50484,3.51337,13.4017,0.00365619,,86,2.68355,0.00728456,-0.72,0.00374906
ring_lag_yaw_deg,shuffle,randmat,10,-59.0985,-64.5485,5.44992,-3.04074,13.9406,0.915569,0.613598,-0.283314,1.51051,0.587671,1.37205,14.5225,0.190873,,82,2.38118,0.0172575,-0.64,
ring_lag_yaw_deg,shuffle,decorr,10,-59.0985,-70.4808,11.3823,-4.64575,27.4103,0.838505,0.683476,-0.218275,1.58523,0.654596,1.5283,13.5116,0.149506,,68,1.32288,0.185877,-0.36,
ring_lag_yaw_deg,shuffle,conf25,10,-59.0985,-64.0274,4.92888,-8.85128,18.709,0.923019,0.340753,-0.542108,1.22361,0.326355,0.761947,15.0977,0.457831,,56,0.415761,0.677585,-0.12,
ring_lag_yaw_deg,shuffle,conf50,10,-59.0985,-78.8566,19.7581,8.58694,30.9292,0.749443,1.66505,0.647925,2.68217,1.5947,3.72316,17.5195,0.00161809,,90,2.98592,0.00282727,-0.8,
ring_lag_yaw_deg,shuffle,conf75,10,-59.0985,-76.9668,17.8683,8.24912,27.4875,0.767844,1.74721,0.716932,2.77748,1.67338,3.90687,17.7301,0.0010591,,92,3.13711,0.00170625,-0.84,
ring_lag_yaw_deg,randmat,decorr,10,-64.5485,-70.4808,5.93234,-9.33849,21.2032,0.91583,0.383943,-0.500618,1.2685,0.36772,0.858524,10.6447,0.409519,,57,0.491354,0.623176,-0.14,
ring_lag_yaw_deg,randmat,conf25,10,-64.5485,-64.0274,-0.52104,-13.3279,12.2859,1.00814,-0.0398888,-0.916499,0.836721,-0.0382034,-0.0891941,11.367,0.93048,,50,-0.0377964,0.96985,0,
ring_lag_yaw_deg,randmat,conf50,10,-64.5485,-78.8566,14.3081,4.55322,24.0631,0.818555,1.41528,0.435151,2.39541,1.35548,3.16466,13.167,0.00735526,,85,2.60795,0.0091085,-0.7,
ring_lag_yaw_deg,randmat,conf75,10,-64.5485,-76.9668,12.4184,4.70244,20.1343,0.838653,1.52878,0.532416,2.52515,1.46419,3.41846,15.6292,0.00362223,,90,2.98592,0.00282727,-0.8,
ring_lag_yaw_deg,decorr,conf25,10,-70.4808,-64.0274,-6.45338,-24.5477,11.641,1.10079,-0.335916,-1.2186,0.546767,-0.321722,-0.75113,17.4071,0.462609,,39,-0.793725,0.427355,0.22,
ring_lag_yaw_deg,decorr,conf50,10,-70.4808,-78.8566,8.3758,-8.15988,24.9115,0.893784,0.483048,-0.406166,1.37226,0.462637,1.08013,14.9228,0.297234,,62,0.869318,0.384673,-0.24,
ring_lag_yaw_deg,decorr,conf75,10,-70.4808,-76.9668,6.48604,-9.27367,22.2458,0.915729,0.39886,-0.486335,1.28405,0.382007,0.891878,12.6158,0.389153,,59,0.64254,0.520523,-0.18,
ring_lag_yaw_deg,conf25,conf50,10,-64.0274,-78.8566,14.8292,0.411981,29.2464,0.811947,0.972441,0.0455599,1.89932,0.931351,2.17444,16.5661,0.0444743,,71,1.54965,0.121225,-0.42,
ring_lag_yaw_deg,conf25,conf75,10,-64.0274,-76.9668,12.9394,-0.498519,26.3774,0.831883,0.923485,0.00142511,1.84554,0.884464,2.06497,14.0177,0.0579364,,65,1.0961,0.273036,-0.3,
ring_lag_yaw_deg,conf50,conf75,10,-78.8566,-76.9668,-1.88976,-12.5772,8.79767,1.02455,-0.167094,-1.04514,0.710957,-0.160034,-0.373634,16.6635,0.713388,,44,-0.415761,0.677585,0.12,
ring_track_gain_head,rest,flow,10,0,0.604822,-0.604822,-0.681101,-0.528542,0,-8.02156,-10.6574,-5.38569,-7.68262,-17.9368,9,2.36672e-08,,0,-3.99806,6.38644e-05,1,
ring_track_gain_head,rest,self,10,0,0.466927,-0.466927,-0.515682,-0.418173,0,-9.68884,-12.8167,-6.56097,-9.27945,-21.6649,9,4.48035e-09,,0,-3.99806,6.38644e-05,1,0.000249938
ring_track_gain_head,rest,shuffle,10,0,0.525596,-0.525596,-0.566075,-0.485118,0,-13.1361,-17.3002,-8.97193,-12.581,-29.3731,9,2.99836e-10,,0,-3.99806,6.38644e-05,1,
ring_track_gain_head,rest,randmat,10,0,0.608588,-0.608588,-0.681678,-0.535499,0,-8.42377,-11.1775,-5.67004,-8.06783,-18.8361,9,1.5397e-08,,0,-3.99806,6.38644e-05,1,
ring_track_gain_head,rest,decorr,10,0,0.392936,-0.392936,-0.461369,-0.324503,0,-5.80891,-7.81113,-3.80669,-5.56347,-12.9891,9,3.91099e-07,,0,-3.99806,6.38644e-05,1,
ring_track_gain_head,rest,conf25,10,0,0.548922,-0.548922,-0.607268,-0.490576,0,-9.51785,-12.5949,-6.44081,-9.11569,-21.2826,9,5.24438e-09,,0,-3.99806,6.38644e-05,1,
ring_track_gain_head,rest,conf50,10,0,0.460005,-0.460005,-0.597123,-0.322888,0,-3.39397,-4.7631,-2.02483,-3.25056,-7.58914,9,3.36443e-05,,0,-3.99806,6.38644e-05,1,
ring_track_gain_head,rest,conf75,10,0,0.462948,-0.462948,-0.55145,-0.374445,0,-5.29192,-7.15142,-3.43242,-5.06832,-11.8331,9,8.67484e-07,,0,-3.99806,6.38644e-05,1,
ring_track_gain_head,flow,self,10,0.604822,0.466927,0.137894,0.0527421,0.223046,1.29532,1.54097,0.542806,2.53914,1.47586,3.44572,15.3017,0.00351371,0.0105411,84,2.53236,0.0113297,-0.68,0.00499875
ring_track_gain_head,flow,shuffle,10,0.604822,0.525596,0.0792252,-0.00281904,0.161269,1.15073,0.92815,0.0056406,1.85066,0.888932,2.07541,13.6964,0.0572892,,74,1.77643,0.0756616,-0.48,
ring_track_gain_head,flow,randmat,10,0.604822,0.608588,-0.0037668,-0.101894,0.09436,0.993811,-0.0360717,-0.912666,0.840522,-0.0345475,-0.0806588,17.9673,0.936605,,49,-0.0377964,0.96985,0.02,
ring_track_gain_head,flow,decorr,10,0.604822,0.392936,0.211885,0.116632,0.307138,1.53924,2.09176,1.00158,3.18194,2.00337,4.67731,17.792,0.000193052,,91,3.06151,0.00220222,-0.82,
ring_track_gain_head,flow,conf25,10,0.604822,0.548922,0.0558994,-0.033731,0.14553,1.10183,0.588864,-0.306454,1.48418,0.563982,1.31674,16.8456,0.205559,,68,1.32288,0.185877,-0.36,
ring_track_gain_head,flow,conf50,10,0.604822,0.460005,0.144816,-0.00386679,0.293499,1.31481,0.933712,0.0106638,1.85676,0.894259,2.08784,14.0837,0.0554531,,79,2.1544,0.031209,-0.58,
ring_track_gain_head,flow,conf75,10,0.604822,0.462948,0.141874,0.0331936,0.250554,1.30646,1.22844,0.272818,2.18407,1.17654,2.74688,17.6165,0.0134436,,79,2.1544,0.031209,-0.58,
ring_track_gain_head,self,shuffle,10,0.466927,0.525596,-0.058669,-0.117664,0.000325608,0.888376,-0.936646,-1.85998,-0.013312,-0.897069,-2.0944,17.4111,0.0511436,0.102287,24,-1.92762,0.0539026,0.52,0.0457386
ring_track_gain_head,self,randmat,10,0.466927,0.608588,-0.141661,-0.224129,-0.0591931,0.76723,-1.63119,-2.64303,-0.61935,-1.56227,-3.64746,15.6856,0.00223288,,12,-2.83473,0.00458639,0.76,0.00324919
ring_track_gain_head,self,decorr,10,0.466927,0.392936,0.0739912,-0.00464528,0.152628,1.1883,0.890868,-0.0281048,1.80984,0.853226,1.99204,16.2647,0.0634294,0.102287,76,1.92762,0.0539026,-0.52,0.0647338
ring_track_gain_head,self,conf25,10,0.466927,0.548922,-0.0819948,-0.15277,-0.0112195,0.850626,-1.09097,-2.03044,-0.151506,-1.04487,-2.43949,17.4491,0.0256485,,19,-2.30558,0.0211339,0.62,0.0197451
ring_track_gain_head,self,conf50,10,0.466927,0.460005,0.00692196,-0.134302,0.148146,1.01505,0.0481196,-0.82853,0.924769,0.0460864,0.107599,11.2399,0.916211,,51,0.0377964,0.96985,-0.02,0.911522
ring_track_gain_head,self,conf75,10,0.466927,0.462948,0.0039798,-0.0918197,0.0997793,1.0086,0.0398467,-0.836763,0.916456,0.038163,0.0890998,14.0018,0.930264,,45,-0.340168,0.73373,0.1,0.927018
ring_track_gain_head,shuffle,randmat,10,0.525596,0.608588,-0.082992,-0.162183,-0.00380142,0.863632,-1.00491,-1.93511,-0.0747104,-0.96245,-2.24705,14.0462,0.041225,,22,-2.0788,0.0376353,0.56,
ring_track_gain_head,shuffle,decorr,10,0.525596,0.392936,0.13266,0.0575717,0.207749,1.33761,1.68797,0.667227,2.70872,1.61665,3.77442,14.611,0.00191538,,88,2.83473,0.00458639,-0.76,
ring_track_gain_head,shuffle,conf25,10,0.525596,0.548922,-0.0233258,-0.0898611,0.0432095,0.957506,-0.332308,-1.21486,0.550243,-0.318267,-0.743063,16.0341,0.468192,,43,-0.491354,0.623176,0.14,
ring_track_gain_head,shuffle,conf50,10,0.525596,0.460005,0.065591,-0.0742264,0.205408,1.14259,0.464135,-0.424111,1.35238,0.444523,1.03784,10.5569,0.322533,,66,1.17169,0.241322,-0.32,
ring_track_gain_head,shuffle,conf75,10,0.525596,0.462948,0.0626488,-0.0305874,0.155885,1.13533,0.651249,-0.248208,1.55071,0.623732,1.45624,12.6075,0.169776,,64,1.0205,0.307489,-0.28,
ring_track_gain_head,randmat,decorr,10,0.608588,0.392936,0.215652,0.122634,0.30867,1.54882,2.17895,1.07249,3.28541,2.08688,4.87227,17.9226,0.000123948,,94,3.28829,0.00100798,-0.88,
ring_track_gain_head,randmat,conf25,10,0.608588,0.548922,0.0596662,-0.0274964,0.146829,1.1087,0.645437,-0.253618,1.54449,0.618165,1.44324,17.1577,0.166962,,69,1.39847,0.161972,-0.38,
ring_track_gain_head,randmat,conf50,10,0.608588,0.460005,0.148583,0.000993802,0.296172,1.323,0.967405,0.0410306,1.89378,0.926529,2.16318,13.7324,0.0486762,,83,2.45677,0.0140193,-0.66,
ring_track_gain_head,randmat,conf75,10,0.608588,0.462948,0.145641,0.0387666,0.252515,1.31459,1.28366,0.321088,2.24623,1.22942,2.87034,17.3789,0.0104377,,80,2.22999,0.0257481,-0.6,
ring_track_gain_head,decorr,conf25,10,0.392936,0.548922,-0.155986,-0.239656,-0.0723164,0.715832,-1.75478,-2.78629,-0.723267,-1.68063,-3.9238,17.5609,0.0010364,,11,-2.91033,0.00361051,0.78,
ring_track_gain_head,decorr,conf50,10,0.392936,0.460005,-0.0670692,-0.213171,0.0790322,0.854199,-0.442764,-1.32996,0.444433,-0.424056,-0.990051,13.2216,0.339923,,34,-1.17169,0.241322,0.32,
ring_track_gain_head,decorr,conf75,10,0.392936,0.462948,-0.0700114,-0.174385,0.0343624,0.84877,-0.633108,-1.53132,0.265105,-0.606357,-1.41567,16.928,0.175007,,31,-1.39847,0.161972,0.38,
ring_track_gain_head,conf25,conf50,10,0.548922,0.460005,0.0889168,-0.0544045,0.232238,1.1933,0.603659,-0.292605,1.49992,0.578152,1.34982,12.1557,0.201674,,70,1.47406,0.140465,-0.4,
ring_track_gain_head,conf25,conf75,10,0.548922,0.462948,0.0859746,-0.013582,0.185531,1.18571,0.82051,-0.0921496,1.73317,0.78584,1.83472,15.5802,0.0857143,,70,1.47406,0.140465,-0.4,
ring_track_gain_head,conf50,conf75,10,0.460005,0.462948,-0.00294216,-0.156373,0.150489,0.993645,-0.0182384,-0.894779,0.858302,-0.0174677,-0.0407823,15.3899,0.967994,,45,-0.340168,0.73373,0.1,
ring_lag_head_deg,rest,flow,10,0,-127.812,127.812,115.991,139.633,-0,10.9384,7.43714,14.4397,10.4762,24.4591,9,1.52891e-09,,100,3.99806,6.38644e-05,-1,
ring_lag_head_deg,rest,self,10,0,-126.12,126.12,112.704,139.536,-0,9.51013,6.43538,12.5849,9.10829,21.2653,9,5.28215e-09,,100,3.99806,6.38644e-05,-1,0.000249938
ring_lag_head_deg,rest,shuffle,10,0,-131.627,131.627,123.767,139.487,-0,16.9415,11.6187,22.2642,16.2256,37.8823,9,3.08915e-11,,100,3.99806,6.38644e-05,-1,
ring_lag_head_deg,rest,randmat,10,0,-137.077,137.077,132.535,141.619,-0,30.533,21.0304,40.0356,29.2429,68.2738,9,1.56732e-13,,100,3.99806,6.38644e-05,-1,
ring_lag_head_deg,rest,decorr,10,0,-143.009,143.009,127.978,158.041,-0,9.62481,6.51598,12.7336,9.21813,21.5217,9,4.75095e-09,,100,3.99806,6.38644e-05,-1,
ring_lag_head_deg,rest,conf25,10,0,-136.556,136.556,124.118,148.993,-0,11.1077,7.55561,14.6598,10.6384,24.8376,9,1.33398e-09,,100,3.99806,6.38644e-05,-1,
ring_lag_head_deg,rest,conf50,10,0,-151.385,151.385,142.176,160.594,-0,16.6307,11.4029,21.8585,15.928,37.1873,9,3.64582e-11,,100,3.99806,6.38644e-05,-1,
ring_lag_head_deg,rest,conf75,10,0,-149.495,149.495,142.642,156.349,-0,22.0677,15.1731,28.9624,21.1353,49.345,9,2.89155e-12,,100,3.99806,6.38644e-05,-1,
ring_lag_head_deg,flow,self,10,-127.812,-126.12,-1.6923,-18.3179,14.9333,1.01342,-0.0957457,-0.97277,0.781279,-0.0917001,-0.214094,17.719,0.832918,0.87188,48,-0.113389,0.909722,0.04,0.831292
ring_lag_head_deg,flow,shuffle,10,-127.812,-131.627,3.8147,-9.51209,17.1415,0.971019,0.271857,-0.608705,1.15242,0.26037,0.60789,15.6571,0.551977,,56,0.415761,0.677585,-0.12,
ring_lag_head_deg,flow,randmat,10,-127.812,-137.077,9.2645,-2.97923,21.5082,0.932414,0.740124,-0.165911,1.64616,0.708851,1.65497,11.6005,0.12471,,74,1.77643,0.0756616,-0.48,
ring_lag_head_deg,flow,decorr,10,-127.812,-143.009,15.197,-2.63407,33.0281,0.893734,0.803968,-0.107277,1.71521,0.769997,1.79773,17.0522,0.0899503,,72,1.62525,0.10411,-0.44,
ring_lag_head_deg,flow,conf25,10,-127.812,-136.556,8.7434,-7.19527,24.6821,0.935972,0.515506,-0.375456,1.40647,0.493724,1.15271,17.9537,0.264148,,64,1.0205,0.307489,-0.28,
ring_lag_head_deg,flow,conf50,10,-127.812,-151.385,23.5728,9.59616,37.5494,0.844286,1.59148,0.585726,2.59722,1.52423,3.55865,16.9836,0.00241935,,86,2.68355,0.00728456,-0.72,
ring_lag_head_deg,flow,conf75,10,-127.812,-149.495,21.683,8.76452,34.6015,0.854959,1.60538,0.597509,2.61325,1.53755,3.58974,14.4361,0.00283092,,88,2.83473,0.00458639,-0.76,
ring_lag_head_deg,self,shuffle,10,-126.12,-131.627,5.507,-9.18553,20.1995,0.958162,0.358295,-0.525232,1.24182,0.343156,0.801173,14.5271,0.43594,0.87188,57,0.491354,0.623176,-0.14,0.43889
ring_lag_head_deg,self,randmat,10,-126.12,-137.077,10.9568,-2.81898,24.7326,0.920068,0.782575,-0.126879,1.69203,0.749509,1.74989,11.0361,0.107852,,64,1.0205,0.307489,-0.28,0.0984754
ring_lag_head_deg,self,decorr,10,-126.12,-143.009,16.8893,-1.84011,35.6187,0.881901,0.848031,-0.0670414,1.7631,0.812198,1.89625,17.7723,0.074304,0.222912,73,1.70084,0.088973,-0.46,0.0777306
ring_lag_head_deg,self,conf25,10,-126.12,-136.556,10.4357,-6.5617,27.4331,0.923579,0.577088,-0.317493,1.47167,0.552704,1.29041,17.8976,0.213332,,69,1.39847,0.161972,-0.38,0.210197
ring_lag_head_deg,self,conf50,10,-126.12,-151.385,25.2651,10.0109,40.5193,0.833107,1.57071,0.568101,2.57332,1.50434,3.51222,15.94,0.00290217,,88,2.83473,0.00458639,-0.76,0.00324919
ring_lag_head_deg,self,conf75,10,-126.12,-149.495,23.3753,9.03099,37.7196,0.843639,1.56968,0.567228,2.57214,1.50336,3.50992,13.3975,0.00368242,,85,2.60795,0.0091085,-0.7,0.003999
ring_lag_head_deg,shuffle,randmat,10,-131.627,-137.077,5.4498,-3.13446,14.0341,0.960243,0.607333,-0.289169,1.50383,0.581671,1.35804,14.4072,0.19534,,80,2.22999,0.0257481,-0.6,
ring_lag_head_deg,shuffle,decorr,10,-131.627,-143.009,11.3823,-4.74725,27.5118,0.920409,0.678845,-0.22257,1.58026,0.650162,1.51794,13.5793,0.151961,,67,1.24728,0.212294,-0.34,
ring_lag_head_deg,shuffle,conf25,10,-131.627,-136.556,4.9287,-8.91811,18.7755,0.963907,0.338903,-0.54389,1.22169,0.324583,0.757809,15.2002,0.460153,,57,0.491354,0.623176,-0.14,
ring_lag_head_deg,shuffle,conf50,10,-131.627,-151.385,19.7581,8.4938,31.0224,0.869485,1.65095,0.636037,2.66587,1.58119,3.69164,17.5667,0.00172774,,89,2.91033,0.00361051,-0.78,
ring_lag_head_deg,shuffle,conf75,10,-131.627,-149.495,17.8683,8.17028,27.5663,0.880476,1.73342,0.705382,2.76145,1.66017,3.87604,17.6721,0.00113982,,92,3.13711,0.00170625,-0.84,
ring_lag_head_deg,randmat,decorr,10,-137.077,-143.009,5.9325,-9.41099,21.276,0.958517,0.382204,-0.502285,1.26669,0.366054,0.854633,10.6297,0.411602,,56,0.415761,0.677585,-0.12,
ring_lag_head_deg,randmat,conf25,10,-137.077,-136.556,-0.5211,-13.3542,12.312,1.00382,-0.0398155,-0.916425,0.836794,-0.0381332,-0.0890302,11.3585,0.930608,,53,0.188982,0.850107,-0.06,
ring_lag_head_deg,randmat,conf50,10,-137.077,-151.385,14.3083,4.51238,24.1042,0.905484,1.40973,0.430369,2.38909,1.35016,3.15225,13.1338,0.00755461,,86,2.68355,0.00728456,-0.72,
ring_lag_head_deg,randmat,conf75,10,-137.077,-149.495,12.4185,4.69876,20.1382,0.91693,1.52806,0.531801,2.52432,1.4635,3.41685,15.6271,0.00363506,,89,2.91033,0.00361051,-0.78,
ring_lag_head_deg,decorr,conf25,10,-143.009,-136.556,-6.4536,-24.6186,11.7114,1.04726,-0.334645,-1.21728,0.547992,-0.320505,-0.748288,17.3903,0.464287,,41,-0.64254,0.520523,0.18,
ring_lag_head_deg,decorr,conf50,10,-143.009,-151.385,8.3758,-8.24159,24.9932,0.944672,0.480676,-0.408414,1.36977,0.460365,1.07482,14.9216,0.299527,,62,0.869318,0.384673,-0.24,
ring_lag_head_deg,decorr,conf75,10,-143.009,-149.495,6.486,-9.34385,22.3159,0.956614,0.397187,-0.487936,1.28231,0.380404,0.888136,12.5867,0.391124,,60,0.718132,0.472676,-0.2,
ring_lag_head_deg,conf25,conf50,10,-136.556,-151.385,14.8294,0.368749,29.2901,0.902042,0.969434,0.0428555,1.89601,0.928472,2.16772,16.5878,0.0450401,,71,1.54965,0.121225,-0.42,
ring_lag_head_deg,conf25,conf75,10,-136.556,-149.495,12.9396,-0.523716,26.4029,0.913445,0.92184,-6.15403e-05,1.84374,0.882889,2.0613,14.0042,0.0583489,,66,1.17169,0.241322,-0.32,
ring_lag_head_deg,conf50,conf75,10,-151.385,-149.495,-1.8898,-12.6143,8.83468,1.01264,-0.166547,-1.04459,0.711493,-0.15951,-0.372411,16.6291,0.71429,,47,-0.188982,0.850107,0.06,
cx_yaw_modulation_hz,rest,flow,10,0,1.98219,-1.98219,-2.06639,-1.89799,0,-23.8159,-31.2482,-16.3835,-22.8096,-53.2539,9,1.45909e-12,,0,-3.99806,6.38644e-05,1,
cx_yaw_modulation_hz,rest,self,10,0,1.96937,-1.96937,-2.00995,-1.92879,0,-49.0939,-64.3333,-33.8546,-47.0195,-109.777,9,2.19244e-15,,0,-3.99806,6.38644e-05,1,0.000249938
cx_yaw_modulation_hz,rest,shuffle,10,0,1.95383,-1.95383,-2.04359,-1.86407,0,-22.0207,-28.9009,-15.1405,-21.0902,-49.2397,9,2.94745e-12,,0,-3.99806,6.38644e-05,1,
cx_yaw_modulation_hz,rest,randmat,10,0,1.98972,-1.98972,-2.06911,-1.91032,0,-25.3545,-33.2605,-17.4484,-24.2831,-56.6943,9,8.31858e-13,,0,-3.99806,6.38644e-05,1,
cx_yaw_modulation_hz,rest,decorr,10,0,1.25331,-1.25331,-1.32481,-1.1818,0,-17.7319,-23.2965,-12.1674,-16.9827,-39.6498,9,2.05379e-11,,0,-3.99806,6.38644e-05,1,
cx_yaw_modulation_hz,rest,conf25,10,0,1.79015,-1.79015,-1.85476,-1.72553,0,-28.0295,-36.7599,-19.2991,-26.8452,-62.676,9,3.37984e-13,,0,-3.99806,6.38644e-05,1,
cx_yaw_modulation_hz,rest,conf50,10,0,1.61814,-1.61814,-1.70791,-1.52836,0,-18.2341,-23.9524,-12.5158,-17.4637,-40.7728,9,1.59936e-11,,0,-3.99806,6.38644e-05,1,
cx_yaw_modulation_hz,rest,conf75,10,0,1.40008,-1.40008,-1.52126,-1.2789,0,-11.6885,-15.4153,-7.96171,-11.1946,-26.1363,9,8.48055e-10,,0,-3.99806,6.38644e-05,1,
cx_yaw_modulation_hz,flow,self,10,1.98219,1.96937,0.012821,-0.0764666,0.102109,1.00651,0.138767,-0.73881,1.01634,0.132903,0.310292,12.9672,0.76127,1,52,0.113389,0.909722,-0.04,0.772807
cx_yaw_modulation_hz,flow,shuffle,10,1.98219,1.95383,0.02836,-0.0859748,0.142695,1.01452,0.23312,-0.646375,1.11261,0.22327,0.521272,17.9269,0.608557,,55,0.340168,0.73373,-0.1,
cx_yaw_modulation_hz,flow,randmat,10,1.98219,1.98972,-0.007525,-0.115031,0.0999805,0.996218,-0.0657822,-0.942542,0.810977,-0.0630026,-0.147093,17.9381,0.884699,,47,-0.188982,0.850107,0.06,
cx_yaw_modulation_hz,flow,decorr,10,1.98219,1.25331,0.728883,0.626097,0.831669,1.58157,6.67521,4.42854,8.92189,6.39316,14.9262,17.5397,2.08438e-11,,100,3.74185,0.000182672,-1,
cx_yaw_modulation_hz,flow,conf25,10,1.98219,1.79015,0.192045,0.0930002,0.29109,1.10728,1.83057,0.786485,2.87465,1.75322,4.09327,16.8702,0.000768495,,93,3.2127,0.00131494,-0.86,
cx_yaw_modulation_hz,flow,conf50,10,1.98219,1.61814,0.364054,0.249709,0.478399,1.22498,2.99226,1.71627,4.26826,2.86583,6.69091,17.9265,2.88582e-06,,100,3.74185,0.000182672,-1,
cx_yaw_modulation_hz,flow,conf75,10,1.98219,1.40008,0.582114,0.443865,0.720363,1.41577,3.99091,2.47503,5.5068,3.82228,8.92396,16.0477,1.27549e-07,,100,3.74185,0.000182672,-1,
cx_yaw_modulation_hz,self,shuffle,10,1.96937,1.95383,0.015539,-0.078897,0.109975,1.00795,0.159581,-0.718336,1.0375,0.152838,0.356834,12.5317,0.727153,1,53,0.188982,0.850107,-0.06,0.752062
cx_yaw_modulation_hz,self,randmat,10,1.96937,1.98972,-0.020346,-0.105237,0.0645452,0.989774,-0.230852,-1.11029,0.648585,-0.221098,-0.516202,13.4027,0.614124,,41,-0.64254,0.520523,0.18,0.609098
cx_yaw_modulation_hz,self,decorr,10,1.96937,1.25331,0.716062,0.638238,0.793886,1.57134,8.81082,5.94313,11.6785,8.43853,19.7016,14.2529,9.67089e-12,2.90127e-11,100,3.74185,0.000182672,-1,0.000249938
cx_yaw_modulation_hz,self,conf25,10,1.96937,1.79015,0.179224,0.107393,0.251055,1.10012,2.37637,1.23154,3.52119,2.27596,5.31372,15.1448,8.40091e-05,,96,3.43948,0.00058284,-0.92,0.000249938
cx_yaw_modulation_hz,self,conf50,10,1.96937,1.61814,0.351233,0.256783,0.445683,1.21706,3.60655,2.18618,5.02692,3.45416,8.06449,12.5306,2.61037e-06,,100,3.74185,0.000182672,-1,0.000249938
cx_yaw_modulation_hz,self,conf75,10,1.96937,1.40008,0.569293,0.444945,0.693641,1.40662,4.50671,2.85782,6.1556,4.31629,10.0773,10.9937,6.87754e-07,,100,3.74185,0.000182672,-1,0.000249938
cx_yaw_modulation_hz,shuffle,randmat,10,1.95383,1.98972,-0.035885,-0.147297,0.0755274,0.981965,-0.302949,-1.18448,0.578587,-0.290148,-0.677414,17.7353,0.506885,,45,-0.340168,0.73373,0.1,
cx_yaw_modulation_hz,shuffle,decorr,10,1.95383,1.25331,0.700523,0.593558,0.807488,1.55894,6.17536,4.07045,8.28027,5.91443,13.8085,17.1433,1.01648e-10,,100,3.74185,0.000182672,-1,
cx_yaw_modulation_hz,shuffle,conf25,10,1.95383,1.79015,0.163685,0.060223,0.267147,1.09144,1.49727,0.505507,2.48903,1.434,3.34799,16.3524,0.00398413,,88,2.83473,0.00458639,-0.76,
cx_yaw_modulation_hz,shuffle,conf50,10,1.95383,1.61814,0.335694,0.217789,0.453599,1.20746,2.67507,1.46862,3.88152,2.56204,5.98164,18,1.1702e-05,,97,3.51507,0.000439639,-0.94,
cx_yaw_modulation_hz,shuffle,conf75,10,1.95383,1.40008,0.553754,0.412841,0.694667,1.39552,3.71485,2.26792,5.16178,3.55788,8.30666,16.591,2.60467e-07,,100,3.74185,0.000182672,-1,
cx_yaw_modulation_hz,randmat,decorr,10,1.98972,1.25331,0.736408,0.6371,0.835716,1.58757,6.97266,4.64084,9.30448,6.67804,15.5913,17.8065,8.01872e-12,,100,3.74185,0.000182672,-1,
cx_yaw_modulation_hz,randmat,conf25,10,1.98972,1.79015,0.19957,0.104223,0.294917,1.11148,1.97242,0.903819,3.04103,1.88908,4.41048,17.2867,0.000368681,,92,3.13711,0.00170625,-0.84,
cx_yaw_modulation_hz,randmat,conf50,10,1.98972,1.61814,0.371579,0.260156,0.483002,1.22963,3.13665,1.82777,4.44552,3.00411,7.01376,17.7346,1.64483e-06,,100,3.74185,0.000182672,-1,
cx_yaw_modulation_hz,randmat,conf75,10,1.98972,1.40008,0.589639,0.453539,0.725739,1.42115,4.11758,2.5695,5.66566,3.9436,9.20719,15.5241,1.10179e-07,,100,3.74185,0.000182672,-1,
cx_yaw_modulation_hz,decorr,conf25,10,1.25331,1.79015,-0.536838,-0.626407,-0.447269,0.700115,-5.63543,-7.58946,-3.6814,-5.39732,-12.6012,17.8181,2.6081e-10,,0,-3.74185,0.000182672,1,
cx_yaw_modulation_hz,decorr,conf50,10,1.25331,1.61814,-0.364829,-0.471806,-0.257852,0.774538,-3.21576,-4.54295,-1.88858,-3.07989,-7.19067,17.1421,1.43907e-06,,2,-3.59066,0.000329839,0.96,
cx_yaw_modulation_hz,decorr,conf75,10,1.25331,1.40008,-0.146769,-0.279669,-0.0138693,0.895171,-1.05527,-1.99082,-0.119732,-1.01069,-2.35966,14.5897,0.032689,,20,-2.22999,0.0257481,0.6,
cx_yaw_modulation_hz,conf25,conf50,10,1.79015,1.61814,0.172009,0.0685347,0.275483,1.1063,1.57323,0.570243,2.57622,1.50676,3.51785,16.351,0.00277469,,88,2.83473,0.00458639,-0.76,
cx_yaw_modulation_hz,conf25,conf75,10,1.79015,1.40008,0.390069,0.259629,0.520509,1.27861,2.87354,1.62402,4.12305,2.75212,6.42542,13.7345,1.73669e-05,,98,3.59066,0.000329839,-0.96,
cx_yaw_modulation_hz,conf50,conf75,10,1.61814,1.40008,0.21806,0.0771394,0.358981,1.15575,1.46276,0.475962,2.44957,1.40096,3.27084,16.5924,0.00462183,,87,2.75914,0.00579536,-0.74,
cx_tuning_wire_corr,rest,flow,10,0,0.317393,-0.317393,-0.323426,-0.311359,0,-53.2186,-69.7341,-36.703,-50.9699,-119,9,1.06123e-15,,0,-3.99806,6.38644e-05,1,
cx_tuning_wire_corr,rest,self,10,0,0.316923,-0.316923,-0.32388,-0.309966,0,-46.0875,-60.3967,-31.7782,-44.1401,-103.055,9,3.8704e-15,,0,-3.99806,6.38644e-05,1,0.000249938
cx_tuning_wire_corr,rest,shuffle,10,0,0.318657,-0.318657,-0.327335,-0.309978,0,-37.1464,-48.6912,-25.6015,-35.5768,-83.0618,9,2.69119e-14,,0,-3.99806,6.38644e-05,1,
cx_tuning_wire_corr,rest,randmat,10,0,0.318665,-0.318665,-0.328307,-0.309024,0,-33.4368,-43.8357,-23.0378,-32.0239,-74.7669,9,6.92834e-14,,0,-3.99806,6.38644e-05,1,
cx_tuning_wire_corr,rest,decorr,10,0,0.244197,-0.244197,-0.268362,-0.220031,0,-10.223,-13.5102,-6.93593,-9.79109,-22.8594,9,2.78574e-09,,0,-3.99806,6.38644e-05,1,
cx_tuning_wire_corr,rest,conf25,10,0,0.318054,-0.318054,-0.328253,-0.307855,0,-31.5481,-41.364,-21.7322,-30.2151,-70.5438,9,1.16824e-13,,0,-3.99806,6.38644e-05,1,
cx_tuning_wire_corr,rest,conf50,10,0,0.30309,-0.30309,-0.314439,-0.291742,0,-27.0191,-35.438,-18.6002,-25.8774,-60.4165,9,4.69997e-13,,0,-3.99806,6.38644e-05,1,
cx_tuning_wire_corr,rest,conf75,10,0,0.278188,-0.278188,-0.288994,-0.267382,0,-26.0446,-34.1632,-17.926,-24.9441,-58.2375,9,6.53636e-13,,0,-3.99806,6.38644e-05,1,
cx_tuning_wire_corr,flow,self,10,0.317393,0.316923,0.0004696,-0.00809504,0.00903424,1.00148,0.0515901,-0.825078,0.928258,0.0494103,0.115359,17.647,0.909463,1,51,0.0377964,0.96985,-0.02,0.899775
cx_tuning_wire_corr,flow,shuffle,10,0.317393,0.318657,-0.0012638,-0.0111663,0.00863866,0.996034,-0.120963,-0.998286,0.756361,-0.115851,-0.270481,16.0525,0.790237,,48,-0.113389,0.909722,0.04,
cx_tuning_wire_corr,flow,randmat,10,0.317393,0.318665,-0.0012726,-0.0119823,0.00943714,0.996006,-0.113194,-0.990418,0.76403,-0.108411,-0.25311,15.1116,0.803594,,50,-0.0377964,0.96985,0,
cx_tuning_wire_corr,flow,decorr,10,0.317393,0.244197,0.0731963,0.0487021,0.0976905,1.29974,2.97303,1.70136,4.2447,2.84741,6.64789,10.1177,5.41397e-05,,100,3.74185,0.000182672,-1,
cx_tuning_wire_corr,flow,conf25,10,0.317393,0.318054,-0.0006612,-0.0118526,0.0105302,0.997921,-0.0564477,-0.933145,0.820249,-0.0540625,-0.126221,14.6119,0.901278,,48,-0.113389,0.909722,0.04,
cx_tuning_wire_corr,flow,conf50,10,0.317393,0.30309,0.0143027,0.00209274,0.0265127,1.04719,1.1258,0.182396,2.0692,1.07823,2.51736,13.7115,0.024927,,82,2.38118,0.0172575,-0.64,
cx_tuning_wire_corr,flow,conf75,10,0.317393,0.278188,0.039205,0.0274799,0.0509301,1.14093,3.20474,1.88012,4.52937,3.06933,7.16602,14.1146,4.59576e-06,,100,3.74185,0.000182672,-1,
cx_tuning_wire_corr,self,shuffle,10,0.316923,0.318657,-0.0017334,-0.0120984,0.00863165,0.99456,-0.157663,-1.03555,0.720221,-0.151001,-0.352544,17.1863,0.728717,1,49,-0.0377964,0.96985,0.02,0.723819
cx_tuning_wire_corr,self,randmat,10,0.316923,0.318665,-0.0017422,-0.0128633,0.00937894,0.994533,-0.148244,-1.02597,0.729482,-0.14198,-0.331484,16.3728,0.744484,,48,-0.113389,0.909722,0.04,0.734066
cx_tuning_wire_corr,self,decorr,10,0.316923,0.244197,0.0727267,0.0481113,0.0973421,1.29782,2.92581,1.6647,4.18692,2.80218,6.5423,10.4816,5.24682e-05,0.000157405,100,3.74185,0.000182672,-1,0.000249938
cx_tuning_wire_corr,self,conf25,10,0.316923,0.318054,-0.0011308,-0.0127072,0.0104456,0.996445,-0.0926622,-0.969655,0.784331,-0.0887469,-0.207199,15.8844,0.838487,,46,-0.264575,0.791337,0.08,0.84154
cx_tuning_wire_corr,self,conf50,10,0.316923,0.30309,0.0138331,0.00128577,0.0263804,1.04564,1.05134,0.116223,1.98646,1.00692,2.35087,14.9271,0.0328967,,78,2.0788,0.0376353,-0.56,0.0214946
cx_tuning_wire_corr,self,conf75,10,0.316923,0.278188,0.0387354,0.0266515,0.0508193,1.13924,3.04923,1.76034,4.33811,2.92039,6.81828,15.3668,5.11399e-06,,99,3.66626,0.000246128,-0.98,0.000249938
cx_tuning_wire_corr,shuffle,randmat,10,0.318657,0.318665,-8.8e-06,-0.0120659,0.0120483,0.999972,-0.000686292,-0.877209,0.875836,-0.000657293,-0.00153459,17.8043,0.998793,,47,-0.188982,0.850107,0.06,
cx_tuning_wire_corr,shuffle,decorr,10,0.318657,0.244197,0.0744601,0.0495541,0.0993661,1.30492,2.93375,1.67087,4.19663,2.80979,6.56006,11.2835,3.61361e-05,,100,3.74185,0.000182672,-1,
cx_tuning_wire_corr,shuffle,conf25,10,0.318657,0.318054,0.0006026,-0.0118575,0.0130627,1.00189,0.0455228,-0.831113,0.922159,0.0435993,0.101792,17.5503,0.920076,,47,-0.188982,0.850107,0.06,
cx_tuning_wire_corr,shuffle,conf50,10,0.318657,0.30309,0.0155665,0.00223266,0.0289003,1.05136,1.10231,0.16157,2.04304,1.05573,2.46483,16.8439,0.0247678,,78,2.0788,0.0376353,-0.56,
cx_tuning_wire_corr,shuffle,conf75,10,0.318657,0.278188,0.0404688,0.0275542,0.0533834,1.14547,2.95403,1.68662,4.22144,2.82921,6.60541,17.1991,4.20386e-06,,100,3.74185,0.000182672,-1,
cx_tuning_wire_corr,randmat,decorr,10,0.318665,0.244197,0.0744689,0.049361,0.0995768,1.30495,2.89561,1.64121,4.15,2.77326,6.47477,11.7945,3.30588e-05,,100,3.74185,0.000182672,-1,
cx_tuning_wire_corr,randmat,conf25,10,0.318665,0.318054,0.0006114,-0.0124263,0.0136491,1.00192,0.0440706,-0.832558,0.920699,0.0422084,0.0985448,17.9434,0.922592,,49,-0.0377964,0.96985,0.02,
cx_tuning_wire_corr,randmat,conf50,10,0.318665,0.30309,0.0155753,0.00171951,0.0294311,1.05139,1.05814,0.122288,1.99399,1.01343,2.36607,17.5421,0.0297189,,82,2.38118,0.0172575,-0.64,
cx_tuning_wire_corr,randmat,conf75,10,0.318665,0.278188,0.0404776,0.0270154,0.0539398,1.1455,2.82765,1.58823,4.06708,2.70818,6.32283,17.771,6.21757e-06,,99,3.66626,0.000246128,-0.98,
cx_tuning_wire_corr,decorr,conf25,10,0.244197,0.318054,-0.0738575,-0.0990959,-0.0486191,0.767783,-2.84865,-4.09268,-1.60462,-2.72828,-6.36977,12.1077,3.41487e-05,,1,-3.66626,0.000246128,0.98,
cx_tuning_wire_corr,decorr,conf50,10,0.244197,0.30309,-0.0588936,-0.0844335,-0.0333537,0.805689,-2.23169,-3.3482,-1.11518,-2.13739,-4.9902,12.7856,0.000259843,,4,-3.43948,0.00058284,0.92,
cx_tuning_wire_corr,decorr,conf75,10,0.244197,0.278188,-0.0339913,-0.0593833,-0.00859925,0.877812,-1.29905,-2.2636,-0.334503,-1.24416,-2.90477,12.4607,0.0127661,,16,-2.53236,0.0113297,0.68,
cx_tuning_wire_corr,conf25,conf50,10,0.318054,0.30309,0.0149639,0.000781751,0.029146,1.04937,0.992156,0.0632712,1.92104,0.950234,2.21853,17.7986,0.0397709,,76,1.92762,0.0539026,-0.52,
cx_tuning_wire_corr,conf25,conf75,10,0.318054,0.278188,0.0398662,0.026063,0.0536694,1.14331,2.71428,1.49944,3.92911,2.59959,6.06931,17.9402,9.92273e-06,,98,3.59066,0.000329839,-0.96,
cx_tuning_wire_corr,conf50,conf75,10,0.30309,0.278188,0.0249023,0.0103465,0.0394581,1.08952,1.60769,0.59947,2.61592,1.53976,3.59491,17.957,0.002077,,89,2.91033,0.00361051,-0.78,
ring_tuning_wire_corr,rest,flow,10,0,0.0285648,-0.0285648,-0.0333787,-0.0237509,0,-6.00302,-8.0595,-3.94655,-5.74937,-13.4232,9,2.94814e-07,,0,-3.99806,6.38644e-05,1,
ring_tuning_wire_corr,rest,self,10,0,0.0249369,-0.0249369,-0.0352,-0.0146738,0,-2.45811,-3.61939,-1.29683,-2.35424,-5.4965,9,0.000381913,,0,-3.99806,6.38644e-05,1,0.000249938
ring_tuning_wire_corr,rest,shuffle,10,0,0.0171863,-0.0171863,-0.0264282,-0.00794436,0,-1.8813,-2.93401,-0.828592,-1.80181,-4.20671,9,0.00228389,,10,-3.19037,0.00142091,0.8,
ring_tuning_wire_corr,rest,randmat,10,0,0.0264507,-0.0264507,-0.0430488,-0.00985267,0,-1.6122,-2.62111,-0.603283,-1.54408,-3.60498,9,0.00570378,,10,-3.19037,0.00142091,0.8,
ring_tuning_wire_corr,rest,decorr,10,0,0.0360936,-0.0360936,-0.0640537,-0.00813354,0,-1.30596,-2.2714,-0.340514,-1.25078,-2.92021,9,0.0170259,,10,-3.19037,0.00142091,0.8,
ring_tuning_wire_corr,rest,conf25,10,0,0.0225467,-0.0225467,-0.0303901,-0.0147033,0,-2.90815,-4.16533,-1.65097,-2.78527,-6.50282,9,0.000111086,,0,-3.99806,6.38644e-05,1,
ring_tuning_wire_corr,rest,conf50,10,0,0.026724,-0.026724,-0.0389561,-0.014492,0,-2.21025,-3.32266,-1.09784,-2.11686,-4.94227,9,0.00079974,,10,-3.19037,0.00142091,0.8,
ring_tuning_wire_corr,rest,conf75,10,0,0.0242747,-0.0242747,-0.0479785,-0.000570958,0,-1.03604,-1.96951,-0.102561,-0.99226,-2.31665,9,0.0457362,,20,-2.38268,0.0171871,0.6,
ring_tuning_wire_corr,flow,self,10,0.0285648,0.0249369,0.00362789,-0.00721726,0.014473,1.14548,0.323766,-0.558481,1.20601,0.310086,0.723962,12.7773,0.482134,0.828502,64,1.0205,0.307489,-0.28,0.47963
ring_tuning_wire_corr,flow,shuffle,10,0.0285648,0.0171863,0.0113785,0.00146774,0.0212893,1.66207,1.10468,0.163675,2.04568,1.058,2.47014,13.5488,0.0274736,,75,1.85203,0.0640221,-0.5,
ring_tuning_wire_corr,flow,randmat,10,0.0285648,0.0264507,0.00211406,-0.0147981,0.0190263,1.07992,0.123754,-0.753607,1.00112,0.118525,0.276723,10.5035,0.787362,,42,-0.566947,0.57075,0.16,
ring_tuning_wire_corr,flow,decorr,10,0.0285648,0.0360936,-0.00752886,-0.0356603,0.0206026,0.791408,-0.268463,-1.14893,0.611999,-0.25712,-0.600302,9.5331,0.562302,,27,-1.70084,0.088973,0.46,
ring_tuning_wire_corr,flow,conf25,10,0.0285648,0.0225467,0.00601809,-0.00265617,0.0146923,1.26692,0.661567,-0.238613,1.56175,0.633613,1.47931,14.9379,0.159836,,68,1.32288,0.185877,-0.36,
ring_tuning_wire_corr,flow,conf50,10,0.0285648,0.026724,0.00184075,-0.0108535,0.0145349,1.06888,0.141666,-0.735956,1.01929,0.13568,0.316774,11.7226,0.756985,,44,-0.415761,0.677585,0.12,
ring_tuning_wire_corr,flow,conf75,10,0.0285648,0.0242747,0.00429003,-0.01962,0.0282001,1.17673,0.179434,-0.698851,1.05772,0.171852,0.401226,9.74113,0.696913,,61,0.793725,0.427355,-0.22,
ring_tuning_wire_corr,self,shuffle,10,0.0249369,0.0171863,0.00775064,-0.00508603,0.0205873,1.45098,0.56774,-0.326266,1.46175,0.543751,1.26951,17.8058,0.220603,0.66181,61,0.793725,0.427355,-0.22,0.222694
ring_tuning_wire_corr,self,randmat,10,0.0249369,0.0264507,-0.00151383,-0.0199006,0.0168729,0.942768,-0.0784784,-0.955338,0.798381,-0.0751624,-0.175483,15.0043,0.863046,,34,-1.17169,0.241322,0.32,0.877531
ring_tuning_wire_corr,self,decorr,10,0.0249369,0.0360936,-0.0111567,-0.0400173,0.0177038,0.690894,-0.378956,-1.26331,0.505398,-0.362944,-0.847372,11.382,0.414251,0.828502,24,-1.92762,0.0539026,0.52,0.450637
ring_tuning_wire_corr,self,conf25,10,0.0249369,0.0225467,0.0023902,-0.00966575,0.0144462,1.10601,0.187202,-0.691239,1.06564,0.179292,0.418595,16.8389,0.680802,,53,0.188982,0.850107,-0.06,0.685579
ring_tuning_wire_corr,self,conf50,10,0.0249369,0.026724,-0.00178714,-0.0166485,0.0130742,0.933126,-0.113231,-0.990456,0.763994,-0.108447,-0.253192,17.4727,0.803075,,43,-0.491354,0.623176,0.14,0.79855
ring_tuning_wire_corr,self,conf75,10,0.0249369,0.0242747,0.000662147,-0.0241581,0.0254824,1.02728,0.0259337,-0.850626,0.902493,0.0248379,0.0579894,12.2598,0.954692,,54,0.264575,0.791337,-0.08,0.954261
ring_tuning_wire_corr,shuffle,randmat,10,0.0171863,0.0264507,-0.00926446,-0.0272654,0.0087365,0.649746,-0.493355,-1.38311,0.396401,-0.472509,-1.10318,14.0912,0.288435,,23,-2.00321,0.0451546,0.54,
ring_tuning_wire_corr,shuffle,decorr,10,0.0171863,0.0360936,-0.0189074,-0.0475771,0.00976231,0.476157,-0.649553,-1.54889,0.249786,-0.622107,-1.45244,10.9434,0.174441,,19,-2.30558,0.0211339,0.62,
ring_tuning_wire_corr,shuffle,conf25,10,0.0171863,0.0225467,-0.00536043,-0.0166394,0.00591851,0.762252,-0.447384,-1.3348,0.440036,-0.42848,-1.00038,17.5363,0.330731,,36,-1.0205,0.307489,0.28,
ring_tuning_wire_corr,shuffle,conf50,10,0.0171863,0.026724,-0.00953778,-0.0238525,0.00477692,0.643101,-0.629388,-1.52735,0.268573,-0.602794,-1.40736,16.7499,0.177608,,29,-1.54965,0.121225,0.42,
ring_tuning_wire_corr,shuffle,conf75,10,0.0171863,0.0242747,-0.00708849,-0.0316689,0.0174919,0.707989,-0.281867,-1.16273,0.598997,-0.269957,-0.630274,11.6745,0.540656,,46,-0.264575,0.791337,0.08,
ring_tuning_wire_corr,randmat,decorr,10,0.0264507,0.0360936,-0.00964292,-0.040345,0.0210592,0.732836,-0.300023,-1.18146,0.581417,-0.287346,-0.670872,14.6425,0.512746,,32,-1.32288,0.185877,0.36,
ring_tuning_wire_corr,randmat,conf25,10,0.0264507,0.0225467,0.00390403,-0.0136517,0.0214598,1.17315,0.215143,-0.663912,1.0942,0.206052,0.481074,12.8285,0.638565,,68,1.32288,0.185877,-0.36,
ring_tuning_wire_corr,randmat,conf50,10,0.0264507,0.026724,-0.000273314,-0.0195432,0.0189965,0.989773,-0.0134105,-0.889943,0.863122,-0.0128439,-0.0299868,16.5492,0.976436,,49,-0.0377964,0.96985,0.02,
ring_tuning_wire_corr,randmat,conf75,10,0.0264507,0.0242747,0.00217597,-0.0249259,0.0292778,1.08964,0.0760736,-0.800766,0.952913,0.0728592,0.170106,16.1152,0.867044,,60,0.718132,0.472676,-0.2,
ring_tuning_wire_corr,decorr,conf25,10,0.0360936,0.0225467,0.013547,-0.0149046,0.0419985,1.60084,0.471946,-0.416695,1.36059,0.452004,1.0553,10.4077,0.315169,,79,2.1544,0.031209,-0.58,
ring_tuning_wire_corr,decorr,conf50,10,0.0360936,0.026724,0.00936961,-0.0199394,0.0386786,1.35061,0.310594,-0.571197,1.19239,0.297471,0.69451,12.3233,0.500247,,69,1.39847,0.161972,-0.38,
ring_tuning_wire_corr,decorr,conf75,10,0.0360936,0.0242747,0.0118189,-0.0222896,0.0459274,1.48688,0.326192,-0.55614,1.20852,0.312409,0.729388,17.5305,0.475398,,69,1.39847,0.161972,-0.38,
ring_tuning_wire_corr,conf25,conf50,10,0.0225467,0.026724,-0.00417734,-0.0178428,0.00948809,0.843686,-0.290838,-1.17198,0.590306,-0.278549,-0.650334,15.3307,0.525103,,40,-0.718132,0.472676,0.2,
ring_tuning_wire_corr,conf25,conf75,10,0.0225467,0.0242747,-0.00172806,-0.0260349,0.0225788,0.928813,-0.0700191,-0.94681,0.806772,-0.0670606,-0.156568,10.9475,0.878436,,55,0.340168,0.73373,-0.1,
ring_tuning_wire_corr,conf50,conf75,10,0.026724,0.0242747,0.00244929,-0.0229332,0.0278317,1.1009,0.092895,-0.7841,0.96989,0.0889699,0.20772,13.4759,0.838554,,55,0.340168,0.73373,-0.1,
ring_ang_diffusion_deg,rest,flow,10,0,220.7,-220.7,-257.661,-183.739,0,-6.04078,-8.10784,-3.97371,-5.78553,-13.5076,9,2.79316e-07,,0,-3.99806,6.38644e-05,1,
ring_ang_diffusion_deg,rest,self,10,0,228.398,-228.398,-287.341,-169.454,0,-3.92008,-5.41811,-2.42206,-3.75445,-8.76558,9,1.05901e-05,,0,-3.99806,6.38644e-05,1,0.000249938
ring_ang_diffusion_deg,rest,shuffle,10,0,201.464,-201.464,-250.692,-152.235,0,-4.14017,-5.69402,-2.58632,-3.96523,-9.2577,9,6.7734e-06,,0,-3.99806,6.38644e-05,1,
ring_ang_diffusion_deg,rest,randmat,10,0,156.393,-156.393,-171.659,-141.127,0,-10.364,-13.6933,-7.03479,-9.92612,-23.1747,9,2.46726e-09,,0,-3.99806,6.38644e-05,1,
ring_ang_diffusion_deg,rest,decorr,10,0,252.117,-252.117,-302.92,-201.313,0,-5.02049,-6.80625,-3.23474,-4.80836,-11.2262,9,1.35574e-06,,0,-3.99806,6.38644e-05,1,
ring_ang_diffusion_deg,rest,conf25,10,0,253.73,-253.73,-307.754,-199.705,0,-4.75138,-6.46496,-3.03779,-4.55061,-10.6244,9,2.15657e-06,,0,-3.99806,6.38644e-05,1,
ring_ang_diffusion_deg,rest,conf50,10,0,227.36,-227.36,-277.573,-177.147,0,-4.58076,-6.24913,-2.91239,-4.3872,-10.2429,9,2.92931e-06,,0,-3.99806,6.38644e-05,1,
ring_ang_diffusion_deg,rest,conf75,10,0,241.368,-241.368,-288.736,-194.001,0,-5.15506,-6.97727,-3.33286,-4.93725,-11.5271,9,1.08369e-06,,0,-3.99806,6.38644e-05,1,
ring_ang_diffusion_deg,flow,self,10,220.7,228.398,-7.6975,-73.2018,57.8068,0.966298,-0.11193,-0.989138,0.765279,-0.1072,-0.250282,15.13,0.805736,1,54,0.264575,0.791337,-0.08,0.814046
ring_ang_diffusion_deg,flow,shuffle,10,220.7,201.464,19.2366,-38.256,76.7292,1.09548,0.316134,-0.565847,1.19811,0.302776,0.706896,16.7,0.489378,,60,0.718132,0.472676,-0.2,
ring_ang_diffusion_deg,flow,randmat,10,220.7,156.393,64.3074,25.7851,102.83,1.41119,1.62685,0.615683,2.63803,1.55811,3.63776,11.9838,0.00340919,,92,3.13711,0.00170625,-0.84,
ring_ang_diffusion_deg,flow,decorr,10,220.7,252.117,-31.4165,-90.1634,27.3304,0.875389,-0.505889,-1.39632,0.384543,-0.484513,-1.1312,16.4424,0.2742,,33,-1.24728,0.212294,0.34,
ring_ang_diffusion_deg,flow,conf25,10,220.7,253.73,-33.0295,-94.3993,28.3403,0.869824,-0.510477,-1.40116,0.380207,-0.488907,-1.14146,15.9112,0.270567,,39,-0.793725,0.427355,0.22,
ring_ang_diffusion_deg,flow,conf50,10,220.7,227.36,-6.66,-64.9343,51.6143,0.970707,-0.108063,-0.985225,0.769099,-0.103497,-0.241637,16.5395,0.812032,,49,-0.0377964,0.96985,0.02,
ring_ang_diffusion_deg,flow,conf75,10,220.7,241.368,-20.6683,-76.7054,35.3688,0.91437,-0.348015,-1.23115,0.535118,-0.33331,-0.778185,16.9956,0.447159,,42,-0.566947,0.57075,0.16,
ring_ang_diffusion_deg,self,shuffle,10,228.398,201.464,26.9341,-44.5516,98.4198,1.13369,0.354811,-0.528581,1.2382,0.339819,0.793382,17.4461,0.438213,1,62,0.869318,0.384673,-0.24,0.460135
ring_ang_diffusion_deg,self,randmat,10,228.398,156.393,72.0049,12.1931,131.817,1.46041,1.19638,0.244667,2.14809,1.14583,2.67518,10.202,0.0229128,,90,2.98592,0.00282727,-0.8,0.00124969
ring_ang_diffusion_deg,self,decorr,10,228.398,252.117,-23.719,-96.1013,48.6633,0.905921,-0.308366,-1.19008,0.57335,-0.295337,-0.689528,17.6166,0.499474,1,34,-1.17169,0.241322,0.32,0.502874
ring_ang_diffusion_deg,self,conf25,10,228.398,253.73,-25.332,-99.6292,48.9652,0.900161,-0.320522,-1.20265,0.561611,-0.306978,-0.716708,17.865,0.48282,,43,-0.491354,0.623176,0.14,0.477881
ring_ang_diffusion_deg,self,conf50,10,228.398,227.36,1.0375,-71.0055,73.0805,1.00456,0.0135553,-0.862977,0.890088,0.0129825,0.0303105,17.5565,0.976161,,46,-0.264575,0.791337,0.08,0.977006
ring_ang_diffusion_deg,self,conf75,10,228.398,241.368,-12.9708,-83.4326,57.491,0.946261,-0.173533,-1.0517,0.704638,-0.1662,-0.388031,17.2032,0.702753,,43,-0.491354,0.623176,0.14,0.711572
ring_ang_diffusion_deg,shuffle,randmat,10,201.464,156.393,45.0708,-5.23973,95.3813,1.28819,0.884666,-0.0337314,1.80306,0.847285,1.97817,10.7151,0.0741907,,65,1.0961,0.273036,-0.3,
ring_ang_diffusion_deg,shuffle,decorr,10,201.464,252.117,-50.6531,-116.358,15.0514,0.799089,-0.724381,-1.62919,0.180431,-0.693773,-1.61976,17.9822,0.122687,,32,-1.32288,0.185877,0.36,
ring_ang_diffusion_deg,shuffle,conf25,10,201.464,253.73,-52.2661,-120.188,15.6557,0.794009,-0.723441,-1.62818,0.181299,-0.692873,-1.61766,17.8466,0.123273,,29,-1.54965,0.121225,0.42,
ring_ang_diffusion_deg,shuffle,conf50,10,201.464,227.36,-25.8966,-91.2055,39.4123,0.886099,-0.37257,-1.25666,0.511524,-0.356827,-0.833091,17.9929,0.415715,,42,-0.566947,0.57075,0.16,
ring_ang_diffusion_deg,shuffle,conf75,10,201.464,241.368,-39.9049,-103.359,23.5492,0.834672,-0.590933,-1.48638,0.304516,-0.565964,-1.32137,17.9733,0.202955,,32,-1.32288,0.185877,0.36,
ring_ang_diffusion_deg,randmat,decorr,10,156.393,252.117,-95.7239,-147.568,-43.8798,0.620319,-1.82555,-2.86879,-0.782311,-1.74841,-4.08205,10.6122,0.00195234,,8,-3.13711,0.00170625,0.84,
ring_ang_diffusion_deg,randmat,conf25,10,156.393,253.73,-97.3369,-152.326,-42.3475,0.616375,-1.75406,-2.78545,-0.722667,-1.67994,-3.9222,10.4282,0.00263683,,11,-2.91033,0.00361051,0.78,
ring_ang_diffusion_deg,randmat,conf50,10,156.393,227.36,-70.9674,-122.236,-19.6987,0.687863,-1.368,-2.34166,-0.394335,-1.31019,-3.05893,10.6497,0.0112596,,11,-2.91033,0.00361051,0.78,
ring_ang_diffusion_deg,randmat,conf75,10,156.393,241.368,-84.9757,-133.479,-36.4724,0.647942,-1.72739,-2.75445,-0.700328,-1.6544,-3.86256,10.8497,0.00270871,,8,-3.13711,0.00170625,0.84,
ring_ang_diffusion_deg,decorr,conf25,10,252.117,253.73,-1.613,-70.5053,67.2793,0.993643,-0.0220042,-0.898553,0.854545,-0.0210745,-0.0492029,17.9324,0.961301,,47,-0.188982,0.850107,0.06,
ring_ang_diffusion_deg,decorr,conf50,10,252.117,227.36,24.7565,-41.5834,91.0964,1.10889,0.350625,-0.532606,1.23386,0.33581,0.784022,17.9975,0.443224,,60,0.718132,0.472676,-0.2,
ring_ang_diffusion_deg,decorr,conf75,10,252.117,241.368,10.7482,-53.7837,75.2801,1.04453,0.156545,-0.721319,1.03441,0.14993,0.350045,17.9125,0.730388,,55,0.340168,0.73373,-0.1,
ring_ang_diffusion_deg,conf25,conf50,10,253.73,227.36,26.3695,-42.1558,94.8948,1.11598,0.361694,-0.521966,1.24535,0.346412,0.808773,17.9045,0.429262,,62,0.869318,0.384673,-0.24,
ring_ang_diffusion_deg,conf25,conf75,10,253.73,241.368,12.3612,-54.4491,79.1715,1.05121,0.17405,-0.70413,1.05223,0.166696,0.389188,17.6975,0.70178,,54,0.264575,0.791337,-0.08,
ring_ang_diffusion_deg,conf50,conf75,10,227.36,241.368,-14.0083,-78.1332,50.1166,0.941963,-0.2053,-1.08413,0.673528,-0.196626,-0.459065,17.9391,0.651701,,44,-0.415761,0.677585,0.12,
ring_ang_ac1,rest,flow,10,0,0.869295,-0.869295,-0.905291,-0.8333,0,-24.4319,-32.0539,-16.81,-23.3996,-54.6315,9,1.1602e-12,,0,-3.99806,6.38644e-05,1,
ring_ang_ac1,rest,self,10,0,0.859616,-0.859616,-0.901851,-0.817381,0,-20.5907,-27.0316,-14.1498,-19.7206,-46.0421,9,5.38201e-12,,0,-3.99806,6.38644e-05,1,0.000249938
ring_ang_ac1,rest,shuffle,10,0,0.816661,-0.816661,-0.89121,-0.742112,0,-11.0825,-14.627,-7.53794,-10.6142,-24.7811,9,1.36123e-09,,0,-3.99806,6.38644e-05,1,
ring_ang_ac1,rest,randmat,10,0,0.76127,-0.76127,-0.810249,-0.712291,0,-15.7242,-20.6753,-10.7731,-15.0598,-35.1603,9,6.01877e-11,,0,-3.99806,6.38644e-05,1,
ring_ang_ac1,rest,decorr,10,0,0.869998,-0.869998,-0.919729,-0.820266,0,-17.6981,-23.2523,-12.1439,-16.9503,-39.5742,9,2.08922e-11,,0,-3.99806,6.38644e-05,1,
ring_ang_ac1,rest,conf25,10,0,0.881752,-0.881752,-0.931025,-0.832479,0,-18.104,-23.7824,-12.4256,-17.339,-40.4818,9,1.70532e-11,,0,-3.99806,6.38644e-05,1,
ring_ang_ac1,rest,conf50,10,0,0.84488,-0.84488,-0.916986,-0.772773,0,-11.8538,-15.6304,-8.07723,-11.353,-26.506,9,7.48451e-10,,0,-3.99806,6.38644e-05,1,
ring_ang_ac1,rest,conf75,10,0,0.866465,-0.866465,-0.919023,-0.813908,0,-16.6784,-21.9208,-11.436,-15.9737,-37.2941,9,3.55348e-11,,0,-3.99806,6.38644e-05,1,
ring_ang_ac1,flow,self,10,0.869295,0.859616,0.0096793,-0.0419513,0.0613099,1.01126,0.176459,-0.701767,1.05469,0.169003,0.394575,17.5588,0.697908,1,54,0.264575,0.791337,-0.08,0.684079
ring_ang_ac1,flow,shuffle,10,0.869295,0.816661,0.0526342,-0.0264376,0.131706,1.06445,0.643216,-0.255686,1.54212,0.616038,1.43828,12.9801,0.174028,,60,0.718132,0.472676,-0.2,
ring_ang_ac1,flow,randmat,10,0.869295,0.76127,0.108025,0.0512115,0.164839,1.1419,1.79796,0.759334,2.83659,1.72199,4.02036,16.5263,0.000932931,,92,3.13711,0.00170625,-0.84,
ring_ang_ac1,flow,decorr,10,0.869295,0.869998,-0.0007024,-0.0581194,0.0567146,0.999193,-0.0115749,-0.888105,0.864955,-0.0110858,-0.0258823,16.3992,0.979664,,46,-0.264575,0.791337,0.08,
ring_ang_ac1,flow,conf25,10,0.869295,0.881752,-0.0124566,-0.0695058,0.0445926,0.985873,-0.20652,-1.08538,0.672336,-0.197793,-0.461792,16.4767,0.650269,,37,-0.944911,0.344704,0.26,
ring_ang_ac1,flow,conf50,10,0.869295,0.84488,0.0244157,-0.0524177,0.101249,1.0289,0.306491,-0.575163,1.18814,0.29354,0.685334,13.2233,0.504971,,53,0.188982,0.850107,-0.06,
ring_ang_ac1,flow,conf75,10,0.869295,0.866465,0.0028299,-0.0568906,0.0625504,1.00327,0.0449423,-0.831691,0.921575,0.0430433,0.100494,15.9204,0.921207,,47,-0.188982,0.850107,0.06,
ring_ang_ac1,self,shuffle,10,0.859616,0.816661,0.0429549,-0.0381544,0.124064,1.0526,0.507179,-0.383324,1.39768,0.485749,1.13409,14.2378,0.275492,0.826477,61,0.793725,0.427355,-0.22,0.277431
ring_ang_ac1,self,randmat,10,0.859616,0.76127,0.0983461,0.0381885,0.158504,1.12919,1.53839,0.540602,2.53617,1.47339,3.43994,17.6189,0.00299544,,89,2.91033,0.00361051,-0.78,0.00149963
ring_ang_ac1,self,decorr,10,0.859616,0.869998,-0.0103817,-0.071091,0.0503276,0.988067,-0.160974,-1.03891,0.716967,-0.154172,-0.359948,17.54,0.723183,1,39,-0.793725,0.427355,0.22,0.727818
ring_ang_ac1,self,conf25,10,0.859616,0.881752,-0.0221359,-0.0825086,0.0382368,0.974896,-0.345072,-1.22809,0.537949,-0.330492,-0.771605,17.5887,0.450591,,39,-0.793725,0.427355,0.22,0.43864
ring_ang_ac1,self,conf50,10,0.859616,0.84488,0.0147364,-0.0642251,0.0936979,1.01744,0.178404,-0.699861,1.05667,0.170866,0.398923,14.5251,0.695753,,48,-0.113389,0.909722,0.04,0.723819
ring_ang_ac1,self,conf75,10,0.859616,0.866465,-0.0068494,-0.0696769,0.0559781,0.992095,-0.102771,-0.979872,0.77433,-0.0984289,-0.229804,17.203,0.820955,,43,-0.491354,0.623176,0.14,0.825294
ring_ang_ac1,shuffle,randmat,10,0.816661,0.76127,0.0553912,-0.0283963,0.139179,1.07276,0.628227,-0.269656,1.52611,0.601682,1.40476,15.5494,0.179754,,67,1.24728,0.212294,-0.34,
ring_ang_ac1,shuffle,decorr,10,0.816661,0.869998,-0.0533366,-0.137453,0.0307796,0.938693,-0.602121,-1.49829,0.294043,-0.576679,-1.34638,15.6861,0.197313,,37,-0.944911,0.344704,0.26,
ring_ang_ac1,shuffle,conf25,10,0.816661,0.881752,-0.0650908,-0.149006,0.0188246,0.92618,-0.736899,-1.64268,0.168883,-0.705763,-1.64776,15.6032,0.119389,,27,-1.70084,0.088973,0.46,
ring_ang_ac1,shuffle,conf50,10,0.816661,0.84488,-0.0282185,-0.124549,0.0681125,0.966601,-0.27525,-1.15591,0.605413,-0.26362,-0.615478,17.9801,0.545952,,44,-0.415761,0.677585,0.12,
ring_ang_ac1,shuffle,conf75,10,0.816661,0.866465,-0.0498043,-0.135207,0.0355985,0.94252,-0.55239,-1.44547,0.340692,-0.52905,-1.23518,16.1742,0.234405,,32,-1.32288,0.185877,0.36,
ring_ang_ac1,randmat,decorr,10,0.76127,0.869998,-0.108728,-0.173554,-0.0439012,0.875025,-1.57587,-2.57925,-0.57248,-1.50928,-3.52374,17.9958,0.0024261,,10,-2.98592,0.00282727,0.8,
ring_ang_ac1,randmat,conf25,10,0.76127,0.881752,-0.120482,-0.185005,-0.0559587,0.863361,-1.75441,-2.78586,-0.722963,-1.68028,-3.92299,17.9994,0.000997074,,12,-2.83473,0.00458639,0.76,
ring_ang_ac1,randmat,conf50,10,0.76127,0.84488,-0.0836097,-0.16536,-0.00185907,0.901039,-0.970369,-1.89704,-0.0436973,-0.929368,-2.16981,15.8474,0.045578,,16,-2.53236,0.0113297,0.68,
ring_ang_ac1,randmat,conf75,10,0.76127,0.866465,-0.105195,-0.17194,-0.0384507,0.878592,-1.48135,-2.47082,-0.491892,-1.41876,-3.31241,17.9112,0.00389401,,15,-2.60795,0.0091085,0.7,
ring_ang_ac1,decorr,conf25,10,0.869998,0.881752,-0.0117542,-0.0767722,0.0532638,0.986669,-0.169858,-1.04796,0.708243,-0.162681,-0.379815,17.9985,0.708527,,43,-0.491354,0.623176,0.14,
ring_ang_ac1,decorr,conf50,10,0.869998,0.84488,0.0251181,-0.0569742,0.10721,1.02973,0.290105,-0.591016,1.17123,0.277847,0.648694,15.9823,0.525748,,55,0.340168,0.73373,-0.1,
ring_ang_ac1,decorr,conf75,10,0.869998,0.866465,0.0035323,-0.0636818,0.0707464,1.00408,0.0493875,-0.827269,0.926044,0.0473007,0.110434,17.9453,0.913291,,52,0.113389,0.909722,-0.04,
ring_ang_ac1,conf25,conf50,10,0.881752,0.84488,0.0368723,-0.0450112,0.118756,1.04364,0.427126,-0.459334,1.31359,0.409078,0.955083,15.9005,0.353832,,60,0.718132,0.472676,-0.2,
ring_ang_ac1,conf25,conf75,10,0.881752,0.866465,0.0152865,-0.0516411,0.0822141,1.01764,0.214663,-0.66438,1.09371,0.205593,0.480001,17.9256,0.637032,,57,0.491354,0.623176,-0.14,
ring_ang_ac1,conf50,conf75,10,0.84488,0.866465,-0.0215858,-0.105014,0.0618425,0.975088,-0.24474,-1.12454,0.635058,-0.234399,-0.547255,16.4579,0.591548,,44,-0.415761,0.677585,0.12,
steer_corr_yaw,rest,flow,10,0,0.812487,-0.812487,-0.825268,-0.799707,0,-64.3139,-84.2638,-44.3639,-61.5964,-143.81,9,1.93193e-16,,0,-3.99806,6.38644e-05,1,
steer_corr_yaw,rest,self,10,0,0.811943,-0.811943,-0.82541,-0.798476,0,-60.9942,-79.9165,-42.072,-58.417,-136.387,9,3.11205e-16,,0,-3.99806,6.38644e-05,1,0.000249938
steer_corr_yaw,rest,shuffle,10,0,0.805941,-0.805941,-0.813429,-0.798452,0,-108.875,-142.627,-75.1238,-104.275,-243.453,9,1.69382e-18,,0,-3.99806,6.38644e-05,1,
steer_corr_yaw,rest,randmat,10,0,0.815632,-0.815632,-0.823539,-0.807726,0,-104.362,-136.716,-72.0087,-99.9524,-233.361,9,2.47929e-18,,0,-3.99806,6.38644e-05,1,
steer_corr_yaw,rest,decorr,10,0,0.605673,-0.605673,-0.639281,-0.572064,0,-18.2315,-23.949,-12.514,-17.4612,-40.7669,9,1.60143e-11,,0,-3.99806,6.38644e-05,1,
steer_corr_yaw,rest,conf25,10,0,0.780237,-0.780237,-0.789278,-0.771195,0,-87.3009,-114.369,-60.2324,-83.6121,-195.211,9,1.23571e-17,,0,-3.99806,6.38644e-05,1,
steer_corr_yaw,rest,conf50,10,0,0.755822,-0.755822,-0.772853,-0.738791,0,-44.8962,-58.837,-30.9554,-42.9992,-100.391,9,4.89816e-15,,0,-3.99806,6.38644e-05,1,
steer_corr_yaw,rest,conf75,10,0,0.678935,-0.678935,-0.702111,-0.655758,0,-29.6359,-38.8617,-20.4101,-28.3837,-66.2678,9,2.04884e-13,,0,-3.99806,6.38644e-05,1,
steer_corr_yaw,flow,self,10,0.812487,0.811943,0.0005443,-0.016702,0.0177906,1.00067,0.0296587,-0.846912,0.906229,0.0284055,0.0663188,17.9509,0.947857,0.947857,51,0.0377964,0.96985,-0.02,0.947513
steer_corr_yaw,flow,shuffle,10,0.812487,0.805941,0.0065465,-0.00745015,0.0205431,1.00812,0.4471,-0.440306,1.33451,0.428208,0.999746,14.5284,0.333795,,61,0.793725,0.427355,-0.22,
steer_corr_yaw,flow,randmat,10,0.812487,0.815632,-0.0031453,-0.0173048,0.0110142,0.996144,-0.21173,-1.09071,0.667245,-0.202784,-0.473444,15.0088,0.64271,,43,-0.491354,0.623176,0.14,
steer_corr_yaw,flow,decorr,10,0.812487,0.605673,0.206815,0.172032,0.241597,1.34146,5.81885,3.81386,7.82384,5.57299,13.0113,11.5496,2.9788e-08,,100,3.74185,0.000182672,-1,
steer_corr_yaw,flow,conf25,10,0.812487,0.780237,0.0322504,0.0175944,0.0469064,1.04133,2.08405,0.995284,3.17281,1.99599,4.66007,16.2042,0.000253163,,93,3.2127,0.00131494,-0.86,
steer_corr_yaw,flow,conf50,10,0.812487,0.755822,0.0566651,0.0367781,0.0765521,1.07497,2.69221,1.4821,3.90232,2.57846,6.01997,16.6958,1.48854e-05,,95,3.36388,0.000768539,-0.9,
steer_corr_yaw,flow,conf75,10,0.812487,0.678935,0.133553,0.108461,0.158644,1.19671,5.10491,3.29631,6.9135,4.88921,11.4149,14.0103,1.7583e-08,,100,3.74185,0.000182672,-1,
steer_corr_yaw,self,shuffle,10,0.811943,0.805941,0.0060022,-0.00859974,0.0206041,1.00745,0.394064,-0.490925,1.27905,0.377414,0.881154,14.0803,0.393027,0.786055,58,0.566947,0.57075,-0.16,0.386903
steer_corr_yaw,self,randmat,10,0.811943,0.815632,-0.0036896,-0.018444,0.0110648,0.995476,-0.239018,-1.11867,0.640628,-0.228919,-0.534461,14.5456,0.601097,,46,-0.264575,0.791337,0.08,0.586603
steer_corr_yaw,self,decorr,10,0.811943,0.605673,0.20627,0.171338,0.241203,1.34056,5.76351,3.77393,7.75309,5.51998,12.8876,11.8175,2.57436e-08,7.72307e-08,100,3.74185,0.000182672,-1,0.000249938
steer_corr_yaw,self,conf25,10,0.811943,0.780237,0.0317061,0.0164852,0.046927,1.04064,1.97747,0.907966,3.04697,1.89391,4.42175,15.7435,0.000443375,,94,3.28829,0.00100798,-0.88,0.000249938
steer_corr_yaw,self,conf50,10,0.811943,0.755822,0.0561208,0.0358788,0.0763628,1.07425,2.61489,1.42118,3.80861,2.5044,5.84708,17.0913,1.89993e-05,,96,3.43948,0.00058284,-0.92,0.000499875
steer_corr_yaw,self,conf75,10,0.811943,0.678935,0.133008,0.107669,0.158348,1.19591,5.01994,3.23433,6.80555,4.80783,11.2249,14.4556,1.57607e-08,,100,3.74185,0.000182672,-1,0.000249938
steer_corr_yaw,shuffle,randmat,10,0.805941,0.815632,-0.0096918,-0.0198079,0.000424317,0.988117,-0.900341,-1.8202,0.0195176,-0.862299,-2.01322,17.9472,0.059338,,25,-1.85203,0.0640221,0.5,
steer_corr_yaw,shuffle,decorr,10,0.805941,0.605673,0.200268,0.166302,0.234234,1.33065,5.88402,3.86085,7.9072,5.6354,13.1571,9.89149,1.36821e-07,,100,3.74185,0.000182672,-1,
steer_corr_yaw,shuffle,conf25,10,0.805941,0.780237,0.0257039,0.0147733,0.0366345,1.03294,2.21494,1.10163,3.32824,2.12135,4.95275,17.3966,0.000113285,,94,3.28829,0.00100798,-0.88,
steer_corr_yaw,shuffle,conf50,10,0.805941,0.755822,0.0501186,0.0322559,0.0679813,1.06631,2.72525,1.50806,3.94244,2.6101,6.09385,12.3548,4.75353e-05,,96,3.43948,0.00058284,-0.92,
steer_corr_yaw,shuffle,conf75,10,0.805941,0.678935,0.127006,0.103271,0.150741,1.18707,5.27533,3.42036,7.1303,5.05243,11.796,10.859,1.57189e-07,,100,3.74185,0.000182672,-1,
steer_corr_yaw,randmat,decorr,10,0.815632,0.605673,0.20996,0.17595,0.24397,1.34666,6.15211,4.05375,8.25047,5.89216,13.7565,9.99315,8.06588e-08,,100,3.74185,0.000182672,-1,
steer_corr_yaw,randmat,conf25,10,0.815632,0.780237,0.0353957,0.0242265,0.0465649,1.04537,2.98132,1.70778,4.25485,2.85535,6.66643,17.6856,3.24471e-06,,98,3.59066,0.000329839,-0.96,
steer_corr_yaw,randmat,conf50,10,0.815632,0.755822,0.0598104,0.0418361,0.0777847,1.07913,3.22245,1.89371,4.55119,3.08629,7.20562,12.7071,7.8333e-06,,99,3.66626,0.000246128,-0.98,
steer_corr_yaw,randmat,conf75,10,0.815632,0.678935,0.136698,0.112889,0.160506,1.20134,5.64735,3.69002,7.60468,5.40873,12.6279,11.0669,6.45566e-08,,100,3.74185,0.000182672,-1,
steer_corr_yaw,decorr,conf25,10,0.605673,0.780237,-0.174564,-0.208712,-0.140417,0.776268,-5.07419,-6.87446,-3.27392,-4.85979,-11.3462,10.2959,3.79721e-07,,0,-3.74185,0.000182672,1,
steer_corr_yaw,decorr,conf50,10,0.605673,0.755822,-0.150149,-0.18604,-0.114259,0.801343,-4.03159,-5.55777,-2.5054,-3.86124,-9.0149,13.3364,4.85223e-07,,0,-3.74185,0.000182672,1,
steer_corr_yaw,decorr,conf75,10,0.605673,0.678935,-0.0732621,-0.111524,-0.0350004,0.892093,-1.81547,-2.85701,-0.773919,-1.73876,-4.0595,15.9811,0.000912741,,8,-3.13711,0.00170625,0.84,
steer_corr_yaw,conf25,conf50,10,0.780237,0.755822,0.0244147,0.00609498,0.0427344,1.0323,1.28093,0.31871,2.24315,1.22681,2.86425,13.6997,0.0127183,,86,2.68355,0.00728456,-0.72,
steer_corr_yaw,conf25,conf75,10,0.780237,0.678935,0.101302,0.0772673,0.125337,1.14921,4.11951,2.57094,5.66808,3.94545,9.2115,11.6775,1.06358e-06,,100,3.74185,0.000182672,-1,
steer_corr_yaw,conf50,conf75,10,0.755822,0.678935,0.0768874,0.0500042,0.103771,1.11325,2.70448,1.49175,3.91721,2.59021,6.0474,16.5256,1.47467e-05,,98,3.59066,0.000329839,-0.96,
steer_asym_sd_hz,rest,flow,10,195.607,642.89,-447.283,-460.406,-434.16,0.304262,-33.1413,-43.4491,-22.8336,-31.741,-74.1063,12.234,1.32033e-17,,0,-3.74185,0.000182672,1,
steer_asym_sd_hz,rest,self,10,195.607,640.592,-444.984,-459.469,-430.499,0.305354,-30.039,-39.3891,-20.6888,-28.7697,-67.1692,11.6332,1.98013e-16,,0,-3.74185,0.000182672,1,0.000249938
steer_asym_sd_hz,rest,shuffle,10,195.607,634.509,-438.901,-450.317,-427.486,0.308281,-37.0561,-48.573,-25.5391,-35.4903,-82.8599,13.3173,1.84621e-19,,0,-3.74185,0.000182672,1,
steer_asym_sd_hz,rest,randmat,10,195.607,642.767,-447.16,-459.049,-435.272,0.30432,-36.3477,-47.6459,-25.0496,-34.8119,-81.276,12.9703,5.98136e-19,,0,-3.74185,0.000182672,1,
steer_asym_sd_hz,rest,decorr,10,195.607,509.105,-313.498,-332.02,-294.976,0.384218,-16.7405,-22.0018,-11.4791,-16.0331,-37.4328,10.5828,1.36666e-12,,0,-3.74185,0.000182672,1,
steer_asym_sd_hz,rest,conf25,10,195.607,608.538,-412.931,-421.634,-404.228,0.321438,-44.916,-58.8629,-30.9691,-43.0181,-100.435,16.2859,3.54102e-24,,0,-3.74185,0.000182672,1,
steer_asym_sd_hz,rest,conf50,10,195.607,566.55,-370.943,-388.194,-353.693,0.34526,-21.2059,-27.8358,-14.5761,-20.3099,-47.4179,10.8329,6.5084e-14,,0,-3.74185,0.000182672,1,
steer_asym_sd_hz,rest,conf75,10,195.607,532.724,-337.117,-357.484,-316.75,0.367183,-16.4279,-21.5937,-11.262,-15.7337,-36.7338,10.3022,2.90681e-12,,0,-3.74185,0.000182672,1,
steer_asym_sd_hz,flow,self,10,642.89,640.592,2.2983,-15.155,19.7516,1.00359,0.123828,-0.753534,1.00119,0.118596,0.276887,17.7915,0.785058,0.890241,60,0.718132,0.472676,-0.2,0.778805
steer_asym_sd_hz,flow,shuffle,10,642.89,634.509,8.3814,-6.95056,23.7134,1.01321,0.51454,-0.376368,1.40545,0.492799,1.15055,17.5628,0.265344,,65,1.0961,0.273036,-0.3,
steer_asym_sd_hz,flow,randmat,10,642.89,642.767,0.1226,-15.5116,15.7568,1.00019,0.00737438,-0.869151,0.8839,0.00706279,0.0164896,17.7792,0.987027,,49,-0.0377964,0.96985,0.02,
steer_asym_sd_hz,flow,decorr,10,642.89,509.105,133.785,113.106,154.464,1.26278,6.13365,4.04049,8.22682,5.87448,13.7153,15.9926,2.92117e-10,,100,3.74185,0.000182672,-1,
steer_asym_sd_hz,flow,conf25,10,642.89,608.538,34.3516,20.5354,48.1678,1.05645,2.37293,1.22879,3.51707,2.27267,5.30603,14.7901,9.22847e-05,,96,3.43948,0.00058284,-0.92,
steer_asym_sd_hz,flow,conf50,10,642.89,566.55,76.3395,56.7169,95.9621,1.13474,3.677,2.23938,5.11461,3.52163,8.22202,16.6275,2.94451e-07,,100,3.74185,0.000182672,-1,
steer_asym_sd_hz,flow,conf75,10,642.89,532.724,110.166,87.9028,132.429,1.2068,4.71396,3.01033,6.41759,4.51477,10.5407,15.1078,2.31976e-08,,100,3.74185,0.000182672,-1,
steer_asym_sd_hz,self,shuffle,10,640.592,634.509,6.0831,-10.3422,22.5084,1.00959,0.349679,-0.533517,1.23287,0.334904,0.781906,16.8474,0.44512,0.890241,60,0.718132,0.472676,-0.2,0.455136
steer_asym_sd_hz,self,randmat,10,640.592,642.767,-2.1757,-18.8729,14.5215,0.996615,-0.122843,-1.00019,0.754506,-0.117652,-0.274685,17.1899,0.786832,,48,-0.113389,0.909722,0.04,0.789053
steer_asym_sd_hz,self,decorr,10,640.592,509.105,131.487,110.105,152.868,1.25827,5.80504,3.8039,7.80619,5.55976,12.9805,16.8942,3.25275e-10,9.75825e-10,100,3.74185,0.000182672,-1,0.000249938
steer_asym_sd_hz,self,conf25,10,640.592,608.538,32.0533,16.9686,47.138,1.05267,2.04008,0.959341,3.12081,1.95387,4.56175,13.8598,0.000454851,,93,3.2127,0.00131494,-0.86,0.000249938
steer_asym_sd_hz,self,conf50,10,640.592,566.55,74.0412,53.6584,94.424,1.13069,3.42136,2.04569,4.79703,3.27679,7.65039,17.4056,5.72605e-07,,99,3.66626,0.000246128,-0.98,0.000249938
steer_asym_sd_hz,self,conf75,10,640.592,532.724,107.867,84.9765,130.758,1.20248,4.46566,2.82754,6.10379,4.27697,9.98553,16.079,2.67654e-08,,100,3.74185,0.000182672,-1,0.000249938
steer_asym_sd_hz,shuffle,randmat,10,634.509,642.767,-8.2588,-22.65,6.13238,0.987151,-0.539281,-1.43159,0.353032,-0.516494,-1.20587,17.9601,0.243515,,34,-1.17169,0.241322,0.32,
steer_asym_sd_hz,shuffle,decorr,10,634.509,509.105,125.404,105.497,145.31,1.24632,6.02036,3.95902,8.08169,5.76598,13.4619,14.5728,1.27779e-09,,100,3.74185,0.000182672,-1,
steer_asym_sd_hz,shuffle,conf25,10,634.509,608.538,25.9702,13.7056,38.2348,1.04268,2.0054,0.930918,3.07989,1.92067,4.48421,16.2078,0.000364532,,93,3.2127,0.00131494,-0.86,
steer_asym_sd_hz,shuffle,conf50,10,634.509,566.55,67.9581,49.1791,86.7371,1.11995,3.44485,2.06356,4.82614,3.29929,7.70292,15.2377,1.23683e-06,,100,3.74185,0.000182672,-1,
steer_asym_sd_hz,shuffle,conf75,10,634.509,532.724,101.784,80.206,123.363,1.19106,4.53248,2.87682,6.18814,4.34097,10.1349,13.7394,9.38136e-08,,100,3.74185,0.000182672,-1,
steer_asym_sd_hz,randmat,decorr,10,642.767,509.105,133.662,113.554,153.77,1.26254,6.33659,4.18615,8.48703,6.06885,14.1691,14.9908,4.36402e-10,,100,3.74185,0.000182672,-1,
steer_asym_sd_hz,randmat,conf25,10,642.767,608.538,34.229,21.5397,46.9183,1.05625,2.56007,1.37782,3.74232,2.4519,5.7245,15.793,3.29534e-05,,96,3.43948,0.00058284,-0.92,
steer_asym_sd_hz,randmat,conf50,10,642.767,566.55,76.2169,57.2171,95.2167,1.13453,3.80974,2.33931,5.28017,3.64876,8.51884,15.6619,2.85429e-07,,100,3.74185,0.000182672,-1,
steer_asym_sd_hz,randmat,conf75,10,642.767,532.724,110.043,88.2869,131.799,1.20657,4.84738,3.10817,6.5866,4.64256,10.8391,14.1287,3.11828e-08,,100,3.74185,0.000182672,-1,
steer_asym_sd_hz,decorr,conf25,10,509.105,608.538,-99.4334,-118.375,-80.4923,0.836603,-5.1135,-6.92443,-3.30258,-4.89744,-11.4341,12.0356,8.03099e-08,,0,-3.74185,0.000182672,1,
steer_asym_sd_hz,decorr,conf50,10,509.105,566.55,-57.4455,-80.4612,-34.4298,0.898605,-2.34601,-3.48481,-1.20722,-2.24689,-5.24585,17.9005,5.56808e-05,,5,-3.36388,0.000768539,0.9,
steer_asym_sd_hz,decorr,conf75,10,509.105,532.724,-23.6193,-48.7551,1.51652,0.955663,-0.883489,-1.80178,0.0347993,-0.846158,-1.97554,17.827,0.0638959,,27,-1.70084,0.088973,0.46,
steer_asym_sd_hz,conf25,conf50,10,608.538,566.55,41.9879,24.2731,59.7027,1.07411,2.29953,1.16987,3.42918,2.20236,5.1419,12.4893,0.000215062,,95,3.36388,0.000768539,-0.9,
steer_asym_sd_hz,conf25,conf75,10,608.538,532.724,75.8141,55.081,96.5472,1.14231,3.57975,2.1659,4.9936,3.42849,8.00456,11.5152,4.86572e-06,,100,3.74185,0.000182672,-1,
steer_asym_sd_hz,conf50,conf75,10,566.55,532.724,33.8262,9.4547,58.1977,1.0635,1.30682,0.341263,2.27238,1.2516,2.92214,17.4838,0.00930232,,83,2.45677,0.0140193,-0.66,
dn_rate_hz,rest,flow,10,1060.43,2478.4,-1417.97,-1430.4,-1405.53,0.42787,-111.492,-146.054,-76.9299,-106.781,-249.304,11.6526,4.40741e-23,,0,-3.74185,0.000182672,1,
dn_rate_hz,rest,self,10,1060.43,2472.93,-1412.5,-1426.87,-1398.12,0.428816,-96.7628,-126.762,-66.7634,-92.6742,-216.368,10.9632,2.95763e-21,,0,-3.74185,0.000182672,1,0.000249938
dn_rate_hz,rest,shuffle,10,1060.43,2470,-1409.57,-1424.21,-1394.92,0.429325,-94.8418,-124.246,-65.4375,-90.8344,-212.073,10.8882,4.86391e-21,,0,-3.74326,0.000181651,1,
dn_rate_hz,rest,randmat,10,1060.43,2475.73,-1415.3,-1426.32,-1404.28,0.428331,-124.655,-163.295,-86.0146,-119.388,-278.736,12.4081,6.18246e-25,,0,-3.74326,0.000181651,1,
dn_rate_hz,rest,decorr,10,1060.43,2462.37,-1401.93,-1426.03,-1377.84,0.430656,-58.2296,-76.2961,-40.1631,-55.7692,-130.205,9.68183,4.9673e-17,,0,-3.74185,0.000182672,1,
dn_rate_hz,rest,conf25,10,1060.43,2465.57,-1405.13,-1415.39,-1394.88,0.430097,-132.383,-173.417,-91.3482,-126.789,-296.017,12.9564,3.34519e-26,,0,-3.74326,0.000181651,1,
dn_rate_hz,rest,conf50,10,1060.43,2445.4,-1384.97,-1397.76,-1372.18,0.433644,-106.043,-138.918,-73.1691,-101.563,-237.12,11.5023,1.39576e-22,,0,-3.74466,0.000180635,1,
dn_rate_hz,rest,conf75,10,1060.43,2454.8,-1394.37,-1410.72,-1378.02,0.431983,-84.4273,-110.606,-58.2488,-80.86,-188.785,10.5051,6.85553e-20,,0,-3.74185,0.000182672,1,
dn_rate_hz,flow,self,10,2478.4,2472.93,5.469,-11.692,22.63,1.00221,0.299939,-0.581498,1.18138,0.287266,0.670684,17.5808,0.511137,1,59.5,0.680592,0.49613,-0.19,0.502624
dn_rate_hz,flow,shuffle,10,2478.4,2470,8.4,-8.96908,25.7691,1.0034,0.455375,-0.432435,1.34318,0.436133,1.01825,17.4722,0.322453,,63,0.945267,0.344523,-0.26,
dn_rate_hz,flow,randmat,10,2478.4,2475.73,2.665,-12.1584,17.4884,1.00108,0.169129,-0.708959,1.04722,0.161983,0.378185,17.6905,0.709793,,58.5,0.605198,0.545047,-0.17,
dn_rate_hz,flow,decorr,10,2478.4,2462.37,16.033,-9.46019,41.5262,1.00651,0.60641,-0.290032,1.50285,0.580787,1.35597,13.2606,0.197749,,70,1.47406,0.140465,-0.4,
dn_rate_hz,flow,conf25,10,2478.4,2465.57,12.833,-1.52528,27.1913,1.0052,0.842453,-0.0721238,1.75703,0.806857,1.88378,17.2289,0.0765854,,74,1.77844,0.0753316,-0.48,
dn_rate_hz,flow,conf50,10,2478.4,2445.4,32.999,16.9991,48.9989,1.01349,1.93792,0.875397,3.00045,1.85604,4.33333,17.9833,0.000401176,,91,3.06382,0.00218533,-0.82,
dn_rate_hz,flow,conf75,10,2478.4,2454.8,23.599,4.88574,42.3123,1.00961,1.19171,0.240562,2.14286,1.14135,2.66474,16.6644,0.0165308,,80,2.22999,0.0257481,-0.6,
dn_rate_hz,self,shuffle,10,2472.93,2470,2.931,-15.6625,21.5245,1.00119,0.148112,-0.729611,1.02584,0.141854,0.331189,17.9929,0.744328,1,53,0.189053,0.850051,-0.06,0.739565
dn_rate_hz,self,randmat,10,2472.93,2475.73,-2.804,-19.16,13.552,0.998867,-0.16199,-1.03995,0.715969,-0.155145,-0.36222,16.6832,0.721735,,51,0.0378107,0.969839,-0.02,0.709573
dn_rate_hz,self,decorr,10,2472.93,2462.37,10.564,-15.6207,36.7487,1.00429,0.385648,-0.498985,1.27028,0.369353,0.862335,14.532,0.40251,1,67,1.24728,0.212294,-0.34,0.402649
dn_rate_hz,self,conf25,10,2472.93,2465.57,7.364,-8.59604,23.324,1.00299,0.437452,-0.449492,1.3244,0.418968,0.978171,15.9916,0.342557,,67,1.24916,0.211606,-0.34,0.348663
dn_rate_hz,self,conf50,10,2472.93,2445.4,27.53,10.1531,44.9069,1.01126,1.4902,0.49946,2.48093,1.42723,3.33218,17.725,0.00377018,,85.5,2.64874,0.00807924,-0.71,0.00574856
dn_rate_hz,self,conf75,10,2472.93,2454.8,18.13,-1.68197,37.942,1.00739,0.860913,-0.0553138,1.77714,0.824536,1.92506,17.6799,0.0704646,,73.5,1.73929,0.0819837,-0.47,0.0717321
dn_rate_hz,shuffle,randmat,10,2470,2475.73,-5.735,-22.3152,10.8452,0.997684,-0.327087,-1.20945,0.555277,-0.313266,-0.731388,16.5211,0.474789,,48,-0.113475,0.909654,0.04,
dn_rate_hz,shuffle,decorr,10,2470,2462.37,7.633,-18.6592,33.9252,1.0031,0.277212,-0.60351,1.15793,0.265499,0.619865,14.7069,0.544832,,63.5,0.983447,0.325387,-0.27,
dn_rate_hz,shuffle,conf25,10,2470,2465.57,4.433,-11.7599,20.6259,1.0018,0.259787,-0.620425,1.14,0.24881,0.580902,15.8151,0.569493,,62,0.869973,0.384315,-0.24,
dn_rate_hz,shuffle,conf50,10,2470,2445.4,24.599,7.01807,42.1799,1.01006,1.31658,0.349751,2.28341,1.26095,2.94396,17.6337,0.00881825,,78,2.08115,0.0374199,-0.56,
dn_rate_hz,shuffle,conf75,10,2470,2454.8,15.199,-4.77942,35.1774,1.00619,0.715468,-0.188662,1.6196,0.685237,1.59984,17.7652,0.127268,,71,1.55024,0.121085,-0.42,
dn_rate_hz,randmat,decorr,10,2475.73,2462.37,13.368,-11.7035,38.4395,1.00543,0.517926,-0.373171,1.40902,0.496041,1.15812,12.3475,0.268727,,66,1.17213,0.241145,-0.32,
dn_rate_hz,randmat,conf25,10,2475.73,2465.57,10.168,-3.0991,23.4351,1.00412,0.72043,-0.184079,1.62494,0.689989,1.61093,17.881,0.124706,,59.5,0.681105,0.495805,-0.19,
dn_rate_hz,randmat,conf50,10,2475.73,2445.4,30.334,15.24,45.428,1.0124,1.89177,0.837263,2.94628,1.81184,4.23013,17.5394,0.000529791,,93,3.21633,0.00129843,-0.86,
dn_rate_hz,randmat,conf75,10,2475.73,2454.8,20.934,2.91748,38.9505,1.00853,1.10439,0.163417,2.04536,1.05772,2.46949,15.5132,0.0255717,,73,1.70148,0.0888529,-0.46,
dn_rate_hz,decorr,conf25,10,2462.37,2465.57,-3.2,-28.0711,21.6711,0.998702,-0.12552,-1.00291,0.751865,-0.120216,-0.280671,11.8713,0.783794,,41,-0.642781,0.520366,0.18,
dn_rate_hz,decorr,conf50,10,2462.37,2445.4,16.966,-8.64362,42.5756,1.00694,0.637687,-0.260837,1.53621,0.610742,1.42591,13.4934,0.176618,,66.5,1.21085,0.225952,-0.33,
dn_rate_hz,decorr,conf75,10,2462.37,2454.8,7.566,-19.4529,34.5849,1.00308,0.265834,-0.614551,1.14622,0.254602,0.594424,15.7408,0.560676,,51,0.0377964,0.96985,-0.02,
dn_rate_hz,conf25,conf50,10,2465.57,2445.4,20.166,5.52353,34.8085,1.00825,1.29937,0.33478,2.26396,1.24447,2.90548,17.0163,0.00984027,,81,2.30819,0.0209887,-0.62,
dn_rate_hz,conf25,conf75,10,2465.57,2454.8,10.766,-6.91205,28.444,1.00439,0.581262,-0.313579,1.4761,0.556701,1.29974,14.7806,0.213596,,62,0.870628,0.383957,-0.24,
dn_rate_hz,conf50,conf75,10,2445.4,2454.8,-9.4,-28.3019,9.50194,0.996171,-0.469432,-1.35794,0.419081,-0.449597,-1.04968,16.9021,0.308643,,39,-0.794323,0.427008,0.22,
