metric,arm_a,arm_b,n_per_arm,mean_a,mean_b,diff_a_minus_b,diff_ci95_lo,diff_ci95_hi,ratio_a_over_b,cohens_d,d_ci95_lo,d_ci95_hi,hedges_g,welch_t,welch_df,p_welch_two_sided,p_holm_self_family,mannwhitney_U,mw_z,p_mannwhitney_two_sided,rank_biserial,p_perm_two_sided
pool_rate_hz,rest,flow,6,9.45522,40.5545,-31.0993,-31.1518,-31.0468,0.233149,-842.72,-1179.87,-505.566,-777.895,-1459.63,5.83614,1.8578e-17,,0,-2.80715,0.00499812,1,
pool_rate_hz,rest,self,6,9.45522,40.5667,-31.1115,-31.1739,-31.0491,0.233078,-716.932,-1003.76,-430.103,-661.783,-1241.76,5.593,1.97076e-16,,0,-2.80715,0.00499812,1,0.00274931
pool_rate_hz,rest,shuffle,6,9.45522,40.5704,-31.1152,-31.1705,-31.0599,0.233057,-802.712,-1123.86,-481.564,-740.965,-1390.34,5.75294,4.04412e-17,,0,-2.80715,0.00499812,1,
pool_rate_hz,rest,randmat,6,9.45522,40.6103,-31.1551,-31.219,-31.0912,0.232828,-702.03,-982.897,-421.162,-648.027,-1215.95,5.56572,2.59822e-16,,0,-2.80715,0.00499812,1,
pool_rate_hz,rest,decorr,6,9.45522,40.364,-30.9088,-31.0293,-30.7883,0.234249,-377.178,-528.082,-226.274,-348.164,-653.292,5.15999,6.87706e-14,,0,-2.80715,0.00499812,1,
pool_rate_hz,rest,conf25,6,9.45522,40.5107,-31.0555,-31.1098,-31.0012,0.233401,-814.915,-1140.94,-488.885,-752.229,-1411.47,5.7807,3.14281e-17,,0,-2.80715,0.00499812,1,
pool_rate_hz,rest,conf50,6,9.45522,40.4187,-30.9634,-31.0142,-30.9127,0.233932,-865.107,-1211.22,-518.997,-798.56,-1498.41,5.89276,1.13467e-17,,0,-2.80715,0.00499812,1,
pool_rate_hz,rest,conf75,6,9.45522,40.4361,-30.9808,-31.0584,-30.9033,0.233831,-580.276,-812.434,-348.119,-535.64,-1005.07,5.3848,2.08299e-15,,0,-2.80715,0.00499812,1,
pool_rate_hz,flow,self,6,40.5545,40.5667,-0.0122,-0.0833366,0.0589366,0.999699,-0.221508,-1.35656,0.913542,-0.204469,-0.383663,9.71316,0.709492,1,17,-0.0800641,0.936186,0.0555556,0.703574
pool_rate_hz,flow,shuffle,6,40.5545,40.5704,-0.0159333,-0.0822167,0.05035,0.999607,-0.309349,-1.44768,0.828984,-0.285553,-0.535809,9.97196,0.603835,,18,-0.0800641,0.936186,0,
pool_rate_hz,flow,randmat,6,40.5545,40.6103,-0.0557833,-0.128007,0.0164406,0.998626,-0.998717,-2.19877,0.20134,-0.921893,-1.72983,9.63457,0.115498,,11,-1.04083,0.297953,0.388889,
pool_rate_hz,flow,decorr,6,40.5545,40.364,0.190517,0.0688392,0.312194,1.00472,2.14815,0.727201,3.5691,1.98291,3.7207,6.83417,0.00777812,,35,2.64211,0.00823902,-0.944444,
pool_rate_hz,flow,conf25,6,40.5545,40.5107,0.0437833,-0.0218549,0.109422,1.00108,0.858231,-0.3243,2.04076,0.792214,1.4865,9.98794,0.168016,,27,1.36109,0.173485,-0.5,
pool_rate_hz,flow,conf50,6,40.5545,40.4187,0.135833,0.0723923,0.199274,1.00336,2.75475,1.17515,4.33435,2.54285,4.77137,9.98896,0.000757816,,36,2.80224,0.00507487,-1,
pool_rate_hz,flow,conf75,6,40.5545,40.4361,0.118433,0.0355121,0.201355,1.00293,1.87241,0.515337,3.22948,1.72838,3.24311,8.78394,0.0104363,,34,2.48199,0.0130652,-0.888889,
pool_rate_hz,self,shuffle,6,40.5667,40.5704,-0.00373333,-0.076351,0.0688843,0.999908,-0.0662648,-1.19816,1.06563,-0.0611675,-0.114774,9.85826,0.910928,1,15,-0.40032,0.688921,0.166667,0.909273
pool_rate_hz,self,randmat,6,40.5667,40.6103,-0.0435833,-0.121213,0.0340465,0.998927,-0.722281,-1.89018,0.445618,-0.666721,-1.25103,9.99438,0.239417,,10,-1.20096,0.229766,0.444444,0.24069
pool_rate_hz,self,decorr,6,40.5667,40.364,0.202717,0.0793834,0.32605,1.00502,2.21354,0.776615,3.65046,2.04326,3.83396,7.50775,0.00562537,0.0168761,36,2.80224,0.00507487,-1,0.00274931
pool_rate_hz,self,conf25,6,40.5667,40.5107,0.0559833,-0.0161027,0.128069,1.00138,1.00164,-0.198809,2.20208,0.924588,1.73489,9.81332,0.113995,,23,0.720577,0.47117,-0.277778,0.132967
pool_rate_hz,self,conf50,6,40.5667,40.4187,0.148033,0.0777358,0.218331,1.00366,2.7243,1.15318,4.29542,2.51474,4.71862,9.60074,0.000914516,,36,2.80224,0.00507487,-1,0.00274931
pool_rate_hz,self,conf75,6,40.5667,40.4361,0.130633,0.0435869,0.21768,1.00323,1.94261,0.569832,3.31538,1.79318,3.36469,9.56245,0.0076458,,34,2.48199,0.0130652,-0.888889,0.00649838
pool_rate_hz,shuffle,randmat,6,40.5704,40.6103,-0.03985,-0.11351,0.0338096,0.999019,-0.697894,-1.86342,0.46763,-0.64421,-1.20879,9.79904,0.255104,,10,-1.20096,0.229766,0.444444,
pool_rate_hz,shuffle,decorr,6,40.5704,40.364,0.20645,0.0843734,0.328527,1.00511,2.30726,0.846933,3.76759,2.12978,3.9963,7.0229,0.0051797,,36,2.80224,0.00507487,-1,
pool_rate_hz,shuffle,conf25,6,40.5704,40.5107,0.0597167,-0.00766423,0.127098,1.00147,1.14015,-0.079918,2.36021,1.05244,1.97479,9.99665,0.0765425,,29,1.68135,0.0926958,-0.611111,
pool_rate_hz,shuffle,conf50,6,40.5704,40.4187,0.151767,0.0864602,0.217073,1.00375,2.99253,1.34515,4.63991,2.76234,5.18322,9.92637,0.000421069,,36,2.80224,0.00507487,-1,
pool_rate_hz,shuffle,conf75,6,40.5704,40.4361,0.134367,0.050376,0.218357,1.00332,2.08792,0.681417,3.49443,1.92731,3.61639,9.04215,0.00556022,,35,2.64211,0.00823902,-0.944444,
pool_rate_hz,randmat,decorr,6,40.6103,40.364,0.2463,0.122651,0.369949,1.0061,2.67571,1.11801,4.23341,2.46988,4.63446,7.612,0.00191355,,36,2.80224,0.00507487,-1,
pool_rate_hz,randmat,conf25,6,40.6103,40.5107,0.0995667,0.0264228,0.17271,1.00246,1.75731,0.425101,3.08952,1.62213,3.04375,9.74703,0.0127385,,32,2.16173,0.030639,-0.777778,
pool_rate_hz,randmat,conf50,6,40.6103,40.4187,0.191617,0.120204,0.263029,1.00474,3.47594,1.68307,5.2688,3.20856,6.0205,9.51187,0.000157771,,36,2.80224,0.00507487,-1,
pool_rate_hz,randmat,conf75,6,40.6103,40.4361,0.174217,0.0864536,0.26198,1.00431,2.56635,1.03838,4.09431,2.36894,4.44504,9.6474,0.00135903,,36,2.80224,0.00507487,-1,
pool_rate_hz,decorr,conf25,6,40.364,40.5107,-0.146733,-0.268663,-0.0248038,0.996378,-1.64505,-2.95411,-0.335986,-1.5185,-2.8493,6.95603,0.0248792,,3,-2.32186,0.0202406,0.833333,
pool_rate_hz,decorr,conf50,6,40.364,40.4187,-0.0546833,-0.17615,0.0667833,0.998647,-0.619769,-1.7782,0.538665,-0.572094,-1.07347,6.72361,0.320068,,14,-0.560449,0.575174,0.222222,
pool_rate_hz,decorr,conf75,6,40.364,40.4361,-0.0720833,-0.199442,0.0552758,0.998217,-0.745297,-1.91551,0.424915,-0.687966,-1.29089,8.54184,0.230582,,10,-1.20096,0.229766,0.444444,
pool_rate_hz,conf25,conf50,6,40.5107,40.4187,0.09205,0.0274093,0.156691,1.00228,1.83304,0.484594,3.18148,1.69203,3.17491,9.95409,0.00996008,,32,2.16173,0.030639,-0.777778,
pool_rate_hz,conf25,conf75,6,40.5107,40.4361,0.07465,-0.00895399,0.158254,1.00185,1.16709,-0.0570458,2.39122,1.07731,2.02146,8.95419,0.0741088,,29,1.68135,0.0926958,-0.611111,
pool_rate_hz,conf50,conf75,6,40.4187,40.4361,-0.0174,-0.0997268,0.0649268,0.99957,-0.277913,-1.41495,0.859122,-0.256535,-0.481359,8.61848,0.642247,,14,-0.560449,0.575174,0.222222,
injected_events,rest,flow,6,0,701947,-701947,-702734,-701160,0,-1323.87,-1853.52,-794.219,-1222.03,-2293.01,5,2.99417e-16,,0,-2.99124,0.00277843,1,
injected_events,rest,self,6,0,702570,-702570,-704350,-700791,0,-585.944,-820.369,-351.519,-540.872,-1014.89,5,1.76285e-14,,0,-2.99124,0.00277843,1,0.00274931
injected_events,rest,shuffle,6,0,701992,-701992,-703137,-700847,0,-910.122,-1274.24,-546.002,-840.112,-1576.38,5,1.94985e-15,,0,-2.99124,0.00277843,1,
injected_events,rest,randmat,6,0,703075,-703075,-704017,-702133,0,-1107.3,-1550.3,-664.294,-1022.12,-1917.9,5,7.31434e-16,,0,-2.99124,0.00277843,1,
injected_events,rest,decorr,6,0,702250,-702250,-703105,-701394,0,-1218.32,-1705.74,-730.899,-1124.6,-2110.19,5,4.53619e-16,,0,-2.99124,0.00277843,1,
injected_events,rest,conf25,6,0,702325,-702325,-703262,-701389,0,-1112.66,-1557.8,-667.507,-1027.07,-1927.18,5,7.13997e-16,,0,-2.99124,0.00277843,1,
injected_events,rest,conf50,6,0,702378,-702378,-703535,-701222,0,-901.19,-1261.74,-540.644,-831.867,-1560.91,5,2.04842e-15,,0,-2.99124,0.00277843,1,
injected_events,rest,conf75,6,0,702827,-702827,-703635,-702020,0,-1291.39,-1808.05,-774.737,-1192.06,-2236.76,5,3.39004e-16,,0,-2.99124,0.00277843,1,
injected_events,flow,self,6,701947,702570,-623.167,-2419.19,1172.85,0.999113,-0.475321,-1.62277,0.672132,-0.438758,-0.823281,6.88345,0.437937,1,11,-1.04083,0.297953,0.388889,0.427393
injected_events,flow,shuffle,6,701947,701992,-45,-1270.34,1180.34,0.999936,-0.0480777,-1.17983,1.08367,-0.0443794,-0.083273,8.86294,0.935485,,16,-0.240192,0.810181,0.111111,
injected_events,flow,randmat,6,701947,703075,-1127.83,-2196.59,-59.0786,0.998396,-1.3634,-2.61959,-0.107209,-1.25852,-2.36148,9.69184,0.040606,,7,-1.68135,0.0926958,0.611111,
injected_events,flow,decorr,6,701947,702250,-302.5,-1310.96,705.955,0.999569,-0.386242,-1.52833,0.755846,-0.356531,-0.66899,9.93105,0.51875,,15,-0.40032,0.688921,0.166667,
injected_events,flow,conf25,6,701947,702325,-378.167,-1442.94,686.603,0.999462,-0.458739,-1.60511,0.687633,-0.423452,-0.79456,9.7107,0.445854,,14,-0.560449,0.575174,0.222222,
injected_events,flow,conf50,6,701947,702378,-431.333,-1666.51,803.842,0.999386,-0.457576,-1.60387,0.688722,-0.422378,-0.792544,8.8117,0.448854,,14,-0.560449,0.575174,0.222222,
injected_events,flow,conf75,6,701947,702827,-880.167,-1857.71,97.3749,0.998748,-1.15838,-2.38119,0.0644288,-1.06927,-2.00637,9.9932,0.0726317,,7,-1.68135,0.0926958,0.611111,
injected_events,self,shuffle,6,702570,701992,578.167,-1299.53,2455.86,1.00082,0.405531,-0.737626,1.54869,0.374337,0.702401,8.53308,0.501138,1,21,0.40032,0.688921,-0.166667,0.501375
injected_events,self,randmat,6,702570,703075,-504.667,-2327.74,1318.41,0.999282,-0.371959,-1.51329,0.76937,-0.343347,-0.644252,7.59975,0.538365,,14,-0.560449,0.575174,0.222222,0.543364
injected_events,self,decorr,6,702570,702250,320.667,-1485.73,2127.07,1.00046,0.241032,-0.894655,1.37672,0.222491,0.417479,7.1938,0.688506,1,21,0.40032,0.688921,-0.166667,0.676331
injected_events,self,conf25,6,702570,702325,245,-1576.89,2066.89,1.00035,0.180807,-0.953089,1.3147,0.166899,0.313166,7.57367,0.762604,,21,0.40032,0.688921,-0.166667,0.748813
injected_events,self,conf50,6,702570,702378,191.833,-1689.79,2073.46,1.00027,0.134141,-0.998716,1.267,0.123823,0.232339,8.58514,0.821718,,21,0.40032,0.688921,-0.166667,0.812547
injected_events,self,conf75,6,702570,702827,-257,-2055.92,1541.92,0.999634,-0.195174,-1.32945,0.939103,-0.180161,-0.338051,6.97633,0.745269,,17,-0.0800641,0.936186,0.0555556,0.739315
injected_events,shuffle,randmat,6,701992,703075,-1082.83,-2374.48,208.812,0.99846,-1.08387,-2.2957,0.127955,-1.0005,-1.87732,9.64396,0.0910109,,6,-1.84147,0.0655522,0.666667,
injected_events,shuffle,decorr,6,701992,702250,-257.5,-1509.8,994.8,0.999633,-0.267421,-1.40405,0.869211,-0.246851,-0.463188,9.25696,0.653927,,16,-0.240192,0.810181,0.111111,
injected_events,shuffle,conf25,6,701992,702325,-333.167,-1622.14,955.806,0.999526,-0.334278,-1.47374,0.805183,-0.308564,-0.578986,9.62345,0.575898,,15,-0.40032,0.688921,0.166667,
injected_events,shuffle,conf50,6,701992,702378,-386.333,-1796.95,1024.28,0.99945,-0.352323,-1.49265,0.788008,-0.325222,-0.610242,9.99892,0.555317,,19,0.0800641,0.936186,-0.0555556,
injected_events,shuffle,conf75,6,701992,702827,-835.167,-2068.29,397.959,0.998812,-0.884716,-2.07037,0.300936,-0.816661,-1.53237,8.98973,0.159832,,10,-1.20096,0.229766,0.444444,
injected_events,randmat,decorr,6,703075,702250,825.333,-279.233,1929.9,1.00118,0.962425,-0.232876,2.15773,0.888392,1.66697,9.90788,0.12677,,27,1.36109,0.173485,-0.5,
injected_events,randmat,conf25,6,703075,702325,749.667,-402.087,1901.42,1.00107,0.837321,-0.342808,2.01745,0.772912,1.45028,9.99965,0.177611,,28,1.52122,0.128205,-0.555556,
injected_events,randmat,conf50,6,703075,702378,696.5,-603.919,1996.92,1.00099,0.692836,-0.472205,1.85788,0.639541,1.20003,9.6074,0.258884,,28,1.52122,0.128205,-0.555556,
injected_events,randmat,conf75,6,703075,702827,247.667,-831.55,1326.88,1.00035,0.296155,-0.841617,1.43393,0.273374,0.512956,9.77143,0.619378,,21,0.40032,0.688921,-0.166667,
injected_events,decorr,conf25,6,702250,702325,-75.6667,-1176.52,1025.18,0.999892,-0.08852,-1.22066,1.04362,-0.0817107,-0.153321,9.91861,0.881219,,18,-0.0800641,0.936186,0,
injected_events,decorr,conf50,6,702250,702378,-128.833,-1390.51,1132.84,0.999817,-0.132903,-1.26574,0.999931,-0.12268,-0.230195,9.21006,0.822972,,19,0.0800641,0.936186,-0.0555556,
injected_events,decorr,conf75,6,702250,702827,-577.667,-1597.92,442.587,0.999178,-0.728693,-1.89723,0.439843,-0.67264,-1.26213,9.9672,0.235634,,11,-1.04083,0.297953,0.388889,
injected_events,conf25,conf50,6,702325,702378,-53.1667,-1350.95,1244.62,0.999924,-0.053011,-1.1848,1.07877,-0.0489332,-0.0918177,9.58609,0.928733,,20,0.240192,0.810181,-0.111111,
injected_events,conf25,conf75,6,702325,702827,-502,-1577.31,573.313,0.999286,-0.60232,-1.75928,0.554639,-0.555988,-1.04325,9.78797,0.321915,,11,-1.04083,0.297953,0.388889,
injected_events,conf50,conf75,6,702378,702827,-448.833,-1691.66,793.992,0.999361,-0.472157,-1.6194,0.675087,-0.435837,-0.817799,8.93943,0.434727,,10,-1.20096,0.229766,0.444444,
cx_rate_hz,rest,flow,6,0.0100182,1.00841,-0.998392,-1.01145,-0.98533,0.00993467,-112.881,-158.056,-67.7056,-104.197,-195.515,5.08301,4.74295e-11,,0,-2.80224,0.00507487,1,
cx_rate_hz,rest,self,6,0.0100182,0.999062,-0.989044,-0.993788,-0.9843,0.0100276,-299.378,-419.157,-179.599,-276.349,-518.538,5.62466,2.22571e-14,,0,-2.80224,0.00507487,1,0.00274931
cx_rate_hz,rest,shuffle,6,0.0100182,1.00571,-0.995689,-1.00456,-0.986817,0.00996137,-164.851,-230.814,-98.8886,-152.17,-285.531,5.17966,4.51187e-12,,0,-2.80224,0.00507487,1,
cx_rate_hz,rest,randmat,6,0.0100182,1.01304,-1.00303,-1.0089,-0.997149,0.00988922,-247.642,-346.724,-148.56,-228.593,-428.929,5.40796,1.82683e-13,,0,-2.80224,0.00507487,1,
cx_rate_hz,rest,decorr,6,0.0100182,0.965606,-0.955588,-0.971399,-0.939777,0.0103751,-89.3972,-125.181,-53.6136,-82.5205,-154.84,5.05669,1.71605e-10,,0,-2.80224,0.00507487,1,
cx_rate_hz,rest,conf25,6,0.0100182,0.960543,-0.950525,-0.963657,-0.937393,0.0104297,-106.902,-149.686,-64.1183,-98.679,-185.16,5.08213,6.27601e-11,,0,-2.80224,0.00507487,1,
cx_rate_hz,rest,conf50,6,0.0100182,0.933676,-0.923658,-0.93759,-0.909725,0.0107299,-97.9661,-137.176,-58.7559,-90.4302,-169.682,5.07298,1.01361e-10,,0,-2.80224,0.00507487,1,
cx_rate_hz,rest,conf75,6,0.0100182,0.943989,-0.933971,-0.943851,-0.924091,0.0106126,-139.12,-194.79,-83.45,-128.418,-240.963,5.14494,1.2595e-11,,0,-2.80224,0.00507487,1,
cx_rate_hz,flow,self,6,1.00841,0.999062,0.00934783,-0.00374193,0.0224376,1.00936,0.997308,-0.202561,2.19718,0.920592,1.72739,6.30094,0.132472,0.260556,26,1.20096,0.229766,-0.444444,0.111222
cx_rate_hz,flow,shuffle,6,1.00841,1.00571,0.00270333,-0.0112527,0.0166594,1.00269,0.253836,-0.882297,1.38997,0.23431,0.439657,8.80684,0.670776,,22,0.560449,0.575174,-0.222222,
cx_rate_hz,flow,randmat,6,1.00841,1.01304,-0.00463483,-0.0178438,0.00857414,0.995425,-0.479721,-1.62747,0.668026,-0.442819,-0.8309,6.95095,0.43364,,17,-0.0800641,0.936186,0.0555556,
cx_rate_hz,flow,decorr,6,1.00841,0.965606,0.0428042,0.0249302,0.0606781,1.04433,3.09558,1.418,4.77316,2.85746,5.3617,9.65705,0.000358461,,36,2.80224,0.00507487,-1,
cx_rate_hz,flow,conf25,6,1.00841,0.960543,0.0478668,0.0317995,0.0639342,1.04983,3.83242,1.9268,5.73804,3.53762,6.63795,9.99972,5.79678e-05,,36,2.80224,0.00507487,-1,
cx_rate_hz,flow,conf50,6,1.00841,0.933676,0.074734,0.0581587,0.0913093,1.08004,5.80339,3.22052,8.38626,5.35697,10.0518,9.95881,1.56638e-06,,36,2.80224,0.00507487,-1,
cx_rate_hz,flow,conf75,6,1.00841,0.943989,0.064421,0.0500679,0.0787741,1.06824,5.83216,3.23894,8.42538,5.38353,10.1016,9.31223,2.53287e-06,,36,2.80224,0.00507487,-1,
cx_rate_hz,self,shuffle,6,0.999062,1.00571,-0.0066445,-0.0157576,0.00246864,0.993393,-0.978544,-2.17594,0.21885,-0.903271,-1.69489,7.64832,0.130278,0.260556,7.5,-1.60409,0.108695,0.583333,0.112972
cx_rate_hz,self,randmat,6,0.999062,1.01304,-0.0139827,-0.0205858,-0.00737949,0.986197,-2.74059,-4.31624,-1.16494,-2.52978,-4.74684,9.57403,0.00088414,,1,-2.64211,0.00823902,0.944444,0.00549863
cx_rate_hz,self,decorr,6,0.999062,0.965606,0.0334563,0.0176651,0.0492476,1.03465,3.00585,1.35459,4.65711,2.77463,5.20629,5.89661,0.00211113,0.0063334,36,2.80224,0.00507487,-1,0.00274931
cx_rate_hz,self,conf25,6,0.999062,0.960543,0.038519,0.0253611,0.0516769,1.0401,4.09024,2.10069,6.07979,3.77561,7.08451,6.28762,0.000321708,,36,2.80224,0.00507487,-1,0.00274931
cx_rate_hz,self,conf50,6,0.999062,0.933676,0.0653862,0.0514454,0.0793269,1.07003,6.58755,3.71937,9.45574,6.08082,11.41,6.14821,2.29189e-05,,36,2.80224,0.00507487,-1,0.00274931
cx_rate_hz,self,conf75,6,0.999062,0.943989,0.0550732,0.0450315,0.0651148,1.05834,7.44667,4.25977,10.6336,6.87385,12.898,7.19447,3.10906e-06,,36,2.80224,0.00507487,-1,0.00274931
cx_rate_hz,shuffle,randmat,6,1.00571,1.01304,-0.00733817,-0.0167718,0.00209551,0.992756,-1.02158,-2.22472,0.181551,-0.942999,-1.76943,8.68519,0.111819,,10,-1.20096,0.229766,0.444444,
cx_rate_hz,shuffle,decorr,6,1.00571,0.965606,0.0401008,0.0237773,0.0564243,1.04153,3.28021,1.54738,5.01305,3.02789,5.6815,7.86878,0.000492901,,36,2.80224,0.00507487,-1,
cx_rate_hz,shuffle,conf25,6,1.00571,0.960543,0.0451635,0.0311499,0.0591771,1.04702,4.22529,2.19106,6.25951,3.90026,7.31841,8.78051,5.09585e-05,,36,2.80224,0.00507487,-1,
cx_rate_hz,shuffle,conf50,6,1.00571,0.933676,0.0720307,0.0573465,0.0867148,1.07715,6.4663,3.64263,9.28997,5.96889,11.2,8.48597,2.25162e-06,,36,2.80224,0.00507487,-1,
cx_rate_hz,shuffle,conf75,6,1.00571,0.943989,0.0617177,0.0501748,0.0732605,1.06538,6.88895,3.90959,9.86831,6.35903,11.932,9.88677,3.42845e-07,,36,2.80224,0.00507487,-1,
cx_rate_hz,randmat,decorr,6,1.01304,0.965606,0.047439,0.0315886,0.0632894,1.04913,4.17069,2.15458,6.18679,3.84986,7.22384,6.36102,0.00027296,,36,2.80224,0.00507487,-1,
cx_rate_hz,randmat,conf25,6,1.01304,0.960543,0.0525017,0.0392266,0.0657768,1.05466,5.41007,2.96767,7.85246,4.99391,9.37051,6.93188,3.48697e-05,,36,2.80224,0.00507487,-1,
cx_rate_hz,randmat,conf50,6,1.01304,0.933676,0.0793688,0.0653319,0.0934058,1.08501,7.78236,4.46957,11.0952,7.18372,13.4794,6.73074,4.05463e-06,,36,2.80224,0.00507487,-1,
cx_rate_hz,randmat,conf75,6,1.01304,0.943989,0.0690558,0.0587603,0.0793514,1.07315,8.90122,5.16459,12.6378,8.21651,15.4174,8.15109,2.56658e-07,,36,2.80224,0.00507487,-1,
cx_rate_hz,decorr,conf25,6,0.965606,0.960543,0.00506267,-0.0128454,0.0229707,1.00527,0.365337,-0.775649,1.50632,0.337234,0.632782,9.67491,0.541542,,21,0.40032,0.688921,-0.166667,
cx_rate_hz,decorr,conf50,6,0.965606,0.933676,0.0319298,0.0136133,0.0502464,1.0342,2.24732,0.802032,3.69262,2.07445,3.89248,9.84455,0.0030873,,35,2.64211,0.00823902,-0.944444,
cx_rate_hz,decorr,conf75,6,0.965606,0.943989,0.0216168,0.00501453,0.0382191,1.0229,1.71952,0.395226,3.04381,1.58725,2.97829,8.39162,0.0167289,,31,2.0016,0.0453276,-0.722222,
cx_rate_hz,conf25,conf50,6,0.960543,0.933676,0.0268672,0.0102518,0.0434825,1.02878,2.08113,0.676239,3.48603,1.92105,3.60463,9.9653,0.0048377,,35,2.64211,0.00823902,-0.944444,
cx_rate_hz,conf25,conf75,6,0.960543,0.943989,0.0165542,0.00214698,0.0309614,1.01754,1.4936,0.213932,2.77327,1.37871,2.587,9.28885,0.0286467,,30.5,1.92491,0.0542411,-0.694444,
cx_rate_hz,conf50,conf75,6,0.933676,0.943989,-0.010313,-0.0253527,0.00472666,0.989075,-0.895343,-2.08227,0.291584,-0.826471,-1.55078,9.0163,0.155307,,8,-1.52122,0.128205,0.555556,
cx_active_fraction,rest,flow,6,0.0016072,0.0429926,-0.0413854,-0.0417929,-0.0409779,0.0373832,-132.973,-186.184,-79.7614,-122.744,-230.315,8.8527,4.95474e-18,,0,-2.88408,0.00392563,1,
cx_active_fraction,rest,self,6,0.0016072,0.0434748,-0.0418676,-0.0428472,-0.040888,0.0369686,-61.1452,-85.6341,-36.6563,-56.4418,-105.907,5.70441,1.28891e-10,,0,-2.87875,0.00399253,1,0.00274931
cx_active_fraction,rest,shuffle,6,0.0016072,0.0437159,-0.0421086,-0.042993,-0.0412243,0.0367647,-67.6483,-94.7364,-40.5602,-62.4446,-117.17,5.86304,4.17998e-11,,0,-2.86295,0.00419719,1,
cx_active_fraction,rest,randmat,6,0.0016072,0.044198,-0.0425908,-0.0437708,-0.0414108,0.0363636,-52.172,-73.0754,-31.2686,-48.1587,-90.3645,5.48665,6.42975e-10,,0,-2.86295,0.00419719,1,
cx_active_fraction,rest,decorr,6,0.0016072,0.0431533,-0.0415461,-0.0423764,-0.0407158,0.037244,-70.7485,-99.0759,-42.4211,-65.3063,-122.54,5.9781,2.14969e-11,,0,-2.86819,0.00412832,1,
cx_active_fraction,rest,conf25,6,0.0016072,0.0429926,-0.0413854,-0.0417929,-0.0409779,0.0373832,-132.973,-186.184,-79.7614,-122.744,-230.315,8.8527,4.95474e-18,,0,-2.88408,0.00392563,1,
cx_active_fraction,rest,conf50,6,0.0016072,0.0425104,-0.0409032,-0.0416484,-0.0401581,0.0378072,-76.9114,-107.703,-46.1202,-70.9951,-133.214,6.21246,5.66049e-12,,0,-2.86295,0.00419719,1,
cx_active_fraction,rest,conf75,6,0.0016072,0.0429926,-0.0413854,-0.0421306,-0.0406402,0.0373832,-77.8149,-108.967,-46.6625,-71.8291,-134.779,6.21236,5.26642e-12,,0,-2.86295,0.00419719,1,
cx_active_fraction,flow,self,6,0.0429926,0.0434748,-0.000482183,-0.00146741,0.000503041,0.988909,-0.679389,-1.84316,0.484383,-0.627129,-1.17674,6.47107,0.280765,0.842295,9,-1.42206,0.155008,0.5,0.293427
cx_active_fraction,flow,shuffle,6,0.0429926,0.0437159,-0.000723267,-0.00161616,0.00016963,0.983455,-1.11294,-2.32897,0.103098,-1.02733,-1.92766,6.78682,0.0965559,,7.5,-1.645,0.0999697,0.583333,
cx_active_fraction,flow,randmat,6,0.0429926,0.044198,-0.00120542,-0.00238727,-2.35602e-05,0.972727,-1.43941,-2.7091,-0.169716,-1.32868,-2.49313,6.02557,0.0467961,,4.5,-2.1385,0.0324761,0.75,
cx_active_fraction,flow,decorr,6,0.0429926,0.0431533,-0.000160717,-0.00100173,0.000680299,0.996276,-0.260814,-1.3972,0.875573,-0.240751,-0.451742,7.01019,0.6651,,15,-0.423127,0.672203,0.166667,
cx_active_fraction,flow,conf25,6,0.0429926,0.0429926,0,-0.000466913,0.000466913,1,0,-1.13159,1.13159,0,0,10,1,,18,-0.0874007,0.930353,0,
cx_active_fraction,flow,conf50,6,0.0429926,0.0425104,0.00048215,-0.000278076,0.00124238,1.01134,0.855399,-0.326804,2.0376,0.789599,1.48159,7.44804,0.17947,,25.5,1.17335,0.240654,-0.416667,
cx_active_fraction,flow,conf75,6,0.0429926,0.0429926,-1.66667e-08,-0.000760273,0.00076024,1,-2.95679e-05,-1.13162,1.13156,-2.72934e-05,-5.1213e-05,7.44785,0.99996,,17,-0.083176,0.933712,0.0555556,
cx_active_fraction,self,shuffle,6,0.0434748,0.0437159,-0.000241083,-0.00138923,0.00090706,0.994485,-0.270502,-1.40725,0.866247,-0.249695,-0.468524,9.89611,0.64956,1,15,-0.416667,0.676922,0.166667,0.762309
cx_active_fraction,self,randmat,6,0.0434748,0.044198,-0.000723233,-0.0020621,0.000615636,0.983637,-0.698105,-1.86365,0.467439,-0.644405,-1.20915,9.6722,0.25533,,11.5,-0.985184,0.324534,0.361111,0.322669
cx_active_fraction,self,decorr,6,0.0434748,0.0431533,0.000321467,-0.000797991,0.00144092,1.00745,0.370778,-0.770489,1.51205,0.342257,0.642207,9.73509,0.535568,1,23.5,0.833333,0.404657,-0.305556,0.487628
cx_active_fraction,self,conf25,6,0.0434748,0.0429926,0.000482183,-0.000503041,0.00146741,1.01122,0.679389,-0.484383,1.84316,0.627129,1.17674,6.47107,0.280765,,27,1.42206,0.155008,-0.5,0.308423
cx_active_fraction,self,conf50,6,0.0434748,0.0425104,0.000964333,-0.00011463,0.0020433,1.02268,1.16118,-0.0620511,2.38442,1.07186,2.01123,9.32193,0.0740894,,30,1.88137,0.0599222,-0.666667,0.0977256
cx_active_fraction,self,conf75,6,0.0434748,0.0429926,0.000482167,-0.000596811,0.00156114,1.01122,0.580582,-0.574597,1.73576,0.535922,1.0056,9.32212,0.339996,,24,0.916667,0.359317,-0.333333,0.436141
cx_active_fraction,shuffle,randmat,6,0.0437159,0.044198,-0.00048215,-0.00177722,0.000812918,0.989091,-0.484114,-1.63216,0.663927,-0.446875,-0.838511,9.26697,0.422845,,14,-0.568455,0.569726,0.222222,
cx_active_fraction,shuffle,decorr,6,0.0437159,0.0431533,0.00056255,-0.000491252,0.00161635,1.01304,0.687103,-0.477394,1.8516,0.634249,1.1901,9.95974,0.261602,,25.5,1.14518,0.252135,-0.416667,
cx_active_fraction,shuffle,conf25,6,0.0437159,0.0429926,0.000723267,-0.00016963,0.00161616,1.01682,1.11294,-0.103098,2.32897,1.02733,1.92766,6.78682,0.0965559,,28.5,1.645,0.0999697,-0.583333,
cx_active_fraction,shuffle,conf50,6,0.0437159,0.0425104,0.00120542,0.000198054,0.00221278,1.02836,1.54553,0.256026,2.83503,1.42664,2.67693,9.71267,0.0237729,,31.5,2.10385,0.0353914,-0.75,
cx_active_fraction,shuffle,conf75,6,0.0437159,0.0429926,0.00072325,-0.00028413,0.00173063,1.01682,0.9273,-0.263548,2.11815,0.855969,1.60613,9.71281,0.140227,,27,1.39057,0.164354,-0.5,
cx_active_fraction,randmat,decorr,6,0.044198,0.0431533,0.0010447,-0.000228447,0.00231785,1.02421,1.07224,-0.137926,2.28241,0.989762,1.85718,8.97051,0.0963533,,28,1.54573,0.122169,-0.555556,
cx_active_fraction,randmat,conf25,6,0.044198,0.0429926,0.00120542,2.35602e-05,0.00238727,1.02804,1.43941,0.169716,2.7091,1.32868,2.49313,6.02557,0.0467961,,31.5,2.1385,0.0324761,-0.75,
cx_active_fraction,randmat,conf50,6,0.044198,0.0425104,0.00168757,0.000444409,0.00293072,1.0397,1.79156,0.452072,3.13105,1.65375,3.10308,8.42523,0.0137034,,33.5,2.42752,0.0152024,-0.861111,
cx_active_fraction,randmat,conf75,6,0.044198,0.0429926,0.0012054,-3.77679e-05,0.00244857,1.02804,1.27967,0.0376539,2.52168,1.18123,2.21645,8.42545,0.0558489,,29.5,1.7898,0.0734867,-0.638889,
cx_active_fraction,decorr,conf25,6,0.0431533,0.0429926,0.000160717,-0.000680299,0.00100173,1.00374,0.260814,-0.875573,1.3972,0.240751,0.451742,7.01019,0.6651,,21,0.423127,0.672203,-0.166667,
cx_active_fraction,decorr,conf50,6,0.0431533,0.0425104,0.000642867,-0.000326254,0.00161199,1.01512,0.854737,-0.32739,2.03686,0.788988,1.48045,9.88126,0.169918,,26.5,1.316,0.188174,-0.472222,
cx_active_fraction,decorr,conf75,6,0.0431533,0.0429926,0.0001607,-0.000808439,0.00112984,1.00374,0.213658,-0.921152,1.34847,0.197223,0.370066,9.88136,0.719142,,19.5,0.1645,0.869337,-0.0833333,
cx_active_fraction,conf25,conf50,6,0.0429926,0.0425104,0.00048215,-0.000278076,0.00124238,1.01134,0.855399,-0.326804,2.0376,0.789599,1.48159,7.44804,0.17947,,25.5,1.17335,0.240654,-0.416667,
cx_active_fraction,conf25,conf75,6,0.0429926,0.0429926,-1.66667e-08,-0.000760273,0.00076024,1,-2.95679e-05,-1.13162,1.13156,-2.72934e-05,-5.1213e-05,7.44785,0.99996,,17,-0.083176,0.933712,0.0555556,
cx_active_fraction,conf50,conf75,6,0.0425104,0.0429926,-0.000482167,-0.00139516,0.000430826,0.988785,-0.679378,-1.84315,0.484393,-0.627118,-1.17672,10,0.266559,,11,-1.05952,0.289363,0.388889,
ring_rate_hz,rest,flow,6,0,0,0,nan,nan,nan,nan,nan,nan,nan,nan,nan,nan,,18,nan,nan,0,
ring_rate_hz,rest,self,6,0,0,0,nan,nan,nan,nan,nan,nan,nan,nan,nan,nan,,18,nan,nan,0,1
ring_rate_hz,rest,shuffle,6,0,0,0,nan,nan,nan,nan,nan,nan,nan,nan,nan,nan,,18,nan,nan,0,
ring_rate_hz,rest,randmat,6,0,0,0,nan,nan,nan,nan,nan,nan,nan,nan,nan,nan,,18,nan,nan,0,
ring_rate_hz,rest,decorr,6,0,0,0,nan,nan,nan,nan,nan,nan,nan,nan,nan,nan,,18,nan,nan,0,
ring_rate_hz,rest,conf25,6,0,0,0,nan,nan,nan,nan,nan,nan,nan,nan,nan,nan,,18,nan,nan,0,
ring_rate_hz,rest,conf50,6,0,0,0,nan,nan,nan,nan,nan,nan,nan,nan,nan,nan,,18,nan,nan,0,
ring_rate_hz,rest,conf75,6,0,0,0,nan,nan,nan,nan,nan,nan,nan,nan,nan,nan,,18,nan,nan,0,
ring_rate_hz,flow,self,6,0,0,0,nan,nan,nan,nan,nan,nan,nan,nan,nan,nan,1,18,nan,nan,0,1
ring_rate_hz,flow,shuffle,6,0,0,0,nan,nan,nan,nan,nan,nan,nan,nan,nan,nan,,18,nan,nan,0,
ring_rate_hz,flow,randmat,6,0,0,0,nan,nan,nan,nan,nan,nan,nan,nan,nan,nan,,18,nan,nan,0,
ring_rate_hz,flow,decorr,6,0,0,0,nan,nan,nan,nan,nan,nan,nan,nan,nan,nan,,18,nan,nan,0,
ring_rate_hz,flow,conf25,6,0,0,0,nan,nan,nan,nan,nan,nan,nan,nan,nan,nan,,18,nan,nan,0,
ring_rate_hz,flow,conf50,6,0,0,0,nan,nan,nan,nan,nan,nan,nan,nan,nan,nan,,18,nan,nan,0,
ring_rate_hz,flow,conf75,6,0,0,0,nan,nan,nan,nan,nan,nan,nan,nan,nan,nan,,18,nan,nan,0,
ring_rate_hz,self,shuffle,6,0,0,0,nan,nan,nan,nan,nan,nan,nan,nan,nan,nan,1,18,nan,nan,0,1
ring_rate_hz,self,randmat,6,0,0,0,nan,nan,nan,nan,nan,nan,nan,nan,nan,nan,,18,nan,nan,0,1
ring_rate_hz,self,decorr,6,0,0,0,nan,nan,nan,nan,nan,nan,nan,nan,nan,nan,1,18,nan,nan,0,1
ring_rate_hz,self,conf25,6,0,0,0,nan,nan,nan,nan,nan,nan,nan,nan,nan,nan,,18,nan,nan,0,1
ring_rate_hz,self,conf50,6,0,0,0,nan,nan,nan,nan,nan,nan,nan,nan,nan,nan,,18,nan,nan,0,1
ring_rate_hz,self,conf75,6,0,0,0,nan,nan,nan,nan,nan,nan,nan,nan,nan,nan,,18,nan,nan,0,1
ring_rate_hz,shuffle,randmat,6,0,0,0,nan,nan,nan,nan,nan,nan,nan,nan,nan,nan,,18,nan,nan,0,
ring_rate_hz,shuffle,decorr,6,0,0,0,nan,nan,nan,nan,nan,nan,nan,nan,nan,nan,,18,nan,nan,0,
ring_rate_hz,shuffle,conf25,6,0,0,0,nan,nan,nan,nan,nan,nan,nan,nan,nan,nan,,18,nan,nan,0,
ring_rate_hz,shuffle,conf50,6,0,0,0,nan,nan,nan,nan,nan,nan,nan,nan,nan,nan,,18,nan,nan,0,
ring_rate_hz,shuffle,conf75,6,0,0,0,nan,nan,nan,nan,nan,nan,nan,nan,nan,nan,,18,nan,nan,0,
ring_rate_hz,randmat,decorr,6,0,0,0,nan,nan,nan,nan,nan,nan,nan,nan,nan,nan,,18,nan,nan,0,
ring_rate_hz,randmat,conf25,6,0,0,0,nan,nan,nan,nan,nan,nan,nan,nan,nan,nan,,18,nan,nan,0,
ring_rate_hz,randmat,conf50,6,0,0,0,nan,nan,nan,nan,nan,nan,nan,nan,nan,nan,,18,nan,nan,0,
ring_rate_hz,randmat,conf75,6,0,0,0,nan,nan,nan,nan,nan,nan,nan,nan,nan,nan,,18,nan,nan,0,
ring_rate_hz,decorr,conf25,6,0,0,0,nan,nan,nan,nan,nan,nan,nan,nan,nan,nan,,18,nan,nan,0,
ring_rate_hz,decorr,conf50,6,0,0,0,nan,nan,nan,nan,nan,nan,nan,nan,nan,nan,,18,nan,nan,0,
ring_rate_hz,decorr,conf75,6,0,0,0,nan,nan,nan,nan,nan,nan,nan,nan,nan,nan,,18,nan,nan,0,
ring_rate_hz,conf25,conf50,6,0,0,0,nan,nan,nan,nan,nan,nan,nan,nan,nan,nan,,18,nan,nan,0,
ring_rate_hz,conf25,conf75,6,0,0,0,nan,nan,nan,nan,nan,nan,nan,nan,nan,nan,,18,nan,nan,0,
ring_rate_hz,conf50,conf75,6,0,0,0,nan,nan,nan,nan,nan,nan,nan,nan,nan,nan,,18,nan,nan,0,
columnar_rate_hz,rest,flow,6,0,0.110897,-0.110897,-0.11714,-0.104654,0,-26.3628,-36.9704,-15.7551,-24.3349,-45.6617,5,9.51298e-08,,0,-2.99124,0.00277843,1,
columnar_rate_hz,rest,self,6,0,0.112345,-0.112345,-0.114746,-0.109944,0,-69.4409,-97.2456,-41.6363,-64.0993,-120.275,5,7.53531e-10,,0,-2.99124,0.00277843,1,0.00274931
columnar_rate_hz,rest,shuffle,6,0,0.109503,-0.109503,-0.1165,-0.102505,0,-23.2242,-32.5843,-13.8641,-21.4377,-40.2255,5,1.79029e-07,,0,-2.99124,0.00277843,1,
columnar_rate_hz,rest,randmat,6,0,0.11524,-0.11524,-0.118917,-0.111563,0,-46.5177,-65.1627,-27.8727,-42.9395,-80.5711,5,5.58073e-09,,0,-2.99124,0.00277843,1,
columnar_rate_hz,rest,decorr,6,0,0.105802,-0.105802,-0.112886,-0.0987181,0,-22.166,-31.106,-13.226,-20.4609,-38.3926,5,2.25898e-07,,0,-2.99124,0.00277843,1,
columnar_rate_hz,rest,conf25,6,0,0.106446,-0.106446,-0.110617,-0.102275,0,-37.8767,-53.0724,-22.6809,-34.9631,-65.6043,5,1.55798e-08,,0,-2.99124,0.00277843,1,
columnar_rate_hz,rest,conf50,6,0,0.103067,-0.103067,-0.109274,-0.0968607,0,-24.6457,-34.5705,-14.7208,-22.7498,-42.6875,5,1.33122e-07,,0,-2.99722,0.00272453,1,
columnar_rate_hz,rest,conf75,6,0,0.105534,-0.105534,-0.114406,-0.096662,0,-17.6539,-24.8069,-10.5009,-16.2959,-30.5775,5,7.01988e-07,,0,-2.99124,0.00277843,1,
columnar_rate_hz,flow,self,6,0.110897,0.112345,-0.001448,-0.00770948,0.00481348,0.987111,-0.321282,-1.46014,0.817581,-0.296568,-0.556476,6.4475,0.596659,0.721112,14,-0.560449,0.575174,0.222222,0.583854
columnar_rate_hz,flow,shuffle,6,0.110897,0.109503,0.00139417,-0.00674862,0.00953695,1.01273,0.22064,-0.914384,1.35566,0.203668,0.382159,9.87257,0.710441,,21.5,0.481227,0.630356,-0.194444,
columnar_rate_hz,flow,randmat,6,0.110897,0.11524,-0.00434333,-0.0108295,0.00214284,0.962311,-0.889692,-2.07594,0.296555,-0.821254,-1.54099,8.09588,0.161443,,9,-1.36109,0.173485,0.5,
columnar_rate_hz,flow,decorr,6,0.110897,0.105802,0.00509463,-0.00310744,0.0132967,1.04815,0.800759,-0.375302,1.97682,0.739162,1.38696,9.84446,0.196054,,24.5,0.962453,0.335822,-0.361111,
columnar_rate_hz,flow,conf25,6,0.110897,0.106446,0.00445083,-0.00218872,0.0110904,1.04181,0.879792,-0.305273,2.06486,0.812115,1.52384,8.72188,0.162949,,26,1.20096,0.229766,-0.444444,
columnar_rate_hz,flow,conf50,6,0.110897,0.103067,0.00782938,0.000198825,0.0154599,1.07596,1.31994,0.0712021,2.56868,1.21841,2.28621,9.99966,0.0453059,,29,1.68429,0.0921251,-0.611111,
columnar_rate_hz,flow,conf75,6,0.110897,0.105534,0.00536262,-0.00418798,0.0149132,1.05081,0.733636,-0.435396,1.90267,0.677202,1.27069,8.97664,0.235779,,25,1.04449,0.296258,-0.388889,
columnar_rate_hz,self,shuffle,6,0.112345,0.109503,0.00284217,-0.00415563,0.00983996,1.02596,0.57016,-0.584188,1.72451,0.526302,0.987547,6.16126,0.360556,0.721112,27.5,1.44368,0.148829,-0.527778,0.36041
columnar_rate_hz,self,randmat,6,0.112345,0.11524,-0.00289533,-0.00678667,0.000996008,0.974876,-0.978544,-2.17594,0.21885,-0.903271,-1.69489,8.60851,0.12587,,8,-1.52122,0.128205,0.555556,0.138715
columnar_rate_hz,self,decorr,6,0.112345,0.105802,0.00654263,-0.000539855,0.0136251,1.06184,1.29817,0.0530871,2.54325,1.19831,2.24849,6.13388,0.0646181,0.193854,28,1.52122,0.128205,-0.555556,0.0592352
columnar_rate_hz,self,conf25,6,0.112345,0.106446,0.00589883,0.00158023,0.0102174,1.05542,1.81909,0.473675,3.1645,1.67916,3.15076,7.9861,0.013613,,33.5,2.40613,0.0161224,-0.861111,0.00974756
columnar_rate_hz,self,conf50,6,0.112345,0.103067,0.00927738,0.0030513,0.0155035,1.09001,2.069,0.666975,3.47102,1.90984,3.58361,6.46384,0.0102175,,33.5,2.41036,0.0159366,-0.861111,0.00974756
columnar_rate_hz,self,conf75,6,0.112345,0.105534,0.00681062,-0.00203987,0.0156611,1.06453,1.09973,-0.114381,2.31384,1.01514,1.90479,5.72853,0.107769,,26,1.20096,0.229766,-0.444444,0.0732317
columnar_rate_hz,shuffle,randmat,6,0.109503,0.11524,-0.0057375,-0.0129003,0.00142526,0.950213,-1.07722,-2.2881,0.133657,-0.994356,-1.8658,7.56511,0.101169,,5,-2.0016,0.0453276,0.722222,
columnar_rate_hz,shuffle,decorr,6,0.109503,0.105802,0.00370047,-0.00493064,0.0123316,1.03498,0.551544,-0.601355,1.70444,0.509118,0.955303,9.9985,0.361951,,23,0.720577,0.47117,-0.277778,
columnar_rate_hz,shuffle,conf25,6,0.109503,0.106446,0.00305667,-0.00422723,0.0103406,1.02872,0.55687,-0.596439,1.71018,0.514034,0.964527,8.15448,0.362511,,23,0.720577,0.47117,-0.277778,
columnar_rate_hz,shuffle,conf50,6,0.109503,0.103067,0.00643522,-0.00168798,0.0145584,1.06244,1.02107,-0.18199,2.22414,0.94253,1.76855,9.85944,0.107835,,28,1.52388,0.127538,-0.555556,
columnar_rate_hz,shuffle,conf75,6,0.109503,0.105534,0.00396845,-0.00589836,0.0138353,1.0376,0.521231,-0.629409,1.67187,0.481136,0.902799,9.48521,0.388984,,23,0.720577,0.47117,-0.277778,
columnar_rate_hz,randmat,decorr,6,0.11524,0.105802,0.00943797,0.0021963,0.0166796,1.0892,1.755,0.42328,3.08672,1.62,3.03975,7.5115,0.0173162,,31.5,2.08531,0.0370407,-0.75,
columnar_rate_hz,randmat,conf25,6,0.11524,0.106446,0.00879417,0.0039645,0.0136238,1.08262,2.3474,0.876865,3.81793,2.16683,4.06581,9.84505,0.00233933,,36,2.80224,0.00507487,-1,
columnar_rate_hz,randmat,conf50,6,0.11524,0.103067,0.0121727,0.00571858,0.0186269,1.1181,2.50433,0.992931,4.01574,2.31169,4.33763,8.12444,0.00239743,,36,2.80715,0.00499812,-1,
columnar_rate_hz,randmat,conf75,6,0.11524,0.105534,0.00970595,0.000781833,0.0186301,1.09197,1.49993,0.219077,2.78079,1.38455,2.59796,6.66818,0.0370781,,28,1.52122,0.128205,-0.555556,
columnar_rate_hz,decorr,conf25,6,0.105802,0.106446,-0.0006438,-0.00800335,0.00671575,0.993952,-0.116229,-1.24877,1.01631,-0.107289,-0.201315,8.09468,0.845419,,17,-0.0800641,0.936186,0.0555556,
columnar_rate_hz,decorr,conf50,6,0.105802,0.103067,0.00273475,-0.00544804,0.0109175,1.02653,0.430939,-0.713705,1.57558,0.39779,0.746409,9.83011,0.472893,,23,0.72184,0.470393,-0.277778,
columnar_rate_hz,decorr,conf75,6,0.105802,0.105534,0.000267983,-0.00963854,0.0101745,1.00254,0.0350316,-1.09664,1.1667,0.0323369,0.0606765,9.53297,0.95287,,17.5,0,1,0.0277778,
columnar_rate_hz,conf25,conf50,6,0.106446,0.103067,0.00337855,-0.00323071,0.00998781,1.03278,0.670543,-0.492408,1.83349,0.618963,1.16141,8.751,0.276171,,24.5,0.964146,0.334973,-0.361111,
columnar_rate_hz,conf25,conf75,6,0.106446,0.105534,0.000911783,-0.00807876,0.00990233,1.00864,0.138032,-0.9949,1.27096,0.127414,0.239079,7.10717,0.817792,,20,0.240192,0.810181,-0.111111,
columnar_rate_hz,conf50,conf75,6,0.103067,0.105534,-0.00246677,-0.0120035,0.00706999,0.976626,-0.338121,-1.47776,0.801522,-0.312112,-0.585643,8.9483,0.572587,,16,-0.24189,0.808866,0.111111,
fanbody_rate_hz,rest,flow,6,0,1.65234,-1.65234,-1.67015,-1.63453,0,-137.684,-192.779,-82.5882,-127.093,-238.475,5,2.4604e-11,,0,-2.99124,0.00277843,1,
fanbody_rate_hz,rest,self,6,0,1.62886,-1.62886,-1.64691,-1.61081,0,-133.955,-187.559,-80.3507,-123.651,-232.016,5,2.82244e-11,,0,-2.99124,0.00277843,1,0.00274931
fanbody_rate_hz,rest,shuffle,6,0,1.64236,-1.64236,-1.66214,-1.62257,0,-123.19,-172.489,-73.8917,-113.714,-213.372,5,4.2906e-11,,0,-2.99124,0.00277843,1,
fanbody_rate_hz,rest,randmat,6,0,1.65289,-1.65289,-1.68647,-1.61931,0,-73.0515,-102.299,-43.8034,-67.4321,-126.529,5,5.84879e-10,,0,-2.99124,0.00277843,1,
fanbody_rate_hz,rest,decorr,6,0,1.58513,-1.58513,-1.61223,-1.55804,0,-86.839,-121.6,-52.0784,-80.1591,-150.41,5,2.46445e-10,,0,-2.99722,0.00272453,1,
fanbody_rate_hz,rest,conf25,6,0,1.57201,-1.57201,-1.60213,-1.54189,0,-77.4568,-108.466,-46.4475,-71.4986,-134.159,5,4.3646e-10,,0,-2.99124,0.00277843,1,
fanbody_rate_hz,rest,conf50,6,0,1.53207,-1.53207,-1.56119,-1.50295,0,-78.0821,-109.341,-46.8229,-72.0758,-135.242,5,4.19265e-10,,0,-2.99124,0.00277843,1,
fanbody_rate_hz,rest,conf75,6,0,1.54391,-1.54391,-1.56998,-1.51784,0,-87.894,-123.076,-52.7115,-81.1329,-152.237,5,2.32009e-10,,0,-2.99124,0.00277843,1,
fanbody_rate_hz,flow,self,6,1.65234,1.62886,0.0234783,0.00149991,0.0454568,1.01441,1.37424,0.116159,2.63232,1.26853,2.38025,9.99827,0.0385998,0.0771995,31,2.0016,0.0453276,-0.722222,0.031992
fanbody_rate_hz,flow,shuffle,6,1.65234,1.64236,0.00998333,-0.0131264,0.0330931,1.00608,0.556555,-0.59673,1.70984,0.513743,0.963982,9.8914,0.35803,,26.5,1.28327,0.199397,-0.472222,
fanbody_rate_hz,flow,randmat,6,1.65234,1.65289,-0.000553333,-0.0349617,0.033855,0.999665,-0.0216044,-1.15322,1.11001,-0.0199425,-0.0374199,7.60689,0.971113,,22,0.560449,0.575174,-0.222222,
fanbody_rate_hz,flow,decorr,6,1.65234,1.58513,0.0672033,0.0384908,0.0959159,1.0424,3.07632,1.40441,4.74822,2.83968,5.32833,8.64199,0.000544837,,36,2.80715,0.00499812,-1,
fanbody_rate_hz,flow,conf25,6,1.65234,1.57201,0.08033,0.0490166,0.111643,1.0511,3.40699,1.63544,5.17854,3.14491,5.90108,8.11565,0.000341917,,36,2.80224,0.00507487,-1,
fanbody_rate_hz,flow,conf50,6,1.65234,1.53207,0.120265,0.0898232,0.150707,1.0785,5.22882,2.85045,7.60719,4.8266,9.05658,8.28166,1.41267e-05,,36,2.80224,0.00507487,-1,
fanbody_rate_hz,flow,conf75,6,1.65234,1.54391,0.108432,0.0805665,0.136297,1.07023,5.09697,2.76486,7.42908,4.7049,8.82821,8.83269,1.13045e-05,,36,2.80224,0.00507487,-1,
fanbody_rate_hz,self,shuffle,6,1.62886,1.64236,-0.013495,-0.0367341,0.00974409,0.991783,-0.747879,-1.91835,0.422596,-0.69035,-1.29536,9.9165,0.224537,0.224537,12,-0.880705,0.378478,0.333333,0.250437
fanbody_rate_hz,self,randmat,6,1.62886,1.65289,-0.0240317,-0.0584917,0.0104284,0.985461,-0.935563,-2.12745,0.25632,-0.863597,-1.62044,7.66579,0.14544,,9.5,-1.28327,0.199397,0.472222,0.165709
fanbody_rate_hz,self,decorr,6,1.62886,1.58513,0.043725,0.0149318,0.0725182,1.02758,1.99357,0.609147,3.37799,1.84022,3.45296,8.70751,0.00760961,0.0228288,34,2.48634,0.0129066,-0.888889,0.00824794
fanbody_rate_hz,self,conf25,6,1.62886,1.57201,0.0568517,0.0254726,0.0882307,1.03616,2.40294,0.918117,3.88776,2.2181,4.16201,8.17995,0.0030064,,35,2.64211,0.00823902,-0.944444,0.00574856
fanbody_rate_hz,self,conf50,6,1.62886,1.53207,0.0967867,0.0662746,0.127299,1.06317,4.19286,2.16941,6.21632,3.87033,7.26225,8.3469,7.0149e-05,,36,2.80224,0.00507487,-1,0.00274931
fanbody_rate_hz,self,conf75,6,1.62886,1.54391,0.0849533,0.0570018,0.112905,1.05502,3.97652,2.02422,5.92882,3.67063,6.88754,8.89716,7.57824e-05,,36,2.80224,0.00507487,-1,0.00274931
fanbody_rate_hz,shuffle,randmat,6,1.64236,1.65289,-0.0105367,-0.0454274,0.0243541,0.993625,-0.401213,-1.54413,0.7417,-0.370351,-0.694922,8.09832,0.50655,,15.5,-0.320818,0.748349,0.138889,
fanbody_rate_hz,shuffle,decorr,6,1.64236,1.58513,0.05722,0.0277729,0.0866671,1.0361,2.53142,1.01281,4.05003,2.3367,4.38455,9.15268,0.00168992,,36,2.80715,0.00499812,-1,
fanbody_rate_hz,shuffle,conf25,6,1.64236,1.57201,0.0703467,0.0384285,0.102265,1.04475,2.89702,1.27719,4.51684,2.67417,5.01778,8.63775,0.000816926,,36,2.80224,0.00507487,-1,
fanbody_rate_hz,shuffle,conf50,6,1.64236,1.53207,0.110282,0.0791947,0.141369,1.07198,4.64891,2.47181,6.82602,4.29131,8.05216,8.80555,2.39101e-05,,36,2.80224,0.00507487,-1,
fanbody_rate_hz,shuffle,conf75,6,1.64236,1.54391,0.0984483,0.0697996,0.127097,1.06377,4.46439,2.35,6.57877,4.12097,7.73254,9.32523,2.37138e-05,,36,2.80224,0.00507487,-1,
fanbody_rate_hz,randmat,decorr,6,1.65289,1.58513,0.0677567,0.0301306,0.105383,1.04275,2.33069,0.864418,3.79696,2.15141,4.03687,9.5718,0.00259396,,36,2.80715,0.00499812,-1,
fanbody_rate_hz,randmat,conf25,6,1.65289,1.57201,0.0808833,0.0417205,0.120046,1.05145,2.66108,1.1074,4.21476,2.45638,4.60912,9.88407,0.000996486,,36,2.80224,0.00507487,-1,
fanbody_rate_hz,randmat,conf50,6,1.65289,1.53207,0.120818,0.0821864,0.15945,1.07886,4.03412,2.06299,6.00524,3.7238,6.9873,9.80359,4.17385e-05,,36,2.80224,0.00507487,-1,
fanbody_rate_hz,randmat,conf75,6,1.65289,1.54391,0.108985,0.0718271,0.146143,1.07059,3.80475,1.90803,5.70148,3.51208,6.59003,9.42102,8.13149e-05,,36,2.80224,0.00507487,-1,
fanbody_rate_hz,decorr,conf25,6,1.58513,1.57201,0.0131267,-0.0220411,0.0482945,1.00835,0.480892,-0.666932,1.62872,0.443901,0.83293,9.88967,0.424542,,23,0.72184,0.470393,-0.277778,
fanbody_rate_hz,decorr,conf50,6,1.58513,1.53207,0.0530617,0.0185625,0.0875609,1.03463,1.97998,0.598682,3.36127,1.82767,3.42942,9.94825,0.00649309,,34,2.48634,0.0129066,-0.888889,
fanbody_rate_hz,decorr,conf75,6,1.58513,1.54391,0.0412283,0.00863337,0.0738233,1.0267,1.62747,0.321933,2.93301,1.50228,2.81887,9.98527,0.0182207,,32,2.16552,0.0303479,-0.777778,
fanbody_rate_hz,conf25,conf50,6,1.57201,1.53207,0.039935,0.00361472,0.0762553,1.02607,1.41466,0.149432,2.6799,1.30584,2.45027,9.98862,0.0342674,,31.5,2.08531,0.0370407,-0.75,
fanbody_rate_hz,conf25,conf75,6,1.57201,1.54391,0.0281017,-0.0065238,0.0627271,1.0182,1.04696,-0.159659,2.25358,0.966426,1.81339,9.79836,0.100466,,28,1.52122,0.128205,-0.555556,
fanbody_rate_hz,conf50,conf75,6,1.53207,1.54391,-0.0118333,-0.0457673,0.0221006,0.992335,-0.449335,-1.59511,0.696441,-0.41477,-0.77827,9.87996,0.454644,,13,-0.720577,0.47117,0.277778,
other_rate_hz,rest,flow,6,0.0563083,2.66531,-2.609,-2.67739,-2.54061,0.0211264,-56.2994,-78.8518,-33.747,-51.9687,-97.5134,5.09564,1.55925e-09,,0,-2.80224,0.00507487,1,
other_rate_hz,rest,self,6,0.0563083,2.64695,-2.59064,-2.64299,-2.53828,0.021273,-72.75,-101.878,-43.6225,-67.1539,-126.007,5.16302,3.3133e-10,,0,-2.80224,0.00507487,1,0.00274931
other_rate_hz,rest,shuffle,6,0.0563083,2.67028,-2.61397,-2.64346,-2.58448,0.0210871,-127.976,-179.188,-76.7631,-118.131,-221.66,5.51134,4.23033e-12,,0,-2.80224,0.00507487,1,
other_rate_hz,rest,randmat,6,0.0563083,2.67826,-2.62195,-2.683,-2.5609,0.0210242,-63.2953,-88.6435,-37.9471,-58.4264,-109.631,5.11998,7.89105e-10,,0,-2.80224,0.00507487,1,
other_rate_hz,rest,decorr,6,0.0563083,2.54848,-2.49217,-2.53302,-2.45132,0.0220949,-89.1722,-124.866,-53.4786,-82.3128,-154.451,5.26726,7.79634e-11,,0,-2.80224,0.00507487,1,
other_rate_hz,rest,conf25,6,0.0563083,2.5396,-2.48329,-2.52335,-2.44322,0.0221722,-90.5494,-126.794,-54.3051,-83.584,-156.836,5.27783,6.90808e-11,,0,-2.80224,0.00507487,1,
other_rate_hz,rest,conf50,6,0.0563083,2.46311,-2.4068,-2.44869,-2.36492,0.0228606,-84.0546,-117.702,-50.4074,-77.5889,-145.587,5.25431,1.1171e-10,,0,-2.80224,0.00507487,1,
other_rate_hz,rest,conf75,6,0.0563083,2.49488,-2.43857,-2.46802,-2.40912,0.0225696,-119.531,-167.366,-71.696,-110.336,-207.033,5.51262,6.13056e-12,,0,-2.80224,0.00507487,1,
other_rate_hz,flow,self,6,2.66531,2.64695,0.0183667,-0.0570602,0.0937936,1.00694,0.316153,-0.822479,1.45479,0.291834,0.547594,9.36412,0.59678,0.697046,22,0.560449,0.575174,-0.222222,0.580605
other_rate_hz,flow,shuffle,6,2.66531,2.67028,-0.00496833,-0.0739617,0.064025,0.998139,-0.0988921,-1.23117,1.03339,-0.091285,-0.171286,6.80288,0.868982,,18,-0.0800641,0.936186,0,
other_rate_hz,flow,randmat,6,2.66531,2.67826,-0.0129467,-0.0926219,0.0667286,0.995166,-0.209395,-1.34408,0.925287,-0.193288,-0.362683,9.87414,0.724484,,16,-0.240192,0.810181,0.111111,
other_rate_hz,flow,decorr,6,2.66531,2.54848,0.116832,0.0455438,0.18812,1.04584,2.17404,0.746801,3.60127,2.0068,3.76554,8.17072,0.00529356,,34,2.48199,0.0130652,-0.888889,
other_rate_hz,flow,conf25,6,2.66531,2.5396,0.125715,0.054644,0.196786,1.0495,2.35116,0.879668,3.82266,2.1703,4.07233,8.07604,0.00350141,,35,2.64211,0.00823902,-0.944444,
other_rate_hz,flow,conf50,6,2.66531,2.46311,0.2022,0.130615,0.273785,1.08209,3.73756,1.86235,5.61278,3.45006,6.47365,8.29341,0.000165203,,36,2.80224,0.00507487,-1,
other_rate_hz,flow,conf75,6,2.66531,2.49488,0.170432,0.101443,0.23942,1.06831,3.39302,1.62576,5.16028,3.13202,5.87689,6.79867,0.000683507,,36,2.80224,0.00507487,-1,
other_rate_hz,self,shuffle,6,2.64695,2.67028,-0.023335,-0.0774601,0.0307901,0.991261,-0.575412,-1.73018,0.579353,-0.53115,-0.996643,7.88842,0.348523,0.697046,14,-0.560449,0.575174,0.222222,0.327168
other_rate_hz,self,randmat,6,2.64695,2.67826,-0.0313133,-0.101324,0.0386977,0.988308,-0.577177,-1.73208,0.577729,-0.532779,-0.9997,9.7737,0.341563,,11,-1.04083,0.297953,0.388889,0.331667
other_rate_hz,self,decorr,6,2.64695,2.54848,0.098465,0.0403502,0.15658,1.03864,2.1971,0.76422,3.62997,2.02809,3.80548,9.44472,0.00383018,0.0114905,34,2.48199,0.0130652,-0.888889,0.0114971
other_rate_hz,self,conf25,6,2.64695,2.5396,0.107348,0.0495821,0.165115,1.04227,2.41278,0.925405,3.90015,2.22718,4.17906,9.36381,0.00218167,,34,2.48199,0.0130652,-0.888889,0.00724819
other_rate_hz,self,conf50,6,2.64695,2.46311,0.183833,0.125247,0.24242,1.07463,4.06289,2.08233,6.04346,3.75036,7.03714,9.54267,4.51604e-05,,36,2.80224,0.00507487,-1,0.00274931
other_rate_hz,self,conf75,6,2.64695,2.49488,0.152065,0.0979491,0.206181,1.06095,3.75087,1.8714,5.63033,3.46234,6.49669,7.88251,0.000201365,,36,2.80224,0.00507487,-1,0.00274931
other_rate_hz,shuffle,randmat,6,2.67028,2.67826,-0.00797833,-0.0700461,0.0540895,0.997021,-0.174415,-1.30815,0.95932,-0.160998,-0.302095,7.21895,0.771098,,16,-0.240192,0.810181,0.111111,
other_rate_hz,shuffle,decorr,6,2.67028,2.54848,0.1218,0.0774384,0.166162,1.04779,3.57989,1.75458,5.4052,3.30451,6.20055,9.10075,0.000151476,,36,2.80224,0.00507487,-1,
other_rate_hz,shuffle,conf25,6,2.67028,2.5396,0.130683,0.0869447,0.174422,1.05146,3.88996,1.96578,5.81415,3.59074,6.73762,9.1907,7.67976e-05,,36,2.80224,0.00507487,-1,
other_rate_hz,shuffle,conf50,6,2.67028,2.46311,0.207168,0.16198,0.252357,1.08411,5.98941,3.33944,8.63939,5.52869,10.374,8.98239,2.67444e-06,,36,2.80224,0.00507487,-1,
other_rate_hz,shuffle,conf75,6,2.67028,2.49488,0.1754,0.139181,0.211619,1.0703,6.22974,3.49252,8.96696,5.75053,10.7902,9.99998,7.88319e-07,,36,2.80224,0.00507487,-1,
other_rate_hz,randmat,decorr,6,2.67826,2.54848,0.129778,0.0647473,0.194809,1.05092,2.61853,1.07646,4.1606,2.4171,4.53543,8.73475,0.00152728,,35,2.64211,0.00823902,-0.944444,
other_rate_hz,randmat,conf25,6,2.67826,2.5396,0.138662,0.073901,0.203422,1.0546,2.81441,1.21807,4.41076,2.59792,4.87471,8.63807,0.00098826,,36,2.80224,0.00507487,-1,
other_rate_hz,randmat,conf50,6,2.67826,2.46311,0.215147,0.149747,0.280546,1.08735,4.30711,2.2456,6.36861,3.97579,7.46013,8.85766,4.19647e-05,,36,2.80224,0.00507487,-1,
other_rate_hz,randmat,conf75,6,2.67826,2.49488,0.183378,0.121317,0.24544,1.0735,4.0098,2.04663,5.97296,3.70135,6.94517,7.21396,0.000193417,,36,2.80224,0.00507487,-1,
other_rate_hz,decorr,conf25,6,2.54848,2.5396,0.00888333,-0.0408172,0.0585839,1.0035,0.229942,-0.905377,1.36526,0.212254,0.398271,9.99623,0.698804,,22.5,0.641635,0.52111,-0.25,
other_rate_hz,decorr,conf50,6,2.54848,2.46311,0.0853683,0.0345501,0.136187,1.03466,2.1612,0.737087,3.58531,1.99495,3.74331,9.99382,0.00382979,,34,2.48199,0.0130652,-0.888889,
other_rate_hz,decorr,conf75,6,2.54848,2.49488,0.0536,0.00925308,0.0979469,1.02148,1.57606,0.280658,2.87147,1.45483,2.72982,9.09486,0.0230167,,29,1.68135,0.0926958,-0.611111,
other_rate_hz,conf25,conf50,6,2.5396,2.46311,0.076485,0.0261315,0.126838,1.03105,1.95454,0.579054,3.33002,1.80419,3.38536,9.98045,0.00695882,,33.5,2.40613,0.0161224,-0.861111,
other_rate_hz,conf25,conf75,6,2.5396,2.49488,0.0447167,0.000993279,0.0884401,1.01792,1.33164,0.0809121,2.58236,1.2292,2.30646,9.18496,0.0459516,,28,1.52122,0.128205,-0.555556,
other_rate_hz,conf50,conf75,6,2.46311,2.49488,-0.0317683,-0.076943,0.0134064,0.987267,-0.918831,-2.10863,0.270966,-0.848152,-1.59146,8.97635,0.146058,,7,-1.68135,0.0926958,0.611111,
ring_active_fraction,rest,flow,6,0,0,0,nan,nan,nan,nan,nan,nan,nan,nan,nan,nan,,18,nan,nan,0,
ring_active_fraction,rest,self,6,0,0,0,nan,nan,nan,nan,nan,nan,nan,nan,nan,nan,,18,nan,nan,0,1
ring_active_fraction,rest,shuffle,6,0,0,0,nan,nan,nan,nan,nan,nan,nan,nan,nan,nan,,18,nan,nan,0,
ring_active_fraction,rest,randmat,6,0,0,0,nan,nan,nan,nan,nan,nan,nan,nan,nan,nan,,18,nan,nan,0,
ring_active_fraction,rest,decorr,6,0,0,0,nan,nan,nan,nan,nan,nan,nan,nan,nan,nan,,18,nan,nan,0,
ring_active_fraction,rest,conf25,6,0,0,0,nan,nan,nan,nan,nan,nan,nan,nan,nan,nan,,18,nan,nan,0,
ring_active_fraction,rest,conf50,6,0,0,0,nan,nan,nan,nan,nan,nan,nan,nan,nan,nan,,18,nan,nan,0,
ring_active_fraction,rest,conf75,6,0,0,0,nan,nan,nan,nan,nan,nan,nan,nan,nan,nan,,18,nan,nan,0,
ring_active_fraction,flow,self,6,0,0,0,nan,nan,nan,nan,nan,nan,nan,nan,nan,nan,1,18,nan,nan,0,1
ring_active_fraction,flow,shuffle,6,0,0,0,nan,nan,nan,nan,nan,nan,nan,nan,nan,nan,,18,nan,nan,0,
ring_active_fraction,flow,randmat,6,0,0,0,nan,nan,nan,nan,nan,nan,nan,nan,nan,nan,,18,nan,nan,0,
ring_active_fraction,flow,decorr,6,0,0,0,nan,nan,nan,nan,nan,nan,nan,nan,nan,nan,,18,nan,nan,0,
ring_active_fraction,flow,conf25,6,0,0,0,nan,nan,nan,nan,nan,nan,nan,nan,nan,nan,,18,nan,nan,0,
ring_active_fraction,flow,conf50,6,0,0,0,nan,nan,nan,nan,nan,nan,nan,nan,nan,nan,,18,nan,nan,0,
ring_active_fraction,flow,conf75,6,0,0,0,nan,nan,nan,nan,nan,nan,nan,nan,nan,nan,,18,nan,nan,0,
ring_active_fraction,self,shuffle,6,0,0,0,nan,nan,nan,nan,nan,nan,nan,nan,nan,nan,1,18,nan,nan,0,1
ring_active_fraction,self,randmat,6,0,0,0,nan,nan,nan,nan,nan,nan,nan,nan,nan,nan,,18,nan,nan,0,1
ring_active_fraction,self,decorr,6,0,0,0,nan,nan,nan,nan,nan,nan,nan,nan,nan,nan,1,18,nan,nan,0,1
ring_active_fraction,self,conf25,6,0,0,0,nan,nan,nan,nan,nan,nan,nan,nan,nan,nan,,18,nan,nan,0,1
ring_active_fraction,self,conf50,6,0,0,0,nan,nan,nan,nan,nan,nan,nan,nan,nan,nan,,18,nan,nan,0,1
ring_active_fraction,self,conf75,6,0,0,0,nan,nan,nan,nan,nan,nan,nan,nan,nan,nan,,18,nan,nan,0,1
ring_active_fraction,shuffle,randmat,6,0,0,0,nan,nan,nan,nan,nan,nan,nan,nan,nan,nan,,18,nan,nan,0,
ring_active_fraction,shuffle,decorr,6,0,0,0,nan,nan,nan,nan,nan,nan,nan,nan,nan,nan,,18,nan,nan,0,
ring_active_fraction,shuffle,conf25,6,0,0,0,nan,nan,nan,nan,nan,nan,nan,nan,nan,nan,,18,nan,nan,0,
ring_active_fraction,shuffle,conf50,6,0,0,0,nan,nan,nan,nan,nan,nan,nan,nan,nan,nan,,18,nan,nan,0,
ring_active_fraction,shuffle,conf75,6,0,0,0,nan,nan,nan,nan,nan,nan,nan,nan,nan,nan,,18,nan,nan,0,
ring_active_fraction,randmat,decorr,6,0,0,0,nan,nan,nan,nan,nan,nan,nan,nan,nan,nan,,18,nan,nan,0,
ring_active_fraction,randmat,conf25,6,0,0,0,nan,nan,nan,nan,nan,nan,nan,nan,nan,nan,,18,nan,nan,0,
ring_active_fraction,randmat,conf50,6,0,0,0,nan,nan,nan,nan,nan,nan,nan,nan,nan,nan,,18,nan,nan,0,
ring_active_fraction,randmat,conf75,6,0,0,0,nan,nan,nan,nan,nan,nan,nan,nan,nan,nan,,18,nan,nan,0,
ring_active_fraction,decorr,conf25,6,0,0,0,nan,nan,nan,nan,nan,nan,nan,nan,nan,nan,,18,nan,nan,0,
ring_active_fraction,decorr,conf50,6,0,0,0,nan,nan,nan,nan,nan,nan,nan,nan,nan,nan,,18,nan,nan,0,
ring_active_fraction,decorr,conf75,6,0,0,0,nan,nan,nan,nan,nan,nan,nan,nan,nan,nan,,18,nan,nan,0,
ring_active_fraction,conf25,conf50,6,0,0,0,nan,nan,nan,nan,nan,nan,nan,nan,nan,nan,,18,nan,nan,0,
ring_active_fraction,conf25,conf75,6,0,0,0,nan,nan,nan,nan,nan,nan,nan,nan,nan,nan,,18,nan,nan,0,
ring_active_fraction,conf50,conf75,6,0,0,0,nan,nan,nan,nan,nan,nan,nan,nan,nan,nan,,18,nan,nan,0,
columnar_active_fraction,rest,flow,6,0,0.00289575,-0.00289575,nan,nan,0,nan,nan,nan,nan,nan,nan,nan,,0,-3.2245,0.00126194,1,
columnar_active_fraction,rest,self,6,0,0.00289575,-0.00289575,nan,nan,0,nan,nan,nan,nan,nan,nan,nan,,0,-3.2245,0.00126194,1,0.00274931
columnar_active_fraction,rest,shuffle,6,0,0.00289575,-0.00289575,nan,nan,0,nan,nan,nan,nan,nan,nan,nan,,0,-3.2245,0.00126194,1,
columnar_active_fraction,rest,randmat,6,0,0.00289575,-0.00289575,nan,nan,0,nan,nan,nan,nan,nan,nan,nan,,0,-3.2245,0.00126194,1,
columnar_active_fraction,rest,decorr,6,0,0.00289575,-0.00289575,nan,nan,0,nan,nan,nan,nan,nan,nan,nan,,0,-3.2245,0.00126194,1,
columnar_active_fraction,rest,conf25,6,0,0.00289575,-0.00289575,nan,nan,0,nan,nan,nan,nan,nan,nan,nan,,0,-3.2245,0.00126194,1,
columnar_active_fraction,rest,conf50,6,0,0.00289575,-0.00289575,nan,nan,0,nan,nan,nan,nan,nan,nan,nan,,0,-3.2245,0.00126194,1,
columnar_active_fraction,rest,conf75,6,0,0.00289575,-0.00289575,nan,nan,0,nan,nan,nan,nan,nan,nan,nan,,0,-3.2245,0.00126194,1,
columnar_active_fraction,flow,self,6,0.00289575,0.00289575,0,nan,nan,1,nan,nan,nan,nan,nan,nan,nan,1,18,nan,nan,0,1
columnar_active_fraction,flow,shuffle,6,0.00289575,0.00289575,0,nan,nan,1,nan,nan,nan,nan,nan,nan,nan,,18,nan,nan,0,
columnar_active_fraction,flow,randmat,6,0.00289575,0.00289575,0,nan,nan,1,nan,nan,nan,nan,nan,nan,nan,,18,nan,nan,0,
columnar_active_fraction,flow,decorr,6,0.00289575,0.00289575,0,nan,nan,1,nan,nan,nan,nan,nan,nan,nan,,18,nan,nan,0,
columnar_active_fraction,flow,conf25,6,0.00289575,0.00289575,0,nan,nan,1,nan,nan,nan,nan,nan,nan,nan,,18,nan,nan,0,
columnar_active_fraction,flow,conf50,6,0.00289575,0.00289575,0,nan,nan,1,nan,nan,nan,nan,nan,nan,nan,,18,nan,nan,0,
columnar_active_fraction,flow,conf75,6,0.00289575,0.00289575,0,nan,nan,1,nan,nan,nan,nan,nan,nan,nan,,18,nan,nan,0,
columnar_active_fraction,self,shuffle,6,0.00289575,0.00289575,0,nan,nan,1,nan,nan,nan,nan,nan,nan,nan,1,18,nan,nan,0,1
columnar_active_fraction,self,randmat,6,0.00289575,0.00289575,0,nan,nan,1,nan,nan,nan,nan,nan,nan,nan,,18,nan,nan,0,1
columnar_active_fraction,self,decorr,6,0.00289575,0.00289575,0,nan,nan,1,nan,nan,nan,nan,nan,nan,nan,1,18,nan,nan,0,1
columnar_active_fraction,self,conf25,6,0.00289575,0.00289575,0,nan,nan,1,nan,nan,nan,nan,nan,nan,nan,,18,nan,nan,0,1
columnar_active_fraction,self,conf50,6,0.00289575,0.00289575,0,nan,nan,1,nan,nan,nan,nan,nan,nan,nan,,18,nan,nan,0,1
columnar_active_fraction,self,conf75,6,0.00289575,0.00289575,0,nan,nan,1,nan,nan,nan,nan,nan,nan,nan,,18,nan,nan,0,1
columnar_active_fraction,shuffle,randmat,6,0.00289575,0.00289575,0,nan,nan,1,nan,nan,nan,nan,nan,nan,nan,,18,nan,nan,0,
columnar_active_fraction,shuffle,decorr,6,0.00289575,0.00289575,0,nan,nan,1,nan,nan,nan,nan,nan,nan,nan,,18,nan,nan,0,
columnar_active_fraction,shuffle,conf25,6,0.00289575,0.00289575,0,nan,nan,1,nan,nan,nan,nan,nan,nan,nan,,18,nan,nan,0,
columnar_active_fraction,shuffle,conf50,6,0.00289575,0.00289575,0,nan,nan,1,nan,nan,nan,nan,nan,nan,nan,,18,nan,nan,0,
columnar_active_fraction,shuffle,conf75,6,0.00289575,0.00289575,0,nan,nan,1,nan,nan,nan,nan,nan,nan,nan,,18,nan,nan,0,
columnar_active_fraction,randmat,decorr,6,0.00289575,0.00289575,0,nan,nan,1,nan,nan,nan,nan,nan,nan,nan,,18,nan,nan,0,
columnar_active_fraction,randmat,conf25,6,0.00289575,0.00289575,0,nan,nan,1,nan,nan,nan,nan,nan,nan,nan,,18,nan,nan,0,
columnar_active_fraction,randmat,conf50,6,0.00289575,0.00289575,0,nan,nan,1,nan,nan,nan,nan,nan,nan,nan,,18,nan,nan,0,
columnar_active_fraction,randmat,conf75,6,0.00289575,0.00289575,0,nan,nan,1,nan,nan,nan,nan,nan,nan,nan,,18,nan,nan,0,
columnar_active_fraction,decorr,conf25,6,0.00289575,0.00289575,0,nan,nan,1,nan,nan,nan,nan,nan,nan,nan,,18,nan,nan,0,
columnar_active_fraction,decorr,conf50,6,0.00289575,0.00289575,0,nan,nan,1,nan,nan,nan,nan,nan,nan,nan,,18,nan,nan,0,
columnar_active_fraction,decorr,conf75,6,0.00289575,0.00289575,0,nan,nan,1,nan,nan,nan,nan,nan,nan,nan,,18,nan,nan,0,
columnar_active_fraction,conf25,conf50,6,0.00289575,0.00289575,0,nan,nan,1,nan,nan,nan,nan,nan,nan,nan,,18,nan,nan,0,
columnar_active_fraction,conf25,conf75,6,0.00289575,0.00289575,0,nan,nan,1,nan,nan,nan,nan,nan,nan,nan,,18,nan,nan,0,
columnar_active_fraction,conf50,conf75,6,0.00289575,0.00289575,0,nan,nan,1,nan,nan,nan,nan,nan,nan,nan,,18,nan,nan,0,
fanbody_active_fraction,rest,flow,6,0,0.0640599,-0.0640599,-0.0655208,-0.062599,0,-65.0789,-91.1399,-39.0178,-60.0728,-112.72,5,1.04216e-09,,0,-3.05267,0.00226813,1,
fanbody_active_fraction,rest,self,6,0,0.0626734,-0.0626734,-0.0635751,-0.0617717,0,-103.154,-144.439,-61.8691,-95.2192,-178.668,5,1.04213e-10,,0,-3.05903,0.00222058,1,0.00274931
fanbody_active_fraction,rest,shuffle,6,0,0.0635053,-0.0635053,-0.0652221,-0.0617885,0,-54.8996,-76.8928,-32.9065,-50.6766,-95.0889,5,2.4386e-09,,0,-3.05267,0.00226813,1,
fanbody_active_fraction,rest,randmat,6,0,0.0640599,-0.0640599,-0.0661985,-0.0619214,0,-44.4569,-62.279,-26.6348,-41.0371,-77.0016,5,6.99877e-09,,0,-3.02149,0.00251534,1,
fanbody_active_fraction,rest,decorr,6,0,0.063228,-0.063228,-0.0643323,-0.0621237,0,-84.9728,-118.987,-50.9584,-78.4365,-147.177,5,2.74717e-10,,0,-3.05267,0.00226813,1,
fanbody_active_fraction,rest,conf25,6,0,0.0621187,-0.0621187,-0.0630204,-0.061217,0,-102.241,-143.161,-61.3213,-94.3765,-177.087,5,1.08949e-10,,0,-3.05903,0.00222058,1,
fanbody_active_fraction,rest,conf50,6,0,0.0612868,-0.0612868,-0.0619996,-0.0605739,0,-127.594,-178.654,-76.5342,-117.779,-220.999,5,3.5996e-11,,0,-3.11805,0.00182053,1,
fanbody_active_fraction,rest,conf75,6,0,0.062396,-0.062396,-0.0645346,-0.0602575,0,-43.3016,-60.6625,-25.9408,-39.9707,-75.0006,5,7.98274e-09,,0,-3.02149,0.00251534,1,
fanbody_active_fraction,flow,self,6,0.0640599,0.0626734,0.00138655,-0.000143055,0.00291615,1.02212,1.19866,-0.0303481,2.42767,1.10645,2.07614,8.3269,0.0701792,0.210538,28,1.81458,0.0695884,-0.555556,0.157211
fanbody_active_fraction,flow,shuffle,6,0.0640599,0.0635053,0.000554617,-0.0014061,0.00251534,1.00873,0.365147,-0.775829,1.50612,0.337059,0.632454,9.75036,0.541636,,22.5,0.764034,0.444847,-0.25,
fanbody_active_fraction,flow,randmat,6,0.0640599,0.0640599,0,-0.00228578,0.00228578,1,0,-1.13159,1.13159,0,0,8.83207,1,,19,0.0900672,0.928234,-0.0555556,
fanbody_active_fraction,flow,decorr,6,0.0640599,0.063228,0.000831933,-0.000771579,0.00243545,1.01316,0.674208,-0.489081,1.8375,0.622346,1.16776,9.30771,0.271945,,23.5,0.955042,0.339556,-0.305556,
fanbody_active_fraction,flow,conf25,6,0.0640599,0.0621187,0.00194118,0.000411578,0.00347079,1.03125,1.67813,0.362369,2.9939,1.54905,2.90661,8.3269,0.0188724,,32,2.35492,0.0185267,-0.777778,
fanbody_active_fraction,flow,conf50,6,0.0640599,0.0612868,0.00277313,0.00128836,0.00425791,1.04525,2.53189,1.01316,4.05062,2.33713,4.38536,7.25336,0.00295084,,36,2.96189,0.00305758,-1,
fanbody_active_fraction,flow,conf75,6,0.0640599,0.062396,0.00166388,-0.000621916,0.00394968,1.02667,0.953471,-0.240681,2.14762,0.880127,1.65146,8.83201,0.133681,,25.5,1.2554,0.209334,-0.416667,
fanbody_active_fraction,self,shuffle,6,0.0626734,0.0635053,-0.000831933,-0.00258914,0.000925271,0.9869,-0.636713,-1.79662,0.52319,-0.587735,-1.10282,7.56364,0.303954,0.607909,13,-0.866025,0.386476,0.277778,0.587603
fanbody_active_fraction,self,randmat,6,0.0626734,0.0640599,-0.00138655,-0.00353941,0.000766308,0.978355,-0.886655,-2.07254,0.299228,-0.818451,-1.53573,6.72339,0.170225,,11,-1.17347,0.240606,0.388889,0.312672
fanbody_active_fraction,self,decorr,6,0.0626734,0.063228,-0.000554617,-0.00179713,0.000687892,0.991228,-0.577343,-1.73226,0.577576,-0.532932,-0.999988,9.61549,0.341816,0.607909,13,-0.866025,0.386476,0.277778,0.632592
fanbody_active_fraction,self,conf25,6,0.0626734,0.0621187,0.000554633,-0.0005507,0.00165997,1.00893,0.645497,-0.515183,1.80618,0.595844,1.11803,10,0.289692,,24,1.01341,0.310863,-0.333333,0.569358
fanbody_active_fraction,self,conf50,6,0.0626734,0.0612868,0.00138658,0.00038301,0.00239016,1.02262,1.79029,0.45107,3.1295,1.65257,3.10087,9.49438,0.0119294,,31,2.28218,0.0224789,-0.722222,0.0469883
fanbody_active_fraction,self,conf75,6,0.0626734,0.062396,0.000277333,-0.00187555,0.00243022,1.00444,0.177344,-0.956464,1.31115,0.163702,0.307169,6.72335,0.768009,,18,-0.0896713,0.928548,0,0.685579
fanbody_active_fraction,shuffle,randmat,6,0.0635053,0.0640599,-0.000554617,-0.00294682,0.00183759,0.991342,-0.300148,-1.43809,0.837791,-0.27706,-0.519872,9.55339,0.614984,,15.5,-0.361068,0.718048,0.138889,
fanbody_active_fraction,shuffle,decorr,6,0.0635053,0.063228,0.000277317,-0.00153415,0.00208878,1.00439,0.201624,-0.932833,1.33608,0.186115,0.349224,8.53296,0.735384,,18.5,0,1,-0.0277778,
fanbody_active_fraction,shuffle,conf25,6,0.0635053,0.0621187,0.00138657,-0.000370637,0.00314377,1.02232,1.0612,-0.147412,2.26981,0.979567,1.83805,7.56364,0.105498,,28,1.69265,0.0905212,-0.555556,
fanbody_active_fraction,shuffle,conf50,6,0.0635053,0.0612868,0.00221852,0.000491509,0.00394552,1.0362,1.77125,0.436092,3.10641,1.635,3.0679,6.67444,0.0192285,,33.5,2.61658,0.00888164,-0.861111,
fanbody_active_fraction,shuffle,conf75,6,0.0635053,0.062396,0.00110927,-0.00128295,0.00350149,1.01778,0.60031,-0.556482,1.7571,0.554132,1.03977,9.55334,0.324047,,22,0.626327,0.531101,-0.222222,
fanbody_active_fraction,randmat,decorr,6,0.0640599,0.063228,0.000831933,-0.00135307,0.00301694,1.01316,0.512992,-0.637055,1.66304,0.473531,0.888528,7.4896,0.401891,,21.5,0.538028,0.590558,-0.194444,
fanbody_active_fraction,randmat,conf25,6,0.0640599,0.0621187,0.00194118,-0.000211675,0.00409404,1.03125,1.24133,0.00555816,2.47709,1.14584,2.15004,6.72339,0.0702084,,29,1.81659,0.0692799,-0.611111,
fanbody_active_fraction,randmat,conf50,6,0.0640599,0.0612868,0.00277313,0.000635654,0.00491061,1.04525,1.82576,0.478899,3.17262,1.68532,3.16231,6.09761,0.0190872,,33.5,2.58985,0.00960181,-0.861111,
fanbody_active_fraction,randmat,conf75,6,0.0640599,0.062396,0.00166388,-0.000957597,0.00428536,1.02667,0.816503,-0.361289,1.9943,0.753695,1.41422,10,0.187667,,24.5,1.02968,0.30316,-0.361111,
fanbody_active_fraction,decorr,conf25,6,0.063228,0.0621187,0.00110925,-0.000133259,0.00235176,1.01786,1.1547,-0.0675488,2.37696,1.06588,2.00001,9.61549,0.0745256,,28,1.69265,0.0905212,-0.555556,
fanbody_active_fraction,decorr,conf50,6,0.063228,0.0612868,0.0019412,0.000775141,0.00310726,1.03167,2.19181,0.760231,3.62339,2.02321,3.79633,8.55045,0.00465734,,33.5,2.61658,0.00888164,-0.861111,
fanbody_active_fraction,decorr,conf75,6,0.063228,0.062396,0.00083195,-0.00135308,0.00301698,1.01333,0.512997,-0.63705,1.66304,0.473536,0.888537,7.48955,0.401886,,21.5,0.538028,0.590558,-0.194444,
fanbody_active_fraction,conf25,conf50,6,0.0621187,0.0612868,0.00083195,-0.000171623,0.00183552,1.01357,1.07417,-0.13627,2.28462,0.991544,1.86052,9.49438,0.094017,,26,1.58114,0.113846,-0.444444,
fanbody_active_fraction,conf25,conf75,6,0.0621187,0.062396,-0.0002773,-0.00243018,0.00187558,0.995556,-0.177323,-1.31113,0.956484,-0.163683,-0.307132,6.72335,0.768036,,15,-0.423956,0.671598,0.166667,
fanbody_active_fraction,conf50,conf75,6,0.0612868,0.062396,-0.00110925,-0.00324675,0.00102825,0.982222,-0.730294,-1.89899,0.438403,-0.674117,-1.26491,6.09759,0.252097,,11,-1.09586,0.273141,0.388889,
other_active_fraction,rest,flow,6,0.00903342,0.129178,-0.120144,-0.122586,-0.117702,0.0699302,-64.8977,-90.8864,-38.909,-59.9056,-112.406,8.44831,1.03212e-14,,0,-2.88408,0.00392563,1,
other_active_fraction,rest,self,6,0.00903342,0.134146,-0.125113,-0.12978,-0.120446,0.0673402,-37.9064,-53.1139,-22.6988,-34.9905,-65.6557,5.97813,8.93963e-10,,0,-2.86819,0.00412832,1,0.00274931
other_active_fraction,rest,shuffle,6,0.00903342,0.134146,-0.125113,-0.12978,-0.120446,0.0673402,-37.9064,-53.1139,-22.6988,-34.9905,-65.6557,5.97813,8.93963e-10,,0,-2.86819,0.00412832,1,
other_active_fraction,rest,randmat,6,0.00903342,0.135953,-0.126919,-0.130275,-0.123564,0.0664453,-51.8245,-72.5891,-31.0599,-47.838,-89.7627,6.87968,8.1418e-12,,0,-2.86819,0.00412832,1,
other_active_fraction,rest,decorr,6,0.00903342,0.131436,-0.122403,-0.12707,-0.117736,0.0687287,-37.0853,-51.9653,-22.2053,-34.2326,-64.2336,5.97813,1.01883e-09,,0,-2.86819,0.00412832,1,
other_active_fraction,rest,conf25,6,0.00903342,0.132339,-0.123306,-0.12494,-0.121671,0.0682595,-97.75,-136.874,-58.6262,-90.2307,-169.308,9.49435,7.6124e-18,,0,-2.96769,0.00300046,1,
other_active_fraction,rest,conf50,6,0.00903342,0.130984,-0.121951,-0.126589,-0.117313,0.0689657,-37.1578,-52.0667,-22.2488,-34.2995,-64.3592,5.99011,9.73229e-10,,0,-2.86295,0.00419719,1,
other_active_fraction,rest,conf75,6,0.00903342,0.131888,-0.122854,-0.125846,-0.119863,0.0684933,-55.5221,-77.764,-33.2802,-51.2512,-96.1671,7.35297,1.14092e-12,,0,-2.87875,0.00399253,1,
other_active_fraction,flow,self,6,0.129178,0.134146,-0.00496833,-0.00972538,-0.000211292,0.962963,-1.41305,-2.67799,-0.148104,-1.30435,-2.44747,7.32725,0.0427693,0.128308,5.5,-1.97765,0.0479679,0.694444,0.059985
other_active_fraction,flow,shuffle,6,0.129178,0.134146,-0.00496833,-0.00972538,-0.000211292,0.962963,-1.41305,-2.67799,-0.148104,-1.30435,-2.44747,7.32725,0.0427693,,5,-2.06773,0.0386656,0.722222,
other_active_fraction,flow,randmat,6,0.129178,0.135953,-0.006775,-0.0103474,-0.00320258,0.950166,-2.47942,-3.98424,-0.974609,-2.2887,-4.29449,8.94041,0.00203782,,1,-2.68955,0.00715478,0.944444,
other_active_fraction,flow,decorr,6,0.129178,0.131436,-0.00225833,-0.00701538,0.00249871,0.982818,-0.642294,-1.80269,0.518102,-0.592887,-1.11249,7.32725,0.301092,,11,-1.07522,0.282277,0.388889,
other_active_fraction,flow,conf25,6,0.129178,0.132339,-0.00316167,-0.00552679,-0.00079654,0.976109,-1.80739,-3.15028,-0.464503,-1.66836,-3.1305,7.35294,0.0155819,,4.5,-2.25835,0.023924,0.75,
other_active_fraction,flow,conf50,6,0.129178,0.130984,-0.00180667,-0.00653692,0.00292359,0.986207,-0.516398,-1.66669,0.633893,-0.476675,-0.894427,7.35294,0.399423,,13,-0.74162,0.458318,0.277778,
other_active_fraction,flow,conf75,6,0.129178,0.131888,-0.00271,-0.00597905,0.000559046,0.979452,-1.07417,-2.28462,0.13627,-0.991544,-1.86052,9.49438,0.094017,,8,-1.58937,0.111978,0.555556,
other_active_fraction,self,shuffle,6,0.134146,0.134146,2.77556e-17,-0.00572839,0.00572839,1,6.23303e-15,-1.13159,1.13159,5.75356e-15,1.07959e-14,10,1,1,19.5,0.163896,0.869813,-0.0833333,1
other_active_fraction,self,randmat,6,0.134146,0.135953,-0.00180667,-0.00685119,0.00323786,0.986711,-0.467525,-1.61446,0.679416,-0.431561,-0.809776,9.02936,0.438887,,13.5,-0.665408,0.50579,0.25,0.572357
other_active_fraction,self,decorr,6,0.134146,0.131436,0.00271,-0.00301839,0.00843839,1.02062,0.608581,-0.548903,1.76606,0.561767,1.05409,10,0.316643,0.633286,25,1.06338,0.287609,-0.388889,0.409648
other_active_fraction,self,conf25,6,0.134146,0.132339,0.00180667,-0.00285415,0.00646749,1.01365,0.556846,-0.596461,1.71015,0.514012,0.964486,5.61494,0.374482,,25,1.16318,0.244757,-0.388889,0.517621
other_active_fraction,self,conf50,6,0.134146,0.130984,0.00316167,-0.00254905,0.00887238,1.02414,0.712212,-0.454697,1.87912,0.657427,1.23359,9.99961,0.245565,,24.5,0.987,0.323642,-0.361111,0.328668
other_active_fraction,self,conf75,6,0.134146,0.131888,0.00225833,-0.00265071,0.00716738,1.01712,0.607233,-0.550137,1.7646,0.560523,1.05176,8.41727,0.322166,,24.5,1.00573,0.314545,-0.361111,0.43814
other_active_fraction,shuffle,randmat,6,0.134146,0.135953,-0.00180667,-0.00685119,0.00323786,0.986711,-0.467525,-1.61446,0.679416,-0.431561,-0.809776,9.02936,0.438887,,12,-0.903086,0.36648,0.333333,
other_active_fraction,shuffle,decorr,6,0.134146,0.131436,0.00271,-0.00301839,0.00843839,1.02062,0.608581,-0.548903,1.76606,0.561767,1.05409,10,0.316643,,23.5,0.83176,0.405545,-0.305556,
other_active_fraction,shuffle,conf25,6,0.134146,0.132339,0.00180667,-0.00285415,0.00646749,1.01365,0.556846,-0.596461,1.71015,0.514012,0.964486,5.61494,0.374482,,20,0.270201,0.787005,-0.111111,
other_active_fraction,shuffle,conf50,6,0.134146,0.130984,0.00316167,-0.00254905,0.00887238,1.02414,0.712212,-0.454697,1.87912,0.657427,1.23359,9.99961,0.245565,,24,0.894898,0.370842,-0.333333,
other_active_fraction,shuffle,conf75,6,0.134146,0.131888,0.00225833,-0.00265071,0.00716738,1.01712,0.607233,-0.550137,1.7646,0.560523,1.05176,8.41727,0.322166,,22,0.585556,0.558174,-0.222222,
other_active_fraction,randmat,decorr,6,0.135953,0.131436,0.00451667,-0.000527861,0.00956119,1.03436,1.16881,-0.0555858,2.39321,1.0789,2.02444,9.02936,0.0734902,,29.5,1.80286,0.0714102,-0.638889,
other_active_fraction,randmat,conf25,6,0.135953,0.132339,0.00361333,0.000287375,0.00693929,1.0273,1.52277,0.237612,2.80794,1.40564,2.63752,6.20164,0.0374865,,31,2.23688,0.0252941,-0.722222,
other_active_fraction,randmat,conf50,6,0.135953,0.130984,0.00496833,-5.29902e-05,0.00998966,1.03793,1.29099,0.0471077,2.53488,1.19169,2.23607,9.0589,0.0519915,,29,1.72407,0.0846947,-0.611111,
other_active_fraction,randmat,conf75,6,0.135953,0.131888,0.004065,0.000211705,0.00791829,1.03082,1.3599,0.104312,2.61548,1.25529,2.35541,9.85028,0.0406287,,30,1.92397,0.0543586,-0.666667,
other_active_fraction,decorr,conf25,6,0.131436,0.132339,-0.000903333,-0.00556415,0.00375749,0.993174,-0.278423,-1.41548,0.858632,-0.257006,-0.482243,5.61494,0.647852,,14,-0.63047,0.528387,0.222222,
other_active_fraction,decorr,conf50,6,0.131436,0.130984,0.000451667,-0.00525905,0.00616238,1.00345,0.101745,-1.03057,1.23406,0.0939181,0.176227,9.99961,0.863634,,18.5,0,1,-0.0277778,
other_active_fraction,decorr,conf75,6,0.131436,0.131888,-0.000451667,-0.00536071,0.00445738,0.996575,-0.121447,-1.25407,1.01118,-0.112105,-0.210352,8.41727,0.838396,,16,-0.250952,0.801851,0.111111,
other_active_fraction,conf25,conf50,6,0.132339,0.130984,0.001355,-0.00327699,0.00598699,1.01034,0.420084,-0.723914,1.56408,0.38777,0.727607,5.62257,0.49602,,20,0.25742,0.796855,-0.111111,
other_active_fraction,conf25,conf75,6,0.132339,0.131888,0.000451667,-0.00249707,0.0034004,1.00342,0.212238,-0.922529,1.34701,0.195912,0.367607,6.52526,0.724798,,19,0.0955042,0.923914,-0.0555556,
other_active_fraction,conf50,conf75,6,0.130984,0.131888,-0.000903333,-0.00578767,0.003981,0.993151,-0.243975,-1.37976,0.891813,-0.225208,-0.422577,8.44828,0.683155,,16.5,-0.164804,0.869098,0.0833333,
pair_corr,rest,flow,6,0,3.4681e-07,-3.4681e-07,-0.000294564,0.00029387,0,-0.00174942,-1.13334,1.12984,-0.00161485,-0.00303009,5,0.9977,,21,0.446403,0.655306,-0.166667,
pair_corr,rest,self,6,0,-7.85942e-06,7.85942e-06,-0.00032281,0.000338529,-0,0.035275,-1.0964,1.16695,0.0325615,0.061098,5,0.953648,,21,0.446403,0.655306,-0.166667,0.927268
pair_corr,rest,shuffle,6,0,0.000117469,-0.000117469,-0.000413319,0.000178381,0,-0.589282,-1.74517,0.566602,-0.543952,-1.02067,5,0.354231,,9,-1.51777,0.129073,0.5,
pair_corr,rest,randmat,6,0,2.11201e-05,-2.11201e-05,-0.00025776,0.00021552,0,-0.132458,-1.26528,1.00037,-0.122269,-0.229425,5,0.827629,,15,-0.446403,0.655306,0.166667,
pair_corr,rest,decorr,6,0,-6.29777e-05,6.29777e-05,-0.000240815,0.00036677,-0,0.307666,-0.830594,1.44593,0.284,0.532894,5,0.616931,,21,0.446403,0.655306,-0.166667,
pair_corr,rest,conf25,6,0,0.000219615,-0.000219615,-0.000487645,4.84153e-05,0,-1.21604,-2.44778,0.0156947,-1.1225,-2.10625,5,0.0890446,,9,-1.51777,0.129073,0.5,
pair_corr,rest,conf50,6,0,5.63911e-05,-5.63911e-05,-0.000399841,0.000287059,0,-0.243678,-1.37946,0.892099,-0.224934,-0.422063,5,0.690512,,15,-0.446403,0.655306,0.166667,
pair_corr,rest,conf75,6,0,-1.29096e-05,1.29096e-05,-0.000218011,0.00024383,-0,0.0829699,-1.0491,1.21504,0.0765876,0.143708,5,0.891343,,21,0.446403,0.655306,-0.166667,
pair_corr,flow,self,6,3.4681e-07,-7.85942e-06,8.20623e-06,-0.000376148,0.00039256,-0.0441267,0.0275163,-1.10412,1.15916,0.0253997,0.0476597,9.86661,0.962938,1,19.5,0.160409,0.872559,-0.0833333,0.973257
pair_corr,flow,shuffle,6,3.4681e-07,0.000117469,-0.000117122,-0.000478782,0.000244538,0.00295235,-0.416603,-1.5604,0.727191,-0.384557,-0.721578,9.99969,0.487083,,12.5,-0.802044,0.422527,0.305556,
pair_corr,flow,randmat,6,3.4681e-07,2.11201e-05,-2.07733e-05,-0.000350099,0.000308552,0.0164208,-0.0816535,-1.21371,1.0504,-0.0753724,-0.141428,9.56053,0.890467,,14.5,-0.481227,0.630356,0.194444,
pair_corr,flow,decorr,6,3.4681e-07,-6.29777e-05,6.33245e-05,-0.000303299,0.000429948,-0.00550687,0.222225,-0.912848,1.3573,0.205131,0.384906,9.98976,0.708375,,22,0.562418,0.573831,-0.222222,
pair_corr,flow,conf25,6,3.4681e-07,0.000219615,-0.000219268,-0.000564652,0.000126116,0.00157917,-0.817643,-1.99556,0.360276,-0.754747,-1.4162,9.91435,0.187359,,10.5,-1.12286,0.261496,0.416667,
pair_corr,flow,conf50,6,3.4681e-07,5.63911e-05,-5.60442e-05,-0.000449295,0.000337206,0.00615009,-0.183921,-1.3179,0.950054,-0.169774,-0.318561,9.7698,0.756765,,14.5,-0.481227,0.630356,0.194444,
pair_corr,flow,conf75,6,3.4681e-07,-1.29096e-05,1.32564e-05,-0.000313433,0.000339945,-0.0268646,0.0526024,-1.07918,1.18438,0.0485561,0.0911101,9.46557,0.929304,,18.5,0,1,-0.0277778,
pair_corr,self,shuffle,6,-7.85942e-06,0.000117469,-0.000125329,-0.000510562,0.000259905,-0.0669062,-0.41921,-1.56316,0.724737,-0.386963,-0.726093,9.8787,0.484629,1,13.5,-0.641635,0.52111,0.25,0.470632
pair_corr,self,randmat,6,-7.85942e-06,2.11201e-05,-2.89795e-05,-0.000386469,0.00032851,-0.372129,-0.105772,-1.23815,1.0266,-0.097636,-0.183203,9.05723,0.858674,,15.5,-0.320818,0.748349,0.138889,0.855536
pair_corr,self,decorr,6,-7.85942e-06,-6.29777e-05,5.51183e-05,-0.000334476,0.000444712,0.124797,0.182174,-0.951757,1.3161,0.16816,0.315534,9.92898,0.758888,1,20.5,0.320818,0.748349,-0.138889,0.750812
pair_corr,self,conf25,6,-7.85942e-06,0.000219615,-0.000227474,-0.00059858,0.000143631,-0.0357872,-0.793131,-1.96836,0.382102,-0.732121,-1.37374,9.58917,0.20078,,9.5,-1.28327,0.199397,0.472222,0.191202
pair_corr,self,conf50,6,-7.85942e-06,5.63911e-05,-6.42505e-05,-0.000477579,0.000349078,-0.139373,-0.200008,-1.33442,0.934404,-0.184623,-0.346424,9.98565,0.736213,,16.5,-0.160409,0.872559,0.0833333,0.744564
pair_corr,self,conf75,6,-7.85942e-06,-1.29096e-05,5.05015e-06,-0.000350243,0.000360343,0.608806,0.0185834,-1.11303,1.15019,0.0171539,0.0321874,8.93979,0.97503,,17.5,0,1,0.0277778,0.979255
pair_corr,shuffle,randmat,6,0.000117469,2.11201e-05,9.6349e-05,-0.000234191,0.000426889,5.56196,0.377445,-0.764172,1.51906,0.348411,0.653754,9.53965,0.528713,,21.5,0.481227,0.630356,-0.194444,
pair_corr,shuffle,decorr,6,0.000117469,-6.29777e-05,0.000180447,-0.000187147,0.00054804,-1.86525,0.631545,-0.527906,1.791,0.582965,1.09387,9.99299,0.299679,,25.5,1.12286,0.261496,-0.416667,
pair_corr,shuffle,conf25,6,0.000117469,0.000219615,-0.000102146,-0.000448628,0.000244337,0.534887,-0.379745,-1.52148,0.761994,-0.350533,-0.657737,9.90404,0.525698,,14.5,-0.481227,0.630356,0.194444,
pair_corr,shuffle,conf50,6,0.000117469,5.63911e-05,6.10781e-05,-0.00033301,0.000455167,2.08312,0.199971,-0.93444,1.33438,0.184588,0.346359,9.78539,0.736405,,20.5,0.320818,0.748349,-0.138889,
pair_corr,shuffle,conf75,6,0.000117469,-1.29096e-05,0.000130379,-0.000197546,0.000458303,-9.09939,0.515581,-0.634651,1.66581,0.475921,0.893013,9.44317,0.394039,,25.5,1.12286,0.261496,-0.416667,
pair_corr,randmat,decorr,6,2.11201e-05,-6.29777e-05,8.40978e-05,-0.000252415,0.000420611,-0.335359,0.324117,-0.814874,1.46311,0.299185,0.561387,9.43489,0.587619,,23.5,0.802044,0.422527,-0.305556,
pair_corr,randmat,conf25,6,2.11201e-05,0.000219615,-0.000198495,-0.000509056,0.000112066,0.0961688,-0.823928,-2.00255,0.354692,-0.760549,-1.42708,9.84876,0.184482,,9.5,-1.28327,0.199397,0.472222,
pair_corr,randmat,conf50,6,2.11201e-05,5.63911e-05,-3.52709e-05,-0.000403104,0.000332562,0.37453,-0.125507,-1.25821,1.00719,-0.115852,-0.217384,8.87419,0.832825,,15.5,-0.320818,0.748349,0.138889,
pair_corr,randmat,conf75,6,2.11201e-05,-1.29096e-05,3.40297e-05,-0.000252587,0.000320646,-1.63601,0.152747,-0.980487,1.28598,0.140998,0.264566,9.99402,0.79672,,21.5,0.481227,0.630356,-0.194444,
pair_corr,decorr,conf25,6,-6.29777e-05,0.000219615,-0.000282593,-0.000634493,6.93078e-05,-0.286764,-1.03523,-2.24023,0.169768,-0.955598,-1.79307,9.84713,0.103677,,7.5,-1.60409,0.108695,0.583333,
pair_corr,decorr,conf50,6,-6.29777e-05,5.63911e-05,-0.000119369,-0.000517618,0.000278881,-1.1168,-0.386363,-1.52846,0.755732,-0.356643,-0.6692,9.85314,0.51874,,14.5,-0.481227,0.630356,0.194444,
pair_corr,decorr,conf75,6,-6.29777e-05,-1.29096e-05,-5.00681e-05,-0.000384067,0.00028393,4.87837,-0.194729,-1.32899,0.939536,-0.17975,-0.33728,9.33177,0.743368,,16.5,-0.160409,0.872559,0.0833333,
pair_corr,conf25,conf50,6,0.000219615,5.63911e-05,0.000163224,-0.000217442,0.00054389,3.8945,0.556043,-0.597202,1.70929,0.513271,0.963095,9.4425,0.359515,,23.5,0.802044,0.422527,-0.305556,
pair_corr,conf25,conf75,6,0.000219615,-1.29096e-05,0.000232525,-7.50434e-05,0.000540093,-17.0118,0.975437,-0.221551,2.17243,0.900403,1.68951,9.78584,0.122673,,26.5,1.28327,0.199397,-0.472222,
pair_corr,conf50,conf75,6,5.63911e-05,-1.29096e-05,6.93006e-05,-0.000296475,0.000435076,-4.36816,0.248514,-0.887431,1.38446,0.229398,0.43044,8.75354,0.677279,,20.5,0.320818,0.748349,-0.138889,
tau_ms,rest,flow,6,32.9469,386.673,-353.726,-364.672,-342.78,0.0852062,-47.1365,-66.0287,-28.2444,-43.5107,-81.6429,5.30701,1.97333e-09,,0,-2.80224,0.00507487,1,
tau_ms,rest,self,6,32.9469,382.102,-349.155,-362.341,-335.97,0.0862254,-38.8241,-54.3979,-23.2504,-35.8377,-67.2454,5.2119,7.31941e-09,,0,-2.80224,0.00507487,1,0.00274931
tau_ms,rest,shuffle,6,32.9469,392.607,-359.66,-373.331,-345.988,0.0839184,-38.6023,-54.0876,-23.1171,-35.6329,-66.8612,5.19715,7.8782e-09,,0,-2.80224,0.00507487,1,
tau_ms,rest,randmat,6,32.9469,387.412,-354.465,-366.148,-342.782,0.0850437,-44.3446,-62.1219,-26.5674,-40.9335,-76.8072,5.26967,3.06213e-09,,0,-2.80224,0.00507487,1,
tau_ms,rest,decorr,6,32.9469,273.297,-240.35,-270.122,-210.578,0.120553,-11.9518,-16.8654,-7.03807,-11.0324,-20.7011,5.04169,4.51361e-06,,0,-2.80224,0.00507487,1,
tau_ms,rest,conf25,6,32.9469,368.453,-335.506,-349.093,-321.919,0.0894196,-36.2276,-50.7654,-21.6897,-33.4408,-62.748,5.19959,1.0877e-08,,0,-2.80224,0.00507487,1,
tau_ms,rest,conf50,6,32.9469,332.808,-299.861,-324.025,-275.698,0.0989968,-18.3485,-25.7761,-10.921,-16.9371,-31.7806,5.06326,5.0259e-07,,0,-2.80224,0.00507487,1,
tau_ms,rest,conf75,6,32.9469,311.098,-278.151,-309.797,-246.505,0.105905,-13.0159,-18.3447,-7.68699,-12.0146,-22.5441,5.0369,2.97477e-06,,0,-2.80224,0.00507487,1,
tau_ms,flow,self,6,386.673,382.102,4.57083,-10.3796,19.5212,1.01196,0.395103,-0.747469,1.53768,0.364711,0.684339,9.6741,0.509822,0.509822,23,0.720577,0.47117,-0.277778,0.505874
tau_ms,flow,shuffle,6,386.673,392.607,-5.93367,-21.2406,9.37327,0.984886,-0.50191,-1.65117,0.647354,-0.463302,-0.869334,9.54562,0.405993,,12,-0.880705,0.378478,0.333333,
tau_ms,flow,randmat,6,386.673,387.412,-0.739,-14.6528,13.1748,0.998092,-0.0683641,-1.20028,1.06355,-0.0631054,-0.11841,9.95809,0.908097,,18,-0.0800641,0.936186,0,
tau_ms,flow,decorr,6,386.673,273.297,113.376,83.5428,143.209,1.41484,5.30135,2.89742,7.70528,4.89355,9.1822,6.33209,6.86533e-05,,36,2.80224,0.00507487,-1,
tau_ms,flow,conf25,6,386.673,368.453,18.22,2.97536,33.4646,1.04945,1.54694,0.257165,2.83671,1.42794,2.67938,9.56867,0.0239683,,30,1.84147,0.0655522,-0.666667,
tau_ms,flow,conf50,6,386.673,332.808,53.8648,29.424,78.3057,1.16185,3.01098,1.35822,4.66373,2.77936,5.21517,6.97492,0.00124626,,36,2.80224,0.00507487,-1,
tau_ms,flow,conf75,6,386.673,311.098,75.5752,43.9109,107.239,1.24293,3.34771,1.59434,5.10108,3.09019,5.7984,6.1837,0.00103699,,36,2.80224,0.00507487,-1,
tau_ms,self,shuffle,6,382.102,392.607,-10.5045,-26.998,5.98904,0.973244,-0.819445,-1.99756,0.358675,-0.756411,-1.41932,9.987,0.186255,0.372511,9,-1.36109,0.173485,0.5,0.174456
tau_ms,self,randmat,6,382.102,387.412,-5.30983,-20.6376,10.018,0.986294,-0.446512,-1.59211,0.699088,-0.412165,-0.773381,9.85781,0.457441,,13,-0.720577,0.47117,0.277778,0.443389
tau_ms,self,decorr,6,382.102,273.297,108.805,78.74,138.87,1.39812,4.95626,2.67322,7.23931,4.57501,8.5845,6.89332,6.33139e-05,0.000189942,36,2.80224,0.00507487,-1,0.00274931
tau_ms,self,conf25,6,382.102,368.453,13.6492,-2.7912,30.0895,1.03704,1.06814,-0.141446,2.27773,0.985977,1.85008,9.99104,0.09406,,28,1.52122,0.128205,-0.555556,0.0949763
tau_ms,self,conf50,6,382.102,332.808,49.294,24.4341,74.1539,1.14812,2.65545,1.10331,4.20759,2.45118,4.59937,7.74016,0.00191481,,36,2.80224,0.00507487,-1,0.00274931
tau_ms,self,conf75,6,382.102,311.098,71.0043,39.1509,102.858,1.22824,3.07207,1.40142,4.74273,2.83576,5.32099,6.68945,0.00127063,,36,2.80224,0.00507487,-1,0.00274931
tau_ms,shuffle,randmat,6,392.607,387.412,5.19467,-10.4719,20.8612,1.01341,0.427948,-0.716517,1.57241,0.395029,0.741228,9.76389,0.476004,,22,0.560449,0.575174,-0.222222,
tau_ms,shuffle,decorr,6,392.607,273.297,119.309,89.1753,149.443,1.43656,5.40164,2.96223,7.84104,4.98613,9.35591,7.02336,3.24357e-05,,36,2.80224,0.00507487,-1,
tau_ms,shuffle,conf25,6,392.607,368.453,24.1537,7.41944,40.8879,1.06555,1.85678,0.503152,3.21042,1.71395,3.21604,9.99962,0.00923734,,33,2.32186,0.0202406,-0.833333,
tau_ms,shuffle,conf50,6,392.607,332.808,59.7985,34.8217,84.7753,1.17968,3.19396,1.48711,4.90081,2.94827,5.5321,7.90835,0.000575138,,36,2.80224,0.00507487,-1,
tau_ms,shuffle,conf75,6,392.607,311.098,81.5088,49.5975,113.42,1.262,3.50715,1.70458,5.30972,3.23737,6.07456,6.80766,0.000560733,,36,2.80224,0.00507487,-1,
tau_ms,randmat,decorr,6,387.412,273.297,114.115,84.2205,144.009,1.41755,5.29222,2.89151,7.69294,4.88513,9.1664,6.50882,5.89011e-05,,36,2.80224,0.00507487,-1,
tau_ms,randmat,conf25,6,387.412,368.453,18.959,3.35172,34.5663,1.05146,1.56743,0.2737,2.86115,1.44686,2.71486,9.78138,0.02216,,31,2.0016,0.0453276,-0.722222,
tau_ms,randmat,conf50,6,387.412,332.808,54.6038,30.0465,79.1612,1.16407,3.01677,1.36233,4.67121,2.78471,5.2252,7.22212,0.00110453,,36,2.80224,0.00507487,-1,
tau_ms,randmat,conf75,6,387.412,311.098,76.3142,44.601,108.027,1.24531,3.35558,1.5998,5.11136,3.09746,5.81204,6.34227,0.00093591,,36,2.80224,0.00507487,-1,
tau_ms,decorr,conf25,6,273.297,368.453,-95.1557,-125.277,-65.0341,0.741743,-4.3127,-6.37607,-2.24932,-3.98095,-7.46981,7.00072,0.000140769,,0,-2.80224,0.00507487,1,
tau_ms,decorr,conf50,6,273.297,332.808,-59.5108,-92.9539,-26.0678,0.821186,-2.30231,-3.76139,-0.843235,-2.12521,-3.98773,9.59461,0.00278848,,1,-2.64211,0.00823902,0.944444,
tau_ms,decorr,conf75,6,273.297,311.098,-37.8005,-75.495,-0.106021,0.878493,-1.29068,-2.53452,-0.0468492,-1.1914,-2.23553,9.963,0.0494718,,7,-1.68135,0.0926958,0.611111,
tau_ms,conf25,conf50,6,368.453,332.808,35.6448,10.6889,60.6008,1.1071,1.9067,0.542003,3.27139,1.76003,3.30249,7.87934,0.0110517,,33,2.32186,0.0202406,-0.833333,
tau_ms,conf25,conf75,6,368.453,311.098,57.3552,25.4543,89.256,1.18436,2.47025,0.967852,3.97265,2.28023,4.2786,6.78705,0.00393123,,36,2.80224,0.00507487,-1,
tau_ms,conf50,conf75,6,332.808,311.098,21.7103,-13.1445,56.5651,1.06979,0.80887,-0.368079,1.98582,0.74665,1.401,9.35216,0.193511,,25,1.04083,0.297953,-0.388889,
dim,rest,flow,6,3.40757,39.6593,-36.2517,-36.8831,-35.6203,0.0859211,-73.8623,-103.435,-44.2901,-68.1806,-127.933,9.99917,2.09517e-17,,0,-2.80224,0.00507487,1,
dim,rest,self,6,3.40757,40.6073,-37.1998,-38.4801,-35.9194,0.0839151,-40.1873,-56.3051,-24.0696,-37.096,-69.6065,6.57695,1.11125e-10,,0,-2.80224,0.00507487,1,0.00274931
dim,rest,shuffle,6,3.40757,40.2407,-36.8331,-37.9399,-35.7263,0.0846796,-45.3031,-63.463,-27.1431,-41.8182,-78.4672,7.10122,1.06561e-11,,0,-2.80224,0.00507487,1,
dim,rest,randmat,6,3.40757,41.2054,-37.7978,-39.0849,-36.5108,0.0826971,-40.644,-56.944,-24.344,-37.5176,-70.3975,6.56087,1.08073e-10,,0,-2.80224,0.00507487,1,
dim,rest,decorr,6,3.40757,52.6767,-49.2691,-51.6275,-46.9108,0.0646883,-30.2223,-42.3664,-18.0783,-27.8975,-52.3466,5.46914,1.34347e-08,,0,-2.80224,0.00507487,1,
dim,rest,conf25,6,3.40757,43.4181,-40.0105,-41.1988,-38.8221,0.0784827,-46.2019,-64.7208,-27.683,-42.6479,-80.0241,6.82714,2.09775e-11,,0,-2.80224,0.00507487,1,
dim,rest,conf50,6,3.40757,47.4252,-44.0176,-46.138,-41.8973,0.0718514,-29.8718,-41.8762,-17.8673,-27.5739,-51.7394,5.57964,1.06532e-08,,0,-2.80224,0.00507487,1,
dim,rest,conf75,6,3.40757,51.8682,-48.4607,-49.954,-46.9674,0.0656966,-45.5546,-63.815,-27.2942,-42.0504,-78.9029,6.16278,1.70055e-10,,0,-2.80224,0.00507487,1,
dim,flow,self,6,39.6593,40.6073,-0.94805,-2.22892,0.332819,0.976653,-1.02288,-2.22619,0.18043,-0.944197,-1.77168,6.60443,0.122295,0.24459,8,-1.52122,0.128205,0.555556,0.0969758
dim,flow,shuffle,6,39.6593,40.2407,-0.581417,-1.68894,0.526111,0.985552,-0.713932,-1.88101,0.453145,-0.659014,-1.23657,7.1362,0.255394,,12,-0.880705,0.378478,0.333333,
dim,flow,randmat,6,39.6593,41.2054,-1.54613,-2.83365,-0.258618,0.962477,-1.66045,-2.97262,-0.348282,-1.53272,-2.87599,6.5881,0.0254171,,5,-2.0016,0.0453276,0.722222,
dim,flow,decorr,6,39.6593,52.6767,-13.0174,-15.3758,-10.6591,0.752881,-7.98177,-11.3696,-4.59389,-7.36778,-13.8248,5.47773,1.81342e-05,,0,-2.80224,0.00507487,1,
dim,flow,conf25,6,39.6593,43.4181,-3.75878,-4.94775,-2.56981,0.913428,-4.3341,-6.40464,-2.26356,-4.00071,-7.50688,6.85835,0.000151173,,0,-2.80224,0.00507487,1,
dim,flow,conf50,6,39.6593,47.4252,-7.76593,-9.88629,-5.64558,0.836249,-5.26755,-7.65955,-2.87554,-4.86235,-9.12366,5.59023,0.000145185,,0,-2.80224,0.00507487,1,
dim,flow,conf75,6,39.6593,51.8682,-12.209,-13.7025,-10.7154,0.764615,-11.4657,-16.1904,-6.74106,-10.5838,-19.8592,6.18356,7.77684e-07,,0,-2.80224,0.00507487,1,
dim,self,shuffle,6,40.6073,40.2407,0.366633,-1.09295,1.82622,1.00911,0.324164,-0.814829,1.46316,0.299229,0.561469,9.77104,0.587123,0.587123,21,0.40032,0.688921,-0.166667,0.585854
dim,self,randmat,6,40.6073,41.2054,-0.598083,-2.16467,0.968503,0.985485,-0.491123,-1.63964,0.657394,-0.453345,-0.850651,9.99971,0.414868,,13,-0.720577,0.47117,0.277778,0.413647
dim,self,decorr,6,40.6073,52.6767,-12.0694,-14.4967,-9.64209,0.770878,-6.66849,-9.56645,-3.77053,-6.15553,-11.5502,7.67932,3.98874e-06,1.19662e-05,0,-2.80224,0.00507487,1,0.00274931
dim,self,conf25,6,40.6073,43.4181,-2.81073,-4.31664,-1.30482,0.935263,-2.40304,-3.88789,-0.918194,-2.21819,-4.16219,9.93931,0.00196759,,1,-2.64211,0.00823902,0.944444,0.00474881
dim,self,conf50,6,40.6073,47.4252,-6.81788,-9.0329,-4.60287,0.856239,-4.08212,-6.06899,-2.09524,-3.76811,-7.07043,8.18289,9.40201e-05,,0,-2.80224,0.00507487,1,0.00274931
dim,self,conf75,6,40.6073,51.8682,-11.2609,-12.9683,-9.55355,0.782894,-8.51293,-12.1018,-4.92405,-7.85809,-14.7448,9.75929,5.41849e-08,,0,-2.80224,0.00507487,1,0.00274931
dim,shuffle,randmat,6,40.2407,41.2054,-0.964717,-2.42919,0.499755,0.976588,-0.850312,-2.03193,0.331303,-0.784904,-1.47278,9.75541,0.172325,,11,-1.04083,0.297953,0.388889,
dim,shuffle,decorr,6,40.2407,52.6767,-12.436,-14.8291,-10.0429,0.763918,-7.08611,-10.1386,-4.03364,-6.54103,-12.2735,7.04111,5.2146e-06,,0,-2.80224,0.00507487,1,
dim,shuffle,conf25,6,40.2407,43.4181,-3.17737,-4.57128,-1.78345,0.926819,-2.93462,-4.56524,-1.304,-2.70888,-5.08291,9.94281,0.000484343,,1,-2.64211,0.00823902,0.944444,
dim,shuffle,conf50,6,40.2407,47.4252,-7.18452,-9.35558,-5.01346,0.848508,-4.46106,-6.57431,-2.3478,-4.1179,-7.72678,7.46781,8.10487e-05,,0,-2.80224,0.00507487,1,
dim,shuffle,conf75,6,40.2407,51.8682,-11.6276,-13.2514,-10.0038,0.775825,-9.32747,-13.227,-5.42798,-8.60997,-16.1557,9.15989,4.83033e-08,,0,-2.80224,0.00507487,1,
dim,randmat,decorr,6,41.2054,52.6767,-11.4713,-13.9002,-9.04245,0.782232,-6.33031,-9.10422,-3.5564,-5.84337,-10.9644,7.7038,5.68773e-06,,0,-2.80224,0.00507487,1,
dim,randmat,conf25,6,41.2054,43.4181,-2.21265,-3.72314,-0.702162,0.949038,-1.8862,-3.24633,-0.526074,-1.74111,-3.26699,9.93076,0.00854977,,3,-2.32186,0.0202406,0.833333,
dim,randmat,conf50,6,41.2054,47.4252,-6.2198,-8.43677,-4.00283,0.86885,-3.71869,-5.58789,-1.84949,-3.43264,-6.44096,8.20942,0.000178974,,0,-2.80224,0.00507487,1,
dim,randmat,conf75,6,41.2054,51.8682,-10.6628,-12.3738,-8.95194,0.794424,-8.04242,-11.4532,-4.63166,-7.42377,-13.9299,9.77481,9.06779e-08,,0,-2.80224,0.00507487,1,
dim,decorr,conf25,6,52.6767,43.4181,9.25865,6.85101,11.6663,1.21324,5.2011,2.83248,7.56971,4.80101,9.00856,7.33992,3.16939e-05,,36,2.80224,0.00507487,-1,
dim,decorr,conf50,6,52.6767,47.4252,5.2515,2.49116,8.01184,1.11073,2.45111,0.953739,3.94848,2.26256,4.24545,9.88903,0.00174479,,35,2.64211,0.00823902,-0.944444,
dim,decorr,conf75,6,52.6767,51.8682,0.80845,-1.67763,3.29453,1.01559,0.429045,-0.715486,1.57358,0.396041,0.743128,8.44088,0.477576,,22,0.560449,0.575174,-0.222222,
dim,conf25,conf50,6,43.4181,47.4252,-4.00715,-6.19714,-1.81716,0.915506,-2.44657,-3.94275,-0.950384,-2.25837,-4.23758,7.80789,0.00300786,,1,-2.64211,0.00823902,0.944444,
dim,conf25,conf75,6,43.4181,51.8682,-8.4502,-10.1112,-6.78918,0.837083,-6.59266,-9.46272,-3.7226,-6.08553,-11.4188,9.48783,7.42721e-07,,0,-2.80224,0.00507487,1,
dim,conf50,conf75,6,47.4252,51.8682,-4.44305,-6.73059,-2.15551,0.91434,-2.53813,-4.05853,-1.01773,-2.34289,-4.39617,8.96765,0.00174505,,2,-2.48199,0.0130652,0.888889,
pop_rate_sd_hz,rest,flow,6,0.0110202,0.248299,-0.237279,-0.243018,-0.23154,0.0443827,-59.9259,-83.9275,-35.9243,-55.3162,-103.795,5.4296,3.64651e-10,,0,-2.80224,0.00507487,1,
pop_rate_sd_hz,rest,self,6,0.0110202,0.251565,-0.240544,-0.247379,-0.23371,0.0438065,-51.3488,-71.9234,-30.7742,-47.3989,-88.9387,5.30347,1.26774e-09,,0,-2.80224,0.00507487,1,0.00274931
pop_rate_sd_hz,rest,shuffle,6,0.0110202,0.251926,-0.240906,-0.244738,-0.237073,0.0437437,-88.9537,-124.56,-53.3475,-82.1111,-154.072,5.9584,5.88676e-12,,0,-2.80224,0.00507487,1,
pop_rate_sd_hz,rest,randmat,6,0.0110202,0.252475,-0.241455,-0.245697,-0.237213,0.0436486,-81.1465,-113.631,-48.662,-74.9044,-140.55,5.7834,1.92347e-11,,0,-2.80224,0.00507487,1,
pop_rate_sd_hz,rest,decorr,6,0.0110202,0.190194,-0.179174,-0.192645,-0.165703,0.0579417,-19.6486,-27.5905,-11.7066,-18.1371,-34.0323,5.0784,3.43641e-07,,0,-2.80224,0.00507487,1,
pop_rate_sd_hz,rest,conf25,6,0.0110202,0.226074,-0.215053,-0.219287,-0.21082,0.048746,-72.4104,-101.402,-43.4186,-66.8403,-125.418,5.78656,3.67493e-11,,0,-2.80224,0.00507487,1,
pop_rate_sd_hz,rest,conf50,6,0.0110202,0.201085,-0.190064,-0.196147,-0.183982,0.0548036,-45.4027,-63.6024,-27.203,-41.9102,-78.6398,5.38275,1.90168e-09,,0,-2.80224,0.00507487,1,
pop_rate_sd_hz,rest,conf75,6,0.0110202,0.191176,-0.180156,-0.189734,-0.170577,0.0576442,-27.6635,-38.7887,-16.5383,-25.5355,-47.9145,5.15486,4.9642e-08,,0,-2.80224,0.00507487,1,
pop_rate_sd_hz,flow,self,6,0.248299,0.251565,-0.00326567,-0.0110507,0.00451939,0.987019,-0.541809,-1.69397,0.610351,-0.500131,-0.938441,9.71103,0.370771,0.741543,13,-0.720577,0.47117,0.277778,0.341415
pop_rate_sd_hz,flow,shuffle,6,0.248299,0.251926,-0.00362683,-0.00974406,0.00249039,0.985604,-0.778238,-1.95188,0.3954,-0.718374,-1.34795,8.71396,0.211668,,7,-1.68135,0.0926958,0.611111,
pop_rate_sd_hz,flow,randmat,6,0.248299,0.252475,-0.004176,-0.0104505,0.00209853,0.98346,-0.866287,-2.04976,0.317185,-0.799649,-1.50045,9.2061,0.166989,,8,-1.52122,0.128205,0.555556,
pop_rate_sd_hz,flow,decorr,6,0.248299,0.190194,0.058105,0.0445256,0.0716844,1.3055,5.88335,3.27168,8.49502,5.43079,10.1903,6.76325,2.38443e-05,,36,2.80224,0.00507487,-1,
pop_rate_sd_hz,flow,conf25,6,0.248299,0.226074,0.0222255,0.0159545,0.0284965,1.09831,4.61387,2.44873,6.77901,4.25895,7.99145,9.19681,1.96493e-05,,36,2.80224,0.00507487,-1,
pop_rate_sd_hz,flow,conf50,6,0.248299,0.201085,0.0472143,0.0399444,0.0544843,1.2348,8.35838,4.82812,11.8886,7.71543,14.4771,9.96663,5.10043e-08,,36,2.80224,0.00507487,-1,
pop_rate_sd_hz,flow,conf75,6,0.248299,0.191176,0.0571232,0.0471292,0.0671172,1.2988,7.57976,4.34303,10.8165,6.9967,13.1285,8.18628,8.73193e-07,,36,2.80224,0.00507487,-1,
pop_rate_sd_hz,self,shuffle,6,0.251565,0.251926,-0.000361167,-0.00742646,0.00670413,0.998566,-0.068272,-1.20019,1.06364,-0.0630203,-0.118251,7.85819,0.908836,0.908836,18,-0.0800641,0.936186,0,0.886528
pop_rate_sd_hz,self,randmat,6,0.251565,0.252475,-0.000910333,-0.00808895,0.00626828,0.996394,-0.167593,-1.30116,0.965978,-0.154701,-0.290279,8.35521,0.778678,,17,-0.0800641,0.936186,0.0555556,0.766308
pop_rate_sd_hz,self,decorr,6,0.251565,0.190194,0.0613707,0.0476192,0.0751221,1.32267,6.02352,3.3612,8.68584,5.56017,10.433,7.42006,1.07073e-05,3.2122e-05,36,2.80224,0.00507487,-1,0.00274931
pop_rate_sd_hz,self,conf25,6,0.251565,0.226074,0.0254912,0.0183152,0.0326672,1.11276,4.69559,2.50251,6.88866,4.33439,8.13299,8.34506,3.03504e-05,,36,2.80224,0.00507487,-1,0.00274931
pop_rate_sd_hz,self,conf50,6,0.251565,0.201085,0.05048,0.0425173,0.0584427,1.25104,8.17014,4.71113,11.6291,7.54166,14.1511,9.86769,7.0649e-08,,36,2.80224,0.00507487,-1,0.00274931
pop_rate_sd_hz,self,conf75,6,0.251565,0.191176,0.0603888,0.0500254,0.0707522,1.31588,7.60452,4.35851,10.8505,7.01956,13.1714,9.04707,3.29804e-07,,36,2.80224,0.00507487,-1,0.00274931
pop_rate_sd_hz,shuffle,randmat,6,0.251926,0.252475,-0.000549167,-0.00552088,0.00442255,0.997825,-0.142296,-1.27531,0.990721,-0.13135,-0.246464,9.897,0.81036,,17,-0.0800641,0.936186,0.0555556,
pop_rate_sd_hz,shuffle,decorr,6,0.251926,0.190194,0.0617318,0.0482803,0.0751833,1.32457,6.53639,3.68701,9.38578,6.03359,11.3214,5.80524,3.56162e-05,,36,2.80224,0.00507487,-1,
pop_rate_sd_hz,shuffle,conf25,6,0.251926,0.226074,0.0258523,0.0208865,0.0308182,1.11435,6.70618,3.79433,9.61804,6.19032,11.6155,9.901,4.34328e-07,,36,2.80224,0.00507487,-1,
pop_rate_sd_hz,shuffle,conf50,6,0.251926,0.201085,0.0508412,0.0444345,0.0572478,1.25283,10.4733,6.13308,14.8135,9.66767,18.1403,8.42471,4.78119e-08,,36,2.80224,0.00507487,-1,
pop_rate_sd_hz,shuffle,conf75,6,0.251926,0.191176,0.06075,0.0511167,0.0703833,1.31777,8.72752,5.05706,12.398,8.05617,15.1165,6.56121,2.41493e-06,,36,2.80224,0.00507487,-1,
pop_rate_sd_hz,randmat,decorr,6,0.252475,0.190194,0.062281,0.0488174,0.0757446,1.32746,6.53908,3.68871,9.38945,6.03607,11.326,5.98494,2.88548e-05,,36,2.80224,0.00507487,-1,
pop_rate_sd_hz,randmat,conf25,6,0.252475,0.226074,0.0264015,0.021195,0.031608,1.11678,6.52327,3.67871,9.36784,6.02148,11.2986,9.99996,5.13651e-07,,36,2.80224,0.00507487,-1,
pop_rate_sd_hz,randmat,conf50,6,0.252475,0.201085,0.0513903,0.0448415,0.0579391,1.25557,10.2608,6.00259,14.519,9.47151,17.7722,8.93277,2.81173e-08,,36,2.80224,0.00507487,-1,
pop_rate_sd_hz,randmat,conf75,6,0.252475,0.191176,0.0612992,0.0516176,0.0709807,1.32064,8.67149,5.02235,12.3206,8.00445,15.0195,6.89199,1.60887e-06,,36,2.80224,0.00507487,-1,
pop_rate_sd_hz,decorr,conf25,6,0.190194,0.226074,-0.0358795,-0.0493428,-0.0224162,0.841293,-3.7678,-5.65267,-1.88292,-3.47797,-6.52602,5.98101,0.000625859,,0,-2.80224,0.00507487,1,
pop_rate_sd_hz,decorr,conf50,6,0.190194,0.201085,-0.0108907,-0.0245153,0.00273398,0.94584,-1.09243,-2.30549,0.120625,-1.0084,-1.89215,6.96339,0.100579,,9,-1.36109,0.173485,0.5,
pop_rate_sd_hz,decorr,conf75,6,0.190194,0.191176,-0.000981833,-0.0155342,0.0135705,0.994864,-0.0880746,-1.22021,1.04406,-0.0812996,-0.15255,9.02943,0.882108,,20,0.240192,0.810181,-0.111111,
pop_rate_sd_hz,conf25,conf50,6,0.226074,0.201085,0.0249888,0.0184433,0.0315344,1.12427,4.9927,2.69698,7.28841,4.60864,8.6476,8.92285,1.24967e-05,,36,2.80224,0.00507487,-1,
pop_rate_sd_hz,conf25,conf75,6,0.226074,0.191176,0.0348977,0.0252173,0.044578,1.18254,4.93834,2.66152,7.21516,4.55847,8.55345,6.88486,6.52487e-05,,36,2.80224,0.00507487,-1,
pop_rate_sd_hz,conf50,conf75,6,0.201085,0.191176,0.00990883,-0.000188158,0.0200058,1.05183,1.29395,0.0495757,2.53833,1.19442,2.2412,8.47379,0.0535163,,28,1.52122,0.128205,-0.555556,
bumpR,rest,flow,6,0,0,0,nan,nan,nan,nan,nan,nan,nan,nan,nan,nan,,18,nan,nan,0,
bumpR,rest,self,6,0,0,0,nan,nan,nan,nan,nan,nan,nan,nan,nan,nan,,18,nan,nan,0,1
bumpR,rest,shuffle,6,0,0,0,nan,nan,nan,nan,nan,nan,nan,nan,nan,nan,,18,nan,nan,0,
bumpR,rest,randmat,6,0,0,0,nan,nan,nan,nan,nan,nan,nan,nan,nan,nan,,18,nan,nan,0,
bumpR,rest,decorr,6,0,0,0,nan,nan,nan,nan,nan,nan,nan,nan,nan,nan,,18,nan,nan,0,
bumpR,rest,conf25,6,0,0,0,nan,nan,nan,nan,nan,nan,nan,nan,nan,nan,,18,nan,nan,0,
bumpR,rest,conf50,6,0,0,0,nan,nan,nan,nan,nan,nan,nan,nan,nan,nan,,18,nan,nan,0,
bumpR,rest,conf75,6,0,0,0,nan,nan,nan,nan,nan,nan,nan,nan,nan,nan,,18,nan,nan,0,
bumpR,flow,self,6,0,0,0,nan,nan,nan,nan,nan,nan,nan,nan,nan,nan,1,18,nan,nan,0,1
bumpR,flow,shuffle,6,0,0,0,nan,nan,nan,nan,nan,nan,nan,nan,nan,nan,,18,nan,nan,0,
bumpR,flow,randmat,6,0,0,0,nan,nan,nan,nan,nan,nan,nan,nan,nan,nan,,18,nan,nan,0,
bumpR,flow,decorr,6,0,0,0,nan,nan,nan,nan,nan,nan,nan,nan,nan,nan,,18,nan,nan,0,
bumpR,flow,conf25,6,0,0,0,nan,nan,nan,nan,nan,nan,nan,nan,nan,nan,,18,nan,nan,0,
bumpR,flow,conf50,6,0,0,0,nan,nan,nan,nan,nan,nan,nan,nan,nan,nan,,18,nan,nan,0,
bumpR,flow,conf75,6,0,0,0,nan,nan,nan,nan,nan,nan,nan,nan,nan,nan,,18,nan,nan,0,
bumpR,self,shuffle,6,0,0,0,nan,nan,nan,nan,nan,nan,nan,nan,nan,nan,1,18,nan,nan,0,1
bumpR,self,randmat,6,0,0,0,nan,nan,nan,nan,nan,nan,nan,nan,nan,nan,,18,nan,nan,0,1
bumpR,self,decorr,6,0,0,0,nan,nan,nan,nan,nan,nan,nan,nan,nan,nan,1,18,nan,nan,0,1
bumpR,self,conf25,6,0,0,0,nan,nan,nan,nan,nan,nan,nan,nan,nan,nan,,18,nan,nan,0,1
bumpR,self,conf50,6,0,0,0,nan,nan,nan,nan,nan,nan,nan,nan,nan,nan,,18,nan,nan,0,1
bumpR,self,conf75,6,0,0,0,nan,nan,nan,nan,nan,nan,nan,nan,nan,nan,,18,nan,nan,0,1
bumpR,shuffle,randmat,6,0,0,0,nan,nan,nan,nan,nan,nan,nan,nan,nan,nan,,18,nan,nan,0,
bumpR,shuffle,decorr,6,0,0,0,nan,nan,nan,nan,nan,nan,nan,nan,nan,nan,,18,nan,nan,0,
bumpR,shuffle,conf25,6,0,0,0,nan,nan,nan,nan,nan,nan,nan,nan,nan,nan,,18,nan,nan,0,
bumpR,shuffle,conf50,6,0,0,0,nan,nan,nan,nan,nan,nan,nan,nan,nan,nan,,18,nan,nan,0,
bumpR,shuffle,conf75,6,0,0,0,nan,nan,nan,nan,nan,nan,nan,nan,nan,nan,,18,nan,nan,0,
bumpR,randmat,decorr,6,0,0,0,nan,nan,nan,nan,nan,nan,nan,nan,nan,nan,,18,nan,nan,0,
bumpR,randmat,conf25,6,0,0,0,nan,nan,nan,nan,nan,nan,nan,nan,nan,nan,,18,nan,nan,0,
bumpR,randmat,conf50,6,0,0,0,nan,nan,nan,nan,nan,nan,nan,nan,nan,nan,,18,nan,nan,0,
bumpR,randmat,conf75,6,0,0,0,nan,nan,nan,nan,nan,nan,nan,nan,nan,nan,,18,nan,nan,0,
bumpR,decorr,conf25,6,0,0,0,nan,nan,nan,nan,nan,nan,nan,nan,nan,nan,,18,nan,nan,0,
bumpR,decorr,conf50,6,0,0,0,nan,nan,nan,nan,nan,nan,nan,nan,nan,nan,,18,nan,nan,0,
bumpR,decorr,conf75,6,0,0,0,nan,nan,nan,nan,nan,nan,nan,nan,nan,nan,,18,nan,nan,0,
bumpR,conf25,conf50,6,0,0,0,nan,nan,nan,nan,nan,nan,nan,nan,nan,nan,,18,nan,nan,0,
bumpR,conf25,conf75,6,0,0,0,nan,nan,nan,nan,nan,nan,nan,nan,nan,nan,,18,nan,nan,0,
bumpR,conf50,conf75,6,0,0,0,nan,nan,nan,nan,nan,nan,nan,nan,nan,nan,,18,nan,nan,0,
anat_gain_integral,rest,flow,6,0,0,0,nan,nan,nan,nan,nan,nan,nan,nan,nan,nan,,18,nan,nan,0,
anat_gain_integral,rest,self,6,0,0,0,nan,nan,nan,nan,nan,nan,nan,nan,nan,nan,,18,nan,nan,0,1
anat_gain_integral,rest,shuffle,6,0,0,0,nan,nan,nan,nan,nan,nan,nan,nan,nan,nan,,18,nan,nan,0,
anat_gain_integral,rest,randmat,6,0,0,0,nan,nan,nan,nan,nan,nan,nan,nan,nan,nan,,18,nan,nan,0,
anat_gain_integral,rest,decorr,6,0,0,0,nan,nan,nan,nan,nan,nan,nan,nan,nan,nan,,18,nan,nan,0,
anat_gain_integral,rest,conf25,6,0,0,0,nan,nan,nan,nan,nan,nan,nan,nan,nan,nan,,18,nan,nan,0,
anat_gain_integral,rest,conf50,6,0,0,0,nan,nan,nan,nan,nan,nan,nan,nan,nan,nan,,18,nan,nan,0,
anat_gain_integral,rest,conf75,6,0,0,0,nan,nan,nan,nan,nan,nan,nan,nan,nan,nan,,18,nan,nan,0,
anat_gain_integral,flow,self,6,0,0,0,nan,nan,nan,nan,nan,nan,nan,nan,nan,nan,1,18,nan,nan,0,1
anat_gain_integral,flow,shuffle,6,0,0,0,nan,nan,nan,nan,nan,nan,nan,nan,nan,nan,,18,nan,nan,0,
anat_gain_integral,flow,randmat,6,0,0,0,nan,nan,nan,nan,nan,nan,nan,nan,nan,nan,,18,nan,nan,0,
anat_gain_integral,flow,decorr,6,0,0,0,nan,nan,nan,nan,nan,nan,nan,nan,nan,nan,,18,nan,nan,0,
anat_gain_integral,flow,conf25,6,0,0,0,nan,nan,nan,nan,nan,nan,nan,nan,nan,nan,,18,nan,nan,0,
anat_gain_integral,flow,conf50,6,0,0,0,nan,nan,nan,nan,nan,nan,nan,nan,nan,nan,,18,nan,nan,0,
anat_gain_integral,flow,conf75,6,0,0,0,nan,nan,nan,nan,nan,nan,nan,nan,nan,nan,,18,nan,nan,0,
anat_gain_integral,self,shuffle,6,0,0,0,nan,nan,nan,nan,nan,nan,nan,nan,nan,nan,1,18,nan,nan,0,1
anat_gain_integral,self,randmat,6,0,0,0,nan,nan,nan,nan,nan,nan,nan,nan,nan,nan,,18,nan,nan,0,1
anat_gain_integral,self,decorr,6,0,0,0,nan,nan,nan,nan,nan,nan,nan,nan,nan,nan,1,18,nan,nan,0,1
anat_gain_integral,self,conf25,6,0,0,0,nan,nan,nan,nan,nan,nan,nan,nan,nan,nan,,18,nan,nan,0,1
anat_gain_integral,self,conf50,6,0,0,0,nan,nan,nan,nan,nan,nan,nan,nan,nan,nan,,18,nan,nan,0,1
anat_gain_integral,self,conf75,6,0,0,0,nan,nan,nan,nan,nan,nan,nan,nan,nan,nan,,18,nan,nan,0,1
anat_gain_integral,shuffle,randmat,6,0,0,0,nan,nan,nan,nan,nan,nan,nan,nan,nan,nan,,18,nan,nan,0,
anat_gain_integral,shuffle,decorr,6,0,0,0,nan,nan,nan,nan,nan,nan,nan,nan,nan,nan,,18,nan,nan,0,
anat_gain_integral,shuffle,conf25,6,0,0,0,nan,nan,nan,nan,nan,nan,nan,nan,nan,nan,,18,nan,nan,0,
anat_gain_integral,shuffle,conf50,6,0,0,0,nan,nan,nan,nan,nan,nan,nan,nan,nan,nan,,18,nan,nan,0,
anat_gain_integral,shuffle,conf75,6,0,0,0,nan,nan,nan,nan,nan,nan,nan,nan,nan,nan,,18,nan,nan,0,
anat_gain_integral,randmat,decorr,6,0,0,0,nan,nan,nan,nan,nan,nan,nan,nan,nan,nan,,18,nan,nan,0,
anat_gain_integral,randmat,conf25,6,0,0,0,nan,nan,nan,nan,nan,nan,nan,nan,nan,nan,,18,nan,nan,0,
anat_gain_integral,randmat,conf50,6,0,0,0,nan,nan,nan,nan,nan,nan,nan,nan,nan,nan,,18,nan,nan,0,
anat_gain_integral,randmat,conf75,6,0,0,0,nan,nan,nan,nan,nan,nan,nan,nan,nan,nan,,18,nan,nan,0,
anat_gain_integral,decorr,conf25,6,0,0,0,nan,nan,nan,nan,nan,nan,nan,nan,nan,nan,,18,nan,nan,0,
anat_gain_integral,decorr,conf50,6,0,0,0,nan,nan,nan,nan,nan,nan,nan,nan,nan,nan,,18,nan,nan,0,
anat_gain_integral,decorr,conf75,6,0,0,0,nan,nan,nan,nan,nan,nan,nan,nan,nan,nan,,18,nan,nan,0,
anat_gain_integral,conf25,conf50,6,0,0,0,nan,nan,nan,nan,nan,nan,nan,nan,nan,nan,,18,nan,nan,0,
anat_gain_integral,conf25,conf75,6,0,0,0,nan,nan,nan,nan,nan,nan,nan,nan,nan,nan,,18,nan,nan,0,
anat_gain_integral,conf50,conf75,6,0,0,0,nan,nan,nan,nan,nan,nan,nan,nan,nan,nan,,18,nan,nan,0,
anat_gain_yaw,rest,flow,6,0,0,0,nan,nan,nan,nan,nan,nan,nan,nan,nan,nan,,18,nan,nan,0,
anat_gain_yaw,rest,self,6,0,0,0,nan,nan,nan,nan,nan,nan,nan,nan,nan,nan,,18,nan,nan,0,1
anat_gain_yaw,rest,shuffle,6,0,0,0,nan,nan,nan,nan,nan,nan,nan,nan,nan,nan,,18,nan,nan,0,
anat_gain_yaw,rest,randmat,6,0,0,0,nan,nan,nan,nan,nan,nan,nan,nan,nan,nan,,18,nan,nan,0,
anat_gain_yaw,rest,decorr,6,0,0,0,nan,nan,nan,nan,nan,nan,nan,nan,nan,nan,,18,nan,nan,0,
anat_gain_yaw,rest,conf25,6,0,0,0,nan,nan,nan,nan,nan,nan,nan,nan,nan,nan,,18,nan,nan,0,
anat_gain_yaw,rest,conf50,6,0,0,0,nan,nan,nan,nan,nan,nan,nan,nan,nan,nan,,18,nan,nan,0,
anat_gain_yaw,rest,conf75,6,0,0,0,nan,nan,nan,nan,nan,nan,nan,nan,nan,nan,,18,nan,nan,0,
anat_gain_yaw,flow,self,6,0,0,0,nan,nan,nan,nan,nan,nan,nan,nan,nan,nan,1,18,nan,nan,0,1
anat_gain_yaw,flow,shuffle,6,0,0,0,nan,nan,nan,nan,nan,nan,nan,nan,nan,nan,,18,nan,nan,0,
anat_gain_yaw,flow,randmat,6,0,0,0,nan,nan,nan,nan,nan,nan,nan,nan,nan,nan,,18,nan,nan,0,
anat_gain_yaw,flow,decorr,6,0,0,0,nan,nan,nan,nan,nan,nan,nan,nan,nan,nan,,18,nan,nan,0,
anat_gain_yaw,flow,conf25,6,0,0,0,nan,nan,nan,nan,nan,nan,nan,nan,nan,nan,,18,nan,nan,0,
anat_gain_yaw,flow,conf50,6,0,0,0,nan,nan,nan,nan,nan,nan,nan,nan,nan,nan,,18,nan,nan,0,
anat_gain_yaw,flow,conf75,6,0,0,0,nan,nan,nan,nan,nan,nan,nan,nan,nan,nan,,18,nan,nan,0,
anat_gain_yaw,self,shuffle,6,0,0,0,nan,nan,nan,nan,nan,nan,nan,nan,nan,nan,1,18,nan,nan,0,1
anat_gain_yaw,self,randmat,6,0,0,0,nan,nan,nan,nan,nan,nan,nan,nan,nan,nan,,18,nan,nan,0,1
anat_gain_yaw,self,decorr,6,0,0,0,nan,nan,nan,nan,nan,nan,nan,nan,nan,nan,1,18,nan,nan,0,1
anat_gain_yaw,self,conf25,6,0,0,0,nan,nan,nan,nan,nan,nan,nan,nan,nan,nan,,18,nan,nan,0,1
anat_gain_yaw,self,conf50,6,0,0,0,nan,nan,nan,nan,nan,nan,nan,nan,nan,nan,,18,nan,nan,0,1
anat_gain_yaw,self,conf75,6,0,0,0,nan,nan,nan,nan,nan,nan,nan,nan,nan,nan,,18,nan,nan,0,1
anat_gain_yaw,shuffle,randmat,6,0,0,0,nan,nan,nan,nan,nan,nan,nan,nan,nan,nan,,18,nan,nan,0,
anat_gain_yaw,shuffle,decorr,6,0,0,0,nan,nan,nan,nan,nan,nan,nan,nan,nan,nan,,18,nan,nan,0,
anat_gain_yaw,shuffle,conf25,6,0,0,0,nan,nan,nan,nan,nan,nan,nan,nan,nan,nan,,18,nan,nan,0,
anat_gain_yaw,shuffle,conf50,6,0,0,0,nan,nan,nan,nan,nan,nan,nan,nan,nan,nan,,18,nan,nan,0,
anat_gain_yaw,shuffle,conf75,6,0,0,0,nan,nan,nan,nan,nan,nan,nan,nan,nan,nan,,18,nan,nan,0,
anat_gain_yaw,randmat,decorr,6,0,0,0,nan,nan,nan,nan,nan,nan,nan,nan,nan,nan,,18,nan,nan,0,
anat_gain_yaw,randmat,conf25,6,0,0,0,nan,nan,nan,nan,nan,nan,nan,nan,nan,nan,,18,nan,nan,0,
anat_gain_yaw,randmat,conf50,6,0,0,0,nan,nan,nan,nan,nan,nan,nan,nan,nan,nan,,18,nan,nan,0,
anat_gain_yaw,randmat,conf75,6,0,0,0,nan,nan,nan,nan,nan,nan,nan,nan,nan,nan,,18,nan,nan,0,
anat_gain_yaw,decorr,conf25,6,0,0,0,nan,nan,nan,nan,nan,nan,nan,nan,nan,nan,,18,nan,nan,0,
anat_gain_yaw,decorr,conf50,6,0,0,0,nan,nan,nan,nan,nan,nan,nan,nan,nan,nan,,18,nan,nan,0,
anat_gain_yaw,decorr,conf75,6,0,0,0,nan,nan,nan,nan,nan,nan,nan,nan,nan,nan,,18,nan,nan,0,
anat_gain_yaw,conf25,conf50,6,0,0,0,nan,nan,nan,nan,nan,nan,nan,nan,nan,nan,,18,nan,nan,0,
anat_gain_yaw,conf25,conf75,6,0,0,0,nan,nan,nan,nan,nan,nan,nan,nan,nan,nan,,18,nan,nan,0,
anat_gain_yaw,conf50,conf75,6,0,0,0,nan,nan,nan,nan,nan,nan,nan,nan,nan,nan,,18,nan,nan,0,
turned_deg,rest,flow,6,0,-60.8036,60.8036,60.6528,60.9544,-0,598.446,359.02,837.873,552.412,1036.54,5,1.58624e-14,,36,2.99124,0.00277843,-1,
turned_deg,rest,self,6,0,-60.8036,60.8036,60.6528,60.9544,-0,598.446,359.02,837.873,552.412,1036.54,5,1.58624e-14,,36,2.99124,0.00277843,-1,0.00274931
turned_deg,rest,shuffle,6,0,-60.8036,60.8036,60.6528,60.9544,-0,598.446,359.02,837.873,552.412,1036.54,5,1.58624e-14,,36,2.99124,0.00277843,-1,
turned_deg,rest,randmat,6,0,-60.8036,60.8036,60.6528,60.9544,-0,598.446,359.02,837.873,552.412,1036.54,5,1.58624e-14,,36,2.99124,0.00277843,-1,
turned_deg,rest,decorr,6,0,-60.8036,60.8036,60.6528,60.9544,-0,598.446,359.02,837.873,552.412,1036.54,5,1.58624e-14,,36,2.99124,0.00277843,-1,
turned_deg,rest,conf25,6,0,-60.8036,60.8036,60.6528,60.9544,-0,598.446,359.02,837.873,552.412,1036.54,5,1.58624e-14,,36,2.99124,0.00277843,-1,
turned_deg,rest,conf50,6,0,-60.8036,60.8036,60.6528,60.9544,-0,598.446,359.02,837.873,552.412,1036.54,5,1.58624e-14,,36,2.99124,0.00277843,-1,
turned_deg,rest,conf75,6,0,-60.8036,60.8036,60.6528,60.9544,-0,598.446,359.02,837.873,552.412,1036.54,5,1.58624e-14,,36,2.99124,0.00277843,-1,
turned_deg,flow,self,6,-60.8036,-60.8036,0,-0.184842,0.184842,1,0,-1.13159,1.13159,0,0,10,1,1,18,-0.0809174,0.935508,0,1
turned_deg,flow,shuffle,6,-60.8036,-60.8036,0,-0.184842,0.184842,1,0,-1.13159,1.13159,0,0,10,1,,18,-0.0809174,0.935508,0,
turned_deg,flow,randmat,6,-60.8036,-60.8036,0,-0.184842,0.184842,1,0,-1.13159,1.13159,0,0,10,1,,18,-0.0809174,0.935508,0,
turned_deg,flow,decorr,6,-60.8036,-60.8036,0,-0.184842,0.184842,1,0,-1.13159,1.13159,0,0,10,1,,18,-0.0809174,0.935508,0,
turned_deg,flow,conf25,6,-60.8036,-60.8036,0,-0.184842,0.184842,1,0,-1.13159,1.13159,0,0,10,1,,18,-0.0809174,0.935508,0,
turned_deg,flow,conf50,6,-60.8036,-60.8036,0,-0.184842,0.184842,1,0,-1.13159,1.13159,0,0,10,1,,18,-0.0809174,0.935508,0,
turned_deg,flow,conf75,6,-60.8036,-60.8036,0,-0.184842,0.184842,1,0,-1.13159,1.13159,0,0,10,1,,18,-0.0809174,0.935508,0,
turned_deg,self,shuffle,6,-60.8036,-60.8036,0,-0.184842,0.184842,1,0,-1.13159,1.13159,0,0,10,1,1,18,-0.0809174,0.935508,0,1
turned_deg,self,randmat,6,-60.8036,-60.8036,0,-0.184842,0.184842,1,0,-1.13159,1.13159,0,0,10,1,,18,-0.0809174,0.935508,0,1
turned_deg,self,decorr,6,-60.8036,-60.8036,0,-0.184842,0.184842,1,0,-1.13159,1.13159,0,0,10,1,1,18,-0.0809174,0.935508,0,1
turned_deg,self,conf25,6,-60.8036,-60.8036,0,-0.184842,0.184842,1,0,-1.13159,1.13159,0,0,10,1,,18,-0.0809174,0.935508,0,1
turned_deg,self,conf50,6,-60.8036,-60.8036,0,-0.184842,0.184842,1,0,-1.13159,1.13159,0,0,10,1,,18,-0.0809174,0.935508,0,1
turned_deg,self,conf75,6,-60.8036,-60.8036,0,-0.184842,0.184842,1,0,-1.13159,1.13159,0,0,10,1,,18,-0.0809174,0.935508,0,1
turned_deg,shuffle,randmat,6,-60.8036,-60.8036,0,-0.184842,0.184842,1,0,-1.13159,1.13159,0,0,10,1,,18,-0.0809174,0.935508,0,
turned_deg,shuffle,decorr,6,-60.8036,-60.8036,0,-0.184842,0.184842,1,0,-1.13159,1.13159,0,0,10,1,,18,-0.0809174,0.935508,0,
turned_deg,shuffle,conf25,6,-60.8036,-60.8036,0,-0.184842,0.184842,1,0,-1.13159,1.13159,0,0,10,1,,18,-0.0809174,0.935508,0,
turned_deg,shuffle,conf50,6,-60.8036,-60.8036,0,-0.184842,0.184842,1,0,-1.13159,1.13159,0,0,10,1,,18,-0.0809174,0.935508,0,
turned_deg,shuffle,conf75,6,-60.8036,-60.8036,0,-0.184842,0.184842,1,0,-1.13159,1.13159,0,0,10,1,,18,-0.0809174,0.935508,0,
turned_deg,randmat,decorr,6,-60.8036,-60.8036,0,-0.184842,0.184842,1,0,-1.13159,1.13159,0,0,10,1,,18,-0.0809174,0.935508,0,
turned_deg,randmat,conf25,6,-60.8036,-60.8036,0,-0.184842,0.184842,1,0,-1.13159,1.13159,0,0,10,1,,18,-0.0809174,0.935508,0,
turned_deg,randmat,conf50,6,-60.8036,-60.8036,0,-0.184842,0.184842,1,0,-1.13159,1.13159,0,0,10,1,,18,-0.0809174,0.935508,0,
turned_deg,randmat,conf75,6,-60.8036,-60.8036,0,-0.184842,0.184842,1,0,-1.13159,1.13159,0,0,10,1,,18,-0.0809174,0.935508,0,
turned_deg,decorr,conf25,6,-60.8036,-60.8036,0,-0.184842,0.184842,1,0,-1.13159,1.13159,0,0,10,1,,18,-0.0809174,0.935508,0,
turned_deg,decorr,conf50,6,-60.8036,-60.8036,0,-0.184842,0.184842,1,0,-1.13159,1.13159,0,0,10,1,,18,-0.0809174,0.935508,0,
turned_deg,decorr,conf75,6,-60.8036,-60.8036,0,-0.184842,0.184842,1,0,-1.13159,1.13159,0,0,10,1,,18,-0.0809174,0.935508,0,
turned_deg,conf25,conf50,6,-60.8036,-60.8036,0,-0.184842,0.184842,1,0,-1.13159,1.13159,0,0,10,1,,18,-0.0809174,0.935508,0,
turned_deg,conf25,conf75,6,-60.8036,-60.8036,0,-0.184842,0.184842,1,0,-1.13159,1.13159,0,0,10,1,,18,-0.0809174,0.935508,0,
turned_deg,conf50,conf75,6,-60.8036,-60.8036,0,-0.184842,0.184842,1,0,-1.13159,1.13159,0,0,10,1,,18,-0.0809174,0.935508,0,
ring_pc12_var,rest,flow,6,0,0,0,nan,nan,nan,nan,nan,nan,nan,nan,nan,nan,,18,nan,nan,0,
ring_pc12_var,rest,self,6,0,0,0,nan,nan,nan,nan,nan,nan,nan,nan,nan,nan,,18,nan,nan,0,1
ring_pc12_var,rest,shuffle,6,0,0,0,nan,nan,nan,nan,nan,nan,nan,nan,nan,nan,,18,nan,nan,0,
ring_pc12_var,rest,randmat,6,0,0,0,nan,nan,nan,nan,nan,nan,nan,nan,nan,nan,,18,nan,nan,0,
ring_pc12_var,rest,decorr,6,0,0,0,nan,nan,nan,nan,nan,nan,nan,nan,nan,nan,,18,nan,nan,0,
ring_pc12_var,rest,conf25,6,0,0,0,nan,nan,nan,nan,nan,nan,nan,nan,nan,nan,,18,nan,nan,0,
ring_pc12_var,rest,conf50,6,0,0,0,nan,nan,nan,nan,nan,nan,nan,nan,nan,nan,,18,nan,nan,0,
ring_pc12_var,rest,conf75,6,0,0,0,nan,nan,nan,nan,nan,nan,nan,nan,nan,nan,,18,nan,nan,0,
ring_pc12_var,flow,self,6,0,0,0,nan,nan,nan,nan,nan,nan,nan,nan,nan,nan,1,18,nan,nan,0,1
ring_pc12_var,flow,shuffle,6,0,0,0,nan,nan,nan,nan,nan,nan,nan,nan,nan,nan,,18,nan,nan,0,
ring_pc12_var,flow,randmat,6,0,0,0,nan,nan,nan,nan,nan,nan,nan,nan,nan,nan,,18,nan,nan,0,
ring_pc12_var,flow,decorr,6,0,0,0,nan,nan,nan,nan,nan,nan,nan,nan,nan,nan,,18,nan,nan,0,
ring_pc12_var,flow,conf25,6,0,0,0,nan,nan,nan,nan,nan,nan,nan,nan,nan,nan,,18,nan,nan,0,
ring_pc12_var,flow,conf50,6,0,0,0,nan,nan,nan,nan,nan,nan,nan,nan,nan,nan,,18,nan,nan,0,
ring_pc12_var,flow,conf75,6,0,0,0,nan,nan,nan,nan,nan,nan,nan,nan,nan,nan,,18,nan,nan,0,
ring_pc12_var,self,shuffle,6,0,0,0,nan,nan,nan,nan,nan,nan,nan,nan,nan,nan,1,18,nan,nan,0,1
ring_pc12_var,self,randmat,6,0,0,0,nan,nan,nan,nan,nan,nan,nan,nan,nan,nan,,18,nan,nan,0,1
ring_pc12_var,self,decorr,6,0,0,0,nan,nan,nan,nan,nan,nan,nan,nan,nan,nan,1,18,nan,nan,0,1
ring_pc12_var,self,conf25,6,0,0,0,nan,nan,nan,nan,nan,nan,nan,nan,nan,nan,,18,nan,nan,0,1
ring_pc12_var,self,conf50,6,0,0,0,nan,nan,nan,nan,nan,nan,nan,nan,nan,nan,,18,nan,nan,0,1
ring_pc12_var,self,conf75,6,0,0,0,nan,nan,nan,nan,nan,nan,nan,nan,nan,nan,,18,nan,nan,0,1
ring_pc12_var,shuffle,randmat,6,0,0,0,nan,nan,nan,nan,nan,nan,nan,nan,nan,nan,,18,nan,nan,0,
ring_pc12_var,shuffle,decorr,6,0,0,0,nan,nan,nan,nan,nan,nan,nan,nan,nan,nan,,18,nan,nan,0,
ring_pc12_var,shuffle,conf25,6,0,0,0,nan,nan,nan,nan,nan,nan,nan,nan,nan,nan,,18,nan,nan,0,
ring_pc12_var,shuffle,conf50,6,0,0,0,nan,nan,nan,nan,nan,nan,nan,nan,nan,nan,,18,nan,nan,0,
ring_pc12_var,shuffle,conf75,6,0,0,0,nan,nan,nan,nan,nan,nan,nan,nan,nan,nan,,18,nan,nan,0,
ring_pc12_var,randmat,decorr,6,0,0,0,nan,nan,nan,nan,nan,nan,nan,nan,nan,nan,,18,nan,nan,0,
ring_pc12_var,randmat,conf25,6,0,0,0,nan,nan,nan,nan,nan,nan,nan,nan,nan,nan,,18,nan,nan,0,
ring_pc12_var,randmat,conf50,6,0,0,0,nan,nan,nan,nan,nan,nan,nan,nan,nan,nan,,18,nan,nan,0,
ring_pc12_var,randmat,conf75,6,0,0,0,nan,nan,nan,nan,nan,nan,nan,nan,nan,nan,,18,nan,nan,0,
ring_pc12_var,decorr,conf25,6,0,0,0,nan,nan,nan,nan,nan,nan,nan,nan,nan,nan,,18,nan,nan,0,
ring_pc12_var,decorr,conf50,6,0,0,0,nan,nan,nan,nan,nan,nan,nan,nan,nan,nan,,18,nan,nan,0,
ring_pc12_var,decorr,conf75,6,0,0,0,nan,nan,nan,nan,nan,nan,nan,nan,nan,nan,,18,nan,nan,0,
ring_pc12_var,conf25,conf50,6,0,0,0,nan,nan,nan,nan,nan,nan,nan,nan,nan,nan,,18,nan,nan,0,
ring_pc12_var,conf25,conf75,6,0,0,0,nan,nan,nan,nan,nan,nan,nan,nan,nan,nan,,18,nan,nan,0,
ring_pc12_var,conf50,conf75,6,0,0,0,nan,nan,nan,nan,nan,nan,nan,nan,nan,nan,,18,nan,nan,0,
ring_loop,rest,flow,6,1,1,0,nan,nan,1,nan,nan,nan,nan,nan,nan,nan,,18,nan,nan,0,
ring_loop,rest,self,6,1,1,0,nan,nan,1,nan,nan,nan,nan,nan,nan,nan,,18,nan,nan,0,1
ring_loop,rest,shuffle,6,1,1,0,nan,nan,1,nan,nan,nan,nan,nan,nan,nan,,18,nan,nan,0,
ring_loop,rest,randmat,6,1,1,0,nan,nan,1,nan,nan,nan,nan,nan,nan,nan,,18,nan,nan,0,
ring_loop,rest,decorr,6,1,1,0,nan,nan,1,nan,nan,nan,nan,nan,nan,nan,,18,nan,nan,0,
ring_loop,rest,conf25,6,1,1,0,nan,nan,1,nan,nan,nan,nan,nan,nan,nan,,18,nan,nan,0,
ring_loop,rest,conf50,6,1,1,0,nan,nan,1,nan,nan,nan,nan,nan,nan,nan,,18,nan,nan,0,
ring_loop,rest,conf75,6,1,1,0,nan,nan,1,nan,nan,nan,nan,nan,nan,nan,,18,nan,nan,0,
ring_loop,flow,self,6,1,1,0,nan,nan,1,nan,nan,nan,nan,nan,nan,nan,1,18,nan,nan,0,1
ring_loop,flow,shuffle,6,1,1,0,nan,nan,1,nan,nan,nan,nan,nan,nan,nan,,18,nan,nan,0,
ring_loop,flow,randmat,6,1,1,0,nan,nan,1,nan,nan,nan,nan,nan,nan,nan,,18,nan,nan,0,
ring_loop,flow,decorr,6,1,1,0,nan,nan,1,nan,nan,nan,nan,nan,nan,nan,,18,nan,nan,0,
ring_loop,flow,conf25,6,1,1,0,nan,nan,1,nan,nan,nan,nan,nan,nan,nan,,18,nan,nan,0,
ring_loop,flow,conf50,6,1,1,0,nan,nan,1,nan,nan,nan,nan,nan,nan,nan,,18,nan,nan,0,
ring_loop,flow,conf75,6,1,1,0,nan,nan,1,nan,nan,nan,nan,nan,nan,nan,,18,nan,nan,0,
ring_loop,self,shuffle,6,1,1,0,nan,nan,1,nan,nan,nan,nan,nan,nan,nan,1,18,nan,nan,0,1
ring_loop,self,randmat,6,1,1,0,nan,nan,1,nan,nan,nan,nan,nan,nan,nan,,18,nan,nan,0,1
ring_loop,self,decorr,6,1,1,0,nan,nan,1,nan,nan,nan,nan,nan,nan,nan,1,18,nan,nan,0,1
ring_loop,self,conf25,6,1,1,0,nan,nan,1,nan,nan,nan,nan,nan,nan,nan,,18,nan,nan,0,1
ring_loop,self,conf50,6,1,1,0,nan,nan,1,nan,nan,nan,nan,nan,nan,nan,,18,nan,nan,0,1
ring_loop,self,conf75,6,1,1,0,nan,nan,1,nan,nan,nan,nan,nan,nan,nan,,18,nan,nan,0,1
ring_loop,shuffle,randmat,6,1,1,0,nan,nan,1,nan,nan,nan,nan,nan,nan,nan,,18,nan,nan,0,
ring_loop,shuffle,decorr,6,1,1,0,nan,nan,1,nan,nan,nan,nan,nan,nan,nan,,18,nan,nan,0,
ring_loop,shuffle,conf25,6,1,1,0,nan,nan,1,nan,nan,nan,nan,nan,nan,nan,,18,nan,nan,0,
ring_loop,shuffle,conf50,6,1,1,0,nan,nan,1,nan,nan,nan,nan,nan,nan,nan,,18,nan,nan,0,
ring_loop,shuffle,conf75,6,1,1,0,nan,nan,1,nan,nan,nan,nan,nan,nan,nan,,18,nan,nan,0,
ring_loop,randmat,decorr,6,1,1,0,nan,nan,1,nan,nan,nan,nan,nan,nan,nan,,18,nan,nan,0,
ring_loop,randmat,conf25,6,1,1,0,nan,nan,1,nan,nan,nan,nan,nan,nan,nan,,18,nan,nan,0,
ring_loop,randmat,conf50,6,1,1,0,nan,nan,1,nan,nan,nan,nan,nan,nan,nan,,18,nan,nan,0,
ring_loop,randmat,conf75,6,1,1,0,nan,nan,1,nan,nan,nan,nan,nan,nan,nan,,18,nan,nan,0,
ring_loop,decorr,conf25,6,1,1,0,nan,nan,1,nan,nan,nan,nan,nan,nan,nan,,18,nan,nan,0,
ring_loop,decorr,conf50,6,1,1,0,nan,nan,1,nan,nan,nan,nan,nan,nan,nan,,18,nan,nan,0,
ring_loop,decorr,conf75,6,1,1,0,nan,nan,1,nan,nan,nan,nan,nan,nan,nan,,18,nan,nan,0,
ring_loop,conf25,conf50,6,1,1,0,nan,nan,1,nan,nan,nan,nan,nan,nan,nan,,18,nan,nan,0,
ring_loop,conf25,conf75,6,1,1,0,nan,nan,1,nan,nan,nan,nan,nan,nan,nan,,18,nan,nan,0,
ring_loop,conf50,conf75,6,1,1,0,nan,nan,1,nan,nan,nan,nan,nan,nan,nan,,18,nan,nan,0,
ring_track_gain_yaw,rest,flow,6,0,0,0,nan,nan,nan,nan,nan,nan,nan,nan,nan,nan,,18,nan,nan,0,
ring_track_gain_yaw,rest,self,6,0,0,0,nan,nan,nan,nan,nan,nan,nan,nan,nan,nan,,18,nan,nan,0,1
ring_track_gain_yaw,rest,shuffle,6,0,0,0,nan,nan,nan,nan,nan,nan,nan,nan,nan,nan,,18,nan,nan,0,
ring_track_gain_yaw,rest,randmat,6,0,0,0,nan,nan,nan,nan,nan,nan,nan,nan,nan,nan,,18,nan,nan,0,
ring_track_gain_yaw,rest,decorr,6,0,0,0,nan,nan,nan,nan,nan,nan,nan,nan,nan,nan,,18,nan,nan,0,
ring_track_gain_yaw,rest,conf25,6,0,0,0,nan,nan,nan,nan,nan,nan,nan,nan,nan,nan,,18,nan,nan,0,
ring_track_gain_yaw,rest,conf50,6,0,0,0,nan,nan,nan,nan,nan,nan,nan,nan,nan,nan,,18,nan,nan,0,
ring_track_gain_yaw,rest,conf75,6,0,0,0,nan,nan,nan,nan,nan,nan,nan,nan,nan,nan,,18,nan,nan,0,
ring_track_gain_yaw,flow,self,6,0,0,0,nan,nan,nan,nan,nan,nan,nan,nan,nan,nan,1,18,nan,nan,0,1
ring_track_gain_yaw,flow,shuffle,6,0,0,0,nan,nan,nan,nan,nan,nan,nan,nan,nan,nan,,18,nan,nan,0,
ring_track_gain_yaw,flow,randmat,6,0,0,0,nan,nan,nan,nan,nan,nan,nan,nan,nan,nan,,18,nan,nan,0,
ring_track_gain_yaw,flow,decorr,6,0,0,0,nan,nan,nan,nan,nan,nan,nan,nan,nan,nan,,18,nan,nan,0,
ring_track_gain_yaw,flow,conf25,6,0,0,0,nan,nan,nan,nan,nan,nan,nan,nan,nan,nan,,18,nan,nan,0,
ring_track_gain_yaw,flow,conf50,6,0,0,0,nan,nan,nan,nan,nan,nan,nan,nan,nan,nan,,18,nan,nan,0,
ring_track_gain_yaw,flow,conf75,6,0,0,0,nan,nan,nan,nan,nan,nan,nan,nan,nan,nan,,18,nan,nan,0,
ring_track_gain_yaw,self,shuffle,6,0,0,0,nan,nan,nan,nan,nan,nan,nan,nan,nan,nan,1,18,nan,nan,0,1
ring_track_gain_yaw,self,randmat,6,0,0,0,nan,nan,nan,nan,nan,nan,nan,nan,nan,nan,,18,nan,nan,0,1
ring_track_gain_yaw,self,decorr,6,0,0,0,nan,nan,nan,nan,nan,nan,nan,nan,nan,nan,1,18,nan,nan,0,1
ring_track_gain_yaw,self,conf25,6,0,0,0,nan,nan,nan,nan,nan,nan,nan,nan,nan,nan,,18,nan,nan,0,1
ring_track_gain_yaw,self,conf50,6,0,0,0,nan,nan,nan,nan,nan,nan,nan,nan,nan,nan,,18,nan,nan,0,1
ring_track_gain_yaw,self,conf75,6,0,0,0,nan,nan,nan,nan,nan,nan,nan,nan,nan,nan,,18,nan,nan,0,1
ring_track_gain_yaw,shuffle,randmat,6,0,0,0,nan,nan,nan,nan,nan,nan,nan,nan,nan,nan,,18,nan,nan,0,
ring_track_gain_yaw,shuffle,decorr,6,0,0,0,nan,nan,nan,nan,nan,nan,nan,nan,nan,nan,,18,nan,nan,0,
ring_track_gain_yaw,shuffle,conf25,6,0,0,0,nan,nan,nan,nan,nan,nan,nan,nan,nan,nan,,18,nan,nan,0,
ring_track_gain_yaw,shuffle,conf50,6,0,0,0,nan,nan,nan,nan,nan,nan,nan,nan,nan,nan,,18,nan,nan,0,
ring_track_gain_yaw,shuffle,conf75,6,0,0,0,nan,nan,nan,nan,nan,nan,nan,nan,nan,nan,,18,nan,nan,0,
ring_track_gain_yaw,randmat,decorr,6,0,0,0,nan,nan,nan,nan,nan,nan,nan,nan,nan,nan,,18,nan,nan,0,
ring_track_gain_yaw,randmat,conf25,6,0,0,0,nan,nan,nan,nan,nan,nan,nan,nan,nan,nan,,18,nan,nan,0,
ring_track_gain_yaw,randmat,conf50,6,0,0,0,nan,nan,nan,nan,nan,nan,nan,nan,nan,nan,,18,nan,nan,0,
ring_track_gain_yaw,randmat,conf75,6,0,0,0,nan,nan,nan,nan,nan,nan,nan,nan,nan,nan,,18,nan,nan,0,
ring_track_gain_yaw,decorr,conf25,6,0,0,0,nan,nan,nan,nan,nan,nan,nan,nan,nan,nan,,18,nan,nan,0,
ring_track_gain_yaw,decorr,conf50,6,0,0,0,nan,nan,nan,nan,nan,nan,nan,nan,nan,nan,,18,nan,nan,0,
ring_track_gain_yaw,decorr,conf75,6,0,0,0,nan,nan,nan,nan,nan,nan,nan,nan,nan,nan,,18,nan,nan,0,
ring_track_gain_yaw,conf25,conf50,6,0,0,0,nan,nan,nan,nan,nan,nan,nan,nan,nan,nan,,18,nan,nan,0,
ring_track_gain_yaw,conf25,conf75,6,0,0,0,nan,nan,nan,nan,nan,nan,nan,nan,nan,nan,,18,nan,nan,0,
ring_track_gain_yaw,conf50,conf75,6,0,0,0,nan,nan,nan,nan,nan,nan,nan,nan,nan,nan,,18,nan,nan,0,
ring_lag_yaw_deg,rest,flow,6,0,-20.512,20.512,19.4732,21.5509,-0,29.3037,17.5255,41.0819,27.0496,50.7555,5,5.61155e-08,,36,2.99124,0.00277843,-1,
ring_lag_yaw_deg,rest,self,6,0,-20.512,20.512,19.4732,21.5509,-0,29.3037,17.5255,41.0819,27.0496,50.7555,5,5.61155e-08,,36,2.99124,0.00277843,-1,0.00274931
ring_lag_yaw_deg,rest,shuffle,6,0,-20.512,20.512,19.4732,21.5509,-0,29.3037,17.5255,41.0819,27.0496,50.7555,5,5.61155e-08,,36,2.99124,0.00277843,-1,
ring_lag_yaw_deg,rest,randmat,6,0,-20.512,20.512,19.4732,21.5509,-0,29.3037,17.5255,41.0819,27.0496,50.7555,5,5.61155e-08,,36,2.99124,0.00277843,-1,
ring_lag_yaw_deg,rest,decorr,6,0,-20.512,20.512,19.4732,21.5509,-0,29.3037,17.5255,41.0819,27.0496,50.7555,5,5.61155e-08,,36,2.99124,0.00277843,-1,
ring_lag_yaw_deg,rest,conf25,6,0,-20.512,20.512,19.4732,21.5509,-0,29.3037,17.5255,41.0819,27.0496,50.7555,5,5.61155e-08,,36,2.99124,0.00277843,-1,
ring_lag_yaw_deg,rest,conf50,6,0,-20.512,20.512,19.4732,21.5509,-0,29.3037,17.5255,41.0819,27.0496,50.7555,5,5.61155e-08,,36,2.99124,0.00277843,-1,
ring_lag_yaw_deg,rest,conf75,6,0,-20.512,20.512,19.4732,21.5509,-0,29.3037,17.5255,41.0819,27.0496,50.7555,5,5.61155e-08,,36,2.99124,0.00277843,-1,
ring_lag_yaw_deg,flow,self,6,-20.512,-20.512,0,-1.27345,1.27345,1,0,-1.13159,1.13159,0,0,10,1,1,18,-0.0809174,0.935508,0,1
ring_lag_yaw_deg,flow,shuffle,6,-20.512,-20.512,0,-1.27345,1.27345,1,0,-1.13159,1.13159,0,0,10,1,,18,-0.0809174,0.935508,0,
ring_lag_yaw_deg,flow,randmat,6,-20.512,-20.512,0,-1.27345,1.27345,1,0,-1.13159,1.13159,0,0,10,1,,18,-0.0809174,0.935508,0,
ring_lag_yaw_deg,flow,decorr,6,-20.512,-20.512,0,-1.27345,1.27345,1,0,-1.13159,1.13159,0,0,10,1,,18,-0.0809174,0.935508,0,
ring_lag_yaw_deg,flow,conf25,6,-20.512,-20.512,0,-1.27345,1.27345,1,0,-1.13159,1.13159,0,0,10,1,,18,-0.0809174,0.935508,0,
ring_lag_yaw_deg,flow,conf50,6,-20.512,-20.512,0,-1.27345,1.27345,1,0,-1.13159,1.13159,0,0,10,1,,18,-0.0809174,0.935508,0,
ring_lag_yaw_deg,flow,conf75,6,-20.512,-20.512,0,-1.27345,1.27345,1,0,-1.13159,1.13159,0,0,10,1,,18,-0.0809174,0.935508,0,
ring_lag_yaw_deg,self,shuffle,6,-20.512,-20.512,0,-1.27345,1.27345,1,0,-1.13159,1.13159,0,0,10,1,1,18,-0.0809174,0.935508,0,1
ring_lag_yaw_deg,self,randmat,6,-20.512,-20.512,0,-1.27345,1.27345,1,0,-1.13159,1.13159,0,0,10,1,,18,-0.0809174,0.935508,0,1
ring_lag_yaw_deg,self,decorr,6,-20.512,-20.512,0,-1.27345,1.27345,1,0,-1.13159,1.13159,0,0,10,1,1,18,-0.0809174,0.935508,0,1
ring_lag_yaw_deg,self,conf25,6,-20.512,-20.512,0,-1.27345,1.27345,1,0,-1.13159,1.13159,0,0,10,1,,18,-0.0809174,0.935508,0,1
ring_lag_yaw_deg,self,conf50,6,-20.512,-20.512,0,-1.27345,1.27345,1,0,-1.13159,1.13159,0,0,10,1,,18,-0.0809174,0.935508,0,1
ring_lag_yaw_deg,self,conf75,6,-20.512,-20.512,0,-1.27345,1.27345,1,0,-1.13159,1.13159,0,0,10,1,,18,-0.0809174,0.935508,0,1
ring_lag_yaw_deg,shuffle,randmat,6,-20.512,-20.512,0,-1.27345,1.27345,1,0,-1.13159,1.13159,0,0,10,1,,18,-0.0809174,0.935508,0,
ring_lag_yaw_deg,shuffle,decorr,6,-20.512,-20.512,0,-1.27345,1.27345,1,0,-1.13159,1.13159,0,0,10,1,,18,-0.0809174,0.935508,0,
ring_lag_yaw_deg,shuffle,conf25,6,-20.512,-20.512,0,-1.27345,1.27345,1,0,-1.13159,1.13159,0,0,10,1,,18,-0.0809174,0.935508,0,
ring_lag_yaw_deg,shuffle,conf50,6,-20.512,-20.512,0,-1.27345,1.27345,1,0,-1.13159,1.13159,0,0,10,1,,18,-0.0809174,0.935508,0,
ring_lag_yaw_deg,shuffle,conf75,6,-20.512,-20.512,0,-1.27345,1.27345,1,0,-1.13159,1.13159,0,0,10,1,,18,-0.0809174,0.935508,0,
ring_lag_yaw_deg,randmat,decorr,6,-20.512,-20.512,0,-1.27345,1.27345,1,0,-1.13159,1.13159,0,0,10,1,,18,-0.0809174,0.935508,0,
ring_lag_yaw_deg,randmat,conf25,6,-20.512,-20.512,0,-1.27345,1.27345,1,0,-1.13159,1.13159,0,0,10,1,,18,-0.0809174,0.935508,0,
ring_lag_yaw_deg,randmat,conf50,6,-20.512,-20.512,0,-1.27345,1.27345,1,0,-1.13159,1.13159,0,0,10,1,,18,-0.0809174,0.935508,0,
ring_lag_yaw_deg,randmat,conf75,6,-20.512,-20.512,0,-1.27345,1.27345,1,0,-1.13159,1.13159,0,0,10,1,,18,-0.0809174,0.935508,0,
ring_lag_yaw_deg,decorr,conf25,6,-20.512,-20.512,0,-1.27345,1.27345,1,0,-1.13159,1.13159,0,0,10,1,,18,-0.0809174,0.935508,0,
ring_lag_yaw_deg,decorr,conf50,6,-20.512,-20.512,0,-1.27345,1.27345,1,0,-1.13159,1.13159,0,0,10,1,,18,-0.0809174,0.935508,0,
ring_lag_yaw_deg,decorr,conf75,6,-20.512,-20.512,0,-1.27345,1.27345,1,0,-1.13159,1.13159,0,0,10,1,,18,-0.0809174,0.935508,0,
ring_lag_yaw_deg,conf25,conf50,6,-20.512,-20.512,0,-1.27345,1.27345,1,0,-1.13159,1.13159,0,0,10,1,,18,-0.0809174,0.935508,0,
ring_lag_yaw_deg,conf25,conf75,6,-20.512,-20.512,0,-1.27345,1.27345,1,0,-1.13159,1.13159,0,0,10,1,,18,-0.0809174,0.935508,0,
ring_lag_yaw_deg,conf50,conf75,6,-20.512,-20.512,0,-1.27345,1.27345,1,0,-1.13159,1.13159,0,0,10,1,,18,-0.0809174,0.935508,0,
ring_track_gain_head,rest,flow,6,0,0,0,nan,nan,nan,nan,nan,nan,nan,nan,nan,nan,,18,nan,nan,0,
ring_track_gain_head,rest,self,6,0,0,0,nan,nan,nan,nan,nan,nan,nan,nan,nan,nan,,18,nan,nan,0,1
ring_track_gain_head,rest,shuffle,6,0,0,0,nan,nan,nan,nan,nan,nan,nan,nan,nan,nan,,18,nan,nan,0,
ring_track_gain_head,rest,randmat,6,0,0,0,nan,nan,nan,nan,nan,nan,nan,nan,nan,nan,,18,nan,nan,0,
ring_track_gain_head,rest,decorr,6,0,0,0,nan,nan,nan,nan,nan,nan,nan,nan,nan,nan,,18,nan,nan,0,
ring_track_gain_head,rest,conf25,6,0,0,0,nan,nan,nan,nan,nan,nan,nan,nan,nan,nan,,18,nan,nan,0,
ring_track_gain_head,rest,conf50,6,0,0,0,nan,nan,nan,nan,nan,nan,nan,nan,nan,nan,,18,nan,nan,0,
ring_track_gain_head,rest,conf75,6,0,0,0,nan,nan,nan,nan,nan,nan,nan,nan,nan,nan,,18,nan,nan,0,
ring_track_gain_head,flow,self,6,0,0,0,nan,nan,nan,nan,nan,nan,nan,nan,nan,nan,1,18,nan,nan,0,1
ring_track_gain_head,flow,shuffle,6,0,0,0,nan,nan,nan,nan,nan,nan,nan,nan,nan,nan,,18,nan,nan,0,
ring_track_gain_head,flow,randmat,6,0,0,0,nan,nan,nan,nan,nan,nan,nan,nan,nan,nan,,18,nan,nan,0,
ring_track_gain_head,flow,decorr,6,0,0,0,nan,nan,nan,nan,nan,nan,nan,nan,nan,nan,,18,nan,nan,0,
ring_track_gain_head,flow,conf25,6,0,0,0,nan,nan,nan,nan,nan,nan,nan,nan,nan,nan,,18,nan,nan,0,
ring_track_gain_head,flow,conf50,6,0,0,0,nan,nan,nan,nan,nan,nan,nan,nan,nan,nan,,18,nan,nan,0,
ring_track_gain_head,flow,conf75,6,0,0,0,nan,nan,nan,nan,nan,nan,nan,nan,nan,nan,,18,nan,nan,0,
ring_track_gain_head,self,shuffle,6,0,0,0,nan,nan,nan,nan,nan,nan,nan,nan,nan,nan,1,18,nan,nan,0,1
ring_track_gain_head,self,randmat,6,0,0,0,nan,nan,nan,nan,nan,nan,nan,nan,nan,nan,,18,nan,nan,0,1
ring_track_gain_head,self,decorr,6,0,0,0,nan,nan,nan,nan,nan,nan,nan,nan,nan,nan,1,18,nan,nan,0,1
ring_track_gain_head,self,conf25,6,0,0,0,nan,nan,nan,nan,nan,nan,nan,nan,nan,nan,,18,nan,nan,0,1
ring_track_gain_head,self,conf50,6,0,0,0,nan,nan,nan,nan,nan,nan,nan,nan,nan,nan,,18,nan,nan,0,1
ring_track_gain_head,self,conf75,6,0,0,0,nan,nan,nan,nan,nan,nan,nan,nan,nan,nan,,18,nan,nan,0,1
ring_track_gain_head,shuffle,randmat,6,0,0,0,nan,nan,nan,nan,nan,nan,nan,nan,nan,nan,,18,nan,nan,0,
ring_track_gain_head,shuffle,decorr,6,0,0,0,nan,nan,nan,nan,nan,nan,nan,nan,nan,nan,,18,nan,nan,0,
ring_track_gain_head,shuffle,conf25,6,0,0,0,nan,nan,nan,nan,nan,nan,nan,nan,nan,nan,,18,nan,nan,0,
ring_track_gain_head,shuffle,conf50,6,0,0,0,nan,nan,nan,nan,nan,nan,nan,nan,nan,nan,,18,nan,nan,0,
ring_track_gain_head,shuffle,conf75,6,0,0,0,nan,nan,nan,nan,nan,nan,nan,nan,nan,nan,,18,nan,nan,0,
ring_track_gain_head,randmat,decorr,6,0,0,0,nan,nan,nan,nan,nan,nan,nan,nan,nan,nan,,18,nan,nan,0,
ring_track_gain_head,randmat,conf25,6,0,0,0,nan,nan,nan,nan,nan,nan,nan,nan,nan,nan,,18,nan,nan,0,
ring_track_gain_head,randmat,conf50,6,0,0,0,nan,nan,nan,nan,nan,nan,nan,nan,nan,nan,,18,nan,nan,0,
ring_track_gain_head,randmat,conf75,6,0,0,0,nan,nan,nan,nan,nan,nan,nan,nan,nan,nan,,18,nan,nan,0,
ring_track_gain_head,decorr,conf25,6,0,0,0,nan,nan,nan,nan,nan,nan,nan,nan,nan,nan,,18,nan,nan,0,
ring_track_gain_head,decorr,conf50,6,0,0,0,nan,nan,nan,nan,nan,nan,nan,nan,nan,nan,,18,nan,nan,0,
ring_track_gain_head,decorr,conf75,6,0,0,0,nan,nan,nan,nan,nan,nan,nan,nan,nan,nan,,18,nan,nan,0,
ring_track_gain_head,conf25,conf50,6,0,0,0,nan,nan,nan,nan,nan,nan,nan,nan,nan,nan,,18,nan,nan,0,
ring_track_gain_head,conf25,conf75,6,0,0,0,nan,nan,nan,nan,nan,nan,nan,nan,nan,nan,,18,nan,nan,0,
ring_track_gain_head,conf50,conf75,6,0,0,0,nan,nan,nan,nan,nan,nan,nan,nan,nan,nan,,18,nan,nan,0,
ring_lag_head_deg,rest,flow,6,0,-92.9046,92.9046,92.874,92.9353,-0,4497.64,2698.24,6297.04,4151.67,7790.14,5,6.61572e-19,,36,2.99124,0.00277843,-1,
ring_lag_head_deg,rest,self,6,0,-92.9046,92.9046,92.874,92.9353,-0,4497.64,2698.24,6297.04,4151.67,7790.14,5,6.61572e-19,,36,2.99124,0.00277843,-1,0.00274931
ring_lag_head_deg,rest,shuffle,6,0,-92.9046,92.9046,92.874,92.9353,-0,4497.64,2698.24,6297.04,4151.67,7790.14,5,6.61572e-19,,36,2.99124,0.00277843,-1,
ring_lag_head_deg,rest,randmat,6,0,-92.9046,92.9046,92.874,92.9353,-0,4497.64,2698.24,6297.04,4151.67,7790.14,5,6.61572e-19,,36,2.99124,0.00277843,-1,
ring_lag_head_deg,rest,decorr,6,0,-92.9046,92.9046,92.874,92.9353,-0,4497.64,2698.24,6297.04,4151.67,7790.14,5,6.61572e-19,,36,2.99124,0.00277843,-1,
ring_lag_head_deg,rest,conf25,6,0,-92.9046,92.9046,92.874,92.9353,-0,4497.64,2698.24,6297.04,4151.67,7790.14,5,6.61572e-19,,36,2.99124,0.00277843,-1,
ring_lag_head_deg,rest,conf50,6,0,-92.9046,92.9046,92.874,92.9353,-0,4497.64,2698.24,6297.04,4151.67,7790.14,5,6.61572e-19,,36,2.99124,0.00277843,-1,
ring_lag_head_deg,rest,conf75,6,0,-92.9046,92.9046,92.874,92.9353,-0,4497.64,2698.24,6297.04,4151.67,7790.14,5,6.61572e-19,,36,2.99124,0.00277843,-1,
ring_lag_head_deg,flow,self,6,-92.9046,-92.9046,0,-0.0375793,0.0375793,1,0,-1.13159,1.13159,0,0,10,1,1,18,-0.0809174,0.935508,0,1
ring_lag_head_deg,flow,shuffle,6,-92.9046,-92.9046,0,-0.0375793,0.0375793,1,0,-1.13159,1.13159,0,0,10,1,,18,-0.0809174,0.935508,0,
ring_lag_head_deg,flow,randmat,6,-92.9046,-92.9046,0,-0.0375793,0.0375793,1,0,-1.13159,1.13159,0,0,10,1,,18,-0.0809174,0.935508,0,
ring_lag_head_deg,flow,decorr,6,-92.9046,-92.9046,0,-0.0375793,0.0375793,1,0,-1.13159,1.13159,0,0,10,1,,18,-0.0809174,0.935508,0,
ring_lag_head_deg,flow,conf25,6,-92.9046,-92.9046,0,-0.0375793,0.0375793,1,0,-1.13159,1.13159,0,0,10,1,,18,-0.0809174,0.935508,0,
ring_lag_head_deg,flow,conf50,6,-92.9046,-92.9046,0,-0.0375793,0.0375793,1,0,-1.13159,1.13159,0,0,10,1,,18,-0.0809174,0.935508,0,
ring_lag_head_deg,flow,conf75,6,-92.9046,-92.9046,0,-0.0375793,0.0375793,1,0,-1.13159,1.13159,0,0,10,1,,18,-0.0809174,0.935508,0,
ring_lag_head_deg,self,shuffle,6,-92.9046,-92.9046,0,-0.0375793,0.0375793,1,0,-1.13159,1.13159,0,0,10,1,1,18,-0.0809174,0.935508,0,1
ring_lag_head_deg,self,randmat,6,-92.9046,-92.9046,0,-0.0375793,0.0375793,1,0,-1.13159,1.13159,0,0,10,1,,18,-0.0809174,0.935508,0,1
ring_lag_head_deg,self,decorr,6,-92.9046,-92.9046,0,-0.0375793,0.0375793,1,0,-1.13159,1.13159,0,0,10,1,1,18,-0.0809174,0.935508,0,1
ring_lag_head_deg,self,conf25,6,-92.9046,-92.9046,0,-0.0375793,0.0375793,1,0,-1.13159,1.13159,0,0,10,1,,18,-0.0809174,0.935508,0,1
ring_lag_head_deg,self,conf50,6,-92.9046,-92.9046,0,-0.0375793,0.0375793,1,0,-1.13159,1.13159,0,0,10,1,,18,-0.0809174,0.935508,0,1
ring_lag_head_deg,self,conf75,6,-92.9046,-92.9046,0,-0.0375793,0.0375793,1,0,-1.13159,1.13159,0,0,10,1,,18,-0.0809174,0.935508,0,1
ring_lag_head_deg,shuffle,randmat,6,-92.9046,-92.9046,0,-0.0375793,0.0375793,1,0,-1.13159,1.13159,0,0,10,1,,18,-0.0809174,0.935508,0,
ring_lag_head_deg,shuffle,decorr,6,-92.9046,-92.9046,0,-0.0375793,0.0375793,1,0,-1.13159,1.13159,0,0,10,1,,18,-0.0809174,0.935508,0,
ring_lag_head_deg,shuffle,conf25,6,-92.9046,-92.9046,0,-0.0375793,0.0375793,1,0,-1.13159,1.13159,0,0,10,1,,18,-0.0809174,0.935508,0,
ring_lag_head_deg,shuffle,conf50,6,-92.9046,-92.9046,0,-0.0375793,0.0375793,1,0,-1.13159,1.13159,0,0,10,1,,18,-0.0809174,0.935508,0,
ring_lag_head_deg,shuffle,conf75,6,-92.9046,-92.9046,0,-0.0375793,0.0375793,1,0,-1.13159,1.13159,0,0,10,1,,18,-0.0809174,0.935508,0,
ring_lag_head_deg,randmat,decorr,6,-92.9046,-92.9046,0,-0.0375793,0.0375793,1,0,-1.13159,1.13159,0,0,10,1,,18,-0.0809174,0.935508,0,
ring_lag_head_deg,randmat,conf25,6,-92.9046,-92.9046,0,-0.0375793,0.0375793,1,0,-1.13159,1.13159,0,0,10,1,,18,-0.0809174,0.935508,0,
ring_lag_head_deg,randmat,conf50,6,-92.9046,-92.9046,0,-0.0375793,0.0375793,1,0,-1.13159,1.13159,0,0,10,1,,18,-0.0809174,0.935508,0,
ring_lag_head_deg,randmat,conf75,6,-92.9046,-92.9046,0,-0.0375793,0.0375793,1,0,-1.13159,1.13159,0,0,10,1,,18,-0.0809174,0.935508,0,
ring_lag_head_deg,decorr,conf25,6,-92.9046,-92.9046,0,-0.0375793,0.0375793,1,0,-1.13159,1.13159,0,0,10,1,,18,-0.0809174,0.935508,0,
ring_lag_head_deg,decorr,conf50,6,-92.9046,-92.9046,0,-0.0375793,0.0375793,1,0,-1.13159,1.13159,0,0,10,1,,18,-0.0809174,0.935508,0,
ring_lag_head_deg,decorr,conf75,6,-92.9046,-92.9046,0,-0.0375793,0.0375793,1,0,-1.13159,1.13159,0,0,10,1,,18,-0.0809174,0.935508,0,
ring_lag_head_deg,conf25,conf50,6,-92.9046,-92.9046,0,-0.0375793,0.0375793,1,0,-1.13159,1.13159,0,0,10,1,,18,-0.0809174,0.935508,0,
ring_lag_head_deg,conf25,conf75,6,-92.9046,-92.9046,0,-0.0375793,0.0375793,1,0,-1.13159,1.13159,0,0,10,1,,18,-0.0809174,0.935508,0,
ring_lag_head_deg,conf50,conf75,6,-92.9046,-92.9046,0,-0.0375793,0.0375793,1,0,-1.13159,1.13159,0,0,10,1,,18,-0.0809174,0.935508,0,
cx_yaw_modulation_hz,rest,flow,6,0,0.803033,-0.803033,-0.816244,-0.789822,0,-90.2121,-126.322,-54.1027,-83.2727,-156.252,5,2.03697e-10,,0,-2.99124,0.00277843,1,
cx_yaw_modulation_hz,rest,self,6,0,0.78527,-0.78527,-0.803229,-0.767312,0,-64.8952,-90.8829,-38.9076,-59.9033,-112.402,5,1.05698e-09,,0,-2.99124,0.00277843,1,0.00274931
cx_yaw_modulation_hz,rest,shuffle,6,0,0.791985,-0.791985,-0.801974,-0.781997,0,-117.678,-164.771,-70.584,-108.625,-203.823,5,5.39413e-11,,0,-2.99124,0.00277843,1,
cx_yaw_modulation_hz,rest,randmat,6,0,0.798939,-0.798939,-0.812272,-0.785605,0,-88.9287,-124.525,-53.3324,-82.088,-154.029,5,2.18824e-10,,0,-2.99124,0.00277843,1,
cx_yaw_modulation_hz,rest,decorr,6,0,0.387,-0.387,-0.421427,-0.352573,0,-16.6833,-23.4532,-9.91348,-15.4,-28.8964,5,9.30106e-07,,0,-2.99124,0.00277843,1,
cx_yaw_modulation_hz,rest,conf25,6,0,0.700921,-0.700921,-0.719697,-0.682144,0,-55.401,-77.5945,-33.2076,-51.1394,-95.9574,5,2.33027e-09,,0,-2.99124,0.00277843,1,
cx_yaw_modulation_hz,rest,conf50,6,0,0.588876,-0.588876,-0.618211,-0.559541,0,-29.7931,-41.7661,-17.82,-27.5013,-51.6031,5,5.1663e-08,,0,-2.99124,0.00277843,1,
cx_yaw_modulation_hz,rest,conf75,6,0,0.475575,-0.475575,-0.510481,-0.44067,0,-20.2207,-28.3892,-12.0521,-18.6652,-35.0232,5,3.57058e-07,,0,-2.99124,0.00277843,1,
cx_yaw_modulation_hz,flow,self,6,0.803033,0.78527,0.017763,-0.00179638,0.0373224,1.02262,1.18246,-0.0440335,2.40895,1.0915,2.04808,9.18577,0.0702041,0.140408,29,1.68135,0.0926958,-0.611111,0.0742314
cx_yaw_modulation_hz,flow,shuffle,6,0.803033,0.791985,0.011048,-0.00345359,0.0255496,1.01395,0.990013,-0.208889,2.18891,0.913858,1.71475,9.30844,0.119416,,28,1.52122,0.128205,-0.555556,
cx_yaw_modulation_hz,flow,randmat,6,0.803033,0.798939,0.00409467,-0.0121751,0.0203644,1.00513,0.323761,-0.815214,1.46274,0.298856,0.56077,9.99915,0.587299,,20,0.240192,0.810181,-0.111111,
cx_yaw_modulation_hz,flow,decorr,6,0.803033,0.387,0.416033,0.381507,0.450559,2.07502,16.7443,9.95044,23.5383,15.4563,29.0021,6.44133,4.53639e-08,,36,2.80224,0.00507487,-1,
cx_yaw_modulation_hz,flow,conf25,6,0.803033,0.700921,0.102113,0.0819004,0.122325,1.14568,6.6009,3.72781,9.47399,6.09314,11.4331,8.97599,1.18845e-06,,36,2.80224,0.00507487,-1,
cx_yaw_modulation_hz,flow,conf50,6,0.803033,0.588876,0.214157,0.184518,0.243797,1.36367,9.87923,5.76799,13.9905,9.11929,17.1113,6.9481,6.16172e-07,,36,2.80224,0.00507487,-1,
cx_yaw_modulation_hz,flow,conf75,6,0.803033,0.475575,0.327458,0.292467,0.362448,1.68855,13.0215,7.69043,18.3526,12.0198,22.5539,6.40368,2.4153e-07,,36,2.80224,0.00507487,-1,
cx_yaw_modulation_hz,self,shuffle,6,0.78527,0.791985,-0.006715,-0.0252223,0.0117923,0.991521,-0.484969,-1.63307,0.663131,-0.447663,-0.83999,7.82323,0.425838,0.425838,16,-0.240192,0.810181,0.111111,0.43814
cx_yaw_modulation_hz,self,randmat,6,0.78527,0.798939,-0.0136683,-0.0332782,0.00594156,0.982892,-0.906925,-2.09526,0.281409,-0.837162,-1.57084,9.22768,0.149837,,10,-1.20096,0.229766,0.444444,0.163209
cx_yaw_modulation_hz,self,decorr,6,0.78527,0.387,0.39827,0.363058,0.433482,2.02912,15.2225,9.02809,21.4169,14.0515,26.3661,7.53356,1.07452e-08,3.22357e-08,36,2.80224,0.00507487,-1,0.00274931
cx_yaw_modulation_hz,self,conf25,6,0.78527,0.700921,0.0843497,0.0618225,0.106877,1.12034,4.81808,2.58288,7.05329,4.44746,8.34517,9.98023,8.2219e-06,,36,2.80224,0.00507487,-1,0.00274931
cx_yaw_modulation_hz,self,conf50,6,0.78527,0.588876,0.196394,0.165724,0.227065,1.33351,8.47424,4.90004,12.0484,7.82238,14.6778,8.28632,3.20588e-07,,36,2.80224,0.00507487,-1,0.00274931
cx_yaw_modulation_hz,self,conf75,6,0.78527,0.475575,0.309695,0.274044,0.345345,1.6512,11.7089,6.88969,16.528,10.8082,20.2804,7.47373,8.31959e-08,,36,2.80224,0.00507487,-1,0.00274931
cx_yaw_modulation_hz,shuffle,randmat,6,0.791985,0.798939,-0.00695333,-0.0215499,0.00764325,0.991297,-0.619433,-1.77784,0.538971,-0.571785,-1.07289,9.26779,0.310461,,13,-0.720577,0.47117,0.277778,
cx_yaw_modulation_hz,shuffle,decorr,6,0.791985,0.387,0.404985,0.370629,0.439341,2.04647,16.7672,9.96426,23.5701,15.4774,29.0416,5.83584,1.54961e-07,,36,2.80224,0.00507487,-1,
cx_yaw_modulation_hz,shuffle,conf25,6,0.791985,0.700921,0.0910647,0.0718186,0.110311,1.12992,6.35463,3.57183,9.13742,5.86581,11.0065,7.61994,6.01386e-06,,36,2.80224,0.00507487,-1,
cx_yaw_modulation_hz,shuffle,conf50,6,0.791985,0.588876,0.203109,0.173779,0.23244,1.34491,9.72749,5.67458,13.7804,8.97922,16.8485,6.14401,2.24478e-06,,36,2.80224,0.00507487,-1,
cx_yaw_modulation_hz,shuffle,conf75,6,0.791985,0.475575,0.31641,0.281579,0.35124,1.66532,12.9341,7.63718,18.231,11.9391,22.4025,5.81339,7.25482e-07,,36,2.80224,0.00507487,-1,
cx_yaw_modulation_hz,randmat,decorr,6,0.798939,0.387,0.411938,0.377402,0.446475,2.06444,16.5598,9.83867,23.2809,15.286,28.6824,6.46697,4.62593e-08,,36,2.80224,0.00507487,-1,
cx_yaw_modulation_hz,randmat,conf25,6,0.798939,0.700921,0.098018,0.0777587,0.118277,1.13984,6.31678,3.54781,9.08575,5.83087,10.941,9.02025,1.65376e-06,,36,2.80224,0.00507487,-1,
cx_yaw_modulation_hz,randmat,conf50,6,0.798939,0.588876,0.210063,0.180406,0.23972,1.35672,9.67517,5.64236,13.708,8.93093,16.7579,6.98141,6.76955e-07,,36,2.80224,0.00507487,-1,
cx_yaw_modulation_hz,randmat,conf75,6,0.798939,0.475575,0.323363,0.288362,0.358364,1.67994,12.8437,7.58213,18.1053,11.8557,22.246,6.42872,2.52162e-07,,36,2.80224,0.00507487,-1,
cx_yaw_modulation_hz,decorr,conf25,6,0.387,0.700921,-0.31392,-0.349311,-0.278529,0.552131,-11.8807,-16.7667,-6.99467,-10.9668,-20.578,7.73288,4.95262e-08,,0,-2.80224,0.00507487,1,
cx_yaw_modulation_hz,decorr,conf50,6,0.387,0.588876,-0.201876,-0.241214,-0.162537,0.657185,-6.62414,-9.50578,-3.74251,-6.11459,-11.4734,9.75426,5.56642e-07,,0,-2.80224,0.00507487,1,
cx_yaw_modulation_hz,decorr,conf75,6,0.387,0.475575,-0.0885752,-0.131072,-0.0460785,0.813752,-2.68133,-4.24057,-1.12208,-2.47507,-4.64419,9.99809,0.000916579,,0,-2.80224,0.00507487,1,
cx_yaw_modulation_hz,conf25,conf50,6,0.700921,0.588876,0.112045,0.081122,0.142967,1.19027,4.77437,2.55423,6.99451,4.40711,8.26946,8.50825,2.38565e-05,,36,2.80224,0.00507487,-1,
cx_yaw_modulation_hz,conf25,conf75,6,0.700921,0.475575,0.225345,0.189521,0.261169,1.47384,8.43792,4.8775,11.9983,7.78885,14.6149,7.67012,7.10999e-07,,36,2.80224,0.00507487,-1,
cx_yaw_modulation_hz,conf50,conf75,6,0.588876,0.475575,0.113301,0.07362,0.152981,1.23824,3.68794,1.82852,5.54737,3.40425,6.3877,9.71218,9.06873e-05,,36,2.80224,0.00507487,-1,
cx_tuning_wire_corr,rest,flow,6,0,0.239722,-0.239722,-0.245394,-0.23405,0,-62.7217,-87.8407,-37.6028,-57.897,-108.637,5,1.25319e-09,,0,-2.99124,0.00277843,1,
cx_tuning_wire_corr,rest,self,6,0,0.2383,-0.2383,-0.244419,-0.23218,0,-57.7939,-80.9435,-34.6443,-53.3482,-100.102,5,1.88637e-09,,0,-2.99124,0.00277843,1,0.00274931
cx_tuning_wire_corr,rest,shuffle,6,0,0.240103,-0.240103,-0.247054,-0.233153,0,-51.2681,-71.8105,-30.7258,-47.3244,-88.799,5,3.43299e-09,,0,-2.99124,0.00277843,1,
cx_tuning_wire_corr,rest,randmat,6,0,0.239327,-0.239327,-0.247899,-0.230756,0,-41.4366,-58.0529,-24.8202,-38.2491,-71.7702,5,9.94669e-09,,0,-2.99124,0.00277843,1,
cx_tuning_wire_corr,rest,decorr,6,0,0.133746,-0.133746,-0.157245,-0.110246,0,-8.44684,-12.0106,-4.88304,-7.79708,-14.6303,5,2.69484e-05,,0,-2.99124,0.00277843,1,
cx_tuning_wire_corr,rest,conf25,6,0,0.23271,-0.23271,-0.239164,-0.226256,0,-53.5117,-74.9503,-32.073,-49.3954,-92.6849,5,2.77152e-09,,0,-2.99124,0.00277843,1,
cx_tuning_wire_corr,rest,conf50,6,0,0.22168,-0.22168,-0.230668,-0.212692,0,-36.6044,-51.2927,-21.9162,-33.7887,-63.4008,5,1.84788e-08,,0,-2.99124,0.00277843,1,
cx_tuning_wire_corr,rest,conf75,6,0,0.181232,-0.181232,-0.200282,-0.162182,0,-14.1191,-19.88,-8.35816,-13.033,-24.455,5,2.13165e-06,,0,-2.99124,0.00277843,1,
cx_tuning_wire_corr,flow,self,6,0.239722,0.2383,0.001422,-0.0058161,0.0086601,1.00597,0.252927,-0.883174,1.38903,0.233471,0.438082,9.94298,0.670691,1,21,0.40032,0.688921,-0.166667,0.683079
cx_tuning_wire_corr,flow,shuffle,6,0.239722,0.240103,-0.0003815,-0.00820033,0.00743733,0.998411,-0.0631111,-1.19498,1.06876,-0.0582564,-0.109312,9.61362,0.915203,,17,-0.0800641,0.936186,0.0555556,
cx_tuning_wire_corr,flow,randmat,6,0.239722,0.239327,0.000394333,-0.00870321,0.00949188,1.00165,0.0569367,-1.07488,1.18875,0.052557,0.0986173,8.67433,0.923683,,20,0.240192,0.810181,-0.111111,
cx_tuning_wire_corr,flow,decorr,6,0.239722,0.133746,0.105976,0.082539,0.129413,1.79237,6.50615,3.66787,9.34444,6.00568,11.269,5.58068,4.75611e-05,,36,2.80224,0.00507487,-1,
cx_tuning_wire_corr,flow,conf25,6,0.239722,0.23271,0.00701183,-0.00045268,0.0144763,1.03013,1.21111,-0.0198503,2.44207,1.11795,2.0977,9.83778,0.0627683,,32,2.16173,0.030639,-0.777778,
cx_tuning_wire_corr,flow,conf50,6,0.239722,0.22168,0.018042,0.00859306,0.0274909,1.08139,2.51938,1.00398,4.03478,2.32559,4.3637,8.43755,0.00211465,,35,2.64211,0.00823902,-0.944444,
cx_tuning_wire_corr,flow,conf75,6,0.239722,0.181232,0.0584897,0.0394749,0.0775044,1.32273,4.36722,2.28557,6.44887,4.03128,7.56425,5.87968,0.000305229,,36,2.80224,0.00507487,-1,
cx_tuning_wire_corr,self,shuffle,6,0.2383,0.240103,-0.0018035,-0.00984791,0.00624091,0.992489,-0.289034,-1.42651,0.848445,-0.266801,-0.500621,9.84208,0.627642,1,15,-0.40032,0.688921,0.166667,0.616346
cx_tuning_wire_corr,self,randmat,6,0.2383,0.239327,-0.00102767,-0.010289,0.00823368,0.995706,-0.144813,-1.27788,0.988255,-0.133673,-0.250823,9.04563,0.807556,,15,-0.40032,0.688921,0.166667,0.795051
cx_tuning_wire_corr,self,decorr,6,0.2383,0.133746,0.104554,0.0811144,0.127994,1.78174,6.39009,3.59433,9.18585,5.89854,11.068,5.67502,4.69505e-05,0.000140851,36,2.80224,0.00507487,-1,0.00274931
cx_tuning_wire_corr,self,conf25,6,0.2383,0.23271,0.00558983,-0.00212231,0.013302,1.02402,0.932764,-0.258767,2.1243,0.861013,1.6156,9.97178,0.137341,,25,1.04083,0.297953,-0.388889,0.134716
cx_tuning_wire_corr,self,conf50,6,0.2383,0.22168,0.01662,0.00702058,0.0262194,1.07497,2.26848,0.817906,3.71905,2.09398,3.92912,8.81562,0.00360533,,34,2.48199,0.0130652,-0.888889,0.00674831
cx_tuning_wire_corr,self,conf75,6,0.2383,0.181232,0.0570677,0.0380375,0.0760979,1.31489,4.23289,2.19614,6.26964,3.90729,7.33159,6.021,0.000323831,,36,2.80224,0.00507487,-1,0.00274931
cx_tuning_wire_corr,shuffle,randmat,6,0.240103,0.239327,0.000775833,-0.00884548,0.0103972,1.00324,0.104336,-1.02802,1.23669,0.0963104,0.180716,9.59045,0.860352,,18,-0.0800641,0.936186,0,
cx_tuning_wire_corr,shuffle,decorr,6,0.240103,0.133746,0.106357,0.0829031,0.129812,1.79522,6.44125,3.62676,9.25575,5.94577,11.1566,5.8682,3.59542e-05,,36,2.80224,0.00507487,-1,
cx_tuning_wire_corr,shuffle,conf25,6,0.240103,0.23271,0.00739333,-0.000834267,0.0156209,1.03177,1.15683,-0.0657414,2.37941,1.06785,2.00369,9.94558,0.073093,,28,1.52122,0.128205,-0.555556,
cx_tuning_wire_corr,shuffle,conf50,6,0.240103,0.22168,0.0184235,0.00848998,0.028357,1.08311,2.40651,0.920766,3.89226,2.2214,4.16821,9.40489,0.00219702,,35,2.64211,0.00823902,-0.944444,
cx_tuning_wire_corr,shuffle,conf75,6,0.240103,0.181232,0.0588712,0.0397944,0.0779479,1.32484,4.3086,2.2466,6.37061,3.97717,7.46272,6.30802,0.000235517,,36,2.80224,0.00507487,-1,
cx_tuning_wire_corr,randmat,decorr,6,0.239327,0.133746,0.105582,0.0820496,0.129114,1.78942,6.26435,3.51451,9.01419,5.78248,10.8502,6.30744,2.59125e-05,,36,2.80224,0.00507487,-1,
cx_tuning_wire_corr,randmat,conf25,6,0.239327,0.23271,0.0066175,-0.00278035,0.0160154,1.02844,0.915299,-0.274063,2.10466,0.844891,1.58534,9.29027,0.146296,,28,1.52122,0.128205,-0.555556,
cx_tuning_wire_corr,randmat,conf50,6,0.239327,0.22168,0.0176477,0.00687872,0.0284166,1.07961,2.10876,0.69729,3.52024,1.94655,3.65249,9.97762,0.00446043,,35,2.64211,0.00823902,-0.944444,
cx_tuning_wire_corr,randmat,conf75,6,0.239327,0.181232,0.0580953,0.0388483,0.0773424,1.32056,4.12739,2.1256,6.12919,3.8099,7.14886,6.94497,0.000192603,,36,2.80224,0.00507487,-1,
cx_tuning_wire_corr,decorr,conf25,6,0.133746,0.23271,-0.0989642,-0.122408,-0.0755203,0.574732,-6.02698,-8.69056,-3.36341,-5.56337,-10.439,5.75006,5.94396e-05,,0,-2.80224,0.00507487,1,
cx_tuning_wire_corr,decorr,conf50,6,0.133746,0.22168,-0.087934,-0.111498,-0.0643696,0.603329,-5.18709,-7.55078,-2.82339,-4.78808,-8.9843,6.43224,7.13217e-05,,0,-2.80224,0.00507487,1,
cx_tuning_wire_corr,decorr,conf75,6,0.133746,0.181232,-0.0474863,-0.0738604,-0.0211122,0.737981,-2.32969,-3.7957,-0.86367,-2.15048,-4.03514,9.58961,0.00259119,,2,-2.48199,0.0130652,0.888889,
cx_tuning_wire_corr,conf25,conf50,6,0.23271,0.22168,0.0110302,0.00130453,0.0207558,1.04976,1.47942,0.202388,2.75645,1.36562,2.56243,9.07337,0.0303764,,31,2.0016,0.0453276,-0.722222,
cx_tuning_wire_corr,conf25,conf75,6,0.23271,0.181232,0.0514778,0.0324318,0.0705238,1.28404,3.79837,1.9037,5.69304,3.50619,6.57896,6.1329,0.000540894,,36,2.80224,0.00507487,-1,
cx_tuning_wire_corr,conf50,conf75,6,0.22168,0.181232,0.0404477,0.0211378,0.0597575,1.22318,2.84986,1.24348,4.45623,2.63064,4.93609,7.12092,0.00160126,,36,2.80224,0.00507487,-1,
ring_tuning_wire_corr,rest,flow,6,0,0,0,nan,nan,nan,nan,nan,nan,nan,nan,nan,nan,,18,nan,nan,0,
ring_tuning_wire_corr,rest,self,6,0,0,0,nan,nan,nan,nan,nan,nan,nan,nan,nan,nan,,18,nan,nan,0,1
ring_tuning_wire_corr,rest,shuffle,6,0,0,0,nan,nan,nan,nan,nan,nan,nan,nan,nan,nan,,18,nan,nan,0,
ring_tuning_wire_corr,rest,randmat,6,0,0,0,nan,nan,nan,nan,nan,nan,nan,nan,nan,nan,,18,nan,nan,0,
ring_tuning_wire_corr,rest,decorr,6,0,0,0,nan,nan,nan,nan,nan,nan,nan,nan,nan,nan,,18,nan,nan,0,
ring_tuning_wire_corr,rest,conf25,6,0,0,0,nan,nan,nan,nan,nan,nan,nan,nan,nan,nan,,18,nan,nan,0,
ring_tuning_wire_corr,rest,conf50,6,0,0,0,nan,nan,nan,nan,nan,nan,nan,nan,nan,nan,,18,nan,nan,0,
ring_tuning_wire_corr,rest,conf75,6,0,0,0,nan,nan,nan,nan,nan,nan,nan,nan,nan,nan,,18,nan,nan,0,
ring_tuning_wire_corr,flow,self,6,0,0,0,nan,nan,nan,nan,nan,nan,nan,nan,nan,nan,1,18,nan,nan,0,1
ring_tuning_wire_corr,flow,shuffle,6,0,0,0,nan,nan,nan,nan,nan,nan,nan,nan,nan,nan,,18,nan,nan,0,
ring_tuning_wire_corr,flow,randmat,6,0,0,0,nan,nan,nan,nan,nan,nan,nan,nan,nan,nan,,18,nan,nan,0,
ring_tuning_wire_corr,flow,decorr,6,0,0,0,nan,nan,nan,nan,nan,nan,nan,nan,nan,nan,,18,nan,nan,0,
ring_tuning_wire_corr,flow,conf25,6,0,0,0,nan,nan,nan,nan,nan,nan,nan,nan,nan,nan,,18,nan,nan,0,
ring_tuning_wire_corr,flow,conf50,6,0,0,0,nan,nan,nan,nan,nan,nan,nan,nan,nan,nan,,18,nan,nan,0,
ring_tuning_wire_corr,flow,conf75,6,0,0,0,nan,nan,nan,nan,nan,nan,nan,nan,nan,nan,,18,nan,nan,0,
ring_tuning_wire_corr,self,shuffle,6,0,0,0,nan,nan,nan,nan,nan,nan,nan,nan,nan,nan,1,18,nan,nan,0,1
ring_tuning_wire_corr,self,randmat,6,0,0,0,nan,nan,nan,nan,nan,nan,nan,nan,nan,nan,,18,nan,nan,0,1
ring_tuning_wire_corr,self,decorr,6,0,0,0,nan,nan,nan,nan,nan,nan,nan,nan,nan,nan,1,18,nan,nan,0,1
ring_tuning_wire_corr,self,conf25,6,0,0,0,nan,nan,nan,nan,nan,nan,nan,nan,nan,nan,,18,nan,nan,0,1
ring_tuning_wire_corr,self,conf50,6,0,0,0,nan,nan,nan,nan,nan,nan,nan,nan,nan,nan,,18,nan,nan,0,1
ring_tuning_wire_corr,self,conf75,6,0,0,0,nan,nan,nan,nan,nan,nan,nan,nan,nan,nan,,18,nan,nan,0,1
ring_tuning_wire_corr,shuffle,randmat,6,0,0,0,nan,nan,nan,nan,nan,nan,nan,nan,nan,nan,,18,nan,nan,0,
ring_tuning_wire_corr,shuffle,decorr,6,0,0,0,nan,nan,nan,nan,nan,nan,nan,nan,nan,nan,,18,nan,nan,0,
ring_tuning_wire_corr,shuffle,conf25,6,0,0,0,nan,nan,nan,nan,nan,nan,nan,nan,nan,nan,,18,nan,nan,0,
ring_tuning_wire_corr,shuffle,conf50,6,0,0,0,nan,nan,nan,nan,nan,nan,nan,nan,nan,nan,,18,nan,nan,0,
ring_tuning_wire_corr,shuffle,conf75,6,0,0,0,nan,nan,nan,nan,nan,nan,nan,nan,nan,nan,,18,nan,nan,0,
ring_tuning_wire_corr,randmat,decorr,6,0,0,0,nan,nan,nan,nan,nan,nan,nan,nan,nan,nan,,18,nan,nan,0,
ring_tuning_wire_corr,randmat,conf25,6,0,0,0,nan,nan,nan,nan,nan,nan,nan,nan,nan,nan,,18,nan,nan,0,
ring_tuning_wire_corr,randmat,conf50,6,0,0,0,nan,nan,nan,nan,nan,nan,nan,nan,nan,nan,,18,nan,nan,0,
ring_tuning_wire_corr,randmat,conf75,6,0,0,0,nan,nan,nan,nan,nan,nan,nan,nan,nan,nan,,18,nan,nan,0,
ring_tuning_wire_corr,decorr,conf25,6,0,0,0,nan,nan,nan,nan,nan,nan,nan,nan,nan,nan,,18,nan,nan,0,
ring_tuning_wire_corr,decorr,conf50,6,0,0,0,nan,nan,nan,nan,nan,nan,nan,nan,nan,nan,,18,nan,nan,0,
ring_tuning_wire_corr,decorr,conf75,6,0,0,0,nan,nan,nan,nan,nan,nan,nan,nan,nan,nan,,18,nan,nan,0,
ring_tuning_wire_corr,conf25,conf50,6,0,0,0,nan,nan,nan,nan,nan,nan,nan,nan,nan,nan,,18,nan,nan,0,
ring_tuning_wire_corr,conf25,conf75,6,0,0,0,nan,nan,nan,nan,nan,nan,nan,nan,nan,nan,,18,nan,nan,0,
ring_tuning_wire_corr,conf50,conf75,6,0,0,0,nan,nan,nan,nan,nan,nan,nan,nan,nan,nan,,18,nan,nan,0,
ring_ang_diffusion_deg,rest,flow,6,0,0,0,nan,nan,nan,nan,nan,nan,nan,nan,nan,nan,,18,nan,nan,0,
ring_ang_diffusion_deg,rest,self,6,0,0,0,nan,nan,nan,nan,nan,nan,nan,nan,nan,nan,,18,nan,nan,0,1
ring_ang_diffusion_deg,rest,shuffle,6,0,0,0,nan,nan,nan,nan,nan,nan,nan,nan,nan,nan,,18,nan,nan,0,
ring_ang_diffusion_deg,rest,randmat,6,0,0,0,nan,nan,nan,nan,nan,nan,nan,nan,nan,nan,,18,nan,nan,0,
ring_ang_diffusion_deg,rest,decorr,6,0,0,0,nan,nan,nan,nan,nan,nan,nan,nan,nan,nan,,18,nan,nan,0,
ring_ang_diffusion_deg,rest,conf25,6,0,0,0,nan,nan,nan,nan,nan,nan,nan,nan,nan,nan,,18,nan,nan,0,
ring_ang_diffusion_deg,rest,conf50,6,0,0,0,nan,nan,nan,nan,nan,nan,nan,nan,nan,nan,,18,nan,nan,0,
ring_ang_diffusion_deg,rest,conf75,6,0,0,0,nan,nan,nan,nan,nan,nan,nan,nan,nan,nan,,18,nan,nan,0,
ring_ang_diffusion_deg,flow,self,6,0,0,0,nan,nan,nan,nan,nan,nan,nan,nan,nan,nan,1,18,nan,nan,0,1
ring_ang_diffusion_deg,flow,shuffle,6,0,0,0,nan,nan,nan,nan,nan,nan,nan,nan,nan,nan,,18,nan,nan,0,
ring_ang_diffusion_deg,flow,randmat,6,0,0,0,nan,nan,nan,nan,nan,nan,nan,nan,nan,nan,,18,nan,nan,0,
ring_ang_diffusion_deg,flow,decorr,6,0,0,0,nan,nan,nan,nan,nan,nan,nan,nan,nan,nan,,18,nan,nan,0,
ring_ang_diffusion_deg,flow,conf25,6,0,0,0,nan,nan,nan,nan,nan,nan,nan,nan,nan,nan,,18,nan,nan,0,
ring_ang_diffusion_deg,flow,conf50,6,0,0,0,nan,nan,nan,nan,nan,nan,nan,nan,nan,nan,,18,nan,nan,0,
ring_ang_diffusion_deg,flow,conf75,6,0,0,0,nan,nan,nan,nan,nan,nan,nan,nan,nan,nan,,18,nan,nan,0,
ring_ang_diffusion_deg,self,shuffle,6,0,0,0,nan,nan,nan,nan,nan,nan,nan,nan,nan,nan,1,18,nan,nan,0,1
ring_ang_diffusion_deg,self,randmat,6,0,0,0,nan,nan,nan,nan,nan,nan,nan,nan,nan,nan,,18,nan,nan,0,1
ring_ang_diffusion_deg,self,decorr,6,0,0,0,nan,nan,nan,nan,nan,nan,nan,nan,nan,nan,1,18,nan,nan,0,1
ring_ang_diffusion_deg,self,conf25,6,0,0,0,nan,nan,nan,nan,nan,nan,nan,nan,nan,nan,,18,nan,nan,0,1
ring_ang_diffusion_deg,self,conf50,6,0,0,0,nan,nan,nan,nan,nan,nan,nan,nan,nan,nan,,18,nan,nan,0,1
ring_ang_diffusion_deg,self,conf75,6,0,0,0,nan,nan,nan,nan,nan,nan,nan,nan,nan,nan,,18,nan,nan,0,1
ring_ang_diffusion_deg,shuffle,randmat,6,0,0,0,nan,nan,nan,nan,nan,nan,nan,nan,nan,nan,,18,nan,nan,0,
ring_ang_diffusion_deg,shuffle,decorr,6,0,0,0,nan,nan,nan,nan,nan,nan,nan,nan,nan,nan,,18,nan,nan,0,
ring_ang_diffusion_deg,shuffle,conf25,6,0,0,0,nan,nan,nan,nan,nan,nan,nan,nan,nan,nan,,18,nan,nan,0,
ring_ang_diffusion_deg,shuffle,conf50,6,0,0,0,nan,nan,nan,nan,nan,nan,nan,nan,nan,nan,,18,nan,nan,0,
ring_ang_diffusion_deg,shuffle,conf75,6,0,0,0,nan,nan,nan,nan,nan,nan,nan,nan,nan,nan,,18,nan,nan,0,
ring_ang_diffusion_deg,randmat,decorr,6,0,0,0,nan,nan,nan,nan,nan,nan,nan,nan,nan,nan,,18,nan,nan,0,
ring_ang_diffusion_deg,randmat,conf25,6,0,0,0,nan,nan,nan,nan,nan,nan,nan,nan,nan,nan,,18,nan,nan,0,
ring_ang_diffusion_deg,randmat,conf50,6,0,0,0,nan,nan,nan,nan,nan,nan,nan,nan,nan,nan,,18,nan,nan,0,
ring_ang_diffusion_deg,randmat,conf75,6,0,0,0,nan,nan,nan,nan,nan,nan,nan,nan,nan,nan,,18,nan,nan,0,
ring_ang_diffusion_deg,decorr,conf25,6,0,0,0,nan,nan,nan,nan,nan,nan,nan,nan,nan,nan,,18,nan,nan,0,
ring_ang_diffusion_deg,decorr,conf50,6,0,0,0,nan,nan,nan,nan,nan,nan,nan,nan,nan,nan,,18,nan,nan,0,
ring_ang_diffusion_deg,decorr,conf75,6,0,0,0,nan,nan,nan,nan,nan,nan,nan,nan,nan,nan,,18,nan,nan,0,
ring_ang_diffusion_deg,conf25,conf50,6,0,0,0,nan,nan,nan,nan,nan,nan,nan,nan,nan,nan,,18,nan,nan,0,
ring_ang_diffusion_deg,conf25,conf75,6,0,0,0,nan,nan,nan,nan,nan,nan,nan,nan,nan,nan,,18,nan,nan,0,
ring_ang_diffusion_deg,conf50,conf75,6,0,0,0,nan,nan,nan,nan,nan,nan,nan,nan,nan,nan,,18,nan,nan,0,
ring_ang_ac1,rest,flow,6,0,0,0,nan,nan,nan,nan,nan,nan,nan,nan,nan,nan,,18,nan,nan,0,
ring_ang_ac1,rest,self,6,0,0,0,nan,nan,nan,nan,nan,nan,nan,nan,nan,nan,,18,nan,nan,0,1
ring_ang_ac1,rest,shuffle,6,0,0,0,nan,nan,nan,nan,nan,nan,nan,nan,nan,nan,,18,nan,nan,0,
ring_ang_ac1,rest,randmat,6,0,0,0,nan,nan,nan,nan,nan,nan,nan,nan,nan,nan,,18,nan,nan,0,
ring_ang_ac1,rest,decorr,6,0,0,0,nan,nan,nan,nan,nan,nan,nan,nan,nan,nan,,18,nan,nan,0,
ring_ang_ac1,rest,conf25,6,0,0,0,nan,nan,nan,nan,nan,nan,nan,nan,nan,nan,,18,nan,nan,0,
ring_ang_ac1,rest,conf50,6,0,0,0,nan,nan,nan,nan,nan,nan,nan,nan,nan,nan,,18,nan,nan,0,
ring_ang_ac1,rest,conf75,6,0,0,0,nan,nan,nan,nan,nan,nan,nan,nan,nan,nan,,18,nan,nan,0,
ring_ang_ac1,flow,self,6,0,0,0,nan,nan,nan,nan,nan,nan,nan,nan,nan,nan,1,18,nan,nan,0,1
ring_ang_ac1,flow,shuffle,6,0,0,0,nan,nan,nan,nan,nan,nan,nan,nan,nan,nan,,18,nan,nan,0,
ring_ang_ac1,flow,randmat,6,0,0,0,nan,nan,nan,nan,nan,nan,nan,nan,nan,nan,,18,nan,nan,0,
ring_ang_ac1,flow,decorr,6,0,0,0,nan,nan,nan,nan,nan,nan,nan,nan,nan,nan,,18,nan,nan,0,
ring_ang_ac1,flow,conf25,6,0,0,0,nan,nan,nan,nan,nan,nan,nan,nan,nan,nan,,18,nan,nan,0,
ring_ang_ac1,flow,conf50,6,0,0,0,nan,nan,nan,nan,nan,nan,nan,nan,nan,nan,,18,nan,nan,0,
ring_ang_ac1,flow,conf75,6,0,0,0,nan,nan,nan,nan,nan,nan,nan,nan,nan,nan,,18,nan,nan,0,
ring_ang_ac1,self,shuffle,6,0,0,0,nan,nan,nan,nan,nan,nan,nan,nan,nan,nan,1,18,nan,nan,0,1
ring_ang_ac1,self,randmat,6,0,0,0,nan,nan,nan,nan,nan,nan,nan,nan,nan,nan,,18,nan,nan,0,1
ring_ang_ac1,self,decorr,6,0,0,0,nan,nan,nan,nan,nan,nan,nan,nan,nan,nan,1,18,nan,nan,0,1
ring_ang_ac1,self,conf25,6,0,0,0,nan,nan,nan,nan,nan,nan,nan,nan,nan,nan,,18,nan,nan,0,1
ring_ang_ac1,self,conf50,6,0,0,0,nan,nan,nan,nan,nan,nan,nan,nan,nan,nan,,18,nan,nan,0,1
ring_ang_ac1,self,conf75,6,0,0,0,nan,nan,nan,nan,nan,nan,nan,nan,nan,nan,,18,nan,nan,0,1
ring_ang_ac1,shuffle,randmat,6,0,0,0,nan,nan,nan,nan,nan,nan,nan,nan,nan,nan,,18,nan,nan,0,
ring_ang_ac1,shuffle,decorr,6,0,0,0,nan,nan,nan,nan,nan,nan,nan,nan,nan,nan,,18,nan,nan,0,
ring_ang_ac1,shuffle,conf25,6,0,0,0,nan,nan,nan,nan,nan,nan,nan,nan,nan,nan,,18,nan,nan,0,
ring_ang_ac1,shuffle,conf50,6,0,0,0,nan,nan,nan,nan,nan,nan,nan,nan,nan,nan,,18,nan,nan,0,
ring_ang_ac1,shuffle,conf75,6,0,0,0,nan,nan,nan,nan,nan,nan,nan,nan,nan,nan,,18,nan,nan,0,
ring_ang_ac1,randmat,decorr,6,0,0,0,nan,nan,nan,nan,nan,nan,nan,nan,nan,nan,,18,nan,nan,0,
ring_ang_ac1,randmat,conf25,6,0,0,0,nan,nan,nan,nan,nan,nan,nan,nan,nan,nan,,18,nan,nan,0,
ring_ang_ac1,randmat,conf50,6,0,0,0,nan,nan,nan,nan,nan,nan,nan,nan,nan,nan,,18,nan,nan,0,
ring_ang_ac1,randmat,conf75,6,0,0,0,nan,nan,nan,nan,nan,nan,nan,nan,nan,nan,,18,nan,nan,0,
ring_ang_ac1,decorr,conf25,6,0,0,0,nan,nan,nan,nan,nan,nan,nan,nan,nan,nan,,18,nan,nan,0,
ring_ang_ac1,decorr,conf50,6,0,0,0,nan,nan,nan,nan,nan,nan,nan,nan,nan,nan,,18,nan,nan,0,
ring_ang_ac1,decorr,conf75,6,0,0,0,nan,nan,nan,nan,nan,nan,nan,nan,nan,nan,,18,nan,nan,0,
ring_ang_ac1,conf25,conf50,6,0,0,0,nan,nan,nan,nan,nan,nan,nan,nan,nan,nan,,18,nan,nan,0,
ring_ang_ac1,conf25,conf75,6,0,0,0,nan,nan,nan,nan,nan,nan,nan,nan,nan,nan,,18,nan,nan,0,
ring_ang_ac1,conf50,conf75,6,0,0,0,nan,nan,nan,nan,nan,nan,nan,nan,nan,nan,,18,nan,nan,0,
steer_corr_yaw,rest,flow,6,0,0.834969,-0.834969,-0.849704,-0.820234,0,-84.099,-117.764,-50.434,-77.6298,-145.664,5,2.89287e-10,,0,-2.99124,0.00277843,1,
steer_corr_yaw,rest,self,6,0,0.830516,-0.830516,-0.842877,-0.818154,0,-99.713,-139.622,-59.8042,-92.0428,-172.708,5,1.23477e-10,,0,-2.99124,0.00277843,1,0.00274931
steer_corr_yaw,rest,shuffle,6,0,0.824828,-0.824828,-0.831646,-0.818009,0,-179.54,-251.379,-107.702,-165.729,-310.973,5,6.52596e-12,,0,-2.99124,0.00277843,1,
steer_corr_yaw,rest,randmat,6,0,0.823234,-0.823234,-0.840586,-0.805882,0,-70.4114,-98.604,-42.2187,-64.9951,-121.956,5,7.03031e-10,,0,-2.99124,0.00277843,1,
steer_corr_yaw,rest,decorr,6,0,0.41685,-0.41685,-0.488879,-0.34482,0,-8.58896,-12.2067,-4.9712,-7.92827,-14.8765,5,2.48312e-05,,0,-2.99124,0.00277843,1,
steer_corr_yaw,rest,conf25,6,0,0.784681,-0.784681,-0.798234,-0.771129,0,-85.9294,-120.326,-51.5325,-79.3194,-148.834,5,2.59766e-10,,0,-2.99124,0.00277843,1,
steer_corr_yaw,rest,conf50,6,0,0.71925,-0.71925,-0.748588,-0.689913,0,-36.3859,-50.9869,-21.7848,-33.587,-63.0222,5,1.904e-08,,0,-2.99124,0.00277843,1,
steer_corr_yaw,rest,conf75,6,0,0.594363,-0.594363,-0.629876,-0.558849,0,-24.8384,-34.8398,-14.8369,-22.9277,-43.0213,5,1.28048e-07,,0,-2.99124,0.00277843,1,
steer_corr_yaw,flow,self,6,0.834969,0.830516,0.00445333,-0.0122864,0.0211931,1.00536,0.343637,-0.79627,1.48354,0.317203,0.595196,9.70658,0.565329,0.662829,23,0.720577,0.47117,-0.277778,0.546613
steer_corr_yaw,flow,shuffle,6,0.834969,0.824828,0.0101415,-0.00477341,0.0250564,1.0123,0.927028,-0.263787,2.11784,0.855718,1.60566,7.04728,0.152097,,25,1.04083,0.297953,-0.388889,
steer_corr_yaw,flow,randmat,6,0.834969,0.823234,0.0117355,-0.00806671,0.0315377,1.01426,0.765099,-0.407156,1.93735,0.706245,1.32519,9.74414,0.21534,,27,1.36109,0.173485,-0.5,
steer_corr_yaw,flow,decorr,6,0.834969,0.41685,0.418119,0.346271,0.489968,2.00305,8.44032,4.87899,12.0017,7.79107,14.6191,5.41776,1.46618e-05,,36,2.80224,0.00507487,-1,
steer_corr_yaw,flow,conf25,6,0.834969,0.784681,0.0502878,0.0329186,0.0676571,1.06409,3.72798,1.85582,5.60014,3.44121,6.45705,9.93084,7.51631e-05,,36,2.80224,0.00507487,-1,
steer_corr_yaw,flow,conf50,6,0.834969,0.71925,0.115719,0.0858253,0.145612,1.16089,5.23127,2.85204,7.6105,4.82886,9.06083,7.37176,2.96597e-05,,36,2.80224,0.00507487,-1,
steer_corr_yaw,flow,conf75,6,0.834969,0.594363,0.240607,0.204882,0.276331,1.40481,9.28727,5.40317,13.1714,8.57287,16.086,6.67194,1.38449e-06,,36,2.80224,0.00507487,-1,
steer_corr_yaw,self,shuffle,6,0.830516,0.824828,0.00568817,-0.00703716,0.0184135,1.0069,0.597996,-0.558604,1.7546,0.551996,1.03576,7.78462,0.331414,0.662829,27,1.36109,0.173485,-0.5,0.35916
steer_corr_yaw,self,randmat,6,0.830516,0.823234,0.00728217,-0.0114553,0.0260196,1.00885,0.507285,-0.642356,1.65693,0.468263,0.878644,9.03558,0.402355,,26,1.20096,0.229766,-0.444444,0.3999
steer_corr_yaw,self,decorr,6,0.830516,0.41685,0.413666,0.341789,0.485543,1.99236,8.40055,4.85431,11.9468,7.75436,14.5502,5.29426,1.79726e-05,5.39178e-05,36,2.80224,0.00507487,-1,0.00274931
steer_corr_yaw,self,conf25,6,0.830516,0.784681,0.0458345,0.0299167,0.0617523,1.05841,3.70839,1.84247,5.57432,3.42313,6.42313,9.91654,7.89803e-05,,36,2.80224,0.00507487,-1,0.00274931
steer_corr_yaw,self,conf50,6,0.830516,0.71925,0.111265,0.0817328,0.140798,1.1547,5.1871,2.8234,7.5508,4.78809,8.98432,6.72115,5.50624e-05,,36,2.80224,0.00507487,-1,0.00274931
steer_corr_yaw,self,conf75,6,0.830516,0.594363,0.236153,0.200629,0.271678,1.39732,9.32038,5.4236,13.2172,8.60343,16.1434,6.19401,2.69878e-06,,36,2.80224,0.00507487,-1,0.00274931
steer_corr_yaw,shuffle,randmat,6,0.824828,0.823234,0.001594,-0.0158222,0.0190102,1.00194,0.126891,-1.00583,1.25961,0.11713,0.219781,6.50803,0.832775,,24,0.880705,0.378478,-0.333333,
steer_corr_yaw,shuffle,decorr,6,0.824828,0.41685,0.407978,0.336008,0.479948,1.97872,8.36875,4.83456,11.9029,7.725,14.4951,5.0896,2.47108e-05,,36,2.80224,0.00507487,-1,
steer_corr_yaw,shuffle,conf25,6,0.824828,0.784681,0.0401463,0.0263347,0.053958,1.05116,3.92736,1.99105,5.86367,3.62525,6.80238,7.37866,0.00019931,,36,2.80224,0.00507487,-1,
steer_corr_yaw,shuffle,conf50,6,0.824828,0.71925,0.105577,0.0763181,0.134836,1.14679,5.20235,2.83329,7.57141,4.80217,9.01073,5.53857,0.000163123,,36,2.80224,0.00507487,-1,
steer_corr_yaw,shuffle,conf75,6,0.824828,0.594363,0.230465,0.195036,0.265894,1.38775,9.45839,5.50875,13.408,8.73082,16.3824,5.36809,8.64841e-06,,36,2.80224,0.00507487,-1,
steer_corr_yaw,randmat,decorr,6,0.823234,0.41685,0.406384,0.334546,0.478222,1.97489,8.14044,4.69266,11.5882,7.51425,14.0996,5.57839,1.41788e-05,,36,2.80224,0.00507487,-1,
steer_corr_yaw,randmat,conf25,6,0.823234,0.784681,0.0385523,0.0193151,0.0577896,1.04913,2.59869,1.062,4.13538,2.39879,4.50107,9.4458,0.00131662,,36,2.80224,0.00507487,-1,
steer_corr_yaw,randmat,conf50,6,0.823234,0.71925,0.103983,0.0734832,0.134483,1.14457,4.52767,2.39186,6.66349,4.17939,7.84216,8.11691,4.65007e-05,,36,2.80224,0.00507487,-1,
steer_corr_yaw,randmat,conf75,6,0.823234,0.594363,0.228871,0.192773,0.26497,1.38507,8.5936,4.97407,12.2131,7.93255,14.8845,7.25857,1.05477e-06,,36,2.80224,0.00507487,-1,
steer_corr_yaw,decorr,conf25,6,0.41685,0.784681,-0.367832,-0.439692,-0.295971,0.531235,-7.44827,-10.6358,-4.26077,-6.87533,-12.9008,5.35358,3.09239e-05,,0,-2.80224,0.00507487,1,
steer_corr_yaw,decorr,conf50,6,0.41685,0.71925,-0.302401,-0.374798,-0.230003,0.579561,-5.77052,-8.34158,-3.19947,-5.32664,-9.99484,6.61446,3.12228e-05,,0,-2.80224,0.00507487,1,
steer_corr_yaw,decorr,conf75,6,0.41685,0.594363,-0.177513,-0.250785,-0.10424,0.701339,-3.28048,-5.0134,-1.54757,-3.02814,-5.68197,7.29532,0.000646804,,0,-2.80224,0.00507487,1,
steer_corr_yaw,conf25,conf50,6,0.784681,0.71925,0.0654308,0.0357389,0.0951228,1.09097,3.00491,1.35393,4.6559,2.77377,5.20466,7.04111,0.00122398,,36,2.80224,0.00507487,-1,
steer_corr_yaw,conf25,conf75,6,0.784681,0.594363,0.190319,0.154709,0.225928,1.32021,7.43073,4.2498,10.6117,6.85914,12.8704,6.42605,7.94261e-06,,36,2.80224,0.00507487,-1,
steer_corr_yaw,conf50,conf75,6,0.71925,0.594363,0.124888,0.0847666,0.165009,1.21012,4.02372,2.056,5.99144,3.71421,6.96929,9.65589,4.60397e-05,,36,2.80224,0.00507487,-1,
steer_asym_sd_hz,rest,flow,6,68.5044,515.564,-447.059,-470.06,-424.058,0.132873,-28.622,-40.1287,-17.1152,-26.4203,-49.5747,5.13358,4.41016e-08,,0,-2.80224,0.00507487,1,
steer_asym_sd_hz,rest,self,6,68.5044,517.788,-449.283,-463.243,-435.324,0.132302,-46.8148,-65.5785,-28.0512,-43.2137,-81.0857,5.3614,1.72469e-09,,0,-2.80224,0.00507487,1,0.00274931
steer_asym_sd_hz,rest,shuffle,6,68.5044,507.519,-439.014,-454.472,-423.556,0.134979,-41.4535,-58.0766,-24.8304,-38.2647,-71.7995,5.29499,4.04466e-09,,0,-2.80224,0.00507487,1,
steer_asym_sd_hz,rest,randmat,6,68.5044,514.286,-445.782,-464.414,-427.15,0.133203,-35.0958,-49.1823,-21.0093,-32.3961,-60.7877,5.20334,1.26887e-08,,0,-2.80224,0.00507487,1,
steer_asym_sd_hz,rest,decorr,6,68.5044,401.127,-332.622,-348.44,-316.805,0.17078,-30.7149,-43.0552,-18.3746,-28.3522,-53.1998,5.28178,2.04723e-08,,0,-2.80224,0.00507487,1,
steer_asym_sd_hz,rest,conf25,6,68.5044,475.239,-406.735,-415.583,-397.887,0.144147,-65.2233,-91.3421,-39.1045,-60.2061,-112.97,5.89443,4.65021e-11,,0,-2.80224,0.00507487,1,
steer_asym_sd_hz,rest,conf50,6,68.5044,442.586,-374.081,-388.445,-359.718,0.154782,-37.9204,-53.1336,-22.7072,-35.0035,-65.6801,5.34142,5.65376e-09,,0,-2.80224,0.00507487,1,
steer_asym_sd_hz,rest,conf75,6,68.5044,406.679,-338.175,-367.324,-309.025,0.168448,-17.1333,-24.0807,-10.1859,-15.8153,-29.6757,5.08324,6.7976e-07,,0,-2.80224,0.00507487,1,
steer_asym_sd_hz,flow,self,6,515.564,517.788,-2.22417,-26.2699,21.8216,0.995704,-0.122504,-1.25515,1.01014,-0.11308,-0.212183,8.24915,0.837114,0.837114,18,-0.0800641,0.936186,0,0.834291
steer_asym_sd_hz,flow,shuffle,6,515.564,507.519,8.04483,-16.4827,32.5724,1.01585,0.430203,-0.714397,1.5748,0.39711,0.745133,8.75602,0.475715,,23,0.720577,0.47117,-0.277778,
steer_asym_sd_hz,flow,randmat,6,515.564,514.286,1.27733,-24.5649,27.1196,1.00248,0.063957,-1.06792,1.19583,0.0590372,0.110777,9.58851,0.914078,,19,0.0800641,0.936186,-0.0555556,
steer_asym_sd_hz,flow,decorr,6,515.564,401.127,114.437,89.7804,139.094,1.28529,6.07533,3.39424,8.75643,5.608,10.5228,8.86917,2.62412e-06,,36,2.80224,0.00507487,-1,
steer_asym_sd_hz,flow,conf25,6,515.564,475.239,40.3242,17.2277,63.4206,1.08485,2.42537,0.934726,3.91602,2.23881,4.20087,6.44985,0.00483766,,35,2.64211,0.00823902,-0.944444,
steer_asym_sd_hz,flow,conf50,6,515.564,442.586,72.9778,48.8112,97.1445,1.16489,3.9881,2.03202,5.94417,3.68132,6.90758,8.39061,9.84434e-05,,36,2.80224,0.00507487,-1,
steer_asym_sd_hz,flow,conf75,6,515.564,406.679,108.885,76.4328,141.337,1.26774,4.34802,2.27282,6.42323,4.01356,7.531,9.48841,2.67125e-05,,36,2.80224,0.00507487,-1,
steer_asym_sd_hz,self,shuffle,6,517.788,507.519,10.269,-7.84992,28.3879,1.02023,0.730101,-0.438576,1.89878,0.673939,1.26457,9.89826,0.234988,0.469976,25,1.04083,0.297953,-0.388889,0.229443
steer_asym_sd_hz,self,randmat,6,517.788,514.286,3.5015,-16.9338,23.9368,1.00681,0.222792,-0.912299,1.35788,0.205654,0.385887,9.27159,0.708286,,21,0.40032,0.688921,-0.166667,0.687078
steer_asym_sd_hz,self,decorr,6,517.788,401.127,116.661,98.297,135.026,1.29083,8.18915,4.72295,11.6553,7.55921,14.184,9.84849,7.05916e-08,2.11775e-07,36,2.80224,0.00507487,-1,0.00274931
steer_asym_sd_hz,self,conf25,6,517.788,475.239,42.5483,27.8279,57.2687,1.08953,3.81238,1.91321,5.71156,3.51912,6.60324,8.45649,0.000131483,,36,2.80224,0.00507487,-1,0.00274931
steer_asym_sd_hz,self,conf50,6,517.788,442.586,75.202,57.7984,92.6056,1.16992,5.5593,3.06385,8.05476,5.13166,9.62899,9.99189,2.25918e-06,,36,2.80224,0.00507487,-1,0.00274931
steer_asym_sd_hz,self,conf75,6,517.788,406.679,111.109,81.5013,140.716,1.27321,5.09666,2.76466,7.42866,4.70461,8.82767,7.18493,4.13782e-05,,36,2.80224,0.00507487,-1,0.00274931
steer_asym_sd_hz,shuffle,randmat,6,507.519,514.286,-6.7675,-27.8872,14.3522,0.986841,-0.414115,-1.55776,0.729535,-0.38226,-0.717268,9.67203,0.490168,,13,-0.720577,0.47117,0.277778,
steer_asym_sd_hz,shuffle,decorr,6,507.519,401.127,106.392,87.1806,125.604,1.26523,7.12455,4.05778,10.1913,6.57651,12.3401,9.99474,2.25674e-07,,36,2.80224,0.00507487,-1,
steer_asym_sd_hz,shuffle,conf25,6,507.519,475.239,32.2793,16.2538,48.3048,1.06792,2.68422,1.12418,4.24427,2.47774,4.64921,7.95728,0.00166994,,36,2.80224,0.00507487,-1,
steer_asym_sd_hz,shuffle,conf50,6,507.519,442.586,64.933,46.5892,83.2768,1.14671,4.55692,2.41118,6.70267,4.20639,7.89283,9.94684,1.36784e-05,,36,2.80224,0.00507487,-1,
steer_asym_sd_hz,shuffle,conf75,6,507.519,406.679,100.84,70.9444,130.735,1.24796,4.53099,2.39405,6.66793,4.18245,7.84791,7.612,6.5815e-05,,36,2.80224,0.00507487,-1,
steer_asym_sd_hz,randmat,decorr,6,514.286,401.127,113.16,91.8611,134.459,1.28211,6.85907,3.89077,9.82738,6.33145,11.8803,9.74461,4.08263e-07,,36,2.80224,0.00507487,-1,
steer_asym_sd_hz,randmat,conf25,6,514.286,475.239,39.0468,20.1206,57.9731,1.08216,2.8049,1.21124,4.39856,2.58914,4.85823,7.14672,0.00173427,,36,2.80224,0.00507487,-1,
steer_asym_sd_hz,randmat,conf50,6,514.286,442.586,71.7005,51.0905,92.3105,1.162,4.51473,2.38331,6.64616,4.16745,7.81975,9.39471,2.07218e-05,,36,2.80224,0.00507487,-1,
steer_asym_sd_hz,randmat,conf75,6,514.286,406.679,107.607,76.8591,138.356,1.2646,4.61156,2.44721,6.77591,4.25682,7.98745,8.50539,3.11453e-05,,36,2.80224,0.00507487,-1,
steer_asym_sd_hz,decorr,conf25,6,401.127,475.239,-74.113,-90.459,-57.767,0.844051,-6.05677,-8.73113,-3.3824,-5.59086,-10.4906,7.84885,6.83388e-06,,0,-2.80224,0.00507487,1,
steer_asym_sd_hz,decorr,conf50,6,401.127,442.586,-41.4593,-60.0425,-22.8762,0.906325,-2.8736,-4.48673,-1.26047,-2.65255,-4.97722,9.90891,0.000571195,,0,-2.80224,0.00507487,1,
steer_asym_sd_hz,decorr,conf75,6,401.127,406.679,-5.5525,-35.5279,24.4229,0.986347,-0.24821,-1.38414,0.887725,-0.229117,-0.429912,7.71541,0.679014,,16,-0.240192,0.810181,0.111111,
steer_asym_sd_hz,conf25,conf50,6,475.239,442.586,32.6537,17.5863,47.721,1.07378,2.86644,1.25534,4.47753,2.64594,4.96482,8.31452,0.000981457,,35,2.64211,0.00823902,-0.944444,
steer_asym_sd_hz,conf25,conf75,6,475.239,406.679,68.5605,39.4372,97.6838,1.16859,3.33732,1.58712,5.08751,3.0806,5.7804,5.91545,0.0012313,,36,2.80224,0.00507487,-1,
steer_asym_sd_hz,conf50,conf75,6,442.586,406.679,35.9068,6.22869,65.585,1.08829,1.63812,0.330449,2.94579,1.51211,2.8373,7.29912,0.0240638,,29,1.68135,0.0926958,-0.611111,
dn_rate_hz,rest,flow,6,323.222,1202.78,-879.554,-895.975,-863.134,0.26873,-79.4021,-111.189,-47.6151,-73.2943,-137.529,5.01936,3.58856e-10,,0,-2.80715,0.00499812,1,
dn_rate_hz,rest,self,6,323.222,1212.56,-889.334,-905.425,-873.244,0.266563,-81.9308,-114.729,-49.1327,-75.6284,-141.908,5.02016,3.05698e-10,,0,-2.80715,0.00499812,1,0.00274931
dn_rate_hz,rest,shuffle,6,323.222,1198.44,-875.223,-887.349,-863.097,0.269701,-106.896,-149.678,-64.1145,-98.6733,-185.149,5.03549,7.5655e-11,,0,-2.80715,0.00499812,1,
dn_rate_hz,rest,randmat,6,323.222,1205.73,-882.503,-894.791,-870.214,0.268073,-106.363,-148.931,-63.7944,-98.1809,-184.225,5.03455,7.7875e-11,,0,-2.80715,0.00499812,1,
dn_rate_hz,rest,decorr,6,323.222,1175.17,-851.945,-874.498,-829.391,0.275044,-56.0274,-78.4712,-33.5836,-51.7176,-97.0423,5.01026,2.12827e-09,,0,-2.80715,0.00499812,1,
dn_rate_hz,rest,conf25,6,323.222,1179.39,-856.164,-867.989,-844.34,0.27406,-107.22,-150.13,-64.3087,-98.9719,-185.71,5.03732,7.39689e-11,,0,-2.80715,0.00499812,1,
dn_rate_hz,rest,conf50,6,323.222,1169.39,-846.166,-866.493,-825.839,0.276403,-61.7342,-86.4585,-37.0099,-56.9854,-106.927,5.01263,1.29866e-09,,0,-2.80715,0.00499812,1,
dn_rate_hz,rest,conf75,6,323.222,1179.22,-855.998,-869.348,-842.648,0.274098,-94.9952,-133.017,-56.9731,-87.6879,-164.537,5.02928,1.40408e-10,,0,-2.80715,0.00499812,1,
dn_rate_hz,flow,self,6,1202.78,1212.56,-9.78,-29.7125,10.1525,0.991934,-0.631224,-1.79065,0.528199,-0.582668,-1.09331,9.99587,0.299904,0.299904,11,-1.04083,0.297953,0.388889,0.285429
dn_rate_hz,flow,shuffle,6,1202.78,1198.44,4.33167,-13.5759,22.2392,1.00361,0.31486,-0.823716,1.45344,0.29064,0.545353,9.2038,0.598477,,20,0.240192,0.810181,-0.111111,
dn_rate_hz,flow,randmat,6,1202.78,1205.73,-2.94833,-20.9238,15.0271,0.997555,-0.213293,-1.34809,0.921505,-0.196886,-0.369435,9.26385,0.720107,,16,-0.240192,0.810181,0.111111,
dn_rate_hz,flow,decorr,6,1202.78,1175.17,27.61,3.11249,52.1075,1.02349,1.4686,0.193569,2.74363,1.35563,2.54369,9.13862,0.0311612,,31,2.0016,0.0453276,-0.722222,
dn_rate_hz,flow,conf25,6,1202.78,1179.39,23.39,5.60415,41.1758,1.01983,1.71507,0.391703,3.03844,1.58314,2.97059,9.08737,0.0155252,,34,2.48199,0.0130652,-0.888889,
dn_rate_hz,flow,conf50,6,1202.78,1169.39,33.3883,10.5986,56.1781,1.02855,1.89602,0.53371,3.25833,1.75017,3.284,9.57707,0.00871467,,33.5,2.40613,0.0161224,-0.861111,
dn_rate_hz,flow,conf75,6,1202.78,1179.22,23.5567,5.10467,42.0087,1.01998,1.65161,0.341231,2.962,1.52457,2.86068,9.60032,0.0176121,,31,2.0016,0.0453276,-0.722222,
dn_rate_hz,self,shuffle,6,1212.56,1198.44,14.1117,-3.53782,31.7611,1.01177,1.03923,-0.166319,2.24478,0.959291,1.8,9.29483,0.104332,0.208664,28,1.52122,0.128205,-0.555556,0.109973
dn_rate_hz,self,randmat,6,1212.56,1205.73,6.83167,-10.8879,24.5512,1.00567,0.500663,-0.648514,1.64984,0.46215,0.867173,9.35272,0.407545,,24,0.880705,0.378478,-0.333333,0.412647
dn_rate_hz,self,decorr,6,1212.56,1175.17,37.39,13.0236,61.7564,1.03182,2.00268,0.616156,3.3892,1.84863,3.46874,9.043,0.00701204,0.0210361,33,2.32186,0.0202406,-0.833333,0.0154961
dn_rate_hz,self,conf25,6,1212.56,1179.39,33.17,15.6462,50.6938,1.02812,2.46474,0.963788,3.96568,2.27514,4.26905,9.18188,0.0019903,,34,2.48199,0.0130652,-0.888889,0.00949763
dn_rate_hz,self,conf50,6,1212.56,1169.39,43.1683,20.5324,65.8043,1.03692,2.47091,0.968342,3.97349,2.28084,4.27975,9.49968,0.00181214,,35,2.64211,0.00823902,-0.944444,0.00549863
dn_rate_hz,self,conf75,6,1212.56,1179.22,33.3367,15.1262,51.5471,1.02827,2.36586,0.890601,3.84112,2.18387,4.09779,9.67089,0.00230831,,35,2.64211,0.00823902,-0.944444,0.00549863
dn_rate_hz,shuffle,randmat,6,1198.44,1205.73,-7.28,-22.2496,7.68957,0.993962,-0.625625,-1.78456,0.533312,-0.5775,-1.08361,9.99822,0.303975,,10,-1.20096,0.229766,0.444444,
dn_rate_hz,shuffle,decorr,6,1198.44,1175.17,23.2783,0.129881,46.4268,1.01981,1.34897,0.0952779,2.60267,1.24521,2.33649,7.6688,0.0490105,,29,1.68135,0.0926958,-0.611111,
dn_rate_hz,shuffle,conf25,6,1198.44,1179.39,19.0583,4.37132,33.7453,1.01616,1.66944,0.355444,2.98343,1.54102,2.89155,9.99369,0.0160743,,31,2.0016,0.0453276,-0.722222,
dn_rate_hz,shuffle,conf50,6,1198.44,1169.39,29.0567,7.89208,50.2213,1.02485,1.82162,0.475659,3.16759,1.6815,3.15514,8.15965,0.013159,,33,2.32186,0.0202406,-0.833333,
dn_rate_hz,shuffle,conf75,6,1198.44,1179.22,19.225,3.56826,34.8817,1.0163,1.58157,0.285089,2.87805,1.45991,2.73935,9.90899,0.0210201,,33,2.32186,0.0202406,-0.833333,
dn_rate_hz,randmat,decorr,6,1205.73,1175.17,30.5583,7.37301,53.7437,1.026,1.7655,0.431565,3.09945,1.6297,3.05794,7.72938,0.0162885,,31.5,2.08531,0.0370407,-0.75,
dn_rate_hz,randmat,conf25,6,1205.73,1179.39,26.3383,11.5483,41.1284,1.02233,2.29132,0.835016,3.74763,2.11507,3.96869,9.98524,0.00265663,,34,2.48199,0.0130652,-0.888889,
dn_rate_hz,randmat,conf50,6,1205.73,1169.39,36.3367,15.1259,57.5474,1.03107,2.26998,0.819034,3.72093,2.09537,3.93172,8.22516,0.0041147,,34,2.48199,0.0130652,-0.888889,
dn_rate_hz,randmat,conf75,6,1205.73,1179.22,26.505,10.758,42.252,1.02248,2.16727,0.741679,3.59285,2.00055,3.75382,9.93222,0.00380513,,34,2.48199,0.0130652,-0.888889,
dn_rate_hz,decorr,conf25,6,1175.17,1179.39,-4.22,-27.3033,18.8633,0.996422,-0.245904,-1.38176,0.889951,-0.226988,-0.425918,7.55686,0.682038,,14,-0.560449,0.575174,0.222222,
dn_rate_hz,decorr,conf50,6,1175.17,1169.39,5.77833,-20.5802,32.1368,1.00494,0.28242,-0.854793,1.41963,0.260695,0.489166,9.89391,0.635387,,19,0.0800641,0.936186,-0.0555556,
dn_rate_hz,decorr,conf75,6,1175.17,1179.22,-4.05333,-27.5067,19.4,0.996563,-0.229496,-1.3648,0.905808,-0.211843,-0.397499,8.12157,0.701242,,14,-0.560449,0.575174,0.222222,
dn_rate_hz,conf25,conf50,6,1179.39,1169.39,9.99833,-11.0842,31.0808,1.00855,0.630889,-0.528505,1.79028,0.582359,1.09273,8.03745,0.306179,,24,0.880705,0.378478,-0.333333,
dn_rate_hz,conf25,conf75,6,1179.39,1179.22,0.166667,-15.3269,15.6603,1.00014,0.0138655,-1.11773,1.14546,0.0127989,0.0240158,9.85648,0.981319,,17,-0.0800641,0.936186,0.0555556,
dn_rate_hz,conf50,conf75,6,1169.39,1179.22,-9.83167,-31.3741,11.7108,0.991663,-0.5999,-1.75666,0.556858,-0.553754,-1.03906,8.63757,0.326988,,13,-0.720577,0.47117,0.277778,
