metric,arm_a,arm_b,n_per_arm,mean_a,mean_b,diff_a_minus_b,diff_ci95_lo,diff_ci95_hi,ratio_a_over_b,cohens_d,d_ci95_lo,d_ci95_hi,hedges_g,welch_t,welch_df,p_welch_two_sided,p_holm_self_family,mannwhitney_U,mw_z,p_mannwhitney_two_sided,rank_biserial,p_perm_two_sided
pool_rate_hz,rest,flow,6,43.6113,67.9743,-24.363,-24.4958,-24.2303,0.641585,-236.715,-331.425,-142.004,-218.506,-410.002,9.80076,4.41973e-22,,0,-2.80224,0.00507487,1,
pool_rate_hz,rest,self,6,43.6113,68.0795,-24.4683,-24.6024,-24.3341,0.640593,-235.476,-329.691,-141.261,-217.363,-407.857,9.754,5.72098e-22,,0,-2.80224,0.00507487,1,0.00274931
pool_rate_hz,rest,shuffle,6,43.6113,68.0438,-24.4325,-24.5762,-24.2888,0.64093,-220.693,-308.994,-132.392,-203.717,-382.251,9.37159,5.71952e-21,,0,-2.80224,0.00507487,1,
pool_rate_hz,rest,randmat,6,43.6113,68.0576,-24.4463,-24.6563,-24.2363,0.6408,-157.972,-221.183,-94.761,-145.82,-273.615,7.21858,9.18968e-16,,0,-2.80224,0.00507487,1,
pool_rate_hz,rest,decorr,6,43.6113,68.0398,-24.4285,-24.5436,-24.3134,0.640967,-273.73,-383.249,-164.211,-252.674,-474.114,9.80669,1.03577e-22,,0,-2.80224,0.00507487,1,
pool_rate_hz,rest,conf25,6,43.6113,68.0395,-24.4282,-24.5681,-24.2884,0.64097,-226.144,-316.626,-135.662,-208.748,-391.693,9.53185,2.24895e-21,,0,-2.80224,0.00507487,1,
pool_rate_hz,rest,conf50,6,43.6113,67.9914,-24.3801,-24.5651,-24.1952,0.641423,-176.169,-246.658,-105.679,-162.617,-305.133,7.83434,3.0104e-17,,0,-2.80224,0.00507487,1,
pool_rate_hz,rest,conf75,6,43.6113,68.1134,-24.5021,-24.6783,-24.3259,0.640275,-184.7,-258.603,-110.797,-170.492,-319.91,8.10269,6.57415e-18,,0,-2.80224,0.00507487,1,
pool_rate_hz,flow,self,6,67.9743,68.0795,-0.105233,-0.247953,0.0374862,0.998454,-0.948566,-2.14209,0.24496,-0.8756,-1.64297,9.99724,0.131428,0.394285,9,-1.36109,0.173485,0.5,0.144964
pool_rate_hz,flow,shuffle,6,67.9743,68.0438,-0.0694833,-0.220719,0.0817528,0.998979,-0.592198,-1.74832,0.563924,-0.546644,-1.02572,9.8561,0.32954,,12,-0.880705,0.378478,0.333333,
pool_rate_hz,flow,randmat,6,67.9743,68.0576,-0.0832667,-0.296443,0.129909,0.998777,-0.521864,-1.67255,0.628821,-0.481721,-0.903895,7.84196,0.392971,,15,-0.40032,0.688921,0.166667,
pool_rate_hz,flow,decorr,6,67.9743,68.0398,-0.0655,-0.192036,0.0610357,0.999037,-0.672914,-1.83608,0.490256,-0.621151,-1.16552,9.28536,0.272874,,12,-0.880705,0.378478,0.333333,
pool_rate_hz,flow,conf25,6,67.9743,68.0395,-0.0652167,-0.213029,0.082596,0.999041,-0.568095,-1.72228,0.58609,-0.524395,-0.983969,9.93383,0.348489,,11,-1.04083,0.297953,0.388889,
pool_rate_hz,flow,conf50,6,67.9743,67.9914,-0.0171167,-0.206424,0.172191,0.999748,-0.119077,-1.25167,1.01351,-0.109917,-0.206248,8.53536,0.841433,,17,-0.0800641,0.936186,0.0555556,
pool_rate_hz,flow,conf75,6,67.9743,68.1134,-0.13905,-0.32017,0.0420702,0.997959,-1.0059,-2.20692,0.195115,-0.928525,-1.74227,8.81519,0.116142,,9,-1.36109,0.173485,0.5,
pool_rate_hz,self,shuffle,6,68.0795,68.0438,0.03575,-0.116528,0.188028,1.00053,0.302456,-0.835581,1.44049,0.27919,0.523869,9.89211,0.611904,1,20,0.240192,0.810181,-0.111111,0.621345
pool_rate_hz,self,randmat,6,68.0795,68.0576,0.0219667,-0.191688,0.235621,1.00032,0.137124,-0.995791,1.27004,0.126576,0.237506,7.92017,0.818293,,22,0.560449,0.575174,-0.222222,0.778305
pool_rate_hz,self,decorr,6,68.0795,68.0398,0.0397333,-0.0883121,0.167779,1.00058,0.403868,-0.739196,1.54693,0.372801,0.699519,9.21096,0.50151,1,20,0.240192,0.810181,-0.111111,0.487878
pool_rate_hz,self,conf25,6,68.0795,68.0395,0.0400167,-0.108889,0.188922,1.00059,0.345909,-0.794108,1.48593,0.3193,0.599132,9.9578,0.562467,,22,0.560449,0.575174,-0.222222,0.564859
pool_rate_hz,self,conf50,6,68.0795,67.9914,0.0881167,-0.101829,0.278062,1.0013,0.610001,-0.547602,1.7676,0.563078,1.05655,8.61837,0.319431,,24,0.880705,0.378478,-0.333333,0.310922
pool_rate_hz,self,conf75,6,68.0795,68.1134,-0.0338167,-0.215643,0.14801,0.999504,-0.243336,-1.3791,0.89243,-0.224617,-0.421469,8.89671,0.683413,,12,-0.880705,0.378478,0.333333,0.668833
pool_rate_hz,shuffle,randmat,6,68.0438,68.0576,-0.0137833,-0.231098,0.203532,0.999797,-0.0836944,-1.21578,1.04839,-0.0772564,-0.144963,8.43292,0.888145,,18,-0.0800641,0.936186,0,
pool_rate_hz,shuffle,decorr,6,68.0438,68.0398,0.00398333,-0.134564,0.142531,1.00006,0.0377434,-1.09394,1.16943,0.03484,0.0653735,8.70711,0.949353,,21,0.40032,0.688921,-0.166667,
pool_rate_hz,shuffle,conf25,6,68.0438,68.0395,0.00426667,-0.152489,0.161023,1.00006,0.0350218,-1.09665,1.16669,0.0323279,0.0606596,9.98434,0.952827,,17,-0.0800641,0.936186,0.0555556,
pool_rate_hz,shuffle,conf50,6,68.0438,67.9914,0.0523667,-0.142363,0.247096,1.00077,0.35047,-0.78977,1.49071,0.323511,0.607032,9.12908,0.558623,,21,0.40032,0.688921,-0.166667,
pool_rate_hz,shuffle,conf75,6,68.0438,68.1134,-0.0695667,-0.256648,0.117514,0.998979,-0.482682,-1.63063,0.665263,-0.445552,-0.836029,9.37965,0.423924,,13,-0.720577,0.47117,0.277778,
pool_rate_hz,randmat,decorr,6,68.0576,68.0398,0.0177667,-0.190327,0.225861,1.00026,0.117586,-1.01498,1.25015,0.108541,0.203665,6.71065,0.844653,,16,-0.240192,0.810181,0.111111,
pool_rate_hz,randmat,conf25,6,68.0576,68.0395,0.01805,-0.197742,0.233842,1.00027,0.11081,-1.02164,1.24326,0.102286,0.191928,8.23609,0.852446,,17,-0.0800641,0.936186,0.0555556,
pool_rate_hz,randmat,conf50,6,68.0576,67.9914,0.06615,-0.171755,0.304055,1.00097,0.358657,-0.78199,1.4993,0.331068,0.621212,9.80512,0.548629,,21,0.40032,0.688921,-0.166667,
pool_rate_hz,randmat,conf75,6,68.0576,68.1134,-0.0557833,-0.288773,0.177207,0.999181,-0.309603,-1.44795,0.828741,-0.285788,-0.536249,9.63155,0.60395,,17,-0.0800641,0.936186,0.0555556,
pool_rate_hz,decorr,conf25,6,68.0398,68.0395,0.000283333,-0.134092,0.134658,1,0.00275845,-1.12883,1.13434,0.00254626,0.00477778,8.90261,0.996293,,17,-0.0800641,0.936186,0.0555556,
pool_rate_hz,decorr,conf50,6,68.0398,67.9914,0.0483833,-0.133821,0.230588,1.00071,0.360289,-0.78044,1.50102,0.332574,0.624039,7.22093,0.5518,,19,0.0800641,0.936186,-0.0555556,
pool_rate_hz,decorr,conf75,6,68.0398,68.1134,-0.07355,-0.246673,0.0995731,0.99892,-0.572931,-1.7275,0.581637,-0.528859,-0.992345,7.45303,0.352148,,13,-0.720577,0.47117,0.277778,
pool_rate_hz,conf25,conf50,6,68.0395,67.9914,0.0481,-0.144659,0.240859,1.00071,0.326238,-0.81285,1.46533,0.301143,0.565061,8.9404,0.585929,,20,0.240192,0.810181,-0.111111,
pool_rate_hz,conf25,conf75,6,68.0395,68.1134,-0.0738333,-0.258757,0.111091,0.998916,-0.519692,-1.67022,0.630837,-0.479715,-0.900132,9.20547,0.390989,,12,-0.880705,0.378478,0.333333,
pool_rate_hz,conf50,conf75,6,67.9914,68.1134,-0.121933,-0.336003,0.0921365,0.99821,-0.733051,-1.90202,0.435922,-0.676663,-1.26968,9.96856,0.233036,,10,-1.20096,0.229766,0.444444,
injected_events,rest,flow,6,0,701947,-701947,-702734,-701160,0,-1323.87,-1853.52,-794.219,-1222.03,-2293.01,5,2.99417e-16,,0,-2.99124,0.00277843,1,
injected_events,rest,self,6,0,702570,-702570,-704350,-700791,0,-585.944,-820.369,-351.519,-540.872,-1014.89,5,1.76285e-14,,0,-2.99124,0.00277843,1,0.00274931
injected_events,rest,shuffle,6,0,701992,-701992,-703137,-700847,0,-910.122,-1274.24,-546.002,-840.112,-1576.38,5,1.94985e-15,,0,-2.99124,0.00277843,1,
injected_events,rest,randmat,6,0,703075,-703075,-704017,-702133,0,-1107.3,-1550.3,-664.294,-1022.12,-1917.9,5,7.31434e-16,,0,-2.99124,0.00277843,1,
injected_events,rest,decorr,6,0,702250,-702250,-703105,-701394,0,-1218.32,-1705.74,-730.899,-1124.6,-2110.19,5,4.53619e-16,,0,-2.99124,0.00277843,1,
injected_events,rest,conf25,6,0,702325,-702325,-703262,-701389,0,-1112.66,-1557.8,-667.507,-1027.07,-1927.18,5,7.13997e-16,,0,-2.99124,0.00277843,1,
injected_events,rest,conf50,6,0,702378,-702378,-703535,-701222,0,-901.19,-1261.74,-540.644,-831.867,-1560.91,5,2.04842e-15,,0,-2.99124,0.00277843,1,
injected_events,rest,conf75,6,0,702827,-702827,-703635,-702020,0,-1291.39,-1808.05,-774.737,-1192.06,-2236.76,5,3.39004e-16,,0,-2.99124,0.00277843,1,
injected_events,flow,self,6,701947,702570,-623.167,-2419.19,1172.85,0.999113,-0.475321,-1.62277,0.672132,-0.438758,-0.823281,6.88345,0.437937,1,11,-1.04083,0.297953,0.388889,0.427393
injected_events,flow,shuffle,6,701947,701992,-45,-1270.34,1180.34,0.999936,-0.0480777,-1.17983,1.08367,-0.0443794,-0.083273,8.86294,0.935485,,16,-0.240192,0.810181,0.111111,
injected_events,flow,randmat,6,701947,703075,-1127.83,-2196.59,-59.0786,0.998396,-1.3634,-2.61959,-0.107209,-1.25852,-2.36148,9.69184,0.040606,,7,-1.68135,0.0926958,0.611111,
injected_events,flow,decorr,6,701947,702250,-302.5,-1310.96,705.955,0.999569,-0.386242,-1.52833,0.755846,-0.356531,-0.66899,9.93105,0.51875,,15,-0.40032,0.688921,0.166667,
injected_events,flow,conf25,6,701947,702325,-378.167,-1442.94,686.603,0.999462,-0.458739,-1.60511,0.687633,-0.423452,-0.79456,9.7107,0.445854,,14,-0.560449,0.575174,0.222222,
injected_events,flow,conf50,6,701947,702378,-431.333,-1666.51,803.842,0.999386,-0.457576,-1.60387,0.688722,-0.422378,-0.792544,8.8117,0.448854,,14,-0.560449,0.575174,0.222222,
injected_events,flow,conf75,6,701947,702827,-880.167,-1857.71,97.3749,0.998748,-1.15838,-2.38119,0.0644288,-1.06927,-2.00637,9.9932,0.0726317,,7,-1.68135,0.0926958,0.611111,
injected_events,self,shuffle,6,702570,701992,578.167,-1299.53,2455.86,1.00082,0.405531,-0.737626,1.54869,0.374337,0.702401,8.53308,0.501138,1,21,0.40032,0.688921,-0.166667,0.501375
injected_events,self,randmat,6,702570,703075,-504.667,-2327.74,1318.41,0.999282,-0.371959,-1.51329,0.76937,-0.343347,-0.644252,7.59975,0.538365,,14,-0.560449,0.575174,0.222222,0.543364
injected_events,self,decorr,6,702570,702250,320.667,-1485.73,2127.07,1.00046,0.241032,-0.894655,1.37672,0.222491,0.417479,7.1938,0.688506,1,21,0.40032,0.688921,-0.166667,0.676331
injected_events,self,conf25,6,702570,702325,245,-1576.89,2066.89,1.00035,0.180807,-0.953089,1.3147,0.166899,0.313166,7.57367,0.762604,,21,0.40032,0.688921,-0.166667,0.748813
injected_events,self,conf50,6,702570,702378,191.833,-1689.79,2073.46,1.00027,0.134141,-0.998716,1.267,0.123823,0.232339,8.58514,0.821718,,21,0.40032,0.688921,-0.166667,0.812547
injected_events,self,conf75,6,702570,702827,-257,-2055.92,1541.92,0.999634,-0.195174,-1.32945,0.939103,-0.180161,-0.338051,6.97633,0.745269,,17,-0.0800641,0.936186,0.0555556,0.739315
injected_events,shuffle,randmat,6,701992,703075,-1082.83,-2374.48,208.812,0.99846,-1.08387,-2.2957,0.127955,-1.0005,-1.87732,9.64396,0.0910109,,6,-1.84147,0.0655522,0.666667,
injected_events,shuffle,decorr,6,701992,702250,-257.5,-1509.8,994.8,0.999633,-0.267421,-1.40405,0.869211,-0.246851,-0.463188,9.25696,0.653927,,16,-0.240192,0.810181,0.111111,
injected_events,shuffle,conf25,6,701992,702325,-333.167,-1622.14,955.806,0.999526,-0.334278,-1.47374,0.805183,-0.308564,-0.578986,9.62345,0.575898,,15,-0.40032,0.688921,0.166667,
injected_events,shuffle,conf50,6,701992,702378,-386.333,-1796.95,1024.28,0.99945,-0.352323,-1.49265,0.788008,-0.325222,-0.610242,9.99892,0.555317,,19,0.0800641,0.936186,-0.0555556,
injected_events,shuffle,conf75,6,701992,702827,-835.167,-2068.29,397.959,0.998812,-0.884716,-2.07037,0.300936,-0.816661,-1.53237,8.98973,0.159832,,10,-1.20096,0.229766,0.444444,
injected_events,randmat,decorr,6,703075,702250,825.333,-279.233,1929.9,1.00118,0.962425,-0.232876,2.15773,0.888392,1.66697,9.90788,0.12677,,27,1.36109,0.173485,-0.5,
injected_events,randmat,conf25,6,703075,702325,749.667,-402.087,1901.42,1.00107,0.837321,-0.342808,2.01745,0.772912,1.45028,9.99965,0.177611,,28,1.52122,0.128205,-0.555556,
injected_events,randmat,conf50,6,703075,702378,696.5,-603.919,1996.92,1.00099,0.692836,-0.472205,1.85788,0.639541,1.20003,9.6074,0.258884,,28,1.52122,0.128205,-0.555556,
injected_events,randmat,conf75,6,703075,702827,247.667,-831.55,1326.88,1.00035,0.296155,-0.841617,1.43393,0.273374,0.512956,9.77143,0.619378,,21,0.40032,0.688921,-0.166667,
injected_events,decorr,conf25,6,702250,702325,-75.6667,-1176.52,1025.18,0.999892,-0.08852,-1.22066,1.04362,-0.0817107,-0.153321,9.91861,0.881219,,18,-0.0800641,0.936186,0,
injected_events,decorr,conf50,6,702250,702378,-128.833,-1390.51,1132.84,0.999817,-0.132903,-1.26574,0.999931,-0.12268,-0.230195,9.21006,0.822972,,19,0.0800641,0.936186,-0.0555556,
injected_events,decorr,conf75,6,702250,702827,-577.667,-1597.92,442.587,0.999178,-0.728693,-1.89723,0.439843,-0.67264,-1.26213,9.9672,0.235634,,11,-1.04083,0.297953,0.388889,
injected_events,conf25,conf50,6,702325,702378,-53.1667,-1350.95,1244.62,0.999924,-0.053011,-1.1848,1.07877,-0.0489332,-0.0918177,9.58609,0.928733,,20,0.240192,0.810181,-0.111111,
injected_events,conf25,conf75,6,702325,702827,-502,-1577.31,573.313,0.999286,-0.60232,-1.75928,0.554639,-0.555988,-1.04325,9.78797,0.321915,,11,-1.04083,0.297953,0.388889,
injected_events,conf50,conf75,6,702378,702827,-448.833,-1691.66,793.992,0.999361,-0.472157,-1.6194,0.675087,-0.435837,-0.817799,8.93943,0.434727,,10,-1.20096,0.229766,0.444444,
cx_rate_hz,rest,flow,6,10.1005,15.0225,-4.92197,-5.02155,-4.82239,0.672359,-65.0136,-91.0486,-38.9786,-60.0126,-112.607,8.60213,6.20677e-15,,0,-2.80715,0.00499812,1,
cx_rate_hz,rest,self,6,10.1005,14.9488,-4.84835,-4.95675,-4.73995,0.67567,-59.4326,-83.237,-35.6281,-54.8608,-102.94,8.08976,6.67634e-14,,0,-2.80224,0.00507487,1,0.00274931
cx_rate_hz,rest,shuffle,6,10.1005,15.1168,-5.01628,-5.0894,-4.94316,0.668164,-88.2956,-123.639,-52.9525,-81.5036,-152.932,9.96423,3.96739e-18,,0,-2.80224,0.00507487,1,
cx_rate_hz,rest,randmat,6,10.1005,15.0484,-4.94795,-5.05286,-4.84304,0.671198,-62.4243,-87.4244,-37.4242,-57.6224,-108.122,8.28184,2.43208e-14,,0,-2.80224,0.00507487,1,
cx_rate_hz,rest,decorr,6,10.1005,14.9468,-4.84635,-4.91428,-4.77842,0.675761,-92.5493,-129.593,-55.5053,-85.4301,-160.3,9.42236,1.64603e-17,,0,-2.80224,0.00507487,1,
cx_rate_hz,rest,conf25,6,10.1005,14.9635,-4.86303,-4.94945,-4.77661,0.675007,-72.9161,-102.11,-43.7222,-67.3072,-126.294,9.4939,1.23094e-16,,0,-2.80224,0.00507487,1,
cx_rate_hz,rest,conf50,6,10.1005,14.804,-4.7035,-4.79842,-4.60858,0.682281,-64.8202,-90.7779,-38.8625,-59.834,-112.272,8.90722,2.40564e-15,,0,-2.80224,0.00507487,1,
cx_rate_hz,rest,conf75,6,10.1005,14.9854,-4.8849,-5.01242,-4.75738,0.674022,-51.9135,-72.7137,-31.1134,-47.9202,-89.9169,7.26461,2.45169e-12,,0,-2.80224,0.00507487,1,
cx_rate_hz,flow,self,6,15.0225,14.9488,0.0736167,-0.0483635,0.195597,1.00492,0.777487,-0.396072,1.95105,0.717681,1.34665,9.89504,0.208127,0.416254,27,1.36348,0.172733,-0.5,0.204199
cx_rate_hz,flow,shuffle,6,15.0225,15.1168,-0.0943167,-0.19277,0.00413649,0.993761,-1.26738,-2.50738,-0.0273882,-1.16989,-2.19517,8.30285,0.0582346,,8,-1.52388,0.127538,0.555556,
cx_rate_hz,flow,randmat,6,15.0225,15.0484,-0.0259833,-0.145299,0.0933328,0.998273,-0.280298,-1.41743,0.856831,-0.258736,-0.48549,9.95903,0.637832,,14,-0.561431,0.574504,0.222222,
cx_rate_hz,flow,decorr,6,15.0225,14.9468,0.0756167,-0.0203541,0.171587,1.00506,1.0638,-0.145172,2.27278,0.981973,1.84256,7.40706,0.105612,,26,1.20307,0.228951,-0.444444,
cx_rate_hz,flow,conf25,6,15.0225,14.9635,0.0589333,-0.0473423,0.165209,1.00394,0.716863,-0.450502,1.88423,0.66172,1.24164,9.65191,0.243694,,25,1.04266,0.297107,-0.388889,
cx_rate_hz,flow,conf50,6,15.0225,14.804,0.218467,0.106441,0.330492,1.01476,2.50999,0.997089,4.0229,2.31692,4.34744,9.96227,0.00146229,,34,2.48634,0.0129066,-0.888889,
cx_rate_hz,flow,conf75,6,15.0225,14.9854,0.0370667,-0.100315,0.174449,1.00247,0.350801,-0.789455,1.49106,0.323816,0.607604,9.27446,0.558032,,22,0.561431,0.574504,-0.222222,
cx_rate_hz,self,shuffle,6,14.9488,15.1168,-0.167933,-0.275422,-0.0604446,0.988891,-2.08916,-3.49596,-0.682359,-1.92845,-3.61853,7.80438,0.00708688,0.0212606,0,-2.80224,0.00507487,1,0.00274931
cx_rate_hz,self,randmat,6,14.9488,15.0484,-0.0996,-0.225119,0.025919,0.993381,-1.02099,-2.22404,0.182063,-0.942452,-1.76841,9.98473,0.107476,,7,-1.68135,0.0926958,0.611111,0.114721
cx_rate_hz,self,decorr,6,14.9488,14.9468,0.002,-0.103539,0.107539,1.00013,0.0258719,-1.10576,1.1575,0.0238817,0.0448114,6.99935,0.965509,0.965509,19,0.0800641,0.936186,-0.0555556,0.955261
cx_rate_hz,self,conf25,6,14.9488,14.9635,-0.0146833,-0.128707,0.0993402,0.999019,-0.16753,-1.3011,0.966039,-0.154643,-0.29017,9.23763,0.778095,,18,-0.0800641,0.936186,0,0.814546
cx_rate_hz,self,conf50,6,14.9488,14.804,0.14485,0.0258234,0.263877,1.00978,1.5712,0.276743,2.86566,1.45034,2.7214,9.73965,0.021995,,31,2.0016,0.0453276,-0.722222,0.0274931
cx_rate_hz,self,conf75,6,14.9488,14.9854,-0.03655,-0.178623,0.105523,0.997561,-0.332437,-1.47181,0.806938,-0.306865,-0.575798,9.67957,0.577892,,15,-0.40032,0.688921,0.166667,0.575856
cx_rate_hz,shuffle,randmat,6,15.1168,15.0484,0.0683333,-0.0355833,0.17225,1.00454,0.87569,-0.308889,2.06027,0.808329,1.51674,7.98909,0.167857,,26,1.20096,0.229766,-0.444444,
cx_rate_hz,shuffle,decorr,6,15.1168,14.9468,0.169933,0.104668,0.235199,1.01137,3.36603,1.60706,5.12501,3.10711,5.83014,9.64978,0.000190779,,36,2.80224,0.00507487,-1,
cx_rate_hz,shuffle,conf25,6,15.1168,14.9635,0.15325,0.0683949,0.238105,1.01024,2.34947,0.878405,3.82053,2.16874,4.0694,9.2398,0.00265288,,36,2.80224,0.00507487,-1,
cx_rate_hz,shuffle,conf50,6,15.1168,14.804,0.312783,0.219124,0.406443,1.02113,4.39196,2.302,6.48193,4.05412,7.6071,8.61028,4.21244e-05,,36,2.80224,0.00507487,-1,
cx_rate_hz,shuffle,conf75,6,15.1168,14.9854,0.131383,0.0044488,0.258318,1.00877,1.41176,0.147046,2.67647,1.30316,2.44524,7.03208,0.0442623,,31,2.0016,0.0453276,-0.722222,
cx_rate_hz,randmat,decorr,6,15.0484,14.9468,0.1016,-0.0001729,0.203373,1.0068,1.35724,0.102115,2.61236,1.25283,2.3508,7.14694,0.050298,,26,1.20096,0.229766,-0.444444,
cx_rate_hz,randmat,conf25,6,15.0484,14.9635,0.0849167,-0.0260138,0.195847,1.00567,0.993219,-0.206108,2.19255,0.916817,1.72031,9.40739,0.118029,,27,1.36109,0.173485,-0.5,
cx_rate_hz,randmat,conf50,6,15.0484,14.804,0.24445,0.128234,0.360666,1.01651,2.71161,1.14401,4.27922,2.50303,4.69665,9.8457,0.000882249,,35,2.64211,0.00823902,-0.944444,
cx_rate_hz,randmat,conf75,6,15.0484,14.9854,0.06305,-0.077106,0.203206,1.00421,0.582503,-0.572831,1.73784,0.537695,1.00893,9.54036,0.337913,,25,1.04083,0.297953,-0.388889,
cx_rate_hz,decorr,conf25,6,14.9468,14.9635,-0.0166833,-0.0979091,0.0645425,0.998885,-0.271747,-1.40854,0.865049,-0.250843,-0.47068,8.29975,0.649992,,10,-1.20096,0.229766,0.444444,
cx_rate_hz,decorr,conf50,6,14.9468,14.804,0.14285,0.0520206,0.233679,1.00965,2.10934,0.697731,3.52096,1.94709,3.65349,7.67656,0.00693712,,35,2.64211,0.00823902,-0.944444,
cx_rate_hz,decorr,conf75,6,14.9468,14.9854,-0.03855,-0.16431,0.0872102,0.997427,-0.426357,-1.57073,0.718013,-0.39356,-0.738471,6.41454,0.48636,,11,-1.04083,0.297953,0.388889,
cx_rate_hz,conf25,conf50,6,14.9635,14.804,0.159533,0.0572561,0.261811,1.01078,2.01117,0.622678,3.39965,1.85646,3.48344,9.83411,0.00603602,,34,2.48199,0.0130652,-0.888889,
cx_rate_hz,conf25,conf75,6,14.9635,14.9854,-0.0218667,-0.153274,0.10954,0.998541,-0.219977,-1.35498,0.915026,-0.203056,-0.381012,8.34139,0.712716,,15,-0.40032,0.688921,0.166667,
cx_rate_hz,conf50,conf75,6,14.804,14.9854,-0.1814,-0.316516,-0.0462837,0.987895,-1.75379,-3.08525,-0.422322,-1.61888,-3.03765,8.98848,0.0140919,,4,-2.16173,0.030639,0.777778,
cx_active_fraction,rest,flow,6,0.267197,0.37946,-0.112263,-0.116628,-0.107898,0.704151,-33.1649,-46.4816,-19.8483,-30.6138,-57.4434,9.82984,9.42025e-14,,0,-2.80224,0.00507487,1,
cx_active_fraction,rest,self,6,0.267197,0.382996,-0.115799,-0.119632,-0.111966,0.69765,-41.0559,-57.5202,-24.5915,-37.8977,-71.1108,7.15997,1.81209e-11,,0,-2.80224,0.00507487,1,0.00274931
cx_active_fraction,rest,shuffle,6,0.267197,0.384281,-0.117085,-0.122799,-0.11137,0.695316,-26.7376,-37.4944,-15.9808,-24.6809,-46.3109,9.05074,4.54757e-12,,0,-2.80715,0.00499812,1,
cx_active_fraction,rest,randmat,6,0.267197,0.379862,-0.112665,-0.117653,-0.107677,0.703406,-29.1255,-40.8327,-17.4183,-26.8851,-50.4468,9.82487,3.40283e-13,,0,-2.80715,0.00499812,1,
cx_active_fraction,rest,decorr,6,0.267197,0.383478,-0.116281,-0.120459,-0.112102,0.696773,-36.104,-50.5926,-21.6154,-33.3267,-62.5339,9.41205,1.19167e-13,,0,-2.80224,0.00507487,1,
cx_active_fraction,rest,conf25,6,0.267197,0.37946,-0.112263,-0.116338,-0.108188,0.704151,-35.9755,-50.4128,-21.5381,-33.2081,-62.3113,9.00999,3.47076e-13,,0,-2.80224,0.00507487,1,
cx_active_fraction,rest,conf50,6,0.267197,0.378576,-0.111379,-0.115185,-0.107573,0.705795,-40.231,-56.3662,-24.0958,-37.1363,-69.6822,6.76418,6.45178e-11,,0,-2.80224,0.00507487,1,
cx_active_fraction,rest,conf75,6,0.267197,0.38179,-0.114594,-0.119284,-0.109903,0.699852,-31.4335,-44.0601,-18.8069,-29.0156,-54.4445,9.99404,1.07415e-13,,0,-2.80715,0.00499812,1,
cx_active_fraction,flow,self,6,0.37946,0.382996,-0.003536,-0.00693805,-0.000133947,0.990768,-1.39253,-2.65383,-0.131238,-1.28542,-2.41194,7.72127,0.0434488,0.130346,5.5,-1.92491,0.0542411,0.694444,0.0307423
cx_active_fraction,flow,shuffle,6,0.37946,0.384281,-0.00482167,-0.0103721,0.000728781,0.987453,-1.1471,-2.3682,0.0740093,-1.05886,-1.98683,8.39769,0.0804782,,8.5,-1.44622,0.148116,0.527778,
cx_active_fraction,flow,randmat,6,0.37946,0.379862,-0.000402,-0.00516464,0.00436064,0.998942,-0.10959,-1.24202,1.02285,-0.10116,-0.189815,9.36451,0.853505,,17,-0.0804873,0.93585,0.0555556,
cx_active_fraction,flow,decorr,6,0.37946,0.383478,-0.004018,-0.0078561,-0.000179899,0.989522,-1.34945,-2.60323,-0.0956744,-1.24565,-2.33732,9.85241,0.0418888,,6,-1.84147,0.0655522,0.666667,
cx_active_fraction,flow,conf25,6,0.37946,0.37946,0,-0.0037125,0.0037125,1,0,-1.13159,1.13159,0,0,9.58136,1,,19.5,0.160975,0.872113,-0.0833333,
cx_active_fraction,flow,conf50,6,0.37946,0.378576,0.000883833,-0.00248034,0.004248,1.00233,0.356194,-0.78433,1.49672,0.328794,0.616946,7.24828,0.556147,,23.5,0.802044,0.422527,-0.305556,
cx_active_fraction,flow,conf75,6,0.37946,0.38179,-0.00233067,-0.00676094,0.0020996,0.993895,-0.67898,-1.84271,0.484754,-0.626751,-1.17603,9.76392,0.267461,,10,-1.20307,0.228951,0.444444,
cx_active_fraction,self,shuffle,6,0.382996,0.384281,-0.00128567,-0.00657255,0.00400122,0.996654,-0.341596,-1.4814,0.798213,-0.315319,-0.591661,6.14469,0.575185,1,13,-0.725669,0.468042,0.277778,0.573857
cx_active_fraction,self,randmat,6,0.382996,0.379862,0.003134,-0.00121447,0.00748247,1.00825,0.99339,-0.205959,2.19274,0.916975,1.7206,6.68551,0.131016,,27.5,1.44622,0.148116,-0.527778,0.135216
cx_active_fraction,self,decorr,6,0.382996,0.383478,-0.000482,-0.00354518,0.00258118,0.998743,-0.208139,-1.34278,0.926506,-0.192129,-0.360508,8.3108,0.727459,1,16,-0.240192,0.810181,0.111111,0.756311
cx_active_fraction,self,conf25,6,0.382996,0.37946,0.003536,0.000684136,0.00638786,1.00932,1.62629,0.320988,2.9316,1.50119,2.81682,8.75535,0.0206914,,31,2.0016,0.0453276,-0.722222,0.0269933
cx_active_fraction,self,conf50,6,0.382996,0.378576,0.00441983,0.00232063,0.00651904,1.01167,2.71293,1.14496,4.28091,2.50425,4.69894,9.88137,0.000870645,,36,2.80224,0.00507487,-1,0.00274931
cx_active_fraction,self,conf75,6,0.382996,0.38179,0.00120533,-0.00271559,0.00512626,1.00316,0.418883,-0.725045,1.56281,0.386662,0.725527,7.0664,0.491452,,20.5,0.323093,0.746625,-0.138889,0.554111
cx_active_fraction,shuffle,randmat,6,0.384281,0.379862,0.00441967,-0.00153166,0.010371,1.01163,0.960489,-0.234563,2.15554,0.886605,1.66362,9.61928,0.128372,,26,1.20518,0.228133,-0.444444,
cx_active_fraction,shuffle,decorr,6,0.384281,0.383478,0.000803667,-0.00464209,0.00624943,1.0021,0.197352,-0.936985,1.33169,0.182171,0.341824,7.80169,0.741508,,20,0.240613,0.809855,-0.111111,
cx_active_fraction,shuffle,conf25,6,0.384281,0.37946,0.00482167,-0.000570281,0.0102136,1.01271,1.20738,-0.0229907,2.43776,1.11451,2.09125,7.40614,0.072658,,29.5,1.7676,0.0771276,-0.638889,
cx_active_fraction,shuffle,conf50,6,0.384281,0.378576,0.0057055,0.000426646,0.0109844,1.01507,1.53173,0.244866,2.81859,1.4139,2.65303,5.92298,0.0383458,,28.5,1.60691,0.108074,-0.583333,
cx_active_fraction,shuffle,conf75,6,0.384281,0.38179,0.002491,-0.00326066,0.00824266,1.00652,0.564094,-0.589777,1.71796,0.520702,0.97704,9.16512,0.353632,,24,0.896518,0.369976,-0.333333,
cx_active_fraction,randmat,decorr,6,0.379862,0.383478,-0.003616,-0.00822649,0.000994492,0.990571,-1.02809,-2.23211,0.175935,-0.949002,-1.7807,8.78975,0.109457,,10,-1.20731,0.227313,0.444444,
cx_active_fraction,randmat,conf25,6,0.379862,0.37946,0.000402,-0.00412626,0.00493026,1.00106,0.117348,-1.01521,1.24991,0.108321,0.203252,8.34531,0.843807,,18.5,0,1,-0.0277778,
cx_active_fraction,randmat,conf50,6,0.379862,0.378576,0.00128583,-0.0030449,0.00561657,1.0034,0.413661,-0.729963,1.55728,0.381841,0.716482,6.36686,0.499122,,23.5,0.803455,0.421712,-0.305556,
cx_active_fraction,randmat,conf75,6,0.379862,0.38179,-0.00192867,-0.00696672,0.00310939,0.994948,-0.493266,-1.64193,0.655399,-0.455322,-0.854362,9.88164,0.413137,,13,-0.723109,0.469613,0.277778,
cx_active_fraction,decorr,conf25,6,0.383478,0.37946,0.004018,0.000575663,0.00746034,1.01059,1.50315,0.221695,2.78461,1.38753,2.60354,9.92157,0.0264887,,31.5,2.08531,0.0370407,-0.75,
cx_active_fraction,decorr,conf50,6,0.383478,0.378576,0.00490183,0.00188871,0.00791496,1.01295,2.17657,0.748716,3.60442,2.00914,3.76993,7.78098,0.00575034,,34,2.49071,0.0127488,-0.888889,
cx_active_fraction,decorr,conf75,6,0.383478,0.38179,0.00168733,-0.00256299,0.00593765,1.00442,0.515889,-0.634365,1.66614,0.476205,0.893546,9.30783,0.394081,,23,0.724386,0.468829,-0.277778,
cx_active_fraction,conf25,conf50,6,0.37946,0.378576,0.000883833,-0.00190818,0.00367584,1.00233,0.419608,-0.724363,1.56358,0.38733,0.726782,8.20766,0.487568,,21,0.401727,0.687885,-0.166667,
cx_active_fraction,conf25,conf75,6,0.37946,0.38179,-0.00233067,-0.00648135,0.00182002,0.993895,-0.734733,-1.90387,0.434409,-0.678215,-1.27259,8.89172,0.23543,,10.5,-1.12484,0.260658,0.416667,
cx_active_fraction,conf50,conf75,6,0.378576,0.38179,-0.0032145,-0.00711045,0.000681447,0.99158,-1.13727,-2.3569,0.0823637,-1.04979,-1.96981,6.6851,0.091456,,7.5,-1.60691,0.108074,0.583333,
ring_rate_hz,rest,flow,6,36.04,45.0409,-9.00085,-9.7095,-8.2922,0.800163,-18.7054,-26.2741,-11.1368,-17.2665,-32.3987,5.13213,3.90418e-07,,0,-2.80224,0.00507487,1,
ring_rate_hz,rest,self,6,36.04,44.9093,-8.86927,-9.43165,-8.30688,0.802507,-23.1255,-32.4464,-13.8046,-21.3466,-40.0545,5.20953,1.09067e-07,,0,-2.80224,0.00507487,1,0.00274931
ring_rate_hz,rest,shuffle,6,36.04,45.0498,-9.00982,-9.29811,-8.72152,0.800003,-44.5379,-62.3923,-26.6835,-41.1119,-77.1419,5.79176,6.01294e-10,,0,-2.80224,0.00507487,1,
ring_rate_hz,rest,randmat,6,36.04,44.8766,-8.8366,-9.09329,-8.57991,0.803091,-48.6389,-68.131,-29.1467,-44.8974,-84.245,5.99703,1.90149e-10,,0,-2.80224,0.00507487,1,
ring_rate_hz,rest,decorr,6,36.04,44.8194,-8.7794,-9.16176,-8.39704,0.804116,-33.2448,-46.5933,-19.8963,-30.6875,-57.5817,5.45173,8.38074e-09,,0,-2.80224,0.00507487,1,
ring_rate_hz,rest,conf25,6,36.04,44.8317,-8.79167,-9.08255,-8.50078,0.803896,-43.0989,-60.3788,-25.819,-39.7836,-74.6494,5.77782,7.58366e-10,,0,-2.80224,0.00507487,1,
ring_rate_hz,rest,conf50,6,36.04,44.5082,-8.46813,-8.79468,-8.14159,0.80974,-37.2474,-52.192,-22.3027,-34.3822,-64.5143,5.61818,2.78737e-09,,0,-2.80224,0.00507487,1,
ring_rate_hz,rest,conf75,6,36.04,44.7435,-8.70345,-8.98149,-8.42541,0.805481,-44.4973,-62.3356,-26.6591,-41.0745,-77.0716,5.85082,5.05022e-10,,0,-2.80224,0.00507487,1,
ring_rate_hz,flow,self,6,45.0409,44.9093,0.131583,-0.659156,0.922323,1.00293,0.215567,-0.919301,1.35043,0.198985,0.373372,9.51139,0.717058,1,20,0.240192,0.810181,-0.111111,0.707573
ring_rate_hz,flow,shuffle,6,45.0409,45.0498,-0.00896667,-0.722062,0.704129,0.999801,-0.0173717,-1.14898,1.11424,-0.0160354,-0.0300887,6.61422,0.976884,,15,-0.40032,0.688921,0.166667,
ring_rate_hz,flow,randmat,6,45.0409,44.8766,0.16425,-0.546083,0.874583,1.00366,0.323048,-0.815895,1.46199,0.298198,0.559535,6.28998,0.595146,,18,-0.0800641,0.936186,0,
ring_rate_hz,flow,decorr,6,45.0409,44.8194,0.22145,-0.507071,0.949971,1.00494,0.407555,-0.735718,1.55083,0.376204,0.705905,7.69029,0.501068,,21,0.40032,0.688921,-0.166667,
ring_rate_hz,flow,conf25,6,45.0409,44.8317,0.209183,-0.504189,0.922555,1.00467,0.404742,-0.738371,1.54785,0.373608,0.701034,6.6419,0.50709,,19,0.0800641,0.936186,-0.0555556,
ring_rate_hz,flow,conf50,6,45.0409,44.5082,0.532717,-0.185284,1.25072,1.01197,1.01183,-0.189985,2.21364,0.933996,1.75254,7.03725,0.12291,,28,1.52122,0.128205,-0.555556,
ring_rate_hz,flow,conf75,6,45.0409,44.7435,0.2974,-0.414677,1.00948,1.00665,0.579077,-0.575981,1.73413,0.534532,1.00299,6.50615,0.351699,,21,0.40032,0.688921,-0.166667,
ring_rate_hz,self,shuffle,6,44.9093,45.0498,-0.14055,-0.715725,0.434625,0.99688,-0.329475,-1.46871,0.809762,-0.304131,-0.570668,7.46054,0.584997,1,19,0.0800641,0.936186,-0.0555556,0.589853
ring_rate_hz,self,randmat,6,44.9093,44.8766,0.0326667,-0.536992,0.602325,1.00073,0.0782988,-1.05372,1.21032,0.0722759,0.135618,6.99493,0.895944,,22,0.560449,0.575174,-0.222222,0.916771
ring_rate_hz,self,decorr,6,44.9093,44.8194,0.0898667,-0.511716,0.691449,1.00201,0.195736,-0.938556,1.33003,0.180679,0.339024,8.8132,0.742529,1,23,0.720577,0.47117,-0.277778,0.766808
ring_rate_hz,self,conf25,6,44.9093,44.8317,0.0776,-0.4981,0.6533,1.00173,0.181566,-0.952349,1.31548,0.167599,0.314482,7.49926,0.761725,,22,0.560449,0.575174,-0.222222,0.769308
ring_rate_hz,self,conf50,6,44.9093,44.5082,0.401133,-0.182964,0.98523,1.00901,0.913697,-0.275467,2.10286,0.843413,1.58257,8.03199,0.152027,,27,1.36109,0.173485,-0.5,0.138465
ring_rate_hz,self,conf75,6,44.9093,44.7435,0.165817,-0.407387,0.73902,1.00371,0.391584,-0.750795,1.53396,0.361462,0.678244,7.30774,0.518511,,24,0.880705,0.378478,-0.333333,0.505124
ring_rate_hz,shuffle,randmat,6,45.0498,44.8766,0.173217,-0.162587,0.509021,1.00386,0.664793,-0.497629,1.82722,0.613655,1.15146,9.86585,0.276685,,25.5,1.12286,0.261496,-0.416667,
ring_rate_hz,shuffle,decorr,6,45.0498,44.8194,0.230417,-0.19,0.650834,1.00514,0.71236,-0.454563,1.87928,0.657563,1.23384,9.29487,0.247548,,24,0.880705,0.378478,-0.333333,
ring_rate_hz,shuffle,conf25,6,45.0498,44.8317,0.21815,-0.137646,0.573946,1.00487,0.788751,-0.38601,1.96351,0.728078,1.36616,9.99919,0.201825,,27,1.36109,0.173485,-0.5,
ring_rate_hz,shuffle,conf50,6,45.0498,44.5082,0.541683,0.162388,0.920979,1.01217,1.84103,0.490844,3.19121,1.69941,3.18875,9.84776,0.00985834,,32,2.16173,0.030639,-0.777778,
ring_rate_hz,shuffle,conf75,6,45.0498,44.7435,0.306367,-0.0416013,0.654335,1.00685,1.13282,-0.0861479,2.35179,1.04568,1.96211,9.98673,0.0782007,,29,1.68135,0.0926958,-0.611111,
ring_rate_hz,randmat,decorr,6,44.8766,44.8194,0.0572,-0.350809,0.465209,1.00128,0.183936,-0.950039,1.31791,0.169788,0.318587,8.73912,0.757521,,19,0.0800641,0.936186,-0.0555556,
ring_rate_hz,randmat,conf25,6,44.8766,44.8317,0.0449333,-0.292666,0.382532,1.001,0.171584,-0.962082,1.30525,0.158385,0.297192,9.84501,0.772496,,21,0.40032,0.688921,-0.166667,
ring_rate_hz,randmat,conf50,6,44.8766,44.5082,0.368467,0.00490942,0.732024,1.00828,1.31383,0.0661187,2.56153,1.21276,2.27561,9.46604,0.0475381,,30,1.84147,0.0655522,-0.666667,
ring_rate_hz,randmat,conf75,6,44.8766,44.7435,0.13315,-0.195677,0.461977,1.00298,0.52136,-0.629289,1.67201,0.481255,0.903021,9.93561,0.387883,,23.5,0.802044,0.422527,-0.305556,
ring_rate_hz,decorr,conf25,6,44.8194,44.8317,-0.0122667,-0.433803,0.409269,0.999726,-0.0377998,-1.16949,1.09389,-0.0348921,-0.0654712,9.33408,0.94918,,17,-0.0800641,0.936186,0.0555556,
ring_rate_hz,decorr,conf50,6,44.8194,44.5082,0.311267,-0.127166,0.7497,1.00699,0.916334,-0.273155,2.10582,0.845847,1.58714,9.76107,0.144311,,29,1.68135,0.0926958,-0.611111,
ring_rate_hz,decorr,conf75,6,44.8194,44.7435,0.07595,-0.340183,0.492083,1.0017,0.237859,-0.897721,1.37344,0.219562,0.411983,9.12953,0.689857,,21,0.40032,0.688921,-0.166667,
ring_rate_hz,conf25,conf50,6,44.8317,44.5082,0.323533,-0.0571561,0.704223,1.00727,1.09526,-0.118208,2.30872,1.011,1.89704,9.86841,0.0874388,,27,1.36109,0.173485,-0.5,
ring_rate_hz,conf25,conf75,6,44.8317,44.7435,0.0882167,-0.261418,0.437852,1.00197,0.324667,-0.814349,1.46368,0.299693,0.562341,9.97941,0.586293,,22,0.560449,0.575174,-0.222222,
ring_rate_hz,conf50,conf75,6,44.5082,44.7435,-0.235317,-0.609242,0.138608,0.994741,-0.812381,-1.98972,0.364955,-0.74989,-1.40709,9.7502,0.19047,,10,-1.20096,0.229766,0.444444,
columnar_rate_hz,rest,flow,6,3.79402,5.98311,-2.18908,-2.30899,-2.06918,0.634123,-24.7382,-34.6998,-14.7766,-22.8353,-42.8478,7.26989,5.22864e-10,,0,-2.80224,0.00507487,1,
columnar_rate_hz,rest,self,6,3.79402,5.89677,-2.10275,-2.19103,-2.01447,0.643407,-31.1177,-43.6184,-18.6169,-28.724,-53.8974,8.98542,1.3575e-12,,0,-2.80224,0.00507487,1,0.00274931
columnar_rate_hz,rest,shuffle,6,3.79402,6.04435,-2.25032,-2.35116,-2.14948,0.627698,-29.6102,-41.5104,-17.7099,-27.3325,-51.2863,8.15868,1.56803e-11,,0,-2.80224,0.00507487,1,
columnar_rate_hz,rest,randmat,6,3.79402,6.00928,-2.21525,-2.34213,-2.08838,0.631361,-23.815,-33.4097,-14.2202,-21.983,-41.2487,7.03245,1.19048e-09,,0,-2.80224,0.00507487,1,
columnar_rate_hz,rest,decorr,6,3.79402,5.91549,-2.12146,-2.201,-2.04193,0.641372,-34.4972,-48.345,-20.6494,-31.8435,-59.7508,9.62162,1.0785e-13,,0,-2.80224,0.00507487,1,
columnar_rate_hz,rest,conf25,6,3.79402,5.96134,-2.16731,-2.25051,-2.08411,0.636439,-33.8248,-47.4046,-20.2451,-31.2229,-58.5863,9.35987,2.50508e-13,,0,-2.80224,0.00507487,1,
columnar_rate_hz,rest,conf50,6,3.79402,5.80389,-2.00987,-2.12291,-1.89683,0.653703,-23.9222,-33.5595,-14.2848,-22.082,-41.4344,7.54458,3.5541e-10,,0,-2.80224,0.00507487,1,
columnar_rate_hz,rest,conf75,6,3.79402,5.98933,-2.1953,-2.33443,-2.05617,0.633464,-21.742,-30.5138,-12.9703,-20.0696,-37.6583,6.69494,4.79417e-09,,0,-2.80224,0.00507487,1,
columnar_rate_hz,flow,self,6,5.98311,5.89677,0.086335,-0.0402353,0.212905,1.01464,0.892146,-0.294396,2.07869,0.82352,1.54524,8.91667,0.157001,0.314002,23,0.720577,0.47117,-0.277778,0.162959
columnar_rate_hz,flow,shuffle,6,5.98311,6.04435,-0.0612383,-0.194203,0.0717261,0.989868,-0.595521,-1.75192,0.560875,-0.549711,-1.03147,9.63616,0.327513,,12,-0.880705,0.378478,0.333333,
columnar_rate_hz,flow,randmat,6,5.98311,6.00928,-0.02617,-0.175443,0.123103,0.995645,-0.225644,-1.36082,0.909537,-0.208286,-0.390826,9.96278,0.704153,,16,-0.240192,0.810181,0.111111,
columnar_rate_hz,flow,decorr,6,5.98311,5.91549,0.0676217,-0.0552359,0.190479,1.01143,0.730013,-0.438655,1.89868,0.673859,1.26442,8.17904,0.240919,,24,0.880705,0.378478,-0.333333,
columnar_rate_hz,flow,conf25,6,5.98311,5.96134,0.0217717,-0.102559,0.146102,1.00365,0.230725,-0.904619,1.36607,0.212977,0.399628,8.5106,0.699273,,21,0.40032,0.688921,-0.166667,
columnar_rate_hz,flow,conf50,6,5.98311,5.80389,0.179213,0.0390524,0.319374,1.03088,1.64579,0.336579,2.955,1.51919,2.85059,9.95783,0.0173015,,32,2.16173,0.030639,-0.777778,
columnar_rate_hz,flow,conf75,6,5.98311,5.98933,-0.00622,-0.164272,0.151832,0.998961,-0.0507968,-1.18257,1.08097,-0.0468894,-0.0879827,9.75733,0.93167,,17,-0.0800641,0.936186,0.0555556,
columnar_rate_hz,self,shuffle,6,5.89677,6.04435,-0.147573,-0.25797,-0.0371763,0.975585,-1.72602,-3.05166,-0.400376,-1.59325,-2.98955,9.73355,0.0139783,0.0419349,3,-2.32186,0.0202406,0.833333,0.015996
columnar_rate_hz,self,randmat,6,5.89677,6.00928,-0.112505,-0.245232,0.0202223,0.981278,-1.11468,-2.33097,0.101614,-1.02893,-1.93068,8.61394,0.0870309,,8,-1.52122,0.128205,0.555556,0.0812297
columnar_rate_hz,self,decorr,6,5.89677,5.91549,-0.0187133,-0.112787,0.07536,0.996837,-0.256655,-1.39289,0.87958,-0.236912,-0.444539,9.78692,0.666322,0.666322,14,-0.560449,0.575174,0.222222,0.653337
columnar_rate_hz,self,conf25,6,5.89677,5.96134,-0.0645633,-0.16126,0.0321334,0.98917,-0.859704,-2.04241,0.322999,-0.793573,-1.48905,9.93372,0.16752,,9,-1.36109,0.173485,0.5,0.168708
columnar_rate_hz,self,conf50,6,5.89677,5.80389,0.0928783,-0.0277464,0.213503,1.016,1.00193,-0.198559,2.20241,0.924855,1.73539,9.22391,0.115877,,29,1.68135,0.0926958,-0.611111,0.105224
columnar_rate_hz,self,conf75,6,5.89677,5.98933,-0.092555,-0.236351,0.0512411,0.984547,-0.854597,-2.03671,0.327513,-0.788859,-1.48021,8.12816,0.176503,,8,-1.52122,0.128205,0.555556,0.167958
columnar_rate_hz,shuffle,randmat,6,6.04435,6.00928,0.0350683,-0.103458,0.173594,1.00584,0.328496,-0.810696,1.46769,0.303227,0.568972,9.40094,0.582712,,23,0.720577,0.47117,-0.277778,
columnar_rate_hz,shuffle,decorr,6,6.04435,5.91549,0.12886,0.0236108,0.234109,1.02178,1.59516,0.296021,2.8943,1.47246,2.7629,9.14614,0.0216873,,32,2.16173,0.030639,-0.777778,
columnar_rate_hz,shuffle,conf25,6,6.04435,5.96134,0.08301,-0.0243196,0.19034,1.01392,1.00301,-0.197623,2.20364,0.925853,1.73726,9.43878,0.114787,,27,1.36109,0.173485,-0.5,
columnar_rate_hz,shuffle,conf50,6,6.04435,5.80389,0.240452,0.112789,0.368115,1.04143,2.42859,0.937104,3.92008,2.24178,4.20644,9.83155,0.00187908,,35,2.64211,0.00823902,-0.944444,
columnar_rate_hz,shuffle,conf75,6,6.04435,5.98933,0.0550183,-0.0936578,0.203694,1.00919,0.483681,-0.664331,1.63169,0.446475,0.83776,8.95529,0.42396,,22,0.560449,0.575174,-0.222222,
columnar_rate_hz,randmat,decorr,6,6.00928,5.91549,0.0937917,-0.0356379,0.223221,1.01586,0.967255,-0.22867,2.16318,0.892851,1.67533,7.88426,0.132952,,26,1.20096,0.229766,-0.444444,
columnar_rate_hz,randmat,conf25,6,6.00928,5.96134,0.0479417,-0.0827882,0.178671,1.00804,0.486116,-0.662061,1.63429,0.448722,0.841977,8.20642,0.423657,,24,0.880705,0.378478,-0.333333,
columnar_rate_hz,randmat,conf50,6,6.00928,5.80389,0.205383,0.0602172,0.350549,1.03539,1.82395,0.47748,3.17041,1.68364,3.15917,9.84447,0.0103664,,34,2.48199,0.0130652,-0.888889,
columnar_rate_hz,randmat,conf75,6,6.00928,5.98933,0.01995,-0.14204,0.18194,1.00333,0.158635,-0.97473,1.292,0.146432,0.274763,9.90579,0.789144,,19,0.0800641,0.936186,-0.0555556,
columnar_rate_hz,decorr,conf25,6,5.91549,5.96134,-0.04585,-0.135544,0.0438435,0.992309,-0.657993,-1.8198,0.503809,-0.607379,-1.13968,9.95575,0.281098,,11,-1.04083,0.297953,0.388889,
columnar_rate_hz,decorr,conf50,6,5.91549,5.80389,0.111592,-0.00485894,0.228042,1.01923,1.26281,0.0235643,2.50206,1.16567,2.18725,8.50259,0.0582192,,30,1.84147,0.0655522,-0.666667,
columnar_rate_hz,decorr,conf75,6,5.91549,5.98933,-0.0738417,-0.214959,0.0672756,0.987671,-0.705819,-1.87211,0.460468,-0.651525,-1.22251,7.44416,0.258804,,11,-1.04083,0.297953,0.388889,
columnar_rate_hz,conf25,conf50,6,5.96134,5.80389,0.157442,0.0393242,0.275559,1.02713,1.74585,0.416055,3.07564,1.61155,3.0239,8.83489,0.0146912,,34,2.48199,0.0130652,-0.888889,
columnar_rate_hz,conf25,conf75,6,5.96134,5.98933,-0.0279917,-0.170154,0.11417,0.995326,-0.263689,-1.40018,0.872804,-0.243405,-0.456722,7.73982,0.660415,,16,-0.240192,0.810181,0.111111,
columnar_rate_hz,conf50,conf75,6,5.80389,5.98933,-0.185433,-0.339864,-0.031003,0.969039,-1.55492,-2.84622,-0.263608,-1.43531,-2.69319,9.53628,0.0234837,,4,-2.16173,0.030639,0.777778,
fanbody_rate_hz,rest,flow,6,8.20771,13.9445,-5.73684,-5.84534,-5.62835,0.588596,-72.3559,-101.326,-43.3859,-66.7901,-125.324,6.92029,7.13831e-13,,0,-2.80224,0.00507487,1,
fanbody_rate_hz,rest,self,6,8.20771,13.8902,-5.68247,-5.81845,-5.5465,0.5909,-53.7873,-75.336,-32.2386,-49.6498,-93.1624,9.96287,5.5423e-16,,0,-2.80224,0.00507487,1,0.00274931
fanbody_rate_hz,rest,shuffle,6,8.20771,14.0922,-5.88446,-6.01142,-5.75749,0.582431,-59.6708,-83.5704,-35.7711,-55.0807,-103.353,9.94009,2.11361e-16,,0,-2.80224,0.00507487,1,
fanbody_rate_hz,rest,randmat,6,8.20771,13.9953,-5.78759,-5.93418,-5.641,0.586462,-51.0264,-71.4721,-30.5806,-47.1012,-88.3802,9.66775,2.19663e-15,,0,-2.80224,0.00507487,1,
fanbody_rate_hz,rest,decorr,6,8.20771,13.9293,-5.72157,-5.85418,-5.58897,0.589241,-55.5073,-77.7433,-33.2714,-51.2375,-96.1415,9.99814,3.64953e-16,,0,-2.80224,0.00507487,1,
fanbody_rate_hz,rest,conf25,6,8.20771,13.8885,-5.68081,-5.80133,-5.56029,0.590971,-60.9951,-85.424,-36.5662,-56.3032,-105.647,9.58463,5.06201e-16,,0,-2.80224,0.00507487,1,
fanbody_rate_hz,rest,conf50,6,8.20771,13.7431,-5.53541,-5.68039,-5.39042,0.597223,-49.3038,-69.0615,-29.5461,-45.5112,-85.3967,9.72367,2.60782e-15,,0,-2.80224,0.00507487,1,
fanbody_rate_hz,rest,conf75,6,8.20771,13.9604,-5.75272,-5.88964,-5.61581,0.587926,-54.0908,-75.7608,-32.4208,-49.93,-93.688,9.94631,5.50192e-16,,0,-2.80224,0.00507487,1,
fanbody_rate_hz,flow,self,6,13.9445,13.8902,0.0543667,-0.0605846,0.169318,1.00391,0.651311,-0.509889,1.81251,0.60121,1.1281,6.71358,0.297971,0.595942,23,0.720577,0.47117,-0.277778,0.313422
fanbody_rate_hz,flow,shuffle,6,13.9445,14.0922,-0.147617,-0.248549,-0.0466846,0.989525,-1.98481,-3.36721,-0.602406,-1.83213,-3.43779,7.21257,0.0103774,,3,-2.32186,0.0202406,0.833333,
fanbody_rate_hz,flow,randmat,6,13.9445,13.9953,-0.05075,-0.180579,0.079079,0.996374,-0.544998,-1.6974,0.607403,-0.503075,-0.943963,6.34692,0.379721,,12,-0.880705,0.378478,0.333333,
fanbody_rate_hz,flow,decorr,6,13.9445,13.9293,0.0152667,-0.0946318,0.125165,1.0011,0.190367,-0.943779,1.32451,0.175723,0.329725,6.87238,0.75143,,16.5,-0.160409,0.872559,0.0833333,
fanbody_rate_hz,flow,conf25,6,13.9445,13.8885,0.0560333,-0.0335089,0.145576,1.00403,0.837104,-0.343001,2.01721,0.772711,1.44991,7.78802,0.186131,,26,1.20096,0.229766,-0.444444,
fanbody_rate_hz,flow,conf50,6,13.9445,13.7431,0.201433,0.0737731,0.329094,1.01466,2.19635,0.763655,3.62904,2.0274,3.80419,6.39262,0.00791997,,34,2.48199,0.0130652,-0.888889,
fanbody_rate_hz,flow,conf75,6,13.9445,13.9604,-0.0158833,-0.13221,0.100443,0.998862,-0.188271,-1.32236,0.945819,-0.173788,-0.326094,6.67381,0.754339,,12,-0.880705,0.378478,0.333333,
fanbody_rate_hz,self,shuffle,6,13.8902,14.0922,-0.201983,-0.333552,-0.0704144,0.985667,-1.98,-3.36131,-0.598704,-1.8277,-3.42947,9.81306,0.00662208,0.0198662,3,-2.32186,0.0202406,0.833333,0.0132467
fanbody_rate_hz,self,randmat,6,13.8902,13.9953,-0.105117,-0.255162,0.0449289,0.992489,-0.903154,-2.09103,0.28472,-0.833681,-1.56431,9.8443,0.149292,,9,-1.36109,0.173485,0.5,0.145464
fanbody_rate_hz,self,decorr,6,13.8902,13.9293,-0.0391,-0.175928,0.0977283,0.997193,-0.367718,-1.50883,0.773391,-0.339432,-0.636906,9.97755,0.538524,0.595942,13,-0.720577,0.47117,0.277778,0.525369
fanbody_rate_hz,self,conf25,6,13.8902,13.8885,0.00166667,-0.123963,0.127297,1.00012,0.0172311,-1.11438,1.14884,0.0159057,0.0298452,9.33993,0.976819,,21,0.40032,0.688921,-0.166667,0.982504
fanbody_rate_hz,self,conf50,6,13.8902,13.7431,0.147067,-0.00145084,0.295584,1.0107,1.27589,0.0345012,2.51728,1.17775,2.20991,9.88333,0.0518741,,30,1.84147,0.0655522,-0.666667,0.0557361
fanbody_rate_hz,self,conf75,6,13.8902,13.9604,-0.07025,-0.211128,0.0706278,0.994968,-0.641497,-1.80182,0.518828,-0.592151,-1.11111,9.99844,0.292527,,8,-1.52122,0.128205,0.555556,0.289928
fanbody_rate_hz,shuffle,randmat,6,14.0922,13.9953,0.0968667,-0.045998,0.239731,1.00692,0.880244,-0.304874,2.06536,0.812533,1.52463,9.37007,0.160366,,27,1.36109,0.173485,-0.5,
fanbody_rate_hz,shuffle,decorr,6,14.0922,13.9293,0.162883,0.0349359,0.290831,1.01169,1.63952,0.331569,2.94747,1.5134,2.83973,9.91753,0.017693,,31,2.0016,0.0453276,-0.722222,
fanbody_rate_hz,shuffle,conf25,6,14.0922,13.8885,0.20365,0.0888978,0.318402,1.01466,2.28846,0.83287,3.74404,2.11242,3.96372,9.82698,0.00276307,,34.5,2.56654,0.0102718,-0.916667,
fanbody_rate_hz,shuffle,conf50,6,14.0922,13.7431,0.34905,0.207885,0.490215,1.0254,3.20649,1.49589,4.9171,2.95984,5.55381,9.44231,0.000298634,,36,2.80224,0.00507487,-1,
fanbody_rate_hz,shuffle,conf75,6,14.0922,13.9604,0.131733,-0.000841844,0.264309,1.00944,1.28217,0.0397449,2.52459,1.18354,2.22078,9.77925,0.0512081,,30,1.84147,0.0655522,-0.666667,
fanbody_rate_hz,randmat,decorr,6,13.9953,13.9293,0.0660167,-0.0813053,0.213339,1.00474,0.578782,-0.576252,1.73382,0.534261,1.00248,9.71212,0.340433,,24,0.880705,0.378478,-0.333333,
fanbody_rate_hz,randmat,conf25,6,13.9953,13.8885,0.106783,-0.0311793,0.244746,1.00769,1.01541,-0.186885,2.21771,0.937304,1.75875,8.74438,0.113464,,28,1.52122,0.128205,-0.555556,
fanbody_rate_hz,randmat,conf50,6,13.9953,13.7431,0.252183,0.0946772,0.409689,1.01835,2.05977,0.659923,3.45961,1.90132,3.56762,9.99699,0.00511835,,34,2.48199,0.0130652,-0.888889,
fanbody_rate_hz,randmat,conf75,6,13.9953,13.9604,0.0348667,-0.115945,0.185679,1.0025,0.29793,-0.839916,1.43578,0.275013,0.516031,9.87291,0.617191,,20,0.240192,0.810181,-0.111111,
fanbody_rate_hz,decorr,conf25,6,13.9293,13.8885,0.0407667,-0.0808481,0.162381,1.00294,0.434099,-0.710737,1.57893,0.400707,0.751881,9.53353,0.470277,,26,1.20096,0.229766,-0.444444,
fanbody_rate_hz,decorr,conf50,6,13.9293,13.7431,0.186167,0.040434,0.331899,1.01355,1.64872,0.338923,2.95852,1.5219,2.85567,9.76455,0.0174746,,32,2.16173,0.030639,-0.777778,
fanbody_rate_hz,decorr,conf75,6,13.9293,13.9604,-0.03115,-0.168906,0.106606,0.997769,-0.291032,-1.42859,0.846528,-0.268645,-0.504082,9.96428,0.625162,,11.5,-0.962453,0.335822,0.361111,
fanbody_rate_hz,conf25,conf50,6,13.8885,13.7431,0.1454,0.0092772,0.281523,1.01058,1.39917,0.136699,2.66164,1.29154,2.42343,8.83017,0.0388875,,31,2.0016,0.0453276,-0.722222,
fanbody_rate_hz,conf25,conf75,6,13.8885,13.9604,-0.0719167,-0.198656,0.0548228,0.994849,-0.737647,-1.90708,0.431789,-0.680905,-1.27764,9.28546,0.232393,,9,-1.36109,0.173485,0.5,
fanbody_rate_hz,conf50,conf75,6,13.7431,13.9604,-0.217317,-0.366617,-0.0680163,0.984433,-1.87482,-3.23243,-0.517216,-1.7306,-3.24729,9.90811,0.00886449,,3,-2.32186,0.0202406,0.833333,
other_rate_hz,rest,flow,6,26.1091,36.6249,-10.5158,-10.7185,-10.3131,0.712879,-72.4689,-101.484,-43.4537,-66.8943,-125.52,6.29426,6.15669e-12,,0,-2.80715,0.00499812,1,
other_rate_hz,rest,self,6,26.1091,36.5662,-10.4571,-10.6703,-10.2439,0.714024,-68.8198,-96.3763,-41.2634,-63.526,-119.199,6.17056,1.30419e-11,,0,-2.80715,0.00499812,1,0.00274931
other_rate_hz,rest,shuffle,6,26.1091,36.7412,-10.632,-10.7902,-10.4739,0.710624,-91.4811,-128.098,-54.8642,-84.4441,-158.45,7.11194,6.99008e-14,,0,-2.80715,0.00499812,1,
other_rate_hz,rest,randmat,6,26.1091,36.6453,-10.5361,-10.7145,-10.3578,0.712483,-81.4871,-114.108,-48.8664,-75.2188,-141.14,6.66787,7.70594e-13,,0,-2.80715,0.00499812,1,
other_rate_hz,rest,decorr,6,26.1091,36.4554,-10.3463,-10.4358,-10.2568,0.716194,-148.729,-208.243,-89.2154,-137.288,-257.606,9.99843,1.92275e-20,,0,-2.80715,0.00499812,1,
other_rate_hz,rest,conf25,6,26.1091,36.4846,-10.3755,-10.4721,-10.2788,0.71562,-138.419,-193.808,-83.0292,-127.771,-239.748,9.83898,7.32068e-20,,0,-2.81209,0.00492204,1,
other_rate_hz,rest,conf50,6,26.1091,36.3266,-10.2174,-10.3208,-10.1141,0.718734,-128.083,-179.339,-76.8278,-118.231,-221.847,9.49752,5.78242e-19,,0,-2.80715,0.00499812,1,
other_rate_hz,rest,conf75,6,26.1091,36.428,-10.3189,-10.4795,-10.1583,0.716732,-87.6072,-122.675,-52.5394,-80.8682,-151.74,7.0503,1.18771e-13,,0,-2.80715,0.00499812,1,
other_rate_hz,flow,self,6,36.6249,36.5662,0.0587167,-0.196219,0.313653,1.00161,0.296394,-0.841387,1.43418,0.273595,0.51337,9.97326,0.618872,0.618872,20,0.240192,0.810181,-0.111111,0.602599
other_rate_hz,flow,shuffle,6,36.6249,36.7412,-0.116233,-0.339756,0.107289,0.996836,-0.674865,-1.83822,0.488485,-0.622953,-1.1689,9.39177,0.271256,,10,-1.20096,0.229766,0.444444,
other_rate_hz,flow,randmat,6,36.6249,36.6453,-0.0203333,-0.25413,0.213463,0.999445,-0.112145,-1.24462,1.02033,-0.103518,-0.19424,9.82884,0.849943,,19,0.0800641,0.936186,-0.0555556,
other_rate_hz,flow,decorr,6,36.6249,36.4554,0.169517,-0.0331177,0.372151,1.00465,1.1699,-0.0546674,2.39446,1.0799,2.02632,6.26331,0.0871278,,30,1.84147,0.0655522,-0.666667,
other_rate_hz,flow,conf25,6,36.6249,36.4846,0.140317,-0.0632763,0.34391,1.00385,0.950889,-0.242934,2.14471,0.877743,1.64699,6.65501,0.145772,,30,1.8447,0.065081,-0.666667,
other_rate_hz,flow,conf50,6,36.6249,36.3266,0.298383,0.0935943,0.503172,1.00821,1.98834,0.605124,3.37156,1.83539,3.4439,7.01425,0.0107459,,31,2.0016,0.0453276,-0.722222,
other_rate_hz,flow,conf75,6,36.6249,36.428,0.196917,-0.0277493,0.421583,1.00541,1.13633,-0.0831619,2.35583,1.04892,1.96818,9.45885,0.0790245,,31,2.0016,0.0453276,-0.722222,
other_rate_hz,self,shuffle,6,36.5662,36.7412,-0.17495,-0.406844,0.0569438,0.995238,-0.98268,-2.18062,0.215256,-0.907089,-1.70205,9.16277,0.122353,0.36706,6,-1.84147,0.0655522,0.666667,0.0992252
other_rate_hz,self,randmat,6,36.5662,36.6453,-0.07905,-0.320485,0.162385,0.997843,-0.423105,-1.56728,0.721072,-0.390558,-0.732839,9.67768,0.48103,,15,-0.40032,0.688921,0.166667,0.493627
other_rate_hz,self,decorr,6,36.5662,36.4554,0.1108,-0.102381,0.323981,1.00304,0.730152,-0.43853,1.89883,0.673987,1.26466,6.1424,0.251858,0.503715,28,1.52122,0.128205,-0.555556,0.242689
other_rate_hz,self,conf25,6,36.5662,36.4846,0.0816,-0.132377,0.295577,1.00224,0.528855,-0.622342,1.68005,0.488174,0.916003,6.49997,0.392381,,27,1.36348,0.172733,-0.5,0.385904
other_rate_hz,self,conf50,6,36.5662,36.3266,0.239667,0.0246683,0.454665,1.0066,1.52955,0.2431,2.816,1.41189,2.64926,6.83045,0.0337234,,30,1.84147,0.0655522,-0.666667,0.0267433
other_rate_hz,self,conf75,6,36.5662,36.428,0.1382,-0.0947496,0.37115,1.00379,0.771813,-0.401146,1.94477,0.712443,1.33682,9.23699,0.213271,,27.5,1.44368,0.148829,-0.527778,0.202699
other_rate_hz,shuffle,randmat,6,36.7412,36.6453,0.0959,-0.109267,0.301067,1.00262,0.602614,-0.55437,1.7596,0.556259,1.04376,9.84182,0.321557,,24,0.880705,0.378478,-0.333333,
other_rate_hz,shuffle,decorr,6,36.7412,36.4554,0.28575,0.127731,0.443769,1.00784,2.46421,0.963398,3.96501,2.27465,4.26813,7.06444,0.00363215,,34,2.48199,0.0130652,-0.888889,
other_rate_hz,shuffle,conf25,6,36.7412,36.4846,0.25655,0.0964723,0.416628,1.00703,2.15094,0.729318,3.57257,1.98549,3.72554,7.64818,0.00631221,,33,2.32593,0.0200224,-0.833333,
other_rate_hz,shuffle,conf50,6,36.7412,36.3266,0.414617,0.252219,0.577014,1.01141,3.3886,1.6227,5.1545,3.12794,5.86923,8.14533,0.000349675,,36,2.80224,0.00507487,-1,
other_rate_hz,shuffle,conf75,6,36.7412,36.428,0.31315,0.120262,0.506038,1.0086,2.08855,0.681893,3.4952,1.92789,3.61747,9.99735,0.0047114,,33,2.32186,0.0202406,-0.833333,
other_rate_hz,randmat,decorr,6,36.6453,36.4554,0.18985,0.0116306,0.368069,1.00521,1.47098,0.195509,2.74645,1.35783,2.54781,6.62892,0.0400197,,33,2.32186,0.0202406,-0.833333,
other_rate_hz,randmat,conf25,6,36.6453,36.4846,0.16065,-0.0190286,0.340329,1.0044,1.2166,-0.0152271,2.44842,1.12301,2.10721,7.11642,0.0724436,,30,1.8447,0.065081,-0.666667,
other_rate_hz,randmat,conf50,6,36.6453,36.3266,0.318717,0.13732,0.500114,1.00877,2.36367,0.888973,3.83837,2.18185,4.094,7.55098,0.00392006,,36,2.80224,0.00507487,-1,
other_rate_hz,randmat,conf75,6,36.6453,36.428,0.21725,0.0107119,0.423788,1.00596,1.35539,0.100584,2.61019,1.25113,2.3476,9.8789,0.0411001,,29,1.68135,0.0926958,-0.611111,
other_rate_hz,decorr,conf25,6,36.4554,36.4846,-0.0292,-0.125361,0.0669612,0.9992,-0.391673,-1.53406,0.750711,-0.361544,-0.678397,9.80718,0.513208,,13.5,-0.642764,0.520377,0.25,
other_rate_hz,decorr,conf50,6,36.4554,36.3266,0.128867,0.0259213,0.231812,1.00355,1.62319,0.318503,2.92788,1.49833,2.81145,9.44747,0.019421,,32,2.16173,0.030639,-0.777778,
other_rate_hz,decorr,conf75,6,36.4554,36.428,0.0274,-0.133033,0.187833,1.00075,0.233135,-0.902288,1.36856,0.215202,0.403802,7.00392,0.698403,,16,-0.240192,0.810181,0.111111,
other_rate_hz,conf25,conf50,6,36.4846,36.3266,0.158067,0.0496441,0.266489,1.00435,1.87825,0.519887,3.23662,1.73377,3.25323,9.89058,0.00879618,,32,2.16552,0.0303479,-0.777778,
other_rate_hz,conf25,conf75,6,36.4846,36.428,0.0566,-0.105809,0.219009,1.00155,0.468549,-0.678458,1.61556,0.432507,0.811551,7.57563,0.441799,,21,0.401022,0.688404,-0.166667,
other_rate_hz,conf50,conf75,6,36.3266,36.428,-0.101467,-0.266114,0.0631802,0.997215,-0.819314,-1.99742,0.35879,-0.75629,-1.41909,8.06604,0.193338,,10,-1.20096,0.229766,0.444444,
ring_active_fraction,rest,flow,6,0.691177,0.735294,-0.0441177,-0.0992894,0.0110541,0.94,-1.04765,-2.25436,0.15907,-0.967058,-1.81458,8.81948,0.103666,,8.5,-1.46438,0.143091,0.527778,
ring_active_fraction,rest,self,6,0.691177,0.794118,-0.102941,-0.139196,-0.0666869,0.87037,-3.79631,-5.69032,-1.9023,-3.50429,-6.5754,7.81079,0.000193244,,0,-2.85774,0.00426672,1,0.00274931
ring_active_fraction,rest,shuffle,6,0.691177,0.786765,-0.0955882,-0.151327,-0.0398493,0.878505,-2.24942,-3.69523,-0.803607,-2.07639,-3.89611,8.75414,0.00383971,,1.5,-2.57106,0.0101389,0.916667,
ring_active_fraction,rest,randmat,6,0.691177,0.732843,-0.0416667,-0.0900932,0.00675982,0.943144,-1.11275,-2.32876,0.103255,-1.02716,-1.92735,9.62293,0.0839398,,7,-1.70231,0.0886978,0.611111,
ring_active_fraction,rest,decorr,6,0.691177,0.789216,-0.0980393,-0.151423,-0.0446554,0.875776,-2.39732,-3.88069,-0.913953,-2.21291,-4.15228,9.03084,0.00245769,,1.5,-2.57559,0.0100068,0.916667,
ring_active_fraction,rest,conf25,6,0.691177,0.740196,-0.0490195,-0.11053,0.0124913,0.933775,-1.05762,-2.26573,0.150484,-0.976269,-1.83186,8.14953,0.103656,,7.5,-1.61835,0.105588,0.583333,
ring_active_fraction,rest,conf50,6,0.691177,0.759804,-0.0686273,-0.134267,-0.00298782,0.909678,-1.3986,-2.66097,-0.136228,-1.29101,-2.42244,7.78801,0.0424918,,4.5,-2.12289,0.033763,0.75,
ring_active_fraction,rest,conf75,6,0.691177,0.737745,-0.0465685,-0.105756,0.0126194,0.936877,-1.03932,-2.24489,0.16624,-0.959376,-1.80016,8.37889,0.107834,,8,-1.53469,0.12486,0.555556,
ring_active_fraction,flow,self,6,0.735294,0.794118,-0.0588237,-0.110596,-0.00705168,0.925926,-1.58114,-2.87754,-0.284747,-1.45952,-2.73862,6.39997,0.0316631,0.0949893,5,-2.04124,0.0412268,0.722222,0.0289928
ring_active_fraction,flow,shuffle,6,0.735294,0.786765,-0.0514705,-0.115206,0.012265,0.93458,-1.03889,-2.24439,0.166615,-0.958974,-1.79941,9.99825,0.102156,,7.5,-1.61546,0.10621,0.583333,
ring_active_fraction,flow,randmat,6,0.735294,0.732843,0.002451,-0.0560666,0.0609686,1.00334,0.0541216,-1.07767,1.18591,0.0499584,0.0937414,9.68271,0.927226,,18.5,0,1,-0.0277778,
ring_active_fraction,flow,decorr,6,0.735294,0.789216,-0.0539217,-0.115916,0.0080727,0.931677,-1.11919,-2.33614,0.0977633,-1.0331,-1.93849,9.98113,0.0813383,,8,-1.54295,0.122843,0.555556,
ring_active_fraction,flow,conf25,6,0.735294,0.740196,-0.00490183,-0.0731021,0.0632984,0.993378,-0.0926856,-1.22488,1.03951,-0.085556,-0.160536,9.82356,0.875712,,16,-0.24189,0.808866,0.111111,
ring_active_fraction,flow,conf50,6,0.735294,0.759804,-0.0245097,-0.0960479,0.0470286,0.967742,-0.443325,-1.58873,0.702076,-0.409224,-0.767862,9.58702,0.461063,,15,-0.408993,0.682545,0.166667,
ring_active_fraction,flow,conf75,6,0.735294,0.737745,-0.00245083,-0.0688234,0.0639217,0.996678,-0.0475516,-1.1793,1.08419,-0.0438938,-0.0823618,9.92282,0.935997,,18,-0.0806299,0.935736,0,
ring_active_fraction,self,shuffle,6,0.794118,0.786765,0.00735317,-0.0450869,0.0597933,1.00935,0.195372,-0.93891,1.32965,0.180344,0.338395,6.36486,0.745951,1,19,0.0817985,0.934807,-0.0555556,0.728318
ring_active_fraction,self,randmat,6,0.794118,0.732843,0.0612747,0.0177966,0.104753,1.08361,1.92536,0.556482,3.29424,1.77726,3.33483,6.97618,0.0125706,,33,2.4121,0.0158608,-0.833333,0.015996
ring_active_fraction,self,decorr,6,0.794118,0.789216,0.004902,-0.0447387,0.0545427,1.00621,0.136846,-0.996063,1.26976,0.12632,0.237024,6.52146,0.81991,1,17,-0.083176,0.933712,0.0555556,0.893027
ring_active_fraction,self,conf25,6,0.794118,0.740196,0.0539218,-0.0051433,0.112987,1.07285,1.2857,0.0426935,2.52871,1.1868,2.2269,6.07806,0.0669841,,29.5,1.8095,0.0703733,-0.638889,0.0377406
ring_active_fraction,self,conf50,6,0.794118,0.759804,0.034314,-0.0293399,0.0979679,1.04516,0.763767,-0.408349,1.93588,0.705015,1.32288,5.92931,0.234602,,22,0.585556,0.558174,-0.222222,0.168958
ring_active_fraction,self,conf75,6,0.794118,0.737745,0.0563728,-6.03615e-05,0.112806,1.07641,1.40131,0.138455,2.66416,1.29351,2.42713,6.18009,0.0501797,,30,1.88481,0.0594557,-0.666667,0.0317421
ring_active_fraction,shuffle,randmat,6,0.786765,0.732843,0.0539215,-0.00509535,0.112938,1.07358,1.18136,-0.044963,2.40768,1.09049,2.04618,9.63812,0.0689916,,29.5,1.77701,0.0755663,-0.638889,
ring_active_fraction,shuffle,decorr,6,0.786765,0.789216,-0.00245117,-0.0648883,0.059986,0.996894,-0.0505243,-1.18229,1.08124,-0.0466378,-0.0875107,9.968,0.931999,,18.5,0,1,-0.0277778,
ring_active_fraction,shuffle,conf25,6,0.786765,0.740196,0.0465687,-0.021995,0.115132,1.06291,0.875476,-0.309077,2.06003,0.808131,1.51637,9.85566,0.160824,,26,1.21376,0.224839,-0.444444,
ring_active_fraction,shuffle,conf50,6,0.786765,0.759804,0.0269608,-0.044906,0.0988277,1.03548,0.485095,-0.663013,1.6332,0.44778,0.840209,9.63415,0.421153,,24.5,0.969279,0.332406,-0.361111,
ring_active_fraction,shuffle,conf75,6,0.786765,0.737745,0.0490197,-0.0177374,0.115777,1.06645,0.945336,-0.24778,2.13845,0.872618,1.63737,9.94397,0.132766,,27,1.3756,0.168947,-0.5,
ring_active_fraction,randmat,decorr,6,0.732843,0.789216,-0.0563727,-0.113327,0.000581971,0.928571,-1.2766,-2.5181,-0.0350906,-1.1784,-2.21113,9.81143,0.0519591,,6,-1.86443,0.0622611,0.666667,
ring_active_fraction,randmat,conf25,6,0.732843,0.740196,-0.00735283,-0.0715332,0.0568275,0.990066,-0.14929,-1.28245,0.98387,-0.137807,-0.258579,9.13574,0.801692,,16,-0.24189,0.808866,0.111111,
ring_active_fraction,randmat,conf50,6,0.732843,0.759804,-0.0269607,-0.0949117,0.0409903,0.964516,-0.520278,-1.67085,0.630292,-0.480257,-0.901148,8.77001,0.391584,,14,-0.57259,0.566923,0.222222,
ring_active_fraction,randmat,conf75,6,0.732843,0.737745,-0.00490183,-0.0669873,0.0571837,0.993356,-0.102541,-1.23487,1.02979,-0.0946536,-0.177607,9.34392,0.862823,,17,-0.0807732,0.935622,0.0555556,
ring_active_fraction,decorr,conf25,6,0.789216,0.740196,0.0490198,-0.0180588,0.116098,1.06623,0.944073,-0.248883,2.13703,0.871452,1.63518,9.698,0.134006,,26.5,1.2878,0.197817,-0.472222,
ring_active_fraction,decorr,conf50,6,0.789216,0.759804,0.029412,-0.0411159,0.0999399,1.03871,0.541004,-0.611095,1.6931,0.499389,0.937047,9.41715,0.372142,,24.5,0.976252,0.328939,-0.361111,
ring_active_fraction,decorr,conf75,6,0.789216,0.737745,0.0514708,-0.0137121,0.116654,1.06977,1.01818,-0.184495,2.22085,0.939855,1.76353,9.83087,0.108802,,27,1.37315,0.169707,-0.5,
ring_active_fraction,conf25,conf50,6,0.740196,0.759804,-0.0196078,-0.095022,0.0558063,0.974194,-0.33473,-1.47421,0.804752,-0.308982,-0.57977,9.94312,0.57497,,15.5,-0.326599,0.743971,0.138889,
ring_active_fraction,conf25,conf75,6,0.740196,0.737745,0.002451,-0.0683958,0.0732978,1.00332,0.0445175,-1.08721,1.17624,0.0410931,0.0771066,9.97854,0.940063,,18,-0.0815016,0.935043,0,
ring_active_fraction,conf50,conf75,6,0.759804,0.737745,0.0220588,-0.0518853,0.096003,1.0299,0.384531,-0.757464,1.52653,0.354952,0.666027,9.85433,0.520679,,19,0.0807732,0.935622,-0.0555556,
columnar_active_fraction,rest,flow,6,0.169562,0.255309,-0.0857465,-0.0907686,-0.0807244,0.664146,-22.2896,-31.2786,-13.3006,-20.575,-38.6067,9.02636,2.46622e-11,,0,-2.80715,0.00499812,1,
columnar_active_fraction,rest,self,6,0.169562,0.2574,-0.0878378,-0.0915561,-0.0841196,0.65875,-30.56,-42.8386,-18.2815,-28.2093,-52.9316,9.60423,3.59622e-13,,0,-2.81209,0.00492204,1,0.00274931
columnar_active_fraction,rest,shuffle,6,0.169562,0.257722,-0.0881597,-0.093772,-0.0825474,0.657927,-20.7716,-29.1585,-12.3847,-19.1738,-35.9775,8.32672,1.9672e-10,,0,-2.81209,0.00492204,1,
columnar_active_fraction,rest,randmat,6,0.169562,0.255309,-0.0857465,-0.0904072,-0.0810858,0.664146,-23.8407,-33.4457,-14.2357,-22.0068,-41.2933,9.49046,4.9368e-12,,0,-2.81209,0.00492204,1,
columnar_active_fraction,rest,decorr,6,0.169562,0.255148,-0.0855857,-0.0891626,-0.0820087,0.664565,-31.219,-43.7601,-18.6779,-28.8175,-54.0729,9.05857,1.10253e-12,,0,-2.81706,0.0048466,1,
columnar_active_fraction,rest,conf25,6,0.169562,0.253057,-0.0834945,-0.0869366,-0.0800524,0.670056,-32.1986,-45.1301,-19.2671,-29.7218,-55.7697,8.14002,8.31187e-12,,0,-2.82706,0.0046977,1,
columnar_active_fraction,rest,conf50,6,0.169562,0.251126,-0.0815638,-0.0861011,-0.0770266,0.675208,-23.2424,-32.6097,-13.8751,-21.4545,-40.257,9.64097,4.56029e-12,,0,-2.81209,0.00492204,1,
columnar_active_fraction,rest,conf75,6,0.169562,0.254665,-0.0851032,-0.0893772,-0.0808291,0.665824,-25.6477,-35.9709,-15.3244,-23.6748,-44.4231,9.90614,9.87478e-13,,0,-2.81209,0.00492204,1,
columnar_active_fraction,flow,self,6,0.255309,0.2574,-0.00209133,-0.00691291,0.00273024,0.991875,-0.577333,-1.73225,0.577586,-0.532922,-0.999969,8.01144,0.346567,0.693134,13,-0.728256,0.466457,0.277778,0.387403
columnar_active_fraction,flow,shuffle,6,0.255309,0.257722,-0.00241317,-0.00858218,0.00375585,0.990637,-0.504565,-1.65401,0.644885,-0.465752,-0.873932,9.80632,0.40305,,12.5,-0.806299,0.42007,0.305556,
columnar_active_fraction,flow,randmat,6,0.255309,0.255309,-5.55112e-17,-0.0054349,0.0054349,1,-1.31588e-14,-1.13159,1.13159,-1.21466e-14,-2.27917e-14,9.8916,1,,17.5,0,1,0.0277778,
columnar_active_fraction,flow,decorr,6,0.255309,0.255148,0.000160833,-0.00458645,0.00490812,1.00063,0.0457178,-1.08602,1.17745,0.0422011,0.0791856,7.4276,0.938976,,19,0.0807732,0.935622,-0.0555556,
columnar_active_fraction,flow,conf25,6,0.255309,0.253057,0.002252,-0.0024327,0.0069367,1.0089,0.661649,-0.500486,1.82378,0.610753,1.14601,6.73023,0.290899,,24,0.890091,0.373417,-0.333333,
columnar_active_fraction,flow,conf50,6,0.255309,0.251126,0.00418267,-0.0011638,0.00952914,1.01666,1.00925,-0.192213,2.21072,0.931619,1.74808,9.79513,0.111659,,27.5,1.44622,0.148116,-0.527778,
columnar_active_fraction,flow,conf75,6,0.255309,0.254665,0.000643333,-0.00452135,0.00580802,1.00253,0.161488,-0.971941,1.29492,0.149065,0.279705,9.46085,0.785723,,19.5,0.160691,0.872337,-0.0833333,
columnar_active_fraction,self,shuffle,6,0.2574,0.257722,-0.000321833,-0.00578377,0.00514011,0.998751,-0.0796254,-1.21166,1.05241,-0.0735004,-0.137915,7.37272,0.893999,0.893999,18.5,0,1,-0.0277778,0.955011
columnar_active_fraction,self,randmat,6,0.2574,0.255309,0.00209133,-0.00232814,0.00651081,1.00819,0.623271,-0.535463,1.78201,0.575327,1.07954,8.52971,0.309926,,22.5,0.647339,0.517413,-0.25,0.377406
columnar_active_fraction,self,decorr,6,0.2574,0.255148,0.00225217,-0.000863108,0.00536744,1.00883,0.932067,-0.259377,2.12351,0.86037,1.61439,9.83945,0.138015,0.414046,27,1.39568,0.162812,-0.5,0.180455
columnar_active_fraction,self,conf25,6,0.2574,0.253057,0.00434333,0.00141653,0.00727014,1.01716,1.9333,0.562631,3.30397,1.78459,3.34858,9.1511,0.0083459,,34,2.50397,0.0122808,-0.888889,0.00874781
columnar_active_fraction,self,conf50,6,0.2574,0.251126,0.006274,0.00199418,0.0105538,1.02498,1.92361,0.555121,3.29209,1.77564,3.33178,8.73213,0.00915156,,33.5,2.41462,0.0157516,-0.861111,0.0109973
columnar_active_fraction,self,conf75,6,0.2574,0.254665,0.00273467,-0.00124207,0.0067114,1.01074,0.895137,-0.291765,2.08204,0.826281,1.55042,9.20183,0.154715,,28.5,1.60975,0.107453,-0.583333,0.184454
columnar_active_fraction,shuffle,randmat,6,0.257722,0.255309,0.00241317,-0.00353048,0.00835681,1.00945,0.52646,-0.624561,1.67748,0.485963,0.911855,9.44819,0.384521,,22,0.565413,0.571793,-0.222222,
columnar_active_fraction,shuffle,decorr,6,0.257722,0.255148,0.002574,-0.00283561,0.00798361,1.01009,0.651893,-0.509359,1.81314,0.601747,1.12911,6.88044,0.296674,,23,0.728256,0.466457,-0.277778,
columnar_active_fraction,shuffle,conf25,6,0.257722,0.253057,0.00466517,-0.000703263,0.0100336,1.01844,1.21268,-0.0185246,2.44389,1.1194,2.10043,6.32147,0.0780758,,30,1.85778,0.0631996,-0.666667,
columnar_active_fraction,shuffle,conf50,6,0.257722,0.251126,0.00659583,0.000724888,0.0124668,1.02627,1.4607,0.187122,2.73428,1.34834,2.53001,9.27551,0.0315278,,31,2.01933,0.0434528,-0.722222,
columnar_active_fraction,shuffle,conf75,6,0.257722,0.254665,0.0030565,-0.00266771,0.00878071,1.012,0.699641,-0.46605,1.86533,0.645822,1.21181,8.81328,0.25707,,25.5,1.13284,0.25728,-0.416667,
columnar_active_fraction,randmat,decorr,6,0.255309,0.255148,0.000160833,-0.0041655,0.00448717,1.00063,0.0496036,-1.08216,1.18136,0.0457879,0.0859159,7.90003,0.933671,,21.5,0.483779,0.628542,-0.194444,
columnar_active_fraction,randmat,conf25,6,0.255309,0.253057,0.002252,-0.00199243,0.00649643,1.0089,0.722271,-0.445627,1.89017,0.666712,1.25101,7.10095,0.250572,,28,1.54018,0.123516,-0.555556,
columnar_active_fraction,randmat,conf50,6,0.255309,0.251126,0.00418267,-0.000852329,0.00921766,1.01666,1.06889,-0.140805,2.27858,0.986667,1.85137,9.98359,0.093883,,29,1.69323,0.0904121,-0.611111,
columnar_active_fraction,randmat,conf75,6,0.255309,0.254665,0.000643333,-0.00418366,0.00547033,1.00253,0.171891,-0.961782,1.30556,0.158669,0.297725,9.81452,0.77212,,22,0.564409,0.572476,-0.222222,
columnar_active_fraction,decorr,conf25,6,0.255148,0.253057,0.00209117,-0.000589114,0.00477145,1.00826,1.00829,-0.193045,2.20963,0.930732,1.74641,9.67255,0.112351,,27.5,1.45912,0.144532,-0.527778,
columnar_active_fraction,decorr,conf50,6,0.255148,0.251126,0.00402183,-0.000157056,0.00820072,1.01602,1.27873,0.0368748,2.52059,1.18037,2.21483,8.09461,0.0572621,,30,1.85778,0.0631996,-0.666667,
columnar_active_fraction,decorr,conf75,6,0.255148,0.254665,0.0004825,-0.0033736,0.0043386,1.00189,0.164652,-0.968849,1.29815,0.151987,0.285186,8.57923,0.782266,,22.5,0.645039,0.518902,-0.25,
columnar_active_fraction,conf25,conf50,6,0.253057,0.251126,0.00193067,-0.00215811,0.00601944,1.00769,0.639985,-0.520206,1.80018,0.590756,1.10849,7.2601,0.303017,,24,0.891685,0.372562,-0.333333,
columnar_active_fraction,conf25,conf75,6,0.253057,0.254665,-0.00160867,-0.00535324,0.00213591,0.993683,-0.576145,-1.73097,0.578679,-0.531826,-0.997912,7.679,0.348724,,13.5,-0.665408,0.50579,0.25,
columnar_active_fraction,conf50,conf75,6,0.251126,0.254665,-0.00353933,-0.00825212,0.00117346,0.986102,-0.967352,-2.16329,0.228585,-0.89294,-1.6755,9.9059,0.125062,,9,-1.37071,0.170466,0.5,
fanbody_active_fraction,rest,flow,6,0.191348,0.368275,-0.176927,-0.180055,-0.173799,0.519579,-72.8021,-101.95,-43.6538,-67.202,-126.097,9.96126,2.73667e-17,,0,-2.81706,0.0048466,1,
fanbody_active_fraction,rest,self,6,0.191348,0.367998,-0.17665,-0.17944,-0.173859,0.519971,-81.8296,-114.587,-49.072,-75.535,-141.733,9.65751,2.37233e-17,,0,-2.81706,0.0048466,1,0.00274931
fanbody_active_fraction,rest,shuffle,6,0.191348,0.37188,-0.180532,-0.184931,-0.176133,0.514542,-54.5924,-76.4628,-32.722,-50.393,-94.5569,8.0409,1.54097e-13,,0,-2.81209,0.00492204,1,
fanbody_active_fraction,rest,randmat,6,0.191348,0.369939,-0.178591,-0.18529,-0.171893,0.517242,-37.1816,-52.1001,-22.2632,-34.3215,-64.4005,6.33895,3.61022e-10,,0,-2.80715,0.00499812,1,
fanbody_active_fraction,rest,decorr,6,0.191348,0.377149,-0.185801,-0.18893,-0.182673,0.507353,-76.448,-107.054,-45.8421,-70.5674,-132.412,9.96109,1.6834e-17,,0,-2.81706,0.0048466,1,
fanbody_active_fraction,rest,conf25,6,0.191348,0.371325,-0.179977,-0.183659,-0.176296,0.515311,-63.701,-89.2113,-38.1906,-58.8009,-110.333,9.14244,1.33689e-15,,0,-2.81209,0.00492204,1,
fanbody_active_fraction,rest,conf50,6,0.191348,0.369939,-0.178591,-0.181275,-0.175906,0.517242,-86.6737,-121.368,-51.9792,-80.0065,-150.123,9.15225,7.74962e-17,,0,-2.82706,0.0046977,1,
fanbody_active_fraction,rest,conf75,6,0.191348,0.37604,-0.184692,-0.188169,-0.181215,0.50885,-68.8348,-96.3972,-41.2724,-63.5398,-119.225,9.49438,2.12285e-16,,0,-2.81209,0.00492204,1,
fanbody_active_fraction,flow,self,6,0.368275,0.367998,0.000277333,-0.00263155,0.00318622,1.00075,0.123675,-1.00899,1.25634,0.114162,0.214212,9.42162,0.834946,0.834946,18.5,0,1,-0.0277778,0.922269
fanbody_active_fraction,flow,shuffle,6,0.368275,0.37188,-0.00360517,-0.00804919,0.000838859,0.990306,-1.07229,-2.28246,0.13789,-0.989802,-1.85725,8.34746,0.0988107,,8,-1.53743,0.124188,0.555556,
fanbody_active_fraction,flow,randmat,6,0.368275,0.369939,-0.00166417,-0.00837609,0.00504776,0.995502,-0.343737,-1.48365,0.796174,-0.317296,-0.59537,6.50923,0.571703,,17.5,0,1,0.0277778,
fanbody_active_fraction,flow,decorr,6,0.368275,0.377149,-0.00887433,-0.0120969,-0.0056518,0.97647,-3.54258,-5.3562,-1.72895,-3.27007,-6.13592,10,0.000110345,,0.5,-2.74629,0.00602734,0.972222,
fanbody_active_fraction,flow,conf25,6,0.368275,0.371325,-0.0030505,-0.00679937,0.000698369,0.991785,-1.05561,-2.26344,0.152214,-0.974412,-1.82837,9.4177,0.0992831,,8,-1.54295,0.122843,0.555556,
fanbody_active_fraction,flow,conf50,6,0.368275,0.369939,-0.00166367,-0.00447619,0.00114885,0.995503,-0.774516,-1.94776,0.398729,-0.714938,-1.3415,8.85339,0.213151,,9,-1.40084,0.161263,0.5,
fanbody_active_fraction,flow,conf75,6,0.368275,0.37604,-0.007765,-0.0113179,-0.00421215,0.979351,-2.82272,-4.42141,-1.22403,-2.60558,-4.88909,9.71632,0.000688675,,1,-2.65608,0.00790544,0.944444,
fanbody_active_fraction,self,shuffle,6,0.367998,0.37188,-0.0038825,-0.00818818,0.000423181,0.98956,-1.22421,-2.45724,0.00882507,-1.13004,-2.12039,7.19798,0.0706011,0.141202,6.5,-1.77386,0.0760866,0.638889,0.0589853
fanbody_active_fraction,self,randmat,6,0.367998,0.369939,-0.0019415,-0.00861767,0.00473467,0.994752,-0.412123,-1.55566,0.731411,-0.380422,-0.713819,5.92357,0.502482,,17,-0.0807732,0.935622,0.0555556,0.456386
fanbody_active_fraction,self,decorr,6,0.367998,0.377149,-0.00915167,-0.0120608,-0.0062425,0.975735,-4.08078,-6.06721,-2.09434,-3.76687,-7.06811,9.42104,4.65298e-05,0.000139589,0,-2.82205,0.00477182,1,0.00274931
fanbody_active_fraction,self,conf25,6,0.367998,0.371325,-0.00332783,-0.00686121,0.000205541,0.991038,-1.24847,-2.48539,-0.0115539,-1.15244,-2.16242,8.20572,0.061712,,7,-1.70537,0.0881262,0.611111,0.0614846
fanbody_active_fraction,self,conf50,6,0.367998,0.369939,-0.001941,-0.00430672,0.00042472,0.994753,-1.05764,-2.26575,0.150473,-0.97628,-1.83188,9.85076,0.0973302,,8,-1.56564,0.117432,0.555556,0.16021
fanbody_active_fraction,self,conf75,6,0.367998,0.37604,-0.00804233,-0.0113489,-0.0047358,0.978613,-3.19868,-4.90694,-1.49042,-2.95263,-5.54028,8.61098,0.000422242,,0.5,-2.74142,0.00611748,0.972222,0.00449888
fanbody_active_fraction,shuffle,randmat,6,0.37188,0.369939,0.001941,-0.00509568,0.00897768,1.00525,0.363783,-0.777124,1.50469,0.335799,0.63009,8.46238,0.54527,,20,0.242752,0.808197,-0.111111,
fanbody_active_fraction,shuffle,decorr,6,0.37188,0.377149,-0.00526917,-0.0097133,-0.000825029,0.986029,-1.56715,-2.86082,-0.273476,-1.4466,-2.71438,8.34816,0.0254725,,3.5,-2.26974,0.0232232,0.805556,
fanbody_active_fraction,shuffle,conf25,6,0.37188,0.371325,0.000554667,-0.00418221,0.00529154,1.00149,0.151634,-0.981577,1.28484,0.13997,0.262638,9.53554,0.798416,,20.5,0.325417,0.744865,-0.138889,
fanbody_active_fraction,shuffle,conf50,6,0.37188,0.369939,0.0019415,-0.00232995,0.00621295,1.00525,0.625202,-0.533699,1.7841,0.577109,1.08288,6.75099,0.316015,,27.5,1.46438,0.143091,-0.527778,
fanbody_active_fraction,shuffle,conf75,6,0.37188,0.37604,-0.00415983,-0.00878065,0.000460987,0.988938,-1.17204,-2.39693,0.0528504,-1.08188,-2.03003,9.19132,0.0722782,,6.5,-1.77701,0.0755663,0.638889,
fanbody_active_fraction,randmat,decorr,6,0.369939,0.377149,-0.00721017,-0.0139221,-0.000498205,0.980882,-1.48925,-2.7681,-0.210388,-1.37469,-2.57945,6.50964,0.038876,,5,-2.02656,0.0427078,0.722222,
fanbody_active_fraction,randmat,conf25,6,0.369939,0.371325,-0.00138633,-0.00820599,0.00543332,0.996267,-0.274451,-1.41135,0.86245,-0.253339,-0.475363,7.4092,0.648225,,16,-0.241462,0.809197,0.111111,
fanbody_active_fraction,randmat,conf50,6,0.369939,0.369939,5e-07,-0.00667031,0.00667131,1,0.000107141,-1.13148,1.13169,9.88991e-05,0.000185573,5.72356,0.999858,,17.5,0,1,0.0277778,
fanbody_active_fraction,randmat,conf75,6,0.369939,0.37604,-0.00610083,-0.0128742,0.00067249,0.983776,-1.22676,-2.46019,0.00668068,-1.13239,-2.1248,7.08299,0.0707553,,7.5,-1.61546,0.10621,0.583333,
fanbody_active_fraction,decorr,conf25,6,0.377149,0.371325,0.00582383,0.0020748,0.00957287,1.01568,2.01521,0.625781,3.40463,1.86019,3.49044,9.41829,0.00636858,,33.5,2.4189,0.0155676,-0.861111,
fanbody_active_fraction,decorr,conf50,6,0.377149,0.369939,0.00721067,0.00439784,0.0100235,1.01949,3.35659,1.6005,5.11267,3.09839,5.81378,8.85269,0.000271675,,35.5,2.75612,0.00584922,-0.972222,
fanbody_active_fraction,decorr,conf75,6,0.377149,0.37604,0.00110933,-0.00244371,0.00466237,1.00295,0.403239,-0.739789,1.54627,0.372221,0.69843,9.71676,0.501281,,22.5,0.658,0.510538,-0.25,
fanbody_active_fraction,conf25,conf50,6,0.371325,0.369939,0.00138683,-0.00208683,0.0048605,1.00375,0.536163,-0.615574,1.6879,0.49492,0.928661,7.62207,0.381533,,24.5,0.983378,0.325421,-0.361111,
fanbody_active_fraction,conf25,conf75,6,0.371325,0.37604,-0.0047145,-0.008713,-0.000715997,0.987463,-1.51813,-2.80241,-0.233846,-1.40135,-2.62948,9.93443,0.0253138,,4.5,-2.10385,0.0353914,0.75,
fanbody_active_fraction,conf50,conf75,6,0.369939,0.37604,-0.00610133,-0.00933714,-0.00286553,0.983775,-2.5104,-4.02341,-0.997384,-2.31729,-4.34813,8,0.00245143,,1.5,-2.58936,0.00961558,0.916667,
other_active_fraction,rest,flow,6,0.586721,0.680669,-0.0939477,-0.103624,-0.0842713,0.861977,-12.8898,-18.1694,-7.61023,-11.8983,-22.3259,8.13211,1.38051e-08,,0,-2.82706,0.0046977,1,
other_active_fraction,rest,self,6,0.586721,0.684282,-0.097561,-0.107184,-0.0879376,0.857426,-13.5107,-19.0332,-7.98822,-12.4714,-23.4012,7.95487,1.27554e-08,,0,-2.81706,0.0048466,1,0.00274931
other_active_fraction,rest,shuffle,6,0.586721,0.685637,-0.098916,-0.108412,-0.08942,0.855731,-14.049,-19.7824,-8.31555,-12.9683,-24.3336,7.44911,2.26709e-08,,0,-2.81706,0.0048466,1,
other_active_fraction,rest,randmat,6,0.586721,0.680669,-0.0939477,-0.103406,-0.0844897,0.861977,-13.4602,-18.9629,-7.95748,-12.4248,-23.3137,7.26824,4.24657e-08,,0,-2.82706,0.0046977,1,
other_active_fraction,rest,decorr,6,0.586721,0.679314,-0.0925927,-0.102553,-0.0826323,0.863697,-12.1689,-17.1672,-7.17066,-11.2329,-21.0772,8.86793,6.9884e-09,,0,-2.81706,0.0048466,1,
other_active_fraction,rest,conf25,6,0.586721,0.68112,-0.0943993,-0.104648,-0.0841506,0.861406,-11.9596,-16.8763,-7.04286,-11.0396,-20.7146,9.36088,3.88484e-09,,0,-2.81209,0.00492204,1,
other_active_fraction,rest,conf50,6,0.586721,0.680217,-0.093496,-0.102777,-0.0842155,0.86255,-14.6446,-20.6118,-8.67737,-13.5181,-25.3652,5.37331,8.41083e-07,,0,-2.85774,0.00426672,1,
other_active_fraction,rest,conf75,6,0.586721,0.682475,-0.0957543,-0.106179,-0.08533,0.859696,-11.8885,-16.7776,-6.99944,-10.974,-20.5915,9.57252,3.00502e-09,,0,-2.80715,0.00499812,1,
other_active_fraction,flow,self,6,0.680669,0.684282,-0.00361333,-0.0102597,0.00303301,0.99472,-0.699497,-1.86517,0.46618,-0.64569,-1.21157,9.98655,0.253567,0.507134,11,-1.08746,0.276833,0.388889,0.350912
other_active_fraction,flow,shuffle,6,0.680669,0.685637,-0.00496833,-0.0113039,0.00136724,0.992754,-1.01178,-2.21358,0.190031,-0.933946,-1.75245,9.78789,0.1109,,9,-1.42206,0.155008,0.5,
other_active_fraction,flow,randmat,6,0.680669,0.680669,0,-0.00623404,0.00623404,1,0,-1.13159,1.13159,0,0,9.65344,1,,20.5,0.329609,0.741696,-0.138889,
other_active_fraction,flow,decorr,6,0.680669,0.679314,0.001355,-0.00599309,0.00870309,1.00199,0.237915,-0.897666,1.3735,0.219614,0.412082,9.788,0.689159,,19,0.0812079,0.935277,-0.0555556,
other_active_fraction,flow,conf25,6,0.680669,0.68112,-0.000451667,-0.00832622,0.00742288,0.999337,-0.0744117,-1.20639,1.05757,-0.0686877,-0.128885,9.41544,0.90016,,18,-0.0810622,0.935392,0,
other_active_fraction,flow,conf50,6,0.680669,0.680217,0.000451667,-0.0050632,0.00596653,1.00066,0.11547,-1.01706,1.248,0.106588,0.2,6.0501,0.848034,,20.5,0.357901,0.720417,-0.138889,
other_active_fraction,flow,conf75,6,0.680669,0.682475,-0.00180667,-0.00998116,0.00636783,0.997353,-0.287777,-1.4252,0.84965,-0.265641,-0.498445,9.1837,0.62989,,15.5,-0.327194,0.743521,0.138889,
other_active_fraction,self,shuffle,6,0.684282,0.685637,-0.001355,-0.00755274,0.00484274,0.998024,-0.281718,-1.4189,0.855467,-0.260047,-0.48795,9.87805,0.636234,0.636234,14.5,-0.491689,0.622939,0.194444,0.747063
other_active_fraction,self,randmat,6,0.684282,0.680669,0.00361333,-0.00247791,0.00970458,1.00531,0.765559,-0.406744,1.93786,0.70667,1.32599,9.76879,0.215012,,27,1.39057,0.164354,-0.5,0.291177
other_active_fraction,self,decorr,6,0.684282,0.679314,0.00496833,-0.0022796,0.0122163,1.00731,0.88583,-0.299954,2.07161,0.817689,1.5343,9.67637,0.156977,0.470932,24,0.896518,0.369976,-0.333333,0.190952
other_active_fraction,self,conf25,6,0.684282,0.68112,0.00316167,-0.00462683,0.0109502,1.00464,0.527945,-0.623185,1.67907,0.487334,0.914427,9.25715,0.383692,,23.5,0.810622,0.417583,-0.305556,0.442389
other_active_fraction,self,conf50,6,0.684282,0.680217,0.004065,-0.00125421,0.00938421,1.00598,1.07417,-0.13627,2.28462,0.991544,1.86052,6.12812,0.111119,,29,1.80922,0.0704167,-0.611111,0.109473
other_active_fraction,self,conf75,6,0.684282,0.682475,0.00180667,-0.0062887,0.00990203,1.00265,0.29142,-0.846156,1.429,0.269003,0.504754,9.01144,0.625843,,20.5,0.323669,0.746188,-0.138889,0.713572
other_active_fraction,shuffle,randmat,6,0.685637,0.680669,0.00496833,-0.000743816,0.0106805,1.0073,1.11919,-0.097763,2.33614,1.0331,1.9385,9.98113,0.0813382,,29,1.71777,0.0858388,-0.611111,
other_active_fraction,shuffle,decorr,6,0.685637,0.679314,0.00632333,-0.0006693,0.013316,1.00931,1.17651,-0.049065,2.40209,1.08601,2.03778,9.23342,0.0712336,,29,1.70231,0.0886978,-0.611111,
other_active_fraction,shuffle,conf25,6,0.685637,0.68112,0.00451667,-0.00305575,0.0120891,1.00663,0.78278,-0.391342,1.9569,0.722566,1.35582,8.72453,0.209209,,26,1.2116,0.225666,-0.444444,
other_active_fraction,shuffle,conf50,6,0.685637,0.680217,0.00542,0.000649737,0.0101903,1.00797,1.58114,0.284745,2.87753,1.45951,2.73861,6.4,0.0316632,,30,1.9696,0.048884,-0.666667,
other_active_fraction,shuffle,conf75,6,0.685637,0.682475,0.00316167,-0.00473656,0.0110599,1.00463,0.527945,-0.623185,1.67907,0.487334,0.914427,8.4602,0.385812,,23,0.733514,0.463245,-0.277778,
other_active_fraction,randmat,decorr,6,0.680669,0.679314,0.001355,-0.00555605,0.00826605,1.00199,0.255934,-0.880275,1.39214,0.236247,0.443291,9.03127,0.667984,,21.5,0.486373,0.626702,-0.194444,
other_active_fraction,randmat,conf25,6,0.680669,0.68112,-0.000451667,-0.00795623,0.0070529,0.999337,-0.0793052,-1.21134,1.05273,-0.0732048,-0.137361,8.50738,0.893941,,17.5,0,1,0.0277778,
other_active_fraction,randmat,conf50,6,0.680669,0.680217,0.000451667,-0.00412222,0.00502555,1.00066,0.136845,-0.996064,1.26975,0.126319,0.237023,6.52149,0.819911,,16,-0.254374,0.799207,0.111111,
other_active_fraction,randmat,conf75,6,0.680669,0.682475,-0.00180667,-0.00964356,0.00603023,0.997353,-0.305352,-1.44351,0.832809,-0.281864,-0.528886,8.2439,0.610825,,14.5,-0.490791,0.623574,0.194444,
other_active_fraction,decorr,conf25,6,0.679314,0.68112,-0.00180667,-0.0101181,0.00650475,0.997348,-0.280056,-1.41718,0.857063,-0.258513,-0.485071,9.88913,0.638191,,15,-0.40604,0.684714,0.166667,
other_active_fraction,decorr,conf50,6,0.679314,0.680217,-0.000903333,-0.00729047,0.0054838,0.998672,-0.201619,-1.33608,0.932838,-0.18611,-0.349215,5.78458,0.739287,,17.5,0,1,0.0277778,
other_active_fraction,decorr,conf75,6,0.679314,0.682475,-0.00316167,-0.0117419,0.00541855,0.995367,-0.47563,-1.6231,0.671844,-0.439043,-0.823815,9.75676,0.429722,,12.5,-0.809174,0.418415,0.305556,
other_active_fraction,conf25,conf50,6,0.68112,0.680217,0.000903333,-0.00619749,0.00800416,1.00133,0.182574,-0.951367,1.31651,0.16853,0.316228,5.63571,0.763212,,18.5,0,1,-0.0277778,
other_active_fraction,conf25,conf75,6,0.68112,0.682475,-0.001355,-0.0103259,0.00761588,0.998015,-0.194379,-1.32863,0.939875,-0.179427,-0.336675,9.9721,0.74334,,15.5,-0.324249,0.74575,0.138889,
other_active_fraction,conf50,conf75,6,0.680217,0.682475,-0.00225833,-0.00974487,0.00522821,0.996691,-0.434208,-1.57905,0.710634,-0.400808,-0.752071,5.57228,0.482553,,14.5,-0.499056,0.61774,0.194444,
pair_corr,rest,flow,6,0.00294188,0.006942,-0.00400012,-0.0069582,-0.00104204,0.42378,-1.80284,-3.14475,-0.460928,-1.66416,-3.12261,7.9377,0.0143116,,4,-2.16173,0.030639,0.777778,
pair_corr,rest,self,6,0.00294188,0.00702998,-0.00408811,-0.00710889,-0.00106732,0.418476,-1.80888,-3.15209,-0.46567,-1.66974,-3.13307,7.82353,0.0143474,,3,-2.32186,0.0202406,0.833333,0.0114971
pair_corr,rest,shuffle,6,0.00294188,0.0066743,-0.00373242,-0.00610301,-0.00136183,0.440777,-2.0463,-3.44298,-0.649618,-1.88889,-3.54429,9.29929,0.0059564,,2,-2.48199,0.0130652,0.888889,
pair_corr,rest,randmat,6,0.00294188,0.00658033,-0.00363845,-0.0054158,-0.0018611,0.447071,-2.66479,-4.21949,-1.11009,-2.45981,-4.61555,9.20087,0.00119114,,1,-2.64211,0.00823902,0.944444,
pair_corr,rest,decorr,6,0.00294188,0.00609317,-0.00315129,-0.00530273,-0.000999858,0.482815,-1.88879,-3.24949,-0.528086,-1.7435,-3.27147,9.82643,0.00860283,,3,-2.32186,0.0202406,0.833333,
pair_corr,rest,conf25,6,0.00294188,0.00640018,-0.0034583,-0.00515954,-0.00175707,0.459655,-2.69345,-4.25603,-1.13086,-2.48626,-4.66519,8.22781,0.00149596,,0,-2.80224,0.00507487,1,
pair_corr,rest,conf50,6,0.00294188,0.00760357,-0.0046617,-0.00798355,-0.00133984,0.386907,-1.89742,-3.26004,-0.534799,-1.75147,-3.28643,7.3521,0.0124704,,3,-2.32186,0.0202406,0.833333,
pair_corr,rest,conf75,6,0.00294188,0.00711174,-0.00416987,-0.0066572,-0.00168253,0.413665,-2.18973,-3.62081,-0.758662,-2.02129,-3.79273,8.99428,0.00426966,,2,-2.48199,0.0130652,0.888889,
pair_corr,flow,self,6,0.006942,0.00702998,-8.799e-05,-0.00363865,0.00346267,0.987484,-0.0318816,-1.16354,1.09978,-0.0294292,-0.0552205,9.99413,0.957051,1,16,-0.240192,0.810181,0.111111,0.965509
pair_corr,flow,shuffle,6,0.006942,0.0066743,0.000267698,-0.00287187,0.00340727,1.04011,0.11081,-1.02164,1.24326,0.102286,0.191928,9.30413,0.851922,,21,0.40032,0.688921,-0.166667,
pair_corr,flow,randmat,6,0.006942,0.00658033,0.000361667,-0.00251815,0.00324148,1.05496,0.172937,-0.960762,1.30664,0.159634,0.299536,6.71539,0.773589,,19,0.0800641,0.936186,-0.0555556,
pair_corr,flow,decorr,6,0.006942,0.00609317,0.000848823,-0.00217764,0.00387529,1.13931,0.36895,-0.772223,1.51012,0.340569,0.639039,8.59569,0.53945,,22,0.560449,0.575174,-0.222222,
pair_corr,flow,conf25,6,0.006942,0.00640018,0.000541813,-0.00231951,0.00340314,1.08466,0.265712,-0.870856,1.40228,0.245273,0.460227,6.17212,0.661123,,18,-0.0800641,0.936186,0,
pair_corr,flow,conf50,6,0.006942,0.00760357,-0.000661578,-0.00443079,0.00310763,0.912991,-0.226314,-1.36152,0.908888,-0.208906,-0.391988,9.83316,0.703428,,14,-0.560449,0.575174,0.222222,
pair_corr,flow,conf75,6,0.006942,0.00711174,-0.000169747,-0.00337563,0.00303613,0.976131,-0.0685286,-1.20045,1.06339,-0.0632571,-0.118695,9.57242,0.907971,,16,-0.240192,0.810181,0.111111,
pair_corr,self,shuffle,6,0.00702998,0.0066743,0.000355688,-0.0028387,0.00355008,1.05329,0.144956,-0.988114,1.27803,0.133806,0.251072,9.19561,0.807279,1,19,0.0800641,0.936186,-0.0555556,0.804299
pair_corr,self,randmat,6,0.00702998,0.00658033,0.000449657,-0.00249756,0.00339687,1.06833,0.210611,-0.924108,1.34533,0.19441,0.364789,6.63878,0.726611,,19,0.0800641,0.936186,-0.0555556,0.714321
pair_corr,self,decorr,6,0.00702998,0.00609317,0.000936813,-0.00214907,0.0040227,1.15375,0.400273,-0.742588,1.54313,0.369482,0.693293,8.47447,0.50668,1,21,0.40032,0.688921,-0.166667,0.484879
pair_corr,self,conf25,6,0.00702998,0.00640018,0.000629803,-0.00230044,0.00356005,1.0984,0.302225,-0.835802,1.44025,0.278977,0.523469,6.11807,0.61906,,19,0.0800641,0.936186,-0.0555556,0.617096
pair_corr,self,conf50,6,0.00702998,0.00760357,-0.000573588,-0.00438038,0.0032332,0.924563,-0.194128,-1.32838,0.94012,-0.179195,-0.33624,9.88816,0.743716,,15,-0.40032,0.688921,0.166667,0.748563
pair_corr,self,conf75,6,0.00702998,0.00711174,-8.17567e-05,-0.00334008,0.00317657,0.988504,-0.0325203,-1.16418,1.09914,-0.0300187,-0.0563268,9.47922,0.956251,,17,-0.0800641,0.936186,0.0555556,0.967508
pair_corr,shuffle,randmat,6,0.0066743,0.00658033,9.39683e-05,-0.00213335,0.00232128,1.01428,0.0563837,-1.07543,1.18819,0.0520465,0.0976595,7.82891,0.924657,,21,0.40032,0.688921,-0.166667,
pair_corr,shuffle,decorr,6,0.0066743,0.00609317,0.000581125,-0.00189956,0.00306181,1.09537,0.30224,-0.835788,1.44027,0.278991,0.523495,9.78859,0.612275,,22,0.560449,0.575174,-0.222222,
pair_corr,shuffle,conf25,6,0.0066743,0.00640018,0.000274115,-0.00191121,0.00245944,1.04283,0.171261,-0.962397,1.30492,0.158087,0.296633,6.99688,0.775359,,21,0.40032,0.688921,-0.166667,
pair_corr,shuffle,conf50,6,0.0066743,0.00760357,-0.000929277,-0.00439167,0.00253312,0.877784,-0.35251,-1.49285,0.78783,-0.325394,-0.610565,8.68068,0.557133,,15,-0.40032,0.688921,0.166667,
pair_corr,shuffle,conf75,6,0.0066743,0.00711174,-0.000437445,-0.00317992,0.00230503,0.93849,-0.205314,-1.33988,0.929249,-0.18952,-0.355614,9.9567,0.729548,,18,-0.0800641,0.936186,0,
pair_corr,randmat,decorr,6,0.00658033,0.00609317,0.000487157,-0.00148075,0.00245506,1.07995,0.325916,-0.813157,1.46499,0.300846,0.564503,8.55192,0.586909,,22,0.560449,0.575174,-0.222222,
pair_corr,randmat,conf25,6,0.00658033,0.00640018,0.000180147,-0.00117561,0.00153591,1.02815,0.171829,-0.961843,1.3055,0.158611,0.297616,9.62921,0.772318,,18,-0.0800641,0.936186,0,
pair_corr,randmat,conf50,6,0.00658033,0.00760357,-0.00102324,-0.00429024,0.00224375,0.865426,-0.43684,-1.58184,0.708162,-0.403237,-0.756629,6.33655,0.476454,,15,-0.40032,0.688921,0.166667,
pair_corr,randmat,conf75,6,0.00658033,0.00711174,-0.000531413,-0.00289236,0.00182954,0.925277,-0.302955,-1.44101,0.835103,-0.279651,-0.524734,7.53042,0.614859,,16,-0.240192,0.810181,0.111111,
pair_corr,decorr,conf25,6,0.00609317,0.00640018,-0.00030701,-0.00221614,0.00160212,0.952031,-0.21609,-1.35097,0.918793,-0.199468,-0.374279,7.59761,0.718426,,11,-1.04083,0.297953,0.388889,
pair_corr,decorr,conf50,6,0.00609317,0.00760357,-0.0015104,-0.0048838,0.001863,0.801356,-0.596754,-1.75325,0.559744,-0.55085,-1.03361,7.95051,0.331733,,12,-0.880705,0.378478,0.333333,
pair_corr,decorr,conf75,6,0.00609317,0.00711174,-0.00101857,-0.00360577,0.00156863,0.856776,-0.509525,-1.65933,0.640275,-0.470331,-0.882523,9.57431,0.39911,,13,-0.720577,0.47117,0.277778,
pair_corr,conf25,conf50,6,0.00640018,0.00760357,-0.00120339,-0.00445924,0.00205246,0.841733,-0.524153,-1.67501,0.626699,-0.483834,-0.90786,5.90711,0.399473,,15,-0.40032,0.688921,0.166667,
pair_corr,conf25,conf75,6,0.00640018,0.00711174,-0.00071156,-0.00303705,0.00161393,0.899946,-0.420668,-1.5647,0.723365,-0.388309,-0.728618,6.76688,0.490675,,16,-0.240192,0.810181,0.111111,
pair_corr,conf50,conf75,6,0.00760357,0.00711174,0.000491832,-0.00302425,0.00400791,1.06916,0.182677,-0.951266,1.31662,0.168625,0.316406,9.00475,0.758906,,22,0.560449,0.575174,-0.222222,
tau_ms,rest,flow,6,38.7216,170.595,-131.874,-152.033,-111.714,0.22698,-9.41338,-13.3458,-5.48098,-8.68927,-16.3045,5.57861,6.40883e-06,,0,-2.80224,0.00507487,1,
tau_ms,rest,self,6,38.7216,170.035,-131.314,-144.189,-118.438,0.227727,-14.1879,-19.9758,-8.39996,-13.0965,-24.5741,6.40875,1.38904e-07,,0,-2.80224,0.00507487,1,0.00274931
tau_ms,rest,shuffle,6,38.7216,163.093,-124.371,-138.242,-110.5,0.23742,-12.5613,-17.7126,-7.40999,-11.595,-21.7568,6.21551,4.21152e-07,,0,-2.80224,0.00507487,1,
tau_ms,rest,randmat,6,38.7216,174.3,-135.579,-153.233,-117.924,0.222155,-10.9629,-15.4925,-6.43328,-10.1196,-18.9883,5.7531,2.0731e-06,,0,-2.80224,0.00507487,1,
tau_ms,rest,decorr,6,38.7216,170.303,-131.581,-151.682,-111.48,0.227369,-9.41818,-13.3524,-5.48394,-8.6937,-16.3128,5.58194,6.35841e-06,,0,-2.80224,0.00507487,1,
tau_ms,rest,conf25,6,38.7216,172.069,-133.348,-144.097,-122.598,0.225035,-16.9302,-23.7975,-10.063,-15.6279,-29.324,7.01172,1.34954e-08,,0,-2.80224,0.00507487,1,
tau_ms,rest,conf50,6,38.7216,168.671,-129.949,-141.951,-117.947,0.229569,-14.9561,-21.0457,-8.86645,-13.8056,-25.9047,6.61893,6.66872e-08,,0,-2.80224,0.00507487,1,
tau_ms,rest,conf75,6,38.7216,174.787,-136.065,-150.323,-121.808,0.221536,-13.4024,-18.8824,-7.92229,-12.3714,-23.2136,6.15101,3.17911e-07,,0,-2.80224,0.00507487,1,
tau_ms,flow,self,6,170.595,170.035,0.559833,-20.7172,21.8369,1.00329,0.034694,-1.09698,1.16636,0.0320252,0.0600918,8.47165,0.953476,1,16,-0.240192,0.810181,0.111111,0.956011
tau_ms,flow,shuffle,6,170.595,163.093,7.50217,-14.1227,29.1271,1.046,0.454258,-0.691829,1.60034,0.419315,0.786797,8.85202,0.45195,,21,0.40032,0.688921,-0.166667,
tau_ms,flow,randmat,6,170.595,174.3,-3.70517,-27.0465,19.6361,0.978743,-0.204689,-1.33923,0.929856,-0.188943,-0.354531,9.82827,0.73043,,16,-0.240192,0.810181,0.111111,
tau_ms,flow,decorr,6,170.595,170.303,0.2925,-24.4491,25.0341,1.00172,0.0152083,-1.11639,1.14681,0.0140384,0.0263415,9.99992,0.979503,,16,-0.240192,0.810181,0.111111,
tau_ms,flow,conf25,6,170.595,172.069,-1.474,-22.1651,19.2171,0.991434,-0.095796,-1.22803,1.03644,-0.0884271,-0.165924,7.56777,0.872564,,15,-0.40032,0.688921,0.166667,
tau_ms,flow,conf50,6,170.595,168.671,1.9245,-19.0854,22.9344,1.01141,0.121664,-1.01097,1.2543,0.112305,0.210729,8.11068,0.838297,,16,-0.240192,0.810181,0.111111,
tau_ms,flow,conf75,6,170.595,174.787,-4.19183,-25.9642,17.5805,0.976017,-0.251505,-1.38756,0.884546,-0.232158,-0.435619,8.98851,0.673387,,14,-0.560449,0.575174,0.222222,
tau_ms,self,shuffle,6,170.035,163.093,6.94233,-9.45196,23.3366,1.04257,0.545177,-0.607238,1.69759,0.50324,0.944274,9.94213,0.367411,1,22,0.560449,0.575174,-0.222222,0.388403
tau_ms,self,randmat,6,170.035,174.3,-4.265,-23.4678,14.9378,0.975531,-0.289482,-1.42698,0.848015,-0.267214,-0.501397,9.12346,0.627967,,16,-0.240192,0.810181,0.111111,0.637091
tau_ms,self,decorr,6,170.035,170.303,-0.267333,-21.4948,20.9601,0.99843,-0.0166013,-1.14821,1.115,-0.0153243,-0.0287543,8.48609,0.977725,1,15,-0.40032,0.688921,0.166667,0.980755
tau_ms,self,conf25,6,170.035,172.069,-2.03383,-16.552,12.4843,0.98818,-0.181073,-1.31498,0.952829,-0.167144,-0.313628,9.6612,0.76047,,17,-0.0800641,0.936186,0.0555556,0.75956
tau_ms,self,conf50,6,170.035,168.671,1.36467,-13.8466,16.5759,1.00809,0.115493,-1.01704,1.24802,0.106609,0.20004,9.94724,0.84548,,19,0.0800641,0.936186,-0.0555556,0.846288
tau_ms,self,conf75,6,170.035,174.787,-4.75167,-21.41,11.9066,0.972815,-0.367481,-1.50858,0.773615,-0.339213,-0.636496,9.89275,0.5389,,14,-0.560449,0.575174,0.222222,0.536866
tau_ms,shuffle,randmat,6,163.093,174.3,-11.2073,-30.8454,8.43072,0.935701,-0.739891,-1.90955,0.429771,-0.682976,-1.28153,9.45826,0.230532,,14,-0.560449,0.575174,0.222222,
tau_ms,shuffle,decorr,6,163.093,170.303,-7.20967,-28.7868,14.3675,0.957666,-0.437405,-1.58244,0.707632,-0.403758,-0.757607,8.8662,0.468343,,12,-0.880705,0.378478,0.333333,
tau_ms,shuffle,conf25,6,163.093,172.069,-8.97617,-24.257,6.30463,0.947834,-0.762633,-1.93463,0.409365,-0.703969,-1.32092,9.36751,0.217885,,11,-1.04083,0.297953,0.388889,
tau_ms,shuffle,conf50,6,163.093,168.671,-5.57767,-21.4845,10.3292,0.966932,-0.452424,-1.59839,0.693547,-0.417622,-0.783621,9.78481,0.451813,,16,-0.240192,0.810181,0.111111,
tau_ms,shuffle,conf75,6,163.093,174.787,-11.694,-28.9341,5.54611,0.933096,-0.872672,-2.05689,0.31155,-0.805543,-1.51151,9.99214,0.16162,,8,-1.52122,0.128205,0.555556,
tau_ms,randmat,decorr,6,174.3,170.303,3.99767,-19.3032,27.2985,1.02347,0.221209,-0.913833,1.35625,0.204193,0.383145,9.83545,0.709763,,17,-0.0800641,0.936186,0.0555556,
tau_ms,randmat,conf25,6,174.3,172.069,2.23117,-16.2112,20.6735,1.01297,0.160419,-0.972985,1.29382,0.148079,0.277854,8.19101,0.788009,,18,-0.0800641,0.936186,0,
tau_ms,randmat,conf50,6,174.3,168.671,5.62967,-13.2318,24.4911,1.03338,0.391383,-0.750985,1.53375,0.361277,0.677895,8.77095,0.515321,,21,0.40032,0.688921,-0.166667,
tau_ms,randmat,conf75,6,174.3,174.787,-0.486667,-20.3066,19.3332,0.997216,-0.031782,-1.16344,1.09988,-0.0293372,-0.0550481,9.56716,0.957233,,16,-0.240192,0.810181,0.111111,
tau_ms,decorr,conf25,6,170.303,172.069,-1.7665,-22.4044,18.8714,0.989734,-0.115066,-1.24759,1.01746,-0.106215,-0.1993,7.58052,0.84727,,19,0.0800641,0.936186,-0.0555556,
tau_ms,decorr,conf50,6,170.303,168.671,1.632,-19.3267,22.5907,1.00968,0.103394,-1.02895,1.23574,0.0954405,0.179083,8.12477,0.862258,,21,0.40032,0.688921,-0.166667,
tau_ms,decorr,conf75,6,170.303,174.787,-4.48433,-26.2096,17.241,0.974344,-0.269573,-1.40629,0.86714,-0.248837,-0.466915,9.00239,0.651655,,17,-0.0800641,0.936186,0.0555556,
tau_ms,conf25,conf50,6,172.069,168.671,3.3985,-10.4815,17.2785,1.02015,0.315553,-0.823053,1.45416,0.29128,0.546554,9.86718,0.596827,,22,0.560449,0.575174,-0.222222,
tau_ms,conf25,conf75,6,172.069,174.787,-2.71783,-18.3041,12.8684,0.984451,-0.226826,-1.36204,0.908393,-0.209378,-0.392874,9.2448,0.703318,,16,-0.240192,0.810181,0.111111,
tau_ms,conf50,conf75,6,168.671,174.787,-6.11633,-22.3041,10.0714,0.965007,-0.488095,-1.63641,0.660216,-0.450549,-0.845406,9.70081,0.418248,,14,-0.560449,0.575174,0.222222,
dim,rest,flow,6,92.39,89.9187,2.47137,-0.753413,5.69615,1.02748,0.986246,-0.212159,2.18465,0.910381,1.70823,9.97178,0.11848,,32,2.16173,0.030639,-0.777778,
dim,rest,self,6,92.39,89.606,2.78403,-0.212998,5.78107,1.03107,1.20417,-0.0257014,2.43404,1.11154,2.08568,9.46735,0.0651366,,31,2.0016,0.0453276,-0.722222,0.0699825
dim,rest,shuffle,6,92.39,89.662,2.72805,-1.16058,6.61668,1.03043,0.910983,-0.277848,2.09981,0.840908,1.57787,9.35511,0.147772,,29,1.68135,0.0926958,-0.611111,
dim,rest,randmat,6,92.39,89.8367,2.55333,-0.279974,5.38664,1.02842,1.18991,-0.0377336,2.41756,1.09838,2.06099,8.40117,0.0715789,,27,1.36109,0.173485,-0.5,
dim,rest,decorr,6,92.39,94.6818,-2.29173,-5.98272,1.39926,0.975795,-0.802614,-1.97888,0.37365,-0.740874,-1.39017,9.65562,0.195689,,14,-0.560449,0.575174,0.222222,
dim,rest,conf25,6,92.39,92.617,-0.227,-4.79507,4.34107,0.997549,-0.065693,-1.19758,1.0662,-0.0606397,-0.113784,8.34,0.912101,,16,-0.240192,0.810181,0.111111,
dim,rest,conf50,6,92.39,91.6963,0.693683,-2.00145,3.38881,1.00757,0.36398,-0.776937,1.5049,0.335982,0.630432,5.97512,0.551745,,28,1.52122,0.128205,-0.555556,
dim,rest,conf75,6,92.39,91.1383,1.25178,-2.81691,5.32048,1.01373,0.401351,-0.741571,1.54427,0.370477,0.69516,9.07024,0.504373,,23,0.720577,0.47117,-0.277778,
dim,flow,self,6,89.9187,89.606,0.312667,-2.58071,3.20604,1.00349,0.139671,-0.993293,1.27264,0.128927,0.241917,9.66439,0.8139,1,21,0.40032,0.688921,-0.166667,0.803299
dim,flow,shuffle,6,89.9187,89.662,0.256683,-3.5735,4.08686,1.00286,0.0873572,-1.04477,1.21948,0.0806374,0.151307,9.116,0.883029,,16,-0.240192,0.810181,0.111111,
dim,flow,randmat,6,89.9187,89.8367,0.0819667,-2.6329,2.79684,1.00091,0.0396642,-1.09203,1.17136,0.0366131,0.0687004,8.66716,0.946787,,20,0.240192,0.810181,-0.111111,
dim,flow,decorr,6,89.9187,94.6818,-4.7631,-8.38842,-1.13778,0.949694,-1.7034,-3.02435,-0.382448,-1.57237,-2.95037,9.45689,0.0153877,,2,-2.48199,0.0130652,0.888889,
dim,flow,conf25,6,89.9187,92.617,-2.69837,-7.22645,1.82972,0.970865,-0.792055,-1.96717,0.383062,-0.731128,-1.37188,8.07812,0.206989,,12,-0.880705,0.378478,0.333333,
dim,flow,conf50,6,89.9187,91.6963,-1.77768,-4.33492,0.779549,0.980613,-0.978859,-2.17629,0.218576,-0.903563,-1.69543,6.08223,0.140255,,10,-1.20096,0.229766,0.444444,
dim,flow,conf75,6,89.9187,91.1383,-1.21958,-5.23556,2.79639,0.986618,-0.397918,-1.54065,0.744811,-0.367309,-0.689215,8.81235,0.508427,,10,-1.20096,0.229766,0.444444,
dim,self,shuffle,6,89.606,89.662,-0.0559833,-3.73566,3.62369,0.999376,-0.0201752,-1.15179,1.11144,-0.0186232,-0.0349444,8.18783,0.972961,1,17,-0.0800641,0.936186,0.0555556,0.982004
dim,self,randmat,6,89.606,89.8367,-0.2307,-2.59632,2.13492,0.997432,-0.126297,-1.25901,1.00642,-0.116582,-0.218753,9.53021,0.831456,,17,-0.0800641,0.936186,0.0555556,0.826793
dim,self,decorr,6,89.606,94.6818,-5.07577,-8.5289,-1.62263,0.946391,-1.93441,-3.30533,-0.563486,-1.78561,-3.35049,8.57421,0.00912086,0.0273626,1,-2.64211,0.00823902,0.944444,0.00524869
dim,self,conf25,6,89.606,92.617,-3.01103,-7.44161,1.41954,0.967489,-0.92169,-2.11184,0.268461,-0.850791,-1.59641,7.23665,0.153028,,9,-1.36109,0.173485,0.5,0.143714
dim,self,conf50,6,89.606,91.6963,-2.09035,-4.21862,0.0379199,0.977204,-1.35947,-2.61498,-0.10396,-1.25489,-2.35467,6.55717,0.0531395,,6,-1.84147,0.0655522,0.666667,0.0432392
dim,self,conf75,6,89.606,91.1383,-1.53225,-5.41456,2.35006,0.983188,-0.526804,-1.67785,0.624242,-0.486281,-0.912451,7.88428,0.388579,,9,-1.36109,0.173485,0.5,0.378655
dim,shuffle,randmat,6,89.662,89.8367,-0.174717,-3.75812,3.40868,0.998055,-0.0662307,-1.19813,1.06567,-0.061136,-0.114715,7.17818,0.911814,,15,-0.40032,0.688921,0.166667,
dim,shuffle,decorr,6,89.662,94.6818,-5.01978,-9.19314,-0.846431,0.946983,-1.54859,-2.83868,-0.258498,-1.42947,-2.68223,9.94023,0.0231171,,5,-2.0016,0.0453276,0.722222,
dim,shuffle,conf25,6,89.662,92.617,-2.95505,-7.84745,1.93735,0.968094,-0.781584,-1.95558,0.39241,-0.721463,-1.35374,9.58552,0.206874,,11,-1.04083,0.297953,0.388889,
dim,shuffle,conf50,6,89.662,91.6963,-2.03437,-5.55618,1.48745,0.977814,-0.831449,-2.01091,0.348016,-0.767491,-1.44011,5.57318,0.203555,,13,-0.720577,0.47117,0.277778,
dim,shuffle,conf75,6,89.662,91.1383,-1.47627,-5.95019,2.99765,0.983802,-0.424709,-1.56898,0.719563,-0.392039,-0.735617,9.96059,0.478928,,10,-1.20096,0.229766,0.444444,
dim,randmat,decorr,6,89.8367,94.6818,-4.84507,-8.184,-1.50613,0.948828,-1.95463,-3.33014,-0.579128,-1.80428,-3.38552,7.4989,0.0105257,,3,-2.32186,0.0202406,0.833333,
dim,randmat,conf25,6,89.8367,92.617,-2.78033,-7.1552,1.59454,0.96998,-0.882243,-2.0676,0.303114,-0.814378,-1.52809,6.47009,0.173793,,8,-1.52122,0.128205,0.555556,
dim,randmat,conf50,6,89.8367,91.6963,-1.85965,-3.58205,-0.137247,0.979719,-1.45952,-2.73288,-0.186156,-1.34725,-2.52796,7.35986,0.0377807,,6,-1.84147,0.0655522,0.666667,
dim,randmat,conf75,6,89.8367,91.1383,-1.30155,-5.10098,2.49788,0.985719,-0.468468,-1.61547,0.678534,-0.432432,-0.811411,6.94198,0.444056,,12,-0.880705,0.378478,0.333333,
dim,decorr,conf25,6,94.6818,92.617,2.06473,-2.70939,6.83885,1.02229,0.562366,-0.59137,1.7161,0.519107,0.974047,9.26838,0.354768,,24,0.880705,0.378478,-0.333333,
dim,decorr,conf50,6,94.6818,91.6963,2.98542,-0.273439,6.24427,1.03256,1.31274,0.0652187,2.56027,1.21176,2.27374,5.66875,0.0658899,,32,2.16173,0.030639,-0.777778,
dim,decorr,conf75,6,94.6818,91.1383,3.54352,-0.786058,7.87309,1.03888,1.05565,-0.152178,2.26349,0.974451,1.82845,9.80841,0.0980069,,27,1.36109,0.173485,-0.5,
dim,conf25,conf50,6,92.617,91.6963,0.920683,-3.42963,5.271,1.01004,0.307592,-0.830665,1.44585,0.283931,0.532765,5.37655,0.615477,,20,0.240192,0.810181,-0.111111,
dim,conf25,conf75,6,92.617,91.1383,1.47878,-3.52722,6.48479,1.01623,0.381125,-0.760687,1.52294,0.351808,0.660128,9.78857,0.5244,,22,0.560449,0.575174,-0.222222,
dim,conf50,conf75,6,91.6963,91.1383,0.5581,-3.19271,4.30891,1.00612,0.214866,-0.91998,1.34971,0.198338,0.372159,5.50572,0.723674,,15,-0.40032,0.688921,0.166667,
pop_rate_sd_hz,rest,flow,6,1.04537,1.68318,-0.637807,-0.684979,-0.590635,0.62107,-17.8068,-25.0202,-10.5934,-16.437,-30.8422,8.5351,4.70575e-10,,0,-2.80224,0.00507487,1,
pop_rate_sd_hz,rest,self,6,1.04537,1.66454,-0.61917,-0.673951,-0.564389,0.628024,-14.5399,-20.466,-8.61381,-13.4215,-25.1839,10,2.2322e-10,,0,-2.80224,0.00507487,1,0.00274931
pop_rate_sd_hz,rest,shuffle,6,1.04537,1.69186,-0.646492,-0.734095,-0.558889,0.617882,-9.93152,-14.0629,-5.80017,-9.16756,-17.2019,7.53607,2.5461e-07,,0,-2.80224,0.00507487,1,
pop_rate_sd_hz,rest,randmat,6,1.04537,1.69018,-0.644807,-0.698568,-0.591046,0.618498,-15.4325,-21.7095,-9.15547,-14.2454,-26.7298,9.98455,1.27306e-10,,0,-2.80224,0.00507487,1,
pop_rate_sd_hz,rest,decorr,6,1.04537,1.64519,-0.59982,-0.652508,-0.547132,0.635411,-14.6589,-20.6317,-8.68603,-13.5313,-25.3899,9.93046,2.3099e-10,,0,-2.80224,0.00507487,1,
pop_rate_sd_hz,rest,conf25,6,1.04537,1.65833,-0.61296,-0.666108,-0.559812,0.630376,-14.8446,-20.8905,-8.79882,-13.7027,-25.7117,9.95896,1.94745e-10,,0,-2.80224,0.00507487,1,
pop_rate_sd_hz,rest,conf50,6,1.04537,1.63478,-0.589402,-0.6455,-0.533303,0.63946,-13.5196,-19.0455,-7.9936,-12.4796,-23.4166,9.97948,4.71912e-10,,0,-2.80224,0.00507487,1,
pop_rate_sd_hz,rest,conf75,6,1.04537,1.68724,-0.641865,-0.701987,-0.581743,0.619577,-13.7835,-19.4129,-8.15418,-12.7233,-23.8738,9.74031,5.71284e-10,,0,-2.80224,0.00507487,1,
pop_rate_sd_hz,flow,self,6,1.68318,1.66454,0.0186367,-0.0285136,0.0657869,1.0112,0.520524,-0.630065,1.67111,0.480484,0.901574,8.53797,0.392006,1,24,0.880705,0.378478,-0.333333,0.374406
pop_rate_sd_hz,flow,shuffle,6,1.68318,1.69186,-0.008685,-0.0942981,0.0769281,0.994867,-0.142668,-1.27569,0.990356,-0.131693,-0.247108,6.11406,0.812913,,16,-0.240192,0.810181,0.111111,
pop_rate_sd_hz,flow,randmat,6,1.68318,1.69018,-0.007,-0.0527256,0.0387256,0.995858,-0.200882,-1.33532,0.933554,-0.185429,-0.347937,8.73146,0.736128,,14,-0.560449,0.575174,0.222222,
pop_rate_sd_hz,flow,decorr,6,1.68318,1.64519,0.0379867,-0.00620297,0.0821763,1.02309,1.12368,-0.0939392,2.34129,1.03724,1.94626,8.95024,0.0836452,,28,1.52122,0.128205,-0.555556,
pop_rate_sd_hz,flow,conf25,6,1.68318,1.65833,0.0248467,-0.0200063,0.0696996,1.01498,0.725316,-0.442884,1.89352,0.669523,1.25628,8.85462,0.241145,,24,0.880705,0.378478,-0.333333,
pop_rate_sd_hz,flow,conf50,6,1.68318,1.63478,0.048405,-0.000541173,0.0973512,1.02961,1.30818,0.0614246,2.55494,1.20755,2.26584,8.30881,0.0520484,,30,1.84147,0.0655522,-0.666667,
pop_rate_sd_hz,flow,conf75,6,1.68318,1.68724,-0.00405833,-0.0582475,0.0501308,0.997595,-0.100304,-1.2326,1.03199,-0.0925887,-0.173732,7.73603,0.866536,,19,0.0800641,0.936186,-0.0555556,
pop_rate_sd_hz,self,shuffle,6,1.66454,1.69186,-0.0273217,-0.114919,0.0602761,0.983851,-0.419772,-1.56375,0.724208,-0.387482,-0.727066,7.53357,0.489159,1,14,-0.560449,0.575174,0.222222,0.493877
pop_rate_sd_hz,self,randmat,6,1.66454,1.69018,-0.0256367,-0.0793813,0.0281079,0.984832,-0.613758,-1.77168,0.544163,-0.566545,-1.06306,9.985,0.312789,,13,-0.720577,0.47117,0.277778,0.306923
pop_rate_sd_hz,self,decorr,6,1.66454,1.64519,0.01935,-0.0333213,0.0720213,1.01176,0.473037,-0.674265,1.62034,0.43665,0.819324,9.93139,0.431824,1,24,0.880705,0.378478,-0.333333,0.420395
pop_rate_sd_hz,self,conf25,6,1.66454,1.65833,0.00621,-0.0469212,0.0593412,1.00374,0.150439,-0.982746,1.28362,0.138867,0.260569,9.95969,0.799733,,19,0.0800641,0.936186,-0.0555556,0.807298
pop_rate_sd_hz,self,conf50,6,1.66454,1.63478,0.0297683,-0.0263153,0.0858519,1.01821,0.683006,-0.481105,1.84712,0.630467,1.183,9.97896,0.264227,,24,0.880705,0.378478,-0.333333,0.277931
pop_rate_sd_hz,self,conf75,6,1.66454,1.68724,-0.022695,-0.0828044,0.0374144,0.986549,-0.487474,-1.63574,0.660795,-0.449976,-0.84433,9.73858,0.418743,,13,-0.720577,0.47117,0.277778,0.435141
pop_rate_sd_hz,shuffle,randmat,6,1.69186,1.69018,0.001685,-0.0855761,0.0889461,1.001,0.0260976,-1.10554,1.15773,0.0240901,0.0452024,7.36793,0.965147,,20,0.240192,0.810181,-0.111111,
pop_rate_sd_hz,shuffle,decorr,6,1.69186,1.64519,0.0466717,-0.0402554,0.133599,1.02837,0.729135,-0.439445,1.89772,0.673048,1.2629,7.18747,0.246052,,25,1.04083,0.297953,-0.388889,
pop_rate_sd_hz,shuffle,conf25,6,1.69186,1.65833,0.0335317,-0.0535359,0.120599,1.02022,0.521904,-0.628785,1.67259,0.481757,0.903964,7.26561,0.394998,,24,0.880705,0.378478,-0.333333,
pop_rate_sd_hz,shuffle,conf50,6,1.69186,1.63478,0.05709,-0.0309684,0.145148,1.03492,0.868242,-0.315459,2.05194,0.801454,1.50384,7.73933,0.172286,,26,1.20096,0.229766,-0.444444,
pop_rate_sd_hz,shuffle,conf75,6,1.69186,1.68724,0.00462667,-0.0850005,0.0942538,1.00274,0.0682801,-1.06364,1.2002,0.0630278,0.118265,8.31238,0.908666,,20,0.240192,0.810181,-0.111111,
pop_rate_sd_hz,randmat,decorr,6,1.69018,1.64519,0.0449867,-0.00657473,0.0965481,1.02734,1.12268,-0.0947852,2.34015,1.03632,1.94454,9.98024,0.0805302,,30,1.84147,0.0655522,-0.666667,
pop_rate_sd_hz,randmat,conf25,6,1.69018,1.65833,0.0318467,-0.0201953,0.0838886,1.0192,0.787279,-0.387324,1.96188,0.726719,1.36361,9.99379,0.202616,,27,1.36109,0.173485,-0.5,
pop_rate_sd_hz,randmat,conf50,6,1.69018,1.63478,0.055405,0.000291205,0.110519,1.03389,1.29447,0.050003,2.53893,1.19489,2.24208,9.92905,0.0490129,,30,1.84147,0.0655522,-0.666667,
pop_rate_sd_hz,randmat,conf75,6,1.69018,1.68724,0.00294167,-0.0563328,0.0622161,1.00174,0.0641946,-1.06768,1.19607,0.0592566,0.111188,9.61047,0.913755,,22,0.560449,0.575174,-0.222222,
pop_rate_sd_hz,decorr,conf25,6,1.64519,1.65833,-0.01314,-0.0640315,0.0377515,0.992076,-0.332165,-1.47153,0.807197,-0.306614,-0.575327,9.99616,0.57779,,13,-0.720577,0.47117,0.277778,
pop_rate_sd_hz,decorr,conf50,6,1.64519,1.63478,0.0104183,-0.0436789,0.0645156,1.00637,0.248301,-0.887637,1.38424,0.229201,0.43007,9.83745,0.676413,,20,0.240192,0.810181,-0.111111,
pop_rate_sd_hz,decorr,conf75,6,1.64519,1.68724,-0.042045,-0.100452,0.0163621,0.975081,-0.933547,-2.12518,0.258083,-0.861736,-1.61695,9.43967,0.13877,,10,-1.20096,0.229766,0.444444,
pop_rate_sd_hz,conf25,conf50,6,1.65833,1.63478,0.0235583,-0.0309741,0.0780907,1.01441,0.55664,-0.596651,1.70993,0.513821,0.964128,9.88212,0.357981,,25,1.04083,0.297953,-0.388889,
pop_rate_sd_hz,conf25,conf75,6,1.65833,1.68724,-0.028905,-0.0876824,0.0298724,0.982868,-0.636995,-1.79692,0.522933,-0.587995,-1.10331,9.51768,0.297007,,13,-0.720577,0.47117,0.277778,
pop_rate_sd_hz,conf50,conf75,6,1.63478,1.68724,-0.0524633,-0.113664,0.00873775,0.968906,-1.10487,-2.31972,0.10999,-1.01988,-1.91369,9.86079,0.0851011,,10,-1.20096,0.229766,0.444444,
bumpR,rest,flow,6,0.328851,0.233917,0.0949342,0.0723987,0.11747,1.40585,5.42164,2.97515,7.86814,5.0046,9.39056,9.96728,2.88861e-06,,36,2.80224,0.00507487,-1,
bumpR,rest,self,6,0.328851,0.2384,0.0904515,0.0702852,0.110618,1.37941,5.79752,3.21676,8.37829,5.35156,10.0416,9.66059,2.00677e-06,,36,2.80224,0.00507487,-1,0.00274931
bumpR,rest,shuffle,6,0.328851,0.237253,0.0915985,0.0733397,0.109857,1.38608,6.74785,3.82063,9.67507,6.22878,11.6876,7.55684,4.16293e-06,,36,2.80224,0.00507487,-1,
bumpR,rest,randmat,6,0.328851,0.243387,0.085464,0.0671198,0.103808,1.35114,6.23935,3.49863,8.98008,5.7594,10.8069,7.73889,6.10667e-06,,36,2.80224,0.00507487,-1,
bumpR,rest,decorr,6,0.328851,0.23042,0.0984315,0.0802842,0.116579,1.42718,7.34574,4.19656,10.4949,6.78069,12.7232,7.28965,3.06047e-06,,36,2.80224,0.00507487,-1,
bumpR,rest,conf25,6,0.328851,0.235204,0.0936473,0.0756819,0.111613,1.39815,7.17248,4.08789,10.2571,6.62075,12.4231,6.73961,6.82031e-06,,36,2.80224,0.00507487,-1,
bumpR,rest,conf50,6,0.328851,0.243684,0.0851675,0.0670997,0.103235,1.3495,6.42211,3.61463,9.22959,5.9281,11.1234,7.07178,9.79405e-06,,36,2.80224,0.00507487,-1,
bumpR,rest,conf75,6,0.328851,0.237017,0.0918337,0.073699,0.109968,1.38746,6.86415,3.89396,9.83433,6.33613,11.889,7.2568,5.09621e-06,,36,2.80224,0.00507487,-1,
bumpR,flow,self,6,0.233917,0.2384,-0.00448267,-0.025431,0.0164657,0.981197,-0.27748,-1.4145,0.859539,-0.256135,-0.480609,9.44617,0.641731,1,17,-0.0800641,0.936186,0.0555556,0.671582
bumpR,flow,shuffle,6,0.233917,0.237253,-0.00333567,-0.022564,0.0158927,0.98594,-0.234793,-1.37027,0.900685,-0.216732,-0.406674,7.31306,0.695887,,20,0.240192,0.810181,-0.111111,
bumpR,flow,randmat,6,0.233917,0.243387,-0.00947017,-0.0287729,0.00983256,0.96109,-0.661117,-1.8232,0.50097,-0.610262,-1.14509,7.48364,0.28747,,13,-0.720577,0.47117,0.277778,
bumpR,flow,decorr,6,0.233917,0.23042,0.00349733,-0.0156347,0.0226293,1.01518,0.249097,-0.886868,1.38506,0.229936,0.431449,7.06499,0.679002,,25,1.04083,0.297953,-0.388889,
bumpR,flow,conf25,6,0.233917,0.235204,-0.00128683,-0.0202646,0.0176909,0.994529,-0.0938422,-1.22605,1.03837,-0.0866236,-0.162539,6.56106,0.875773,,22,0.560449,0.575174,-0.222222,
bumpR,flow,conf50,6,0.233917,0.243684,-0.00976667,-0.0288307,0.00929733,0.959921,-0.702224,-1.86816,0.463716,-0.648207,-1.21629,6.86441,0.264039,,12,-0.880705,0.378478,0.333333,
bumpR,flow,conf75,6,0.233917,0.237017,-0.0031005,-0.0222216,0.0160206,0.986919,-0.221149,-1.35619,0.91389,-0.204138,-0.383042,7.03466,0.713001,,19,0.0800641,0.936186,-0.0555556,
bumpR,self,shuffle,6,0.2384,0.237253,0.001147,-0.0143822,0.0166762,1.00483,0.0974132,-1.03484,1.22967,0.0899199,0.168725,8.46015,0.869978,1,19,0.0800641,0.936186,-0.0555556,0.870782
bumpR,self,randmat,6,0.2384,0.243387,-0.0049875,-0.0206437,0.0106687,0.979508,-0.418544,-1.56245,0.725364,-0.386349,-0.72494,8.66273,0.487607,,14,-0.560449,0.575174,0.222222,0.469133
bumpR,self,decorr,6,0.2384,0.23042,0.00798,-0.00737923,0.0233392,1.03463,0.689549,-0.475179,1.85428,0.636507,1.19433,8.1476,0.265956,0.797869,24,0.880705,0.378478,-0.333333,0.255686
bumpR,self,conf25,6,0.2384,0.235204,0.00319583,-0.0118716,0.0182633,1.01359,0.28602,-0.851337,1.42338,0.264019,0.495402,7.45509,0.634586,,22,0.560449,0.575174,-0.222222,0.617346
bumpR,self,conf50,6,0.2384,0.243684,-0.005284,-0.0205184,0.00995043,0.978316,-0.463002,-1.60965,0.683645,-0.427386,-0.801942,7.88059,0.446092,,12,-0.880705,0.378478,0.333333,0.435891
bumpR,self,conf75,6,0.2384,0.237017,0.00138217,-0.0139575,0.0167218,1.00583,0.119685,-1.01291,1.25228,0.110478,0.2073,8.10801,0.840887,,18,-0.0800641,0.936186,0,0.846538
bumpR,shuffle,randmat,6,0.237253,0.243387,-0.0061345,-0.0178463,0.00557731,0.974795,-0.673959,-1.83723,0.489308,-0.622116,-1.16733,9.98361,0.2702,,10,-1.20096,0.229766,0.444444,
bumpR,shuffle,decorr,6,0.237253,0.23042,0.006833,-0.0042974,0.0179634,1.02965,0.790162,-0.384752,1.96507,0.72938,1.3686,9.96046,0.201198,,26,1.20096,0.229766,-0.444444,
bumpR,shuffle,conf25,6,0.237253,0.235204,0.00204883,-0.00844076,0.0125384,1.00871,0.252773,-0.883322,1.38887,0.233329,0.437816,9.57773,0.671227,,18,-0.0800641,0.936186,0,
bumpR,shuffle,conf50,6,0.237253,0.243684,-0.006431,-0.0172984,0.00443645,0.973609,-0.762701,-1.93471,0.409304,-0.704032,-1.32104,9.86246,0.216318,,13,-0.720577,0.47117,0.277778,
bumpR,shuffle,conf75,6,0.237253,0.237017,0.000235167,-0.0108548,0.0113252,1.00099,0.0272975,-1.10434,1.15894,0.0251977,0.0472807,9.94973,0.963225,,18,-0.0800641,0.936186,0,
bumpR,randmat,decorr,6,0.243387,0.23042,0.0129675,0.00157966,0.0243553,1.05628,1.46698,0.192249,2.74171,1.35414,2.54089,9.89449,0.0295416,,32,2.16173,0.030639,-0.777778,
bumpR,randmat,conf25,6,0.243387,0.235204,0.00818333,-0.00259678,0.0189634,1.03479,0.984765,-0.213445,2.18298,0.909014,1.70566,9.41891,0.12076,,27,1.36109,0.173485,-0.5,
bumpR,randmat,conf50,6,0.243387,0.243684,-0.0002965,-0.0114342,0.0108412,0.998783,-0.0343622,-1.16603,1.09731,-0.031719,-0.0595171,9.75686,0.953742,,16,-0.240192,0.810181,0.111111,
bumpR,randmat,conf75,6,0.243387,0.237017,0.00636967,-0.00497967,0.017719,1.02687,0.723198,-0.444792,1.89119,0.667568,1.25262,9.87768,0.239189,,25,1.04083,0.297953,-0.388889,
bumpR,decorr,conf25,6,0.23042,0.235204,-0.00478417,-0.0148605,0.00529221,0.979659,-0.61262,-1.77044,0.545205,-0.565495,-1.06109,9.78299,0.314142,,9,-1.36109,0.173485,0.5,
bumpR,decorr,conf50,6,0.23042,0.243684,-0.013264,-0.0237497,-0.00277829,0.945569,-1.62795,-2.93358,-0.322311,-1.50272,-2.81968,9.96929,0.018222,,6,-1.84147,0.0655522,0.666667,
bumpR,decorr,conf75,6,0.23042,0.237017,-0.00659783,-0.0173228,0.00412711,0.972163,-0.791392,-1.96644,0.383654,-0.730516,-1.37073,9.99934,0.20044,,11,-1.04083,0.297953,0.388889,
bumpR,conf25,conf50,6,0.235204,0.243684,-0.00847983,-0.0182295,0.0012698,0.965201,-1.12022,-2.33733,0.0968849,-1.03405,-1.94028,9.91201,0.0813013,,7,-1.68135,0.0926958,0.611111,
bumpR,conf25,conf75,6,0.235204,0.237017,-0.00181367,-0.0118402,0.00821289,0.992348,-0.233324,-1.36875,0.902106,-0.215376,-0.404128,9.80507,0.694792,,14,-0.560449,0.575174,0.222222,
bumpR,conf50,conf75,6,0.243684,0.237017,0.00666617,-0.00377374,0.0171061,1.02813,0.821663,-0.356704,2.00003,0.758458,1.42316,9.97757,0.185197,,28,1.52122,0.128205,-0.555556,
anat_gain_integral,rest,flow,6,0,0.0478771,-0.0478771,-0.0656093,-0.0301449,0,-4.00715,-5.96945,-2.04485,-3.69891,-6.94058,5,0.000953399,,0,-2.99124,0.00277843,1,
anat_gain_integral,rest,self,6,0,0.21792,-0.21792,-0.722019,0.28618,0,-0.641581,-1.80191,0.518752,-0.592228,-1.11125,5,0.317019,,0,-2.99124,0.00277843,1,0.00274931
anat_gain_integral,rest,shuffle,6,0,0.0293257,-0.0293257,-0.0663612,0.00770984,0,-1.17517,-2.40054,0.0502016,-1.08477,-2.03545,5,0.0974316,,0,-2.99124,0.00277843,1,
anat_gain_integral,rest,randmat,6,0,0.0404447,-0.0404447,-0.0881249,0.00723553,0,-1.25891,-2.49752,-0.0202967,-1.16207,-2.18049,5,0.0810626,,0,-2.99124,0.00277843,1,
anat_gain_integral,rest,decorr,6,0,0.305757,-0.305757,-1.01982,0.408304,0,-0.635494,-1.79529,0.524302,-0.58661,-1.10071,5,0.32117,,0,-2.99124,0.00277843,1,
anat_gain_integral,rest,conf25,6,0,0.0332689,-0.0332689,-0.0675448,0.00100697,0,-1.44052,-2.71042,-0.170631,-1.32972,-2.49506,5,0.0548203,,0,-2.99124,0.00277843,1,
anat_gain_integral,rest,conf50,6,0,0.0439786,-0.0439786,-0.0699483,-0.0180089,0,-2.5133,-4.02709,-0.999519,-2.31997,-4.35317,5,0.00733728,,0,-2.99124,0.00277843,1,
anat_gain_integral,rest,conf75,6,0,0.0361675,-0.0361675,-0.0657942,-0.00654078,0,-1.81178,-3.15562,-0.467946,-1.67241,-3.1381,5,0.0257215,,0,-2.99124,0.00277843,1,
anat_gain_integral,flow,self,6,0.0478771,0.21792,-0.170043,-0.67408,0.333994,0.2197,-0.500316,-1.64947,0.648837,-0.46183,-0.866572,5.01237,0.425705,1,26,1.20096,0.229766,-0.444444,0.981005
anat_gain_integral,flow,shuffle,6,0.0478771,0.0293257,0.0185514,-0.0190314,0.0561342,1.6326,0.670518,-0.49243,1.83347,0.61894,1.16137,7.17794,0.282651,,24,0.880705,0.378478,-0.333333,
anat_gain_integral,flow,randmat,6,0.0478771,0.0404447,0.00743236,-0.0403392,0.0552039,1.18377,0.216835,-0.918071,1.35174,0.200155,0.375569,6.35713,0.719452,,22,0.560449,0.575174,-0.222222,
anat_gain_integral,flow,decorr,6,0.0478771,0.305757,-0.257879,-0.971895,0.456136,0.156586,-0.53582,-1.68753,0.615892,-0.494603,-0.928067,5.00617,0.395917,,22,0.560449,0.575174,-0.222222,
anat_gain_integral,flow,conf25,6,0.0478771,0.0332689,0.0146082,-0.0204189,0.0496353,1.43909,0.561798,-0.591893,1.71549,0.518583,0.973063,7.49749,0.360864,,26,1.20096,0.229766,-0.444444,
anat_gain_integral,flow,conf50,6,0.0478771,0.0439786,0.0038985,-0.0238562,0.0316532,1.08865,0.183993,-0.949984,1.31797,0.16984,0.318686,8.82976,0.757374,,20,0.240192,0.810181,-0.111111,
anat_gain_integral,flow,conf75,6,0.0478771,0.0361675,0.0117096,-0.0191495,0.0425687,1.32376,0.503319,-0.646044,1.65268,0.464602,0.871774,8.17486,0.408205,,25,1.04083,0.297953,-0.388889,
anat_gain_integral,self,shuffle,6,0.21792,0.0293257,0.188594,-0.315245,0.692433,7.43102,0.55375,-0.599318,1.70682,0.511154,0.959123,5.05397,0.3811,1,23,0.720577,0.47117,-0.277778,0.649588
anat_gain_integral,self,randmat,6,0.21792,0.0404447,0.177475,-0.326209,0.681159,5.38809,0.520185,-0.630379,1.67075,0.480171,0.900987,5.08946,0.408205,,18,-0.0800641,0.936186,0,0.782804
anat_gain_integral,self,decorr,6,0.21792,0.305757,-0.0878367,-0.857135,0.681462,0.712723,-0.149142,-1.2823,0.984016,-0.13767,-0.258322,8.99222,0.801974,1,17,-0.0800641,0.936186,0.0555556,0.63959
anat_gain_integral,self,conf25,6,0.21792,0.0332689,0.184651,-0.319223,0.688525,6.55026,0.542381,-0.609822,1.69458,0.500659,0.939431,5.04623,0.390266,,18,-0.0800641,0.936186,0,0.72007
anat_gain_integral,self,conf50,6,0.21792,0.0439786,0.173941,-0.330026,0.677909,4.95514,0.511425,-0.638511,1.66136,0.472084,0.885813,5.02654,0.416078,,14,-0.560449,0.575174,0.222222,0.937766
anat_gain_integral,self,conf75,6,0.21792,0.0361675,0.181752,-0.322177,0.685682,6.0253,0.534178,-0.617412,1.68577,0.493087,0.925223,5.03454,0.397033,,17,-0.0800641,0.936186,0.0555556,0.820795
anat_gain_integral,shuffle,randmat,6,0.0293257,0.0404447,-0.011119,-0.0638878,0.0416497,0.725081,-0.273329,-1.41019,0.863528,-0.252304,-0.473421,9.42324,0.646689,,14,-0.560449,0.575174,0.222222,
anat_gain_integral,shuffle,decorr,6,0.0293257,0.305757,-0.276431,-0.990302,0.43744,0.0959119,-0.573772,-1.72841,0.580863,-0.529635,-0.993802,5.0269,0.365718,,16,-0.240192,0.810181,0.111111,
anat_gain_integral,shuffle,conf25,6,0.0293257,0.0332689,-0.00394321,-0.0477187,0.0398323,0.881474,-0.115972,-1.24851,1.01656,-0.107051,-0.200869,9.94063,0.844851,,14,-0.560449,0.575174,0.222222,
anat_gain_integral,shuffle,conf50,6,0.0293257,0.0439786,-0.0146529,-0.0544864,0.0251806,0.666818,-0.480767,-1.62858,0.667049,-0.443785,-0.832714,8.95966,0.426645,,11,-1.04083,0.297953,0.388889,
anat_gain_integral,shuffle,conf75,6,0.0293257,0.0361675,-0.00684179,-0.0482214,0.0345379,0.81083,-0.214097,-1.34892,0.920726,-0.197628,-0.370826,9.54007,0.718868,,15,-0.40032,0.688921,0.166667,
anat_gain_integral,randmat,decorr,6,0.0404447,0.305757,-0.265312,-0.979064,0.44844,0.132277,-0.550208,-1.703,0.60259,-0.507884,-0.952987,5.04459,0.383995,,16,-0.240192,0.810181,0.111111,
anat_gain_integral,randmat,conf25,6,0.0404447,0.0332689,0.00717581,-0.0444323,0.0587839,1.21569,0.181361,-0.952549,1.31527,0.16741,0.314126,9.07854,0.760524,,19,0.0800641,0.936186,-0.0555556,
anat_gain_integral,randmat,conf50,6,0.0404447,0.0439786,-0.00353386,-0.0525412,0.0454734,0.919646,-0.0965982,-1.22884,1.03565,-0.0891676,-0.167313,7.72663,0.871419,,14,-0.560449,0.575174,0.222222,
anat_gain_integral,randmat,conf75,6,0.0404447,0.0361675,0.00427723,-0.0457051,0.0542596,1.11826,0.113084,-1.01941,1.24557,0.104385,0.195866,8.36004,0.849392,,15,-0.40032,0.688921,0.166667,
anat_gain_integral,decorr,conf25,6,0.305757,0.0332689,0.272488,-0.44141,0.986385,9.19046,0.565696,-0.588301,1.71969,0.522181,0.979814,5.02304,0.371981,,21,0.40032,0.688921,-0.166667,
anat_gain_integral,decorr,conf50,6,0.305757,0.0439786,0.261778,-0.452188,0.975744,6.9524,0.543728,-0.608577,1.69603,0.501903,0.941765,5.01323,0.389445,,15,-0.40032,0.688921,0.166667,
anat_gain_integral,decorr,conf75,6,0.305757,0.0361675,0.269589,-0.444349,0.983527,8.45391,0.559841,-0.593698,1.71338,0.516776,0.969673,5.01721,0.3766,,19,0.0800641,0.936186,-0.0555556,
anat_gain_integral,conf25,conf50,6,0.0332689,0.0439786,-0.0107097,-0.0483573,0.026938,0.75648,-0.369613,-1.51082,0.771593,-0.341182,-0.640189,9.31772,0.537472,,12,-0.880705,0.378478,0.333333,
anat_gain_integral,conf25,conf75,6,0.0332689,0.0361675,-0.00289857,-0.0422803,0.0364832,0.919857,-0.0949523,-1.22718,1.03727,-0.0876483,-0.164462,9.7948,0.872712,,14,-0.560449,0.575174,0.222222,
anat_gain_integral,conf50,conf75,6,0.0439786,0.0361675,0.00781109,-0.0264177,0.0420398,1.21597,0.294248,-0.843445,1.43194,0.271614,0.509652,9.83132,0.621539,,22,0.560449,0.575174,-0.222222,
anat_resid_deg,flow,self,6,34.8668,55.4453,-20.5785,-68.2036,27.0465,0.62885,-0.63867,-1.79875,0.521406,-0.589541,-1.10621,5.06892,0.318353,0.946255,12,-0.880705,0.378478,0.333333,0.246188
anat_resid_deg,flow,shuffle,6,34.8668,34.7313,0.135417,-4.60577,4.87661,1.0039,0.0367533,-1.09493,1.16843,0.0339261,0.0636586,9.97793,0.950499,,18,-0.0800641,0.936186,0,
anat_resid_deg,flow,randmat,6,34.8668,34.535,0.331733,-4.33253,4.996,1.00961,0.0915789,-1.0406,1.22376,0.0845344,0.158619,9.9312,0.877148,,20,0.240192,0.810181,-0.111111,
anat_resid_deg,flow,decorr,6,34.8668,44.3287,-9.4619,-35.8112,16.8874,0.786551,-0.526126,-1.67712,0.62487,-0.485655,-0.911277,5.22456,0.402237,,14,-0.560449,0.575174,0.222222,
anat_resid_deg,flow,conf25,6,34.8668,37.2827,-2.41592,-7.6086,2.77676,0.9352,-0.599761,-1.75651,0.556986,-0.553625,-1.03882,9.84856,0.323722,,10,-1.20096,0.229766,0.444444,
anat_resid_deg,flow,conf50,6,34.8668,29.5931,5.27365,0.322011,10.2253,1.17821,1.37037,0.112969,2.62778,1.26496,2.37356,9.98384,0.0390774,,31,2.0016,0.0453276,-0.722222,
anat_resid_deg,flow,conf75,6,34.8668,35.3436,-0.4768,-8.55437,7.60077,0.98651,-0.0798291,-1.21187,1.05221,-0.0736884,-0.138268,7.3428,0.893744,,16,-0.240192,0.810181,0.111111,
anat_resid_deg,self,shuffle,6,55.4453,34.7313,20.714,-26.9137,68.3416,1.59641,0.64307,-0.517394,1.80353,0.593603,1.11383,5.06273,0.315418,0.946255,25,1.04083,0.297953,-0.388889,0.226443
anat_resid_deg,self,randmat,6,55.4453,34.535,20.9103,-26.7192,68.5398,1.60548,0.649307,-0.511713,1.81033,0.59936,1.12463,5.05833,0.311261,,26,1.20096,0.229766,-0.444444,0.209198
anat_resid_deg,self,decorr,6,55.4453,44.3287,11.1166,-37.9685,60.2018,1.25078,0.302848,-0.835206,1.4409,0.279552,0.524549,7.80395,0.614466,0.946255,19,0.0800641,0.936186,-0.0555556,0.620095
anat_resid_deg,self,conf25,6,55.4453,37.2827,18.1626,-29.4545,65.7798,1.48716,0.563145,-0.590652,1.71694,0.519826,0.975395,5.08843,0.373424,,19,0.0800641,0.936186,-0.0555556,0.537866
anat_resid_deg,self,conf50,6,55.4453,29.5931,25.8522,-21.7705,73.4749,1.87359,0.802111,-0.374097,1.97832,0.74041,1.3893,5.0747,0.22262,,33,2.32186,0.0202406,-0.833333,0.0177456
anat_resid_deg,self,conf75,6,55.4453,35.3436,20.1017,-27.4574,67.6609,1.56875,0.617522,-0.540719,1.77576,0.570021,1.06958,5.27685,0.331274,,23,0.720577,0.47117,-0.277778,0.348163
anat_resid_deg,shuffle,randmat,6,34.7313,34.535,0.196317,-4.34961,4.74224,1.00568,0.0555641,-1.07624,1.18737,0.05129,0.0962399,9.98681,0.925234,,19,0.0800641,0.936186,-0.0555556,
anat_resid_deg,shuffle,decorr,6,34.7313,44.3287,-9.59732,-35.9497,16.7551,0.783496,-0.534183,-1.68577,0.617407,-0.493092,-0.925233,5.20441,0.395722,,14,-0.560449,0.575174,0.222222,
anat_resid_deg,shuffle,conf25,6,34.7313,37.2827,-2.55133,-7.6502,2.54753,0.931568,-0.646219,-1.80696,0.514525,-0.59651,-1.11928,9.71899,0.289918,,11,-1.04083,0.297953,0.388889,
anat_resid_deg,shuffle,conf50,6,34.7313,29.5931,5.13823,0.290579,9.98589,1.17363,1.36493,0.108473,2.62139,1.25994,2.36413,9.92471,0.039852,,29,1.68135,0.0926958,-0.611111,
anat_resid_deg,shuffle,conf75,6,34.7313,35.3436,-0.612217,-8.65793,7.43349,0.982678,-0.103431,-1.23577,1.02891,-0.095475,-0.179148,7.15389,0.86279,,16,-0.240192,0.810181,0.111111,
anat_resid_deg,randmat,decorr,6,34.535,44.3287,-9.79363,-36.1483,16.5611,0.779068,-0.545494,-1.69793,0.606945,-0.503533,-0.944823,5.19008,0.386626,,12,-0.880705,0.378478,0.333333,
anat_resid_deg,randmat,conf25,6,34.535,37.2827,-2.74765,-7.78076,2.28546,0.926302,-0.7063,-1.87263,0.460034,-0.651969,-1.22335,9.59624,0.250389,,9,-1.36109,0.173485,0.5,
anat_resid_deg,randmat,conf50,6,34.535,29.5931,4.94192,0.167608,9.71623,1.167,1.33432,0.0831332,2.5855,1.23168,2.3111,9.85083,0.0437956,,30,1.84147,0.0655522,-0.666667,
anat_resid_deg,randmat,conf75,6,34.535,35.3436,-0.808533,-8.83311,7.21605,0.977124,-0.137491,-1.27041,0.995431,-0.126915,-0.238142,7.01611,0.818577,,15,-0.40032,0.688921,0.166667,
anat_resid_deg,decorr,conf25,6,44.3287,37.2827,7.04598,-19.2948,33.3868,1.18899,0.390577,-0.751747,1.5329,0.360532,0.676499,5.28804,0.527183,,18,-0.0800641,0.936186,0,
anat_resid_deg,decorr,conf50,6,44.3287,29.5931,14.7355,-11.611,41.0821,1.49794,0.818612,-0.359415,1.99664,0.755642,1.41788,5.24337,0.212822,,25,1.04083,0.297953,-0.388889,
anat_resid_deg,decorr,conf75,6,44.3287,35.3436,8.9851,-17.3637,35.3339,1.25422,0.48382,-0.664201,1.63184,0.446603,0.838001,5.89579,0.43468,,21,0.40032,0.688921,-0.166667,
anat_resid_deg,conf25,conf50,6,37.2827,29.5931,7.68957,2.40835,12.9708,1.25984,1.87485,0.517239,3.23246,1.73063,3.24734,9.92962,0.00883919,,32,2.16173,0.030639,-0.777778,
anat_resid_deg,conf25,conf75,6,37.2827,35.3436,1.93912,-6.25263,10.1309,1.05486,0.315874,-0.822746,1.45449,0.291576,0.547111,7.89695,0.599418,,20,0.240192,0.810181,-0.111111,
anat_resid_deg,conf50,conf75,6,29.5931,35.3436,-5.75045,-13.8598,2.35889,0.837299,-0.954839,-2.14917,0.239488,-0.88139,-1.65383,7.51363,0.139203,,9,-1.36109,0.173485,0.5,
anat_gain_yaw,rest,flow,6,0,0.1031,-0.1031,-0.193654,-0.0125454,0,-1.68974,-3.00788,-0.371596,-1.55976,-2.92671,5,0.0327576,,0,-2.99124,0.00277843,1,
anat_gain_yaw,rest,self,6,0,0.752491,-0.752491,-2.52797,1.02298,0,-0.62901,-1.78824,0.53022,-0.580625,-1.08948,5,0.325644,,0,-2.99124,0.00277843,1,0.00274931
anat_gain_yaw,rest,shuffle,6,0,0.0802961,-0.0802961,-0.130153,-0.0304394,0,-2.39024,-3.87178,-0.908704,-2.20638,-4.14002,5,0.00899686,,0,-2.99124,0.00277843,1,
anat_gain_yaw,rest,randmat,6,0,0.1431,-0.1431,-0.242895,-0.0433044,0,-2.12814,-3.54425,-0.712015,-1.96443,-3.68604,5,0.0142041,,0,-2.99124,0.00277843,1,
anat_gain_yaw,rest,decorr,6,0,0.211549,-0.211549,-0.563208,0.14011,0,-0.892812,-2.07943,0.293811,-0.824134,-1.54639,5,0.182677,,0,-2.99124,0.00277843,1,
anat_gain_yaw,rest,conf25,6,0,0.0834414,-0.0834414,-0.137023,-0.0298595,0,-2.31118,-3.77251,-0.849861,-2.1334,-4.00309,5,0.0102918,,0,-2.99124,0.00277843,1,
anat_gain_yaw,rest,conf50,6,0,0.0717525,-0.0717525,-0.134036,-0.00946872,0,-1.70975,-3.03202,-0.387487,-1.57823,-2.96138,5,0.0314688,,0,-2.99124,0.00277843,1,
anat_gain_yaw,rest,conf75,6,0,0.083839,-0.083839,-0.191616,0.0239378,0,-1.15449,-2.37671,0.0677273,-1.06569,-1.99964,5,0.101986,,0,-2.99124,0.00277843,1,
anat_gain_yaw,flow,self,6,0.1031,0.752491,-0.649391,-2.42441,1.12563,0.137011,-0.542124,-1.69431,0.61006,-0.500422,-0.938986,5.02601,0.390636,1,19,0.0800641,0.936186,-0.0555556,0.809298
anat_gain_yaw,flow,shuffle,6,0.1031,0.0802961,0.0228038,-0.0703955,0.116003,1.284,0.327396,-0.811745,1.46654,0.302212,0.567067,7.77619,0.58666,,22,0.560449,0.575174,-0.222222,
anat_gain_yaw,flow,randmat,6,0.1031,0.1431,-0.04,-0.156953,0.0769534,0.720475,-0.440536,-1.58576,0.704693,-0.406648,-0.76303,9.90704,0.463227,,13,-0.720577,0.47117,0.277778,
anat_gain_yaw,flow,decorr,6,0.1031,0.211549,-0.108449,-0.459203,0.242305,0.487358,-0.443233,-1.58863,0.702162,-0.409139,-0.767703,5.66019,0.473461,,19,0.0800641,0.936186,-0.0555556,
anat_gain_yaw,flow,conf25,6,0.1031,0.0834414,0.0196586,-0.0744912,0.113808,1.2356,0.277285,-0.859726,1.4143,0.255955,0.480271,8.11887,0.643708,,19,0.0800641,0.936186,-0.0555556,
anat_gain_yaw,flow,conf50,6,0.1031,0.0717525,0.0313475,-0.0655959,0.128291,1.43688,0.423303,-0.720886,1.56749,0.390741,0.733182,8.86562,0.482383,,21,0.40032,0.688921,-0.166667,
anat_gain_yaw,flow,conf75,6,0.1031,0.083839,0.0192609,-0.103249,0.141771,1.22974,0.203068,-0.931431,1.33757,0.187447,0.351723,9.71145,0.732557,,20,0.240192,0.810181,-0.111111,
anat_gain_yaw,self,shuffle,6,0.752491,0.0802961,0.672195,-1.10314,2.44753,9.37145,0.561669,-0.592012,1.71535,0.518464,0.972839,5.00789,0.375247,1,18,-0.0800641,0.936186,0,0.725319
anat_gain_yaw,self,randmat,6,0.752491,0.1431,0.609391,-1.16553,2.38432,5.2585,0.50859,-0.641144,1.65832,0.469468,0.880903,5.03159,0.418454,,14,-0.560449,0.575174,0.222222,0.937766
anat_gain_yaw,self,decorr,6,0.752491,0.211549,0.540943,-1.23018,2.31206,3.55706,0.443559,-0.701857,1.58898,0.409439,0.768267,5.39169,0.474618,1,20,0.240192,0.810181,-0.111111,0.804799
anat_gain_yaw,self,conf25,6,0.752491,0.0834414,0.66905,-1.10626,2.44436,9.0182,0.559007,-0.594468,1.71248,0.516006,0.968228,5.00911,0.377323,,16,-0.240192,0.810181,0.111111,0.76056
anat_gain_yaw,self,conf50,6,0.752491,0.0717525,0.680739,-1.09452,2.45599,10.4873,0.568682,-0.585549,1.72291,0.524938,0.984987,5.01231,0.369758,,18,-0.0800641,0.936186,0,0.633092
anat_gain_yaw,self,conf75,6,0.752491,0.083839,0.668652,-1.10618,2.44349,8.97543,0.557902,-0.595487,1.71129,0.514987,0.966315,5.03685,0.37796,,22,0.560449,0.575174,-0.222222,0.632092
anat_gain_yaw,shuffle,randmat,6,0.0802961,0.1431,-0.0628038,-0.164441,0.0388336,0.56112,-0.83553,-2.01546,0.344397,-0.771258,-1.44718,7.34953,0.189117,,12,-0.880705,0.378478,0.333333,
anat_gain_yaw,shuffle,decorr,6,0.0802961,0.211549,-0.131253,-0.482341,0.219835,0.379563,-0.548448,-1.70111,0.604214,-0.50626,-0.949941,5.20092,0.384167,,21,0.40032,0.688921,-0.166667,
anat_gain_yaw,shuffle,conf25,6,0.0802961,0.0834414,-0.00314524,-0.0666293,0.0603388,0.962306,-0.0637786,-1.19565,1.06809,-0.0588726,-0.110468,9.94852,0.914235,,18,-0.0800641,0.936186,0,
anat_gain_yaw,shuffle,conf50,6,0.0802961,0.0717525,0.00854369,-0.0610609,0.0781483,1.11907,0.158935,-0.974436,1.29231,0.146709,0.275283,9.54256,0.788967,,21,0.40032,0.688921,-0.166667,
anat_gain_yaw,shuffle,conf75,6,0.0802961,0.083839,-0.00354285,-0.112633,0.105548,0.957742,-0.0442782,-1.176,1.08745,-0.0408722,-0.0766922,7.04622,0.941001,,21,0.40032,0.688921,-0.166667,
anat_gain_yaw,randmat,decorr,6,0.1431,0.211549,-0.0684489,-0.419335,0.282437,0.676439,-0.277905,-1.41494,0.85913,-0.256528,-0.481346,5.80015,0.64789,,21,0.40032,0.688921,-0.166667,
anat_gain_yaw,randmat,conf25,6,0.1431,0.0834414,0.0596585,-0.0427399,0.162057,1.71498,0.781677,-0.392328,1.95568,0.721548,1.3539,7.6616,0.214346,,28,1.52122,0.128205,-0.555556,
anat_gain_yaw,randmat,conf50,6,0.1431,0.0717525,0.0713475,-0.0333501,0.176045,1.99436,0.900132,-0.287375,2.08764,0.830891,1.55907,8.38204,0.155882,,28,1.52122,0.128205,-0.555556,
anat_gain_yaw,randmat,conf75,6,0.1431,0.083839,0.0592609,-0.0681578,0.18668,1.70684,0.598775,-0.557889,1.75544,0.552716,1.03711,9.94138,0.324253,,23,0.720577,0.47117,-0.277778,
anat_gain_yaw,decorr,conf25,6,0.211549,0.0834414,0.128107,-0.222917,0.479132,2.5353,0.53449,-0.617123,1.6861,0.493376,0.925764,5.23204,0.395265,,19,0.0800641,0.936186,-0.0555556,
anat_gain_yaw,decorr,conf50,6,0.211549,0.0717525,0.139796,-0.211092,0.490685,2.94831,0.580949,-0.57426,1.73616,0.53626,1.00623,5.31339,0.357905,,19,0.0800641,0.936186,-0.0555556,
anat_gain_yaw,decorr,conf75,6,0.211549,0.083839,0.12771,-0.223388,0.478807,2.52327,0.515322,-0.634892,1.66554,0.475682,0.892564,5.93109,0.406844,,21,0.40032,0.688921,-0.166667,
anat_gain_yaw,conf25,conf50,6,0.0834414,0.0717525,0.0116889,-0.0597421,0.0831199,1.16291,0.211147,-0.923588,1.34588,0.194905,0.365717,9.78177,0.722361,,20,0.240192,0.810181,-0.111111,
anat_gain_yaw,conf25,conf75,6,0.0834414,0.083839,-0.000397612,-0.110115,0.10932,0.995257,-0.00490278,-1.13649,1.12668,-0.00452565,-0.00849187,7.32934,0.993451,,21,0.40032,0.688921,-0.166667,
anat_gain_yaw,conf50,conf75,6,0.0717525,0.083839,-0.0120865,-0.123743,0.0995697,0.855836,-0.144104,-1.27716,0.98895,-0.133019,-0.249595,8.00453,0.809186,,20,0.240192,0.810181,-0.111111,
turned_deg,rest,flow,6,0,-60.8036,60.8036,60.6528,60.9544,-0,598.446,359.02,837.873,552.412,1036.54,5,1.58624e-14,,36,2.99124,0.00277843,-1,
turned_deg,rest,self,6,0,-60.8036,60.8036,60.6528,60.9544,-0,598.446,359.02,837.873,552.412,1036.54,5,1.58624e-14,,36,2.99124,0.00277843,-1,0.00274931
turned_deg,rest,shuffle,6,0,-60.8036,60.8036,60.6528,60.9544,-0,598.446,359.02,837.873,552.412,1036.54,5,1.58624e-14,,36,2.99124,0.00277843,-1,
turned_deg,rest,randmat,6,0,-60.8036,60.8036,60.6528,60.9544,-0,598.446,359.02,837.873,552.412,1036.54,5,1.58624e-14,,36,2.99124,0.00277843,-1,
turned_deg,rest,decorr,6,0,-60.8036,60.8036,60.6528,60.9544,-0,598.446,359.02,837.873,552.412,1036.54,5,1.58624e-14,,36,2.99124,0.00277843,-1,
turned_deg,rest,conf25,6,0,-60.8036,60.8036,60.6528,60.9544,-0,598.446,359.02,837.873,552.412,1036.54,5,1.58624e-14,,36,2.99124,0.00277843,-1,
turned_deg,rest,conf50,6,0,-60.8036,60.8036,60.6528,60.9544,-0,598.446,359.02,837.873,552.412,1036.54,5,1.58624e-14,,36,2.99124,0.00277843,-1,
turned_deg,rest,conf75,6,0,-60.8036,60.8036,60.6528,60.9544,-0,598.446,359.02,837.873,552.412,1036.54,5,1.58624e-14,,36,2.99124,0.00277843,-1,
turned_deg,flow,self,6,-60.8036,-60.8036,0,-0.184842,0.184842,1,0,-1.13159,1.13159,0,0,10,1,1,18,-0.0809174,0.935508,0,1
turned_deg,flow,shuffle,6,-60.8036,-60.8036,0,-0.184842,0.184842,1,0,-1.13159,1.13159,0,0,10,1,,18,-0.0809174,0.935508,0,
turned_deg,flow,randmat,6,-60.8036,-60.8036,0,-0.184842,0.184842,1,0,-1.13159,1.13159,0,0,10,1,,18,-0.0809174,0.935508,0,
turned_deg,flow,decorr,6,-60.8036,-60.8036,0,-0.184842,0.184842,1,0,-1.13159,1.13159,0,0,10,1,,18,-0.0809174,0.935508,0,
turned_deg,flow,conf25,6,-60.8036,-60.8036,0,-0.184842,0.184842,1,0,-1.13159,1.13159,0,0,10,1,,18,-0.0809174,0.935508,0,
turned_deg,flow,conf50,6,-60.8036,-60.8036,0,-0.184842,0.184842,1,0,-1.13159,1.13159,0,0,10,1,,18,-0.0809174,0.935508,0,
turned_deg,flow,conf75,6,-60.8036,-60.8036,0,-0.184842,0.184842,1,0,-1.13159,1.13159,0,0,10,1,,18,-0.0809174,0.935508,0,
turned_deg,self,shuffle,6,-60.8036,-60.8036,0,-0.184842,0.184842,1,0,-1.13159,1.13159,0,0,10,1,1,18,-0.0809174,0.935508,0,1
turned_deg,self,randmat,6,-60.8036,-60.8036,0,-0.184842,0.184842,1,0,-1.13159,1.13159,0,0,10,1,,18,-0.0809174,0.935508,0,1
turned_deg,self,decorr,6,-60.8036,-60.8036,0,-0.184842,0.184842,1,0,-1.13159,1.13159,0,0,10,1,1,18,-0.0809174,0.935508,0,1
turned_deg,self,conf25,6,-60.8036,-60.8036,0,-0.184842,0.184842,1,0,-1.13159,1.13159,0,0,10,1,,18,-0.0809174,0.935508,0,1
turned_deg,self,conf50,6,-60.8036,-60.8036,0,-0.184842,0.184842,1,0,-1.13159,1.13159,0,0,10,1,,18,-0.0809174,0.935508,0,1
turned_deg,self,conf75,6,-60.8036,-60.8036,0,-0.184842,0.184842,1,0,-1.13159,1.13159,0,0,10,1,,18,-0.0809174,0.935508,0,1
turned_deg,shuffle,randmat,6,-60.8036,-60.8036,0,-0.184842,0.184842,1,0,-1.13159,1.13159,0,0,10,1,,18,-0.0809174,0.935508,0,
turned_deg,shuffle,decorr,6,-60.8036,-60.8036,0,-0.184842,0.184842,1,0,-1.13159,1.13159,0,0,10,1,,18,-0.0809174,0.935508,0,
turned_deg,shuffle,conf25,6,-60.8036,-60.8036,0,-0.184842,0.184842,1,0,-1.13159,1.13159,0,0,10,1,,18,-0.0809174,0.935508,0,
turned_deg,shuffle,conf50,6,-60.8036,-60.8036,0,-0.184842,0.184842,1,0,-1.13159,1.13159,0,0,10,1,,18,-0.0809174,0.935508,0,
turned_deg,shuffle,conf75,6,-60.8036,-60.8036,0,-0.184842,0.184842,1,0,-1.13159,1.13159,0,0,10,1,,18,-0.0809174,0.935508,0,
turned_deg,randmat,decorr,6,-60.8036,-60.8036,0,-0.184842,0.184842,1,0,-1.13159,1.13159,0,0,10,1,,18,-0.0809174,0.935508,0,
turned_deg,randmat,conf25,6,-60.8036,-60.8036,0,-0.184842,0.184842,1,0,-1.13159,1.13159,0,0,10,1,,18,-0.0809174,0.935508,0,
turned_deg,randmat,conf50,6,-60.8036,-60.8036,0,-0.184842,0.184842,1,0,-1.13159,1.13159,0,0,10,1,,18,-0.0809174,0.935508,0,
turned_deg,randmat,conf75,6,-60.8036,-60.8036,0,-0.184842,0.184842,1,0,-1.13159,1.13159,0,0,10,1,,18,-0.0809174,0.935508,0,
turned_deg,decorr,conf25,6,-60.8036,-60.8036,0,-0.184842,0.184842,1,0,-1.13159,1.13159,0,0,10,1,,18,-0.0809174,0.935508,0,
turned_deg,decorr,conf50,6,-60.8036,-60.8036,0,-0.184842,0.184842,1,0,-1.13159,1.13159,0,0,10,1,,18,-0.0809174,0.935508,0,
turned_deg,decorr,conf75,6,-60.8036,-60.8036,0,-0.184842,0.184842,1,0,-1.13159,1.13159,0,0,10,1,,18,-0.0809174,0.935508,0,
turned_deg,conf25,conf50,6,-60.8036,-60.8036,0,-0.184842,0.184842,1,0,-1.13159,1.13159,0,0,10,1,,18,-0.0809174,0.935508,0,
turned_deg,conf25,conf75,6,-60.8036,-60.8036,0,-0.184842,0.184842,1,0,-1.13159,1.13159,0,0,10,1,,18,-0.0809174,0.935508,0,
turned_deg,conf50,conf75,6,-60.8036,-60.8036,0,-0.184842,0.184842,1,0,-1.13159,1.13159,0,0,10,1,,18,-0.0809174,0.935508,0,
ring_pc12_var,rest,flow,6,0.298106,0.328589,-0.0304828,-0.069071,0.00810537,0.907231,-1.01693,-2.21944,0.185571,-0.938707,-1.76138,9.9477,0.10882,,8,-1.52122,0.128205,0.555556,
ring_pc12_var,rest,self,6,0.298106,0.329918,-0.0318122,-0.07212,0.00849572,0.903576,-1.01532,-2.21761,0.186961,-0.937222,-1.75859,9.99663,0.109162,,8,-1.52122,0.128205,0.555556,0.102724
ring_pc12_var,rest,shuffle,6,0.298106,0.373589,-0.0754827,-0.12671,-0.0242549,0.797952,-1.93112,-3.3013,-0.560944,-1.78258,-3.3448,8.8001,0.00886963,,2,-2.48199,0.0130652,0.888889,
ring_pc12_var,rest,randmat,6,0.298106,0.331382,-0.0332762,-0.0674579,0.000905594,0.899584,-1.28581,-2.52884,-0.0427826,-1.1869,-2.22709,8.38516,0.0550589,,5,-2.0016,0.0453276,0.722222,
ring_pc12_var,rest,decorr,6,0.298106,0.325865,-0.027759,-0.0633033,0.00778531,0.914814,-1.01638,-2.2188,0.186052,-0.938193,-1.76041,9.21486,0.111407,,8,-1.52122,0.128205,0.555556,
ring_pc12_var,rest,conf25,6,0.298106,0.341587,-0.0434817,-0.0814517,-0.00551167,0.872707,-1.47556,-2.75188,-0.199244,-1.36206,-2.55574,9.88097,0.0288302,,3,-2.32186,0.0202406,0.833333,
ring_pc12_var,rest,conf50,6,0.298106,0.308625,-0.010519,-0.0483944,0.0273564,0.965917,-0.357921,-1.49853,0.782689,-0.330389,-0.619938,9.86787,0.549345,,15,-0.40032,0.688921,0.166667,
ring_pc12_var,rest,conf75,6,0.298106,0.326427,-0.0283212,-0.0676478,0.0110055,0.913239,-0.926539,-2.11729,0.264215,-0.855267,-1.60481,9.99014,0.139646,,9,-1.36109,0.173485,0.5,
ring_pc12_var,flow,self,6,0.328589,0.329918,-0.00132933,-0.0403185,0.0376598,0.995971,-0.0439093,-1.17563,1.08781,-0.0405317,-0.0760531,9.91831,0.940889,1,16,-0.240192,0.810181,0.111111,0.936016
ring_pc12_var,flow,shuffle,6,0.328589,0.373589,-0.0449998,-0.0954617,0.00546202,0.879547,-1.17662,-2.40221,0.0489732,-1.08611,-2.03797,8.43803,0.0740841,,7,-1.68135,0.0926958,0.611111,
ring_pc12_var,flow,randmat,6,0.328589,0.331382,-0.00279333,-0.0350493,0.0294627,0.991571,-0.113603,-1.2461,1.0189,-0.104864,-0.196765,8.74762,0.848507,,18,-0.0800641,0.936186,0,
ring_pc12_var,flow,decorr,6,0.328589,0.325865,0.00272383,-0.0310711,0.0365187,1.00836,0.104394,-1.02796,1.23675,0.0963639,0.180816,9.52167,0.860302,,17,-0.0800641,0.936186,0.0555556,
ring_pc12_var,flow,conf25,6,0.328589,0.341587,-0.0129988,-0.0494641,0.0234664,0.961946,-0.458659,-1.60503,0.687708,-0.423378,-0.794421,9.98592,0.445419,,15,-0.40032,0.688921,0.166667,
ring_pc12_var,flow,conf50,6,0.328589,0.308625,0.0199638,-0.0163984,0.0563261,1.06469,0.706459,-0.45989,1.87281,0.652116,1.22362,9.98105,0.249196,,25,1.04083,0.297953,-0.388889,
ring_pc12_var,flow,conf75,6,0.328589,0.326427,0.00216167,-0.0357728,0.0400961,1.00662,0.0733224,-1.05864,1.20529,0.0676822,0.126998,9.98306,0.901463,,18,-0.0800641,0.936186,0,
ring_pc12_var,self,shuffle,6,0.329918,0.373589,-0.0436705,-0.0951179,0.00777693,0.883105,-1.11072,-2.32643,0.104993,-1.02528,-1.92382,8.89038,0.0869255,0.260777,9,-1.36109,0.173485,0.5,0.0917271
ring_pc12_var,self,randmat,6,0.329918,0.331382,-0.001464,-0.0361658,0.0332378,0.995582,-0.0558234,-1.18763,1.07598,-0.0515293,-0.096689,8.29386,0.925269,,19,0.0800641,0.936186,-0.0555556,0.923269
ring_pc12_var,self,decorr,6,0.329918,0.325865,0.00405317,-0.0319676,0.0400739,1.01244,0.146642,-0.986463,1.27975,0.135362,0.253992,9.13043,0.805129,1,22,0.560449,0.575174,-0.222222,0.811297
ring_pc12_var,self,conf25,6,0.329918,0.341587,-0.0116695,-0.0500541,0.0267151,0.965837,-0.391959,-1.53436,0.750441,-0.361808,-0.678893,9.83913,0.512858,,15,-0.40032,0.688921,0.166667,0.503374
ring_pc12_var,self,conf50,6,0.329918,0.308625,0.0212932,-0.016999,0.0595853,1.06899,0.71708,-0.450306,1.88447,0.66192,1.24202,9.82414,0.243062,,26,1.20096,0.229766,-0.444444,0.24069
ring_pc12_var,self,conf75,6,0.329918,0.326427,0.003491,-0.0362213,0.0432033,1.01069,0.113123,-1.01937,1.24561,0.104422,0.195935,9.97531,0.848595,,21,0.40032,0.688921,-0.166667,0.858535
ring_pc12_var,shuffle,randmat,6,0.373589,0.331382,0.0422065,-0.00612657,0.0905396,1.12737,1.20154,-0.0279196,2.43099,1.10911,2.08112,6.74037,0.0774933,,30,1.84147,0.0655522,-0.666667,
ring_pc12_var,shuffle,decorr,6,0.373589,0.325865,0.0477237,-0.00118764,0.096635,1.14645,1.31851,0.0700109,2.56701,1.21708,2.28372,7.37354,0.0544728,,31,2.0016,0.0453276,-0.722222,
ring_pc12_var,shuffle,conf25,6,0.373589,0.341587,0.032001,-0.0181237,0.0821257,1.09368,0.8455,-0.335563,2.02656,0.780461,1.46445,8.25131,0.180104,,26,1.20096,0.229766,-0.444444,
ring_pc12_var,shuffle,conf50,6,0.373589,0.308625,0.0649637,0.0148897,0.115038,1.21049,1.71919,0.394969,3.04341,1.58695,2.97773,8.22154,0.0171293,,34,2.48199,0.0130652,-0.888889,
ring_pc12_var,shuffle,conf75,6,0.373589,0.326427,0.0471615,-0.00371543,0.0980384,1.14448,1.21832,-0.0137756,2.45042,1.12461,2.1102,8.64398,0.0653003,,30,1.84147,0.0655522,-0.666667,
ring_pc12_var,randmat,decorr,6,0.331382,0.325865,0.00551717,-0.0219386,0.0329729,1.01693,0.259501,-0.876837,1.39584,0.23954,0.449469,9.72381,0.662945,,17,-0.0800641,0.936186,0.0555556,
ring_pc12_var,randmat,conf25,6,0.331382,0.341587,-0.0102055,-0.0415447,0.0211337,0.970123,-0.425805,-1.57014,0.718531,-0.393051,-0.737517,8.93228,0.479733,,15,-0.40032,0.688921,0.166667,
ring_pc12_var,randmat,conf50,6,0.331382,0.308625,0.0227572,-0.00843963,0.053954,1.07374,0.953355,-0.240782,2.14749,0.88002,1.65126,8.96152,0.133225,,26,1.20096,0.229766,-0.444444,
ring_pc12_var,randmat,conf75,6,0.331382,0.326427,0.004955,-0.0283684,0.0382784,1.01518,0.195802,-0.938492,1.3301,0.18074,0.339139,8.54209,0.742693,,22,0.560449,0.575174,-0.222222,
ring_pc12_var,decorr,conf25,6,0.325865,0.341587,-0.0157227,-0.0486938,0.0172485,0.953972,-0.616399,-1.77454,0.541747,-0.568983,-1.06763,9.65803,0.311645,,15,-0.40032,0.688921,0.166667,
ring_pc12_var,decorr,conf50,6,0.325865,0.308625,0.01724,-0.0156038,0.0500838,1.05586,0.678306,-0.485365,1.84198,0.626129,1.17486,9.67821,0.268146,,26,1.20096,0.229766,-0.444444,
ring_pc12_var,decorr,conf75,6,0.325865,0.326427,-0.000562167,-0.0353237,0.0341994,0.998278,-0.0210006,-1.15262,1.11062,-0.0193852,-0.0363741,9.35354,0.971749,,21,0.40032,0.688921,-0.166667,
ring_pc12_var,conf25,conf50,6,0.341587,0.308625,0.0329627,-0.00269731,0.0686226,1.1068,1.18912,-0.0384046,2.41664,1.09765,2.05961,9.99964,0.0664312,,28,1.52122,0.128205,-0.555556,
ring_pc12_var,conf25,conf75,6,0.341587,0.326427,0.0151605,-0.0221326,0.0524536,1.04644,0.523396,-0.627401,1.67419,0.483135,0.906548,9.93857,0.386097,,24,0.880705,0.378478,-0.333333,
ring_pc12_var,conf50,conf75,6,0.308625,0.326427,-0.0178022,-0.0549971,0.0193927,0.945464,-0.616301,-1.77444,0.541836,-0.568893,-1.06746,9.92892,0.311029,,13,-0.720577,0.47117,0.277778,
ring_loop,rest,flow,6,0.03,0.0322222,-0.00222221,-0.0360349,0.0315905,0.931035,-0.0871376,-1.21926,1.04499,-0.0804347,-0.150927,8.19542,0.883682,,13.5,-0.646186,0.518159,0.25,
ring_loop,rest,self,6,0.03,0.0411111,-0.0111111,-0.0477134,0.0254912,0.72973,-0.392473,-1.5349,0.749954,-0.362283,-0.679784,9.64362,0.512628,,12,-0.8838,0.376804,0.333333,0.536616
ring_loop,rest,shuffle,6,0.03,0.0388889,-0.0088889,-0.0462084,0.0284306,0.771428,-0.307239,-1.44548,0.831004,-0.283605,-0.532153,9.80345,0.606469,,14.5,-0.485504,0.627319,0.194444,
ring_loop,rest,randmat,6,0.03,0.0233333,0.00666667,-0.0273395,0.0406728,1.28571,0.259064,-0.877258,1.39539,0.239136,0.448712,8.35975,0.665043,,18.5,0,1,-0.0277778,
ring_loop,rest,decorr,6,0.03,0.0177778,0.0122222,-0.0205331,0.0449775,1.6875,0.510772,-0.639117,1.66066,0.471482,0.884683,6.9093,0.40606,,21,0.408993,0.682545,-0.166667,
ring_loop,rest,conf25,6,0.03,0.0244444,0.00555556,-0.0281513,0.0392624,1.22727,0.21897,-0.916002,1.35394,0.202126,0.379267,8.09909,0.71424,,19.5,0.161835,0.871436,-0.0833333,
ring_loop,rest,conf50,6,0.03,0.0266667,0.00333332,-0.0313271,0.0379937,1.125,0.125988,-1.00672,1.2587,0.116296,0.218217,8.82392,0.832223,,18.5,0,1,-0.0277778,
ring_loop,rest,conf75,6,0.03,0.03,1.89844e-08,-0.0343075,0.0343075,1,7.28019e-07,-1.13159,1.13159,6.72017e-07,1.26097e-06,8.58951,0.999999,,16,-0.243187,0.807861,0.111111,
ring_loop,flow,self,6,0.0322222,0.0411111,-0.00888889,-0.0379116,0.0201338,0.783784,-0.399004,-1.54179,0.743786,-0.368311,-0.691094,9.15159,0.506656,1,13.5,-0.648498,0.516663,0.25,0.516371
ring_loop,flow,shuffle,6,0.0322222,0.0388889,-0.00666669,-0.0368368,0.0235035,0.828571,-0.289078,-1.42656,0.848403,-0.266841,-0.500697,8.90327,0.628727,,17,-0.0809174,0.935508,0.0555556,
ring_loop,flow,randmat,6,0.0322222,0.0233333,0.00888889,-0.0154221,0.0331999,1.38095,0.470426,-0.676705,1.61756,0.434239,0.814801,9.98899,0.434182,,22.5,0.648498,0.516663,-0.25,
ring_loop,flow,decorr,6,0.0322222,0.0177778,0.0144444,-0.00683556,0.0357244,1.8125,0.883311,-0.302173,2.06879,0.815364,1.52994,9.22,0.159588,,26,1.21376,0.224839,-0.444444,
ring_loop,flow,conf25,6,0.0322222,0.0244444,0.00777778,-0.0158921,0.0314476,1.31818,0.422731,-0.721423,1.56689,0.390213,0.732192,9.99612,0.480866,,21.5,0.48901,0.624835,-0.194444,
ring_loop,flow,conf50,6,0.0322222,0.0266667,0.00555553,-0.0200603,0.0311714,1.20833,0.279595,-0.857506,1.4167,0.258087,0.484272,9.84444,0.638785,,21.5,0.483779,0.628542,-0.194444,
ring_loop,flow,conf75,6,0.0322222,0.03,0.00222223,-0.0227041,0.0271485,1.07407,0.114784,-1.01773,1.2473,0.105954,0.198812,9.9379,0.846418,,18.5,0,1,-0.0277778,
ring_loop,self,shuffle,6,0.0411111,0.0388889,0.0022222,-0.0314088,0.0358532,1.05714,0.0850324,-1.04706,1.21713,0.0784914,0.14728,9.97297,0.885846,1,18.5,0,1,-0.0277778,0.938515
ring_loop,self,randmat,6,0.0411111,0.0233333,0.0177778,-0.0115188,0.0470743,1.76191,0.788646,-0.386104,1.9634,0.727981,1.36598,9.30142,0.204061,,26,1.21593,0.22401,-0.444444,0.23869
ring_loop,self,decorr,6,0.0411111,0.0177778,0.0233333,-0.0040909,0.0507575,2.3125,1.14056,-0.0795633,2.36069,1.05283,1.97551,7.69762,0.0850406,0.255122,27.5,1.45651,0.145251,-0.527778,0.100725
ring_loop,self,conf25,6,0.0411111,0.0244444,0.0166667,-0.0122044,0.0455377,1.68182,0.753208,-0.417814,1.92423,0.695268,1.30459,9.0593,0.224197,,24,0.913214,0.36113,-0.333333,0.245189
ring_loop,self,conf50,6,0.0411111,0.0266667,0.0144444,-0.0157542,0.044643,1.54167,0.618206,-0.540094,1.77651,0.570652,1.07076,9.66599,0.310283,,24,0.886929,0.375117,-0.333333,0.344414
ring_loop,self,conf75,6,0.0411111,0.03,0.0111111,-0.0186051,0.0408274,1.37037,0.484502,-0.663566,1.63257,0.447233,0.839182,9.49348,0.421995,,22,0.568455,0.569726,-0.222222,0.422894
ring_loop,shuffle,randmat,6,0.0388889,0.0233333,0.0155556,-0.0148661,0.0459772,1.66667,0.667122,-0.495514,1.82976,0.615805,1.15549,9.06307,0.277444,,26,1.21593,0.22401,-0.444444,
ring_loop,shuffle,decorr,6,0.0388889,0.0177778,0.0211111,-0.00761527,0.0498375,2.1875,0.990713,-0.208282,2.18971,0.914504,1.71597,7.46732,0.127192,,29,1.70537,0.0881262,-0.611111,
ring_loop,shuffle,conf25,6,0.0388889,0.0244444,0.0144445,-0.0155869,0.0444758,1.59091,0.630297,-0.529045,1.78964,0.581812,1.09171,8.80658,0.303927,,26,1.24529,0.213024,-0.444444,
ring_loop,shuffle,conf50,6,0.0388889,0.0266667,0.0122222,-0.0190335,0.0434779,1.45833,0.506853,-0.642758,1.65646,0.467864,0.877895,9.47382,0.401716,,22.5,0.665408,0.50579,-0.25,
ring_loop,shuffle,conf75,6,0.0388889,0.03,0.00888892,-0.0219198,0.0396977,1.2963,0.37513,-0.766365,1.51662,0.346274,0.649744,9.27452,0.531619,,21.5,0.488126,0.62546,-0.194444,
ring_loop,randmat,decorr,6,0.0233333,0.0177778,0.00555554,-0.0162458,0.0273569,1.3125,0.332447,-0.806928,1.47182,0.306874,0.575816,9.06608,0.578751,,20,0.24675,0.805102,-0.111111,
ring_loop,randmat,conf25,6,0.0233333,0.0244444,-0.00111111,-0.0251996,0.0229774,0.954545,-0.0593599,-1.19119,1.07247,-0.0547938,-0.102814,9.97214,0.920148,,15,-0.408993,0.682545,0.166667,
ring_loop,randmat,conf50,6,0.0233333,0.0266667,-0.00333336,-0.0293056,0.0226389,0.874999,-0.165296,-1.29881,0.96822,-0.152581,-0.286301,9.91444,0.780541,,16.5,-0.161835,0.871436,0.0833333,
ring_loop,randmat,conf75,6,0.0233333,0.03,-0.00666666,-0.0319698,0.0186365,0.777778,-0.339031,-1.47872,0.800655,-0.312952,-0.587219,9.97891,0.570103,,14,-0.570511,0.568331,0.222222,
ring_loop,decorr,conf25,6,0.0177778,0.0244444,-0.00666665,-0.0276504,0.0143171,0.727273,-0.41286,-1.55644,0.730717,-0.381102,-0.715095,9.30769,0.492097,,15.5,-0.328395,0.742613,0.138889,
ring_loop,decorr,conf50,6,0.0177778,0.0266667,-0.0088889,-0.0323057,0.0145279,0.666667,-0.499221,-1.6483,0.649855,-0.460819,-0.864676,8.60956,0.41066,,12.5,-0.809174,0.418415,0.305556,
ring_loop,decorr,conf75,6,0.0177778,0.03,-0.0122222,-0.0347926,0.0103482,0.592593,-0.70916,-1.87577,0.457451,-0.654609,-1.2283,8.84368,0.251018,,12,-0.899784,0.368235,0.333333,
ring_loop,conf25,conf50,6,0.0244444,0.0266667,-0.00222225,-0.027639,0.0231945,0.916666,-0.112796,-1.24528,1.01969,-0.104119,-0.195368,9.79398,0.849098,,17,-0.0812079,0.935277,0.0555556,
ring_loop,conf25,conf75,6,0.0244444,0.03,-0.00555554,-0.0302708,0.0191597,0.814815,-0.289545,-1.42704,0.847955,-0.267272,-0.501506,9.90374,0.626975,,16,-0.245396,0.80615,0.111111,
ring_loop,conf50,conf75,6,0.0266667,0.03,-0.0033333,-0.0298441,0.0231775,0.88889,-0.161795,-1.29523,0.971641,-0.149349,-0.280237,9.97785,0.78502,,15.5,-0.323669,0.746188,0.138889,
ring_track_gain_yaw,rest,flow,6,0,1.67555,-1.67555,-2.20046,-1.15064,0,-4.73743,-6.94487,-2.53,-4.37301,-8.20547,5,0.000437568,,0,-2.99124,0.00277843,1,
ring_track_gain_yaw,rest,self,6,0,1.85672,-1.85672,-2.05311,-1.66033,0,-14.0315,-19.758,-8.3049,-12.9521,-24.3032,5,2.19857e-06,,0,-2.99124,0.00277843,1,0.00274931
ring_track_gain_yaw,rest,shuffle,6,0,1.60736,-1.60736,-1.72862,-1.48609,0,-19.6725,-27.6239,-11.7211,-18.1592,-34.0737,5,4.09455e-07,,0,-2.99124,0.00277843,1,
ring_track_gain_yaw,rest,randmat,6,0,1.98731,-1.98731,-2.3562,-1.61843,0,-7.99554,-11.3886,-4.60246,-7.3805,-13.8487,5,3.52615e-05,,0,-2.99124,0.00277843,1,
ring_track_gain_yaw,rest,decorr,6,0,1.87172,-1.87172,-2.57219,-1.17125,0,-3.96571,-5.91448,-2.01693,-3.66065,-6.8688,5,0.00100002,,0,-2.99124,0.00277843,1,
ring_track_gain_yaw,rest,conf25,6,0,1.62946,-1.62946,-2.07807,-1.18085,0,-5.39066,-7.82617,-2.95515,-4.97599,-9.3369,5,0.000237325,,0,-2.99124,0.00277843,1,
ring_track_gain_yaw,rest,conf50,6,0,1.76139,-1.76139,-2.18516,-1.33762,0,-6.16878,-8.88381,-3.45374,-5.69426,-10.6846,5,0.000124333,,0,-2.99124,0.00277843,1,
ring_track_gain_yaw,rest,conf75,6,0,1.51042,-1.51042,-1.94856,-1.07227,0,-5.1162,-7.45504,-2.77736,-4.72264,-8.86152,5,0.000304272,,0,-2.99124,0.00277843,1,
ring_track_gain_yaw,flow,self,6,1.67555,1.85672,-0.181172,-0.707177,0.344834,0.902424,-0.479765,-1.62751,0.667984,-0.44286,-0.830977,6.37288,0.436008,0.872016,12,-0.880705,0.378478,0.333333,0.425644
ring_track_gain_yaw,flow,shuffle,6,1.67555,1.60736,0.06819,-0.455324,0.591704,1.04242,0.187853,-0.946226,1.32193,0.173402,0.32537,5.53216,0.756851,,16,-0.240192,0.810181,0.111111,
ring_track_gain_yaw,flow,randmat,6,1.67555,1.98731,-0.311767,-0.87664,0.253106,0.843122,-0.721207,-1.889,0.446585,-0.66573,-1.24917,8.9703,0.243215,,11,-1.04083,0.297953,0.388889,
ring_track_gain_yaw,flow,decorr,6,1.67555,1.87172,-0.19617,-0.963072,0.570732,0.895192,-0.33261,-1.47199,0.806773,-0.307024,-0.576097,9.26924,0.578267,,15,-0.40032,0.688921,0.166667,
ring_track_gain_yaw,flow,conf25,6,1.67555,1.62946,0.0460883,-0.554397,0.646573,1.02828,0.0990606,-1.03322,1.23134,0.0914406,0.171578,9.76306,0.867273,,17,-0.0800641,0.936186,0.0555556,
ring_track_gain_yaw,flow,conf50,6,1.67555,1.76139,-0.0858433,-0.674133,0.502446,0.951264,-0.188851,-1.32296,0.945254,-0.174324,-0.3271,9.57442,0.750631,,16,-0.240192,0.810181,0.111111,
ring_track_gain_yaw,flow,conf75,6,1.67555,1.51042,0.16513,-0.430103,0.760363,1.10933,0.35843,-0.782205,1.49907,0.330859,0.620819,9.69045,0.549041,,22,0.560449,0.575174,-0.222222,
ring_track_gain_yaw,self,shuffle,6,1.85672,1.60736,0.249362,0.0437233,0.455,1.15514,1.60343,0.302658,2.9042,1.48009,2.77722,8.32873,0.0231186,0.0693559,32,2.16173,0.030639,-0.777778,0.0152462
ring_track_gain_yaw,self,randmat,6,1.85672,1.98731,-0.130595,-0.508732,0.247542,0.934286,-0.46379,-1.61049,0.682907,-0.428114,-0.803308,7.62356,0.446117,,10,-1.20096,0.229766,0.444444,0.449638
ring_track_gain_yaw,self,decorr,6,1.85672,1.87172,-0.0149983,-0.713883,0.683886,0.991987,-0.0305979,-1.16225,1.10105,-0.0282443,-0.0529972,5.78122,0.959518,0.959518,19,0.0800641,0.936186,-0.0555556,0.965009
ring_track_gain_yaw,self,conf25,6,1.85672,1.62946,0.22726,-0.225248,0.679768,1.13947,0.688731,-0.47592,1.85338,0.635751,1.19292,6.8485,0.272587,,28,1.52122,0.128205,-0.555556,0.254936
ring_track_gain_yaw,self,conf50,6,1.85672,1.76139,0.0953283,-0.333658,0.524315,1.05412,0.302913,-0.835143,1.44097,0.279612,0.524662,7.053,0.6159,,22,0.560449,0.575174,-0.222222,0.594601
ring_track_gain_yaw,self,conf75,6,1.85672,1.51042,0.346302,-0.0962672,0.788871,1.22928,1.07041,-0.139497,2.28032,0.988073,1.85401,6.93109,0.106561,,26,1.20096,0.229766,-0.444444,0.104224
ring_track_gain_yaw,shuffle,randmat,6,1.60736,1.98731,-0.379957,-0.748575,-0.0113382,0.808809,-1.45222,-2.72425,-0.180199,-1.34051,-2.51533,6.06814,0.0451372,,6,-1.84147,0.0655522,0.666667,
ring_track_gain_yaw,shuffle,decorr,6,1.60736,1.87172,-0.26436,-0.963337,0.434617,0.858761,-0.551905,-1.70483,0.601022,-0.50945,-0.955927,5.29942,0.380656,,12,-0.880705,0.378478,0.333333,
ring_track_gain_yaw,shuffle,conf25,6,1.60736,1.62946,-0.0221017,-0.469624,0.425421,0.986436,-0.0705848,-1.20252,1.06135,-0.0651552,-0.122256,5.72676,0.906873,,20,0.240192,0.810181,-0.111111,
ring_track_gain_yaw,shuffle,conf50,6,1.60736,1.76139,-0.154033,-0.57689,0.268823,0.91255,-0.518643,-1.6691,0.63181,-0.478747,-0.898315,5.81338,0.404685,,15,-0.40032,0.688921,0.166667,
ring_track_gain_yaw,shuffle,conf75,6,1.60736,1.51042,0.09694,-0.340186,0.534066,1.06418,0.316466,-0.822181,1.45511,0.292123,0.548135,5.76149,0.604169,,18,-0.0800641,0.936186,0,
ring_track_gain_yaw,randmat,decorr,6,1.98731,1.87172,0.115597,-0.601579,0.832772,1.06176,0.216708,-0.918195,1.35161,0.200038,0.375348,7.57524,0.717692,,23,0.720577,0.47117,-0.277778,
ring_track_gain_yaw,randmat,conf25,6,1.98731,1.62946,0.357855,-0.148133,0.863843,1.21962,0.914431,-0.274823,2.10369,0.84409,1.58384,9.6401,0.145449,,28,1.52122,0.128205,-0.555556,
ring_track_gain_yaw,randmat,conf50,6,1.98731,1.76139,0.225923,-0.262319,0.714166,1.12826,0.596797,-0.559704,1.7533,0.550889,1.03368,9.8136,0.326085,,25,1.04083,0.297953,-0.388889,
ring_track_gain_yaw,randmat,conf75,6,1.98731,1.51042,0.476897,-0.0215189,0.975312,1.31574,1.23574,0.00086648,2.47061,1.14068,2.14036,9.71785,0.0587783,,30,1.84147,0.0655522,-0.666667,
ring_track_gain_yaw,decorr,conf25,6,1.87172,1.62946,0.242258,-0.496214,0.980731,1.14867,0.432238,-0.712484,1.57696,0.398989,0.748659,8.51101,0.474243,,22,0.560449,0.575174,-0.222222,
ring_track_gain_yaw,decorr,conf50,6,1.87172,1.76139,0.110327,-0.62057,0.841224,1.06264,0.200003,-0.934408,1.33441,0.184618,0.346415,8.2276,0.737724,,19,0.0800641,0.936186,-0.0555556,
ring_track_gain_yaw,decorr,conf75,6,1.87172,1.51042,0.3613,-0.373878,1.09648,1.23921,0.649,-0.511992,1.80999,0.599077,1.1241,8.39313,0.29209,,24,0.880705,0.378478,-0.333333,
ring_track_gain_yaw,conf25,conf50,6,1.62946,1.76139,-0.131932,-0.667073,0.40321,0.925098,-0.317287,-1.45597,0.821396,-0.292881,-0.549558,9.96771,0.59472,,16,-0.240192,0.810181,0.111111,
ring_track_gain_yaw,conf25,conf75,6,1.62946,1.51042,0.119042,-0.424541,0.662624,1.07881,0.28174,-0.855446,1.41893,0.260067,0.487988,9.99443,0.636087,,20,0.240192,0.810181,-0.111111,
ring_track_gain_yaw,conf50,conf75,6,1.76139,1.51042,0.250973,-0.277455,0.779401,1.16616,0.611067,-0.546626,1.76876,0.564062,1.0584,9.98888,0.314797,,24,0.880705,0.378478,-0.333333,
ring_lag_yaw_deg,rest,flow,6,0,-86.21,86.21,76.2132,96.2067,-0,12.7988,7.55474,18.0428,11.8142,22.1681,5,3.46927e-06,,36,2.99124,0.00277843,-1,
ring_lag_yaw_deg,rest,self,6,0,-75.5054,75.5054,63.2562,87.7546,-0,9.14831,5.31735,12.9793,8.44459,15.8453,5,1.82154e-05,,36,2.99124,0.00277843,-1,0.00274931
ring_lag_yaw_deg,rest,shuffle,6,0,-79.7801,79.7801,65.9585,93.6017,-0,8.56658,4.95732,12.1758,7.90761,14.8378,5,2.51511e-05,,36,2.99124,0.00277843,-1,
ring_lag_yaw_deg,rest,randmat,6,0,-74.1773,74.1773,56.9794,91.3751,-0,6.40129,3.60143,9.20115,5.90888,11.0874,5,0.000104001,,36,2.99124,0.00277843,-1,
ring_lag_yaw_deg,rest,decorr,6,0,-88.7178,88.7178,66.071,111.365,-0,5.81399,3.22731,8.40068,5.36676,10.0701,5,0.000165312,,36,2.99124,0.00277843,-1,
ring_lag_yaw_deg,rest,conf25,6,0,-83.124,83.124,60.3952,105.853,-0,5.42777,2.9791,7.87644,5.01025,9.40118,5,0.000229686,,36,2.99124,0.00277843,-1,
ring_lag_yaw_deg,rest,conf50,6,0,-85.4429,85.4429,57.1057,113.78,-0,4.47498,2.35701,6.59294,4.13075,7.75089,5,0.000571548,,36,2.99124,0.00277843,-1,
ring_lag_yaw_deg,rest,conf75,6,0,-89.5535,89.5535,64.737,114.37,-0,5.35566,2.93254,7.77879,4.94369,9.27628,5,0.000244807,,36,2.99124,0.00277843,-1,
ring_lag_yaw_deg,flow,self,6,-86.21,-75.5054,-10.7046,-24.484,3.07491,1.14177,-1.00482,-2.20569,0.196052,-0.927526,-1.7404,9.61373,0.113631,0.340892,9,-1.36109,0.173485,0.5,0.114721
ring_lag_yaw_deg,flow,shuffle,6,-86.21,-79.7801,-6.42983,-21.4142,8.55452,1.08059,-0.559429,-1.71294,0.594078,-0.516396,-0.968959,9.10725,0.357593,,12,-0.880705,0.378478,0.333333,
ring_lag_yaw_deg,flow,randmat,6,-86.21,-74.1773,-12.0327,-29.8649,5.79954,1.16222,-0.897737,-2.08495,0.28948,-0.828681,-1.55493,8.03264,0.158419,,12,-0.880705,0.378478,0.333333,
ring_lag_yaw_deg,flow,decorr,6,-86.21,-88.7178,2.50787,-20.3465,25.3622,0.971732,0.150353,-0.982831,1.28354,0.138787,0.260418,6.87725,0.802166,,18,-0.0800641,0.936186,0,
ring_lag_yaw_deg,flow,conf25,6,-86.21,-83.124,-3.086,-26.0182,19.8462,1.03713,-0.184454,-1.31844,0.949535,-0.170266,-0.319484,6.86472,0.758862,,22,0.560449,0.575174,-0.222222,
ring_lag_yaw_deg,flow,conf50,6,-86.21,-85.4429,-0.7671,-29.1209,27.5867,1.00898,-0.0378875,-1.16957,1.0938,-0.0349731,-0.0656231,6.22556,0.949735,,22,0.560449,0.575174,-0.222222,
ring_lag_yaw_deg,flow,conf75,6,-86.21,-89.5535,3.34352,-21.5884,28.2754,0.962665,0.185473,-0.948543,1.31949,0.171206,0.321249,6.58108,0.757982,,19,0.0800641,0.936186,-0.0555556,
ring_lag_yaw_deg,self,shuffle,6,-75.5054,-79.7801,4.27473,-11.7647,20.3142,0.946419,0.34352,-0.796381,1.48342,0.317095,0.594994,9.85761,0.565255,0.565255,21,0.40032,0.688921,-0.166667,0.571357
ring_lag_yaw_deg,self,randmat,6,-75.5054,-74.1773,-1.32812,-19.8981,17.2419,1.0179,-0.0933539,-1.22556,1.03885,-0.0861728,-0.161694,9.03468,0.875105,,16,-0.240192,0.810181,0.111111,0.869783
ring_lag_yaw_deg,self,decorr,6,-75.5054,-88.7178,13.2124,-10.0452,36.4701,0.851074,0.761592,-0.410297,1.93348,0.703008,1.31912,7.69486,0.225029,0.450059,24,0.880705,0.378478,-0.333333,0.236191
ring_lag_yaw_deg,self,conf25,6,-75.5054,-83.124,7.61857,-15.7132,30.9504,0.908347,0.437924,-0.707145,1.58299,0.404237,0.758507,7.6785,0.470786,,26,1.20096,0.229766,-0.444444,0.499375
ring_lag_yaw_deg,self,conf50,6,-75.5054,-85.4429,9.93747,-18.6257,38.5007,0.883695,0.47774,-0.669874,1.62535,0.440991,0.82747,6.80551,0.436021,,23,0.720577,0.47117,-0.277778,0.417146
ring_lag_yaw_deg,self,conf75,6,-75.5054,-89.5535,14.0481,-11.199,39.2952,0.843132,0.753359,-0.417679,1.9244,0.695408,1.30486,7.29982,0.231569,,27,1.36109,0.173485,-0.5,0.235691
ring_lag_yaw_deg,shuffle,randmat,6,-79.7801,-74.1773,-5.60285,-24.8479,13.6422,1.07553,-0.37688,-1.51847,0.764707,-0.347889,-0.652776,9.55763,0.529288,,12,-0.880705,0.378478,0.333333,
ring_lag_yaw_deg,shuffle,decorr,6,-79.7801,-88.7178,8.9377,-14.7279,32.6033,0.899257,0.499961,-0.649167,1.64909,0.461503,0.865958,8.27097,0.410928,,22,0.560449,0.575174,-0.222222,
ring_lag_yaw_deg,shuffle,conf25,6,-79.7801,-83.124,3.34383,-20.3928,27.0804,0.959773,0.186557,-0.947488,1.3206,0.172206,0.323126,8.25312,0.754635,,21,0.40032,0.688921,-0.166667,
ring_lag_yaw_deg,shuffle,conf50,6,-79.7801,-85.4429,5.66273,-23.1367,34.4621,0.933725,0.266561,-0.870038,1.40316,0.246057,0.461698,7.25162,0.65783,,22,0.560449,0.575174,-0.222222,
ring_lag_yaw_deg,shuffle,conf75,6,-79.7801,-89.5535,9.77335,-15.8057,35.3524,0.890866,0.51063,-0.639249,1.66051,0.471351,0.884437,7.82968,0.402802,,23,0.720577,0.47117,-0.277778,
ring_lag_yaw_deg,randmat,decorr,6,-74.1773,-88.7178,14.5405,-10.3509,39.432,0.836103,0.758879,-0.412729,1.93049,0.700504,1.31442,9.3276,0.220107,,26,1.20096,0.229766,-0.444444,
ring_lag_yaw_deg,randmat,conf25,6,-74.1773,-83.124,8.94668,-16.0081,33.9014,0.892369,0.465863,-0.680969,1.61269,0.430027,0.806898,9.3119,0.439847,,25,1.04083,0.297953,-0.388889,
ring_lag_yaw_deg,randmat,conf50,6,-74.1773,-85.4429,11.2656,-18.3182,40.8493,0.868151,0.504398,-0.64504,1.65384,0.465598,0.873643,8.24329,0.407043,,23,0.720577,0.47117,-0.277778,
ring_lag_yaw_deg,randmat,conf75,6,-74.1773,-89.5535,15.3762,-11.2387,41.9911,0.828301,0.755809,-0.415481,1.9271,0.69767,1.3091,8.90245,0.22328,,24,0.880705,0.378478,-0.333333,
ring_lag_yaw_deg,decorr,conf25,6,-88.7178,-83.124,-5.59387,-33.4051,22.2173,1.0673,-0.258747,-1.39506,0.877564,-0.238843,-0.448163,9.99987,0.663589,,20,0.240192,0.810181,-0.111111,
ring_lag_yaw_deg,decorr,conf50,6,-88.7178,-85.4429,-3.27497,-34.9259,28.376,1.03833,-0.13399,-1.26684,0.998865,-0.123683,-0.232077,9.53645,0.821382,,19,0.0800641,0.936186,-0.0555556,
ring_lag_yaw_deg,decorr,conf75,6,-88.7178,-89.5535,0.83565,-28.3183,29.9896,0.990669,0.0369147,-1.09477,1.1686,0.0340751,0.0639381,9.91745,0.95029,,21,0.40032,0.688921,-0.166667,
ring_lag_yaw_deg,conf25,conf50,6,-83.124,-85.4429,2.3189,-29.3702,34.008,0.97286,0.09474,-1.03748,1.22696,0.0874523,0.164095,9.55015,0.873077,,22,0.560449,0.575174,-0.222222,
ring_lag_yaw_deg,conf25,conf75,6,-83.124,-89.5535,6.42952,-22.7698,35.6289,0.928205,0.283556,-0.853702,1.42081,0.261744,0.491134,9.92376,0.634012,,16,-0.240192,0.810181,0.111111,
ring_lag_yaw_deg,conf50,conf75,6,-85.4429,-89.5535,4.11062,-28.6162,36.8375,0.954099,0.161961,-0.971479,1.2954,0.149502,0.280524,9.82902,0.784891,,16,-0.240192,0.810181,0.111111,
ring_track_gain_head,rest,flow,6,0,0.336474,-0.336474,-0.439141,-0.233807,0,-4.86397,-7.11503,-2.61292,-4.48982,-8.42465,5,0.000386476,,0,-2.99124,0.00277843,1,
ring_track_gain_head,rest,self,6,0,0.373396,-0.373396,-0.412377,-0.334416,0,-14.2165,-20.0156,-8.41733,-13.1229,-24.6236,5,2.06015e-06,,0,-2.99124,0.00277843,1,0.00274931
ring_track_gain_head,rest,shuffle,6,0,0.323152,-0.323152,-0.345201,-0.301103,0,-21.7515,-30.527,-12.976,-20.0783,-37.6747,5,2.48189e-07,,0,-2.99124,0.00277843,1,
ring_track_gain_head,rest,randmat,6,0,0.399236,-0.399236,-0.470823,-0.327648,0,-8.27682,-11.7762,-4.77745,-7.64014,-14.3359,5,2.97717e-05,,0,-2.99124,0.00277843,1,
ring_track_gain_head,rest,decorr,6,0,0.37682,-0.37682,-0.518281,-0.235358,0,-3.95337,-5.89813,-2.00861,-3.64926,-6.84743,5,0.00101441,,0,-2.99124,0.00277843,1,
ring_track_gain_head,rest,conf25,6,0,0.328279,-0.328279,-0.422399,-0.234159,0,-5.17645,-7.53641,-2.81649,-4.77826,-8.96587,5,0.000287827,,0,-2.99124,0.00277843,1,
ring_track_gain_head,rest,conf50,6,0,0.353661,-0.353661,-0.434797,-0.272525,0,-6.46912,-9.29382,-3.64442,-5.97149,-11.2048,5,9.88346e-05,,0,-2.99124,0.00277843,1,
ring_track_gain_head,rest,conf75,6,0,0.30359,-0.30359,-0.391223,-0.215958,0,-5.14155,-7.48926,-2.79383,-4.74604,-8.90542,5,0.00029722,,0,-2.99124,0.00277843,1,
ring_track_gain_head,flow,self,6,0.336474,0.373396,-0.0369222,-0.139849,0.0660051,0.901118,-0.498981,-1.64804,0.650079,-0.460598,-0.86426,6.41222,0.418598,0.837195,12,-0.880705,0.378478,0.333333,0.405149
ring_track_gain_head,flow,shuffle,6,0.336474,0.323152,0.0133223,-0.0890785,0.115723,1.04123,0.188291,-0.9458,1.32238,0.173807,0.326129,5.46025,0.75646,,16,-0.240192,0.810181,0.111111,
ring_track_gain_head,flow,randmat,6,0.336474,0.399236,-0.0627617,-0.173033,0.0475095,0.842795,-0.744211,-1.91431,0.42589,-0.686964,-1.28901,8.93239,0.229773,,9,-1.36109,0.173485,0.5,
ring_track_gain_head,flow,decorr,6,0.336474,0.37682,-0.0403455,-0.193848,0.113157,0.892931,-0.342569,-1.48242,0.797287,-0.316217,-0.593346,9.12331,0.567366,,16,-0.240192,0.810181,0.111111,
ring_track_gain_head,flow,conf25,6,0.336474,0.328279,0.00819467,-0.112655,0.129044,1.02496,0.0873195,-1.04481,1.21944,0.0806026,0.151242,9.92539,0.882815,,16,-0.240192,0.810181,0.111111,
ring_track_gain_head,flow,conf50,6,0.336474,0.353661,-0.0171873,-0.131439,0.0970641,0.951402,-0.194932,-1.3292,0.939338,-0.179937,-0.337631,9.49295,0.742988,,15,-0.40032,0.688921,0.166667,
ring_track_gain_head,flow,conf75,6,0.336474,0.30359,0.0328838,-0.0845081,0.150276,1.10832,0.361559,-0.779234,1.50235,0.333747,0.626239,9.75935,0.545526,,22,0.560449,0.575174,-0.222222,
ring_track_gain_head,self,shuffle,6,0.373396,0.323152,0.0502445,0.00998293,0.0905061,1.15548,1.66507,0.351962,2.97817,1.53699,2.88398,7.90237,0.0206513,0.0619538,33,2.32186,0.0202406,-0.833333,0.0144964
ring_track_gain_head,self,randmat,6,0.373396,0.399236,-0.0258395,-0.099417,0.047738,0.935278,-0.47047,-1.6176,0.676663,-0.43428,-0.814878,7.7254,0.439538,,11,-1.04083,0.297953,0.388889,0.428393
ring_track_gain_head,self,decorr,6,0.373396,0.37682,-0.00342333,-0.144552,0.137705,0.990915,-0.0346251,-1.1663,1.09705,-0.0319616,-0.0599724,5.75497,0.954206,0.954206,19,0.0800641,0.936186,-0.0555556,0.968008
ring_track_gain_head,self,conf25,6,0.373396,0.328279,0.0451168,-0.0495534,0.139787,1.13743,0.65728,-0.504458,1.81902,0.60672,1.13844,6.66625,0.294189,,28,1.52122,0.128205,-0.555556,0.285179
ring_track_gain_head,self,conf50,6,0.373396,0.353661,0.0197348,-0.0626225,0.102092,1.0558,0.325382,-0.813667,1.46443,0.300353,0.563579,7.19144,0.590174,,22,0.560449,0.575174,-0.222222,0.56061
ring_track_gain_head,self,conf75,6,0.373396,0.30359,0.069806,-0.0186696,0.158282,1.22993,1.08018,-0.131121,2.29147,0.997086,1.87092,6.9041,0.104122,,25,1.04083,0.297953,-0.388889,0.100975
ring_track_gain_head,shuffle,randmat,6,0.323152,0.399236,-0.076084,-0.147561,-0.00460727,0.809426,-1.50747,-2.78974,-0.225195,-1.39151,-2.61101,5.94018,0.0404394,,6,-1.84147,0.0655522,0.666667,
ring_track_gain_head,shuffle,decorr,6,0.323152,0.37682,-0.0536678,-0.194866,0.0875299,0.857577,-0.556334,-1.7096,0.596934,-0.513539,-0.963598,5.2428,0.377559,,12,-0.880705,0.378478,0.333333,
ring_track_gain_head,shuffle,conf25,6,0.323152,0.328279,-0.00512767,-0.0989972,0.0887419,0.98438,-0.0787239,-1.21075,1.0533,-0.0726682,-0.136354,5.54715,0.896354,,22,0.560449,0.575174,-0.222222,
ring_track_gain_head,shuffle,conf50,6,0.323152,0.353661,-0.0305097,-0.11145,0.0504307,0.913732,-0.538546,-1.69046,0.613369,-0.49712,-0.93279,5.73449,0.388516,,15,-0.40032,0.688921,0.166667,
ring_track_gain_head,shuffle,conf75,6,0.323152,0.30359,0.0195615,-0.0678417,0.106965,1.06443,0.321277,-0.817586,1.46014,0.296563,0.556467,5.63054,0.59929,,18,-0.0800641,0.936186,0,
ring_track_gain_head,randmat,decorr,6,0.399236,0.37682,0.0224162,-0.121829,0.166662,1.05949,0.209838,-0.924858,1.34453,0.193697,0.36345,7.40332,0.726427,,23,0.720577,0.47117,-0.277778,
ring_track_gain_head,randmat,conf25,6,0.399236,0.328279,0.0709563,-0.0325412,0.174454,1.21615,0.890546,-0.295804,2.0769,0.822042,1.54247,9.33445,0.156149,,27,1.36109,0.173485,-0.5,
ring_track_gain_head,randmat,conf50,6,0.399236,0.353661,0.0455743,-0.0484115,0.13956,1.12886,0.625106,-0.533786,1.784,0.577021,1.08272,9.84723,0.304734,,25,1.04083,0.297953,-0.388889,
ring_track_gain_head,randmat,conf75,6,0.399236,0.30359,0.0956455,-0.00296779,0.194259,1.31505,1.25447,0.0165768,2.49236,1.15797,2.1728,9.61716,0.0559604,,29,1.68135,0.0926958,-0.611111,
ring_track_gain_head,decorr,conf25,6,0.37682,0.328279,0.0485402,-0.10177,0.198851,1.14786,0.423984,-0.720244,1.56821,0.39137,0.734363,8.70145,0.482047,,22,0.560449,0.575174,-0.222222,
ring_track_gain_head,decorr,conf50,6,0.37682,0.353661,0.0231582,-0.123236,0.169552,1.06548,0.210756,-0.923966,1.34548,0.194544,0.365041,7.96843,0.72458,,17,-0.0800641,0.936186,0.0555556,
ring_track_gain_head,decorr,conf75,6,0.37682,0.30359,0.0732293,-0.0749813,0.22144,1.24121,0.653114,-0.508248,1.81448,0.602875,1.13123,8.34495,0.289419,,24,0.880705,0.378478,-0.333333,
ring_track_gain_head,conf25,conf50,6,0.328279,0.353661,-0.025382,-0.13341,0.0826463,0.928231,-0.303145,-1.44121,0.834922,-0.279826,-0.525062,9.78745,0.611226,,16,-0.240192,0.810181,0.111111,
ring_track_gain_head,conf25,conf75,6,0.328279,0.30359,0.0246892,-0.0868564,0.136235,1.08132,0.284928,-0.852385,1.42224,0.263011,0.49351,9.94942,0.632364,,20,0.240192,0.810181,-0.111111,
ring_track_gain_head,conf50,conf75,6,0.353661,0.30359,0.0500712,-0.053528,0.15367,1.16493,0.622244,-0.536401,1.78089,0.574379,1.07776,9.94125,0.306598,,26,1.20096,0.229766,-0.444444,
ring_lag_head_deg,rest,flow,6,0,-158.602,158.602,149.056,168.149,-0,24.6573,14.7278,34.5868,22.7606,42.7078,5,1.32807e-07,,36,2.99124,0.00277843,-1,
ring_lag_head_deg,rest,self,6,0,-147.898,147.898,135.889,159.907,-0,18.2778,10.8782,25.6773,16.8718,31.658,5,5.90547e-07,,36,2.99124,0.00277843,-1,0.00274931
ring_lag_head_deg,rest,shuffle,6,0,-152.173,152.173,137.653,166.693,-0,15.5541,9.22923,21.879,14.3576,26.9405,5,1.31791e-06,,36,2.99124,0.00277843,-1,
ring_lag_head_deg,rest,randmat,6,0,-146.57,146.57,129.751,163.389,-0,12.9336,7.63687,18.2303,11.9387,22.4016,5,3.29369e-06,,36,2.99124,0.00277843,-1,
ring_lag_head_deg,rest,decorr,6,0,-161.111,161.111,138.883,183.338,-0,10.7573,6.30731,15.2074,9.92985,18.6323,5,8.19719e-06,,36,2.99124,0.00277843,-1,
ring_lag_head_deg,rest,conf25,6,0,-155.517,155.517,132.691,178.342,-0,10.112,5.91115,14.3128,9.33414,17.5145,5,1.11242e-05,,36,2.99124,0.00277843,-1,
ring_lag_head_deg,rest,conf50,6,0,-157.836,157.836,129.079,186.592,-0,8.146,4.69611,11.5959,7.51938,14.1093,5,3.21873e-05,,36,2.99124,0.00277843,-1,
ring_lag_head_deg,rest,conf75,6,0,-161.946,161.946,137.227,186.665,-0,9.7233,5.672,13.7746,8.97535,16.8412,5,1.34948e-05,,36,2.99124,0.00277843,-1,
ring_lag_head_deg,flow,self,6,-158.602,-147.898,-10.7047,-24.0944,2.68504,1.07238,-1.03559,-2.24064,0.16946,-0.955928,-1.79369,9.51584,0.104637,0.313911,9,-1.36109,0.173485,0.5,0.103474
ring_lag_head_deg,flow,shuffle,6,-158.602,-152.173,-6.42983,-21.8189,8.95927,1.04225,-0.549158,-1.70187,0.603559,-0.506915,-0.951169,8.64208,0.36736,,13,-0.720577,0.47117,0.277778,
ring_lag_head_deg,flow,randmat,6,-158.602,-146.57,-12.0327,-29.4125,5.34714,1.0821,-0.923407,-2.11377,0.266958,-0.852375,-1.59939,7.9187,0.148789,,11,-1.04083,0.297953,0.388889,
ring_lag_head_deg,flow,decorr,6,-158.602,-161.111,2.508,-19.8891,24.9051,0.984433,0.153868,-0.979391,1.28713,0.142032,0.266508,6.78386,0.797766,,17,-0.0800641,0.936186,0.0555556,
ring_lag_head_deg,flow,conf25,6,-158.602,-155.517,-3.086,-26.0548,19.8828,1.01984,-0.185119,-1.31913,0.948888,-0.170879,-0.320636,6.6973,0.758258,,23,0.720577,0.47117,-0.277778,
ring_lag_head_deg,flow,conf50,6,-158.602,-157.836,-0.766833,-29.5068,27.9731,1.00486,-0.0375611,-1.16925,1.09412,-0.0346718,-0.0650577,6.08884,0.950212,,22,0.560449,0.575174,-0.222222,
ring_lag_head_deg,flow,conf75,6,-158.602,-161.946,3.34367,-21.4515,28.1388,0.979353,0.187274,-0.946789,1.32134,0.172869,0.324369,6.45901,0.755909,,18,-0.0800641,0.936186,0,
ring_lag_head_deg,self,shuffle,6,-147.898,-152.173,4.27483,-12.1359,20.6856,0.971908,0.336704,-0.802871,1.47628,0.310804,0.583189,9.66001,0.573128,0.573128,21,0.40032,0.688921,-0.166667,0.578105
ring_lag_head_deg,self,randmat,6,-147.898,-146.57,-1.328,-19.5004,16.8444,1.00906,-0.0953691,-1.2276,1.03686,-0.088033,-0.165184,9.0465,0.872431,,16,-0.240192,0.810181,0.111111,0.850287
ring_lag_head_deg,self,decorr,6,-147.898,-161.111,13.2127,-9.61127,36.0366,0.91799,0.776169,-0.39725,1.94959,0.716464,1.34436,7.68984,0.217137,0.434275,24,0.880705,0.378478,-0.333333,0.231942
ring_lag_head_deg,self,conf25,6,-147.898,-155.517,7.61867,-15.7483,30.9856,0.951011,0.438404,-0.706694,1.5835,0.40468,0.759337,7.57117,0.470628,,27,1.36109,0.173485,-0.5,0.499875
ring_lag_head_deg,self,conf50,6,-147.898,-157.836,9.93783,-18.9976,38.8732,0.937037,0.473284,-0.674034,1.6206,0.436878,0.819752,6.69256,0.44057,,23,0.720577,0.47117,-0.277778,0.423144
ring_lag_head_deg,self,conf75,6,-147.898,-161.946,14.0483,-11.0654,39.1621,0.913253,0.758671,-0.412915,1.93026,0.700312,1.31406,7.23573,0.228952,,27,1.36109,0.173485,-0.5,0.232942
ring_lag_head_deg,shuffle,randmat,6,-152.173,-146.57,-5.60283,-24.918,13.7123,1.03823,-0.374237,-1.51568,0.767211,-0.345449,-0.648197,9.79147,0.531763,,12,-0.880705,0.378478,0.333333,
ring_lag_head_deg,shuffle,decorr,6,-152.173,-161.111,8.93783,-14.5887,32.4644,0.944524,0.499624,-0.64948,1.64873,0.461192,0.865375,8.60989,0.410297,,22,0.560449,0.575174,-0.222222,
ring_lag_head_deg,shuffle,conf25,6,-152.173,-155.517,3.34383,-20.688,27.3757,0.978499,0.18345,-0.950514,1.31741,0.169338,0.317744,8.47728,0.758365,,22,0.560449,0.575174,-0.222222,
ring_lag_head_deg,shuffle,conf50,6,-152.173,-157.836,5.663,-23.653,34.979,0.964121,0.260899,-0.875491,1.39729,0.240829,0.45189,7.39393,0.664308,,22,0.560449,0.575174,-0.222222,
ring_lag_head_deg,shuffle,conf75,6,-152.173,-161.946,9.7735,-15.8977,35.4447,0.93965,0.505971,-0.643578,1.65552,0.46705,0.876367,8.08332,0.40612,,23,0.720577,0.47117,-0.277778,
ring_lag_head_deg,randmat,decorr,6,-146.57,-161.111,14.5407,-9.86384,38.9452,0.909747,0.774217,-0.398996,1.94743,0.714662,1.34098,9.31199,0.211716,,26,1.20096,0.229766,-0.444444,
ring_lag_head_deg,randmat,conf25,6,-146.57,-155.517,8.94667,-15.9241,33.8175,0.942471,0.46832,-0.678672,1.61531,0.432296,0.811155,9.1934,0.437772,,25,1.04083,0.297953,-0.388889,
ring_lag_head_deg,randmat,conf50,6,-146.57,-157.836,11.2658,-18.5787,41.1104,0.928623,0.501895,-0.647368,1.65116,0.463288,0.869307,8.06246,0.409811,,23,0.720577,0.47117,-0.277778,
ring_lag_head_deg,randmat,conf75,6,-146.57,-161.946,15.3763,-11.0201,41.7728,0.905053,0.763274,-0.408791,1.93534,0.70456,1.32203,8.81244,0.219444,,24,0.880705,0.378478,-0.333333,
ring_lag_head_deg,decorr,conf25,6,-161.111,-155.517,-5.594,-33.2121,22.0241,1.03597,-0.260586,-1.39696,0.875792,-0.240541,-0.451349,9.99297,0.661375,,22,0.560449,0.575174,-0.222222,
ring_lag_head_deg,decorr,conf50,6,-161.111,-157.836,-3.27483,-35.0516,28.5019,1.02075,-0.133725,-1.26657,0.999125,-0.123438,-0.231618,9.40297,0.821797,,19,0.0800641,0.936186,-0.0555556,
ring_lag_head_deg,decorr,conf75,6,-161.111,-161.946,0.835667,-28.0224,29.6938,0.99484,0.0373084,-1.09438,1.16899,0.0344386,0.0646201,9.88922,0.949764,,21,0.40032,0.688921,-0.166667,
ring_lag_head_deg,conf25,conf50,6,-155.517,-157.836,2.31917,-29.7274,34.3657,0.985306,0.0937505,-1.03846,1.22596,0.086539,0.162381,9.51007,0.874404,,23,0.720577,0.47117,-0.277778,
ring_lag_head_deg,conf25,conf75,6,-155.517,-161.946,6.42967,-22.7585,35.6178,0.960298,0.283619,-0.853641,1.42088,0.261802,0.491243,9.93713,0.633923,,15,-0.40032,0.688921,0.166667,
ring_lag_head_deg,conf50,conf75,6,-157.836,-161.946,4.1105,-28.8588,37.0798,0.974618,0.160877,-0.972537,1.29429,0.148502,0.278648,9.77953,0.786318,,16,-0.240192,0.810181,0.111111,
cx_yaw_modulation_hz,rest,flow,6,0,2.64579,-2.64579,-2.7909,-2.50067,0,-27.0588,-37.9434,-16.1742,-24.9774,-46.8672,5,8.35298e-08,,0,-2.99124,0.00277843,1,
cx_yaw_modulation_hz,rest,self,6,0,2.62775,-2.62775,-2.70207,-2.55343,0,-52.4756,-73.5002,-31.4509,-48.439,-90.8903,5,3.05599e-09,,0,-2.99124,0.00277843,1,0.00274931
cx_yaw_modulation_hz,rest,shuffle,6,0,2.64741,-2.64741,-2.78886,-2.50596,0,-27.7769,-38.9472,-16.6065,-25.6402,-48.1109,5,7.32954e-08,,0,-2.99124,0.00277843,1,
cx_yaw_modulation_hz,rest,randmat,6,0,2.64526,-2.64526,-2.78345,-2.50707,0,-28.4094,-39.8315,-16.9873,-26.224,-49.2065,5,6.55046e-08,,0,-2.99124,0.00277843,1,
cx_yaw_modulation_hz,rest,decorr,6,0,2.35284,-2.35284,-2.49307,-2.21261,0,-24.9009,-34.9272,-14.8746,-22.9854,-43.1296,5,1.26453e-07,,0,-2.99124,0.00277843,1,
cx_yaw_modulation_hz,rest,conf25,6,0,2.57258,-2.57258,-2.67298,-2.47217,0,-38.028,-53.2841,-22.7719,-35.1028,-65.8664,5,1.52725e-08,,0,-2.99124,0.00277843,1,
cx_yaw_modulation_hz,rest,conf50,6,0,2.45305,-2.45305,-2.568,-2.33811,0,-31.6729,-44.3948,-18.9509,-29.2365,-54.859,5,3.80644e-08,,0,-2.99124,0.00277843,1,
cx_yaw_modulation_hz,rest,conf75,6,0,2.562,-2.562,-2.68301,-2.441,0,-31.423,-44.0454,-18.8006,-29.0058,-54.4262,5,3.95999e-08,,0,-2.99124,0.00277843,1,
cx_yaw_modulation_hz,flow,self,6,2.64579,2.62775,0.018035,-0.13011,0.16618,1.00686,0.164169,-0.969321,1.29766,0.151541,0.28435,7.45397,0.78388,1,16,-0.240192,0.810181,0.111111,0.787803
cx_yaw_modulation_hz,flow,shuffle,6,2.64579,2.64741,-0.00162333,-0.177294,0.174047,0.999387,-0.0118886,-1.14348,1.11971,-0.0109741,-0.0205916,9.99347,0.983977,,17,-0.0800641,0.936186,0.0555556,
cx_yaw_modulation_hz,flow,randmat,6,2.64579,2.64526,0.000523333,-0.173226,0.174273,1.0002,0.00387594,-1.12771,1.13546,0.00357779,0.00671333,9.97618,0.994776,,17,-0.0800641,0.936186,0.0555556,
cx_yaw_modulation_hz,flow,decorr,6,2.64579,2.35284,0.292945,0.117999,0.467891,1.12451,2.15443,0.731958,3.5769,1.9887,3.73158,9.9883,0.00390811,,36,2.80224,0.00507487,-1,
cx_yaw_modulation_hz,flow,conf25,6,2.64579,2.57258,0.0732117,-0.08236,0.228783,1.02846,0.615742,-0.542348,1.77383,0.568377,1.0665,8.8944,0.314292,,23,0.720577,0.47117,-0.277778,
cx_yaw_modulation_hz,flow,conf50,6,2.64579,2.45305,0.192732,0.031121,0.354342,1.07857,1.54511,0.255687,2.83453,1.42625,2.67621,9.50192,0.0242363,,32,2.16173,0.030639,-0.777778,
cx_yaw_modulation_hz,flow,conf75,6,2.64579,2.562,0.0837833,-0.0807129,0.24828,1.0327,0.658094,-0.503717,1.81991,0.607472,1.13985,9.68707,0.281747,,25,1.04083,0.297953,-0.388889,
cx_yaw_modulation_hz,self,shuffle,6,2.62775,2.64741,-0.0196583,-0.164447,0.12513,0.992575,-0.182589,-1.31653,0.951352,-0.168544,-0.316254,7.56499,0.760358,1,17,-0.0800641,0.936186,0.0555556,0.752062
cx_yaw_modulation_hz,self,randmat,6,2.62775,2.64526,-0.0175117,-0.159334,0.12431,0.99338,-0.165636,-1.29916,0.967888,-0.152895,-0.28689,7.66901,0.781794,,11,-1.04083,0.297953,0.388889,0.785554
cx_yaw_modulation_hz,self,decorr,6,2.62775,2.35284,0.27491,0.131233,0.418587,1.11684,2.57075,1.04161,4.0999,2.373,4.45268,7.60329,0.00241666,0.00724998,36,2.80224,0.00507487,-1,0.00274931
cx_yaw_modulation_hz,self,conf25,6,2.62775,2.57258,0.0551767,-0.0543617,0.164715,1.02145,0.655564,-0.506019,1.81715,0.605136,1.13547,9.21411,0.28485,,26,1.20096,0.229766,-0.444444,0.283929
cx_yaw_modulation_hz,self,conf50,6,2.62775,2.45305,0.174697,0.0532875,0.296106,1.07122,1.89418,0.532279,3.25608,1.74847,3.28081,8.5585,0.0101866,,31,2.0016,0.0453276,-0.722222,0.0154961
cx_yaw_modulation_hz,self,conf75,6,2.62775,2.562,0.0657483,-0.0608381,0.192335,1.02566,0.68715,-0.477351,1.85165,0.634292,1.19018,8.30227,0.266894,,23,0.720577,0.47117,-0.277778,0.251437
cx_yaw_modulation_hz,shuffle,randmat,6,2.64741,2.64526,0.00214667,-0.169273,0.173566,1.00081,0.0161108,-1.11549,1.14771,0.0148715,0.0279048,9.99456,0.978287,,17,-0.0800641,0.936186,0.0555556,
cx_yaw_modulation_hz,shuffle,decorr,6,2.64741,2.35284,0.294568,0.121918,0.467219,1.1252,2.19485,0.762524,3.62718,2.02601,3.80159,9.99925,0.0034772,,35,2.64211,0.00823902,-0.944444,
cx_yaw_modulation_hz,shuffle,conf25,6,2.64741,2.57258,0.074835,-0.0777674,0.227437,1.02909,0.640284,-0.519934,1.8005,0.591031,1.109,9.01811,0.296126,,23,0.720577,0.47117,-0.277778,
cx_yaw_modulation_hz,shuffle,conf50,6,2.64741,2.45305,0.194355,0.0354686,0.353241,1.07923,1.58256,0.285887,2.87923,1.46082,2.74107,9.59829,0.0215454,,32,2.16173,0.030639,-0.777778,
cx_yaw_modulation_hz,shuffle,conf75,6,2.64741,2.562,0.0854067,-0.076469,0.247282,1.03334,0.680935,-0.482982,1.84485,0.628555,1.17941,9.76576,0.266168,,25,1.04083,0.297953,-0.388889,
cx_yaw_modulation_hz,randmat,decorr,6,2.64526,2.35284,0.292422,0.121764,0.463079,1.12428,2.20434,0.769683,3.639,2.03478,3.81803,9.99785,0.00338577,,33,2.32186,0.0202406,-0.833333,
cx_yaw_modulation_hz,randmat,conf25,6,2.64526,2.57258,0.0726883,-0.077308,0.222685,1.02826,0.631563,-0.52789,1.79102,0.582981,1.0939,9.12828,0.302024,,27,1.36109,0.173485,-0.5,
cx_yaw_modulation_hz,randmat,conf50,6,2.64526,2.45305,0.192208,0.0357032,0.348713,1.07835,1.58702,0.289473,2.88456,1.46494,2.74879,9.67896,0.0211114,,31,2.0016,0.0453276,-0.722222,
cx_yaw_modulation_hz,randmat,conf75,6,2.64526,2.562,0.08326,-0.0763289,0.242849,1.0325,0.672733,-0.49042,1.83589,0.620984,1.16521,9.82868,0.271435,,26,1.20096,0.229766,-0.444444,
cx_yaw_modulation_hz,decorr,conf25,6,2.35284,2.57258,-0.219733,-0.371357,-0.0681093,0.914586,-1.89085,-3.25201,-0.52969,-1.7454,-3.27505,9.05933,0.00952096,,2,-2.48199,0.0130652,0.888889,
cx_yaw_modulation_hz,decorr,conf50,6,2.35284,2.45305,-0.100213,-0.258205,0.057778,0.959148,-0.82025,-1.99846,0.357959,-0.757154,-1.42072,9.62908,0.186962,,13,-0.720577,0.47117,0.277778,
cx_yaw_modulation_hz,decorr,conf75,6,2.35284,2.562,-0.209162,-0.370177,-0.048146,0.91836,-1.67594,-2.99126,-0.360624,-1.54702,-2.90282,9.79014,0.016091,,3,-2.32186,0.0202406,0.833333,
cx_yaw_modulation_hz,conf25,conf50,6,2.57258,2.45305,0.11952,-0.0130928,0.252133,1.04872,1.16226,-0.0611411,2.38566,1.07285,2.01309,9.82239,0.0723159,,29,1.68135,0.0926958,-0.611111,
cx_yaw_modulation_hz,conf25,conf75,6,2.57258,2.562,0.0105717,-0.126348,0.147491,1.00413,0.0997858,-1.0325,1.23208,0.09211,0.172834,9.67071,0.866345,,19,0.0800641,0.936186,-0.0555556,
cx_yaw_modulation_hz,conf50,conf75,6,2.45305,2.562,-0.108948,-0.253664,0.0357669,0.957475,-0.96882,-2.16495,0.227308,-0.894295,-1.67805,9.97372,0.124347,,5,-2.0016,0.0453276,0.722222,
cx_tuning_wire_corr,rest,flow,6,0,0.327313,-0.327313,-0.335428,-0.319198,0,-59.8625,-83.8388,-35.8863,-55.2577,-103.685,5,1.58231e-09,,0,-2.99124,0.00277843,1,
cx_tuning_wire_corr,rest,self,6,0,0.322827,-0.322827,-0.337753,-0.307901,0,-32.1001,-44.9923,-19.2078,-29.6308,-55.5989,5,3.56014e-08,,0,-2.99124,0.00277843,1,0.00274931
cx_tuning_wire_corr,rest,shuffle,6,0,0.31976,-0.31976,-0.327419,-0.312101,0,-61.9619,-86.7773,-37.1466,-57.1956,-107.321,5,1.3319e-09,,0,-2.99124,0.00277843,1,
cx_tuning_wire_corr,rest,randmat,6,0,0.322423,-0.322423,-0.33518,-0.309665,0,-37.5082,-52.557,-22.4595,-34.623,-64.9662,5,1.63593e-08,,0,-2.99124,0.00277843,1,
cx_tuning_wire_corr,rest,decorr,6,0,0.253269,-0.253269,-0.269341,-0.237198,0,-23.3881,-32.8133,-13.9629,-21.589,-40.5093,5,1.72861e-07,,0,-2.99124,0.00277843,1,
cx_tuning_wire_corr,rest,conf25,6,0,0.316491,-0.316491,-0.327085,-0.305896,0,-44.3358,-62.1095,-26.562,-40.9253,-76.7918,5,7.0948e-09,,0,-2.99124,0.00277843,1,
cx_tuning_wire_corr,rest,conf50,6,0,0.313814,-0.313814,-0.323522,-0.304106,0,-47.9736,-67.2,-28.7472,-44.2833,-83.0927,5,4.78426e-09,,0,-2.99124,0.00277843,1,
cx_tuning_wire_corr,rest,conf75,6,0,0.276643,-0.276643,-0.284502,-0.268785,0,-52.2431,-73.175,-31.3113,-48.2244,-90.4878,5,3.12454e-09,,0,-2.99124,0.00277843,1,
cx_tuning_wire_corr,flow,self,6,0.327313,0.322827,0.004486,-0.0108518,0.0198238,1.0139,0.391888,-0.750508,1.53428,0.361742,0.678769,7.71838,0.517115,1,23,0.720577,0.47117,-0.277778,0.524119
cx_tuning_wire_corr,flow,shuffle,6,0.327313,0.31976,0.007553,-0.00212331,0.0172293,1.02362,1.00459,-0.196253,2.20543,0.927312,1.74,9.96676,0.112586,,27,1.36109,0.173485,-0.5,
cx_tuning_wire_corr,flow,randmat,6,0.327313,0.322423,0.00489067,-0.00854123,0.0183226,1.01517,0.480058,-0.667711,1.62783,0.443131,0.831485,8.4768,0.428499,,24,0.880705,0.378478,-0.333333,
cx_tuning_wire_corr,flow,decorr,6,0.327313,0.253269,0.0740438,0.0576594,0.0904282,1.29235,6.10364,3.41227,8.79501,5.63413,10.5718,7.39383,1.00151e-05,,36,2.80224,0.00507487,-1,
cx_tuning_wire_corr,flow,conf25,6,0.327313,0.316491,0.0108223,-0.000852286,0.022497,1.03419,1.20356,-0.0262105,2.43334,1.11098,2.08463,9.36456,0.0655685,,29,1.68135,0.0926958,-0.611111,
cx_tuning_wire_corr,flow,conf50,6,0.327313,0.313814,0.0134992,0.00248472,0.0245136,1.04302,1.58337,0.286537,2.8802,1.46157,2.74247,9.69494,0.0213077,,32,2.16173,0.030639,-0.777778,
cx_tuning_wire_corr,flow,conf75,6,0.327313,0.276643,0.0506697,0.0408766,0.0604627,1.18316,6.6569,3.7632,9.55059,6.14483,11.5301,9.98975,4.28942e-07,,36,2.80224,0.00507487,-1,
cx_tuning_wire_corr,self,shuffle,6,0.322827,0.31976,0.003067,-0.0121732,0.0183072,1.00959,0.271328,-0.865453,1.40811,0.250456,0.469954,7.46239,0.651814,1,17,-0.0800641,0.936186,0.0555556,0.665834
cx_tuning_wire_corr,self,randmat,6,0.322827,0.322423,0.000404667,-0.0166707,0.0174801,1.00126,0.030587,-1.10106,1.16224,0.0282342,0.0529783,9.76337,0.958818,,20,0.240192,0.810181,-0.111111,0.968008
cx_tuning_wire_corr,self,decorr,6,0.322827,0.253269,0.0695578,0.0505323,0.0885834,1.27464,4.70665,2.50978,6.90351,4.3446,8.15215,9.94578,1.03238e-05,3.09713e-05,36,2.80224,0.00507487,-1,0.00274931
cx_tuning_wire_corr,self,conf25,6,0.322827,0.316491,0.00633633,-0.0097661,0.0224388,1.02002,0.513777,-0.636326,1.66388,0.474255,0.889887,9.01829,0.396644,,25,1.04083,0.297953,-0.388889,0.403899
cx_tuning_wire_corr,self,conf50,6,0.322827,0.313814,0.00901317,-0.00677098,0.0247973,1.02872,0.751277,-0.419546,1.9221,0.693487,1.30125,8.58841,0.226995,,26,1.20096,0.229766,-0.444444,0.218445
cx_tuning_wire_corr,self,conf75,6,0.322827,0.276643,0.0461837,0.0309023,0.061465,1.16694,4.06339,2.08266,6.04411,3.75082,7.03799,7.57451,0.000141067,,36,2.80224,0.00507487,-1,0.00274931
cx_tuning_wire_corr,shuffle,randmat,6,0.31976,0.322423,-0.00266233,-0.0159572,0.0106326,0.991743,-0.265539,-1.4021,0.871023,-0.245113,-0.459927,8.18979,0.657533,,15,-0.40032,0.688921,0.166667,
cx_tuning_wire_corr,shuffle,decorr,6,0.31976,0.253269,0.0664908,0.0501877,0.0827939,1.26253,5.54285,3.05326,8.03244,5.11648,9.6005,7.15964,2.41645e-05,,36,2.80224,0.00507487,-1,
cx_tuning_wire_corr,shuffle,conf25,6,0.31976,0.316491,0.00326933,-0.00821489,0.0147536,1.01033,0.371156,-0.770131,1.51244,0.342606,0.642862,9.10499,0.536165,,21,0.40032,0.688921,-0.166667,
cx_tuning_wire_corr,shuffle,conf50,6,0.31976,0.313814,0.00594617,-0.00485143,0.0167438,1.01895,0.713658,-0.453392,1.88071,0.658761,1.23609,9.4861,0.246156,,26,1.20096,0.229766,-0.444444,
cx_tuning_wire_corr,shuffle,conf75,6,0.31976,0.276643,0.0431167,0.033604,0.0526294,1.15586,5.83127,3.23836,8.42417,5.38271,10.1,9.99337,1.45851e-06,,36,2.80224,0.00507487,-1,
cx_tuning_wire_corr,randmat,decorr,6,0.322423,0.253269,0.0691532,0.0512422,0.0870641,1.27304,5.00166,2.70282,7.30051,4.61692,8.66314,9.51035,8.13128e-06,,36,2.80224,0.00507487,-1,
cx_tuning_wire_corr,randmat,conf25,6,0.322423,0.316491,0.00593167,-0.0085083,0.0203716,1.01874,0.530863,-0.620482,1.68221,0.490027,0.919481,9.67359,0.380201,,23,0.720577,0.47117,-0.277778,
cx_tuning_wire_corr,randmat,conf50,6,0.322423,0.313814,0.0086085,-0.00542229,0.0226393,1.02743,0.796941,-0.378705,1.97259,0.735638,1.38034,9.33661,0.19963,,25,1.04083,0.297953,-0.388889,
cx_tuning_wire_corr,randmat,conf75,6,0.322423,0.276643,0.045779,0.0324259,0.0591321,1.16548,4.5343,2.39624,6.67237,4.18551,7.85364,8.3171,4.01575e-05,,36,2.80224,0.00507487,-1,
cx_tuning_wire_corr,decorr,conf25,6,0.253269,0.316491,-0.0632215,-0.0802647,-0.0461783,0.800242,-4.87438,-7.12903,-2.61973,-4.49943,-8.44267,8.65525,1.83112e-05,,0,-2.80224,0.00507487,1,
cx_tuning_wire_corr,decorr,conf50,6,0.253269,0.313814,-0.0605447,-0.0773101,-0.0437792,0.807068,-4.78563,-7.00964,-2.56161,-4.4175,-8.28895,8.22016,2.87868e-05,,0,-2.80224,0.00507487,1,
cx_tuning_wire_corr,decorr,conf75,6,0.253269,0.276643,-0.0233742,-0.0397114,-0.00703689,0.915508,-1.93906,-3.31104,-0.567092,-1.78991,-3.35856,7.26183,0.0114677,,2,-2.48199,0.0130652,0.888889,
cx_tuning_wire_corr,conf25,conf50,6,0.316491,0.313814,0.00267683,-0.00979153,0.0151452,1.00853,0.276465,-0.860513,1.41344,0.255199,0.478852,9.92465,0.642419,,19,0.0800641,0.936186,-0.0555556,
cx_tuning_wire_corr,conf25,conf75,6,0.316491,0.276643,0.0398473,0.0282817,0.0514129,1.14404,4.48322,2.36247,6.60397,4.13836,7.76516,9.22372,2.43951e-05,,36,2.80224,0.00507487,-1,
cx_tuning_wire_corr,conf50,conf75,6,0.313814,0.276643,0.0371705,0.02628,0.048061,1.13436,4.41662,2.31835,6.51488,4.07688,7.6498,9.58439,2.2169e-05,,36,2.80224,0.00507487,-1,
ring_tuning_wire_corr,rest,flow,6,0,-0.0244842,0.0244842,-0.0185618,0.0675303,-0,0.844159,-0.33675,2.02507,0.779224,1.46213,5,0.20356,,24,0.940105,0.347164,-0.333333,
ring_tuning_wire_corr,rest,self,6,0,-0.0232167,0.0232167,-0.0232613,0.0696946,-0,0.74135,-0.42846,1.91116,0.684323,1.28406,5,0.255401,,24,0.940105,0.347164,-0.333333,0.285429
ring_tuning_wire_corr,rest,shuffle,6,0,-0.0166529,0.0166529,-0.0227696,0.0560753,-0,0.626926,-0.532123,1.78598,0.578701,1.08587,5,0.327093,,18,-0.0854641,0.931892,0,
ring_tuning_wire_corr,rest,randmat,6,0,-0.0159706,0.0159706,-0.00943524,0.0413763,-0,0.932949,-0.258605,2.1245,0.861184,1.61592,5,0.167035,,30,1.96567,0.0493362,-0.666667,
ring_tuning_wire_corr,rest,decorr,6,0,-0.116414,0.116414,0.0279814,0.204846,-0,1.95373,0.578428,3.32903,1.80344,3.38395,5,0.0195897,,36,2.99124,0.00277843,-1,
ring_tuning_wire_corr,rest,conf25,6,0,-0.0943797,0.0943797,-0.0142161,0.202975,-0,1.28984,0.0461458,2.53354,1.19062,2.23407,5,0.0757767,,24,0.940105,0.347164,-0.333333,
ring_tuning_wire_corr,rest,conf50,6,0,-0.0936674,0.0936674,0.0359707,0.151364,-0,2.4094,0.922902,3.89589,2.22406,4.1732,5,0.00871203,,36,2.99124,0.00277843,-1,
ring_tuning_wire_corr,rest,conf75,6,0,-0.0842258,0.0842258,0.0306484,0.137803,-0,2.33311,0.866219,3.79999,2.15364,4.04106,5,0.00991236,,36,2.99124,0.00277843,-1,
ring_tuning_wire_corr,flow,self,6,-0.0244842,-0.0232167,-0.00126758,-0.0562216,0.0536864,1.0546,-0.0296964,-1.16134,1.10195,-0.0274121,-0.0514357,9.94173,0.959997,1,18,-0.0800641,0.936186,0,0.949013
ring_tuning_wire_corr,flow,shuffle,6,-0.0244842,-0.0166529,-0.00783136,-0.0584786,0.0428159,1.47027,-0.199121,-1.33351,0.935266,-0.183804,-0.344887,9.92366,0.737377,,17,-0.0800641,0.936186,0.0555556,
ring_tuning_wire_corr,flow,randmat,6,-0.0244842,-0.0159706,-0.00851369,-0.0532509,0.0362236,1.53309,-0.252788,-1.38888,0.883308,-0.233343,-0.437842,8.10644,0.672933,,18,-0.0800641,0.936186,0,
ring_tuning_wire_corr,flow,decorr,6,-0.0244842,-0.116414,0.0919294,0.00206978,0.181789,0.210321,1.3872,0.126846,2.64756,1.28049,2.4027,7.24348,0.0461187,,31,2.0016,0.0453276,-0.722222,
ring_tuning_wire_corr,flow,conf25,6,-0.0244842,-0.0943797,0.0698954,-0.0391368,0.178928,0.259423,0.888008,-0.298038,2.07405,0.819699,1.53807,6.53338,0.170942,,25,1.04083,0.297953,-0.388889,
ring_tuning_wire_corr,flow,conf50,6,-0.0244842,-0.0936674,0.0691832,0.00609457,0.132272,0.261396,1.42636,0.159025,2.69369,1.31664,2.47052,9.2496,0.0348705,,31,2.0016,0.0453276,-0.722222,
ring_tuning_wire_corr,flow,conf75,6,-0.0244842,-0.0842258,0.0597416,-0.000207364,0.119691,0.290698,1.29008,0.0463428,2.53381,1.19084,2.23448,9.55649,0.0506516,,30,1.84147,0.0655522,-0.666667,
ring_tuning_wire_corr,self,shuffle,6,-0.0232167,-0.0166529,-0.00656378,-0.0595815,0.0464539,1.39415,-0.15984,-1.29323,0.973552,-0.147544,-0.27685,9.74066,0.787681,1,17,-0.0800641,0.936186,0.0555556,0.777806
ring_tuning_wire_corr,self,randmat,6,-0.0232167,-0.0159706,-0.00724611,-0.0550386,0.0405464,1.45372,-0.203029,-1.33753,0.931468,-0.187412,-0.351657,7.74304,0.734473,,16,-0.240192,0.810181,0.111111,0.712572
ring_tuning_wire_corr,self,decorr,6,-0.0232167,-0.116414,0.093197,0.00267546,0.183719,0.199432,1.38451,0.124631,2.6444,1.27801,2.39805,7.56648,0.0450213,0.135064,29,1.68135,0.0926958,-0.611111,0.0447388
ring_tuning_wire_corr,self,conf25,6,-0.0232167,-0.0943797,0.071163,-0.0382417,0.180568,0.245992,0.894103,-0.292675,2.08088,0.825326,1.54863,6.77229,0.166827,,25,1.04083,0.297953,-0.388889,0.157961
ring_tuning_wire_corr,self,conf50,6,-0.0232167,-0.0936674,0.0704508,0.00583523,0.135066,0.247863,1.41126,0.146633,2.67588,1.3027,2.44437,9.56634,0.035608,,31,2.0016,0.0453276,-0.722222,0.0392402
ring_tuning_wire_corr,self,conf75,6,-0.0232167,-0.0842258,0.0610092,-0.000636351,0.122655,0.275648,1.27659,0.0350819,2.51809,1.17839,2.21111,9.80453,0.0519792,,30,1.84147,0.0655522,-0.666667,0.0629843
ring_tuning_wire_corr,shuffle,randmat,6,-0.0166529,-0.0159706,-0.000682333,-0.0422946,0.0409299,1.04272,-0.0215922,-1.15321,1.11003,-0.0199312,-0.0373988,8.54217,0.971026,,20,0.240192,0.810181,-0.111111,
ring_tuning_wire_corr,shuffle,decorr,6,-0.0166529,-0.116414,0.0997608,0.0104658,0.189056,0.143049,1.52918,0.242802,2.81556,1.41155,2.64862,6.91181,0.033391,,32,2.16173,0.030639,-0.777778,
ring_tuning_wire_corr,shuffle,conf25,6,-0.0166529,-0.0943797,0.0777268,-0.0310065,0.18646,0.176446,0.998497,-0.201531,2.19852,0.921689,1.72945,6.29534,0.132131,,24,0.880705,0.378478,-0.333333,
ring_tuning_wire_corr,shuffle,conf50,6,-0.0166529,-0.0936674,0.0770145,0.0153425,0.138687,0.177787,1.63568,0.3285,2.94286,1.50986,2.83308,8.83313,0.0199832,,32,2.16173,0.030639,-0.777778,
ring_tuning_wire_corr,shuffle,conf75,6,-0.0166529,-0.0842258,0.0675729,0.00921675,0.125929,0.197717,1.50766,0.225353,2.78997,1.39169,2.61134,9.18683,0.0277512,,31,2.0016,0.0453276,-0.722222,
ring_tuning_wire_corr,randmat,decorr,6,-0.0159706,-0.116414,0.100443,0.0121986,0.188688,0.137188,1.62016,0.31608,2.92425,1.49554,2.80621,5.81978,0.0319401,,33,2.32186,0.0202406,-0.833333,
ring_tuning_wire_corr,randmat,conf25,6,-0.0159706,-0.0943797,0.0784091,-0.0298976,0.186716,0.169216,1.04341,-0.162722,2.24953,0.963144,1.80723,5.54568,0.124764,,26,1.20096,0.229766,-0.444444,
ring_tuning_wire_corr,randmat,conf50,6,-0.0159706,-0.0936674,0.0776969,0.0194799,0.135914,0.170503,1.82911,0.481525,3.1767,1.68841,3.16812,6.86868,0.0161493,,33,2.32186,0.0202406,-0.833333,
ring_tuning_wire_corr,randmat,conf75,6,-0.0159706,-0.0842258,0.0682553,0.0139269,0.122584,0.189616,1.70838,0.386395,3.03036,1.57696,2.95899,7.14033,0.0206593,,32,2.16173,0.030639,-0.777778,
ring_tuning_wire_corr,decorr,conf25,6,-0.116414,-0.0943797,-0.022034,-0.144103,0.100035,1.23346,-0.233501,-1.36894,0.901935,-0.215539,-0.404435,9.60588,0.694751,,16,-0.240192,0.810181,0.111111,
ring_tuning_wire_corr,decorr,conf50,6,-0.116414,-0.0936674,-0.0227462,-0.116323,0.070831,1.24284,-0.319712,-1.4585,0.81908,-0.295119,-0.553757,8.60376,0.593841,,16,-0.240192,0.810181,0.111111,
ring_tuning_wire_corr,decorr,conf75,6,-0.116414,-0.0842258,-0.0321878,-0.124484,0.0601081,1.38216,-0.462016,-1.6086,0.684567,-0.426476,-0.800236,8.23479,0.446044,,15,-0.40032,0.688921,0.166667,
ring_tuning_wire_corr,conf25,conf50,6,-0.0943797,-0.0936674,-0.00071225,-0.112007,0.110582,1.0076,-0.00859606,-1.14019,1.12299,-0.00793482,-0.0148888,7.61445,0.988504,,20,0.240192,0.810181,-0.111111,
ring_tuning_wire_corr,conf25,conf75,6,-0.0943797,-0.0842258,-0.0101538,-0.12063,0.100322,1.12055,-0.124446,-1.25713,1.00823,-0.114873,-0.215547,7.29794,0.835242,,18,-0.0800641,0.936186,0,
ring_tuning_wire_corr,conf50,conf75,6,-0.0936674,-0.0842258,-0.00944159,-0.0777398,0.0588566,1.1121,-0.177967,-1.31179,0.955856,-0.164277,-0.308248,9.94563,0.764253,,16,-0.240192,0.810181,0.111111,
ring_ang_diffusion_deg,rest,flow,6,25.295,34.855,-9.55993,-18.918,-0.201836,0.725722,-1.40369,-2.66696,-0.140415,-1.29571,-2.43126,6.78458,0.0464201,,6,-1.84147,0.0655522,0.666667,
ring_ang_diffusion_deg,rest,self,6,25.295,48.6392,-23.3442,-53.7038,7.01546,0.520054,-1.08963,-2.30228,0.123021,-1.00581,-1.8873,5.92467,0.108676,,5,-2.0016,0.0453276,0.722222,0.0242439
ring_ang_diffusion_deg,rest,shuffle,6,25.295,34.7321,-9.43703,-18.7692,-0.1049,0.72829,-1.39791,-2.66016,-0.135665,-1.29038,-2.42126,6.59549,0.0481153,,5,-2.0016,0.0453276,0.722222,
ring_ang_diffusion_deg,rest,randmat,6,25.295,34.4806,-9.18557,-18.5154,0.144274,0.733602,-1.36181,-2.61773,-0.105899,-1.25706,-2.35873,6.57733,0.0527159,,6,-1.84147,0.0655522,0.666667,
ring_ang_diffusion_deg,rest,decorr,6,25.295,45.9363,-20.6413,-50.9858,9.70315,0.550654,-0.963916,-2.15941,0.231578,-0.889768,-1.66955,5.92559,0.146669,,6,-1.84147,0.0655522,0.666667,
ring_ang_diffusion_deg,rest,conf25,6,25.295,37.2289,-11.9339,-21.3551,-2.51271,0.679446,-1.72147,-3.04617,-0.396777,-1.58905,-2.98168,7.16113,0.0199303,,3,-2.32186,0.0202406,0.833333,
ring_ang_diffusion_deg,rest,conf50,6,25.295,29.5503,-4.25532,-13.6371,5.12642,0.855998,-0.620376,-1.77886,0.538109,-0.572655,-1.07452,6.93661,0.318538,,10,-1.20096,0.229766,0.444444,
ring_ang_diffusion_deg,rest,conf75,6,25.295,35.3072,-10.0122,-20.6416,0.617209,0.716427,-1.21565,-2.44733,0.0160224,-1.12214,-2.10557,9.76672,0.0621491,,7,-1.68135,0.0926958,0.611111,
ring_ang_diffusion_deg,flow,self,6,34.855,48.6392,-13.7842,-44.1497,16.5812,0.716602,-0.667026,-1.82965,0.495601,-0.615716,-1.15532,5.17207,0.298527,0.883384,12,-0.880705,0.378478,0.333333,0.248688
ring_ang_diffusion_deg,flow,shuffle,6,34.855,34.7321,0.1229,-4.63065,4.87645,1.00354,0.0332754,-1.09839,1.16494,0.0307158,0.0576347,9.9648,0.955179,,17,-0.0800641,0.936186,0.0555556,
ring_ang_diffusion_deg,flow,randmat,6,34.855,34.4806,0.374367,-4.36623,5.11496,1.01086,0.101648,-1.03067,1.23396,0.0938287,0.176059,9.95735,0.863777,,20,0.240192,0.810181,-0.111111,
ring_ang_diffusion_deg,flow,decorr,6,34.855,45.9363,-11.0814,-41.4315,19.2687,0.758766,-0.536499,-1.68826,0.615263,-0.49523,-0.929244,5.17224,0.394065,,14,-0.560449,0.575174,0.222222,
ring_ang_diffusion_deg,flow,conf25,6,34.855,37.2289,-2.37395,-7.54734,2.79944,0.936234,-0.59117,-1.74721,0.564869,-0.545695,-1.02394,9.89343,0.33025,,11,-1.04083,0.297953,0.388889,
ring_ang_diffusion_deg,flow,conf50,6,34.855,29.5503,5.30462,0.301576,10.3077,1.17951,1.36432,0.107967,2.62067,1.25937,2.36307,9.98067,0.0397904,,31,2.0016,0.0453276,-0.722222,
ring_ang_diffusion_deg,flow,conf75,6,34.855,35.3072,-0.45225,-8.54981,7.64531,0.987191,-0.0754793,-1.20747,1.05651,-0.0696732,-0.130734,7.36954,0.899483,,16,-0.240192,0.810181,0.111111,
ring_ang_diffusion_deg,self,shuffle,6,48.6392,34.7321,13.9071,-16.4623,44.2766,1.40041,0.673612,-0.489622,1.83685,0.621796,1.16673,5.15277,0.294461,0.883384,25,1.04083,0.297953,-0.388889,0.228443
ring_ang_diffusion_deg,self,randmat,6,48.6392,34.4806,14.1586,-16.2113,44.5285,1.41063,0.685855,-0.478524,1.85023,0.633096,1.18793,5.15094,0.286732,,26,1.20096,0.229766,-0.444444,0.205449
ring_ang_diffusion_deg,self,decorr,6,48.6392,45.9363,2.70287,-34.5639,39.9697,1.05884,0.0933006,-1.0389,1.2255,0.0861236,0.161601,10,0.874838,0.883384,19,0.0800641,0.936186,-0.0555556,0.717071
ring_ang_diffusion_deg,self,conf25,6,48.6392,37.2289,11.4103,-18.9476,41.7682,1.30649,0.55107,-0.601793,1.70393,0.50868,0.954482,5.21189,0.381984,,19,0.0800641,0.936186,-0.0555556,0.533117
ring_ang_diffusion_deg,self,conf50,6,48.6392,29.5503,19.0889,-11.2735,49.4512,1.64598,0.922999,-0.267314,2.11331,0.851999,1.59868,5.1879,0.168674,,33,2.32186,0.0202406,-0.833333,0.0177456
ring_ang_diffusion_deg,self,conf75,6,48.6392,35.3072,13.332,-17.0001,43.6641,1.3776,0.629526,-0.529749,1.7888,0.581101,1.09037,5.67984,0.319632,,24,0.880705,0.378478,-0.333333,0.347163
ring_ang_diffusion_deg,shuffle,randmat,6,34.7321,34.4806,0.251467,-4.34264,4.84557,1.00729,0.0704147,-1.06152,1.20235,0.0649982,0.121962,9.99964,0.905345,,19,0.0800641,0.936186,-0.0555556,
ring_ang_diffusion_deg,shuffle,decorr,6,34.7321,45.9363,-11.2043,-41.5584,19.1498,0.756091,-0.542965,-1.69521,0.609282,-0.501199,-0.940443,5.15293,0.388953,,14,-0.560449,0.575174,0.222222,
ring_ang_diffusion_deg,shuffle,conf25,6,34.7321,37.2289,-2.49685,-7.54918,2.55548,0.932932,-0.63802,-1.79804,0.521999,-0.588941,-1.10508,9.7436,0.295664,,10,-1.20096,0.229766,0.444444,
ring_ang_diffusion_deg,shuffle,conf50,6,34.7321,29.5503,5.18172,0.308923,10.0545,1.17535,1.36995,0.112617,2.62728,1.26457,2.37282,9.89468,0.0393387,,29,1.68135,0.0926958,-0.611111,
ring_ang_diffusion_deg,shuffle,conf75,6,34.7321,35.3072,-0.57515,-8.6323,7.482,0.98371,-0.0970936,-1.22935,1.03516,-0.0896248,-0.168171,7.13064,0.87112,,16,-0.240192,0.810181,0.111111,
ring_ang_diffusion_deg,randmat,decorr,6,34.4806,45.9363,-11.4557,-41.8102,18.8987,0.750617,-0.555202,-1.70838,0.597979,-0.512494,-0.961638,5.15109,0.37917,,13,-0.720577,0.47117,0.277778,
ring_ang_diffusion_deg,randmat,conf25,6,34.4806,37.2289,-2.74832,-7.78925,2.29262,0.926178,-0.704049,-1.87016,0.462067,-0.649891,-1.21945,9.72522,0.251423,,9,-1.36109,0.173485,0.5,
ring_ang_diffusion_deg,randmat,conf50,6,34.4806,29.5503,4.93025,0.0697523,9.79075,1.16684,1.30699,0.0604305,2.55354,1.20645,2.26377,9.88228,0.0473653,,30,1.84147,0.0655522,-0.666667,
ring_ang_diffusion_deg,randmat,conf75,6,34.4806,35.3072,-0.826617,-8.88013,7.2269,0.976588,-0.139698,-1.27266,0.993267,-0.128952,-0.241964,7.10746,0.815641,,15,-0.40032,0.688921,0.166667,
ring_ang_diffusion_deg,decorr,conf25,6,45.9363,37.2289,8.70743,-21.6351,39.05,1.23389,0.420741,-0.723296,1.56478,0.388376,0.728745,5.2121,0.497574,,19,0.0800641,0.936186,-0.0555556,
ring_ang_diffusion_deg,decorr,conf50,6,45.9363,29.5503,16.386,-13.961,46.733,1.55451,0.792701,-0.382486,1.96789,0.731724,1.373,5.18809,0.226127,,25,1.04083,0.297953,-0.388889,
ring_ang_diffusion_deg,decorr,conf75,6,45.9363,35.3072,10.6291,-19.6877,40.9459,1.30105,0.502136,-0.647144,1.65142,0.46351,0.869725,5.68052,0.419677,,21,0.40032,0.688921,-0.166667,
ring_ang_diffusion_deg,conf25,conf50,6,37.2289,29.5503,7.67857,2.40466,12.9525,1.25985,1.87388,0.516481,3.23128,1.72973,3.24565,9.96407,0.00882529,,32,2.16173,0.030639,-0.777778,
ring_ang_diffusion_deg,conf25,conf75,6,37.2289,35.3072,1.9217,-6.27008,10.1135,1.05443,0.313502,-0.825013,1.45202,0.289387,0.543002,7.83098,0.602237,,20,0.240192,0.810181,-0.111111,
ring_ang_diffusion_deg,conf50,conf75,6,29.5503,35.3072,-5.75687,-13.8903,2.37654,0.836949,-0.952024,-2.14599,0.241943,-0.878792,-1.64895,7.55829,0.139973,,9,-1.36109,0.173485,0.5,
ring_ang_ac1,rest,flow,6,-0.027963,-0.0521176,0.0241546,0.00235915,0.0459501,0.536536,1.47465,0.198499,2.75079,1.36121,2.55416,8.02606,0.0338661,,32,2.16173,0.030639,-0.777778,
ring_ang_ac1,rest,self,6,-0.027963,0.112442,-0.140405,-0.542979,0.262168,-0.248687,-0.517333,-1.66769,0.633025,-0.477538,-0.896047,5.00919,0.411216,,23,0.720577,0.47117,-0.277778,0.934016
ring_ang_ac1,rest,shuffle,6,-0.027963,-0.0367801,0.00881712,-0.0104024,0.0280367,0.760275,0.601346,-0.555532,1.75822,0.555089,1.04156,8.79065,0.325412,,26,1.20096,0.229766,-0.444444,
ring_ang_ac1,rest,randmat,6,-0.027963,-0.0317939,0.00383093,-0.0505699,0.0582318,0.879507,0.101722,-1.0306,1.23404,0.0938971,0.176187,5.49939,0.866454,,25,1.04083,0.297953,-0.388889,
ring_ang_ac1,rest,decorr,6,-0.027963,0.098892,-0.126855,-0.514976,0.261266,-0.282763,-0.48479,-1.63288,0.663297,-0.447498,-0.839681,5.00989,0.439307,,25,1.04083,0.297953,-0.388889,
ring_ang_ac1,rest,conf25,6,-0.027963,-0.0468429,0.01888,0.000973302,0.0367866,0.596952,1.37156,0.113944,2.62917,1.26605,2.3756,9.24265,0.0408338,,30,1.84147,0.0655522,-0.666667,
ring_ang_ac1,rest,conf50,6,-0.027963,-0.0403829,0.0124199,-0.00552038,0.0303602,0.692446,0.900737,-0.286844,2.08832,0.83145,1.56012,9.23085,0.152321,,26,1.20096,0.229766,-0.444444,
ring_ang_ac1,rest,conf75,6,-0.027963,-0.0241962,-0.00376678,-0.0425062,0.0349727,1.15568,-0.137474,-1.2704,0.995447,-0.126899,-0.238113,5.98028,0.819742,,21,0.40032,0.688921,-0.166667,
ring_ang_ac1,flow,self,6,-0.0521176,0.112442,-0.16456,-0.567062,0.237942,-0.463504,-0.605786,-1.76303,0.551463,-0.559187,-1.04925,5.02727,0.341862,1,9,-1.36109,0.173485,0.5,0.269183
ring_ang_ac1,flow,shuffle,6,-0.0521176,-0.0367801,-0.0153375,-0.0394132,0.00873829,1.417,-0.822127,-2.00055,0.356292,-0.758886,-1.42397,9.77069,0.185599,,9,-1.36109,0.173485,0.5,
ring_ang_ac1,flow,randmat,6,-0.0521176,-0.0317939,-0.0203237,-0.0750333,0.034386,1.63923,-0.515989,-1.66625,0.634273,-0.476297,-0.893719,6.45364,0.403568,,14,-0.560449,0.575174,0.222222,
ring_ang_ac1,flow,decorr,6,-0.0521176,0.098892,-0.15101,-0.539057,0.237038,-0.527015,-0.576539,-1.73139,0.578316,-0.53219,-0.998595,5.02934,0.363582,,15,-0.40032,0.688921,0.166667,
ring_ang_ac1,flow,conf25,6,-0.0521176,-0.0468429,-0.00527465,-0.0285664,0.0180171,1.1126,-0.293697,-1.43137,0.843972,-0.271105,-0.508699,9.43652,0.622644,,15,-0.40032,0.688921,0.166667,
ring_ang_ac1,flow,conf50,6,-0.0521176,-0.0403829,-0.0117347,-0.0350457,0.0115764,1.29059,-0.65275,-1.81408,0.508579,-0.602539,-1.1306,9.44722,0.28611,,10,-1.20096,0.229766,0.444444,
ring_ang_ac1,flow,conf75,6,-0.0521176,-0.0241962,-0.0279214,-0.0677677,0.0119249,2.15396,-0.939198,-2.13154,0.253142,-0.866952,-1.62674,7.70427,0.143893,,9,-1.36109,0.173485,0.5,
ring_ang_ac1,self,shuffle,6,0.112442,-0.0367801,0.149223,-0.253308,0.551753,-3.05716,0.549523,-0.603222,1.70227,0.507252,0.951802,5.02002,0.384742,1,22,0.560449,0.575174,-0.222222,0.71957
ring_ang_ac1,self,randmat,6,0.112442,-0.0317939,0.144236,-0.257764,0.546237,-3.5366,0.526879,-0.624172,1.67793,0.48635,0.912582,5.18348,0.401912,,22,0.560449,0.575174,-0.222222,0.615346
ring_ang_ac1,self,decorr,6,0.112442,0.098892,0.0135504,-0.471288,0.498389,1.13702,0.0359597,-1.09572,1.16764,0.0331936,0.0622841,9.98667,0.951566,1,20,0.240192,0.810181,-0.111111,0.615846
ring_ang_ac1,self,conf25,6,0.112442,-0.0468429,0.159285,-0.243258,0.561829,-2.40042,0.586682,-0.568991,1.74235,0.541552,1.01616,5.01656,0.356028,,24,0.880705,0.378478,-0.333333,0.385404
ring_ang_ac1,self,conf50,6,0.112442,-0.0403829,0.152825,-0.249718,0.555369,-2.78441,0.562886,-0.590891,1.71666,0.519587,0.974946,5.01665,0.374223,,19,0.0800641,0.936186,-0.0555556,0.642589
ring_ang_ac1,self,conf75,6,0.112442,-0.0241962,0.136639,-0.265629,0.538906,-4.64712,0.501364,-0.647862,1.65059,0.462797,0.868388,5.09282,0.424206,,17,-0.0800641,0.936186,0.0555556,0.836541
ring_ang_ac1,shuffle,randmat,6,-0.0367801,-0.0317939,-0.00498619,-0.0594958,0.0495234,1.15683,-0.128825,-1.26158,1.00393,-0.118916,-0.223132,6.07815,0.830743,,19,0.0800641,0.936186,-0.0555556,
ring_ang_ac1,shuffle,decorr,6,-0.0367801,0.098892,-0.135672,-0.523749,0.252404,-0.371922,-0.518184,-1.6686,0.632236,-0.478323,-0.897521,5.02154,0.410405,,20,0.240192,0.810181,-0.111111,
ring_ang_ac1,shuffle,conf25,6,-0.0367801,-0.0468429,0.0100628,-0.0110704,0.0311961,0.785179,0.613286,-0.544595,1.77117,0.56611,1.06224,9.9111,0.313323,,21,0.40032,0.688921,-0.166667,
ring_ang_ac1,shuffle,conf50,6,-0.0367801,-0.0403829,0.00360279,-0.0175542,0.0247598,0.910784,0.219314,-0.915668,1.3543,0.202444,0.379863,9.91587,0.712056,,16,-0.240192,0.810181,0.111111,
ring_ang_ac1,shuffle,conf75,6,-0.0367801,-0.0241962,-0.0125839,-0.051858,0.0266902,1.52008,-0.436664,-1.58166,0.708327,-0.403075,-0.756325,7.06123,0.473927,,14,-0.560449,0.575174,0.222222,
ring_ang_ac1,randmat,decorr,6,-0.0317939,0.098892,-0.130686,-0.518224,0.256852,-0.321501,-0.494815,-1.64359,0.653956,-0.456753,-0.857045,5.19739,0.429158,,18,-0.0800641,0.936186,0,
ring_ang_ac1,randmat,conf25,6,-0.0317939,-0.0468429,0.015049,-0.0393984,0.0694964,0.678734,0.392165,-0.750246,1.53458,0.361998,0.679249,5.89492,0.52274,,19,0.0800641,0.936186,-0.0555556,
ring_ang_ac1,randmat,conf50,6,-0.0317939,-0.0403829,0.00858898,-0.0458597,0.0630376,0.787311,0.223773,-0.911349,1.35889,0.20656,0.387586,5.89955,0.711919,,16,-0.240192,0.810181,0.111111,
ring_ang_ac1,randmat,conf75,6,-0.0317939,-0.0241962,-0.00759772,-0.0664714,0.0512759,1.314,-0.16847,-1.30206,0.965121,-0.155511,-0.291799,9.02738,0.777035,,15,-0.40032,0.688921,0.166667,
ring_ang_ac1,decorr,conf25,6,0.098892,-0.0468429,0.145735,-0.242356,0.533826,-2.11114,0.556721,-0.596576,1.71002,0.513896,0.964269,5.01782,0.379049,,20,0.240192,0.810181,-0.111111,
ring_ang_ac1,decorr,conf50,6,0.098892,-0.0403829,0.139275,-0.248815,0.527365,-2.44886,0.532041,-0.619391,1.68347,0.491114,0.921522,5.01791,0.398918,,17,-0.0800641,0.936186,0.0555556,
ring_ang_ac1,decorr,conf75,6,0.098892,-0.0241962,0.123088,-0.264719,0.510895,-4.08709,0.468295,-0.678696,1.61529,0.432272,0.81111,5.09986,0.453478,,13,-0.720577,0.47117,0.277778,
ring_ang_ac1,conf25,conf50,6,-0.0468429,-0.0403829,-0.00646003,-0.0265696,0.0136495,1.15997,-0.413251,-1.55685,0.730349,-0.381463,-0.715772,9.99993,0.490508,,11,-1.04083,0.297953,0.388889,
ring_ang_ac1,conf25,conf75,6,-0.0468429,-0.0241962,-0.0226467,-0.0616999,0.0164064,1.93596,-0.798195,-1.97398,0.377587,-0.736796,-1.38251,6.72887,0.210955,,9,-1.36109,0.173485,0.5,
ring_ang_ac1,conf50,conf75,6,-0.0403829,-0.0241962,-0.0161867,-0.0552449,0.0228715,1.66898,-0.570281,-1.72464,0.584076,-0.526414,-0.987756,6.73739,0.357408,,13,-0.720577,0.47117,0.277778,
steer_corr_yaw,rest,flow,6,0,0.768517,-0.768517,-0.792184,-0.74485,0,-48.1928,-67.5068,-28.8788,-44.4857,-83.4724,5,4.67651e-09,,0,-2.99124,0.00277843,1,
steer_corr_yaw,rest,self,6,0,0.770443,-0.770443,-0.791515,-0.749372,0,-54.2645,-76.0039,-32.5251,-50.0903,-93.9888,5,2.58462e-09,,0,-2.99124,0.00277843,1,0.00274931
steer_corr_yaw,rest,shuffle,6,0,0.758157,-0.758157,-0.785404,-0.73091,0,-41.2969,-57.8575,-24.7363,-38.1202,-71.5283,5,1.01159e-08,,0,-2.99124,0.00277843,1,
steer_corr_yaw,rest,randmat,6,0,0.771656,-0.771656,-0.793502,-0.74981,0,-52.4235,-73.4273,-31.4196,-48.3909,-90.8001,5,3.0712e-09,,0,-2.99124,0.00277843,1,
steer_corr_yaw,rest,decorr,6,0,0.658321,-0.658321,-0.676766,-0.639876,0,-52.9709,-74.1934,-31.7483,-48.8962,-91.7483,5,2.91583e-09,,0,-2.99124,0.00277843,1,
steer_corr_yaw,rest,conf25,6,0,0.750013,-0.750013,-0.766907,-0.73312,0,-65.8905,-92.276,-39.505,-60.822,-114.126,5,9.79557e-10,,0,-2.99124,0.00277843,1,
steer_corr_yaw,rest,conf50,6,0,0.749354,-0.749354,-0.7621,-0.736608,0,-87.2534,-122.18,-52.327,-80.5416,-151.127,5,2.4065e-10,,0,-2.99124,0.00277843,1,
steer_corr_yaw,rest,conf75,6,0,0.714219,-0.714219,-0.727744,-0.700694,0,-78.3729,-109.748,-46.9974,-72.3442,-135.746,5,4.11547e-10,,0,-2.99124,0.00277843,1,
steer_corr_yaw,flow,self,6,0.768517,0.770443,-0.00192617,-0.0294427,0.0255904,0.9975,-0.090213,-1.22237,1.04195,-0.0832735,-0.156253,9.86804,0.878984,0.878984,16,-0.240192,0.810181,0.111111,0.876031
steer_corr_yaw,flow,shuffle,6,0.768517,0.758157,0.0103602,-0.0210055,0.0417258,1.01366,0.426038,-0.718313,1.57039,0.393266,0.737919,9.80797,0.477847,,22,0.560449,0.575174,-0.222222,
steer_corr_yaw,flow,randmat,6,0.768517,0.771656,-0.0031385,-0.0310802,0.0248032,0.995933,-0.14462,-1.27768,0.988444,-0.133495,-0.250488,9.93657,0.807313,,14,-0.560449,0.575174,0.222222,
steer_corr_yaw,flow,decorr,6,0.768517,0.658321,0.110196,0.0839762,0.136417,1.16739,5.45051,2.99377,7.90725,5.03124,9.44056,9.43695,4.10601e-06,,36,2.80224,0.00507487,-1,
steer_corr_yaw,flow,conf25,6,0.768517,0.750013,0.0185037,-0.00706581,0.0440731,1.02467,0.944428,-0.248573,2.13743,0.87178,1.6358,9.045,0.136143,,27,1.36109,0.173485,-0.5,
steer_corr_yaw,flow,conf50,6,0.768517,0.749354,0.019163,-0.00512991,0.0434559,1.02557,1.05801,-0.150153,2.26617,0.976624,1.83253,7.67539,0.105806,,28,1.52122,0.128205,-0.555556,
steer_corr_yaw,flow,conf75,6,0.768517,0.714219,0.0542982,0.0298186,0.0787777,1.07602,2.95629,1.31942,4.59317,2.72888,5.12045,7.95105,0.000924135,,36,2.80224,0.00507487,-1,
steer_corr_yaw,self,shuffle,6,0.770443,0.758157,0.0122863,-0.0178271,0.0423998,1.01621,0.529395,-0.621841,1.68063,0.488672,0.916939,9.40513,0.382085,0.764171,23,0.720577,0.47117,-0.277778,0.382404
steer_corr_yaw,self,randmat,6,0.770443,0.771656,-0.00121233,-0.0275257,0.025101,0.998429,-0.0592794,-1.19111,1.07255,-0.0547195,-0.102675,9.987,0.920253,,17,-0.0800641,0.936186,0.0555556,0.911522
steer_corr_yaw,self,decorr,6,0.770443,0.658321,0.112122,0.0877914,0.136454,1.17032,5.94218,3.30928,8.57508,5.48509,10.2922,9.82781,1.40401e-06,4.21203e-06,36,2.80224,0.00507487,-1,0.00274931
steer_corr_yaw,self,conf25,6,0.770443,0.750013,0.0204298,-0.00313063,0.0439903,1.02724,1.12267,-0.0947927,2.34014,1.03632,1.94453,9.54842,0.0818467,,28,1.52122,0.128205,-0.555556,0.0894776
steer_corr_yaw,self,conf50,6,0.770443,0.749354,0.0210892,-0.000897133,0.0430755,1.02814,1.27094,0.0303636,2.51152,1.17318,2.20133,8.22695,0.0579621,,30,1.84147,0.0655522,-0.666667,0.0574856
steer_corr_yaw,self,conf75,6,0.770443,0.714219,0.0562243,0.0340001,0.0784486,1.07872,3.33261,1.58385,5.08137,3.07625,5.77225,8.52204,0.000330161,,36,2.80224,0.00507487,-1,0.00274931
steer_corr_yaw,shuffle,randmat,6,0.758157,0.771656,-0.0134987,-0.0439644,0.0169671,0.982507,-0.573654,-1.72828,0.580971,-0.529526,-0.993597,9.54873,0.344929,,11,-1.04083,0.297953,0.388889,
steer_corr_yaw,shuffle,decorr,6,0.758157,0.658321,0.0998362,0.0707741,0.128898,1.15165,4.50327,2.37573,6.63081,4.15686,7.79989,8.7873,3.10317e-05,,36,2.80224,0.00507487,-1,
steer_corr_yaw,shuffle,conf25,6,0.758157,0.750013,0.0081435,-0.0204075,0.0366945,1.01086,0.376994,-0.764599,1.51859,0.347995,0.652974,8.34927,0.531339,,22,0.560449,0.575174,-0.222222,
steer_corr_yaw,shuffle,conf50,6,0.758157,0.749354,0.00880283,-0.0187979,0.0364035,1.01175,0.434318,-0.710531,1.57917,0.400909,0.75226,7.08838,0.476128,,23,0.720577,0.47117,-0.277778,
steer_corr_yaw,shuffle,conf75,6,0.758157,0.714219,0.043938,0.0162047,0.0716713,1.06152,2.14373,0.723847,3.5636,1.97882,3.71304,7.323,0.00694073,,34,2.48199,0.0130652,-0.888889,
steer_corr_yaw,randmat,decorr,6,0.771656,0.658321,0.113335,0.0884579,0.138212,1.17216,5.88308,3.27151,8.49464,5.43053,10.1898,9.72666,1.6689e-06,,36,2.80224,0.00507487,-1,
steer_corr_yaw,randmat,conf25,6,0.771656,0.750013,0.0216422,-0.00250163,0.045786,1.02886,1.1631,-0.0604304,2.38662,1.07363,2.01454,9.4048,0.0734223,,30,1.84147,0.0655522,-0.666667,
steer_corr_yaw,randmat,conf50,6,0.771656,0.749354,0.0223015,-0.000362792,0.0449658,1.02976,1.30863,0.0617944,2.55546,1.20796,2.26661,8.05067,0.05297,,30,1.84147,0.0655522,-0.666667,
steer_corr_yaw,randmat,conf75,6,0.771656,0.714219,0.0574367,0.0345509,0.0803224,1.08042,3.31767,1.57346,5.06188,3.06247,5.74638,8.34198,0.000368846,,36,2.80224,0.00507487,-1,
steer_corr_yaw,decorr,conf25,6,0.658321,0.750013,-0.0916927,-0.113395,-0.0699902,0.877745,-5.44076,-7.89404,-2.98748,-5.02224,-9.42367,9.9238,2.88977e-06,,0,-2.80224,0.00507487,1,
steer_corr_yaw,decorr,conf50,6,0.658321,0.749354,-0.0910333,-0.110801,-0.0712654,0.878518,-6.02602,-8.68924,-3.3628,-5.56248,-10.4374,8.88862,2.7594e-06,,0,-2.80224,0.00507487,1,
steer_corr_yaw,decorr,conf75,6,0.658321,0.714219,-0.0558982,-0.0759689,-0.0358274,0.921735,-3.62713,-5.46731,-1.78695,-3.34812,-6.28237,9.17101,0.000132768,,0,-2.80224,0.00507487,1,
steer_corr_yaw,conf25,conf50,6,0.750013,0.749354,0.000659333,-0.017873,0.0191917,1.00088,0.0462392,-1.0855,1.17798,0.0426823,0.0800886,9.2994,0.937864,,16,-0.240192,0.810181,0.111111,
steer_corr_yaw,conf25,conf75,6,0.750013,0.714219,0.0357945,0.0169144,0.0546746,1.05012,2.45482,0.956475,3.95316,2.26599,4.25187,9.54318,0.00187148,,36,2.80224,0.00507487,-1,
steer_corr_yaw,conf50,conf75,6,0.749354,0.714219,0.0351352,0.0190187,0.0512517,1.04919,2.80582,1.2119,4.39974,2.58999,4.85982,9.96502,0.0006683,,36,2.80224,0.00507487,-1,
steer_asym_sd_hz,rest,flow,6,294.149,758.937,-464.788,-506.153,-423.423,0.38758,-15.8291,-22.2622,-9.39595,-14.6115,-27.4168,6.07051,1.35214e-07,,0,-2.80224,0.00507487,1,
steer_asym_sd_hz,rest,self,6,294.149,735.154,-441.005,-467.796,-414.215,0.400119,-22.1625,-31.1011,-13.2239,-20.4577,-38.3865,7.51899,6.67606e-10,,0,-2.80224,0.00507487,1,0.00274931
steer_asym_sd_hz,rest,shuffle,6,294.149,736.205,-442.056,-456.223,-427.889,0.399548,-41.4312,-58.0455,-24.817,-38.2442,-71.761,8.12603,1.11432e-12,,0,-2.80224,0.00507487,1,
steer_asym_sd_hz,rest,randmat,6,294.149,742.239,-448.09,-463.984,-432.196,0.3963,-36.3241,-50.9006,-21.7477,-33.53,-62.9153,9.88607,3.34482e-14,,0,-2.80224,0.00507487,1,
steer_asym_sd_hz,rest,decorr,6,294.149,637.867,-343.718,-367.69,-319.745,0.461145,-19.0441,-26.7467,-11.3414,-17.5791,-32.9853,8.1103,6.23062e-10,,0,-2.80224,0.00507487,1,
steer_asym_sd_hz,rest,conf25,6,294.149,714.531,-420.382,-435.811,-404.953,0.411667,-35.2084,-49.3398,-21.077,-32.5,-60.9827,9.67927,7.6638e-14,,0,-2.80224,0.00507487,1,
steer_asym_sd_hz,rest,conf50,6,294.149,709.078,-414.929,-429.86,-399.998,0.414833,-36.1259,-50.6233,-21.6286,-33.347,-62.5719,9.28563,1.64008e-13,,0,-2.80224,0.00507487,1,
steer_asym_sd_hz,rest,conf75,6,294.149,668.906,-374.757,-398.58,-350.934,0.439746,-20.8782,-29.3074,-12.449,-19.2722,-36.1621,8.14652,2.75129e-10,,0,-2.80224,0.00507487,1,
steer_asym_sd_hz,flow,self,6,758.937,735.154,23.7828,-19.7589,67.3246,1.03235,0.720483,-0.447238,1.8882,0.665062,1.24791,8.45256,0.245524,0.491047,25,1.04083,0.297953,-0.388889,0.248188
steer_asym_sd_hz,flow,shuffle,6,758.937,736.205,22.7325,-18.5616,64.0266,1.03088,0.799968,-0.376006,1.97594,0.738432,1.38559,5.37977,0.220573,,25,1.04083,0.297953,-0.388889,
steer_asym_sd_hz,flow,randmat,6,758.937,742.239,16.6985,-24.6161,58.0131,1.0225,0.574159,-0.580506,1.72882,0.529993,0.994473,5.86647,0.359225,,20,0.240192,0.810181,-0.111111,
steer_asym_sd_hz,flow,decorr,6,758.937,637.867,121.071,78.4024,163.739,1.18981,3.79195,1.89934,5.68456,3.50026,6.56785,7.83147,0.000192487,,36,2.80224,0.00507487,-1,
steer_asym_sd_hz,flow,conf25,6,758.937,714.531,44.4063,3.1106,85.7021,1.06215,1.53561,0.248009,2.82322,1.41749,2.65976,5.7453,0.0391415,,32,2.16173,0.030639,-0.777778,
steer_asym_sd_hz,flow,conf50,6,758.937,709.078,49.8595,8.57442,91.1446,1.07032,1.73526,0.407691,3.06284,1.60178,3.00557,5.61042,0.0258949,,34,2.48199,0.0130652,-0.888889,
steer_asym_sd_hz,flow,conf75,6,758.937,668.906,90.031,47.4036,132.658,1.13459,2.82472,1.22546,4.42397,2.60743,4.89255,7.79695,0.00129787,,36,2.80224,0.00507487,-1,
steer_asym_sd_hz,self,shuffle,6,735.154,736.205,-1.05033,-27.2124,25.1117,0.998573,-0.0568545,-1.18867,1.07496,-0.0524811,-0.0984749,5.94069,0.924794,0.924794,15,-0.40032,0.688921,0.166667,0.926518
steer_asym_sd_hz,self,randmat,6,735.154,742.239,-7.08433,-33.6232,19.4545,0.990455,-0.363599,-1.5045,0.777299,-0.33563,-0.629772,7.08018,0.54862,,14,-0.560449,0.575174,0.222222,0.551362
steer_asym_sd_hz,self,decorr,6,735.154,637.867,97.2878,66.9649,127.611,1.15252,4.13635,2.1316,6.14111,3.81817,7.16437,9.84147,3.32038e-05,9.96115e-05,36,2.80224,0.00507487,-1,0.00274931
steer_asym_sd_hz,self,conf25,6,735.154,714.531,20.6235,-5.78877,47.0358,1.02886,1.07215,-0.138005,2.28231,0.989678,1.85702,6.80727,0.106867,,27,1.36109,0.173485,-0.5,0.107223
steer_asym_sd_hz,self,conf50,6,735.154,709.078,26.0767,-0.218066,52.3714,1.03678,1.37557,0.117253,2.63388,1.26975,2.38255,6.49422,0.0514327,,30,1.84147,0.0655522,-0.666667,0.0392402
steer_asym_sd_hz,self,conf75,6,735.154,668.906,66.2482,36.0151,96.4813,1.09904,2.82575,1.22621,4.4253,2.60839,4.89435,9.82306,0.000661975,,36,2.80224,0.00507487,-1,0.00274931
steer_asym_sd_hz,shuffle,randmat,6,736.205,742.239,-6.034,-19.0079,6.93986,0.991871,-0.611073,-1.76877,0.546621,-0.564067,-1.05841,8.66133,0.318493,,11,-1.04083,0.297953,0.388889,
steer_asym_sd_hz,shuffle,decorr,6,736.205,637.867,98.3382,75.2651,121.411,1.15417,5.97273,3.32879,8.61667,5.51329,10.3451,6.207,3.8332e-05,,36,2.80224,0.00507487,-1,
steer_asym_sd_hz,shuffle,conf25,6,736.205,714.531,21.6738,9.43684,33.9108,1.03033,2.31188,0.850379,3.77337,2.13404,4.00429,9.03531,0.00306602,,35,2.64211,0.00823902,-0.944444,
steer_asym_sd_hz,shuffle,conf50,6,736.205,709.078,27.127,15.7359,38.5181,1.03826,3.08639,1.41152,4.76126,2.84898,5.34578,9.48075,0.000390044,,36,2.80224,0.00507487,-1,
steer_asym_sd_hz,shuffle,conf75,6,736.205,668.906,67.2985,44.3923,90.2047,1.10061,4.11458,2.11701,6.11215,3.79807,7.12666,6.22451,0.000325633,,36,2.80224,0.00507487,-1,
steer_asym_sd_hz,randmat,decorr,6,742.239,637.867,104.372,80.7404,128.004,1.16363,5.93356,3.30378,8.56334,5.47713,10.2772,7.60628,9.9716e-06,,36,2.80224,0.00507487,-1,
steer_asym_sd_hz,randmat,conf25,6,742.239,714.531,27.7078,13.2437,42.172,1.03878,2.46623,0.964887,3.96757,2.27652,4.27163,9.94232,0.00165435,,35,2.64211,0.00823902,-0.944444,
steer_asym_sd_hz,randmat,conf50,6,742.239,709.078,33.161,19.273,47.049,1.04677,3.08447,1.41016,4.75877,2.8472,5.34245,9.70208,0.000362407,,36,2.80224,0.00507487,-1,
steer_asym_sd_hz,randmat,conf75,6,742.239,668.906,73.3325,49.8558,96.8092,1.10963,4.19313,2.16959,6.21668,3.87058,7.26272,7.63942,0.000109554,,36,2.80224,0.00507487,-1,
steer_asym_sd_hz,decorr,conf25,6,637.867,714.531,-76.6643,-100.119,-53.2099,0.892707,-4.4277,-6.5297,-2.3257,-4.08711,-7.669,7.28134,9.72884e-05,,0,-2.80224,0.00507487,1,
steer_asym_sd_hz,decorr,conf50,6,637.867,709.078,-71.2112,-94.4948,-47.9275,0.899572,-4.18774,-6.20949,-2.16598,-3.86561,-7.25338,6.89973,0.000181597,,0,-2.80224,0.00507487,1,
steer_asym_sd_hz,decorr,conf75,6,637.867,668.906,-31.0397,-59.2071,-2.87219,0.953596,-1.4176,-2.68336,-0.151843,-1.30855,-2.45536,9.99945,0.0339464,,5,-2.0016,0.0453276,0.722222,
steer_asym_sd_hz,conf25,conf50,6,714.531,709.078,5.45317,-7.8075,18.7138,1.00769,0.529735,-0.621526,1.681,0.488986,0.917528,9.90019,0.380675,,23,0.720577,0.47117,-0.277778,
steer_asym_sd_hz,conf25,conf75,6,714.531,668.906,45.6247,22.3285,68.9208,1.06821,2.6508,1.09993,4.20167,2.44689,4.59132,7.31162,0.00224254,,35,2.64211,0.00823902,-0.944444,
steer_asym_sd_hz,conf50,conf75,6,709.078,668.906,40.1715,17.0496,63.2934,1.06006,2.37705,0.898912,3.85519,2.1942,4.11717,6.92596,0.00457917,,34,2.48199,0.0130652,-0.888889,
dn_rate_hz,rest,flow,6,2696.67,4558.66,-1862,-1884.11,-1839.89,0.591547,-115.657,-161.942,-69.3715,-106.76,-200.324,6.79725,4.49752e-14,,0,-2.80224,0.00507487,1,
dn_rate_hz,rest,self,6,2696.67,4633.89,-1937.22,-1994.57,-1879.88,0.581945,-49.3715,-69.1562,-29.5867,-45.5736,-85.5139,5.2709,1.73269e-09,,0,-2.80224,0.00507487,1,0.00274931
dn_rate_hz,rest,shuffle,6,2696.67,4604.5,-1907.84,-1945.15,-1870.52,0.585659,-73.3799,-102.759,-44.0005,-67.7353,-127.098,5.63701,5.78986e-11,,0,-2.80224,0.00507487,1,
dn_rate_hz,rest,randmat,6,2696.67,4623.67,-1927,-1975.72,-1878.28,0.583231,-57.4936,-80.5232,-34.4639,-53.071,-99.5818,5.37479,5.48401e-10,,0,-2.80224,0.00507487,1,
dn_rate_hz,rest,decorr,6,2696.67,4573.22,-1876.56,-1925.92,-1827.19,0.589665,-55.2833,-77.4298,-33.1369,-51.0308,-95.7536,5.36509,6.9901e-10,,0,-2.80224,0.00507487,1,
dn_rate_hz,rest,conf25,6,2696.67,4615.61,-1918.95,-1952.55,-1885.34,0.584249,-81.4123,-114.003,-48.8216,-75.1498,-141.01,5.78428,1.88141e-11,,0,-2.80224,0.00507487,1,
dn_rate_hz,rest,conf50,6,2696.67,4577.33,-1880.67,-1911.39,-1849.95,0.589135,-86.7121,-121.422,-52.0022,-80.042,-150.19,5.9372,7.41234e-12,,0,-2.80224,0.00507487,1,
dn_rate_hz,rest,conf75,6,2696.67,4616.78,-1920.11,-1967.27,-1872.95,0.584101,-59.1076,-82.7822,-35.433,-54.5609,-102.377,5.39987,4.34292e-10,,0,-2.80224,0.00507487,1,
dn_rate_hz,flow,self,6,4558.66,4633.89,-75.2233,-132.839,-17.6074,0.983767,-1.81511,-3.15966,-0.470555,-1.67549,-3.14386,6.42767,0.0182216,0.0546649,2,-2.48199,0.0130652,0.888889,0.00774806
dn_rate_hz,flow,shuffle,6,4558.66,4604.5,-45.8367,-84.6775,-6.99583,0.990045,-1.5686,-2.86256,-0.274649,-1.44794,-2.7169,8.07596,0.0261474,,6,-1.84147,0.0655522,0.666667,
dn_rate_hz,flow,randmat,6,4558.66,4623.67,-65.0033,-114.339,-15.6681,0.985941,-1.80197,-3.1437,-0.46025,-1.66336,-3.12111,6.93948,0.0170062,,5,-2.0016,0.0453276,0.722222,
dn_rate_hz,flow,decorr,6,4558.66,4573.22,-14.5567,-64.5046,35.3912,0.996817,-0.39913,-1.54193,0.743666,-0.368428,-0.691314,6.89296,0.511971,,16,-0.240192,0.810181,0.111111,
dn_rate_hz,flow,conf25,6,4558.66,4615.61,-56.9467,-92.5735,-21.3199,0.987662,-2.10267,-3.51269,-0.692651,-1.94092,-3.64193,8.59638,0.00581625,,1,-2.64211,0.00823902,0.944444,
dn_rate_hz,flow,conf50,6,4558.66,4577.33,-18.6683,-51.9004,14.5637,0.995922,-0.733186,-1.90217,0.4358,-0.676787,-1.26992,9.0405,0.235826,,9.5,-1.28327,0.199397,0.472222,
dn_rate_hz,flow,conf75,6,4558.66,4616.78,-58.1133,-105.975,-10.2517,0.987413,-1.65486,-2.9659,-0.34382,-1.52756,-2.8663,7.05847,0.0239046,,7,-1.68135,0.0926958,0.611111,
dn_rate_hz,self,shuffle,6,4633.89,4604.5,29.3867,-31.3895,90.1629,1.00638,0.636097,-0.523752,1.79595,0.587166,1.10175,8.59302,0.30047,0.30047,25,1.04083,0.297953,-0.388889,0.306923
dn_rate_hz,self,randmat,6,4633.89,4623.67,10.22,-55.3744,75.8144,1.00221,0.20114,-0.933304,1.33558,0.185668,0.348384,9.74667,0.734959,,19,0.0800641,0.936186,-0.0555556,0.741565
dn_rate_hz,self,decorr,6,4633.89,4573.22,60.6667,-5.25747,126.591,1.01327,1.18737,-0.0398843,2.41462,1.09603,2.05658,9.78455,0.0673815,0.134763,30,1.84147,0.0655522,-0.666667,0.0702324
dn_rate_hz,self,conf25,6,4633.89,4615.61,18.2767,-41.3771,77.9305,1.00396,0.407266,-0.73599,1.55052,0.375938,0.705405,8.0727,0.500403,,20,0.240192,0.810181,-0.111111,0.508873
dn_rate_hz,self,conf50,6,4633.89,4577.33,56.555,-2.38505,115.495,1.01236,1.28776,0.0444142,2.53112,1.18871,2.23047,7.64928,0.05775,,31,2.0016,0.0453276,-0.722222,0.0509873
dn_rate_hz,self,conf75,6,4633.89,4616.78,17.11,-47.7116,81.9316,1.00371,0.341273,-0.79852,1.48107,0.315021,0.591102,9.64203,0.568049,,21,0.40032,0.688921,-0.166667,0.541615
dn_rate_hz,shuffle,randmat,6,4604.5,4623.67,-19.1667,-72.9824,34.6491,0.995855,-0.462408,-1.60902,0.6842,-0.426838,-0.800915,9.36492,0.443026,,10,-1.20096,0.229766,0.444444,
dn_rate_hz,shuffle,decorr,6,4604.5,4573.22,31.28,-23.0338,85.5938,1.00684,0.748395,-0.422132,1.91892,0.690827,1.29626,9.30819,0.226101,,26,1.20096,0.229766,-0.444444,
dn_rate_hz,shuffle,conf25,6,4604.5,4615.61,-11.11,-54.8046,32.5846,0.997593,-0.327577,-1.46673,0.811573,-0.302379,-0.56738,9.89164,0.583103,,15,-0.40032,0.688921,0.166667,
dn_rate_hz,shuffle,conf50,6,4604.5,4577.33,27.1683,-15.0278,69.3645,1.00594,0.832471,-0.347109,2.01205,0.768435,1.44188,9.64085,0.18102,,25,1.04083,0.297953,-0.388889,
dn_rate_hz,shuffle,conf75,6,4604.5,4616.78,-12.2767,-64.9075,40.3541,0.997341,-0.302233,-1.44026,0.835795,-0.278984,-0.523483,9.49805,0.612632,,12,-0.880705,0.378478,0.333333,
dn_rate_hz,randmat,decorr,6,4623.67,4573.22,50.4467,-9.81508,110.708,1.01103,1.07692,-0.133915,2.28775,0.994078,1.86528,9.99827,0.0917221,,28,1.52122,0.128205,-0.555556,
dn_rate_hz,randmat,conf25,6,4623.67,4615.61,8.05667,-44.2567,60.3701,1.00175,0.201563,-0.932893,1.33602,0.186058,0.349117,8.87861,0.735138,,20,0.240192,0.810181,-0.111111,
dn_rate_hz,randmat,conf50,6,4623.67,4577.33,46.335,-4.98811,97.6581,1.01012,1.19141,-0.036468,2.41929,1.09976,2.06358,8.42897,0.0711763,,28,1.52122,0.128205,-0.555556,
dn_rate_hz,randmat,conf75,6,4623.67,4616.78,6.89,-52.0326,65.8126,1.00149,0.150446,-0.982739,1.28363,0.138873,0.26058,9.98947,0.799709,,22.5,0.641635,0.52111,-0.25,
dn_rate_hz,decorr,conf25,6,4573.22,4615.61,-42.39,-95.2334,10.4534,0.990816,-1.05108,-2.25827,0.156118,-0.970223,-1.82052,8.81402,0.102721,,7,-1.68135,0.0926958,0.611111,
dn_rate_hz,decorr,conf50,6,4573.22,4577.33,-4.11167,-55.9884,47.7651,0.999102,-0.104729,-1.23709,1.02763,-0.0966734,-0.181397,8.36345,0.860376,,15,-0.40032,0.688921,0.166667,
dn_rate_hz,decorr,conf75,6,4573.22,4616.78,-43.5567,-102.891,15.7779,0.990566,-0.944606,-2.13763,0.248418,-0.871944,-1.63611,9.97926,0.132925,,11,-1.04083,0.297953,0.388889,
dn_rate_hz,conf25,conf50,6,4615.61,4577.33,38.2783,-1.30454,77.8612,1.00836,1.24539,0.00896968,2.48181,1.14959,2.15708,9.91935,0.0566026,,31,2.0016,0.0453276,-0.722222,
dn_rate_hz,conf25,conf75,6,4615.61,4616.78,-1.16667,-52.2156,49.8823,0.999747,-0.0298305,-1.16148,1.10182,-0.0275359,-0.051668,9.03566,0.959917,,17,-0.0800641,0.936186,0.0555556,
dn_rate_hz,conf50,conf75,6,4577.33,4616.78,-39.445,-89.4443,10.5543,0.991456,-1.03788,-2.24325,0.167481,-0.958046,-1.79767,8.5913,0.107367,,10,-1.20096,0.229766,0.444444,
