metric,arm_a,arm_b,n_per_arm,mean_a,mean_b,diff_a_minus_b,diff_ci95_lo,diff_ci95_hi,ratio_a_over_b,cohens_d,d_ci95_lo,d_ci95_hi,hedges_g,welch_t,welch_df,p_welch_two_sided,p_holm_self_family,mannwhitney_U,mw_z,p_mannwhitney_two_sided,rank_biserial,p_perm_two_sided
pool_rate_hz,rest,flow,10,22.6377,51.6539,-29.0162,-29.0589,-28.9735,0.438257,-647.36,-847.977,-446.742,-620.006,-1447.54,15.0795,3.38575e-40,,0,-3.74185,0.000182672,1,
pool_rate_hz,rest,self,10,22.6377,51.0148,-28.3771,-28.4334,-28.3208,0.443748,-488.782,-640.257,-337.307,-468.129,-1092.95,12.4662,1.97424e-32,,0,-3.74185,0.000182672,1,0.000249938
pool_rate_hz,rest,shuffle,10,22.6377,51.2562,-28.6185,-28.6696,-28.5674,0.441658,-540.576,-708.101,-373.051,-517.735,-1208.76,13.2511,8.3874e-35,,0,-3.74185,0.000182672,1,
pool_rate_hz,rest,randmat,10,22.6377,51.3285,-28.6908,-28.7334,-28.6482,0.441036,-641.156,-839.85,-442.461,-614.065,-1433.67,15.1,3.50047e-40,,0,-3.74185,0.000182672,1,
pool_rate_hz,rest,decorr,10,22.6377,51.5269,-28.8892,-28.9475,-28.8309,0.439338,-481.783,-631.089,-332.477,-461.426,-1077.3,12.2269,8.33016e-32,,0,-3.74185,0.000182672,1,
pool_rate_hz,rest,conf25,10,22.6377,51.2167,-28.579,-28.6198,-28.5381,0.441999,-664.584,-870.538,-458.629,-636.503,-1486.05,15.6056,1.28143e-41,,0,-3.74185,0.000182672,1,
pool_rate_hz,rest,conf50,10,22.6377,51.3115,-28.6738,-28.7279,-28.6196,0.441182,-512.606,-671.464,-353.748,-490.947,-1146.22,12.7639,2.24181e-33,,0,-3.74185,0.000182672,1,
pool_rate_hz,rest,conf75,10,22.6377,51.4443,-28.8066,-28.8814,-28.7318,0.440043,-379.302,-496.85,-261.754,-363.275,-848.145,10.9225,1.14084e-27,,0,-3.74185,0.000182672,1,
pool_rate_hz,flow,self,10,51.6539,51.0148,0.63912,0.577381,0.700859,1.01253,9.79818,6.63777,12.9586,9.38417,21.9094,16.328,1.54625e-13,4.63876e-13,100,3.74185,0.000182672,-1,0.000249938
pool_rate_hz,flow,shuffle,10,51.6539,51.2562,0.39773,0.34049,0.45497,1.00776,6.55026,4.33919,8.76133,6.27349,14.6468,17.2028,3.78849e-11,,100,3.74185,0.000182672,-1,
pool_rate_hz,flow,randmat,10,51.6539,51.3285,0.32543,0.27495,0.37591,1.00634,6.0571,3.98545,8.12875,5.80117,13.5441,17.9999,7.02457e-11,,100,3.74185,0.000182672,-1,
pool_rate_hz,flow,decorr,10,51.6539,51.5269,0.12705,0.0635943,0.190506,1.00247,1.89823,0.842608,2.95385,1.81802,4.24457,15.9939,0.000618639,,91,3.06151,0.00220222,-0.82,
pool_rate_hz,flow,conf25,10,51.6539,51.2167,0.43724,0.388106,0.486374,1.00854,8.36311,5.6272,11.099,8.00974,18.7005,17.9387,3.26734e-13,,100,3.74185,0.000182672,-1,
pool_rate_hz,flow,conf50,10,51.6539,51.3115,0.34246,0.282605,0.402315,1.00667,5.4059,3.51518,7.29663,5.17748,12.088,16.6995,1.11447e-09,,100,3.74185,0.000182672,-1,
pool_rate_hz,flow,conf75,10,51.6539,51.4443,0.20962,0.131197,0.288043,1.00407,2.57014,1.38579,3.75448,2.46154,5.747,13.6436,5.58529e-05,,98,3.59066,0.000329839,-0.96,
pool_rate_hz,self,shuffle,10,51.0148,51.2562,-0.24139,-0.308209,-0.174571,0.995291,-3.39736,-4.7673,-2.02741,-3.25381,-7.59673,17.7751,5.5063e-07,5.5063e-07,1,-3.66626,0.000246128,0.98,0.000249938
pool_rate_hz,self,randmat,10,51.0148,51.3285,-0.31369,-0.375387,-0.251993,0.993889,-4.81284,-6.54282,-3.08286,-4.60948,-10.7618,16.3084,8.0479e-09,,0,-3.74185,0.000182672,1,0.000249938
pool_rate_hz,self,decorr,10,51.0148,51.5269,-0.51207,-0.583887,-0.440253,0.990062,-6.70001,-8.95376,-4.44626,-6.41692,-14.9817,17.9733,1.34625e-11,2.69251e-11,0,-3.74185,0.000182672,1,0.000249938
pool_rate_hz,self,conf25,10,51.0148,51.2167,-0.20188,-0.262605,-0.141155,0.996058,-3.15478,-4.46784,-1.84173,-3.02148,-7.05431,15.8169,2.90624e-06,,0,-3.74185,0.000182672,1,0.000249938
pool_rate_hz,self,conf50,10,51.0148,51.3115,-0.29666,-0.365551,-0.227769,0.994218,-4.04653,-5.57651,-2.51655,-3.87555,-9.04832,17.9637,4.13637e-08,,0,-3.74185,0.000182672,1,0.000249938
pool_rate_hz,self,conf75,10,51.0148,51.4443,-0.4295,-0.514151,-0.344849,0.991651,-4.79789,-6.52388,-3.07191,-4.59517,-10.7284,16.5215,7.36162e-09,,0,-3.74185,0.000182672,1,0.000249938
pool_rate_hz,shuffle,randmat,10,51.2562,51.3285,-0.0723,-0.129492,-0.0151075,0.998591,-1.19179,-2.14294,-0.240631,-1.14143,-2.66492,17.1873,0.0162192,,16,-2.53236,0.0113297,0.68,
pool_rate_hz,shuffle,decorr,10,51.2562,51.5269,-0.27068,-0.33902,-0.20234,0.994747,-3.72744,-5.17748,-2.2774,-3.56994,-8.33481,17.6021,1.60663e-07,,0,-3.74185,0.000182672,1,
pool_rate_hz,shuffle,conf25,10,51.2562,51.2167,0.03951,-0.0165835,0.0956035,1.00077,0.665273,-0.23517,1.56571,0.637162,1.48759,16.7742,0.155415,,76,1.92762,0.0539026,-0.52,
pool_rate_hz,shuffle,conf50,10,51.2562,51.3115,-0.05527,-0.120432,0.00989232,0.998923,-0.797189,-1.70786,0.113483,-0.763505,-1.78257,17.9175,0.0916091,,29,-1.54965,0.121225,0.42,
pool_rate_hz,shuffle,conf75,10,51.2562,51.4443,-0.18811,-0.270115,-0.106105,0.996343,-2.18002,-3.28668,-1.07335,-2.0879,-4.87466,15.5361,0.000183111,,8,-3.13711,0.00170625,0.84,
pool_rate_hz,randmat,decorr,10,51.3285,51.5269,-0.19838,-0.261795,-0.134965,0.99615,-2.96615,-4.23628,-1.69602,-2.84082,-6.63251,15.9737,5.80728e-06,,2,-3.59066,0.000329839,0.96,
pool_rate_hz,randmat,conf25,10,51.3285,51.2167,0.11181,0.0627363,0.160884,1.00218,2.14119,1.04183,3.24055,2.05072,4.78784,17.9434,0.000148475,,96,3.43948,0.00058284,-0.92,
pool_rate_hz,randmat,conf50,10,51.3285,51.3115,0.01703,-0.0427802,0.0768402,1.00033,0.269049,-0.61143,1.14953,0.257681,0.601612,16.6812,0.555521,,58,0.566947,0.57075,-0.16,
pool_rate_hz,randmat,conf75,10,51.3285,51.4443,-0.11581,-0.194204,-0.0374164,0.997749,-1.42065,-2.40152,-0.43977,-1.36062,-3.17666,13.6254,0.00692405,,18,-2.38118,0.0172575,0.64,
pool_rate_hz,decorr,conf25,10,51.5269,51.2167,0.31019,0.247705,0.372675,1.00606,4.71943,3.01435,6.42452,4.52002,10.553,15.4717,1.806e-08,,100,3.74185,0.000182672,-1,
pool_rate_hz,decorr,conf50,10,51.5269,51.3115,0.21541,0.145067,0.285753,1.0042,2.87863,1.62799,4.12927,2.75699,6.43681,17.8759,4.82286e-06,,98,3.59066,0.000329839,-0.96,
pool_rate_hz,decorr,conf75,10,51.5269,51.4443,0.08257,-0.0031375,0.168278,1.00161,0.909698,-0.0110442,1.83044,0.87126,2.03415,16.8299,0.0580098,,73,1.70084,0.088973,-0.46,
pool_rate_hz,conf25,conf50,10,51.2167,51.3115,-0.09478,-0.153568,-0.0359921,0.998153,-1.52686,-2.52294,-0.530776,-1.46234,-3.41416,16.2119,0.0034966,,12,-2.83473,0.00458639,0.76,
pool_rate_hz,conf25,conf75,10,51.2167,51.4443,-0.22762,-0.305351,-0.149889,0.995575,-2.82497,-4.06381,-1.58614,-2.70561,-6.31683,13.1934,2.49736e-05,,3,-3.51507,0.000439639,0.94,
pool_rate_hz,conf50,conf75,10,51.3115,51.4443,-0.13284,-0.21636,-0.0493198,0.997418,-1.50683,-2.49998,-0.513681,-1.44316,-3.36937,16.1393,0.00386521,,15,-2.60795,0.0091085,0.7,
injected_events,rest,flow,10,0,655071,-655071,-655733,-654409,0,-1001.76,-1312.21,-691.319,-959.436,-2240.01,9,3.58602e-27,,0,-3.99806,6.38644e-05,1,
injected_events,rest,self,10,0,655236,-655236,-655943,-654529,0,-937.509,-1228.04,-646.976,-897.896,-2096.33,9,6.51216e-27,,0,-3.99806,6.38644e-05,1,0.000249938
injected_events,rest,shuffle,10,0,655254,-655254,-655901,-654608,0,-1025.78,-1343.66,-707.889,-982.433,-2293.7,9,2.89754e-27,,0,-3.99806,6.38644e-05,1,
injected_events,rest,randmat,10,0,655097,-655097,-655562,-654632,0,-1424.76,-1866.29,-983.23,-1364.56,-3185.86,9,1.50601e-28,,0,-3.99806,6.38644e-05,1,
injected_events,rest,decorr,10,0,655787,-655787,-656412,-655161,0,-1060.95,-1389.74,-732.165,-1016.12,-2372.36,9,2.13914e-27,,0,-3.99806,6.38644e-05,1,
injected_events,rest,conf25,10,0,655485,-655485,-655991,-654979,0,-1310.42,-1716.52,-904.323,-1255.05,-2930.19,9,3.1975e-28,,0,-3.99977,6.34029e-05,1,
injected_events,rest,conf50,10,0,655586,-655586,-656059,-655112,0,-1399.82,-1833.63,-966.02,-1340.68,-3130.1,9,1.76541e-28,,0,-3.99806,6.38644e-05,1,
injected_events,rest,conf75,10,0,655430,-655430,-656053,-654807,0,-1064.49,-1394.37,-734.603,-1019.51,-2380.26,9,2.07609e-27,,0,-3.99806,6.38644e-05,1,
injected_events,flow,self,10,655071,655236,-165.4,-1064.96,734.161,0.999748,-0.172809,-1.05097,0.705348,-0.165508,-0.386413,17.9209,0.70374,1,41,-0.64254,0.520523,0.18,0.692077
injected_events,flow,shuffle,10,655071,655254,-183.4,-1042.33,675.528,0.99972,-0.200625,-1.07935,0.6781,-0.192148,-0.448611,17.9901,0.659069,,41,-0.64254,0.520523,0.18,
injected_events,flow,randmat,10,655071,655097,-25.7,-782.982,731.582,0.999961,-0.0321497,-0.908729,0.84443,-0.0307912,-0.0718888,16.1512,0.943573,,50,-0.0377964,0.96985,0,
injected_events,flow,decorr,10,655071,655787,-715.6,-1561.22,130.024,0.998909,-0.795273,-1.70578,0.115238,-0.76167,-1.77829,17.9432,0.0923067,,28.5,-1.58805,0.112276,0.43,
injected_events,flow,conf25,10,655071,655485,-413.8,-1191.15,363.553,0.999369,-0.502613,-1.39287,0.387641,-0.481376,-1.12388,16.8461,0.276826,,34,-1.17213,0.241145,0.32,
injected_events,flow,conf50,10,655071,655586,-514.5,-1275.87,246.869,0.999215,-0.639664,-1.53832,0.258995,-0.612636,-1.43033,16.3097,0.171501,,33,-1.24728,0.212294,0.34,
injected_events,flow,conf75,10,655071,655430,-359.4,-1203.51,484.712,0.999452,-0.400143,-1.28539,0.485108,-0.383236,-0.894747,17.9352,0.382773,,38,-0.869318,0.384673,0.24,
injected_events,self,shuffle,10,655236,655254,-18,-908.139,872.139,0.999973,-0.0190103,-0.895553,0.857532,-0.0182071,-0.0425084,17.8563,0.966565,1,53,0.188982,0.850107,-0.06,0.973007
injected_events,self,randmat,10,655236,655097,139.7,-655.254,934.654,1.00021,0.166987,-0.711062,1.04504,0.159931,0.373393,15.5613,0.713893,,57,0.491354,0.623176,-0.14,0.702574
injected_events,self,decorr,10,655236,655787,-550.2,-1427.78,327.376,0.999161,-0.589693,-1.48506,0.305677,-0.564777,-1.31859,17.735,0.20408,0.612241,35,-1.0961,0.273036,0.3,0.202949
injected_events,self,conf25,10,655236,655485,-248.4,-1061.99,565.189,0.999621,-0.289015,-1.1701,0.592071,-0.276803,-0.646258,16.3037,0.527105,,47,-0.189053,0.850051,0.06,0.524619
injected_events,self,conf50,10,655236,655586,-349.1,-1147.84,449.642,0.999467,-0.414944,-1.30085,0.470961,-0.397411,-0.927843,15.7262,0.367511,,43,-0.491354,0.623176,0.14,0.362659
injected_events,self,conf75,10,655236,655430,-194,-1070.15,682.15,0.999704,-0.208278,-1.08717,0.670618,-0.199477,-0.465723,17.7185,0.647087,,47,-0.188982,0.850107,0.06,0.635841
injected_events,shuffle,randmat,10,655254,655097,157.7,-587.168,902.568,1.00024,0.200366,-0.678353,1.07909,0.1919,0.448032,16.3522,0.660009,,57,0.491354,0.623176,-0.14,
injected_events,shuffle,decorr,10,655254,655787,-532.2,-1367.42,303.024,0.999188,-0.598729,-1.49467,0.297217,-0.573431,-1.3388,17.9805,0.197318,,33,-1.24728,0.212294,0.34,
injected_events,shuffle,conf25,10,655254,655485,-230.4,-995.851,535.051,0.999649,-0.283977,-1.16491,0.596952,-0.271978,-0.634992,17.0213,0.533877,,43,-0.491539,0.623046,0.14,
injected_events,shuffle,conf50,10,655254,655586,-331.1,-1080.16,417.962,0.999495,-0.418014,-1.30406,0.468029,-0.400351,-0.934708,16.5065,0.363412,,42,-0.566947,0.57075,0.16,
injected_events,shuffle,conf75,10,655254,655430,-176,-1009.68,657.683,0.999731,-0.198371,-1.07705,0.680304,-0.189989,-0.443572,17.9757,0.662645,,44,-0.415761,0.677585,0.12,
injected_events,randmat,decorr,10,655097,655787,-689.9,-1418.02,38.2247,0.998948,-0.895542,-1.81495,0.0238669,-0.857702,-2.00249,16.6254,0.0618186,,28,-1.62525,0.10411,0.44,
injected_events,randmat,conf25,10,655097,655485,-388.1,-1026.79,250.586,0.999408,-0.571217,-1.46544,0.323002,-0.547081,-1.27728,17.8737,0.217847,,35,-1.09651,0.272856,0.3,
injected_events,randmat,conf50,10,655097,655586,-488.8,-1105.46,127.862,0.999254,-0.744765,-1.65117,0.161635,-0.713296,-1.66535,17.9939,0.113158,,29,-1.54965,0.121225,0.42,
injected_events,randmat,conf75,10,655097,655430,-333.7,-1059.91,392.51,0.999491,-0.434246,-1.32104,0.452547,-0.415898,-0.971004,16.6566,0.345437,,39,-0.793725,0.427355,0.22,
injected_events,decorr,conf25,10,655787,655485,301.8,-447.632,1051.23,1.00046,0.379549,-0.504831,1.26393,0.363511,0.848697,17.2498,0.407674,,60,0.718403,0.472509,-0.2,
injected_events,decorr,conf50,10,655787,655586,201.1,-531.371,933.571,1.00031,0.259317,-0.620882,1.13952,0.24836,0.57985,16.7721,0.569724,,56,0.415761,0.677585,-0.12,
injected_events,decorr,conf75,10,655787,655430,356.2,-463.526,1175.93,1.00054,0.408273,-0.477334,1.29388,0.391022,0.912926,17.9997,0.373348,,67.5,1.28556,0.198596,-0.35,
injected_events,conf25,conf50,10,655485,655586,-100.7,-744.72,543.32,0.999846,-0.146957,-1.02466,0.730748,-0.140747,-0.328606,17.9225,0.746262,,49,-0.0378107,0.969839,0.02,
injected_events,conf25,conf75,10,655485,655430,54.4,-693.203,802.003,1.00008,0.0685742,-0.808206,0.945354,0.0656767,0.153337,17.2752,0.87991,,52,0.113432,0.909688,-0.04,
injected_events,conf50,conf75,10,655586,655430,155.1,-575.475,885.675,1.00024,0.200492,-0.67823,1.07921,0.19202,0.448313,16.8023,0.659655,,56,0.415761,0.677585,-0.12,
cx_rate_hz,rest,flow,10,0.252298,3.95225,-3.69995,-3.76547,-3.63443,0.0638366,-57.1202,-74.8433,-39.3971,-54.7067,-127.725,9.01294,5.38091e-16,,0,-3.74185,0.000182672,1,
cx_rate_hz,rest,self,10,0.252298,3.1721,-2.9198,-2.96705,-2.87255,0.0795367,-62.4931,-81.8794,-43.1068,-59.8526,-139.739,9.02488,2.29893e-16,,0,-3.74185,0.000182672,1,0.000249938
cx_rate_hz,rest,shuffle,10,0.252298,3.81946,-3.56716,-3.61361,-3.52072,0.066056,-77.6655,-101.75,-53.5812,-74.3838,-173.665,9.02575,3.22513e-17,,0,-3.74185,0.000182672,1,
cx_rate_hz,rest,randmat,10,0.252298,3.23486,-2.98256,-3.033,-2.93212,0.0779936,-59.8001,-78.3527,-41.2475,-57.2733,-133.717,9.02183,3.4557e-16,,0,-3.74185,0.000182672,1,
cx_rate_hz,rest,decorr,10,0.252298,3.96231,-3.71001,-3.78966,-3.63037,0.0636745,-47.1182,-61.7463,-32.4901,-45.1273,-105.359,9.00875,3.08701e-15,,0,-3.74185,0.000182672,1,
cx_rate_hz,rest,conf25,10,0.252298,3.41954,-3.16724,-3.23358,-3.10091,0.0737813,-48.2957,-63.288,-33.3033,-46.255,-107.992,9.01262,2.44214e-15,,0,-3.74185,0.000182672,1,
cx_rate_hz,rest,conf50,10,0.252298,3.63021,-3.37792,-3.443,-3.31284,0.0694996,-52.4976,-68.7901,-36.2051,-50.2794,-117.388,9.01311,1.15016e-15,,0,-3.74185,0.000182672,1,
cx_rate_hz,rest,conf75,10,0.252298,3.8528,-3.6005,-3.67585,-3.52514,0.0654845,-48.3299,-63.3328,-33.327,-46.2878,-108.069,9.00978,2.44834e-15,,0,-3.74185,0.000182672,1,
cx_rate_hz,flow,self,10,3.95225,3.1721,0.78015,0.704606,0.855694,1.24594,9.77275,6.61991,12.9256,9.35981,21.8525,16.3672,1.53417e-13,3.06835e-13,100,3.74185,0.000182672,-1,0.000249938
cx_rate_hz,flow,shuffle,10,3.95225,3.81946,0.132786,0.0576242,0.207948,1.03477,1.67304,0.654656,2.69142,1.60235,3.74103,16.2209,0.00174459,,89,2.91033,0.00361051,-0.78,
cx_rate_hz,flow,randmat,10,3.95225,3.23486,0.71739,0.640252,0.794528,1.22177,8.77919,5.92083,11.6375,8.40824,19.6309,16.8943,4.57237e-13,,100,3.74185,0.000182672,-1,
cx_rate_hz,flow,decorr,10,3.95225,3.96231,-0.010062,-0.106086,0.0859624,0.997461,-0.0987159,-0.975772,0.77834,-0.0945448,-0.220735,17.3543,0.827874,,47,-0.188982,0.850107,0.06,
cx_rate_hz,flow,conf25,10,3.95225,3.41954,0.532706,0.44613,0.619282,1.15578,5.78123,3.78672,7.77574,5.53695,12.9272,17.9972,1.51209e-10,,100,3.74185,0.000182672,-1,
cx_rate_hz,flow,conf50,10,3.95225,3.63021,0.322035,0.236282,0.407788,1.08871,3.52844,2.12703,4.92984,3.37935,7.88983,17.9992,2.98504e-07,,100,3.74185,0.000182672,-1,
cx_rate_hz,flow,conf75,10,3.95225,3.8528,0.099453,0.00659889,0.192307,1.02581,1.00773,0.0772355,1.93822,0.965149,2.25335,17.6586,0.0372035,,80,2.22999,0.0257481,-0.6,
cx_rate_hz,self,shuffle,10,3.1721,3.81946,-0.647364,-0.708879,-0.585849,0.830509,-9.88778,-13.0749,-6.70068,-9.46999,-22.1098,17.9947,1.70496e-14,5.11488e-14,0,-3.74185,0.000182672,1,0.000249938
cx_rate_hz,self,randmat,10,3.1721,3.23486,-0.06276,-0.126949,0.00142881,0.980599,-0.918928,-1.84055,0.0026946,-0.8801,-2.05478,17.9236,0.0547746,,27,-1.70084,0.088973,0.46,0.0517371
cx_rate_hz,self,decorr,10,3.1721,3.96231,-0.790212,-0.877644,-0.70278,0.800568,-8.63393,-11.4495,-5.81838,-8.26911,-19.306,14.6348,8.10038e-12,8.10038e-12,0,-3.74185,0.000182672,1,0.000249938
cx_rate_hz,self,conf25,10,3.1721,3.41954,-0.247444,-0.323647,-0.171241,0.927638,-3.07445,-4.36907,-1.77982,-2.94454,-6.87467,16.2618,3.42359e-06,,1,-3.66626,0.000246128,0.98,0.000249938
cx_rate_hz,self,conf50,10,3.1721,3.63021,-0.458115,-0.533309,-0.382921,0.873805,-5.7639,-7.75358,-3.77421,-5.52035,-12.8885,16.4234,5.21517e-10,,0,-3.74185,0.000182672,1,0.000249938
cx_rate_hz,self,conf75,10,3.1721,3.8528,-0.680697,-0.764426,-0.596968,0.823324,-7.74374,-10.2986,-5.18891,-7.41654,-17.3155,15.1275,2.196e-11,,0,-3.74185,0.000182672,1,0.000249938
cx_rate_hz,shuffle,randmat,10,3.81946,3.23486,0.584604,0.520911,0.648297,1.18072,8.62787,5.81411,11.4416,8.26332,19.2925,17.8788,2.04477e-13,,100,3.74185,0.000182672,-1,
cx_rate_hz,shuffle,decorr,10,3.81946,3.96231,-0.142848,-0.229977,-0.0557194,0.963948,-1.56765,-2.5698,-0.565502,-1.50141,-3.50538,14.4851,0.00334023,,14,-2.68355,0.00728456,0.72,
cx_rate_hz,shuffle,conf25,10,3.81946,3.41954,0.39992,0.324094,0.475746,1.11695,4.99732,3.21782,6.77682,4.78617,11.1744,16.1136,5.3173e-09,,100,3.74185,0.000182672,-1,
cx_rate_hz,shuffle,conf50,10,3.81946,3.63021,0.189249,0.114441,0.264057,1.05213,2.39504,1.24648,3.54359,2.29384,5.35547,16.2782,6.07221e-05,,96,3.43948,0.00058284,-0.92,
cx_rate_hz,shuffle,conf75,10,3.81946,3.8528,-0.033333,-0.116737,0.0500709,0.991348,-0.381016,-1.26546,0.503423,-0.364917,-0.851978,14.9741,0.407646,,44,-0.415761,0.677585,0.12,
cx_rate_hz,randmat,decorr,10,3.23486,3.96231,-0.727452,-0.816156,-0.638748,0.816407,-7.80751,-10.3809,-5.23411,-7.47761,-17.4581,15.2175,1.77019e-11,,0,-3.74185,0.000182672,1,
cx_rate_hz,randmat,conf25,10,3.23486,3.41954,-0.184684,-0.26246,-0.106908,0.945992,-2.24254,-3.36114,-1.12394,-2.14779,-5.01447,16.7993,0.000110082,,5,-3.36388,0.000768539,0.9,
cx_rate_hz,randmat,conf50,10,3.23486,3.63021,-0.395355,-0.472154,-0.318556,0.891093,-4.8585,-6.60069,-3.11631,-4.65321,-10.8639,16.9446,4.6951e-09,,0,-3.74185,0.000182672,1,
cx_rate_hz,randmat,conf75,10,3.23486,3.8528,-0.617937,-0.703026,-0.532848,0.839613,-6.89517,-9.20475,-4.58558,-6.60382,-15.4181,15.7152,6.61927e-11,,0,-3.74185,0.000182672,1,
cx_rate_hz,decorr,conf25,10,3.96231,3.41954,0.542768,0.446291,0.639245,1.15873,5.29826,3.43703,7.1595,5.07439,11.8473,17.4293,9.11254e-10,,100,3.74185,0.000182672,-1,
cx_rate_hz,decorr,conf50,10,3.96231,3.63021,0.332097,0.236313,0.427881,1.09148,3.26688,1.92776,4.606,3.12884,7.30496,17.3123,1.10239e-06,,100,3.74185,0.000182672,-1,
cx_rate_hz,decorr,conf75,10,3.96231,3.8528,0.109515,0.00767392,0.211356,1.02842,1.01058,0.0797897,1.94137,0.96788,2.25973,17.9451,0.0365157,,78,2.0788,0.0376353,-0.56,
cx_rate_hz,conf25,conf50,10,3.41954,3.63021,-0.210671,-0.296964,-0.124378,0.941967,-2.29385,-3.42239,-1.1653,-2.19692,-5.1292,17.9935,7.03314e-05,,4,-3.43948,0.00058284,0.92,
cx_rate_hz,conf25,conf75,10,3.41954,3.8528,-0.433253,-0.526585,-0.339921,0.887548,-4.36656,-5.97882,-2.75429,-4.18205,-9.76392,17.7148,1.49646e-08,,0,-3.74185,0.000182672,1,
cx_rate_hz,conf50,conf75,10,3.63021,3.8528,-0.222582,-0.315183,-0.129981,0.942228,-2.26183,-3.38415,-1.13951,-2.16626,-5.0576,17.6264,8.72299e-05,,2,-3.59066,0.000329839,0.96,
cx_active_fraction,rest,flow,10,0.0135005,0.214465,-0.200965,-0.204593,-0.197336,0.0629495,-55.9308,-73.2857,-38.5758,-53.5675,-125.065,9.10869,4.75124e-16,,0,-3.76743,0.000164937,1,
cx_active_fraction,rest,self,10,0.0135005,0.169624,-0.156123,-0.15877,-0.153477,0.0795906,-59.4724,-77.9235,-41.0212,-56.9594,-132.984,9.20467,1.9725e-16,,0,-3.7703,0.000163049,1,0.000249938
cx_active_fraction,rest,shuffle,10,0.0135005,0.208293,-0.194793,-0.197929,-0.191656,0.0648148,-62.6705,-82.1117,-43.2293,-60.0224,-140.135,9.14553,1.48834e-16,,0,-3.76743,0.000164937,1,
cx_active_fraction,rest,randmat,10,0.0135005,0.175603,-0.162102,-0.166154,-0.15805,0.0768808,-40.414,-52.9688,-27.8592,-38.7064,-90.3684,9.08711,9.74815e-15,,0,-3.76887,0.000163991,1,
cx_active_fraction,rest,decorr,10,0.0135005,0.200964,-0.187464,-0.192088,-0.182839,0.0671785,-40.9642,-53.6891,-28.2392,-39.2333,-91.5986,9.06685,9.15655e-15,,0,-3.76887,0.000163991,1,
cx_active_fraction,rest,conf25,10,0.0135005,0.173674,-0.160174,-0.164947,-0.1554,0.0777345,-33.9099,-44.455,-23.3648,-32.4771,-75.8248,9.06273,5.12861e-14,,0,-3.76743,0.000164937,1,
cx_active_fraction,rest,conf50,10,0.0135005,0.185198,-0.171697,-0.176272,-0.167123,0.0728976,-37.9264,-49.7124,-26.1405,-36.3239,-84.806,9.06831,1.83217e-14,,0,-3.76743,0.000164937,1,
cx_active_fraction,rest,conf75,10,0.0135005,0.19648,-0.18298,-0.188839,-0.177121,0.0687115,-31.574,-41.3979,-21.7501,-30.2399,-70.6016,9.04163,1.0359e-13,,0,-3.76887,0.000163991,1,
cx_active_fraction,flow,self,10,0.214465,0.169624,0.0448411,0.0406483,0.0490339,1.26436,10.1165,6.86121,13.3718,9.68906,22.6212,16.4555,7.91497e-14,1.68321e-13,100,3.74466,0.000180635,-1,0.000249938
cx_active_fraction,flow,shuffle,10,0.214465,0.208293,0.0061719,0.00171676,0.010627,1.02963,1.30358,0.338442,2.26871,1.2485,2.91489,17.6296,0.00938867,,84,2.53427,0.0112682,-0.68,
cx_active_fraction,flow,randmat,10,0.214465,0.175603,0.0388623,0.0338119,0.0439127,1.22131,7.23606,4.8284,9.64372,6.93031,16.1803,17.7841,4.40974e-12,,100,3.74326,0.000181651,-1,
cx_active_fraction,flow,decorr,10,0.214465,0.200964,0.0135008,0.00802437,0.0189772,1.06718,2.32573,1.19094,3.46052,2.22746,5.20049,17.0323,7.17594e-05,,98,3.59201,0.000328133,-0.96,
cx_active_fraction,flow,conf25,10,0.214465,0.173674,0.0407908,0.0351982,0.0463834,1.23487,6.88832,4.5807,9.19594,6.59727,15.4028,16.793,2.45582e-11,,100,3.74185,0.000182672,-1,
cx_active_fraction,flow,conf50,10,0.214465,0.185198,0.0292673,0.0238292,0.0347054,1.15803,5.07558,3.27493,6.87623,4.86112,11.3494,17.1098,2.18603e-09,,100,3.74185,0.000182672,-1,
cx_active_fraction,flow,conf75,10,0.214465,0.19648,0.0179846,0.0114962,0.024473,1.09153,2.64192,1.44251,3.84134,2.53029,5.90752,15.0119,2.86729e-05,,98,3.59201,0.000328133,-0.96,
cx_active_fraction,self,shuffle,10,0.169624,0.208293,-0.0386692,-0.0424816,-0.0348568,0.814352,-9.54946,-12.6359,-6.46302,-9.14596,-21.3532,17.5007,5.6107e-14,1.68321e-13,0,-3.74466,0.000180635,1,0.000249938
cx_active_fraction,self,randmat,10,0.169624,0.175603,-0.0059788,-0.0105204,-0.0014372,0.965953,-1.25144,-2.20993,-0.292954,-1.19856,-2.7983,15.4857,0.0131935,,17.5,-2.42262,0.0154091,0.65,0.0102474
cx_active_fraction,self,decorr,10,0.169624,0.200964,-0.0313403,-0.0363763,-0.0263043,0.84405,-5.95703,-8.00062,-3.91344,-5.70532,-13.3203,14.3118,1.84656e-09,1.84656e-09,0,-3.74608,0.000179623,1,0.000249938
cx_active_fraction,self,conf25,10,0.169624,0.173674,-0.0040503,-0.00921843,0.00111783,0.976679,-0.751501,-1.65843,0.155433,-0.719747,-1.68041,14.0427,0.114977,,29.5,-1.51471,0.129846,0.41,0.109973
cx_active_fraction,self,conf50,10,0.169624,0.185198,-0.0155738,-0.0205659,-0.0105817,0.915907,-2.98443,-4.25866,-1.7102,-2.85833,-6.67339,14.4052,9.13316e-06,,0,-3.74466,0.000180635,1,0.000249938
cx_active_fraction,self,conf75,10,0.169624,0.19648,-0.0268565,-0.0330157,-0.0206973,0.863312,-4.22942,-5.80618,-2.65265,-4.05071,-9.45727,12.515,4.66074e-07,,0,-3.74608,0.000179623,1,0.000249938
cx_active_fraction,shuffle,randmat,10,0.208293,0.175603,0.0326904,0.0279155,0.0374653,1.18616,6.46171,4.27581,8.64762,6.18868,14.4488,16.9322,5.93536e-11,,100,3.74326,0.000181651,-1,
cx_active_fraction,shuffle,decorr,10,0.208293,0.200964,0.0073289,0.00209291,0.0125649,1.03647,1.32818,0.359827,2.29653,1.27206,2.9699,15.8273,0.00911139,,83.5,2.49833,0.0124782,-0.67,
cx_active_fraction,shuffle,conf25,10,0.208293,0.173674,0.0346189,0.0292584,0.0399794,1.19933,6.13734,4.04313,8.23154,5.87801,13.7235,15.5429,4.23814e-10,,100,3.74185,0.000182672,-1,
cx_active_fraction,shuffle,conf50,10,0.208293,0.185198,0.0230954,0.0179006,0.0282902,1.12471,4.21657,2.64311,5.79003,4.03841,9.42854,15.9235,6.45168e-08,,100,3.74185,0.000182672,-1,
cx_active_fraction,shuffle,conf75,10,0.208293,0.19648,0.0118127,0.00550592,0.0181195,1.06012,1.79951,0.760629,2.8384,1.72348,4.02383,13.7589,0.0012978,,89,2.91361,0.00357271,-0.78,
cx_active_fraction,randmat,decorr,10,0.175603,0.200964,-0.0253615,-0.0310741,-0.0196489,0.873801,-4.17642,-5.73955,-2.61328,-3.99995,-9.33875,17.6934,2.94604e-08,,0,-3.74466,0.000180635,1,
cx_active_fraction,randmat,conf25,10,0.175603,0.173674,0.0019285,-0.00389303,0.00775003,1.0111,0.31184,-0.569994,1.19367,0.298664,0.697296,17.5357,0.49476,,57,0.491909,0.622784,-0.14,
cx_active_fraction,randmat,conf50,10,0.175603,0.185198,-0.009595,-0.0152717,-0.00391825,0.948191,-1.58974,-2.59522,-0.584253,-1.52257,-3.55476,17.7404,0.00230617,,13,-2.7633,0.00572203,0.74,
cx_active_fraction,randmat,conf75,10,0.175603,0.19648,-0.0208777,-0.027549,-0.0142064,0.893742,-2.96687,-4.23716,-1.69658,-2.84151,-6.63412,16.0022,5.7386e-06,,0.5,-3.70824,0.000208708,0.99,
cx_active_fraction,decorr,conf25,10,0.200964,0.173674,0.02729,0.0211214,0.0334586,1.15713,4.1569,2.59877,5.71504,3.98126,9.29512,17.9819,2.74135e-08,,100,3.74326,0.000181651,-1,
cx_active_fraction,decorr,conf50,10,0.200964,0.185198,0.0157665,0.00972966,0.0218033,1.08513,2.45388,1.29346,3.61431,2.3502,5.48705,17.9979,3.27744e-05,,95,3.36515,0.000765023,-0.9,
cx_active_fraction,decorr,conf75,10,0.200964,0.19648,0.0044838,-0.00247126,0.0114389,1.02282,0.608074,-0.288476,1.50462,0.58238,1.35969,17.0767,0.191611,,67,1.24822,0.21195,-0.34,
cx_active_fraction,conf25,conf50,10,0.173674,0.185198,-0.0115235,-0.0176604,-0.00538662,0.937777,-1.76449,-2.79758,-0.731387,-1.68993,-3.94551,17.9674,0.000951072,,10.5,-2.94923,0.00318565,0.79,
cx_active_fraction,conf25,conf75,10,0.173674,0.19648,-0.0228062,-0.0298416,-0.0157708,0.883926,-3.05466,-4.34477,-1.76454,-2.92559,-6.83042,17.2927,2.66938e-06,,0,-3.74326,0.000181651,1,
cx_active_fraction,conf50,conf75,10,0.185198,0.19648,-0.0112827,-0.0182115,-0.0043539,0.942576,-1.53645,-2.53395,-0.53895,-1.47153,-3.4356,16.9983,0.00315534,,12.5,-2.79904,0.00512544,0.75,
ring_rate_hz,rest,flow,10,0,20.2397,-20.2397,-20.7705,-19.7089,0,-38.5775,-50.5647,-26.5904,-36.9475,-86.262,9,1.91578e-14,,0,-3.99806,6.38644e-05,1,
ring_rate_hz,rest,self,10,0,18.0206,-18.0206,-18.3985,-17.6427,0,-48.2428,-63.2188,-33.2668,-46.2044,-107.874,9,2.56591e-15,,0,-3.99806,6.38644e-05,1,0.000249938
ring_rate_hz,rest,shuffle,10,0,19.3554,-19.3554,-19.6608,-19.05,0,-64.1142,-84.0024,-44.226,-61.4052,-143.364,9,1.98673e-16,,0,-3.99806,6.38644e-05,1,
ring_rate_hz,rest,randmat,10,0,19.2711,-19.2711,-19.7338,-18.8083,0,-42.1327,-55.2189,-29.0465,-40.3525,-94.2116,9,8.67223e-15,,0,-3.99806,6.38644e-05,1,
ring_rate_hz,rest,decorr,10,0,20.8926,-20.8926,-21.4918,-20.2935,0,-35.2783,-46.246,-24.3105,-33.7876,-78.8846,9,4.27932e-14,,0,-3.99806,6.38644e-05,1,
ring_rate_hz,rest,conf25,10,0,18.9691,-18.9691,-19.535,-18.4032,0,-33.9112,-44.4567,-23.3657,-32.4783,-75.8277,9,6.10436e-14,,0,-3.99806,6.38644e-05,1,
ring_rate_hz,rest,conf50,10,0,19.9392,-19.9392,-20.4799,-19.3985,0,-37.3086,-48.9037,-25.7136,-35.7322,-83.4247,9,2.58777e-14,,0,-3.99806,6.38644e-05,1,
ring_rate_hz,rest,conf75,10,0,20.6779,-20.6779,-21.2255,-20.1303,0,-38.2022,-50.0734,-26.3311,-36.5881,-85.4228,9,2.09178e-14,,0,-3.99977,6.34029e-05,1,
ring_rate_hz,flow,self,10,20.2397,18.0206,2.21911,1.60932,2.8289,1.12314,3.4456,2.06413,4.82707,3.30001,7.7046,16.2591,8.11277e-07,1.62255e-06,100,3.74185,0.000182672,-1,0.000249938
ring_rate_hz,flow,shuffle,10,20.2397,19.3554,0.8843,0.305108,1.46349,1.04569,1.46092,0.474376,2.44745,1.39919,3.26671,14.371,0.0054579,,88.5,2.87361,0.00405809,-0.77,
ring_rate_hz,flow,randmat,10,20.2397,19.2711,0.96863,0.313792,1.62347,1.05026,1.39164,0.414769,2.36852,1.33284,3.11181,17.6715,0.00612206,,81,2.30558,0.0211339,-0.62,
ring_rate_hz,flow,decorr,10,20.2397,20.8926,-0.65295,-1.3971,0.0911999,0.968747,-0.825272,-1.73834,0.0877995,-0.790401,-1.84536,17.7421,0.0817421,,28.5,-1.58805,0.112276,0.43,
ring_rate_hz,flow,conf25,10,20.2397,18.9691,1.27059,0.549815,1.99137,1.06698,1.65675,0.640931,2.67258,1.58675,3.70461,17.9266,0.00163131,,84,2.53236,0.0113297,-0.68,
ring_rate_hz,flow,conf50,10,20.2397,19.9392,0.30048,-0.403194,1.00415,1.01507,0.401217,-0.48408,1.28651,0.384264,0.897149,17.9939,0.381487,,60,0.718132,0.472676,-0.2,
ring_rate_hz,flow,conf75,10,20.2397,20.6779,-0.43824,-1.14654,0.270064,0.978806,-0.581363,-1.47621,0.313484,-0.556798,-1.29997,17.9825,0.210029,,31,-1.39899,0.161815,0.38,
ring_rate_hz,self,shuffle,10,18.0206,19.3554,-1.33481,-1.78749,-0.88213,0.931037,-2.77923,-4.00809,-1.55037,-2.6618,-6.21455,17.2411,8.84487e-06,8.84487e-06,2,-3.59066,0.000329839,0.96,0.000249938
ring_rate_hz,self,randmat,10,18.0206,19.2711,-1.25048,-1.80692,-0.69404,0.935111,-2.11752,-3.21247,-1.02257,-2.02805,-4.73492,17.3091,0.000182783,,4,-3.43948,0.00058284,0.92,0.000499875
ring_rate_hz,self,decorr,10,18.0206,20.8926,-2.87206,-3.53879,-2.20533,0.862533,-4.10185,-5.64591,-2.55779,-3.92853,-9.17201,15.1825,1.393e-07,4.17901e-07,0,-3.74185,0.000182672,1,0.000249938
ring_rate_hz,self,conf25,10,18.0206,18.9691,-0.94852,-1.58722,-0.309824,0.949997,-1.41016,-2.38958,-0.430741,-1.35058,-3.15322,15.6953,0.00627143,,15,-2.60795,0.0091085,0.7,0.00374906
ring_rate_hz,self,conf50,10,18.0206,19.9392,-1.91863,-2.53649,-1.30077,0.903776,-2.9425,-4.20733,-1.67766,-2.81817,-6.57963,16.0991,6.14459e-06,,1,-3.66626,0.000246128,0.98,0.000249938
ring_rate_hz,self,conf75,10,18.0206,20.6779,-2.65735,-3.28088,-2.03382,0.871489,-4.04064,-5.56912,-2.51216,-3.86991,-9.03514,15.9876,1.11237e-07,,0,-3.74326,0.000181651,1,0.000249938
ring_rate_hz,shuffle,randmat,10,19.3554,19.2711,0.08433,-0.436346,0.605006,1.00438,0.153877,-0.723942,1.0317,0.147375,0.344079,15.5907,0.735384,,57,0.491354,0.623176,-0.14,
ring_rate_hz,shuffle,decorr,10,19.3554,20.8926,-1.53725,-2.17762,-0.896879,0.926421,-2.31259,-3.4448,-1.18038,-2.21487,-5.17111,13.3815,0.000163979,,4,-3.43948,0.00058284,0.92,
ring_rate_hz,shuffle,conf25,10,19.3554,18.9691,0.38629,-0.224094,0.996674,1.02036,0.607718,-0.288809,1.50424,0.582039,1.3589,13.8328,0.195925,,62.5,0.907456,0.364166,-0.25,
ring_rate_hz,shuffle,conf50,10,19.3554,19.9392,-0.58382,-1.17175,0.0041076,0.97072,-0.951141,-1.8759,-0.0263852,-0.910952,-2.12682,14.2127,0.0514157,,26.5,-1.73929,0.0819837,0.47,
ring_rate_hz,shuffle,conf75,10,19.3554,20.6779,-1.32254,-1.91659,-0.728485,0.936041,-2.13392,-3.23192,-1.03592,-2.04375,-4.77158,14.1053,0.000292072,,4,-3.44077,0.00058006,0.92,
ring_rate_hz,randmat,decorr,10,19.2711,20.8926,-1.62158,-2.32788,-0.915284,0.922385,-2.16705,-3.27127,-1.06284,-2.07549,-4.84568,16.9191,0.000153508,,6,-3.28829,0.00100798,0.88,
ring_rate_hz,randmat,conf25,10,19.2711,18.9691,0.30196,-0.378863,0.982783,1.01592,0.417897,-0.468141,1.30394,0.40024,0.934447,17.3169,0.362922,,63.5,0.983077,0.325569,-0.27,
ring_rate_hz,randmat,conf50,10,19.2711,19.9392,-0.66815,-1.33021,-0.00609126,0.966491,-0.949829,-1.87446,-0.0252029,-0.909695,-2.12388,17.5807,0.0481433,,23,-2.00321,0.0451546,0.54,
ring_rate_hz,randmat,conf75,10,19.2711,20.6779,-1.40687,-2.07402,-0.73972,0.931963,-1.98528,-3.05617,-0.914392,-1.9014,-4.43923,17.5126,0.000336589,,6.5,-3.25294,0.00114217,0.87,
ring_rate_hz,decorr,conf25,10,20.8926,18.9691,1.92354,1.15796,2.68912,1.1014,2.36123,1.21942,3.50304,2.26146,5.27986,17.9417,5.14041e-05,,94,3.28829,0.00100798,-0.88,
ring_rate_hz,decorr,conf50,10,20.8926,19.9392,0.95343,0.203362,1.7035,1.04782,1.1952,0.243628,2.14676,1.14469,2.67254,17.8135,0.0156258,,79,2.1544,0.031209,-0.58,
ring_rate_hz,decorr,conf75,10,20.8926,20.6779,0.21471,-0.539549,0.968969,1.01038,0.267613,-0.612824,1.14805,0.256306,0.598401,17.8563,0.557087,,58,0.56716,0.570606,-0.16,
ring_rate_hz,conf25,conf50,10,18.9691,19.9392,-0.97011,-1.69711,-0.243115,0.951347,-1.25395,-2.21275,-0.295146,-1.20096,-2.80391,17.9627,0.0117543,,20,-2.22999,0.0257481,0.6,
ring_rate_hz,conf25,conf75,10,18.9691,20.6779,-1.70883,-2.44023,-0.977435,0.91736,-2.19536,-3.30493,-1.08579,-2.1026,-4.90897,17.9806,0.000113443,,4,-3.44077,0.00058006,0.92,
ring_rate_hz,conf50,conf75,10,19.9392,20.6779,-0.73872,-1.45342,-0.0240244,0.964275,-0.971155,-1.89791,-0.0444041,-0.930121,-2.17157,17.9971,0.0435014,,23,-2.00397,0.0450738,0.54,
columnar_rate_hz,rest,flow,10,0,0.604569,-0.604569,-0.631831,-0.577307,0,-22.4352,-29.4428,-15.4275,-21.4872,-50.1666,9,2.49342e-12,,0,-3.99977,6.34029e-05,1,
columnar_rate_hz,rest,self,10,0,0.396847,-0.396847,-0.414713,-0.378981,0,-22.4712,-29.4899,-15.4525,-21.5217,-50.2471,9,2.4578e-12,,0,-3.99806,6.38644e-05,1,0.000249938
columnar_rate_hz,rest,shuffle,10,0,0.581596,-0.581596,-0.603159,-0.560033,0,-27.2865,-35.7878,-18.7851,-26.1335,-61.0144,9,4.30221e-13,,0,-3.99806,6.38644e-05,1,
columnar_rate_hz,rest,randmat,10,0,0.458108,-0.458108,-0.474525,-0.441692,0,-28.2312,-37.0238,-19.4386,-27.0383,-63.1269,9,3.1691e-13,,0,-3.99806,6.38644e-05,1,
columnar_rate_hz,rest,decorr,10,0,0.611679,-0.611679,-0.629056,-0.594303,0,-35.6119,-46.6827,-24.5411,-34.1072,-79.6307,9,3.93213e-14,,0,-3.99806,6.38644e-05,1,
columnar_rate_hz,rest,conf25,10,0,0.453378,-0.453378,-0.477026,-0.42973,0,-19.3957,-25.4699,-13.3214,-18.5762,-43.3701,9,9.19768e-12,,0,-3.99977,6.34029e-05,1,
columnar_rate_hz,rest,conf50,10,0,0.52426,-0.52426,-0.543844,-0.504676,0,-27.0822,-35.5206,-18.6439,-25.9379,-60.5577,9,4.6025e-13,,0,-3.99806,6.38644e-05,1,
columnar_rate_hz,rest,conf75,10,0,0.585232,-0.585232,-0.616363,-0.5541,0,-19.018,-24.9765,-13.0596,-18.2144,-42.5256,9,1.09698e-11,,0,-3.99806,6.38644e-05,1,
columnar_rate_hz,flow,self,10,0.604569,0.396847,0.207722,0.177101,0.238343,1.52343,6.44725,4.26545,8.62905,6.17483,14.4165,15.5269,2.10722e-10,2.10722e-10,100,3.74326,0.000181651,-1,0.000249938
columnar_rate_hz,flow,shuffle,10,0.604569,0.581596,0.0229729,-0.0094316,0.0553774,1.0395,0.668635,-0.232046,1.56932,0.640383,1.49511,17.0934,0.153118,,68,1.32337,0.185711,-0.36,
columnar_rate_hz,flow,randmat,10,0.604569,0.458108,0.146461,0.116436,0.176486,1.31971,4.65606,2.96779,6.34433,4.45932,10.4113,14.7686,3.40582e-08,,100,3.74326,0.000181651,-1,
columnar_rate_hz,flow,decorr,10,0.604569,0.611679,-0.0071104,-0.0375232,0.0233024,0.988376,-0.222506,-1.10174,0.656724,-0.213105,-0.497539,15.2769,0.625894,,43,-0.491539,0.623046,0.14,
columnar_rate_hz,flow,conf25,10,0.604569,0.453378,0.151191,0.117626,0.184756,1.33348,4.23824,2.6592,5.81728,4.05916,9.47699,17.6479,2.42241e-08,,100,3.74466,0.000180635,-1,
columnar_rate_hz,flow,conf50,10,0.604569,0.52426,0.0803088,0.0489051,0.111712,1.15319,2.42042,1.26676,3.57407,2.31815,5.41222,16.3354,5.35757e-05,,96,3.44077,0.00058006,-0.92,
columnar_rate_hz,flow,conf75,10,0.604569,0.585232,0.0193371,-0.0191424,0.0578166,1.03304,0.472748,-0.415934,1.36143,0.452773,1.0571,17.6919,0.304689,,68,1.32337,0.185711,-0.36,
columnar_rate_hz,self,shuffle,10,0.396847,0.581596,-0.184749,-0.210821,-0.158677,0.682341,-6.67443,-8.92087,-4.42798,-6.39241,-14.9245,17.3988,2.36164e-11,4.72327e-11,0,-3.74185,0.000182672,1,0.000249938
columnar_rate_hz,self,randmat,10,0.396847,0.458108,-0.0612613,-0.0838066,-0.038716,0.866273,-2.55433,-3.73538,-1.37327,-2.4464,-5.71165,17.8726,2.10124e-05,,1,-3.66626,0.000246128,0.98,0.000249938
columnar_rate_hz,self,decorr,10,0.396847,0.611679,-0.214832,-0.23798,-0.191685,0.648783,-8.72044,-11.5615,-5.8794,-8.35197,-19.4995,17.9861,1.51409e-13,4.54227e-13,0,-3.74185,0.000182672,1,0.000249938
columnar_rate_hz,self,conf25,10,0.396847,0.453378,-0.0565314,-0.0842053,-0.0288575,0.875311,-1.92963,-2.99071,-0.868555,-1.8481,-4.31478,16.7495,0.000484656,,5,-3.36515,0.000765023,0.9,0.000249938
columnar_rate_hz,self,conf50,10,0.396847,0.52426,-0.127413,-0.152048,-0.102779,0.756966,-4.86246,-6.60572,-3.11921,-4.65701,-10.8728,17.8504,2.65659e-09,,0,-3.74185,0.000182672,1,0.000249938
columnar_rate_hz,self,conf75,10,0.396847,0.585232,-0.188385,-0.222339,-0.154431,0.678102,-5.30961,-7.17394,-3.44527,-5.08526,-11.8726,14.3483,8.19365e-09,,0,-3.74185,0.000182672,1,0.000249938
columnar_rate_hz,shuffle,randmat,10,0.581596,0.458108,0.123488,0.09819,0.148786,1.26956,4.60974,2.93372,6.28575,4.41496,10.3077,16.8094,1.10837e-08,,100,3.74185,0.000182672,-1,
columnar_rate_hz,shuffle,decorr,10,0.581596,0.611679,-0.0300833,-0.0558863,-0.00428031,0.950819,-1.09898,-2.03934,-0.158616,-1.05254,-2.45739,17.2218,0.024879,,20,-2.22999,0.0257481,0.6,
columnar_rate_hz,shuffle,conf25,10,0.581596,0.453378,0.128218,0.0984776,0.157958,1.28281,4.05317,2.5215,5.58483,3.88191,9.06316,17.8488,4.26152e-08,,100,3.74326,0.000181651,-1,
columnar_rate_hz,shuffle,conf50,10,0.581596,0.52426,0.0573359,0.0302652,0.0844066,1.10937,1.99131,0.919344,3.06327,1.90717,4.4527,17.8357,0.000313807,,92,3.13711,0.00170625,-0.84,
columnar_rate_hz,shuffle,conf75,10,0.581596,0.585232,-0.0036358,-0.0391209,0.0318493,0.993787,-0.0971274,-0.974167,0.779912,-0.0930234,-0.217183,16.0199,0.830807,,48.5,-0.0756213,0.93972,0.03,
columnar_rate_hz,randmat,decorr,10,0.458108,0.611679,-0.153571,-0.175777,-0.131365,0.748935,-6.4992,-8.69575,-4.30265,-6.22459,-14.5327,17.9421,2.29502e-11,,0,-3.74185,0.000182672,1,
columnar_rate_hz,randmat,conf25,10,0.458108,0.453378,0.0047299,-0.022242,0.0317018,1.01043,0.166221,-0.711814,1.04426,0.159197,0.371681,16.0395,0.714995,,54.5,0.302599,0.762195,-0.09,
columnar_rate_hz,randmat,conf50,10,0.458108,0.52426,-0.0661519,-0.0899369,-0.0423669,0.873819,-2.61887,-3.81342,-1.42432,-2.50821,-5.85597,17.4674,1.71002e-05,,2,-3.59066,0.000329839,0.96,
columnar_rate_hz,randmat,conf75,10,0.458108,0.585232,-0.127124,-0.160574,-0.0936735,0.782781,-3.65415,-5.08616,-2.22214,-3.49975,-8.17093,13.646,1.27515e-06,,0,-3.74185,0.000182672,1,
columnar_rate_hz,decorr,conf25,10,0.611679,0.453378,0.158301,0.130871,0.185731,1.34916,5.45728,3.55243,7.36212,5.22669,12.2028,16.5251,1.09661e-09,,100,3.74326,0.000181651,-1,
columnar_rate_hz,decorr,conf50,10,0.611679,0.52426,0.0874192,0.0630789,0.111759,1.16675,3.3779,2.01259,4.74322,3.23518,7.55322,17.7486,6.01659e-07,,100,3.74185,0.000182672,-1,
columnar_rate_hz,decorr,conf75,10,0.611679,0.585232,0.0264475,-0.00733036,0.0602254,1.04519,0.750462,-0.156389,1.65731,0.718753,1.67808,14.1118,0.11533,,75,1.85203,0.0640221,-0.5,
columnar_rate_hz,conf25,conf50,10,0.453378,0.52426,-0.0708818,-0.0994688,-0.0422948,0.864797,-2.33546,-3.47217,-1.19875,-2.23678,-5.22225,17.3958,6.4127e-05,,4,-3.44077,0.00058006,0.92,
columnar_rate_hz,conf25,conf75,10,0.453378,0.585232,-0.131854,-0.16835,-0.0953571,0.774699,-3.41202,-4.78546,-2.03858,-3.26785,-7.6295,16.7919,7.48863e-07,,0,-3.74326,0.000181651,1,
columnar_rate_hz,conf50,conf75,10,0.52426,0.585232,-0.0609717,-0.0955942,-0.0263492,0.895816,-1.67712,-2.69615,-0.658094,-1.60626,-3.75016,15.1587,0.00189891,,9,-3.06151,0.00220222,0.82,
fanbody_rate_hz,rest,flow,10,0.000166389,3.55092,-3.55075,-3.59393,-3.50757,4.68581e-05,-83.1821,-108.975,-57.3893,-79.6673,-186.001,9.00035,1.90638e-17,,0,-3.82922,0.000128551,1,
fanbody_rate_hz,rest,self,10,0.000166389,2.58741,-2.58724,-2.60977,-2.56472,6.43073e-05,-116.181,-152.196,-80.1663,-111.272,-259.789,9.0013,9.39239e-19,,0,-3.82922,0.000128551,1,0.000249938
fanbody_rate_hz,rest,shuffle,10,0.000166389,3.41509,-3.41492,-3.43539,-3.39445,4.87218e-05,-168.734,-221.031,-116.436,-161.604,-377.3,9.00158,3.26268e-20,,0,-3.82922,0.000128551,1,
fanbody_rate_hz,rest,randmat,10,0.000166389,2.54237,-2.54221,-2.56452,-2.51989,6.54464e-05,-115.239,-150.962,-79.5159,-110.37,-257.682,9.00133,1.01057e-18,,0,-3.82922,0.000128551,1,
fanbody_rate_hz,rest,decorr,10,0.000166389,3.44803,-3.44786,-3.51591,-3.37981,4.82563e-05,-51.2579,-67.1667,-35.349,-49.0921,-114.616,9.00014,1.48677e-15,,0,-3.82922,0.000128551,1,
fanbody_rate_hz,rest,conf25,10,0.000166389,2.84104,-2.84088,-2.87378,-2.80797,5.85663e-05,-87.3509,-114.435,-60.2669,-83.66,-195.323,9.00061,1.22656e-17,,0,-3.82922,0.000128551,1,
fanbody_rate_hz,rest,conf50,10,0.000166389,3.05568,-3.05552,-3.10774,-3.0033,5.44524e-05,-59.1938,-77.5588,-40.8289,-56.6927,-132.361,9.00024,4.07149e-16,,0,-3.82922,0.000128551,1,
fanbody_rate_hz,rest,conf75,10,0.000166389,3.3005,-3.30033,-3.35056,-3.2501,5.04134e-05,-66.4728,-87.0911,-45.8544,-63.664,-148.638,9.00026,1.43415e-16,,0,-3.82922,0.000128551,1,
fanbody_rate_hz,flow,self,10,3.55092,2.58741,0.963506,0.917185,1.00983,1.37238,20.0124,13.749,26.2759,19.1668,44.7492,13.5608,3.98629e-16,7.97258e-16,100,3.74185,0.000182672,-1,0.000249938
fanbody_rate_hz,flow,shuffle,10,3.55092,3.41509,0.13583,0.0901351,0.181525,1.03977,2.87529,1.62539,4.12519,2.7538,6.42934,12.8514,2.3624e-05,,98,3.59066,0.000329839,-0.96,
fanbody_rate_hz,flow,randmat,10,3.55092,2.54237,1.00854,0.96229,1.0548,1.39669,20.9898,14.4263,27.5533,20.1029,46.9346,13.4872,2.4447e-16,,100,3.74185,0.000182672,-1,
fanbody_rate_hz,flow,decorr,10,3.55092,3.44803,0.102886,0.0270503,0.178722,1.02984,1.29147,0.327897,2.25504,1.2369,2.88781,15.2373,0.0111287,,82.5,2.41988,0.0155255,-0.65,
fanbody_rate_hz,flow,conf25,10,3.55092,2.84104,0.709875,0.659199,0.760551,1.24986,13.2282,9.03618,17.4203,12.6693,29.5792,16.8152,6.12478e-16,,100,3.74185,0.000182672,-1,
fanbody_rate_hz,flow,conf50,10,3.55092,3.05568,0.495232,0.432139,0.558325,1.16207,7.39352,4.94035,9.84669,7.08112,16.5324,17.3871,4.50156e-12,,100,3.74185,0.000182672,-1,
fanbody_rate_hz,flow,conf75,10,3.55092,3.3005,0.250419,0.188801,0.312037,1.07587,3.82458,2.35045,5.29871,3.66298,8.55203,17.6041,1.1114e-07,,98,3.59066,0.000329839,-0.96,
fanbody_rate_hz,self,shuffle,10,2.58741,3.41509,-0.827676,-0.855966,-0.799386,0.757641,-27.5062,-36.0753,-18.9372,-26.344,-61.5058,17.8379,3.1845e-22,9.55351e-22,0,-3.74185,0.000182672,1,0.000249938
fanbody_rate_hz,self,randmat,10,2.58741,2.54237,0.045037,0.0155865,0.0744875,1.01771,1.43682,0.453689,2.41996,1.37611,3.21284,17.9984,0.00482478,,87,2.75914,0.00579536,-0.74,0.00674831
fanbody_rate_hz,self,decorr,10,2.58741,3.44803,-0.86062,-0.930403,-0.790837,0.750402,-12.1462,-16.011,-8.28143,-11.633,-27.1598,10.9493,2.13692e-11,2.13692e-11,0,-3.74185,0.000182672,1,0.000249938
fanbody_rate_hz,self,conf25,10,2.58741,2.84104,-0.253631,-0.291014,-0.216248,0.910726,-6.43486,-8.61314,-4.25658,-6.16296,-14.3888,15.9183,1.52992e-10,,0,-3.74185,0.000182672,1,0.000249938
fanbody_rate_hz,self,conf50,10,2.58741,3.05568,-0.468274,-0.522934,-0.413614,0.846753,-8.32976,-11.0559,-5.60363,-7.9778,-18.6259,12.2378,2.37507e-10,,0,-3.74185,0.000182672,1,0.000249938
fanbody_rate_hz,self,conf75,10,2.58741,3.3005,-0.713087,-0.765883,-0.660291,0.783946,-13.1048,-17.2595,-8.95015,-12.5511,-29.3032,12.4801,6.94895e-13,,0,-3.74185,0.000182672,1,0.000249938
fanbody_rate_hz,shuffle,randmat,10,3.41509,2.54237,0.872713,0.844571,0.900855,1.34327,29.1523,20.0756,38.2289,27.9205,65.1865,17.8679,1.05963e-22,,100,3.74185,0.000182672,-1,
fanbody_rate_hz,shuffle,decorr,10,3.41509,3.44803,-0.032944,-0.102391,0.0365034,0.990446,-0.468999,-1.35749,0.419492,-0.449182,-1.04871,10.6161,0.317599,,32,-1.32288,0.185877,0.36,
fanbody_rate_hz,shuffle,conf25,10,3.41509,2.84104,0.574045,0.537545,0.610545,1.20205,14.9863,10.2601,19.7125,14.3531,33.5104,15.0612,1.45784e-15,,100,3.74185,0.000182672,-1,
fanbody_rate_hz,shuffle,conf50,10,3.41509,3.05568,0.359402,0.305225,0.413579,1.11762,6.48226,4.29052,8.67399,6.20836,14.4948,11.703,7.80365e-09,,100,3.74185,0.000182672,-1,
fanbody_rate_hz,shuffle,conf75,10,3.41509,3.3005,0.114589,0.062303,0.166875,1.03472,2.13725,1.03863,3.23587,2.04694,4.77903,11.9103,0.000458741,,90,2.98592,0.00282727,-0.8,
fanbody_rate_hz,randmat,decorr,10,2.54237,3.44803,-0.905657,-0.975403,-0.835911,0.737341,-12.7936,-16.8541,-8.73319,-12.2531,-28.6074,10.9138,1.29559e-11,,0,-3.74185,0.000182672,1,
fanbody_rate_hz,randmat,conf25,10,2.54237,2.84104,-0.298668,-0.335956,-0.26138,0.894874,-7.60015,-10.1132,-5.08707,-7.27902,-16.9945,15.8348,1.37458e-11,,0,-3.74185,0.000182672,1,
fanbody_rate_hz,randmat,conf50,10,2.54237,3.05568,-0.513311,-0.567918,-0.458704,0.832014,-9.14429,-12.1105,-6.17803,-8.75791,-20.4472,12.1813,8.45119e-11,,0,-3.74185,0.000182672,1,
fanbody_rate_hz,randmat,conf75,10,2.54237,3.3005,-0.758124,-0.810864,-0.705384,0.7703,-13.9543,-18.3666,-9.54196,-13.3647,-31.2028,12.4201,3.55522e-13,,0,-3.74185,0.000182672,1,
fanbody_rate_hz,decorr,conf25,10,3.44803,2.84104,0.606989,0.534798,0.67918,1.21365,8.12413,5.45826,10.79,7.78086,18.1661,12.9897,1.28927e-10,,100,3.74185,0.000182672,-1,
fanbody_rate_hz,decorr,conf50,10,3.44803,3.05568,0.392346,0.312298,0.472394,1.1284,4.62737,2.94669,6.30805,4.43185,10.3471,16.8706,1.01089e-08,,100,3.74185,0.000182672,-1,
fanbody_rate_hz,decorr,conf75,10,3.44803,3.3005,0.147533,0.0684905,0.226575,1.0447,1.76467,0.731542,2.7978,1.69011,3.94592,16.562,0.0010898,,89,2.91033,0.00361051,-0.78,
fanbody_rate_hz,conf25,conf50,10,2.84104,3.05568,-0.214643,-0.27274,-0.156546,0.929756,-3.51819,-4.91712,-2.11926,-3.36954,-7.86692,15.1726,9.80936e-07,,0,-3.74185,0.000182672,1,
fanbody_rate_hz,conf25,conf75,10,2.84104,3.3005,-0.459456,-0.515866,-0.403046,0.860792,-7.74115,-10.2952,-5.18707,-7.41406,-17.3097,15.5225,1.4484e-11,,0,-3.74185,0.000182672,1,
fanbody_rate_hz,conf50,conf75,10,3.05568,3.3005,-0.244813,-0.312112,-0.177514,0.925825,-3.4182,-4.79311,-2.04328,-3.27377,-7.64332,17.9728,4.70935e-07,,0,-3.74185,0.000182672,1,
other_rate_hz,rest,flow,10,1.41779,11.0033,-9.58554,-9.75964,-9.41145,0.128851,-55.6494,-72.9173,-38.3815,-53.298,-124.436,9.05747,5.88242e-16,,0,-3.74326,0.000181651,1,
other_rate_hz,rest,self,10,1.41779,9.17985,-7.76206,-7.89802,-7.6261,0.154446,-57.666,-75.558,-39.7739,-55.2294,-128.945,9.0943,3.77294e-16,,0,-3.74326,0.000181651,1,0.000249938
other_rate_hz,rest,shuffle,10,1.41779,10.7057,-9.2879,-9.43441,-9.14138,0.132434,-64.0453,-83.9122,-44.1785,-61.3392,-143.21,9.08118,1.52021e-16,,0,-3.74326,0.000181651,1,
other_rate_hz,rest,randmat,10,1.41779,9.20352,-7.78573,-7.92172,-7.64973,0.154049,-57.8253,-75.7667,-39.884,-55.382,-129.301,9.09424,3.68012e-16,,0,-3.74326,0.000181651,1,
other_rate_hz,rest,decorr,10,1.41779,11.0872,-9.66937,-9.87288,-9.46585,0.127877,-48.0331,-62.9443,-33.122,-46.0036,-107.405,9.04204,2.33941e-15,,0,-3.74326,0.000181651,1,
other_rate_hz,rest,conf25,10,1.41779,9.82402,-8.40623,-8.58206,-8.23039,0.144319,-48.3186,-63.318,-33.3192,-46.277,-108.044,9.05633,2.12033e-15,,0,-3.74326,0.000181651,1,
other_rate_hz,rest,conf50,10,1.41779,10.2808,-8.86296,-9.03558,-8.69033,0.137908,-51.889,-67.9931,-35.7849,-49.6965,-116.027,9.05845,1.10472e-15,,0,-3.74326,0.000181651,1,
other_rate_hz,rest,conf75,10,1.41779,10.8258,-9.40796,-9.58461,-9.23132,0.130965,-53.8292,-70.5338,-37.1247,-51.5547,-120.366,9.05581,7.99144e-16,,0,-3.74326,0.000181651,1,
other_rate_hz,flow,self,10,11.0033,9.17985,1.82349,1.61763,2.02934,1.19864,8.35802,5.6236,11.0924,8.00487,18.6891,16.9989,9.04617e-13,2.71385e-12,100,3.74185,0.000182672,-1,0.000249938
other_rate_hz,flow,shuffle,10,11.0033,10.7057,0.29765,0.0860417,0.509258,1.0278,1.32437,0.356519,2.29222,1.26841,2.96138,17.4885,0.00854944,,84,2.53236,0.0113297,-0.68,
other_rate_hz,flow,randmat,10,11.0033,9.20352,1.79982,1.59394,2.00569,1.19556,8.24865,5.54631,10.951,7.90011,18.4445,17.0009,1.11789e-12,,100,3.74185,0.000182672,-1,
other_rate_hz,flow,decorr,10,11.0033,11.0872,-0.08382,-0.332842,0.165202,0.99244,-0.316799,-1.1988,0.565205,-0.303413,-0.708383,17.5774,0.487996,,41,-0.64254,0.520523,0.18,
other_rate_hz,flow,conf25,10,11.0033,9.82402,1.17932,0.949656,1.40898,1.12004,4.82469,3.09154,6.55783,4.62083,10.7883,17.9982,2.74707e-09,,100,3.74185,0.000182672,-1,
other_rate_hz,flow,conf50,10,11.0033,10.2808,0.72259,0.495037,0.950143,1.07029,2.98358,1.70954,4.25762,2.85751,6.67148,17.9987,2.93599e-06,,99,3.66626,0.000246128,-0.98,
other_rate_hz,flow,conf75,10,11.0033,10.8258,0.17758,-0.0526196,0.40778,1.0164,0.724805,-0.18004,1.62965,0.694179,1.62071,17.9962,0.122469,,72,1.62525,0.10411,-0.44,
other_rate_hz,self,shuffle,10,9.17985,10.7057,-1.52584,-1.71136,-1.34031,0.857474,-7.7303,-10.2812,-5.17938,-7.40367,-17.2855,17.8999,1.29775e-12,2.71385e-12,0,-3.74185,0.000182672,1,0.000249938
other_rate_hz,self,randmat,10,9.17985,9.20352,-0.023667,-0.202079,0.154745,0.997428,-0.124636,-1.00201,0.752737,-0.11937,-0.278694,18,0.783656,,49,-0.0377964,0.96985,0.02,0.786053
other_rate_hz,self,decorr,10,9.17985,11.0872,-1.90731,-2.13688,-1.67773,0.827972,-7.88888,-10.486,-5.29175,-7.55554,-17.6401,15.6941,9.10406e-12,9.10406e-12,0,-3.74185,0.000182672,1,0.000249938
other_rate_hz,self,conf25,10,9.17985,9.82402,-0.644167,-0.851379,-0.436955,0.934429,-2.9342,-4.19718,-1.67122,-2.81022,-6.56108,16.9246,4.95643e-06,,2,-3.59066,0.000329839,0.96,0.000249938
other_rate_hz,self,conf50,10,9.17985,10.2808,-1.1009,-1.30562,-0.89617,0.892917,-5.07244,-6.87224,-3.27264,-4.85811,-11.3423,17.0601,2.2798e-09,,0,-3.74185,0.000182672,1,0.000249938
other_rate_hz,self,conf75,10,9.17985,10.8258,-1.64591,-1.85375,-1.43806,0.847964,-7.47557,-9.9525,-4.99863,-7.1597,-16.7159,16.8899,6.11718e-12,,0,-3.74185,0.000182672,1,0.000249938
other_rate_hz,shuffle,randmat,10,10.7057,9.20352,1.50217,1.31662,1.68772,1.16322,7.60939,5.09363,10.1252,7.28787,17.0151,17.9007,1.69334e-12,,100,3.74185,0.000182672,-1,
other_rate_hz,shuffle,decorr,10,10.7057,11.0872,-0.38147,-0.615915,-0.147025,0.965594,-1.53991,-2.53792,-0.5419,-1.47484,-3.44334,16.3502,0.00325254,,12,-2.83473,0.00458639,0.76,
other_rate_hz,shuffle,conf25,10,10.7057,9.82402,0.881669,0.66876,1.09458,1.08975,3.89991,2.40695,5.39288,3.73513,8.72047,17.4307,9.07745e-08,,100,3.74185,0.000182672,-1,
other_rate_hz,shuffle,conf50,10,10.7057,10.2808,0.42494,0.214412,0.635468,1.04133,1.90007,0.844129,2.95601,1.81978,4.24868,17.5351,0.000508933,,91,3.06151,0.00220222,-0.82,
other_rate_hz,shuffle,conf75,10,10.7057,10.8258,-0.12007,-0.333583,0.0934434,0.988909,-0.529667,-1.42143,0.362092,-0.507286,-1.18437,17.4033,0.25219,,43,-0.491354,0.623176,0.14,
other_rate_hz,randmat,decorr,10,9.20352,11.0872,-1.88364,-2.11323,-1.65405,0.830106,-7.7903,-10.3587,-5.22191,-7.46113,-17.4196,15.6967,1.09606e-11,,0,-3.74185,0.000182672,1,
other_rate_hz,randmat,conf25,10,9.20352,9.82402,-0.6205,-0.827732,-0.413268,0.936838,-2.8261,-4.06518,-1.58702,-2.70668,-6.31934,16.9267,7.8511e-06,,3,-3.51507,0.000439639,0.94,
other_rate_hz,randmat,conf50,10,9.20352,10.2808,-1.07723,-1.28198,-0.872483,0.895219,-4.96285,-6.73307,-3.19264,-4.75315,-11.0973,17.0621,3.1684e-09,,0,-3.74185,0.000182672,1,
other_rate_hz,randmat,conf75,10,9.20352,10.8258,-1.62224,-1.8301,-1.41438,0.85015,-7.36729,-9.81287,-4.92171,-7.056,-16.4738,16.892,7.70537e-12,,0,-3.74185,0.000182672,1,
other_rate_hz,decorr,conf25,10,11.0872,9.82402,1.26314,1.01311,1.51317,1.12858,4.7538,3.03957,6.46803,4.55293,10.6298,17.628,4.30799e-09,,100,3.74185,0.000182672,-1,
other_rate_hz,decorr,conf50,10,11.0872,10.2808,0.80641,0.558223,1.0546,1.07844,3.05867,1.76764,4.3497,2.92943,6.83939,17.5326,2.43767e-06,,98,3.59066,0.000329839,-0.96,
other_rate_hz,decorr,conf75,10,11.0872,10.8258,0.2614,0.0108997,0.5119,1.02415,0.981837,0.0540058,1.90967,0.940351,2.19545,17.6502,0.0417579,,78,2.0788,0.0376353,-0.56,
other_rate_hz,conf25,conf50,10,9.82402,10.2808,-0.456729,-0.685442,-0.228016,0.955574,-1.8763,-2.92815,-0.824452,-1.79702,-4.19554,17.9939,0.000543934,,9,-3.06151,0.00220222,0.82,
other_rate_hz,conf25,conf75,10,9.82402,10.8258,-1.00174,-1.23308,-0.7704,0.907467,-4.06846,-5.60402,-2.53291,-3.89656,-9.09736,17.9996,3.75193e-08,,0,-3.74185,0.000182672,1,
other_rate_hz,conf50,conf75,10,10.2808,10.8258,-0.54501,-0.774264,-0.315756,0.949656,-2.23372,-3.35062,-1.11682,-2.13934,-4.99476,17.9905,9.40443e-05,,5,-3.36388,0.000768539,0.9,
ring_active_fraction,rest,flow,10,0,0.880882,-0.880882,-0.888645,-0.87312,0,-114.805,-150.394,-79.2166,-109.954,-256.712,9,1.05102e-18,,0,-4.04166,5.30746e-05,1,
ring_active_fraction,rest,self,10,0,0.832353,-0.832353,-0.844701,-0.820005,0,-68.1937,-89.345,-47.0425,-65.3123,-152.486,9,1.14056e-16,,0,-4.02405,5.72064e-05,1,0.000249938
ring_active_fraction,rest,shuffle,10,0,0.870588,-0.870588,-0.878887,-0.86229,0,-106.135,-139.038,-73.2327,-101.651,-237.326,9,2.13048e-18,,0,-4.03459,5.46986e-05,1,
ring_active_fraction,rest,randmat,10,0,0.833823,-0.833823,-0.848742,-0.818905,0,-56.5436,-74.0883,-38.999,-54.1545,-126.435,9,6.15252e-16,,0,-4.01881,5.84931e-05,1,
ring_active_fraction,rest,decorr,10,0,0.836765,-0.836765,-0.856878,-0.816651,0,-42.0875,-55.1597,-29.0153,-40.3092,-94.1105,9,8.75636e-15,,0,-4.00322,6.24874e-05,1,
ring_active_fraction,rest,conf25,10,0,0.829412,-0.829412,-0.846733,-0.81209,0,-48.4423,-63.48,-33.4046,-46.3955,-108.32,9,2.4724e-15,,0,-4.00839,6.11334e-05,1,
ring_active_fraction,rest,conf50,10,0,0.841176,-0.841176,-0.855026,-0.827326,0,-61.4427,-80.5039,-42.3816,-58.8466,-137.39,9,2.91356e-16,,0,-4.01012,6.06871e-05,1,
ring_active_fraction,rest,conf75,10,0,0.842647,-0.842647,-0.855814,-0.829479,0,-64.7415,-84.8238,-44.6591,-62.0059,-144.766,9,1.82012e-16,,0,-4.01881,5.84931e-05,1,
ring_active_fraction,flow,self,10,0.880882,0.832353,0.0485297,0.0347992,0.0622602,1.0583,3.36613,2.00361,4.72865,3.2239,7.52689,15.1523,1.69964e-06,5.09891e-06,100,3.79942,0.000145036,-1,0.000249938
ring_active_fraction,flow,shuffle,10,0.880882,0.870588,0.0102942,-0.00026221,0.0208506,1.01182,0.916515,-0.00487642,1.83791,0.877789,2.04939,17.9204,0.0553537,,72,1.7463,0.0807587,-0.44,
ring_active_fraction,flow,randmat,10,0.880882,0.833823,0.047059,0.0310634,0.0630546,1.05644,2.83091,1.59078,4.07104,2.71129,6.33011,13.5403,2.16921e-05,,100,3.79501,0.000147639,-1,
ring_active_fraction,flow,decorr,10,0.880882,0.836765,0.0441177,0.0232776,0.0649578,1.05272,2.07021,0.983984,3.15643,1.98273,4.62912,11.6227,0.000631472,,93,3.27357,0.00106199,-0.86,
ring_active_fraction,flow,conf25,10,0.880882,0.829412,0.0514706,0.0332656,0.0696756,1.06206,2.7433,1.52222,3.96438,2.62739,6.13421,12.4747,4.28119e-05,,98.5,3.68001,0.000233227,-0.97,
ring_active_fraction,flow,conf50,10,0.880882,0.841176,0.0397061,0.0246674,0.0547448,1.0472,2.53003,1.35401,3.70605,2.42312,5.65731,14.1462,5.6863e-05,,97,3.57887,0.000345078,-0.94,
ring_active_fraction,flow,conf75,10,0.880882,0.842647,0.0382355,0.0237974,0.0526736,1.04538,2.53067,1.35452,3.70682,2.42374,5.65875,14.5814,5.05624e-05,,97,3.58587,0.000335959,-0.94,
ring_active_fraction,self,shuffle,10,0.832353,0.870588,-0.0382355,-0.0521952,-0.0242758,0.956081,-2.60002,-3.79061,-1.40943,-2.49016,-5.81382,15.7521,2.80882e-05,5.61764e-05,2,-3.65157,0.00026064,0.96,0.000249938
ring_active_fraction,self,randmat,10,0.832353,0.833823,-0.0014707,-0.0195015,0.0165601,0.998236,-0.0768286,-0.953674,0.800017,-0.0735823,-0.171794,17.3926,0.865583,,45.5,-0.313279,0.754069,0.09,0.837291
ring_active_fraction,self,decorr,10,0.832353,0.836765,-0.004412,-0.0266575,0.0178335,0.994727,-0.189119,-1.0676,0.689361,-0.181128,-0.422882,14.9403,0.678405,0.678405,45,-0.3477,0.728065,0.1,0.592102
ring_active_fraction,self,conf25,10,0.832353,0.829412,0.0029409,-0.0169668,0.0228486,1.00355,0.139864,-0.73773,1.01746,0.133954,0.312745,16.27,0.758447,,54,0.270753,0.786581,-0.08,0.872532
ring_active_fraction,self,conf50,10,0.832353,0.841176,-0.0088236,-0.0260726,0.0084254,0.98951,-0.481076,-1.37019,0.408035,-0.460749,-1.07572,17.7679,0.296444,,38,-0.899226,0.368532,0.24,0.303174
ring_active_fraction,self,conf75,10,0.832353,0.842647,-0.0102942,-0.027064,0.00647564,0.987783,-0.576922,-1.47149,0.317649,-0.552545,-1.29004,17.9262,0.213432,,34.5,-1.18149,0.237408,0.31,0.204949
ring_active_fraction,shuffle,randmat,10,0.870588,0.833823,0.0367648,0.0205882,0.0529414,1.04409,2.17874,1.07232,3.28516,2.08668,4.87181,14.0827,0.000242879,,96,3.51564,0.000438701,-0.92,
ring_active_fraction,shuffle,decorr,10,0.870588,0.836765,0.0338235,0.0128627,0.0547843,1.04042,1.57266,0.569757,2.57556,1.50621,3.51658,11.9776,0.0042616,,86,2.7376,0.00618896,-0.72,
ring_active_fraction,shuffle,conf25,10,0.870588,0.829412,0.0411764,0.0228231,0.0595297,1.04965,2.16888,1.06432,3.27344,2.07724,4.84977,12.9246,0.000322562,,94,3.34537,0.000821721,-0.88,
ring_active_fraction,shuffle,conf50,10,0.870588,0.841176,0.0294119,0.0141741,0.0446497,1.03497,1.84289,0.79673,2.88905,1.76502,4.12083,14.724,0.000940668,,90,3.05564,0.00224582,-0.8,
ring_active_fraction,shuffle,conf75,10,0.870588,0.842647,0.0279413,0.0132912,0.0425914,1.03316,1.81618,0.774513,2.85785,1.73944,4.0611,15.175,0.00100185,,90,3.06167,0.00220105,-0.8,
ring_active_fraction,randmat,decorr,10,0.833823,0.836765,-0.0029413,-0.0263399,0.0204573,0.996485,-0.118824,-0.996119,0.758472,-0.113803,-0.265697,16.6019,0.793743,,47.5,-0.154352,0.877332,0.05,
ring_active_fraction,randmat,conf25,10,0.833823,0.829412,0.0044116,-0.0168529,0.0256761,1.00532,0.195232,-0.683376,1.07384,0.186983,0.436552,17.613,0.667741,,56,0.425469,0.670495,-0.12,
ring_active_fraction,randmat,conf50,10,0.833823,0.841176,-0.0073529,-0.026266,0.0115602,0.991259,-0.365419,-1.24923,0.518388,-0.349979,-0.817102,17.9015,0.424612,,41.5,-0.620576,0.534879,0.17,
ring_active_fraction,randmat,conf75,10,0.833823,0.842647,-0.0088235,-0.0273241,0.00967709,0.989529,-0.448602,-1.33608,0.438877,-0.429647,-1.0031,17.7265,0.329308,,39.5,-0.778499,0.436275,0.21,
ring_active_fraction,decorr,conf25,10,0.836765,0.829412,0.0073529,-0.0173381,0.0320439,1.00887,0.28024,-0.600575,1.16105,0.268399,0.626635,17.6124,0.538937,,57.5,0.537917,0.590634,-0.15,
ring_active_fraction,decorr,conf50,10,0.836765,0.841176,-0.0044116,-0.0273005,0.0184773,0.994755,-0.182756,-1.06111,0.695594,-0.175034,-0.408656,15.9683,0.68822,,45,-0.34567,0.729591,0.1,
ring_active_fraction,decorr,conf75,10,0.836765,0.842647,-0.0058822,-0.0284678,0.0167034,0.993019,-0.247536,-1.12741,0.632337,-0.237077,-0.553507,15.5173,0.587804,,43.5,-0.463055,0.643325,0.13,
ring_active_fraction,conf25,conf50,10,0.829412,0.841176,-0.0117645,-0.0324333,0.00890432,0.986014,-0.536651,-1.42881,0.355509,-0.513975,-1.19999,17.1691,0.246441,,35.5,-1.07793,0.281065,0.29,
ring_active_fraction,conf25,conf75,10,0.829412,0.842647,-0.0132351,-0.0335465,0.0070763,0.984293,-0.615383,-1.51241,0.281646,-0.589381,-1.37604,16.7978,0.18688,,34,-1.19905,0.230509,0.32,
ring_active_fraction,conf50,conf75,10,0.841176,0.842647,-0.0014706,-0.0192222,0.016281,0.998255,-0.0778507,-0.954705,0.799004,-0.0745612,-0.174079,17.9542,0.863751,,47.5,-0.156011,0.876024,0.05,
columnar_active_fraction,rest,flow,10,0,0.0939189,-0.0939189,-0.0990662,-0.0887717,0,-18.4593,-24.2465,-12.672,-17.6793,-41.2762,9,1.4329e-11,,0,-4.00149,6.29439e-05,1,
columnar_active_fraction,rest,self,10,0,0.0535714,-0.0535714,-0.0554484,-0.0516945,0,-28.8747,-37.8657,-19.8836,-27.6546,-64.5657,9,2.58835e-13,,0,-4.00322,6.24874e-05,1,0.000249938
columnar_active_fraction,rest,shuffle,10,0,0.0953668,-0.0953668,-0.0999215,-0.090812,0,-21.1823,-27.8049,-14.5597,-20.2873,-47.3651,9,4.17479e-12,,0,-3.99806,6.38644e-05,1,
columnar_active_fraction,rest,randmat,10,0,0.0626448,-0.0626448,-0.0675647,-0.0577249,0,-12.8816,-16.9687,-8.79454,-12.3373,-28.8042,9,3.56946e-10,,0,-4.00666,6.15822e-05,1,
columnar_active_fraction,rest,decorr,10,0,0.0811776,-0.0811776,-0.0861616,-0.0761935,0,-16.4775,-21.6586,-11.2965,-15.7813,-36.8449,9,3.96037e-11,,0,-4.00149,6.29439e-05,1,
columnar_active_fraction,rest,conf25,10,0,0.0562742,-0.0562742,-0.0615535,-0.0509948,0,-10.7838,-14.2387,-7.32886,-10.3281,-24.1132,9,1.73493e-09,,0,-4.00149,6.29439e-05,1,
columnar_active_fraction,rest,conf50,10,0,0.0669884,-0.0669884,-0.0740841,-0.0598927,0,-9.55086,-12.6377,-6.46401,-9.1473,-21.3564,9,5.0863e-09,,0,-3.99806,6.38644e-05,1,
columnar_active_fraction,rest,conf75,10,0,0.0793436,-0.0793436,-0.0874146,-0.0712727,0,-9.9455,-13.1498,-6.7412,-9.52526,-22.2388,9,3.55486e-09,,0,-4.00149,6.29439e-05,1,
columnar_active_fraction,flow,self,10,0.0939189,0.0535714,0.0403475,0.0350369,0.045658,1.75315,7.45021,4.98062,9.91979,7.13541,16.6592,11.3519,2.47658e-09,4.95315e-09,100,3.7489,0.000177611,-1,0.000249938
columnar_active_fraction,flow,shuffle,10,0.0939189,0.0953668,-0.00144782,-0.00783784,0.0049422,0.984818,-0.213107,-1.09211,0.6659,-0.204103,-0.476522,17.7373,0.63952,,38.5,-0.833404,0.404617,0.23,
columnar_active_fraction,flow,randmat,10,0.0939189,0.0626448,0.0312741,0.0246603,0.037888,1.49923,4.44347,2.81115,6.07579,4.25572,9.9359,17.9634,1.00542e-08,,100,3.75173,0.000175616,-1,
columnar_active_fraction,flow,decorr,10,0.0939189,0.0811776,0.0127414,0.00608669,0.019396,1.15696,1.79906,0.760254,2.83787,1.72305,4.02283,17.9813,0.000799638,,93.5,3.26031,0.00111289,-0.87,
columnar_active_fraction,flow,conf25,10,0.0939189,0.0562742,0.0376448,0.0307967,0.0444929,1.66895,5.16513,3.34019,6.99007,4.94689,11.5496,17.9885,9.38906e-10,,100,3.74749,0.000178614,-1,
columnar_active_fraction,flow,conf50,10,0.0939189,0.0669884,0.0269305,0.0187327,0.0351284,1.40202,3.10799,1.8057,4.41028,2.97667,6.94968,16.4178,2.84113e-06,,100,3.74466,0.000180635,-1,
columnar_active_fraction,flow,conf75,10,0.0939189,0.0793436,0.0145753,0.00557031,0.0235803,1.1837,1.54038,0.542297,2.53846,1.47529,3.44439,15.2819,0.0035292,,86.5,2.72647,0.0064015,-0.73,
columnar_active_fraction,self,shuffle,10,0.0535714,0.0953668,-0.0417953,-0.0465414,-0.0370492,0.561741,-8.5831,-11.3837,-5.78252,-8.22044,-19.1924,11.9711,2.34097e-10,7.0229e-10,0,-3.74608,0.000179623,1,0.000249938
columnar_active_fraction,self,randmat,10,0.0535714,0.0626448,-0.00907335,-0.0141663,-0.00398041,0.855162,-1.7432,-2.77282,-0.713575,-1.66954,-3.89791,11.5655,0.00226583,,8.5,-3.10985,0.00187183,0.83,0.000499875
columnar_active_fraction,self,decorr,10,0.0535714,0.0811776,-0.0276061,-0.0327604,-0.0224519,0.659929,-5.24399,-7.09041,-3.39758,-5.02242,-11.7259,11.5025,9.53371e-08,9.53371e-08,0,-3.7489,0.000177611,1,0.000249938
columnar_active_fraction,self,conf25,10,0.0535714,0.0562742,-0.0027027,-0.00814008,0.00273468,0.951973,-0.487992,-1.37746,0.401481,-0.467372,-1.09118,11.2395,0.298032,,33,-1.25247,0.210398,0.34,0.322919
columnar_active_fraction,self,conf50,10,0.0535714,0.0669884,-0.013417,-0.0206222,-0.00621174,0.799712,-1.84932,-2.89657,-0.802066,-1.77118,-4.1352,10.2533,0.00192242,,12,-2.84008,0.00451026,0.76,0.000749813
columnar_active_fraction,self,conf75,10,0.0535714,0.0793436,-0.0257722,-0.0339371,-0.0176072,0.675183,-3.1465,-4.45765,-1.83536,-3.01355,-7.03579,9.97066,3.61313e-05,,0,-3.7489,0.000177611,1,0.000249938
columnar_active_fraction,shuffle,randmat,10,0.0953668,0.0626448,0.032722,0.0264927,0.0389513,1.52234,4.93753,3.17413,6.70094,4.72891,11.0407,17.894,2.03471e-09,,100,3.7489,0.000177611,-1,
columnar_active_fraction,shuffle,decorr,10,0.0953668,0.0811776,0.0141892,0.00791503,0.0204633,1.17479,2.12608,1.02954,3.22261,2.03624,4.75405,17.8559,0.000161864,,94,3.29077,0.00099915,-0.88,
columnar_active_fraction,shuffle,conf25,10,0.0953668,0.0562742,0.0390926,0.032607,0.0455782,1.69468,5.67206,3.70788,7.63624,5.43239,12.6831,17.6215,2.7119e-10,,100,3.74466,0.000180635,-1,
columnar_active_fraction,shuffle,conf50,10,0.0953668,0.0669884,0.0283783,0.0204491,0.0363076,1.42363,3.40492,2.03317,4.77667,3.26105,7.61364,15.3402,1.36796e-06,,100,3.74185,0.000182672,-1,
columnar_active_fraction,shuffle,conf75,10,0.0953668,0.0793436,0.0160231,0.00724839,0.0247979,1.20195,1.74914,0.718554,2.77973,1.67524,3.91121,14.2047,0.00152733,,89.5,2.95145,0.00316282,-0.79,
columnar_active_fraction,randmat,decorr,10,0.0626448,0.0811776,-0.0185328,-0.025037,-0.0120286,0.771701,-2.67718,-3.88409,-1.47028,-2.56406,-5.98636,17.997,1.15975e-05,,3,-3.52836,0.000418144,0.94,
columnar_active_fraction,randmat,conf25,10,0.0626448,0.0562742,0.00637065,-0.000333756,0.0130751,1.11321,0.893105,-0.0260759,1.81229,0.855368,1.99704,17.9112,0.0612454,,77,2.01384,0.0440265,-0.54,
columnar_active_fraction,randmat,conf50,10,0.0626448,0.0669884,-0.00434362,-0.0124339,0.00374669,0.935159,-0.508926,-1.39952,0.381673,-0.487422,-1.13799,16.0289,0.271848,,34.5,-1.13861,0.254865,0.31,
columnar_active_fraction,randmat,conf75,10,0.0626448,0.0793436,-0.0166988,-0.0256113,-0.00778633,0.789538,-1.78727,-2.82412,-0.750413,-1.71175,-3.99645,14.8771,0.00118533,,7,-3.22119,0.00127661,0.86,
columnar_active_fraction,decorr,conf25,10,0.0811776,0.0562742,0.0249034,0.018159,0.0316478,1.44254,3.47011,2.08276,4.85746,3.32349,7.7594,17.9407,3.8593e-07,,99,3.67178,0.000240866,-0.98,
columnar_active_fraction,decorr,conf50,10,0.0811776,0.0669884,0.0141892,0.00606905,0.0223093,1.21182,1.65545,0.63983,2.67107,1.5855,3.70169,16.1422,0.00191032,,90,2.99042,0.00278594,-0.8,
columnar_active_fraction,decorr,conf75,10,0.0811776,0.0793436,0.00183395,-0.00710414,0.010772,1.02311,0.195592,-0.683024,1.07421,0.187328,0.437357,14.9927,0.668087,,55.5,0.380114,0.703861,-0.11,
columnar_active_fraction,conf25,conf50,10,0.0562742,0.0669884,-0.0107143,-0.018977,-0.00245155,0.840058,-1.22558,-2.18085,-0.270309,-1.17379,-2.74048,16.6269,0.0141477,,17,-2.45862,0.0139473,0.66,
columnar_active_fraction,conf25,conf75,10,0.0562742,0.0793436,-0.0230695,-0.0321305,-0.0140085,0.709246,-2.41996,-3.57352,-1.2664,-2.31771,-5.4112,15.5098,6.42399e-05,,3,-3.52037,0.000430949,0.94,
columnar_active_fraction,conf50,conf75,10,0.0669884,0.0793436,-0.0123552,-0.0223476,-0.00236285,0.844282,-1.1631,-2.11084,-0.215363,-1.11396,-2.60078,17.7095,0.018231,,19,-2.30906,0.0209404,0.62,
fanbody_active_fraction,rest,flow,10,0,0.184692,-0.184692,-0.187383,-0.182001,0,-69.4345,-90.9699,-47.899,-66.5006,-155.26,9,9.69767e-17,,0,-4.00322,6.24874e-05,1,
fanbody_active_fraction,rest,self,10,0,0.131115,-0.131115,-0.133548,-0.128682,0,-54.5248,-71.4446,-37.605,-52.2209,-121.921,9,8.53269e-16,,0,-4.00494,6.20335e-05,1,0.000249938
fanbody_active_fraction,rest,shuffle,10,0,0.171381,-0.171381,-0.173155,-0.169607,0,-97.7081,-128,-67.4159,-93.5796,-218.482,9,4.48534e-18,,0,-4.01881,5.84931e-05,1,
fanbody_active_fraction,rest,randmat,10,0,0.135441,-0.135441,-0.137319,-0.133563,0,-72.9686,-95.5984,-50.3388,-69.8854,-163.163,9,6.20413e-17,,0,-4.00839,6.11334e-05,1,
fanbody_active_fraction,rest,decorr,10,0,0.172379,-0.172379,-0.178107,-0.166652,0,-30.4474,-39.9236,-20.9712,-29.1609,-68.0824,9,1.60735e-13,,0,-4.00494,6.20335e-05,1,
fanbody_active_fraction,rest,conf25,10,0,0.136106,-0.136106,-0.140335,-0.131878,0,-32.5609,-42.6895,-22.4324,-31.1851,-72.8084,9,8.79472e-14,,0,-4.00666,6.15822e-05,1,
fanbody_active_fraction,rest,conf50,10,0,0.14792,-0.14792,-0.151984,-0.143857,0,-36.8263,-48.2723,-25.3803,-35.2703,-82.3462,9,2.90886e-14,,0,-4.00839,6.11334e-05,1,
fanbody_active_fraction,rest,conf75,10,0,0.161065,-0.161065,-0.165651,-0.156479,0,-35.5308,-46.5766,-24.4851,-34.0295,-79.4493,9,4.01355e-14,,0,-4.00322,6.24874e-05,1,
fanbody_active_fraction,flow,self,10,0.184692,0.131115,0.0535772,0.0502057,0.0569487,1.40863,14.9416,10.229,19.6541,14.3102,33.4103,17.8198,1.59344e-17,4.78032e-17,100,3.75173,0.000175616,-1,0.000249938
fanbody_active_fraction,flow,shuffle,10,0.184692,0.171381,0.0133111,0.0102838,0.0163384,1.07767,4.17773,2.61426,5.74121,4.00121,9.3417,15.5823,8.80258e-08,,100,3.76313,0.000167801,-1,
fanbody_active_fraction,flow,randmat,10,0.184692,0.135441,0.0492514,0.0461777,0.0523251,1.36364,15.1844,10.3979,19.971,14.5428,33.9534,16.085,2.11167e-16,,100,3.75457,0.000173637,-1,
fanbody_active_fraction,flow,decorr,10,0.184692,0.172379,0.0123129,0.00625923,0.0183666,1.07143,1.9684,0.900511,3.0363,1.88523,4.40149,12.7887,0.000743541,,92,3.14777,0.00164519,-0.84,
fanbody_active_fraction,flow,conf25,10,0.184692,0.136106,0.0485857,0.04387,0.0533014,1.35697,9.80616,6.64337,12.9689,9.39181,21.9272,15.262,5.90872e-13,,100,3.75315,0.000174624,-1,
fanbody_active_fraction,flow,conf50,10,0.184692,0.14792,0.036772,0.0321956,0.0413484,1.24859,7.63286,5.11028,10.1554,7.31035,17.0676,15.6205,1.61031e-11,,100,3.75457,0.000173637,-1,
fanbody_active_fraction,flow,conf75,10,0.184692,0.161065,0.0236271,0.0186033,0.0286509,1.14669,4.49536,2.84945,6.14126,4.30541,10.0519,14.5408,6.21048e-08,,100,3.75032,0.000176611,-1,
fanbody_active_fraction,self,shuffle,10,0.131115,0.171381,-0.0402661,-0.0430814,-0.0374508,0.765049,-13.5284,-17.8114,-9.24532,-12.9568,-30.2504,16.464,7.28743e-16,1.45749e-15,0,-3.76456,0.000166842,1,0.000249938
fanbody_active_fraction,self,randmat,10,0.131115,0.135441,-0.0043258,-0.00719311,-0.00145849,0.968061,-1.42402,-2.40537,-0.442678,-1.36385,-3.18421,16.9149,0.00545556,,16,-2.55065,0.0107523,0.68,0.00849788
fanbody_active_fraction,self,decorr,10,0.131115,0.172379,-0.0412643,-0.0472499,-0.0352787,0.760619,-6.70848,-8.96465,-4.45231,-6.42502,-15.0006,12.1449,3.33536e-09,3.33536e-09,0,-3.75315,0.000174624,1,0.000249938
fanbody_active_fraction,self,conf25,10,0.131115,0.136106,-0.0049915,-0.0096059,-0.000377097,0.963326,-1.03507,-1.96844,-0.101698,-0.991334,-2.31449,14.3689,0.0359075,,24.5,-1.90129,0.0572636,0.51,0.0464884
fanbody_active_fraction,self,conf50,10,0.131115,0.14792,-0.0168052,-0.0212751,-0.0123353,0.88639,-3.58971,-5.00598,-2.17344,-3.43803,-8.02684,14.717,9.4044e-07,,0,-3.756,0.000172654,1,0.000249938
fanbody_active_fraction,self,conf75,10,0.131115,0.161065,-0.0299501,-0.0348824,-0.0250178,0.81405,-5.8366,-7.84654,-3.82666,-5.58998,-13.051,13.6935,4.11865e-09,,0,-3.75173,0.000175616,1,0.000249938
fanbody_active_fraction,shuffle,randmat,10,0.171381,0.135441,0.0359403,0.0335403,0.0383403,1.26536,14.0733,9.62482,18.5218,13.4787,31.4689,17.9426,3.76321e-17,,100,3.76743,0.000164937,-1,
fanbody_active_fraction,shuffle,decorr,10,0.171381,0.172379,-0.0009982,-0.00685143,0.00485503,0.994209,-0.168415,-1.04649,0.70966,-0.161299,-0.376587,10.7119,0.713833,,49.5,0,1,0.01,
fanbody_active_fraction,shuffle,conf25,10,0.171381,0.136106,0.0352746,0.0308605,0.0396887,1.25917,7.78149,5.21566,10.3473,7.45269,17.3999,12.0741,6.44917e-10,,100,3.76599,0.000165888,-1,
fanbody_active_fraction,shuffle,conf50,10,0.171381,0.14792,0.0234609,0.0192021,0.0277197,1.15861,5.35275,3.4766,7.22889,5.12657,11.9691,12.312,3.81808e-08,,100,3.76743,0.000164937,-1,
fanbody_active_fraction,shuffle,conf75,10,0.171381,0.161065,0.010316,0.00556335,0.0150687,1.06405,2.12236,1.02652,3.21821,2.03269,4.74575,11.6358,0.000517444,,90,3.03068,0.00244,-0.8,
fanbody_active_fraction,randmat,decorr,10,0.135441,0.172379,-0.0369385,-0.0428088,-0.0310682,0.785714,-6.19976,-8.31155,-4.08797,-5.9378,-13.8631,10.9127,2.84986e-08,,0,-3.756,0.000172654,1,
fanbody_active_fraction,randmat,conf25,10,0.135441,0.136106,-0.0006657,-0.00510571,0.00377431,0.995109,-0.145552,-1.02323,0.732131,-0.139402,-0.325463,12.4164,0.75025,,43.5,-0.458408,0.646659,0.13,
fanbody_active_fraction,randmat,conf50,10,0.135441,0.14792,-0.0124794,-0.0167656,-0.00819324,0.915634,-2.82031,-4.05812,-1.5825,-2.70114,-6.30641,12.6762,3.04818e-05,,0.5,-3.72229,0.000197426,0.99,
fanbody_active_fraction,randmat,conf75,10,0.135441,0.161065,-0.0256243,-0.0304001,-0.0208485,0.840907,-5.23115,-7.07407,-3.38824,-5.01012,-11.6972,11.9354,6.78274e-08,,0,-3.75457,0.000173637,1,
fanbody_active_fraction,decorr,conf25,10,0.172379,0.136106,0.0362728,0.0296194,0.0429262,1.2665,5.15424,3.33226,6.97622,4.93646,11.5252,16.5644,2.49811e-09,,100,3.75457,0.000173637,-1,
fanbody_active_fraction,decorr,conf50,10,0.172379,0.14792,0.0244591,0.0178856,0.0310326,1.16535,3.52351,2.1233,4.92373,3.37463,7.87882,16.2288,6.14198e-07,,100,3.756,0.000172654,-1,
fanbody_active_fraction,decorr,conf75,10,0.172379,0.161065,0.0113142,0.00447638,0.018152,1.07025,1.55999,0.55899,2.56099,1.49408,3.48825,17.1784,0.00277869,,86.5,2.72957,0.00634178,-0.73,
fanbody_active_fraction,conf25,conf50,10,0.136106,0.14792,-0.0118137,-0.0172611,-0.00636633,0.920135,-2.03785,-3.11819,-0.957522,-1.95175,-4.55678,17.9715,0.00024533,,9,-3.09188,0.00198891,0.82,
fanbody_active_fraction,conf25,conf75,10,0.136106,0.161065,-0.0249586,-0.0307548,-0.0191624,0.84504,-4.04765,-5.57792,-2.51739,-3.87662,-9.05083,17.8829,4.27895e-08,,0,-3.75315,0.000174624,1,
fanbody_active_fraction,conf50,conf75,10,0.14792,0.161065,-0.0131449,-0.0188414,-0.0074484,0.918388,-2.17033,-3.27516,-1.0655,-2.07862,-4.853,17.743,0.000132815,,3,-3.53104,0.000413937,0.94,
other_active_fraction,rest,flow,10,0.0758808,0.478591,-0.40271,-0.408006,-0.397414,0.15855,-75.1402,-98.4425,-51.838,-71.9653,-168.019,10.6626,1.34497e-19,,0,-3.77607,0.00015932,1,
other_active_fraction,rest,self,10,0.0758808,0.436043,-0.360162,-0.36877,-0.351555,0.174021,-41.9214,-54.9423,-28.9005,-40.1501,-93.7391,9.61676,1.4466e-15,,0,-3.7703,0.000163049,1,0.000249938
other_active_fraction,rest,shuffle,10,0.0758808,0.463415,-0.387534,-0.397555,-0.377513,0.163743,-38.8394,-50.9075,-26.7713,-37.1983,-86.8475,9.45349,4.82707e-15,,0,-3.77319,0.000161177,1,
other_active_fraction,rest,randmat,10,0.0758808,0.436856,-0.360975,-0.371153,-0.350797,0.173697,-35.627,-46.7024,-24.5515,-34.1216,-79.6644,9.43947,1.13441e-14,,0,-3.77174,0.000162111,1,
other_active_fraction,rest,decorr,10,0.0758808,0.466667,-0.390786,-0.400241,-0.381331,0.162602,-41.473,-54.3553,-28.5908,-39.7206,-92.7365,9.50998,2.19831e-15,,0,-3.77174,0.000162111,1,
other_active_fraction,rest,conf25,10,0.0758808,0.443631,-0.367751,-0.378061,-0.35744,0.171045,-35.8355,-46.9753,-24.6956,-34.3213,-80.1305,9.42815,1.10846e-14,,0,-3.76743,0.000164937,1,
other_active_fraction,rest,conf50,10,0.0758808,0.456911,-0.38103,-0.384985,-0.377076,0.166073,-93.8501,-122.947,-64.7529,-89.8846,-209.855,12.047,7.77003e-23,,0,-3.77607,0.00015932,1,
other_active_fraction,rest,conf75,10,0.0758808,0.463957,-0.388076,-0.394798,-0.381354,0.163551,-57.5111,-75.3552,-39.667,-55.081,-128.599,10.0195,1.86218e-17,,0,-3.76887,0.000163991,1,
other_active_fraction,flow,self,10,0.478591,0.436043,0.0425478,0.0331198,0.0519758,1.09758,4.30591,2.70939,5.90244,4.12397,9.62831,14.8363,9.03064e-08,2.70919e-07,100,3.75315,0.000174624,-1,0.000249938
other_active_fraction,flow,shuffle,10,0.478591,0.463415,0.0151762,0.00448756,0.0258648,1.03275,1.36625,0.392829,2.33968,1.30853,3.05504,13.5381,0.00884788,,83,2.48019,0.0131312,-0.66,
other_active_fraction,flow,randmat,10,0.478591,0.436856,0.0417348,0.0309031,0.0525665,1.09553,3.71088,2.26493,5.15683,3.55408,8.29777,13.416,1.20236e-06,,100,3.75457,0.000173637,-1,
other_active_fraction,flow,decorr,10,0.478591,0.466667,0.0119242,0.00174636,0.022102,1.02555,1.12366,0.180497,2.06681,1.07618,2.51257,14.0136,0.0248414,,77,2.02308,0.0430645,-0.54,
other_active_fraction,flow,conf25,10,0.478591,0.443631,0.0349596,0.0240068,0.0459124,1.0788,3.07635,1.78129,4.37141,2.94636,6.87893,13.3163,9.87185e-06,,100,3.75032,0.000176611,-1,
other_active_fraction,flow,conf50,10,0.478591,0.456911,0.02168,0.015675,0.027685,1.04745,3.41466,2.04059,4.78873,3.27038,7.63542,16.4805,8.35937e-07,,99,3.68711,0.000226819,-0.98,
other_active_fraction,flow,conf75,10,0.478591,0.463957,0.014634,0.00677596,0.022492,1.03154,1.75714,0.725242,2.78903,1.68289,3.92908,17.0014,0.00108115,,90,3.00519,0.00265417,-0.8,
other_active_fraction,self,shuffle,10,0.436043,0.463415,-0.0273716,-0.0395873,-0.0151559,0.940935,-2.1088,-3.20213,-1.01547,-2.01969,-4.71542,17.5892,0.000182936,0.000182936,6,-3.29947,0.000968664,0.88,0.000249938
other_active_fraction,self,randmat,10,0.436043,0.436856,-0.000813,-0.013145,0.011519,0.998139,-0.0620675,-0.938801,0.814666,-0.0594449,-0.138787,17.5052,0.891202,,53,0.190492,0.848924,-0.06,0.909523
other_active_fraction,self,decorr,10,0.436043,0.466667,-0.0306236,-0.0424302,-0.018817,0.934378,-2.43858,-3.59591,-1.28126,-2.33555,-5.45284,17.8392,3.63326e-05,7.26651e-05,4.5,-3.40938,0.000651109,0.91,0.000499875
other_active_fraction,self,conf25,10,0.436043,0.443631,-0.0075882,-0.0200191,0.00484271,0.982895,-0.574883,-1.46933,0.319561,-0.550592,-1.28548,17.4302,0.215443,,36,-1.0232,0.306213,0.28,0.232692
other_active_fraction,self,conf50,10,0.436043,0.456911,-0.0208678,-0.0298396,-0.011896,0.954329,-2.25814,-3.37974,-1.13653,-2.16272,-5.04935,12.4083,0.000256959,,2.5,-3.569,0.000358342,0.95,0.000749813
other_active_fraction,self,conf75,10,0.436043,0.463957,-0.0279138,-0.0380095,-0.0178181,0.939835,-2.60923,-3.80176,-1.41671,-2.49899,-5.83443,16.9643,2.00753e-05,,1.5,-3.63393,0.000279139,0.97,0.000249938
other_active_fraction,shuffle,randmat,10,0.463415,0.436856,0.0265586,0.0133603,0.0397569,1.06079,1.89069,0.836364,2.94501,1.8108,4.2277,17.9956,0.000506351,,92,3.14897,0.00163849,-0.84,
other_active_fraction,shuffle,decorr,10,0.463415,0.466667,-0.003252,-0.0159808,0.00947683,0.993031,-0.240101,-1.11978,0.639574,-0.229956,-0.536882,17.9382,0.597946,,44,-0.420369,0.674216,0.12,
other_active_fraction,shuffle,conf25,10,0.463415,0.443631,0.0197834,0.00649607,0.0330707,1.04459,1.39899,0.421107,2.37687,1.33988,3.12823,17.9851,0.00581334,,83.5,2.5021,0.0123458,-0.67,
other_active_fraction,shuffle,conf50,10,0.463415,0.456911,0.0065038,-0.00381352,0.0168211,1.01423,0.616911,-0.280219,1.51404,0.590844,1.37945,11.5483,0.193881,,62,0.875261,0.381432,-0.24,
other_active_fraction,shuffle,conf75,10,0.463415,0.463957,-0.0005422,-0.0117866,0.0107022,0.998831,-0.0457924,-0.92243,0.830845,-0.0438575,-0.102395,15.6727,0.919742,,50,-0.0379537,0.969725,0,
other_active_fraction,randmat,decorr,10,0.436856,0.466667,-0.0298106,-0.0426485,-0.0169727,0.93612,-2.1826,-3.28975,-1.07545,-2.09038,-4.88044,17.901,0.000122171,,6,-3.29573,0.000981652,0.88,
other_active_fraction,randmat,conf25,10,0.436856,0.443631,-0.0067752,-0.0201645,0.00661413,0.984728,-0.475437,-1.36426,0.413382,-0.455349,-1.06311,17.9969,0.301789,,36.5,-0.985304,0.324475,0.27,
other_active_fraction,randmat,conf50,10,0.436856,0.456911,-0.0200548,-0.0305231,-0.00958653,0.956108,-1.87628,-2.92813,-0.824432,-1.797,-4.19549,11.4726,0.00136721,,9.5,-3.03515,0.00240418,0.81,
other_active_fraction,randmat,conf75,10,0.436856,0.463957,-0.0271008,-0.0384774,-0.0157242,0.941588,-2.26394,-3.38667,-1.14121,-2.16828,-5.06232,15.5316,0.000126293,,7,-3.21997,0.00128204,0.86,
other_active_fraction,decorr,conf25,10,0.466667,0.443631,0.0230354,0.0101046,0.0359662,1.05192,1.67468,0.656038,2.69332,1.60392,3.7447,17.8637,0.00149986,,87,2.76748,0.00564921,-0.74,
other_active_fraction,decorr,conf50,10,0.466667,0.456911,0.0097558,-1.99863e-05,0.0195316,1.02135,0.973762,0.0467483,1.90078,0.932617,2.1774,11.8508,0.0503995,,71,1.55669,0.119543,-0.42,
other_active_fraction,decorr,conf75,10,0.466667,0.463957,0.0027098,-0.00806529,0.0134849,1.00584,0.238194,-0.641431,1.11782,0.228129,0.532617,16.1916,0.601532,,58,0.568875,0.569441,-0.16,
other_active_fraction,conf25,conf50,10,0.443631,0.456911,-0.0132796,-0.0238754,-0.0026838,0.970936,-1.22822,-2.18382,-0.272627,-1.17633,-2.74639,11.4111,0.0184501,,23.5,-1.97509,0.0482577,0.53,
other_active_fraction,conf25,conf75,10,0.443631,0.463957,-0.0203256,-0.0318145,-0.00883674,0.956191,-1.68245,-2.70232,-0.662577,-1.61136,-3.76207,15.4141,0.00180517,,12,-2.84115,0.00449512,0.76,
other_active_fraction,conf50,conf75,10,0.456911,0.463957,-0.007046,-0.014281,0.000189009,0.984813,-0.932278,-1.85519,-0.00936923,-0.892886,-2.08464,14.3011,0.0554905,,24.5,-1.90492,0.0567903,0.51,
pair_corr,rest,flow,10,0,0.00336319,-0.00336319,-0.00440736,-0.00231902,0,-3.25851,-4.59567,-1.92135,-3.12083,-7.28625,9,4.63238e-05,,0,-3.99806,6.38644e-05,1,
pair_corr,rest,self,10,0,0.00195909,-0.00195909,-0.00273442,-0.00118376,0,-2.55627,-3.73773,-1.37481,-2.44826,-5.716,9,0.000288411,,0,-3.99806,6.38644e-05,1,0.000249938
pair_corr,rest,shuffle,10,0,0.00333614,-0.00333614,-0.00474184,-0.00193043,0,-2.40098,-3.55072,-1.25123,-2.29953,-5.36875,9,0.000451101,,0,-3.99806,6.38644e-05,1,
pair_corr,rest,randmat,10,0,0.00159404,-0.00159404,-0.00227516,-0.000912909,0,-2.3676,-3.51068,-1.22452,-2.26756,-5.29411,9,0.000497718,,0,-3.99806,6.38644e-05,1,
pair_corr,rest,decorr,10,0,0.00221352,-0.00221352,-0.00327244,-0.0011546,0,-2.11474,-3.20917,-1.02031,-2.02538,-4.7287,9,0.00107586,,0,-3.99806,6.38644e-05,1,
pair_corr,rest,conf25,10,0,0.0020318,-0.0020318,-0.0029969,-0.0010667,0,-2.12984,-3.22708,-1.0326,-2.03985,-4.76247,9,0.00102611,,0,-3.99806,6.38644e-05,1,
pair_corr,rest,conf50,10,0,0.00229804,-0.00229804,-0.00367061,-0.000925482,0,-1.69381,-2.71548,-0.672132,-1.62224,-3.78747,9,0.00429936,,10,-3.19037,0.00142091,0.8,
pair_corr,rest,conf75,10,0,0.0023595,-0.0023595,-0.00329948,-0.00141952,0,-2.53944,-3.71741,-1.36148,-2.43214,-5.67837,9,0.000302492,,0,-3.99806,6.38644e-05,1,
pair_corr,flow,self,10,0.00336319,0.00195909,0.0014041,0.000188964,0.00261923,1.71671,1.09222,0.152612,2.03182,1.04607,2.44227,16.6108,0.0261018,0.0783054,75,1.85203,0.0640221,-0.5,0.0204949
pair_corr,flow,shuffle,10,0.00336319,0.00333614,2.7051e-05,-0.001609,0.0016631,1.00811,0.0156284,-0.860908,0.892164,0.0149681,0.0349462,16.6138,0.972539,,52,0.113389,0.909722,-0.04,
pair_corr,flow,randmat,10,0.00336319,0.00159404,0.00176915,0.000597699,0.0029406,2.10986,1.43564,0.452674,2.41861,1.37498,3.2102,15.4851,0.00564797,,86,2.68355,0.00728456,-0.72,
pair_corr,flow,decorr,10,0.00336319,0.00221352,0.00114967,-0.000231498,0.00253084,1.51939,0.782092,-0.127322,1.69151,0.749046,1.74881,17.9965,0.0973595,,73,1.70084,0.088973,-0.46,
pair_corr,flow,conf25,10,0.00336319,0.0020318,0.00133139,1.02837e-05,0.00265249,1.65528,0.947294,0.0229175,1.87167,0.907267,2.11821,17.8895,0.048422,,72,1.62525,0.10411,-0.44,
pair_corr,flow,conf50,10,0.00336319,0.00229804,0.00106514,-0.000544742,0.00267503,1.4635,0.624827,-0.272829,1.52248,0.598426,1.39716,16.8035,0.180545,,72,1.62525,0.10411,-0.44,
pair_corr,flow,conf75,10,0.00336319,0.0023595,0.00100369,-0.000302136,0.00230952,1.42538,0.722738,-0.181948,1.62742,0.6922,1.61609,17.8047,0.123655,,73,1.70084,0.088973,-0.46,
pair_corr,self,shuffle,10,0.00195909,0.00333614,-0.00137704,-0.00289897,0.000144886,0.587234,-0.867795,-1.78465,0.0490547,-0.831128,-1.94045,14.0121,0.0727192,0.145438,28,-1.62525,0.10411,0.44,0.0747313
pair_corr,self,randmat,10,0.00195909,0.00159404,0.000365056,-0.000594549,0.00132466,1.22901,0.357857,-0.525654,1.24137,0.342736,0.800192,17.7062,0.434205,,62,0.869318,0.384673,-0.24,0.443889
pair_corr,self,decorr,10,0.00195909,0.00221352,-0.000254425,-0.00148132,0.000972471,0.885059,-0.196121,-1.07475,0.682506,-0.187834,-0.43854,16.4955,0.666684,0.666684,48,-0.113389,0.909722,0.04,0.664334
pair_corr,self,conf25,10,0.00195909,0.0020318,-7.27065e-05,-0.00122627,0.00108086,0.964216,-0.0594161,-0.936132,0.8173,-0.0569056,-0.132858,17.2011,0.895847,,50,-0.0377964,0.96985,0,0.898775
pair_corr,self,conf50,10,0.00195909,0.00229804,-0.000338952,-0.00183147,0.00115357,0.852504,-0.217524,-1.09664,0.661587,-0.208333,-0.486399,14.2128,0.634099,,48,-0.113389,0.909722,0.04,0.645089
pair_corr,self,conf75,10,0.00195909,0.0023595,-0.000400405,-0.00153498,0.000734171,0.830301,-0.332444,-1.215,0.550112,-0.318397,-0.743367,17.3714,0.467195,,40,-0.718132,0.472676,0.2,0.463384
pair_corr,shuffle,randmat,10,0.00333614,0.00159404,0.0017421,0.00025042,0.00323378,2.09289,1.12829,0.184604,2.07198,1.08062,2.52294,13.0053,0.0254558,,79,2.1544,0.031209,-0.58,
pair_corr,shuffle,decorr,10,0.00333614,0.00221352,0.00112262,-0.000520828,0.00276607,1.50717,0.645324,-0.253723,1.54437,0.618057,1.44299,16.7264,0.16749,,70,1.47406,0.140465,-0.4,
pair_corr,shuffle,conf25,10,0.00333614,0.0020318,0.00130434,-0.000294024,0.0029027,1.64196,0.773882,-0.134858,1.68262,0.741183,1.73045,15.9421,0.102856,,72,1.62525,0.10411,-0.44,
pair_corr,shuffle,conf50,10,0.00333614,0.00229804,0.00103809,-0.000786621,0.00286281,1.45173,0.534545,-0.357494,1.42658,0.511958,1.19528,17.9898,0.247498,,65,1.0961,0.273036,-0.3,
pair_corr,shuffle,conf75,10,0.00333614,0.0023595,0.000976639,-0.000610449,0.00256373,1.41392,0.584282,-0.310747,1.47931,0.559594,1.30649,15.7075,0.210192,,63,0.944911,0.344704,-0.26,
pair_corr,randmat,decorr,10,0.00159404,0.00221352,-0.000619481,-0.00180339,0.000564427,0.720137,-0.497757,-1.38775,0.392235,-0.476725,-1.11302,15.3588,0.282818,,37,-0.944911,0.344704,0.26,
pair_corr,randmat,conf25,10,0.00159404,0.0020318,-0.000437763,-0.00154371,0.000668184,0.784544,-0.374918,-1.25911,0.509272,-0.359076,-0.838341,16.1835,0.41405,,39,-0.793725,0.427355,0.22,
pair_corr,randmat,conf50,10,0.00159404,0.00229804,-0.000704009,-0.00216532,0.000757299,0.693649,-0.464814,-1.35309,0.423465,-0.445174,-1.03936,13.1792,0.317332,,40,-0.718132,0.472676,0.2,
pair_corr,randmat,conf75,10,0.00159404,0.0023595,-0.000765462,-0.00185108,0.000320162,0.675583,-0.66711,-1.56768,0.233463,-0.638922,-1.4917,16.4087,0.154752,,32,-1.32288,0.185877,0.36,
pair_corr,decorr,conf25,10,0.00221352,0.0020318,0.000181719,-0.00114971,0.00151315,1.08944,0.128313,-0.749111,1.00574,0.122892,0.286917,17.8473,0.77748,,54,0.264575,0.791337,-0.08,
pair_corr,decorr,conf50,10,0.00221352,0.00229804,-8.45273e-05,-0.001702,0.00153294,0.963218,-0.0493282,-0.925984,0.827328,-0.0472439,-0.110301,16.911,0.913469,,52,0.113389,0.909722,-0.04,
pair_corr,decorr,conf75,10,0.00221352,0.0023595,-0.00014598,-0.00146232,0.00117036,0.938131,-0.104301,-0.981419,0.772818,-0.0998937,-0.233224,17.7504,0.818256,,46,-0.264575,0.791337,0.08,
pair_corr,conf25,conf50,10,0.0020318,0.00229804,-0.000266246,-0.00183744,0.00130494,0.884142,-0.16053,-1.03846,0.717404,-0.153747,-0.358955,16.1512,0.724278,,48,-0.113389,0.909722,0.04,
pair_corr,conf25,conf75,10,0.0020318,0.0023595,-0.000327699,-0.00157895,0.000923551,0.861115,-0.24608,-1.12591,0.633753,-0.235683,-0.550253,17.9875,0.588915,,40,-0.718132,0.472676,0.2,
pair_corr,conf50,conf75,10,0.00229804,0.0023595,-6.14528e-05,-0.00162106,0.00149815,0.973955,-0.0373711,-0.91397,0.839228,-0.0357921,-0.0835644,15.9199,0.934445,,48,-0.113389,0.909722,0.04,
tau_ms,rest,flow,10,31.8467,223.23,-191.383,-202.154,-180.612,0.142663,-17.9103,-23.5294,-12.2911,-17.1535,-40.0486,9.22262,1.16544e-11,,0,-3.74185,0.000182672,1,
tau_ms,rest,self,10,31.8467,150.316,-118.469,-141.813,-95.1252,0.211865,-5.13012,-6.94556,-3.31469,-4.91336,-11.4713,9.04721,1.07944e-06,,0,-3.74185,0.000182672,1,0.000249938
tau_ms,rest,shuffle,10,31.8467,196.849,-165.002,-173.821,-156.184,0.161782,-18.8269,-24.7268,-12.927,-18.0314,-42.0983,9.33288,5.79531e-12,,0,-3.74185,0.000182672,1,
tau_ms,rest,randmat,10,31.8467,146.209,-114.362,-130.015,-98.7098,0.217816,-7.37856,-9.8274,-4.92972,-7.06679,-16.499,9.10514,4.29827e-08,,0,-3.74185,0.000182672,1,
tau_ms,rest,decorr,10,31.8467,131.045,-99.198,-123.636,-74.7599,0.243021,-4.10353,-5.64802,-2.55904,-3.93014,-9.17578,9.04308,7.05084e-06,,0,-3.74185,0.000182672,1,
tau_ms,rest,conf25,10,31.8467,104.346,-72.4991,-84.3677,-60.6304,0.305203,-6.16099,-8.26185,-4.06012,-5.90066,-13.7764,9.18318,1.92132e-07,,0,-3.74185,0.000182672,1,
tau_ms,rest,conf50,10,31.8467,117.58,-85.7337,-104.188,-67.2791,0.27085,-4.69388,-6.39218,-2.99559,-4.49555,-10.4958,9.07559,2.23543e-06,,0,-3.74185,0.000182672,1,
tau_ms,rest,conf75,10,31.8467,116.455,-84.6084,-106.742,-62.4747,0.273467,-3.86378,-5.34769,-2.37986,-3.70052,-8.63967,9.05252,1.14735e-05,,0,-3.74185,0.000182672,1,
tau_ms,flow,self,10,223.23,150.316,72.914,48.3146,97.5134,1.48507,2.87172,1.62261,4.12083,2.75038,6.42136,12.6527,2.57343e-05,7.72028e-05,98,3.59066,0.000329839,-0.96,0.000249938
tau_ms,flow,shuffle,10,223.23,196.849,26.3804,13.4543,39.3065,1.13401,1.92295,0.863039,2.98286,1.8417,4.29984,17.3172,0.00046691,,93,3.2127,0.00131494,-0.86,
tau_ms,flow,randmat,10,223.23,146.209,77.0205,59.2386,94.8024,1.52678,4.10742,2.56194,5.65291,3.93387,9.18448,15.9504,9.08417e-08,,100,3.74185,0.000182672,-1,
tau_ms,flow,decorr,10,223.23,131.045,92.1848,66.5649,117.805,1.70346,3.49484,2.10155,4.88814,3.34717,7.81471,12.3568,3.97676e-06,,100,3.74185,0.000182672,-1,
tau_ms,flow,conf25,10,223.23,104.346,118.884,104.022,133.746,2.13933,7.5209,5.03082,10.011,7.20311,16.8172,17.8315,2.20628e-12,,100,3.74185,0.000182672,-1,
tau_ms,flow,conf50,10,223.23,117.58,105.649,85.4779,125.82,1.89853,5.00824,3.22579,6.79068,4.79662,11.1988,14.4795,1.59727e-08,,100,3.74185,0.000182672,-1,
tau_ms,flow,conf75,10,223.23,116.455,106.774,83.2928,130.256,1.91687,4.39245,2.77344,6.01146,4.20685,9.82182,13.0223,2.18345e-07,,100,3.74185,0.000182672,-1,
tau_ms,self,shuffle,10,150.316,196.849,-46.5336,-70.6618,-22.4054,0.763608,-1.88828,-2.94218,-0.834371,-1.80849,-4.22232,11.5019,0.00129801,0.00259601,11,-2.91033,0.00361051,0.78,0.000499875
tau_ms,self,randmat,10,150.316,146.209,4.10651,-22.2503,30.4633,1.02809,0.14792,-0.729801,1.02564,0.14167,0.330759,15.7264,0.745193,,52,0.113389,0.909722,-0.04,0.743814
tau_ms,self,decorr,10,150.316,131.045,19.2708,-12.1054,50.647,1.14706,0.577152,-0.317433,1.47174,0.552765,1.29055,17.9623,0.213225,0.213225,64,1.0205,0.307489,-0.28,0.206698
tau_ms,self,conf25,10,150.316,104.346,45.9698,21.0476,70.892,1.44055,1.77735,0.742135,2.81256,1.70225,3.97427,13.3501,0.00151072,,90,2.98592,0.00282727,-0.8,0.00099975
tau_ms,self,conf50,10,150.316,117.58,32.7351,5.01016,60.4601,1.27841,1.11361,0.171596,2.05562,1.06656,2.49011,17.0876,0.0233571,,77,2.00321,0.0451546,-0.54,0.0229943
tau_ms,self,conf75,10,150.316,116.455,33.8604,3.99459,63.7262,1.29076,1.06544,0.128796,2.00209,1.02043,2.38241,17.9491,0.0284683,,77,2.00321,0.0451546,-0.54,0.0267433
tau_ms,shuffle,randmat,10,196.849,146.209,50.6401,33.6557,67.6245,1.34635,2.85666,1.61087,4.10245,2.73595,6.38768,14.1685,1.59643e-05,,99,3.66626,0.000246128,-0.98,
tau_ms,shuffle,decorr,10,196.849,131.045,65.8044,40.6268,90.982,1.50215,2.56456,1.38137,3.74774,2.45619,5.73452,11.2902,0.000118806,,99,3.66626,0.000246128,-0.98,
tau_ms,shuffle,conf25,10,196.849,104.346,92.5034,78.7241,106.283,1.88651,6.34578,4.19274,8.49882,6.07765,14.1896,16.602,1.04358e-10,,100,3.74185,0.000182672,-1,
tau_ms,shuffle,conf50,10,196.849,117.58,79.2687,59.7448,98.7926,1.67417,3.92617,2.42661,5.42572,3.76027,8.77917,12.8859,8.50838e-07,,100,3.74185,0.000182672,-1,
tau_ms,shuffle,conf75,10,196.849,116.455,80.394,57.4193,103.369,1.69034,3.41704,2.0424,4.79168,3.27266,7.64074,11.7703,6.7391e-06,,100,3.74185,0.000182672,-1,
tau_ms,randmat,decorr,10,146.209,131.045,15.1643,-12.1129,42.4415,1.11572,0.528977,-0.362743,1.4207,0.506626,1.18283,15.3144,0.254916,,67,1.24728,0.212294,-0.34,
tau_ms,randmat,conf25,10,146.209,104.346,41.8633,23.5506,60.176,1.4012,2.15919,1.05646,3.26193,2.06796,4.8281,16.7711,0.000163121,,95,3.36388,0.000768539,-0.9,
tau_ms,randmat,conf50,10,146.209,117.58,28.6286,6.13319,51.124,1.24348,1.19802,0.246113,2.14993,1.1474,2.67886,17.5312,0.0155664,,80,2.22999,0.0257481,-0.6,
tau_ms,randmat,conf75,10,146.209,116.455,29.7539,4.39383,55.114,1.2555,1.11122,0.169474,2.05296,1.06426,2.48475,16.1959,0.0242591,,77,2.00321,0.0451546,-0.54,
tau_ms,decorr,conf25,10,131.045,104.346,26.699,0.775713,52.6222,1.25587,0.994974,0.0657993,1.92415,0.952933,2.22483,13.0107,0.0444063,,74,1.77643,0.0756616,-0.48,
tau_ms,decorr,conf50,10,131.045,117.58,13.4643,-15.1132,42.0418,1.11451,0.445069,-0.442239,1.33238,0.426263,0.995205,16.743,0.333803,,62,0.869318,0.384673,-0.24,
tau_ms,decorr,conf75,10,131.045,116.455,14.5896,-16.0376,45.2168,1.12528,0.447883,-0.43956,1.33533,0.428959,1.0015,17.8259,0.329988,,61,0.793725,0.427355,-0.22,
tau_ms,conf25,conf50,10,104.346,117.58,-13.2347,-33.8437,7.37438,0.887441,-0.610931,-1.50767,0.285806,-0.585117,-1.36608,15.3466,0.191599,,32,-1.32288,0.185877,0.36,
tau_ms,conf25,conf75,10,104.346,116.455,-12.1094,-35.9376,11.7189,0.896017,-0.488219,-1.3777,0.401266,-0.46759,-1.09169,13.7686,0.293704,,36,-1.0205,0.307489,0.28,
tau_ms,conf50,conf75,10,117.58,116.455,1.12529,-25.6829,27.9335,1.00966,0.0395305,-0.837078,0.916139,0.0378602,0.0883928,17.4348,0.930572,,50,-0.0377964,0.96985,0,
dim,rest,flow,10,25.2512,51.002,-25.7508,-28.7286,-22.773,0.495101,-8.66354,-11.4878,-5.83927,-8.29748,-19.3723,9.61813,4.99219e-09,,0,-3.74185,0.000182672,1,
dim,rest,self,10,25.2512,52.8341,-27.583,-29.6639,-25.502,0.477933,-13.1588,-17.3298,-8.98779,-12.6028,-29.424,10.2825,2.9015e-11,,0,-3.74185,0.000182672,1,0.000249938
dim,rest,shuffle,10,25.2512,53.9667,-28.7155,-31.9509,-25.4802,0.467903,-8.90452,-11.7999,-6.00917,-8.52827,-19.9111,9.52259,4.42323e-09,,0,-3.74185,0.000182672,1,
dim,rest,randmat,10,25.2512,53.9169,-28.6657,-34.4205,-22.911,0.468335,-5.02566,-6.81281,-3.23851,-4.81331,-11.2377,9.16393,1.15341e-06,,0,-3.74185,0.000182672,1,
dim,rest,decorr,10,25.2512,59.8646,-34.6134,-37.3576,-31.8693,0.421805,-12.6164,-16.6232,-8.60953,-12.0833,-28.211,9.72954,1.17004e-10,,0,-3.74185,0.000182672,1,
dim,rest,conf25,10,25.2512,55.1228,-29.8716,-32.9317,-26.8115,0.45809,-9.78441,-12.9407,-6.6281,-9.37098,-21.8786,9.58492,1.66867e-09,,0,-3.74185,0.000182672,1,
dim,rest,conf50,10,25.2512,54.5414,-29.2903,-35.5241,-23.0564,0.462972,-4.74236,-6.45355,-3.03118,-4.54198,-10.6042,9.13963,1.93704e-06,,0,-3.74185,0.000182672,1,
dim,rest,conf75,10,25.2512,57.9918,-32.7406,-35.6981,-29.7831,0.435427,-11.0893,-14.6359,-7.54275,-10.6208,-24.7965,9.62675,4.78259e-10,,0,-3.74185,0.000182672,1,
dim,flow,self,10,51.002,52.8341,-1.83212,-5.20249,1.53825,0.965323,-0.515298,-1.40625,0.375652,-0.493525,-1.15224,16.0227,0.266124,0.532249,36,-1.0205,0.307489,0.28,0.272932
dim,flow,shuffle,10,51.002,53.9667,-2.96471,-7.02398,1.09456,0.945064,-0.68656,-1.58854,0.215415,-0.657551,-1.5352,17.8741,0.142247,,31,-1.39847,0.161972,0.38,
dim,flow,randmat,10,51.002,53.9169,-2.9149,-9.06358,3.23378,0.945937,-0.456448,-1.34431,0.431414,-0.437162,-1.02065,13.4558,0.325421,,32,-1.32288,0.185877,0.36,
dim,flow,decorr,10,51.002,59.8646,-8.86258,-12.5961,-5.12909,0.851956,-2.23143,-3.34789,-1.11497,-2.13715,-4.98964,17.8771,9.68348e-05,,5,-3.36388,0.000768539,0.9,
dim,flow,conf25,10,51.002,55.1228,-4.12076,-8.05908,-0.182441,0.925244,-0.98314,-1.9111,-0.0551757,-0.941599,-2.19837,17.9862,0.0412532,,24,-1.92762,0.0539026,0.52,
dim,flow,conf50,10,51.002,54.5414,-3.53943,-10.1272,3.04834,0.935106,-0.519639,-1.41083,0.371553,-0.497683,-1.16195,12.8647,0.26636,,25,-1.85203,0.0640221,0.5,
dim,flow,conf75,10,51.002,57.9918,-6.98975,-10.8596,-3.1199,0.87947,-1.69705,-2.71924,-0.674856,-1.62534,-3.79471,17.9991,0.00132703,,12,-2.83473,0.00458639,0.76,
dim,self,shuffle,10,52.8341,53.9667,-1.13259,-4.7198,2.45462,0.979013,-0.300494,-1.18195,0.580962,-0.287797,-0.671924,15.2708,0.51167,0.532249,38,-0.869318,0.384673,0.24,0.502874
dim,self,randmat,10,52.8341,53.9169,-1.08278,-7.00031,4.83475,0.979918,-0.179615,-1.0579,0.698673,-0.172026,-0.401632,11.2527,0.695478,,35,-1.0961,0.273036,0.3,0.683579
dim,self,decorr,10,52.8341,59.8646,-7.03046,-10.2109,-3.84998,0.882561,-2.08834,-3.17789,-0.998785,-2.0001,-4.66966,16.7221,0.000229229,0.000687688,10,-2.98592,0.00282727,0.8,0.00124969
dim,self,conf25,10,52.8341,55.1228,-2.28864,-5.72751,1.15023,0.958481,-0.63167,-1.52979,0.266445,-0.60498,-1.41246,15.7776,0.177236,,34,-1.17169,0.241322,0.32,0.169208
dim,self,conf50,10,52.8341,54.5414,-1.70731,-8.08801,4.67339,0.968697,-0.26359,-1.14391,0.61673,-0.252453,-0.589406,10.9271,0.567575,,30,-1.47406,0.140465,0.4,0.611597
dim,self,conf75,10,52.8341,57.9918,-5.15763,-8.51123,-1.80403,0.911063,-1.45743,-2.44347,-0.471385,-1.39585,-3.25891,16.0835,0.00490036,,15,-2.60795,0.0091085,0.7,0.0059985
dim,shuffle,randmat,10,53.9667,53.9169,0.04981,-6.18627,6.28589,1.00092,0.00765435,-0.868871,0.88418,0.00733093,0.0171156,14.1374,0.986584,,44,-0.415761,0.677585,0.12,
dim,shuffle,decorr,10,53.9667,59.8646,-5.89787,-9.81795,-1.97779,0.90148,-1.41638,-2.39667,-0.4361,-1.35654,-3.16713,17.5192,0.00547205,,16,-2.53236,0.0113297,0.68,
dim,shuffle,conf25,10,53.9667,55.1228,-1.15605,-5.26674,2.95464,0.979028,-0.264293,-1.14463,0.616048,-0.253126,-0.590978,17.943,0.561907,,40,-0.718132,0.472676,0.2,
dim,shuffle,conf50,10,53.9667,54.5414,-0.57472,-7.24109,6.09165,0.989463,-0.0829892,-0.959889,0.793911,-0.0794826,-0.185569,13.4858,0.855544,,35,-1.0961,0.273036,0.3,
dim,shuffle,conf75,10,53.9667,57.9918,-4.02504,-8.07182,0.0217358,0.930593,-0.935067,-1.85825,-0.0118871,-0.895557,-2.09087,17.8528,0.0511157,,22,-2.0788,0.0376353,0.56,
dim,randmat,decorr,10,53.9169,59.8646,-5.94768,-12.0253,0.129906,0.900648,-0.946657,-1.87097,-0.0223436,-0.906658,-2.11679,12.8449,0.0543841,,25,-1.85203,0.0640221,0.5,
dim,randmat,conf25,10,53.9169,55.1228,-1.20586,-7.38144,4.96972,0.978124,-0.187712,-1.06616,0.690739,-0.179781,-0.419737,13.6735,0.681198,,54,0.264575,0.791337,-0.08,
dim,randmat,conf50,10,53.9169,54.5414,-0.62453,-8.49433,7.24527,0.988549,-0.0745958,-0.951423,0.802232,-0.0714438,-0.166801,17.8853,0.869398,,52,0.113389,0.909722,-0.04,
dim,randmat,conf75,10,53.9169,57.9918,-4.07485,-10.217,2.06734,0.929734,-0.63901,-1.53762,0.259604,-0.61201,-1.42887,13.4022,0.175933,,37,-0.944911,0.344704,0.26,
dim,decorr,conf25,10,59.8646,55.1228,4.74182,0.949813,8.53383,1.08602,1.17593,0.226667,2.12518,1.12624,2.62945,17.7836,0.0171272,,81,2.30558,0.0211339,-0.62,
dim,decorr,conf50,10,59.8646,54.5414,5.32315,-1.20085,11.8472,1.0976,0.792768,-0.117534,1.70307,0.75927,1.77268,12.3184,0.10099,,72,1.62525,0.10411,-0.44,
dim,decorr,conf75,10,59.8646,57.9918,1.87283,-1.8464,5.59206,1.03229,0.473314,-0.415396,1.36202,0.453315,1.05836,17.8966,0.303967,,66,1.17169,0.241322,-0.32,
dim,conf25,conf50,10,55.1228,54.5414,0.58133,-6.03061,7.19327,1.01066,0.0849041,-0.792013,0.961821,0.0813166,0.189851,13.0616,0.852344,,47,-0.188982,0.850107,0.06,
dim,conf25,conf75,10,55.1228,57.9918,-2.86899,-6.79421,1.05623,0.950528,-0.686796,-1.58879,0.215197,-0.657776,-1.53572,17.9785,0.142018,,37,-0.944911,0.344704,0.26,
dim,conf50,conf75,10,54.5414,57.9918,-3.45032,-10.0323,3.13163,0.940503,-0.507201,-1.3977,0.383303,-0.48577,-1.13414,12.8165,0.277506,,40,-0.718132,0.472676,0.2,
pop_rate_sd_hz,rest,flow,10,0.0483088,0.997115,-0.948806,-0.969863,-0.927749,0.0484486,-45.536,-59.6747,-31.3973,-43.6119,-101.822,9.06429,3.53901e-15,,0,-3.74185,0.000182672,1,
pop_rate_sd_hz,rest,self,10,0.0483088,0.756843,-0.708534,-0.727384,-0.689685,0.0638294,-37.9765,-49.7779,-26.1751,-36.3718,-84.918,9.08026,1.74893e-14,,0,-3.74185,0.000182672,1,0.000249938
pop_rate_sd_hz,rest,shuffle,10,0.0483088,0.9306,-0.882291,-0.909869,-0.854713,0.0519115,-32.3452,-42.4071,-22.2832,-30.9785,-72.326,9.03746,8.42681e-14,,0,-3.74185,0.000182672,1,
pop_rate_sd_hz,rest,randmat,10,0.0483088,0.764196,-0.715887,-0.736609,-0.695164,0.0632153,-34.91,-45.7639,-24.056,-33.4349,-78.0611,9.06639,3.90214e-14,,0,-3.74185,0.000182672,1,
pop_rate_sd_hz,rest,decorr,10,0.0483088,0.841884,-0.793575,-0.828473,-0.758677,0.0573818,-22.996,-30.1761,-15.8159,-22.0243,-51.4206,9.02339,1.88912e-12,,0,-3.74185,0.000182672,1,
pop_rate_sd_hz,rest,conf25,10,0.0483088,0.774843,-0.726534,-0.754248,-0.698821,0.0623466,-26.5052,-34.7657,-18.2446,-25.3852,-59.2674,9.03709,5.08288e-13,,0,-3.74185,0.000182672,1,
pop_rate_sd_hz,rest,conf50,10,0.0483088,0.802873,-0.754564,-0.782352,-0.726777,0.0601699,-27.4542,-36.0073,-18.9012,-26.2942,-61.3896,9.0369,3.70309e-13,,0,-3.74185,0.000182672,1,
pop_rate_sd_hz,rest,conf75,10,0.0483088,0.828047,-0.779738,-0.796025,-0.763452,0.0583406,-48.3487,-63.3575,-33.3399,-46.3058,-108.111,9.10758,1.79569e-15,,0,-3.74185,0.000182672,1,
pop_rate_sd_hz,flow,self,10,0.997115,0.756843,0.240272,0.214023,0.266521,1.31747,8.60777,5.79993,11.4156,8.24406,19.2476,17.783,2.36197e-13,7.08591e-13,100,3.74185,0.000182672,-1,0.000249938
pop_rate_sd_hz,flow,shuffle,10,0.997115,0.9306,0.066515,0.0341455,0.0988845,1.07148,1.94034,0.877393,3.00329,1.85836,4.33874,16.8296,0.000455853,,93,3.2127,0.00131494,-0.86,
pop_rate_sd_hz,flow,randmat,10,0.997115,0.764196,0.232919,0.205501,0.260338,1.30479,7.98162,5.35742,10.6058,7.64437,17.8474,17.9954,6.8431e-13,,100,3.74185,0.000182672,-1,
pop_rate_sd_hz,flow,decorr,10,0.997115,0.841884,0.155231,0.116792,0.193669,1.18439,3.85441,2.37284,5.33599,3.69155,8.61873,14.7823,3.79572e-07,,100,3.74185,0.000182672,-1,
pop_rate_sd_hz,flow,conf25,10,0.997115,0.774843,0.222272,0.189796,0.254748,1.28686,6.46394,4.2774,8.65047,6.19081,14.4538,16.7915,6.66324e-11,,100,3.74185,0.000182672,-1,
pop_rate_sd_hz,flow,conf50,10,0.997115,0.802873,0.194242,0.161708,0.226776,1.24193,5.63918,3.68411,7.59425,5.4009,12.6096,16.7706,5.57429e-10,,100,3.74185,0.000182672,-1,
pop_rate_sd_hz,flow,conf75,10,0.997115,0.828047,0.169068,0.144254,0.193881,1.20418,6.4309,4.25374,8.60806,6.15917,14.3799,16.9265,6.42986e-11,,100,3.74185,0.000182672,-1,
pop_rate_sd_hz,self,shuffle,10,0.756843,0.9306,-0.173757,-0.20506,-0.142454,0.813285,-5.26522,-7.11743,-3.41302,-5.04275,-11.7734,15.8983,2.91479e-09,5.82958e-09,0,-3.74185,0.000182672,1,0.000249938
pop_rate_sd_hz,self,randmat,10,0.756843,0.764196,-0.0073524,-0.033365,0.0186602,0.990379,-0.265736,-1.14612,0.614647,-0.254507,-0.594203,17.8403,0.559837,,41,-0.64254,0.520523,0.18,0.568608
pop_rate_sd_hz,self,decorr,10,0.756843,0.841884,-0.085041,-0.122674,-0.0474081,0.898987,-2.16994,-3.2747,-1.06518,-2.07825,-4.85214,13.8343,0.000264972,0.000264972,5,-3.36388,0.000768539,0.9,0.000499875
pop_rate_sd_hz,self,conf25,10,0.756843,0.774843,-0.0179998,-0.0494145,0.0134149,0.97677,-0.543613,-1.43618,0.348952,-0.520644,-1.21556,15.8549,0.241945,,29,-1.54965,0.121225,0.42,0.246938
pop_rate_sd_hz,self,conf50,10,0.756843,0.802873,-0.0460302,-0.0775064,-0.014554,0.942668,-1.38761,-2.36394,-0.41129,-1.32898,-3.1028,15.8311,0.00690858,,17,-2.45677,0.0140193,0.66,0.00549863
pop_rate_sd_hz,self,conf75,10,0.756843,0.828047,-0.0712042,-0.0943512,-0.0480572,0.91401,-2.89464,-4.14882,-1.64046,-2.77233,-6.47261,17.6272,4.80975e-06,,2,-3.59066,0.000329839,0.96,0.000249938
pop_rate_sd_hz,shuffle,randmat,10,0.9306,0.764196,0.166404,0.134205,0.198604,1.21775,4.88267,3.134,6.63134,4.67636,10.918,16.7039,5.07577e-09,,100,3.74185,0.000182672,-1,
pop_rate_sd_hz,shuffle,decorr,10,0.9306,0.841884,0.0887158,0.0472605,0.130171,1.10538,2.01843,0.941606,3.09525,1.93314,4.51335,17.0859,0.000303297,,94,3.28829,0.00100798,-0.88,
pop_rate_sd_hz,shuffle,conf25,10,0.9306,0.774843,0.155757,0.119461,0.192053,1.20102,4.03195,2.50567,5.55823,3.86159,9.01572,17.9996,4.29218e-08,,100,3.74185,0.000182672,-1,
pop_rate_sd_hz,shuffle,conf50,10,0.9306,0.802873,0.127727,0.0913816,0.164072,1.15909,3.3019,1.95455,4.64924,3.16238,7.38327,17.999,7.53693e-07,,99,3.66626,0.000246128,-0.98,
pop_rate_sd_hz,shuffle,conf75,10,0.9306,0.828047,0.102553,0.0723194,0.132786,1.12385,3.24129,1.90815,4.57442,3.10433,7.24773,14.59,3.33887e-06,,99,3.66626,0.000246128,-0.98,
pop_rate_sd_hz,randmat,decorr,10,0.764196,0.841884,-0.0776886,-0.115998,-0.0393792,0.907721,-1.93718,-2.99958,-0.874786,-1.85533,-4.33167,14.6409,0.000625117,,9,-3.06151,0.00220222,0.82,
pop_rate_sd_hz,randmat,conf25,10,0.764196,0.774843,-0.0106474,-0.0429543,0.0216595,0.986259,-0.31144,-1.19326,0.57038,-0.29828,-0.6964,16.6648,0.495778,,35,-1.0961,0.273036,0.3,
pop_rate_sd_hz,randmat,conf50,10,0.764196,0.802873,-0.0386778,-0.0710436,-0.00631201,0.951826,-1.12939,-2.07321,-0.185576,-1.08167,-2.5254,16.6432,0.0220264,,18,-2.38118,0.0172575,0.64,
pop_rate_sd_hz,randmat,conf75,10,0.764196,0.828047,-0.0638518,-0.0884066,-0.039297,0.922889,-2.45307,-3.61333,-1.29282,-2.34942,-5.48524,17.0443,3.98595e-05,,3,-3.51507,0.000439639,0.94,
pop_rate_sd_hz,decorr,conf25,10,0.841884,0.774843,0.0670412,0.0255138,0.108569,1.08652,1.52242,0.526989,2.51785,1.45809,3.40423,17.1205,0.00334905,,87,2.75914,0.00579536,-0.74,
pop_rate_sd_hz,decorr,conf50,10,0.841884,0.802873,0.0390108,-0.00255625,0.0805778,1.04859,0.884966,-0.0334587,1.80339,0.847573,1.97884,17.1392,0.064132,,74,1.77643,0.0756616,-0.48,
pop_rate_sd_hz,decorr,conf75,10,0.841884,0.828047,0.0138368,-0.0230037,0.0506773,1.01671,0.363636,-0.5201,1.24737,0.348271,0.813116,12.7364,0.43109,,64,1.0205,0.307489,-0.28,
pop_rate_sd_hz,conf25,conf50,10,0.774843,0.802873,-0.0280304,-0.0644639,0.00840313,0.965087,-0.722858,-1.62755,0.181837,-0.692315,-1.61636,17.9999,0.123407,,32,-1.32288,0.185877,0.36,
pop_rate_sd_hz,conf25,conf75,10,0.774843,0.828047,-0.0532044,-0.0835558,-0.022853,0.935747,-1.67548,-2.69424,-0.656708,-1.60468,-3.74648,14.5471,0.00204062,,7,-3.2127,0.00131494,0.86,
pop_rate_sd_hz,conf50,conf75,10,0.802873,0.828047,-0.025174,-0.0555904,0.00524237,0.969598,-0.791183,-1.70135,0.118986,-0.757753,-1.76914,14.5237,0.0978577,,26,-1.77643,0.0756616,0.48,
bumpR,rest,flow,10,0,0.326875,-0.326875,-0.342373,-0.311378,0,-21.3388,-28.0094,-14.6681,-20.4371,-47.7149,9,3.90815e-12,,0,-3.99806,6.38644e-05,1,
bumpR,rest,self,10,0,0.358456,-0.358456,-0.374313,-0.3426,0,-22.8699,-30.0112,-15.7286,-21.9036,-51.1386,9,2.09906e-12,,0,-3.99806,6.38644e-05,1,0.000249938
bumpR,rest,shuffle,10,0,0.331547,-0.331547,-0.346265,-0.316829,0,-22.7898,-29.9065,-15.6731,-21.8269,-50.9596,9,2.16617e-12,,0,-3.99806,6.38644e-05,1,
bumpR,rest,randmat,10,0,0.336439,-0.336439,-0.357014,-0.315864,0,-16.5427,-21.7436,-11.3418,-15.8437,-36.9906,9,3.82297e-11,,0,-3.99806,6.38644e-05,1,
bumpR,rest,decorr,10,0,0.274161,-0.274161,-0.290825,-0.257496,0,-16.6439,-21.8757,-11.412,-15.9406,-37.2168,9,3.62002e-11,,0,-3.99806,6.38644e-05,1,
bumpR,rest,conf25,10,0,0.327779,-0.327779,-0.341936,-0.313622,0,-23.423,-30.7345,-16.1116,-22.4333,-52.3755,9,1.69394e-12,,0,-3.99806,6.38644e-05,1,
bumpR,rest,conf50,10,0,0.30359,-0.30359,-0.322675,-0.284506,0,-16.0931,-21.1568,-11.0295,-15.4132,-35.9854,9,4.89138e-11,,0,-3.99806,6.38644e-05,1,
bumpR,rest,conf75,10,0,0.276527,-0.276527,-0.292057,-0.260996,0,-18.0133,-23.664,-12.3626,-17.2522,-40.279,9,1.78376e-11,,0,-3.99806,6.38644e-05,1,
bumpR,flow,self,10,0.326875,0.358456,-0.0315808,-0.0521732,-0.0109884,0.911898,-1.44098,-2.4247,-0.457262,-1.3801,-3.22213,17.9905,0.00472914,0.00945829,17,-2.45677,0.0140193,0.66,0.00524869
bumpR,flow,shuffle,10,0.326875,0.331547,-0.0046717,-0.0245244,0.015181,0.985909,-0.221137,-1.10033,0.65806,-0.211794,-0.494478,17.9523,0.626965,,40,-0.718132,0.472676,0.2,
bumpR,flow,randmat,10,0.326875,0.336439,-0.0095634,-0.0336171,0.0144903,0.971575,-0.375607,-1.25982,0.50861,-0.359737,-0.839883,16.7253,0.412819,,36,-1.0205,0.307489,0.28,
bumpR,flow,decorr,10,0.326875,0.274161,0.0527149,0.0315723,0.0738575,1.19228,2.3435,1.2052,3.48179,2.24448,5.24022,17.9059,5.62982e-05,,97,3.51507,0.000439639,-0.94,
bumpR,flow,conf25,10,0.326875,0.327779,-0.0009037,-0.0204091,0.0186017,0.997243,-0.0435559,-0.920182,0.833071,-0.0417155,-0.0973939,17.8548,0.923499,,52,0.113389,0.909722,-0.04,
bumpR,flow,conf50,10,0.326875,0.30359,0.0232852,0.000384038,0.0461864,1.0767,0.95821,0.0327541,1.88367,0.917723,2.14262,17.2722,0.0466698,,74,1.77643,0.0756616,-0.48,
bumpR,flow,conf75,10,0.326875,0.276527,0.0503488,0.0299728,0.0707248,1.18208,2.32164,1.18765,3.45563,2.22355,5.19135,17.9999,6.14742e-05,,96,3.43948,0.00058284,-0.92,
bumpR,self,shuffle,10,0.358456,0.331547,0.0269091,0.00680877,0.0470094,1.08116,1.25833,0.298975,2.21768,1.20516,2.8137,17.9009,0.0115371,0.0115371,81,2.30558,0.0211339,-0.62,0.0127468
bumpR,self,randmat,10,0.358456,0.336439,0.0220174,-0.00221998,0.0462548,1.06544,0.857491,-0.058427,1.77341,0.821259,1.91741,16.903,0.0722453,,68,1.32288,0.185877,-0.36,0.0739815
bumpR,self,decorr,10,0.358456,0.274161,0.0842957,0.0629286,0.105663,1.30747,3.70733,2.26225,5.1524,3.55068,8.28984,17.9557,1.49793e-07,4.49379e-07,100,3.74185,0.000182672,-1,0.000249938
bumpR,self,conf25,10,0.358456,0.327779,0.0306771,0.0109172,0.050437,1.09359,1.46,0.473587,2.4464,1.39831,3.26465,17.7735,0.00436009,,87,2.75914,0.00579536,-0.74,0.00674831
bumpR,self,conf50,10,0.358456,0.30359,0.054866,0.0317665,0.0779655,1.18072,2.23703,1.11949,3.35457,2.14251,5.00215,17.4154,0.000101682,,96,3.43948,0.00058284,-0.92,0.000749813
bumpR,self,conf75,10,0.358456,0.276527,0.0819296,0.0613158,0.102543,1.29628,3.7344,2.28265,5.18616,3.57661,8.35038,17.9922,1.32821e-07,,100,3.74185,0.000182672,-1,0.000249938
bumpR,shuffle,randmat,10,0.331547,0.336439,-0.0048917,-0.0285626,0.0187792,0.98546,-0.195627,-1.07424,0.68299,-0.187361,-0.437435,16.2993,0.667537,,45,-0.340168,0.73373,0.1,
bumpR,shuffle,decorr,10,0.331547,0.274161,0.0573866,0.0367155,0.0780577,1.20932,2.61124,1.41829,3.80419,2.50091,5.83891,17.7292,1.66802e-05,,98,3.59066,0.000329839,-0.96,
bumpR,shuffle,conf25,10,0.331547,0.327779,0.003768,-0.0152,0.022736,1.0115,0.186664,-0.691765,1.06509,0.178777,0.417394,17.9729,0.681334,,55,0.340168,0.73373,-0.1,
bumpR,shuffle,conf50,10,0.331547,0.30359,0.0279569,0.00547002,0.0504438,1.09209,1.17354,0.224569,2.12252,1.12396,2.62412,16.908,0.0178257,,78,2.0788,0.0376353,-0.56,
bumpR,shuffle,conf75,10,0.331547,0.276527,0.0550205,0.035145,0.074896,1.19897,2.60149,1.41059,3.79239,2.49157,5.81711,17.9483,1.66141e-05,,98,3.59066,0.000329839,-0.96,
bumpR,randmat,decorr,10,0.336439,0.274161,0.0622783,0.0376122,0.0869444,1.22716,2.37962,1.23415,3.52509,2.27907,5.32099,17.2554,5.35818e-05,,96,3.43948,0.00058284,-0.92,
bumpR,randmat,conf25,10,0.336439,0.327779,0.0086597,-0.0147494,0.0320688,1.02642,0.35078,-0.532458,1.23402,0.335958,0.784368,15.9616,0.44431,,58,0.566947,0.57075,-0.16,
bumpR,randmat,conf50,10,0.336439,0.30359,0.0328486,0.00677495,0.0589223,1.1082,1.18417,0.233931,2.13442,1.13414,2.64789,17.8992,0.0164143,,78,2.0788,0.0376353,-0.56,
bumpR,randmat,conf75,10,0.336439,0.276527,0.0599122,0.0358417,0.0839827,1.21666,2.35125,1.21142,3.49109,2.25191,5.25756,16.7423,6.74184e-05,,96,3.43948,0.00058284,-0.92,
bumpR,decorr,conf25,10,0.274161,0.327779,-0.0536186,-0.0739643,-0.0332729,0.836419,-2.48074,-3.64664,-1.31485,-2.37592,-5.54711,17.5418,3.16738e-05,,2,-3.59066,0.000329839,0.96,
bumpR,decorr,conf50,10,0.274161,0.30359,-0.0294297,-0.0529908,-0.00586861,0.903061,-1.17512,-2.12428,-0.225955,-1.12546,-2.62764,17.6788,0.0172498,,20,-2.22999,0.0257481,0.6,
bumpR,decorr,conf75,10,0.274161,0.276527,-0.0023661,-0.0235292,0.018797,0.991444,-0.105083,-0.98221,0.772044,-0.100643,-0.234972,17.9113,0.816895,,51,0.0377964,0.96985,-0.02,
bumpR,conf25,conf50,10,0.327779,0.30359,0.0241889,0.00198632,0.0463915,1.07968,1.02983,0.0970127,1.96264,0.986313,2.30276,16.6028,0.0345251,,78,2.0788,0.0376353,-0.56,
bumpR,conf25,conf75,10,0.327779,0.276527,0.0512525,0.0317237,0.0707813,1.18534,2.46735,1.30418,3.63051,2.36309,5.51715,17.8479,3.16874e-05,,97,3.51507,0.000439639,-0.94,
bumpR,conf50,conf75,10,0.30359,0.276527,0.0270636,0.00414429,0.0499829,1.09787,1.11275,0.170831,2.05466,1.06573,2.48818,17.2861,0.0233162,,80,2.22999,0.0257481,-0.6,
patch_drive_fraction,rest,flow,10,0,0.245522,-0.245522,-0.245529,-0.245516,0,-40291.1,-52777.2,-27805,-38588.7,-90093.6,9,1.30204e-41,,0,-3.99806,6.38644e-05,1,
patch_drive_fraction,rest,self,10,0,0.124213,-0.124213,-0.124253,-0.124174,0,-3156.36,-4134.51,-2178.21,-3022.99,-7057.83,9,1.17173e-31,,0,-3.99806,6.38644e-05,1,0.000249938
patch_drive_fraction,rest,shuffle,10,0,0.124531,-0.124531,-0.124571,-0.124491,0,-3169.98,-4152.34,-2187.61,-3036.03,-7088.28,9,1.1272e-31,,0,-3.99977,6.34029e-05,1,
patch_drive_fraction,rest,randmat,10,0,0.0695646,-0.0695646,-0.0695869,-0.0695424,0,-3163.76,-4144.21,-2183.32,-3030.08,-7074.39,9,1.14728e-31,,0,-3.99806,6.38644e-05,1,
patch_drive_fraction,rest,decorr,10,0,0.229047,-0.229047,-0.231291,-0.226802,0,-103.23,-135.232,-71.227,-98.8677,-230.828,9,2.73508e-18,,0,-3.99806,6.38644e-05,1,
patch_drive_fraction,rest,conf25,10,0,0.146289,-0.146289,-0.147125,-0.145453,0,-176.984,-231.838,-122.13,-169.506,-395.748,9,2.13794e-20,,0,-3.99806,6.38644e-05,1,
patch_drive_fraction,rest,conf50,10,0,0.174852,-0.174852,-0.175938,-0.173767,0,-163.001,-213.523,-112.48,-156.114,-364.482,9,4.48397e-20,,0,-3.99806,6.38644e-05,1,
patch_drive_fraction,rest,conf75,10,0,0.202454,-0.202454,-0.204083,-0.200826,0,-125.736,-164.712,-86.7612,-120.424,-281.155,9,4.63611e-19,,0,-3.99806,6.38644e-05,1,
patch_drive_fraction,flow,self,10,0.245522,0.124213,0.121309,0.121269,0.121349,1.97662,3046.25,2102.23,3990.28,2917.54,6811.63,9.43134,7.01824e-33,2.10547e-32,100,3.74185,0.000182672,-1,0.000249938
patch_drive_fraction,flow,shuffle,10,0.245522,0.124531,0.120991,0.120952,0.121031,1.97158,3043.48,2100.31,3986.65,2914.88,6805.43,9.43286,7.00151e-33,,100,3.74326,0.000181651,-1,
patch_drive_fraction,flow,randmat,10,0.245522,0.0695646,0.175958,0.175935,0.17598,3.52941,7711.79,5321.93,10101.7,7385.94,17244.1,10.3744,5.02235e-40,,100,3.74185,0.000182672,-1,
patch_drive_fraction,flow,decorr,10,0.245522,0.229047,0.0164757,0.014231,0.0187204,1.07193,7.42544,4.96303,9.88785,7.11169,16.6038,9.00014,4.65417e-08,,100,3.74185,0.000182672,-1,
patch_drive_fraction,flow,conf25,10,0.245522,0.146289,0.0992332,0.098397,0.100069,1.67834,120.051,82.8374,157.265,114.979,268.443,9.00098,7.00262e-19,,100,3.74185,0.000182672,-1,
patch_drive_fraction,flow,conf50,10,0.245522,0.174852,0.0706701,0.0695849,0.0717553,1.40417,65.8793,45.4446,86.3139,63.0956,147.311,9.00058,1.55296e-16,,100,3.74185,0.000182672,-1,
patch_drive_fraction,flow,conf75,10,0.245522,0.202454,0.0430679,0.041439,0.0446968,1.21273,26.7476,18.4123,35.0828,25.6174,59.8094,9.00026,5.14278e-13,,100,3.74185,0.000182672,-1,
patch_drive_fraction,self,shuffle,10,0.124213,0.124531,-0.0003175,-0.000369745,-0.000265255,0.99745,-5.70988,-7.68455,-3.7352,-5.46861,-12.7677,17.9999,1.84809e-10,1.84809e-10,0,-3.74326,0.000181651,1,0.000249938
patch_drive_fraction,self,randmat,10,0.124213,0.0695646,0.0546488,0.0546056,0.054692,1.78558,1212.28,836.594,1587.96,1161.05,2710.73,14.1202,9.14878e-42,,100,3.74185,0.000182672,-1,0.000249938
patch_drive_fraction,self,decorr,10,0.124213,0.229047,-0.104833,-0.107078,-0.102588,0.542306,-47.2401,-61.9059,-32.5743,-45.2441,-105.632,9.00566,3.0452e-15,6.0904e-15,0,-3.74185,0.000182672,1,0.000249938
patch_drive_fraction,self,conf25,10,0.124213,0.146289,-0.0220758,-0.0229124,-0.0212392,0.849095,-26.6776,-34.9913,-18.3639,-25.5504,-59.6529,9.0408,4.74926e-13,,0,-3.74185,0.000182672,1,0.000249938
patch_drive_fraction,self,conf50,10,0.124213,0.174852,-0.0506389,-0.0517244,-0.0495534,0.71039,-47.175,-61.8207,-32.5294,-45.1817,-105.487,9.02423,2.91013e-15,,0,-3.74185,0.000182672,1,0.000249938
patch_drive_fraction,self,conf75,10,0.124213,0.202454,-0.0782411,-0.0798702,-0.076612,0.613537,-48.5779,-63.6576,-33.4982,-46.5253,-108.624,9.01075,2.33092e-15,,0,-3.74185,0.000182672,1,0.000249938
patch_drive_fraction,shuffle,randmat,10,0.124531,0.0695646,0.0549663,0.0549231,0.0550094,1.79015,1220.95,842.578,1599.32,1169.36,2730.12,14.135,7.55784e-42,,100,3.74326,0.000181651,-1,
patch_drive_fraction,shuffle,decorr,10,0.124531,0.229047,-0.104516,-0.106761,-0.102271,0.543692,-47.0971,-61.7186,-32.4755,-45.1071,-105.312,9.00564,3.12964e-15,,0,-3.74326,0.000181651,1,
patch_drive_fraction,shuffle,conf25,10,0.124531,0.146289,-0.0217583,-0.0225949,-0.0209217,0.851265,-26.294,-34.4895,-18.0986,-25.183,-58.7952,9.04066,5.41395e-13,,0,-3.74326,0.000181651,1,
patch_drive_fraction,shuffle,conf50,10,0.124531,0.174852,-0.0503214,-0.0514069,-0.0492359,0.712206,-46.8794,-61.4336,-32.3252,-44.8986,-104.825,9.02414,3.0807e-15,,0,-3.74326,0.000181651,1,
patch_drive_fraction,shuffle,conf75,10,0.124531,0.202454,-0.0779236,-0.0795527,-0.0762945,0.615106,-48.3808,-63.3995,-33.3621,-46.3366,-108.183,9.01071,2.41811e-15,,0,-3.74326,0.000181651,1,
patch_drive_fraction,randmat,decorr,10,0.0695646,0.229047,-0.159482,-0.161727,-0.157237,0.303714,-71.8738,-94.1645,-49.583,-68.8369,-160.715,9.00177,7.06381e-17,,0,-3.74185,0.000182672,1,
patch_drive_fraction,randmat,conf25,10,0.0695646,0.146289,-0.0767246,-0.0775609,-0.0758882,0.475528,-92.7903,-121.559,-64.0215,-88.8696,-207.486,9.01274,6.80222e-18,,0,-3.74185,0.000182672,1,
patch_drive_fraction,randmat,conf50,10,0.0695646,0.174852,-0.105288,-0.106373,-0.104202,0.397848,-98.131,-128.554,-67.7078,-93.9847,-219.428,9.00756,4.19071e-18,,0,-3.74185,0.000182672,1,
patch_drive_fraction,randmat,conf75,10,0.0695646,0.202454,-0.13289,-0.134519,-0.131261,0.343606,-82.5249,-108.114,-56.9356,-79.0379,-184.531,9.00336,2.02497e-17,,0,-3.74185,0.000182672,1,
patch_drive_fraction,decorr,conf25,10,0.229047,0.146289,0.0827575,0.080438,0.085077,1.56571,34.9517,24.0848,45.8185,33.4749,78.1543,11.4508,5.56157e-17,,100,3.74185,0.000182672,-1,
patch_drive_fraction,decorr,conf50,10,0.229047,0.174852,0.0541944,0.0518131,0.0565757,1.30994,21.9899,15.1192,28.8607,21.0608,49.171,12.9893,3.8104e-16,,100,3.74185,0.000182672,-1,
patch_drive_fraction,decorr,conf75,10,0.229047,0.202454,0.0265922,0.0239985,0.0291859,1.13135,9.69995,6.56877,12.8311,9.29009,21.6898,16.421,1.61549e-13,,100,3.74185,0.000182672,-1,
patch_drive_fraction,conf25,conf50,10,0.146289,0.174852,-0.0285631,-0.0298414,-0.0272848,0.836644,-21.0919,-27.6868,-14.4971,-20.2007,-47.163,16.9017,2.21589e-19,,0,-3.74185,0.000182672,1,
patch_drive_fraction,conf25,conf75,10,0.146289,0.202454,-0.0561653,-0.0579082,-0.0544224,0.722578,-31.032,-40.6886,-21.3754,-29.7208,-69.3896,13.4354,1.45482e-18,,0,-3.74185,0.000182672,1,
patch_drive_fraction,conf50,conf75,10,0.174852,0.202454,-0.0276022,-0.0294395,-0.0257649,0.863662,-14.2665,-18.7737,-9.7593,-13.6637,-31.9009,15.6743,1.10697e-15,,0,-3.74185,0.000182672,1,
patch_level_ratio,rest,flow,10,0,0.976745,-0.976745,-0.976777,-0.976714,0,-31379.3,-41103.7,-21654.9,-30053.4,-70166.2,9,1.23514e-40,,0,-3.99806,6.38644e-05,1,
patch_level_ratio,rest,self,10,0,0.425703,-0.425703,-0.425859,-0.425547,0,-2762.84,-3619.04,-1906.64,-2646.1,-6177.9,9,3.88421e-31,,0,-3.99806,6.38644e-05,1,0.000249938
patch_level_ratio,rest,shuffle,10,0,0.426946,-0.426946,-0.427102,-0.42679,0,-2768.02,-3625.82,-1910.21,-2651.06,-6189.47,9,3.81933e-31,,0,-3.99806,6.38644e-05,1,
patch_level_ratio,rest,randmat,10,0,0.461354,-0.461354,-0.461513,-0.461195,0,-2943.8,-3856.08,-2031.52,-2819.41,-6582.54,9,2.19447e-31,,0,-3.99806,6.38644e-05,1,
patch_level_ratio,rest,decorr,10,0,0.891787,-0.891787,-0.903159,-0.880415,0,-79.3331,-103.934,-54.7323,-75.981,-177.394,9,2.92354e-17,,0,-3.99806,6.38644e-05,1,
patch_level_ratio,rest,conf25,10,0,0.514332,-0.514332,-0.517776,-0.510888,0,-151.078,-197.905,-104.251,-144.694,-337.82,9,8.88304e-20,,0,-3.99806,6.38644e-05,1,
patch_level_ratio,rest,conf50,10,0,0.636039,-0.636039,-0.640827,-0.631251,0,-134.385,-176.04,-92.7302,-128.707,-300.494,9,2.54783e-19,,0,-3.99806,6.38644e-05,1,
patch_level_ratio,rest,conf75,10,0,0.761946,-0.761946,-0.76965,-0.754242,0,-100.056,-131.075,-69.0363,-95.8279,-223.731,9,3.62253e-18,,0,-3.99806,6.38644e-05,1,
patch_level_ratio,flow,self,10,0.976745,0.425703,0.551043,0.550885,0.5512,2.29443,3505.49,2419.15,4591.83,3357.37,7838.51,9.73337,2.00544e-34,6.01633e-34,100,3.74185,0.000182672,-1,0.000249938
patch_level_ratio,flow,shuffle,10,0.976745,0.426946,0.549799,0.549642,0.549957,2.28775,3494.07,2411.27,4576.88,3346.44,7812.99,9.73185,2.09355e-34,,100,3.74185,0.000182672,-1,
patch_level_ratio,flow,randmat,10,0.976745,0.461354,0.515391,0.515231,0.515551,2.11713,3225.59,2225.99,4225.2,3089.3,7212.65,9.70896,5.38658e-34,,100,3.74185,0.000182672,-1,
patch_level_ratio,flow,decorr,10,0.976745,0.891787,0.0849584,0.0735862,0.0963306,1.09527,7.55784,5.05704,10.0586,7.2385,16.8998,9.00014,3.98761e-08,,100,3.74185,0.000182672,-1,
patch_level_ratio,flow,conf25,10,0.976745,0.514332,0.462413,0.458969,0.465858,1.89906,135.822,93.7218,177.922,130.083,303.707,9.0015,2.30083e-19,,100,3.74185,0.000182672,-1,
patch_level_ratio,flow,conf50,10,0.976745,0.636039,0.340706,0.335918,0.345494,1.53567,71.9843,49.6593,94.3093,68.9427,160.962,9.00078,6.99122e-17,,100,3.74185,0.000182672,-1,
patch_level_ratio,flow,conf75,10,0.976745,0.761946,0.214799,0.207095,0.222503,1.28191,28.2063,19.4214,36.9912,27.0145,63.0712,9.0003,3.19182e-13,,100,3.74185,0.000182672,-1,
patch_level_ratio,self,shuffle,10,0.425703,0.426946,-0.0012431,-0.00144794,-0.00103826,0.997088,-5.70182,-7.67426,-3.72938,-5.4609,-12.7497,18,1.89105e-10,1.89105e-10,0,-3.74185,0.000182672,1,0.000249938
patch_level_ratio,self,randmat,10,0.425703,0.461354,-0.0356513,-0.0358578,-0.0354448,0.922725,-162.215,-212.493,-111.937,-155.361,-362.724,17.9948,3.17552e-36,,0,-3.74185,0.000182672,1,0.000249938
patch_level_ratio,self,decorr,10,0.425703,0.891787,-0.466084,-0.477457,-0.454712,0.477359,-41.4588,-54.3366,-28.581,-39.707,-92.7047,9.00338,9.92459e-15,1.98492e-14,0,-3.74185,0.000182672,1,0.000249938
patch_level_ratio,self,conf25,10,0.425703,0.514332,-0.0886292,-0.0920747,-0.0851837,0.827681,-26.007,-34.114,-17.8999,-24.9081,-58.1533,9.03687,6.03465e-13,,0,-3.74185,0.000182672,1,0.000249938
patch_level_ratio,self,conf50,10,0.425703,0.636039,-0.210336,-0.215126,-0.205547,0.669303,-44.4172,-58.2099,-30.6246,-42.5405,-99.32,9.01908,5.08899e-15,,0,-3.74185,0.000182672,1,0.000249938
patch_level_ratio,self,conf75,10,0.425703,0.761946,-0.336244,-0.343948,-0.328539,0.558704,-44.1451,-57.8536,-30.4366,-42.2798,-98.7114,9.00737,5.57409e-15,,0,-3.74185,0.000182672,1,0.000249938
patch_level_ratio,shuffle,randmat,10,0.426946,0.461354,-0.0344082,-0.0346148,-0.0342016,0.925419,-156.478,-204.979,-107.978,-149.867,-349.896,17.9954,6.05471e-36,,0,-3.74185,0.000182672,1,
patch_level_ratio,shuffle,decorr,10,0.426946,0.891787,-0.464841,-0.476214,-0.453468,0.478753,-41.3482,-54.1919,-28.5046,-39.6011,-92.4574,9.00339,1.01657e-14,,0,-3.74185,0.000182672,1,
patch_level_ratio,shuffle,conf25,10,0.426946,0.514332,-0.0873861,-0.0908316,-0.0839406,0.830098,-25.6421,-33.6368,-17.6475,-24.5587,-57.3375,9.03695,6.85294e-13,,0,-3.74185,0.000182672,1,
patch_level_ratio,shuffle,conf50,10,0.426946,0.636039,-0.209093,-0.213882,-0.204304,0.671257,-44.1547,-57.8662,-30.4432,-42.289,-98.7329,9.01912,5.36762e-15,,0,-3.74185,0.000182672,1,
patch_level_ratio,shuffle,conf75,10,0.426946,0.761946,-0.335,-0.342705,-0.327296,0.560336,-43.9819,-57.6399,-30.3238,-42.1235,-98.3464,9.00738,5.76278e-15,,0,-3.74185,0.000182672,1,
patch_level_ratio,randmat,decorr,10,0.461354,0.891787,-0.430433,-0.441806,-0.41906,0.517337,-38.2874,-50.185,-26.3899,-36.6697,-85.6133,9.0035,2.02957e-14,,0,-3.74185,0.000182672,1,
patch_level_ratio,randmat,conf25,10,0.461354,0.514332,-0.0529779,-0.0564235,-0.0495323,0.896997,-15.545,-20.4415,-10.6486,-14.8882,-34.7598,9.03814,6.17623e-11,,0,-3.74185,0.000182672,1,
patch_level_ratio,randmat,conf50,10,0.461354,0.636039,-0.174685,-0.179474,-0.169896,0.725355,-36.888,-48.3531,-25.4229,-35.3294,-82.4841,9.01974,2.7078e-14,,0,-3.74185,0.000182672,1,
patch_level_ratio,randmat,conf75,10,0.461354,0.761946,-0.300592,-0.308297,-0.292888,0.605494,-39.4642,-51.7254,-27.203,-37.7967,-88.2446,9.00762,1.52725e-14,,0,-3.74185,0.000182672,1,
patch_level_ratio,decorr,conf25,10,0.891787,0.514332,0.377455,0.365846,0.389064,1.73387,32.1368,22.1392,42.1344,30.7789,71.86,10.6372,1.22291e-15,,100,3.74185,0.000182672,-1,
patch_level_ratio,decorr,conf50,10,0.891787,0.636039,0.255748,0.243874,0.267622,1.40209,20.9684,14.4115,27.5253,20.0824,46.8868,12.0938,4.73307e-15,,100,3.74185,0.000182672,-1,
patch_level_ratio,decorr,conf75,10,0.891787,0.761946,0.129841,0.116957,0.142725,1.17041,9.56281,6.47241,12.6532,9.15875,21.3831,15.8236,4.23855e-13,,100,3.74185,0.000182672,-1,
patch_level_ratio,conf25,conf50,10,0.514332,0.636039,-0.121707,-0.127225,-0.116189,0.808648,-20.8754,-27.4037,-14.347,-19.9933,-46.6788,16.3465,7.88687e-19,,0,-3.74185,0.000182672,1,
patch_level_ratio,conf25,conf75,10,0.514332,0.761946,-0.247614,-0.255709,-0.23952,0.675024,-29.6844,-38.9252,-20.4436,-28.4301,-66.3763,12.4593,2.89702e-17,,0,-3.74185,0.000182672,1,
patch_level_ratio,conf50,conf75,10,0.636039,0.761946,-0.125907,-0.134451,-0.117363,0.834756,-14.0424,-18.4816,-9.60333,-13.4491,-31.3998,15.0502,3.90288e-15,,0,-3.74185,0.000182672,1,
anat_gain_integral,rest,flow,10,0,2.55975,-2.55975,-4.31696,-0.80253,0,-1.4737,-2.46207,-0.485337,-1.41143,-3.2953,9,0.00929942,,0,-3.99806,6.38644e-05,1,
anat_gain_integral,rest,self,10,0,4.60703,-4.60703,-5.9733,-3.24075,0,-3.41131,-4.78458,-2.03804,-3.26717,-7.62792,9,3.23172e-05,,0,-3.99806,6.38644e-05,1,0.000249938
anat_gain_integral,rest,shuffle,10,0,3.40036,-3.40036,-5.24869,-1.55204,0,-1.86117,-2.91043,-0.811901,-1.78252,-4.16169,9,0.00244156,,0,-3.99806,6.38644e-05,1,
anat_gain_integral,rest,randmat,10,0,3.8766,-3.8766,-5.31931,-2.4339,0,-2.71839,-3.93411,-1.50267,-2.60353,-6.0785,9,0.000183987,,0,-3.99806,6.38644e-05,1,
anat_gain_integral,rest,decorr,10,0,4.59416,-4.59416,-6.85151,-2.33681,0,-2.05895,-3.14311,-0.97478,-1.97195,-4.60394,9,0.00128331,,0,-3.99806,6.38644e-05,1,
anat_gain_integral,rest,conf25,10,0,3.90884,-3.90884,-6.65344,-1.16425,0,-1.44081,-2.42451,-0.457116,-1.37993,-3.22175,9,0.0104599,,0,-3.99806,6.38644e-05,1,
anat_gain_integral,rest,conf50,10,0,2.98354,-2.98354,-4.56232,-1.40476,0,-1.91182,-2.9698,-0.853847,-1.83104,-4.27496,9,0.00206518,,0,-3.99806,6.38644e-05,1,
anat_gain_integral,rest,conf75,10,0,5.13801,-5.13801,-8.29621,-1.97981,0,-1.64586,-2.65998,-0.631739,-1.57632,-3.68025,9,0.00507348,,0,-3.99806,6.38644e-05,1,
anat_gain_integral,flow,self,10,2.55975,4.60703,-2.04728,-4.12354,0.0289833,0.555618,-0.930496,-1.85323,-0.0077593,-0.891179,-2.08065,16.9692,0.05293,0.15879,22,-2.0788,0.0376353,0.56,0.0552362
anat_gain_integral,flow,shuffle,10,2.55975,3.40036,-0.840615,-3.20959,1.52836,0.752787,-0.333458,-1.21605,0.549135,-0.319368,-0.745634,17.9542,0.465539,,39,-0.793725,0.427355,0.22,
anat_gain_integral,flow,randmat,10,2.55975,3.8766,-1.31685,-3.43415,0.800436,0.660307,-0.585954,-1.48109,0.30918,-0.561196,-1.31023,17.3426,0.207206,,35,-1.0961,0.273036,0.3,
anat_gain_integral,flow,decorr,10,2.55975,4.59416,-2.03441,-4.7027,0.633876,0.557174,-0.719463,-1.6239,0.184972,-0.689063,-1.60877,16.978,0.126102,,28,-1.62525,0.10411,0.44,
anat_gain_integral,flow,conf25,10,2.55975,3.90884,-1.3491,-4.4142,1.71601,0.654861,-0.418799,-1.30488,0.46728,-0.401103,-0.936463,15.317,0.363566,,39,-0.793725,0.427355,0.22,
anat_gain_integral,flow,conf50,10,2.55975,2.98354,-0.423793,-2.61949,1.77191,0.857956,-0.181493,-1.05982,0.696832,-0.173825,-0.405831,17.7975,0.689704,,38,-0.869318,0.384673,0.24,
anat_gain_integral,flow,conf75,10,2.55975,5.13801,-2.57826,-6.00295,0.846427,0.498198,-0.721704,-1.62631,0.182903,-0.691209,-1.61378,14.0851,0.128748,,27,-1.70084,0.088973,0.46,
anat_gain_integral,self,shuffle,10,4.60703,3.40036,1.20666,-0.941231,3.35456,1.35486,0.531109,-0.360732,1.42295,0.508668,1.1876,16.5741,0.251734,0.503468,66,1.17169,0.241322,-0.32,0.249688
anat_gain_integral,self,randmat,10,4.60703,3.8766,0.730425,-1.11533,2.57618,1.18842,0.371894,-0.512173,1.25596,0.35618,0.831581,17.9469,0.416573,,59,0.64254,0.520523,-0.18,0.421145
anat_gain_integral,self,decorr,10,4.60703,4.59416,0.0128674,-2.47602,2.50176,1.0028,0.00493345,-0.87159,0.881457,0.004725,0.0110315,14.8138,0.991345,0.991345,59,0.64254,0.520523,-0.18,0.989503
anat_gain_integral,self,conf25,10,4.60703,3.90884,0.698183,-2.22517,3.62154,1.17862,0.230385,-0.64904,1.10981,0.220651,0.515157,13.2025,0.61496,,69,1.39847,0.161972,-0.38,0.624094
anat_gain_integral,self,conf50,10,4.60703,2.98354,1.62349,-0.318453,3.56542,1.54415,0.786647,-0.123144,1.69644,0.753409,1.759,17.6365,0.0959151,,76,1.92762,0.0539026,-0.52,0.0944764
anat_gain_integral,self,conf75,10,4.60703,5.13801,-0.530983,-3.83765,2.77568,0.896656,-0.156108,-1.03396,0.721749,-0.149512,-0.349068,12.2547,0.732963,,50,-0.0377964,0.96985,0,0.782804
anat_gain_integral,shuffle,randmat,10,3.40036,3.8766,-0.47624,-2.66308,1.7106,0.87715,-0.205482,-1.08431,0.673351,-0.196799,-0.459471,16.9978,0.651718,,43,-0.491354,0.623176,0.14,
anat_gain_integral,shuffle,decorr,10,3.40036,4.59416,-1.1938,-3.91095,1.52336,0.740149,-0.413956,-1.29982,0.471904,-0.396465,-0.925634,17.3256,0.367351,,38,-0.869318,0.384673,0.24,
anat_gain_integral,shuffle,conf25,10,3.40036,3.90884,-0.508481,-3.61302,2.59605,0.869915,-0.155462,-1.03331,0.722384,-0.148893,-0.347623,15.7708,0.73272,,53,0.188982,0.850107,-0.06,
anat_gain_integral,shuffle,conf50,10,3.40036,2.98354,0.416822,-1.8447,2.67834,1.13971,0.173475,-0.704695,1.05164,0.166145,0.387901,17.5706,0.702748,,54,0.264575,0.791337,-0.08,
anat_gain_integral,shuffle,conf75,10,3.40036,5.13801,-1.73765,-5.19552,1.72023,0.661805,-0.480397,-1.36947,0.408678,-0.460099,-1.0742,14.5179,0.300263,,36,-1.0205,0.307489,0.28,
anat_gain_integral,randmat,decorr,10,3.8766,4.59416,-0.717557,-3.23744,1.80233,0.843811,-0.270971,-1.15151,0.609565,-0.259521,-0.605909,15.3011,0.553458,,44,-0.415761,0.677585,0.12,
anat_gain_integral,randmat,conf25,10,3.8766,3.90884,-0.0322416,-2.97974,2.91526,0.991752,-0.0105196,-0.887048,0.866009,-0.0100751,-0.0235225,13.6208,0.981575,,57,0.491354,0.623176,-0.14,
anat_gain_integral,randmat,conf50,10,3.8766,2.98354,0.893061,-1.09434,2.88046,1.29933,0.422448,-0.463797,1.30869,0.404598,0.944622,17.8557,0.35746,,63,0.944911,0.344704,-0.26,
anat_gain_integral,randmat,conf75,10,3.8766,5.13801,-1.26141,-4.58805,2.06523,0.754495,-0.367535,-1.25143,0.516357,-0.352005,-0.821832,12.5994,0.426451,,47,-0.188982,0.850107,0.06,
anat_gain_integral,decorr,conf25,10,4.59416,3.90884,0.685316,-2.62388,3.99452,1.17532,0.195098,-0.683507,1.0737,0.186855,0.436253,17.3537,0.668032,,65,1.0961,0.273036,-0.3,
anat_gain_integral,decorr,conf50,10,4.59416,2.98354,1.61062,-0.96946,4.1907,1.53983,0.591509,-0.303976,1.48699,0.566516,1.32265,16.1048,0.204426,,64,1.0205,0.307489,-0.28,
anat_gain_integral,decorr,conf75,10,4.59416,5.13801,-0.54385,-4.17643,3.08873,0.894152,-0.14173,-1.01935,0.735892,-0.135742,-0.316918,16.2925,0.75533,,48,-0.113389,0.909722,0.04,
anat_gain_integral,conf25,conf50,10,3.90884,2.98354,0.925303,-2.0695,3.92011,1.31014,0.295646,-0.585652,1.17694,0.283154,0.661084,14.3683,0.519019,,49,-0.0377964,0.96985,0.02,
anat_gain_integral,conf25,conf75,10,3.90884,5.13801,-1.22917,-5.12051,2.66218,0.76077,-0.297195,-1.17854,0.584153,-0.284638,-0.664549,17.6566,0.514925,,40,-0.718132,0.472676,0.2,
anat_gain_integral,conf50,conf75,10,2.98354,5.13801,-2.15447,-5.52039,1.21145,0.58068,-0.617306,-1.51446,0.27985,-0.591223,-1.38034,13.2338,0.190354,,33,-1.24728,0.212294,0.34,
anat_resid_deg,flow,self,10,195.609,242.116,-46.5071,-127.917,34.9027,0.807914,-0.539783,-1.43212,0.352558,-0.516975,-1.20699,16.6888,0.244265,0.732796,36,-1.0205,0.307489,0.28,0.251937
anat_resid_deg,flow,shuffle,10,195.609,225.91,-30.3011,-105.502,44.9001,0.865871,-0.379302,-1.26367,0.505067,-0.363275,-0.848144,17.535,0.407787,,44,-0.415761,0.677585,0.12,
anat_resid_deg,flow,randmat,10,195.609,234.338,-38.7293,-125.502,48.0438,0.834729,-0.42332,-1.30961,0.462965,-0.405433,-0.946573,15.9173,0.358006,,40,-0.718132,0.472676,0.2,
anat_resid_deg,flow,decorr,10,195.609,274.027,-78.418,-158.055,1.21905,0.713831,-0.929329,-1.85195,-0.00670604,-0.890062,-2.07804,16.9439,0.0532206,,25,-1.85203,0.0640221,0.5,
anat_resid_deg,flow,conf25,10,195.609,243.126,-47.5176,-115.698,20.6626,0.804556,-0.654829,-1.55454,0.244878,-0.62716,-1.46424,17.9962,0.160378,,37,-0.944911,0.344704,0.26,
anat_resid_deg,flow,conf50,10,195.609,195.496,0.11243,-63.6187,63.8435,1.00058,0.00166078,-0.874862,0.878183,0.0015906,0.00371361,17.5187,0.997079,,47,-0.188982,0.850107,0.06,
anat_resid_deg,flow,conf75,10,195.609,304.99,-109.381,-231.288,12.5256,0.641361,-0.870285,-1.78736,0.0467917,-0.833512,-1.94602,12.5177,0.0744529,,26,-1.77643,0.0756616,0.48,
anat_resid_deg,self,shuffle,10,242.116,225.91,16.206,-70.3206,102.733,1.07174,0.176166,-0.702055,1.05439,0.168723,0.39392,17.7314,0.698337,0.933111,55,0.340168,0.73373,-0.1,0.695576
anat_resid_deg,self,randmat,10,242.116,234.338,7.7778,-88.3306,103.886,1.03319,0.076081,-0.800759,0.952921,0.0728663,0.170122,17.8534,0.866827,,55,0.340168,0.73373,-0.1,0.862284
anat_resid_deg,self,decorr,10,242.116,274.027,-31.9109,-122.042,58.2204,0.883548,-0.332676,-1.21524,0.549888,-0.31862,-0.743887,17.9805,0.466556,0.933111,38,-0.869318,0.384673,0.24,0.459385
anat_resid_deg,self,conf25,10,242.116,243.126,-1.0105,-82.0424,80.0214,0.995844,-0.0117896,-0.88832,0.864741,-0.0112914,-0.0263623,16.5706,0.979283,,45,-0.340168,0.73373,0.1,0.982254
anat_resid_deg,self,conf50,10,242.116,195.496,46.6195,-31.0894,124.328,1.23847,0.571097,-0.323114,1.46531,0.546966,1.27701,15.2324,0.220722,,65,1.0961,0.273036,-0.3,0.221195
anat_resid_deg,self,conf75,10,242.116,304.99,-62.8741,-190.504,64.7558,0.793849,-0.470241,-1.35879,0.418313,-0.450372,-1.05149,14.7617,0.309943,,39,-0.793725,0.427355,0.22,0.328918
anat_resid_deg,shuffle,randmat,10,225.91,234.338,-8.4282,-99.8611,83.0047,0.964034,-0.0868859,-0.963822,0.79005,-0.0832147,-0.194283,17.2305,0.848227,,50,-0.0377964,0.96985,0,
anat_resid_deg,shuffle,decorr,10,225.91,274.027,-48.1169,-133.037,36.8034,0.824408,-0.53268,-1.42461,0.359252,-0.510172,-1.19111,17.8538,0.249206,,33,-1.24728,0.212294,0.34,
anat_resid_deg,shuffle,conf25,10,225.91,243.126,-17.2165,-91.9891,57.5561,0.929187,-0.216822,-1.09592,0.662272,-0.207661,-0.484829,17.453,0.633827,,39,-0.793725,0.427355,0.22,
anat_resid_deg,shuffle,conf50,10,225.91,195.496,30.4135,-40.5566,101.384,1.15557,0.405614,-0.479876,1.2911,0.388475,0.906981,16.3283,0.377608,,61,0.793725,0.427355,-0.22,
anat_resid_deg,shuffle,conf75,10,225.91,304.99,-79.0801,-203.782,45.6217,0.740712,-0.609466,-1.50611,0.287174,-0.583714,-1.36281,13.7121,0.194906,,37,-0.944911,0.344704,0.26,
anat_resid_deg,randmat,decorr,10,234.338,274.027,-39.6887,-134.44,55.0629,0.855165,-0.393983,-1.27897,0.491002,-0.377336,-0.880974,17.7309,0.390118,,34,-1.17169,0.241322,0.32,
anat_resid_deg,randmat,conf25,10,234.338,243.126,-8.7883,-95.22,77.6434,0.963853,-0.0965025,-0.973535,0.78053,-0.0924249,-0.215786,15.7876,0.831918,,44,-0.415761,0.677585,0.12,
anat_resid_deg,randmat,conf50,10,234.338,195.496,38.8417,-44.6042,122.288,1.19868,0.445233,-0.442083,1.33255,0.42642,0.995571,14.4271,0.335864,,57,0.491354,0.623176,-0.14,
anat_resid_deg,randmat,conf75,10,234.338,304.99,-70.6519,-201.014,59.7106,0.768347,-0.514949,-1.40588,0.375982,-0.493191,-1.15146,15.5759,0.266912,,37,-0.944911,0.344704,0.26,
anat_resid_deg,decorr,conf25,10,274.027,243.126,30.9004,-48.3453,110.146,1.1271,0.368193,-0.515725,1.25211,0.352636,0.823305,16.833,0.421846,,56,0.415761,0.677585,-0.12,
anat_resid_deg,decorr,conf50,10,274.027,195.496,78.5304,2.73363,154.327,1.4017,0.98467,0.0565498,1.91279,0.943064,2.20179,15.5289,0.0431744,,78,2.0788,0.0376353,-0.56,
anat_resid_deg,decorr,conf75,10,274.027,304.99,-30.9632,-157.731,95.8044,0.898478,-0.233565,-1.11307,0.645941,-0.223696,-0.522268,14.4725,0.609386,,50,-0.0377964,0.96985,0,
anat_resid_deg,conf25,conf50,10,243.126,195.496,47.63,-15.5437,110.804,1.24364,0.709552,-0.194131,1.61324,0.679571,1.58661,17.596,0.130408,,67,1.24728,0.212294,-0.34,
anat_resid_deg,conf25,conf75,10,243.126,304.99,-61.8636,-183.57,59.8432,0.797162,-0.493416,-1.38318,0.396343,-0.472568,-1.10331,12.4242,0.290804,,44,-0.415761,0.677585,0.12,
anat_resid_deg,conf50,conf75,10,195.496,304.99,-109.494,-229.477,10.4894,0.640993,-0.892914,-1.81208,0.0262496,-0.855185,-1.99662,11.5672,0.069949,,28,-1.62525,0.10411,0.44,
anat_gain_yaw,rest,flow,10,0,5.60242,-5.60242,-8.60244,-2.60241,0,-1.88926,-2.94333,-0.835181,-1.80943,-4.2245,9,0.0022246,,0,-3.99806,6.38644e-05,1,
anat_gain_yaw,rest,self,10,0,8.27025,-8.27025,-12.7096,-3.83093,0,-1.88469,-2.93798,-0.831401,-1.80506,-4.2143,9,0.00225841,,0,-3.99806,6.38644e-05,1,0.000249938
anat_gain_yaw,rest,shuffle,10,0,5.80314,-5.80314,-8.02566,-3.58062,0,-2.64153,-3.84086,-1.4422,-2.52992,-5.90664,9,0.000227194,,0,-3.99806,6.38644e-05,1,
anat_gain_yaw,rest,randmat,10,0,7.30816,-7.30816,-12.1805,-2.43583,0,-1.51743,-2.51213,-0.522732,-1.45331,-3.39308,9,0.00796018,,0,-3.99806,6.38644e-05,1,
anat_gain_yaw,rest,decorr,10,0,7.71737,-7.71737,-12.0691,-3.36567,0,-1.79411,-2.83209,-0.756121,-1.7183,-4.01175,9,0.00305583,,0,-3.99806,6.38644e-05,1,
anat_gain_yaw,rest,conf25,10,0,6.01935,-6.01935,-10.9664,-1.0723,0,-1.23095,-2.18689,-0.275018,-1.17894,-2.75249,9,0.0223854,,0,-3.99806,6.38644e-05,1,
anat_gain_yaw,rest,conf50,10,0,4.2182,-4.2182,-6.07933,-2.35708,0,-2.29292,-3.42129,-1.16456,-2.19604,-5.12713,9,0.000621975,,0,-3.99806,6.38644e-05,1,
anat_gain_yaw,rest,conf75,10,0,9.41229,-9.41229,-16.126,-2.69862,0,-1.41832,-2.39887,-0.437765,-1.35839,-3.17145,9,0.0113395,,0,-3.99806,6.38644e-05,1,
anat_gain_yaw,flow,self,10,5.60242,8.27025,-2.66782,-7.69397,2.35833,0.677419,-0.503728,-1.39404,0.386587,-0.482444,-1.12637,15.8017,0.276825,0.830474,38,-0.869318,0.384673,0.24,0.285679
anat_gain_yaw,flow,shuffle,10,5.60242,5.80314,-0.200713,-3.6894,3.28797,0.965413,-0.0543862,-0.931071,0.822298,-0.0520881,-0.121611,16.5922,0.904668,,47,-0.188982,0.850107,0.06,
anat_gain_yaw,flow,randmat,10,5.60242,7.30816,-1.70574,-7.09804,3.68657,0.766598,-0.301587,-1.18308,0.579904,-0.288844,-0.674369,14.9665,0.51036,,44,-0.415761,0.677585,0.12,
anat_gain_yaw,flow,decorr,10,5.60242,7.71737,-2.11495,-7.0687,2.8388,0.725949,-0.404804,-1.29026,0.48065,-0.3877,-0.90517,15.9784,0.378822,,37,-0.944911,0.344704,0.26,
anat_gain_yaw,flow,conf25,10,5.60242,6.01935,-0.416921,-5.87366,5.03982,0.930737,-0.0729024,-0.949716,0.803911,-0.069822,-0.163015,14.8309,0.872707,,54,0.264575,0.791337,-0.08,
anat_gain_yaw,flow,conf50,10,5.60242,4.2182,1.38422,-1.94156,4.71,1.32815,0.396659,-0.488441,1.28176,0.379899,0.886957,15.0338,0.389071,,60,0.718132,0.472676,-0.2,
anat_gain_yaw,flow,conf75,10,5.60242,9.41229,-3.80986,-10.8637,3.24401,0.595224,-0.52415,-1.4156,0.367297,-0.502002,-1.17203,12.4564,0.263113,,38,-0.869318,0.384673,0.24,
anat_gain_yaw,self,shuffle,10,8.27025,5.80314,2.46711,-2.26519,7.19941,1.42513,0.50274,-0.387522,1.393,0.481497,1.12416,13.2449,0.280907,0.830474,63,0.944911,0.344704,-0.26,0.272182
anat_gain_yaw,self,randmat,10,8.27025,7.30816,0.962085,-5.16334,7.08751,1.13165,0.147662,-0.730054,1.02538,0.141423,0.330183,17.8463,0.745106,,56,0.415761,0.677585,-0.12,0.727568
anat_gain_yaw,self,decorr,10,8.27025,7.71737,0.552872,-5.22071,6.32645,1.07164,0.089974,-0.786992,0.96694,0.0861723,0.201188,17.9929,0.842808,0.842808,50,-0.0377964,0.96985,0,0.842039
anat_gain_yaw,self,conf25,10,8.27025,6.01935,2.2509,-3.92736,8.42916,1.37394,0.342592,-0.540337,1.22552,0.328117,0.76606,17.793,0.453684,,61,0.793725,0.427355,-0.22,0.460635
anat_gain_yaw,self,conf50,10,8.27025,4.2182,4.05205,-0.581333,8.68543,1.96061,0.851602,-0.0637886,1.76699,0.815619,1.90424,12.0689,0.0809872,,69,1.39847,0.161972,-0.38,0.0744814
anat_gain_yaw,self,conf75,10,8.27025,9.41229,-1.14204,-8.70004,6.41595,0.878665,-0.143548,-1.0212,0.734103,-0.137482,-0.320982,15.6071,0.752482,,51,0.0377964,0.96985,-0.02,0.773057
anat_gain_yaw,shuffle,randmat,10,5.80314,7.30816,-1.50502,-6.63634,3.62629,0.794063,-0.284314,-1.16525,0.596626,-0.2723,-0.635744,12.5899,0.536329,,51,0.0377964,0.96985,-0.02,
anat_gain_yaw,shuffle,decorr,10,5.80314,7.71737,-1.91424,-6.56678,2.73831,0.751957,-0.396319,-1.2814,0.488767,-0.379573,-0.886196,13.396,0.391144,,43,-0.491354,0.623176,0.14,
anat_gain_yaw,shuffle,conf25,10,5.80314,6.01935,-0.216207,-5.41708,4.98467,0.964081,-0.040331,-0.916943,0.836281,-0.0386269,-0.0901829,12.4908,0.929572,,58,0.566947,0.57075,-0.16,
anat_gain_yaw,shuffle,conf50,10,5.80314,4.2182,1.58494,-1.11327,4.28314,1.37574,0.553125,-0.340001,1.44625,0.529753,1.23682,17.4615,0.232529,,64,1.0205,0.307489,-0.28,
anat_gain_yaw,shuffle,conf75,10,5.80314,9.41229,-3.60915,-10.4938,3.27549,0.616549,-0.516299,-1.40731,0.374707,-0.494484,-1.15448,10.9492,0.272879,,43,-0.491354,0.623176,0.14,
anat_gain_yaw,randmat,decorr,10,7.30816,7.71737,-0.409212,-6.48186,5.66344,0.946975,-0.0633709,-0.940113,0.813372,-0.0606932,-0.141702,17.7749,0.888909,,45,-0.340168,0.73373,0.1,
anat_gain_yaw,randmat,conf25,10,7.30816,6.01935,1.28882,-5.15994,7.73758,1.21411,0.187779,-0.690673,1.06623,0.179845,0.419887,17.9958,0.679538,,58,0.566947,0.57075,-0.16,
anat_gain_yaw,randmat,conf50,10,7.30816,4.2182,3.08996,-1.95428,8.1342,1.73253,0.599348,-0.296638,1.49533,0.574023,1.34018,11.5716,0.205908,,59,0.64254,0.520523,-0.18,
anat_gain_yaw,randmat,conf75,10,7.30816,9.41229,-2.10413,-9.86166,5.65341,0.776449,-0.25661,-1.13673,0.623512,-0.245768,-0.573798,16.4216,0.57388,,45,-0.340168,0.73373,0.1,
anat_gain_yaw,decorr,conf25,10,7.71737,6.01935,1.69803,-4.42817,7.82423,1.2821,0.260727,-0.619512,1.14097,0.24971,0.583003,17.712,0.567241,,67,1.24728,0.212294,-0.34,
anat_gain_yaw,decorr,conf50,10,7.71737,4.2182,3.49917,-1.05173,8.05008,1.82954,0.747943,-0.158708,1.65459,0.71634,1.67245,12.1858,0.119894,,72,1.62525,0.10411,-0.44,
anat_gain_yaw,decorr,conf75,10,7.71737,9.41229,-1.69491,-9.21513,5.8253,0.819925,-0.214318,-1.09335,0.664717,-0.205263,-0.47923,15.4279,0.638497,,45,-0.340168,0.73373,0.1,
anat_gain_yaw,conf25,conf50,10,6.01935,4.2182,1.80114,-3.31445,6.91674,1.42699,0.344743,-0.538266,1.22775,0.330177,0.77087,11.4976,0.456334,,51,0.0377964,0.96985,-0.02,
anat_gain_yaw,conf25,conf75,10,6.01935,9.41229,-3.39294,-11.187,4.40112,0.63952,-0.411601,-1.29736,0.474154,-0.394209,-0.920368,16.5481,0.370604,,36,-1.0205,0.307489,0.28,
anat_gain_yaw,conf50,conf75,10,4.2182,9.41229,-5.19409,-12.0227,1.63452,0.448159,-0.75424,-1.66139,0.152912,-0.722371,-1.68653,10.3751,0.121486,,33,-1.24728,0.212294,0.34,
turned_deg,rest,flow,10,0,-60.8996,60.8996,60.7591,61.0402,-0,438.419,302.551,574.287,419.895,980.335,9,6.08811e-24,,100,3.99806,6.38644e-05,-1,
turned_deg,rest,self,10,0,-60.8996,60.8996,60.7591,61.0402,-0,438.419,302.551,574.287,419.895,980.335,9,6.08811e-24,,100,3.99806,6.38644e-05,-1,0.000249938
turned_deg,rest,shuffle,10,0,-60.8996,60.8996,60.7591,61.0402,-0,438.419,302.551,574.287,419.895,980.335,9,6.08811e-24,,100,3.99806,6.38644e-05,-1,
turned_deg,rest,randmat,10,0,-60.8996,60.8996,60.7591,61.0402,-0,438.419,302.551,574.287,419.895,980.335,9,6.08811e-24,,100,3.99806,6.38644e-05,-1,
turned_deg,rest,decorr,10,0,-60.8996,60.8996,60.7591,61.0402,-0,438.419,302.551,574.287,419.895,980.335,9,6.08811e-24,,100,3.99806,6.38644e-05,-1,
turned_deg,rest,conf25,10,0,-60.8996,60.8996,60.7591,61.0402,-0,438.419,302.551,574.287,419.895,980.335,9,6.08811e-24,,100,3.99806,6.38644e-05,-1,
turned_deg,rest,conf50,10,0,-60.8996,60.8996,60.7591,61.0402,-0,438.419,302.551,574.287,419.895,980.335,9,6.08811e-24,,100,3.99806,6.38644e-05,-1,
turned_deg,rest,conf75,10,0,-60.8996,60.8996,60.7591,61.0402,-0,438.419,302.551,574.287,419.895,980.335,9,6.08811e-24,,100,3.99806,6.38644e-05,-1,
turned_deg,flow,self,10,-60.8996,-60.8996,0,-0.184572,0.184572,1,0,-0.876523,0.876523,0,0,18,1,1,50,-0.0379393,0.969736,0,1
turned_deg,flow,shuffle,10,-60.8996,-60.8996,0,-0.184572,0.184572,1,0,-0.876523,0.876523,0,0,18,1,,50,-0.0379393,0.969736,0,
turned_deg,flow,randmat,10,-60.8996,-60.8996,0,-0.184572,0.184572,1,0,-0.876523,0.876523,0,0,18,1,,50,-0.0379393,0.969736,0,
turned_deg,flow,decorr,10,-60.8996,-60.8996,0,-0.184572,0.184572,1,0,-0.876523,0.876523,0,0,18,1,,50,-0.0379393,0.969736,0,
turned_deg,flow,conf25,10,-60.8996,-60.8996,0,-0.184572,0.184572,1,0,-0.876523,0.876523,0,0,18,1,,50,-0.0379393,0.969736,0,
turned_deg,flow,conf50,10,-60.8996,-60.8996,0,-0.184572,0.184572,1,0,-0.876523,0.876523,0,0,18,1,,50,-0.0379393,0.969736,0,
turned_deg,flow,conf75,10,-60.8996,-60.8996,0,-0.184572,0.184572,1,0,-0.876523,0.876523,0,0,18,1,,50,-0.0379393,0.969736,0,
turned_deg,self,shuffle,10,-60.8996,-60.8996,0,-0.184572,0.184572,1,0,-0.876523,0.876523,0,0,18,1,1,50,-0.0379393,0.969736,0,1
turned_deg,self,randmat,10,-60.8996,-60.8996,0,-0.184572,0.184572,1,0,-0.876523,0.876523,0,0,18,1,,50,-0.0379393,0.969736,0,1
turned_deg,self,decorr,10,-60.8996,-60.8996,0,-0.184572,0.184572,1,0,-0.876523,0.876523,0,0,18,1,1,50,-0.0379393,0.969736,0,1
turned_deg,self,conf25,10,-60.8996,-60.8996,0,-0.184572,0.184572,1,0,-0.876523,0.876523,0,0,18,1,,50,-0.0379393,0.969736,0,1
turned_deg,self,conf50,10,-60.8996,-60.8996,0,-0.184572,0.184572,1,0,-0.876523,0.876523,0,0,18,1,,50,-0.0379393,0.969736,0,1
turned_deg,self,conf75,10,-60.8996,-60.8996,0,-0.184572,0.184572,1,0,-0.876523,0.876523,0,0,18,1,,50,-0.0379393,0.969736,0,1
turned_deg,shuffle,randmat,10,-60.8996,-60.8996,0,-0.184572,0.184572,1,0,-0.876523,0.876523,0,0,18,1,,50,-0.0379393,0.969736,0,
turned_deg,shuffle,decorr,10,-60.8996,-60.8996,0,-0.184572,0.184572,1,0,-0.876523,0.876523,0,0,18,1,,50,-0.0379393,0.969736,0,
turned_deg,shuffle,conf25,10,-60.8996,-60.8996,0,-0.184572,0.184572,1,0,-0.876523,0.876523,0,0,18,1,,50,-0.0379393,0.969736,0,
turned_deg,shuffle,conf50,10,-60.8996,-60.8996,0,-0.184572,0.184572,1,0,-0.876523,0.876523,0,0,18,1,,50,-0.0379393,0.969736,0,
turned_deg,shuffle,conf75,10,-60.8996,-60.8996,0,-0.184572,0.184572,1,0,-0.876523,0.876523,0,0,18,1,,50,-0.0379393,0.969736,0,
turned_deg,randmat,decorr,10,-60.8996,-60.8996,0,-0.184572,0.184572,1,0,-0.876523,0.876523,0,0,18,1,,50,-0.0379393,0.969736,0,
turned_deg,randmat,conf25,10,-60.8996,-60.8996,0,-0.184572,0.184572,1,0,-0.876523,0.876523,0,0,18,1,,50,-0.0379393,0.969736,0,
turned_deg,randmat,conf50,10,-60.8996,-60.8996,0,-0.184572,0.184572,1,0,-0.876523,0.876523,0,0,18,1,,50,-0.0379393,0.969736,0,
turned_deg,randmat,conf75,10,-60.8996,-60.8996,0,-0.184572,0.184572,1,0,-0.876523,0.876523,0,0,18,1,,50,-0.0379393,0.969736,0,
turned_deg,decorr,conf25,10,-60.8996,-60.8996,0,-0.184572,0.184572,1,0,-0.876523,0.876523,0,0,18,1,,50,-0.0379393,0.969736,0,
turned_deg,decorr,conf50,10,-60.8996,-60.8996,0,-0.184572,0.184572,1,0,-0.876523,0.876523,0,0,18,1,,50,-0.0379393,0.969736,0,
turned_deg,decorr,conf75,10,-60.8996,-60.8996,0,-0.184572,0.184572,1,0,-0.876523,0.876523,0,0,18,1,,50,-0.0379393,0.969736,0,
turned_deg,conf25,conf50,10,-60.8996,-60.8996,0,-0.184572,0.184572,1,0,-0.876523,0.876523,0,0,18,1,,50,-0.0379393,0.969736,0,
turned_deg,conf25,conf75,10,-60.8996,-60.8996,0,-0.184572,0.184572,1,0,-0.876523,0.876523,0,0,18,1,,50,-0.0379393,0.969736,0,
turned_deg,conf50,conf75,10,-60.8996,-60.8996,0,-0.184572,0.184572,1,0,-0.876523,0.876523,0,0,18,1,,50,-0.0379393,0.969736,0,
ring_pc12_var,rest,flow,10,0,0.421521,-0.421521,-0.433885,-0.409158,0,-34.4918,-45.2167,-23.767,-33.0344,-77.1261,9,5.24049e-14,,0,-3.99806,6.38644e-05,1,
ring_pc12_var,rest,self,10,0,0.435702,-0.435702,-0.455565,-0.41584,0,-22.1917,-29.1245,-15.2589,-21.254,-49.6221,9,2.74986e-12,,0,-3.99806,6.38644e-05,1,0.000249938
ring_pc12_var,rest,shuffle,10,0,0.43491,-0.43491,-0.465895,-0.403926,0,-14.2001,-18.6871,-9.71309,-13.6001,-31.7524,9,1.49655e-10,,0,-3.99806,6.38644e-05,1,
ring_pc12_var,rest,randmat,10,0,0.412337,-0.412337,-0.44017,-0.384504,0,-14.9876,-19.7143,-10.261,-14.3544,-33.5134,9,9.2411e-11,,0,-3.99806,6.38644e-05,1,
ring_pc12_var,rest,decorr,10,0,0.399489,-0.399489,-0.428987,-0.369992,0,-13.7012,-18.0367,-9.3657,-13.1223,-30.6368,9,2.05931e-10,,0,-3.99806,6.38644e-05,1,
ring_pc12_var,rest,conf25,10,0,0.440751,-0.440751,-0.463606,-0.417897,0,-19.51,-25.6194,-13.4007,-18.6857,-43.6258,9,8.72566e-12,,0,-3.99806,6.38644e-05,1,
ring_pc12_var,rest,conf50,10,0,0.427472,-0.427472,-0.456844,-0.3981,0,-14.7235,-19.3697,-10.0773,-14.1014,-32.9228,9,1.08321e-10,,0,-3.99806,6.38644e-05,1,
ring_pc12_var,rest,conf75,10,0,0.423111,-0.423111,-0.44775,-0.398471,0,-17.3723,-22.8268,-11.9177,-16.6382,-38.8455,9,2.46737e-11,,0,-3.99806,6.38644e-05,1,
ring_pc12_var,flow,self,10,0.421521,0.435702,-0.0141811,-0.0362173,0.00785512,0.967452,-0.613201,-1.51009,0.283684,-0.587291,-1.37116,15.0637,0.190408,0.380816,30,-1.47406,0.140465,0.4,0.184204
ring_pc12_var,flow,shuffle,10,0.421521,0.43491,-0.013389,-0.0455821,0.0188041,0.969214,-0.40603,-1.29154,0.479478,-0.388873,-0.90791,11.7951,0.382101,,41,-0.64254,0.520523,0.18,
ring_pc12_var,flow,randmat,10,0.421521,0.412337,0.0091845,-0.0200393,0.0384083,1.02227,0.305093,-0.576514,1.1867,0.292202,0.682208,12.4186,0.507633,,59,0.64254,0.520523,-0.18,
ring_pc12_var,flow,decorr,10,0.421521,0.399489,0.0220321,-0.00875408,0.0528183,1.05515,0.696892,-0.205844,1.59963,0.667446,1.5583,12.0675,0.14499,,68,1.32288,0.185877,-0.36,
ring_pc12_var,flow,conf25,10,0.421521,0.440751,-0.0192298,-0.0438907,0.00543108,0.95637,-0.748688,-1.6554,0.158023,-0.717053,-1.67412,13.852,0.116528,,26,-1.77643,0.0756616,0.48,
ring_pc12_var,flow,conf50,10,0.421521,0.427472,-0.0059509,-0.0366189,0.0247171,0.986079,-0.188914,-1.06739,0.689561,-0.180932,-0.422425,12.0922,0.680129,,48,-0.113389,0.909722,0.04,
ring_pc12_var,flow,conf75,10,0.421521,0.423111,-0.0015893,-0.0278637,0.0246851,0.996244,-0.0583237,-0.935033,0.818385,-0.0558593,-0.130416,13.2618,0.898195,,47,-0.188982,0.850107,0.06,
ring_pc12_var,self,shuffle,10,0.435702,0.43491,0.0007921,-0.0338212,0.0354054,1.00182,0.0217729,-0.854776,0.898321,0.020853,0.0486858,15.3283,0.961798,0.961798,54,0.264575,0.791337,-0.08,0.95901
ring_pc12_var,self,randmat,10,0.435702,0.412337,0.0233656,-0.008633,0.0553642,1.05667,0.691309,-0.211014,1.59363,0.662099,1.54581,16.2791,0.141367,,64,1.0205,0.307489,-0.28,0.136216
ring_pc12_var,self,decorr,10,0.435702,0.399489,0.0362132,0.00284831,0.0695781,1.09065,1.03021,0.0973514,1.96306,0.986676,2.30361,15.7698,0.0352093,0.105628,78,2.0788,0.0376353,-0.56,0.0347413
ring_pc12_var,self,conf25,10,0.435702,0.440751,-0.0050487,-0.0332094,0.023112,0.988545,-0.168681,-1.04676,0.709399,-0.161554,-0.377183,17.6569,0.710533,,47,-0.188982,0.850107,0.06,0.711572
ring_pc12_var,self,conf50,10,0.435702,0.427472,0.0082302,-0.0250306,0.041491,1.01925,0.234822,-0.644716,1.11436,0.2249,0.525078,15.8078,0.606816,,58,0.566947,0.57075,-0.16,0.593102
ring_pc12_var,self,conf75,10,0.435702,0.423111,0.0125918,-0.0168963,0.0420799,1.02976,0.402504,-0.48285,1.28786,0.385496,0.900025,17.2241,0.380518,,66,1.17169,0.241322,-0.32,0.365409
ring_pc12_var,shuffle,randmat,10,0.43491,0.412337,0.0225735,-0.0161394,0.0612864,1.05475,0.548307,-0.344534,1.44115,0.525139,1.22605,17.7968,0.236156,,63,0.944911,0.344704,-0.26,
ring_pc12_var,shuffle,decorr,10,0.43491,0.399489,0.0354211,-0.0043168,0.075159,1.08867,0.83764,-0.0765128,1.75179,0.802247,1.87302,17.9566,0.077439,,71,1.54965,0.121225,-0.42,
ring_pc12_var,shuffle,conf25,10,0.43491,0.440751,-0.0058408,-0.041823,0.0301414,0.986748,-0.153473,-1.03128,0.724339,-0.146988,-0.343175,16.5564,0.735786,,41,-0.64254,0.520523,0.18,
ring_pc12_var,shuffle,conf50,10,0.43491,0.427472,0.0074381,-0.0322208,0.047097,1.0174,0.176252,-0.70197,1.05447,0.168805,0.394112,17.9488,0.698141,,55,0.340168,0.73373,-0.1,
ring_pc12_var,shuffle,conf75,10,0.43491,0.423111,0.0117997,-0.0251002,0.0486996,1.02789,0.301545,-0.579945,1.18303,0.288804,0.674275,17.1312,0.509134,,57,0.491354,0.623176,-0.14,
ring_pc12_var,randmat,decorr,10,0.412337,0.399489,0.0128476,-0.0248265,0.0505217,1.03216,0.320485,-0.561646,1.20262,0.306944,0.716627,17.9396,0.48283,,58,0.566947,0.57075,-0.16,
ring_pc12_var,randmat,conf25,10,0.412337,0.440751,-0.0284143,-0.0619522,0.00512359,0.935532,-0.798189,-1.70895,0.112567,-0.764463,-1.78481,17.3435,0.0917945,,31,-1.39847,0.161972,0.38,
ring_pc12_var,randmat,conf50,10,0.412337,0.427472,-0.0151354,-0.0527236,0.0224528,0.964593,-0.378405,-1.26274,0.505927,-0.362416,-0.846139,17.9481,0.408615,,39,-0.793725,0.427355,0.22,
ring_pc12_var,randmat,conf75,10,0.412337,0.423111,-0.0107738,-0.045333,0.0237854,0.974537,-0.293216,-1.17444,0.588004,-0.280827,-0.655651,17.7392,0.520462,,43,-0.491354,0.623176,0.14,
ring_pc12_var,decorr,conf25,10,0.399489,0.440751,-0.0412619,-0.0760731,-0.00645067,0.906383,-1.11867,-2.06125,-0.176078,-1.0714,-2.50141,16.9431,0.0229203,,19,-2.30558,0.0211339,0.62,
ring_pc12_var,decorr,conf50,10,0.399489,0.427472,-0.027983,-0.0666432,0.0106772,0.934538,-0.680073,-1.58158,0.22143,-0.651338,-1.52069,17.9997,0.14571,,32,-1.32288,0.185877,0.36,
ring_pc12_var,decorr,conf75,10,0.399489,0.423111,-0.0236214,-0.0593978,0.012155,0.944172,-0.621759,-1.51921,0.275692,-0.595487,-1.39029,17.447,0.181922,,34,-1.17169,0.241322,0.32,
ring_pc12_var,conf25,conf50,10,0.440751,0.427472,0.0132789,-0.021435,0.0479928,1.03106,0.360967,-0.522665,1.2446,0.345715,0.807146,16.9748,0.430747,,61,0.793725,0.427355,-0.22,
ring_pc12_var,conf25,conf75,10,0.440751,0.423111,0.0176405,-0.013584,0.048865,1.04169,0.531026,-0.360811,1.42286,0.508588,1.18741,17.8991,0.250585,,69,1.39847,0.161972,-0.38,
ring_pc12_var,conf50,conf75,10,0.427472,0.423111,0.0043616,-0.0313216,0.0400448,1.01031,0.115093,-0.762155,0.992341,0.11023,0.257356,17.4716,0.79991,,53,0.188982,0.850107,-0.06,
ring_loop,rest,flow,10,1,0.133333,0.866667,0.830139,0.903195,7.5,24.0029,16.513,31.4928,22.9887,53.6722,9,1.36015e-12,,100,4.00494,6.20335e-05,-1,
ring_loop,rest,self,10,1,0.168667,0.831333,0.810723,0.851944,5.92885,40.8056,28.1297,53.4815,39.0814,91.244,9,1.15641e-14,,100,4.00322,6.24874e-05,-1,0.000249938
ring_loop,rest,shuffle,10,1,0.155333,0.844667,0.812396,0.876938,6.43777,26.4796,18.227,34.7322,25.3607,59.2102,9,5.63312e-13,,100,4.00322,6.24874e-05,-1,
ring_loop,rest,randmat,10,1,0.133333,0.866667,0.848403,0.884931,7.5,48.0057,33.1031,62.9084,45.9773,107.344,9,2.68213e-15,,100,3.99977,6.34029e-05,-1,
ring_loop,rest,decorr,10,1,0.112,0.888,0.862685,0.913315,8.92857,35.4868,24.4546,46.5189,33.9873,79.3508,9,4.05854e-14,,100,3.99977,6.34029e-05,-1,
ring_loop,rest,conf25,10,1,0.155333,0.844667,0.811622,0.877712,6.43777,25.8595,17.7979,33.9211,24.7668,57.8236,9,6.96868e-13,,100,4.00149,6.29439e-05,-1,
ring_loop,rest,conf50,10,1,0.131333,0.868667,0.845956,0.891377,7.61422,38.6955,26.6719,50.7192,37.0605,86.5258,9,1.86391e-14,,100,4.00322,6.24874e-05,-1,
ring_loop,rest,conf75,10,1,0.14,0.86,0.83026,0.88974,7.14285,29.2544,20.1462,38.3625,28.0183,65.4148,9,2.30174e-13,,100,4.00149,6.29439e-05,-1,
ring_loop,flow,self,10,0.133333,0.168667,-0.0353334,-0.0750455,0.00437876,0.790514,-0.852272,-1.76772,0.0631787,-0.81626,-1.90574,14.2033,0.0771277,0.154255,26,-1.78315,0.074562,0.48,0.0757311
ring_loop,flow,shuffle,10,0.133333,0.155333,-0.0219999,-0.0673164,0.0233167,0.85837,-0.456627,-1.3445,0.431245,-0.437333,-1.02105,17.7305,0.320962,,34.5,-1.13732,0.255405,0.31,
ring_loop,flow,randmat,10,0.133333,0.133333,3e-08,-0.0389315,0.0389316,1,7.43153e-07,-0.876522,0.876523,7.11752e-07,1.66174e-06,13.2353,0.999999,,42.5,-0.531755,0.594895,0.15,
ring_loop,flow,decorr,10,0.133333,0.112,0.0213333,-0.0203095,0.0629761,1.19048,0.485617,-0.40373,1.37497,0.465098,1.08587,16.0249,0.2936,,60.5,0.761968,0.446079,-0.21,
ring_loop,flow,conf25,10,0.133333,0.155333,-0.0219999,-0.0677789,0.023779,0.858369,-0.451847,-1.33948,0.43579,-0.432755,-1.01036,17.8222,0.325844,,33.5,-1.21268,0.225252,0.33,
ring_loop,flow,conf50,10,0.133333,0.131333,0.00200003,-0.0385146,0.0425147,1.01523,0.0470414,-0.829602,0.923685,0.0450537,0.105188,15.0534,0.917616,,49.5,0,1,0.01,
ring_loop,flow,conf75,10,0.133333,0.14,-0.00666687,-0.0505427,0.0372089,0.95238,-0.143187,-1.02083,0.734458,-0.137137,-0.320175,17.2894,0.752672,,44.5,-0.38113,0.703107,0.11,
ring_loop,self,shuffle,10,0.168667,0.155333,0.0133335,-0.0226847,0.0493517,1.08584,0.352276,-0.531019,1.23557,0.337391,0.787713,15.2949,0.442902,0.442902,64,1.02826,0.303825,-0.28,0.424644
ring_loop,self,randmat,10,0.168667,0.133333,0.0353334,0.00973101,0.0609358,1.265,1.29802,0.333601,2.26243,1.24317,2.90246,17.7432,0.00959652,,82,2.39018,0.0168402,-0.64,0.0122469
ring_loop,self,decorr,10,0.168667,0.112,0.0566667,0.0262592,0.0870741,1.50595,1.75612,0.72439,2.78785,1.68192,3.9268,17.2893,0.00105651,0.00316954,89.5,2.95703,0.00310618,-0.79,0.00149963
ring_loop,self,conf25,10,0.168667,0.155333,0.0133334,-0.0233445,0.0500114,1.08584,0.346355,-0.536715,1.22942,0.33172,0.774473,15.082,0.450623,,56.5,0.456484,0.648042,-0.13,0.453637
ring_loop,self,conf50,10,0.168667,0.131333,0.0373334,0.00883137,0.0658354,1.28426,1.23151,0.275507,2.18751,1.17947,2.75374,17.8332,0.0131456,,82,2.39108,0.0167987,-0.64,0.0172457
ring_loop,self,conf75,10,0.168667,0.14,0.0286665,-0.00523796,0.062571,1.20476,0.801484,-0.10955,1.71252,0.767619,1.79217,16.0247,0.0920045,,69,1.40376,0.160392,-0.38,0.0967258
ring_loop,shuffle,randmat,10,0.155333,0.133333,0.0219999,-0.013104,0.0571038,1.165,0.600218,-0.295824,1.49626,0.574856,1.34213,14.2291,0.200579,,64.5,1.06472,0.287001,-0.29,
ring_loop,shuffle,decorr,10,0.155333,0.112,0.0433332,0.00508552,0.0815808,1.3869,1.06883,0.131811,2.00585,1.02367,2.38998,17.0343,0.0286765,,76.5,1.97135,0.0486835,-0.53,
ring_loop,shuffle,conf25,10,0.155333,0.155333,-7e-08,-0.0428982,0.042898,1,-1.53321e-06,-0.876524,0.876521,-1.46843e-06,-3.42837e-06,17.9899,0.999997,,47.5,-0.152452,0.878831,0.05,
ring_loop,shuffle,conf50,10,0.155333,0.131333,0.0239999,-0.0129504,0.0609502,1.18274,0.615285,-0.281737,1.51231,0.589287,1.37582,16.1588,0.187649,,65,1.10233,0.270318,-0.3,
ring_loop,shuffle,conf75,10,0.155333,0.14,0.015333,-0.0254436,0.0561096,1.10952,0.353466,-0.529874,1.23681,0.338531,0.790375,17.8813,0.439666,,60,0.720848,0.471003,-0.2,
ring_loop,randmat,decorr,10,0.133333,0.112,0.0213333,-0.00786593,0.0505325,1.19048,0.69138,-0.210949,1.59371,0.662167,1.54597,16.3719,0.141221,,67.5,1.28896,0.197411,-0.35,
ring_loop,randmat,conf25,10,0.133333,0.155333,-0.022,-0.0577902,0.0137903,0.858369,-0.589483,-1.48484,0.305874,-0.564575,-1.31812,14.0294,0.208579,,31,-1.40269,0.160708,0.38,
ring_loop,randmat,conf50,10,0.133333,0.131333,0.002,-0.025156,0.029156,1.01523,0.0694264,-0.80736,0.946213,0.0664928,0.155242,17.2081,0.878437,,55.5,0.37997,0.703968,-0.11,
ring_loop,randmat,conf75,10,0.133333,0.14,-0.0066669,-0.0395619,0.0262281,0.952379,-0.193253,-1.07182,0.685313,-0.185088,-0.432128,14.9432,0.671819,,46.5,-0.227895,0.819728,0.07,
ring_loop,decorr,conf25,10,0.112,0.155333,-0.0433332,-0.0821821,-0.00448432,0.721031,-1.05313,-1.98844,-0.117819,-1.00863,-2.35487,16.8576,0.0309179,,21.5,-2.1238,0.033687,0.57,
ring_loop,decorr,conf50,10,0.112,0.131333,-0.0193333,-0.0509452,0.0122787,0.852792,-0.5751,-1.46956,0.319358,-0.5508,-1.28596,17.7919,0.214941,,37,-0.949924,0.342151,0.26,
ring_loop,decorr,conf75,10,0.112,0.14,-0.0280002,-0.0643387,0.00833835,0.799999,-0.725292,-1.63017,0.17959,-0.694646,-1.6218,17.5523,0.12267,,33.5,-1.21498,0.224374,0.33,
ring_loop,conf25,conf50,10,0.155333,0.131333,0.024,-0.0135845,0.0615845,1.18274,0.605538,-0.290847,1.50192,0.579952,1.35402,15.9513,0.194602,,70.5,1.517,0.129267,-0.41,
ring_loop,conf25,conf75,10,0.155333,0.14,0.0153331,-0.0259881,0.0566542,1.10952,0.348919,-0.534248,1.23209,0.334176,0.780207,17.8038,0.445519,,62.5,0.908825,0.363443,-0.25,
ring_loop,conf50,conf75,10,0.131333,0.14,-0.0086669,-0.0435934,0.0262596,0.938094,-0.234313,-1.11384,0.645212,-0.224413,-0.523941,16.8329,0.60715,,43.5,-0.456484,0.648042,0.13,
ring_track_gain_yaw,rest,flow,10,0,2.69116,-2.69116,-3.01637,-2.36595,0,-8.37172,-11.1102,-5.63328,-8.01799,-18.7197,9,1.62596e-08,,0,-3.99806,6.38644e-05,1,
ring_track_gain_yaw,rest,self,10,0,2.51891,-2.51891,-2.96099,-2.07684,0,-5.76439,-7.75422,-3.77457,-5.52083,-12.8896,9,4.17794e-07,,0,-3.99806,6.38644e-05,1,0.000249938
ring_track_gain_yaw,rest,shuffle,10,0,2.2101,-2.2101,-2.71251,-1.70768,0,-4.45027,-6.08437,-2.81617,-4.26223,-9.9511,9,3.7272e-06,,0,-3.99806,6.38644e-05,1,
ring_track_gain_yaw,rest,randmat,10,0,2.07329,-2.07329,-2.63413,-1.51245,0,-3.73988,-5.19299,-2.28677,-3.58186,-8.36264,9,1.55065e-05,,0,-3.99806,6.38644e-05,1,
ring_track_gain_yaw,rest,decorr,10,0,2.1233,-2.1233,-2.39126,-1.85534,0,-8.01645,-10.6508,-5.38208,-7.67773,-17.9253,9,2.38e-08,,0,-3.99806,6.38644e-05,1,
ring_track_gain_yaw,rest,conf25,10,0,2.01217,-2.01217,-2.42436,-1.59998,0,-4.93863,-6.70233,-3.17494,-4.72996,-11.0431,9,1.55767e-06,,0,-3.99806,6.38644e-05,1,
ring_track_gain_yaw,rest,conf50,10,0,2.07369,-2.07369,-2.66813,-1.47926,0,-3.5292,-4.93079,-2.12761,-3.38008,-7.89153,9,2.46815e-05,,0,-3.99806,6.38644e-05,1,
ring_track_gain_yaw,rest,conf75,10,0,2.46044,-2.46044,-3.01509,-1.9058,0,-4.48784,-6.13178,-2.8439,-4.29821,-10.0351,9,3.47533e-06,,0,-3.99806,6.38644e-05,1,
ring_track_gain_yaw,flow,self,10,2.69116,2.51891,0.172243,-0.340708,0.685194,1.06838,0.31751,-0.564518,1.19954,0.304094,0.709974,16.5344,0.487613,0.621139,58,0.566947,0.57075,-0.16,0.495876
ring_track_gain_yaw,flow,shuffle,10,2.69116,2.2101,0.481062,-0.0815194,1.04364,1.21767,0.813181,-0.0988481,1.72521,0.778821,1.81833,15.4155,0.0884964,,69,1.39847,0.161972,-0.38,
ring_track_gain_yaw,flow,randmat,10,2.69116,2.07329,0.617865,0.00493664,1.23079,1.29801,0.964162,0.0381118,1.89021,0.923422,2.15593,14.4375,0.0484095,,80,2.22999,0.0257481,-0.6,
ring_track_gain_yaw,flow,decorr,10,2.69116,2.1233,0.567854,0.175478,0.96023,1.26744,1.36332,0.390292,2.33636,1.30572,3.04848,17.3649,0.00713037,,81,2.30558,0.0211339,-0.62,
ring_track_gain_yaw,flow,conf25,10,2.69116,2.01217,0.678988,0.189478,1.1685,1.33744,1.30832,0.342566,2.27407,1.25304,2.92549,17.0756,0.00940578,,80,2.22999,0.0257481,-0.6,
ring_track_gain_yaw,flow,conf50,10,2.69116,2.07369,0.617465,-0.0251999,1.26013,1.29776,0.921911,2.55371e-06,1.84382,0.882957,2.06146,13.9445,0.0584157,,77,2.00321,0.0451546,-0.54,
ring_track_gain_yaw,flow,conf75,10,2.69116,2.46044,0.230712,-0.376788,0.838212,1.09377,0.363018,-0.520695,1.24673,0.347679,0.811732,14.5342,0.43004,,59,0.64254,0.520523,-0.18,
ring_track_gain_yaw,self,shuffle,10,2.51891,2.2101,0.308819,-0.313423,0.93106,1.13973,0.466847,-0.421535,1.35523,0.447121,1.0439,17.7132,0.31057,0.621139,60,0.718132,0.472676,-0.2,0.316171
ring_track_gain_yaw,self,randmat,10,2.51891,2.07329,0.445622,-0.220207,1.11145,1.21493,0.631292,-0.266798,1.52938,0.604617,1.41161,17.0689,0.176034,,70,1.47406,0.140465,-0.4,0.184704
ring_track_gain_yaw,self,decorr,10,2.51891,2.1233,0.395611,-0.0919624,0.883184,1.18632,0.774213,-0.134553,1.68298,0.7415,1.73119,14.8267,0.104166,0.312498,68,1.32288,0.185877,-0.36,0.0997251
ring_track_gain_yaw,self,conf25,10,2.51891,2.01217,0.506745,-0.0547971,1.06829,1.25184,0.848172,-0.0669123,1.76326,0.812334,1.89657,17.9125,0.0741306,,73,1.70084,0.088973,-0.46,0.0807298
ring_track_gain_yaw,self,conf50,10,2.51891,2.07369,0.445222,-0.246886,1.13733,1.2147,0.608012,-0.288533,1.50456,0.582322,1.35956,16.6234,0.192128,,69,1.39847,0.161972,-0.38,0.180205
ring_track_gain_yaw,self,conf75,10,2.51891,2.46044,0.058469,-0.602603,0.719541,1.02376,0.0833975,-0.793506,0.960301,0.0798736,0.186482,17.1471,0.854255,,50,-0.0377964,0.96985,0,0.859785
ring_track_gain_yaw,shuffle,randmat,10,2.2101,2.07329,0.136803,-0.563101,0.836708,1.06598,0.183804,-0.694567,1.06218,0.176038,0.410999,17.7865,0.685983,,59,0.64254,0.520523,-0.18,
ring_track_gain_yaw,shuffle,decorr,10,2.2101,2.1233,0.0867921,-0.454042,0.627626,1.04088,0.154204,-0.72362,1.03203,0.147689,0.344811,13.7369,0.735459,,56,0.415761,0.677585,-0.12,
ring_track_gain_yaw,shuffle,conf25,10,2.2101,2.01217,0.197926,-0.407273,0.803125,1.09836,0.30812,-0.573588,1.18983,0.295101,0.688978,17.338,0.499954,,60,0.718132,0.472676,-0.2,
ring_track_gain_yaw,shuffle,conf50,10,2.2101,2.07369,0.136403,-0.58788,0.860686,1.06578,0.177299,-0.700944,1.05554,0.169807,0.396452,17.5138,0.69656,,59,0.64254,0.520523,-0.18,
ring_track_gain_yaw,shuffle,conf75,10,2.2101,2.46044,-0.25035,-0.94586,0.44516,0.89825,-0.338432,-1.22121,0.544343,-0.324132,-0.756757,17.8268,0.459081,,39,-0.793725,0.427355,0.22,
ring_track_gain_yaw,randmat,decorr,10,2.07329,2.1233,-0.050011,-0.644052,0.54403,0.976447,-0.0813984,-0.958284,0.795487,-0.077959,-0.182012,12.9054,0.858401,,45,-0.340168,0.73373,0.1,
ring_track_gain_yaw,randmat,conf25,10,2.07329,2.01217,0.061123,-0.589443,0.711689,1.03038,0.0888426,-0.788112,0.965797,0.0850887,0.198658,16.5267,0.844953,,46,-0.264575,0.791337,0.08,
ring_track_gain_yaw,randmat,conf50,10,2.07329,2.07369,-0.0004,-0.759585,0.758785,0.999807,-0.000495157,-0.877018,0.876027,-0.000474234,-0.0011072,17.9394,0.999129,,56,0.415761,0.677585,-0.12,
ring_track_gain_yaw,randmat,conf75,10,2.07329,2.46044,-0.387153,-1.11972,0.345413,0.842649,-0.496552,-1.38648,0.393375,-0.475571,-1.11032,17.9978,0.281474,,31,-1.39847,0.161972,0.38,
ring_track_gain_yaw,decorr,conf25,10,2.1233,2.01217,0.111134,-0.350907,0.573175,1.05523,0.228689,-0.650694,1.10807,0.219026,0.511365,15.4543,0.616324,,58,0.566947,0.57075,-0.16,
ring_track_gain_yaw,decorr,conf50,10,2.1233,2.07369,0.049611,-0.575565,0.674787,1.02392,0.0769735,-0.799874,0.953821,0.0737211,0.172118,12.5126,0.866097,,66,1.17169,0.241322,-0.32,
ring_track_gain_yaw,decorr,conf75,10,2.1233,2.46044,-0.337142,-0.925478,0.251194,0.862975,-0.553712,-1.44687,0.339449,-0.530316,-1.23814,12.9842,0.237585,,30,-1.47406,0.140465,0.4,
ring_track_gain_yaw,conf25,conf50,10,2.01217,2.07369,-0.061523,-0.739297,0.616251,0.970332,-0.0860437,-0.962972,0.790884,-0.082408,-0.192399,16.0296,0.849846,,51,0.0377964,0.96985,-0.02,
ring_track_gain_yaw,conf25,conf75,10,2.01217,2.46044,-0.448276,-1.09391,0.197354,0.817807,-0.656271,-1.55608,0.243536,-0.628542,-1.46747,16.6176,0.160921,,32,-1.32288,0.185877,0.36,
ring_track_gain_yaw,conf50,conf75,10,2.07369,2.46044,-0.386753,-1.14207,0.368569,0.842812,-0.481255,-1.37038,0.407865,-0.460921,-1.07612,17.9143,0.296153,,38,-0.869318,0.384673,0.24,
ring_lag_yaw_deg,rest,flow,10,0,-59.1298,59.1298,49.8967,68.363,-0,6.47878,4.28803,8.66954,6.20503,14.487,9,1.5256e-07,,100,3.99806,6.38644e-05,-1,
ring_lag_yaw_deg,rest,self,10,0,-77.3576,77.3576,66.1022,88.613,-0,6.95312,4.62691,9.27933,6.65933,15.5477,9,8.25893e-08,,100,3.99806,6.38644e-05,-1,0.000249938
ring_lag_yaw_deg,rest,shuffle,10,0,-66.8351,66.8351,53.1874,80.4827,-0,4.95433,3.18641,6.72225,4.74499,11.0782,9,1.51651e-06,,100,3.99806,6.38644e-05,-1,
ring_lag_yaw_deg,rest,randmat,10,0,-63.9129,63.9129,56.5768,71.249,-0,8.81377,5.94521,11.6823,8.44136,19.7082,9,1.03358e-08,,100,3.99806,6.38644e-05,-1,
ring_lag_yaw_deg,rest,decorr,10,0,-79.0279,79.0279,64.9503,93.1056,-0,5.67922,3.71306,7.64539,5.43925,12.6991,9,4.74664e-07,,100,3.99806,6.38644e-05,-1,
ring_lag_yaw_deg,rest,conf25,10,0,-87.1945,87.1945,70.0308,104.358,-0,5.13944,3.32148,6.9574,4.92228,11.4921,9,1.11194e-06,,100,3.99806,6.38644e-05,-1,
ring_lag_yaw_deg,rest,conf50,10,0,-82.5425,82.5425,67.7209,97.3642,-0,5.63404,3.68039,7.58768,5.39598,12.5981,9,5.08271e-07,,100,3.99806,6.38644e-05,-1,
ring_lag_yaw_deg,rest,conf75,10,0,-85.2808,85.2808,73.8095,96.7522,-0,7.52098,5.03088,10.0111,7.20319,16.8174,9,4.16265e-08,,100,3.99806,6.38644e-05,-1,
ring_lag_yaw_deg,flow,self,10,-59.1298,-77.3576,18.2278,4.67027,31.7853,0.76437,1.26669,0.306281,2.2271,1.21317,2.8324,17.3374,0.0113343,0.0340029,82,2.38118,0.0172575,-0.64,0.0129968
ring_lag_yaw_deg,flow,shuffle,10,-59.1298,-66.8351,7.70523,-7.7511,23.1616,0.884713,0.473076,-0.415622,1.36177,0.453087,1.05783,15.8117,0.306027,,62,0.869318,0.384673,-0.24,
ring_lag_yaw_deg,flow,randmat,10,-59.1298,-63.9129,4.7831,-6.20939,15.7756,0.925162,0.410328,-0.47537,1.29603,0.39299,0.917521,17.1251,0.371611,,61,0.793725,0.427355,-0.22,
ring_lag_yaw_deg,flow,decorr,10,-59.1298,-79.0279,19.8981,4.0828,35.7134,0.748214,1.19571,0.244081,2.14734,1.14519,2.67369,15.534,0.0169604,,81,2.30558,0.0211339,-0.62,
ring_lag_yaw_deg,flow,conf25,10,-59.1298,-87.1945,28.0647,9.56195,46.5674,0.678137,1.45678,0.470831,2.44274,1.39523,3.25747,13.8065,0.00581852,,83,2.45677,0.0140193,-0.66,
ring_lag_yaw_deg,flow,conf50,10,-59.1298,-82.5425,23.4127,6.96612,39.8593,0.716356,1.3564,0.384299,2.3285,1.29909,3.033,15.071,0.00835307,,84,2.53236,0.0113297,-0.68,
ring_lag_yaw_deg,flow,conf75,10,-59.1298,-85.2808,26.151,12.4301,39.872,0.693354,1.79661,0.758205,2.83501,1.72069,4.01733,17.2138,0.000873561,,90,2.98592,0.00282727,-0.8,
ring_lag_yaw_deg,self,shuffle,10,-77.3576,-66.8351,-10.5226,-26.9946,5.94951,1.15744,-0.601766,-1.49791,0.294375,-0.576339,-1.34559,17.3705,0.195738,0.391475,30,-1.47406,0.140465,0.4,0.191952
ring_lag_yaw_deg,self,randmat,10,-77.3576,-63.9129,-13.4447,-26.0696,-0.819805,1.21036,-1.01239,-1.94337,-0.0814093,-0.969612,-2.26377,15.4777,0.038349,,19,-2.30558,0.0211339,0.62,0.0322419
ring_lag_yaw_deg,self,decorr,10,-77.3576,-79.0279,1.67031,-15.1273,18.4679,0.978864,0.0937528,-0.783251,0.970757,0.0897914,0.209638,17.1685,0.836418,0.836418,50,-0.0377964,0.96985,0,0.834041
ring_lag_yaw_deg,self,conf25,10,-77.3576,-87.1945,9.83687,-9.44463,29.1184,0.887185,0.484854,-0.404454,1.37416,0.464367,1.08417,15.5325,0.294833,,67,1.24728,0.212294,-0.34,0.288178
ring_lag_yaw_deg,self,conf50,10,-77.3576,-82.5425,5.18492,-12.1892,22.5591,0.937185,0.281847,-0.599017,1.16271,0.269938,0.630228,16.7897,0.537029,,64,1.0205,0.307489,-0.28,0.536116
ring_lag_yaw_deg,self,conf75,10,-77.3576,-85.2808,7.92322,-7.00268,22.8491,0.907093,0.498767,-0.39128,1.38881,0.477692,1.11528,17.9935,0.279407,,65,1.0961,0.273036,-0.3,0.273682
ring_lag_yaw_deg,shuffle,randmat,10,-66.8351,-63.9129,-2.92213,-17.6326,11.7883,1.04572,-0.190793,-1.06931,0.687721,-0.182732,-0.426627,13.8002,0.676231,,45,-0.340168,0.73373,0.1,
ring_lag_yaw_deg,shuffle,decorr,10,-66.8351,-79.0279,12.1929,-6.01796,30.4037,0.845714,0.629116,-0.268827,1.52706,0.602534,1.40675,17.9827,0.17655,,67,1.24728,0.212294,-0.34,
ring_lag_yaw_deg,shuffle,conf25,10,-66.8351,-87.1945,20.3594,-0.0802791,40.7991,0.766506,0.939287,0.0156961,1.86288,0.899599,2.10031,17.1305,0.0508099,,77,2.00321,0.0451546,-0.54,
ring_lag_yaw_deg,shuffle,conf50,10,-66.8351,-82.5425,15.7075,-3.01349,34.4284,0.809704,0.788704,-0.121258,1.69867,0.755379,1.7636,17.8788,0.0948813,,72,1.62525,0.10411,-0.44,
ring_lag_yaw_deg,shuffle,conf75,10,-66.8351,-85.2808,18.4458,1.85298,35.0386,0.783705,1.0467,0.112087,1.98132,1.00248,2.3405,17.4829,0.0313432,,78,2.0788,0.0376353,-0.56,
ring_lag_yaw_deg,randmat,decorr,10,-63.9129,-79.0279,15.115,0.0174248,30.2126,0.808739,0.963269,0.0373083,1.88923,0.922567,2.15393,13.5524,0.0497712,,73,1.70084,0.088973,-0.46,
ring_lag_yaw_deg,randmat,conf25,10,-63.9129,-87.1945,23.2816,5.33327,41.2299,0.732993,1.26184,0.302045,2.22163,1.20852,2.82156,12.1822,0.0152202,,79,2.1544,0.031209,-0.58,
ring_lag_yaw_deg,randmat,conf50,10,-63.9129,-82.5425,18.6296,2.85545,34.4038,0.774303,1.13963,0.194633,2.08463,1.09148,2.54829,13.16,0.0240866,,81,2.30558,0.0211339,-0.62,
ring_lag_yaw_deg,randmat,conf75,10,-63.9129,-85.2808,21.3679,8.56048,34.1753,0.749441,1.58757,0.582413,2.59273,1.52049,3.54991,15.3067,0.00283064,,86,2.68355,0.00728456,-0.72,
ring_lag_yaw_deg,decorr,conf25,10,-79.0279,-87.1945,8.16656,-12.5064,28.8396,0.906341,0.372181,-0.511898,1.25626,0.356455,0.832221,17.3364,0.416601,,60,0.718132,0.472676,-0.2,
ring_lag_yaw_deg,decorr,conf50,10,-79.0279,-82.5425,3.51461,-15.4737,22.5029,0.957421,0.17394,-0.704238,1.05212,0.16659,0.388942,17.9525,0.701894,,56,0.415761,0.677585,-0.12,
ring_lag_yaw_deg,decorr,conf75,10,-79.0279,-85.2808,6.25291,-10.6618,23.1676,0.926679,0.348348,-0.534797,1.23149,0.333629,0.77893,17.2949,0.446549,,59,0.64254,0.520523,-0.18,
ring_lag_yaw_deg,conf25,conf50,10,-87.1945,-82.5425,-4.65195,-25.7453,16.4414,1.05636,-0.207528,-1.08641,0.671351,-0.198759,-0.464046,17.626,0.648295,,38,-0.869318,0.384673,0.24,
ring_lag_yaw_deg,conf25,conf75,10,-87.1945,-85.2808,-1.91365,-21.2895,17.4622,1.02244,-0.0937781,-0.970782,0.783226,-0.0898156,-0.209694,15.703,0.836603,,45,-0.340168,0.73373,0.1,
ring_lag_yaw_deg,conf50,conf75,10,-82.5425,-85.2808,2.7383,-14.7469,20.2235,0.967891,0.147808,-0.729911,1.02553,0.141562,0.330508,16.935,0.74507,,52,0.113389,0.909722,-0.04,
ring_track_gain_head,rest,flow,10,0,0.541596,-0.541596,-0.60563,-0.477562,0,-8.55667,-11.3495,-5.76387,-8.19512,-19.1333,9,1.34154e-08,,0,-3.99806,6.38644e-05,1,
ring_track_gain_head,rest,self,10,0,0.506716,-0.506716,-0.594365,-0.419068,0,-5.84866,-7.86197,-3.83536,-5.60154,-13.078,9,3.68851e-07,,0,-3.99806,6.38644e-05,1,0.000249938
ring_track_gain_head,rest,shuffle,10,0,0.444027,-0.444027,-0.543016,-0.345037,0,-4.53793,-6.19502,-2.88084,-4.34619,-10.1471,9,3.16824e-06,,0,-3.99806,6.38644e-05,1,
ring_track_gain_head,rest,randmat,10,0,0.417373,-0.417373,-0.529972,-0.304774,0,-3.74997,-5.20557,-2.29437,-3.59152,-8.38519,9,1.51732e-05,,0,-3.99806,6.38644e-05,1,
ring_track_gain_head,rest,decorr,10,0,0.427582,-0.427582,-0.481377,-0.373787,0,-8.0411,-10.6827,-5.39952,-7.70133,-17.9804,9,2.31673e-08,,0,-3.99806,6.38644e-05,1,
ring_track_gain_head,rest,conf25,10,0,0.405743,-0.405743,-0.490047,-0.321439,0,-4.86901,-6.61402,-3.124,-4.66328,-10.8874,9,1.75571e-06,,0,-3.99806,6.38644e-05,1,
ring_track_gain_head,rest,conf50,10,0,0.416157,-0.416157,-0.532014,-0.300301,0,-3.63391,-5.06096,-2.20686,-3.48037,-8.12567,9,1.95389e-05,,0,-3.99806,6.38644e-05,1,
ring_track_gain_head,rest,conf75,10,0,0.494549,-0.494549,-0.604783,-0.384315,0,-4.53872,-6.19601,-2.88142,-4.34694,-10.1489,9,3.16366e-06,,0,-3.99806,6.38644e-05,1,
ring_track_gain_head,flow,self,10,0.541596,0.506716,0.0348797,-0.0666034,0.136363,1.06883,0.325079,-0.557213,1.20737,0.311344,0.7269,16.4772,0.477489,0.595665,57,0.491354,0.623176,-0.14,0.48138
ring_track_gain_head,flow,shuffle,10,0.541596,0.444027,0.0975692,-0.0132572,0.208396,1.21974,0.83725,-0.0768685,1.75137,0.801873,1.87215,15.4097,0.0802894,,70,1.47406,0.140465,-0.4,
ring_track_gain_head,flow,randmat,10,0.541596,0.417373,0.124223,0.00162855,0.246818,1.29763,0.970196,0.0435417,1.89685,0.929202,2.16943,14.2701,0.0474061,,81,2.30558,0.0211339,-0.62,
ring_track_gain_head,flow,decorr,10,0.541596,0.427582,0.114015,0.036178,0.191851,1.26665,1.3792,0.404026,2.35438,1.32093,3.08399,17.4799,0.00656632,,83,2.45677,0.0140193,-0.66,
ring_track_gain_head,flow,conf25,10,0.541596,0.405743,0.135853,0.037024,0.234683,1.33483,1.29824,0.333795,2.26269,1.24338,2.90295,16.7914,0.00999443,,80,2.22999,0.0257481,-0.6,
ring_track_gain_head,flow,conf50,10,0.541596,0.416157,0.125439,-4.32568e-05,0.250921,1.30142,0.95866,0.0331587,1.88416,0.918153,2.14363,14.0292,0.0500689,,77,2.00321,0.0451546,-0.54,
ring_track_gain_head,flow,conf75,10,0.541596,0.494549,0.0470471,-0.0734666,0.167561,1.09513,0.373354,-0.510772,1.25748,0.357578,0.834844,14.4529,0.417392,,60,0.718132,0.472676,-0.2,
ring_track_gain_head,self,shuffle,10,0.506716,0.444027,0.0626895,-0.0602326,0.185612,1.14118,0.479674,-0.409364,1.36871,0.459406,1.07258,17.7399,0.297833,0.595665,61,0.793725,0.427355,-0.22,0.302674
ring_track_gain_head,self,randmat,10,0.506716,0.417373,0.0893435,-0.0437519,0.222439,1.21406,0.633436,-0.264798,1.53167,0.606671,1.41641,16.9777,0.174743,,68,1.32288,0.185877,-0.36,0.182704
ring_track_gain_head,self,decorr,10,0.506716,0.427582,0.0791348,-0.0177989,0.176068,1.18508,0.778467,-0.130648,1.68758,0.745574,1.74071,14.9379,0.102287,0.30686,69,1.39847,0.161972,-0.38,0.099975
ring_track_gain_head,self,conf25,10,0.506716,0.405743,0.100974,-0.0119825,0.21393,1.24886,0.839982,-0.0743765,1.75434,0.80449,1.87826,17.9728,0.076668,,74,1.77643,0.0756616,-0.48,0.0847288
ring_track_gain_head,self,conf50,10,0.506716,0.416157,0.0905591,-0.0450813,0.2262,1.21761,0.630632,-0.267413,1.52868,0.603986,1.41014,16.7601,0.176788,,69,1.39847,0.161972,-0.38,0.166958
ring_track_gain_head,self,conf75,10,0.506716,0.494549,0.0121674,-0.119105,0.14344,1.0246,0.0874043,-0.789537,0.964345,0.0837112,0.195442,17.1302,0.847346,,51,0.0377964,0.96985,-0.02,0.849538
ring_track_gain_head,shuffle,randmat,10,0.444027,0.417373,0.026654,-0.112749,0.166057,1.06386,0.179857,-0.698436,1.05815,0.172257,0.402172,17.7094,0.69237,,59,0.64254,0.520523,-0.18,
ring_track_gain_head,shuffle,decorr,10,0.444027,0.427582,0.0164453,-0.0904515,0.123342,1.03846,0.147673,-0.730044,1.02539,0.141433,0.330206,13.8894,0.746172,,57,0.491354,0.623176,-0.14,
ring_track_gain_head,shuffle,conf25,10,0.444027,0.405743,0.0382843,-0.0826915,0.15926,1.09436,0.297877,-0.583493,1.17925,0.285291,0.666073,17.555,0.514023,,61,0.793725,0.427355,-0.22,
ring_track_gain_head,shuffle,conf50,10,0.444027,0.416157,0.0278696,-0.113903,0.169642,1.06697,0.185021,-0.693375,1.06342,0.177203,0.41372,17.5721,0.684085,,61,0.793725,0.427355,-0.22,
ring_track_gain_head,shuffle,conf75,10,0.444027,0.494549,-0.0505221,-0.188232,0.087188,0.897842,-0.344983,-1.228,0.538035,-0.330407,-0.771406,17.7956,0.450589,,37,-0.944911,0.344704,0.26,
ring_track_gain_head,randmat,decorr,10,0.417373,0.427582,-0.0102087,-0.129472,0.109055,0.976125,-0.0827619,-0.95966,0.794136,-0.0792649,-0.185061,12.9051,0.856058,,43,-0.491354,0.623176,0.14,
ring_track_gain_head,randmat,conf25,10,0.417373,0.405743,0.0116303,-0.119752,0.143013,1.02866,0.0836476,-0.793258,0.960553,0.0801132,0.187042,16.6776,0.853884,,46,-0.264575,0.791337,0.08,
ring_track_gain_head,randmat,conf50,10,0.417373,0.416157,0.0012156,-0.148837,0.151268,1.00292,0.00761198,-0.868914,0.884138,0.00729035,0.0170209,17.9854,0.986607,,56,0.415761,0.677585,-0.12,
ring_track_gain_head,randmat,conf75,10,0.417373,0.494549,-0.0771761,-0.223525,0.0691727,0.843947,-0.495487,-1.38536,0.394383,-0.474551,-1.10794,17.9919,0.282479,,34,-1.17169,0.241322,0.32,
ring_track_gain_head,decorr,conf25,10,0.427582,0.405743,0.021839,-0.0722341,0.115912,1.05382,0.220927,-0.658266,1.10012,0.211592,0.494007,15.2869,0.628324,,56,0.415761,0.677585,-0.12,
ring_track_gain_head,decorr,conf50,10,0.427582,0.416157,0.0114243,-0.11085,0.133699,1.02745,0.0904798,-0.786491,0.967451,0.0866567,0.202319,12.7084,0.84287,,67,1.24728,0.212294,-0.34,
ring_track_gain_head,decorr,conf75,10,0.427582,0.494549,-0.0669674,-0.184056,0.0501212,0.864589,-0.552332,-1.44541,0.340747,-0.528994,-1.23505,13.0567,0.238575,,31,-1.39847,0.161972,0.38,
ring_track_gain_head,conf25,conf50,10,0.405743,0.416157,-0.0104147,-0.144393,0.123564,0.974974,-0.0735345,-0.950353,0.803284,-0.0704274,-0.164428,16.4438,0.871398,,52,0.113389,0.909722,-0.04,
ring_track_gain_head,conf25,conf75,10,0.405743,0.494549,-0.0888064,-0.218327,0.0407145,0.82043,-0.647396,-1.54659,0.251794,-0.620041,-1.44762,16.8444,0.16608,,30,-1.47406,0.140465,0.4,
ring_track_gain_head,conf50,conf75,10,0.416157,0.494549,-0.0783917,-0.226939,0.0701558,0.841489,-0.495914,-1.38581,0.393979,-0.47496,-1.1089,17.9556,0.282106,,38,-0.869318,0.384673,0.24,
ring_lag_head_deg,rest,flow,10,0,-131.658,131.658,122.389,140.928,-0,14.3693,9.83083,18.9077,13.7621,32.1307,9,1.34638e-10,,100,3.99806,6.38644e-05,-1,
ring_lag_head_deg,rest,self,10,0,-149.886,149.886,138.567,161.206,-0,13.3958,9.15298,17.6387,12.8298,29.954,9,2.51791e-10,,100,3.99806,6.38644e-05,-1,0.000249938
ring_lag_head_deg,rest,shuffle,10,0,-139.364,139.364,125.507,153.22,-0,10.1749,6.90216,13.4476,9.74497,22.7518,9,2.90474e-09,,100,3.99806,6.38644e-05,-1,
ring_lag_head_deg,rest,randmat,10,0,-136.441,136.441,129.185,143.698,-0,19.0216,13.062,24.9811,18.2179,42.5335,9,1.09514e-11,,100,3.99806,6.38644e-05,-1,
ring_lag_head_deg,rest,decorr,10,0,-151.556,151.556,137.499,165.613,-0,10.9074,7.4154,14.3993,10.4465,24.3896,9,1.568e-09,,100,3.99806,6.38644e-05,-1,
ring_lag_head_deg,rest,conf25,10,0,-159.723,159.723,142.948,176.498,-0,9.63272,6.52154,12.7439,9.22571,21.5394,9,4.71655e-09,,100,3.99806,6.38644e-05,-1,
ring_lag_head_deg,rest,conf50,10,0,-155.071,155.071,140.317,169.825,-0,10.6333,7.2235,14.0431,10.184,23.7768,9,1.96526e-09,,100,3.99806,6.38644e-05,-1,
ring_lag_head_deg,rest,conf75,10,0,-157.809,157.809,146.12,169.499,-0,13.6576,9.33535,17.9799,13.0805,30.5394,9,2.11868e-10,,100,3.99806,6.38644e-05,-1,
ring_lag_head_deg,flow,self,10,-131.658,-149.886,18.2279,4.60216,31.8536,0.878388,1.26041,0.3008,2.22003,1.20716,2.81837,17.3262,0.011682,0.035046,81,2.30558,0.0211339,-0.62,0.0129968
ring_lag_head_deg,flow,shuffle,10,-131.658,-139.364,7.7054,-7.9408,23.3516,0.94471,0.467593,-0.420827,1.35601,0.447835,1.04557,15.711,0.311581,,61,0.793725,0.427355,-0.22,
ring_lag_head_deg,flow,randmat,10,-131.658,-136.441,4.7832,-6.1951,15.7615,0.964943,0.41106,-0.474671,1.29679,0.393691,0.919158,17.0195,0.370857,,62,0.869318,0.384673,-0.24,
ring_lag_head_deg,flow,decorr,10,-131.658,-151.556,19.8981,4.08444,35.7118,0.868708,1.19552,0.243916,2.14713,1.14501,2.67327,15.5823,0.016941,,81,2.30558,0.0211339,-0.62,
ring_lag_head_deg,flow,conf25,10,-131.658,-159.723,28.0646,9.89691,46.2323,0.824292,1.48142,0.491949,2.47089,1.41883,3.31256,14.0275,0.00512054,,83,2.45677,0.0140193,-0.66,
ring_lag_head_deg,flow,conf50,10,-131.658,-155.071,23.4127,7.00948,39.8159,0.849019,1.35939,0.386889,2.33189,1.30195,3.03969,15.1473,0.00820155,,82,2.38118,0.0172575,-0.64,
ring_lag_head_deg,flow,conf75,10,-131.658,-157.809,26.1511,12.244,40.0582,0.834287,1.77337,0.73881,2.80793,1.69844,3.96537,17.1113,0.000988375,,89,2.91033,0.00361051,-0.78,
ring_lag_head_deg,self,shuffle,10,-149.886,-139.364,-10.5225,-27.1872,6.14216,1.0755,-0.594961,-1.49067,0.300744,-0.569821,-1.33037,17.3109,0.200657,0.401314,30,-1.47406,0.140465,0.4,0.197201
ring_lag_head_deg,self,randmat,10,-149.886,-136.441,-13.4447,-26.09,-0.799355,1.09854,-1.01158,-1.94247,-0.0806848,-0.968837,-2.26196,15.3287,0.0386356,,21,-2.1544,0.031209,0.58,0.031992
ring_lag_head_deg,self,decorr,10,-149.886,-151.556,1.6702,-15.1462,18.4866,0.98898,0.0936218,-0.783381,0.970624,0.0896659,0.209345,17.2169,0.836636,0.836636,50,-0.0377964,0.96985,0,0.833042
ring_lag_head_deg,self,conf25,10,-149.886,-159.723,9.8367,-9.14809,28.8215,0.938414,0.491754,-0.397918,1.38143,0.470975,1.09959,15.7887,0.287993,,66,1.17169,0.241322,-0.32,0.283179
ring_lag_head_deg,self,conf50,10,-149.886,-155.071,5.1848,-12.1689,22.5385,0.966565,0.282069,-0.598801,1.16294,0.270151,0.630727,16.869,0.536672,,64,1.0205,0.307489,-0.28,0.536116
ring_lag_head_deg,self,conf75,10,-149.886,-157.809,7.9232,-7.19008,23.0365,0.949793,0.492605,-0.397111,1.38232,0.471791,1.1015,17.9814,0.285206,,65,1.0961,0.273036,-0.3,0.27968
ring_lag_head_deg,shuffle,randmat,10,-139.364,-136.441,-2.9222,-17.7944,11.95,1.02142,-0.189,-1.06748,0.689477,-0.181014,-0.422617,13.5913,0.679185,,43,-0.491354,0.623176,0.14,
ring_lag_head_deg,shuffle,decorr,10,-139.364,-151.556,12.1927,-6.13911,30.5245,0.91955,0.624922,-0.27274,1.52258,0.598517,1.39737,17.9963,0.179294,,68,1.32288,0.185877,-0.36,
ring_lag_head_deg,shuffle,conf25,10,-139.364,-159.723,20.3592,0.100517,40.6179,0.872534,0.946641,0.0223293,1.87095,0.906643,2.11675,17.3804,0.048992,,79,2.1544,0.031209,-0.58,
ring_lag_head_deg,shuffle,conf50,10,-139.364,-155.071,15.7073,-3.0958,34.5104,0.898709,0.78509,-0.124572,1.69475,0.751917,1.75551,17.9296,0.0962412,,71,1.54965,0.121225,-0.42,
ring_lag_head_deg,shuffle,conf75,10,-139.364,-157.809,18.4457,1.57481,35.3166,0.883114,1.02936,0.0965931,1.96212,0.985864,2.30171,17.5033,0.0338768,,78,2.0788,0.0376353,-0.56,
ring_lag_head_deg,randmat,decorr,10,-136.441,-151.556,15.1149,0.0615583,30.1682,0.900269,0.966605,0.0403112,1.8929,0.925763,2.1614,13.4788,0.0491942,,73,1.70084,0.088973,-0.46,
ring_lag_head_deg,randmat,conf25,10,-136.441,-159.723,23.2814,5.71818,40.8446,0.854239,1.28867,0.325455,2.25188,1.23422,2.88155,12.2545,0.0135357,,79,2.1544,0.031209,-0.58,
ring_lag_head_deg,randmat,conf50,10,-136.441,-155.071,18.6295,2.94147,34.3175,0.879865,1.14628,0.200515,2.09205,1.09785,2.56317,13.1138,0.023467,,81,2.30558,0.0211339,-0.62,
ring_lag_head_deg,randmat,conf75,10,-136.441,-157.809,21.3679,8.40712,34.3287,0.864597,1.57116,0.568483,2.57384,1.50477,3.51322,15.0398,0.0031262,,84,2.53236,0.0113297,-0.68,
ring_lag_head_deg,decorr,conf25,10,-151.556,-159.723,8.1665,-12.2041,28.5371,0.948871,0.377494,-0.5068,1.26179,0.361544,0.844103,17.4655,0.410025,,60,0.718132,0.472676,-0.2,
ring_lag_head_deg,decorr,conf50,10,-151.556,-155.071,3.5146,-15.4143,22.4435,0.977336,0.174481,-0.703707,1.05267,0.167109,0.390152,17.958,0.701013,,57,0.491354,0.623176,-0.14,
ring_lag_head_deg,decorr,conf75,10,-151.556,-157.809,6.253,-10.7668,23.2728,0.960376,0.346015,-0.537042,1.22907,0.331395,0.773714,17.4206,0.449473,,58,0.566947,0.57075,-0.16,
ring_lag_head_deg,conf25,conf50,10,-159.723,-155.071,-4.6519,-25.4236,16.1198,1.03,-0.210664,-1.08961,0.668286,-0.201763,-0.47106,17.7113,0.643348,,37,-0.944911,0.344704,0.26,
ring_lag_head_deg,conf25,conf75,10,-159.723,-157.809,-1.9135,-21.0666,17.2396,1.01213,-0.0946803,-0.971694,0.782333,-0.0906797,-0.211712,16.073,0.834993,,45,-0.340168,0.73373,0.1,
ring_lag_head_deg,conf50,conf75,10,-155.071,-157.809,2.7384,-14.809,20.2858,0.982647,0.147177,-0.730531,1.02489,0.140958,0.329098,17.1054,0.746077,,52,0.113389,0.909722,-0.04,
cx_yaw_modulation_hz,rest,flow,10,0,1.91946,-1.91946,-1.9854,-1.85353,0,-29.451,-38.6198,-20.2822,-28.2066,-65.8544,9,2.16733e-13,,0,-3.99806,6.38644e-05,1,
cx_yaw_modulation_hz,rest,self,10,0,1.15269,-1.15269,-1.23944,-1.06595,0,-13.4427,-17.6997,-9.18561,-12.8747,-30.0587,9,2.44076e-10,,0,-3.99806,6.38644e-05,1,0.000249938
cx_yaw_modulation_hz,rest,shuffle,10,0,1.5422,-1.5422,-1.63834,-1.44607,0,-16.2293,-21.3345,-11.1241,-15.5435,-36.2898,9,4.53642e-11,,0,-3.99806,6.38644e-05,1,
cx_yaw_modulation_hz,rest,randmat,10,0,0.952567,-0.952567,-1.07685,-0.828282,0,-7.75376,-10.3115,-5.19601,-7.42614,-17.3379,9,3.18764e-08,,0,-3.99806,6.38644e-05,1,
cx_yaw_modulation_hz,rest,decorr,10,0,0.936593,-0.936593,-1.06867,-0.804516,0,-7.17404,-9.5638,-4.78427,-6.87091,-16.0416,9,6.28845e-08,,0,-3.99806,6.38644e-05,1,
cx_yaw_modulation_hz,rest,conf25,10,0,0.985294,-0.985294,-1.10381,-0.866773,0,-8.41027,-11.16,-5.6605,-8.0549,-18.8059,9,1.56158e-08,,0,-3.99806,6.38644e-05,1,
cx_yaw_modulation_hz,rest,conf50,10,0,0.971697,-0.971697,-1.10185,-0.841546,0,-7.55306,-10.0525,-5.05365,-7.23391,-16.8891,9,4.01049e-08,,0,-3.99806,6.38644e-05,1,
cx_yaw_modulation_hz,rest,conf75,10,0,0.97131,-0.97131,-1.11005,-0.832569,0,-7.08257,-9.44599,-4.71915,-6.78331,-15.8371,9,7.03293e-08,,0,-3.99806,6.38644e-05,1,
cx_yaw_modulation_hz,flow,self,10,1.91946,1.15269,0.76677,0.665051,0.868489,1.6652,7.11908,4.74515,9.49302,6.81828,15.9188,16.7966,1.45544e-11,4.36632e-11,100,3.74185,0.000182672,-1,0.000249938
cx_yaw_modulation_hz,flow,shuffle,10,1.91946,1.5422,0.377261,0.267981,0.486541,1.24462,3.27401,1.93322,4.6148,3.13567,7.32091,15.9332,1.76206e-06,,100,3.74185,0.000182672,-1,
cx_yaw_modulation_hz,flow,randmat,10,1.91946,0.952567,0.966898,0.833225,1.10057,2.01504,6.9526,4.62654,9.27867,6.65883,15.5465,13.6942,4.32321e-10,,100,3.74185,0.000182672,-1,
cx_yaw_modulation_hz,flow,decorr,10,1.91946,0.936593,0.982872,0.842137,1.12361,2.04941,6.73581,4.47184,8.99979,6.4512,15.0617,13.2237,1.04568e-09,,100,3.74185,0.000182672,-1,
cx_yaw_modulation_hz,flow,conf25,10,1.91946,0.985294,0.934171,0.805654,1.06269,1.94811,6.96818,4.63764,9.29871,6.67375,15.5813,14.0839,2.82383e-10,,100,3.74185,0.000182672,-1,
cx_yaw_modulation_hz,flow,conf50,10,1.91946,0.971697,0.947768,0.808788,1.08675,1.97537,6.57183,4.35462,8.78904,6.29415,14.6951,13.3342,1.27662e-09,,100,3.74185,0.000182672,-1,
cx_yaw_modulation_hz,flow,conf75,10,1.91946,0.97131,0.948155,0.801303,1.09501,1.97616,6.24444,4.12005,8.36883,5.98059,13.963,12.8681,3.77675e-09,,100,3.74185,0.000182672,-1,
cx_yaw_modulation_hz,self,shuffle,10,1.15269,1.5422,-0.389509,-0.509859,-0.269159,0.747433,-3.04315,-4.33065,-1.75565,-2.91457,-6.80469,17.8133,2.39285e-06,4.7857e-06,0,-3.74185,0.000182672,1,0.000249938
cx_yaw_modulation_hz,self,randmat,10,1.15269,0.952567,0.200128,0.0581547,0.3421,1.21009,1.3358,0.366443,2.30516,1.27936,2.98694,16.0872,0.0086734,,89,2.91033,0.00361051,-0.78,0.00849788
cx_yaw_modulation_hz,self,decorr,10,1.15269,0.936593,0.216102,0.0676693,0.364535,1.23073,1.38354,0.407769,2.3593,1.32508,3.09368,15.5468,0.00716268,0.00716268,83,2.45677,0.0140193,-0.66,0.00524869
cx_yaw_modulation_hz,self,conf25,10,1.15269,0.985294,0.167401,0.0300946,0.304708,1.1699,1.15304,0.206484,2.0996,1.10432,2.57828,16.4927,0.0198685,,82,2.38118,0.0172575,-0.64,0.0187453
cx_yaw_modulation_hz,self,conf50,10,1.15269,0.971697,0.180998,0.0341771,0.327818,1.18627,1.17069,0.222053,2.11933,1.12122,2.61774,15.6786,0.0188839,,81,2.30558,0.0211339,-0.62,0.0192452
cx_yaw_modulation_hz,self,conf75,10,1.15269,0.97131,0.181385,0.0273028,0.335467,1.18674,1.12145,0.17854,2.06435,1.07406,2.50763,15.1042,0.0240479,,75,1.85203,0.0640221,-0.5,0.019995
cx_yaw_modulation_hz,shuffle,randmat,10,1.5422,0.952567,0.589637,0.443046,0.736228,1.619,3.7964,2.32929,5.26352,3.63599,8.48902,16.9306,1.66315e-07,,100,3.74185,0.000182672,-1,
cx_yaw_modulation_hz,shuffle,decorr,10,1.5422,0.936593,0.605611,0.452862,0.75836,1.64661,3.7505,2.29477,5.20624,3.59203,8.38638,16.4463,2.44157e-07,,100,3.74185,0.000182672,-1,
cx_yaw_modulation_hz,shuffle,conf25,10,1.5422,0.985294,0.55691,0.414746,0.699075,1.56522,3.69188,2.25061,5.13315,3.53589,8.2553,17.265,2.12046e-07,,100,3.74185,0.000182672,-1,
cx_yaw_modulation_hz,shuffle,conf50,10,1.5422,0.971697,0.570507,0.419298,0.721716,1.58712,3.56702,2.15626,4.97777,3.4163,7.97609,16.5679,4.53936e-07,,100,3.74185,0.000182672,-1,
cx_yaw_modulation_hz,shuffle,conf75,10,1.5422,0.97131,0.570894,0.412734,0.729054,1.58776,3.42169,2.04594,4.79743,3.27711,7.65112,16.0232,9.75002e-07,,100,3.74185,0.000182672,-1,
cx_yaw_modulation_hz,randmat,decorr,10,0.952567,0.936593,0.0159744,-0.152503,0.184452,1.01706,0.0891094,-0.787848,0.966067,0.0853442,0.199255,17.9339,0.844305,,52,0.113389,0.909722,-0.04,
cx_yaw_modulation_hz,randmat,conf25,10,0.952567,0.985294,-0.0327264,-0.19225,0.126797,0.966785,-0.192783,-1.07134,0.685773,-0.184637,-0.431076,17.9595,0.671543,,45,-0.340168,0.73373,0.1,
cx_yaw_modulation_hz,randmat,conf50,10,0.952567,0.971697,-0.0191299,-0.18629,0.14803,0.980313,-0.10754,-0.984696,0.769616,-0.102996,-0.240468,17.9619,0.812691,,43,-0.491354,0.623176,0.14,
cx_yaw_modulation_hz,randmat,conf75,10,0.952567,0.97131,-0.0187427,-0.191884,0.154399,0.980704,-0.101796,-0.978886,0.775294,-0.0974947,-0.227623,17.7864,0.822536,,50,-0.0377964,0.96985,0,
cx_yaw_modulation_hz,decorr,conf25,10,0.936593,0.985294,-0.0487008,-0.213648,0.116246,0.950572,-0.277638,-1.15837,0.603097,-0.265907,-0.620817,17.793,0.542591,,43,-0.491354,0.623176,0.14,
cx_yaw_modulation_hz,decorr,conf50,10,0.936593,0.971697,-0.0351043,-0.207318,0.137109,0.963873,-0.191524,-1.07005,0.687005,-0.183432,-0.428262,17.9961,0.673542,,44,-0.415761,0.677585,0.12,
cx_yaw_modulation_hz,decorr,conf75,10,0.936593,0.97131,-0.0347171,-0.21265,0.143215,0.964257,-0.183353,-1.06172,0.695009,-0.175606,-0.40999,17.9566,0.686663,,43,-0.491354,0.623176,0.14,
cx_yaw_modulation_hz,conf25,conf50,10,0.985294,0.971697,0.0135965,-0.149988,0.177181,1.01399,0.0781412,-0.798716,0.954998,0.0748395,0.174729,17.8446,0.86326,,49,-0.0377964,0.96985,0.02,
cx_yaw_modulation_hz,conf25,conf75,10,0.985294,0.97131,0.0139837,-0.15578,0.183747,1.0144,0.0775288,-0.799323,0.954381,0.0742529,0.17336,17.5711,0.86435,,52,0.113389,0.909722,-0.04,
cx_yaw_modulation_hz,conf50,conf75,10,0.971697,0.97131,0.0003872,-0.176338,0.177112,1.0004,0.00205916,-0.874464,0.878582,0.00197215,0.00460442,17.927,0.996377,,48,-0.113389,0.909722,0.04,
cx_tuning_wire_corr,rest,flow,10,0,0.309309,-0.309309,-0.316756,-0.301862,0,-42.0193,-55.0705,-28.9682,-40.2438,-93.958,9,8.88496e-15,,0,-3.99806,6.38644e-05,1,
cx_tuning_wire_corr,rest,self,10,0,0.235903,-0.235903,-0.255654,-0.216152,0,-12.0834,-15.9292,-8.23756,-11.5728,-27.0193,9,6.3101e-10,,0,-3.99806,6.38644e-05,1,0.000249938
cx_tuning_wire_corr,rest,shuffle,10,0,0.342358,-0.342358,-0.354167,-0.33055,0,-29.3311,-38.4629,-20.1993,-28.0918,-65.5864,9,2.2482e-13,,0,-3.99806,6.38644e-05,1,
cx_tuning_wire_corr,rest,randmat,10,0,0.309991,-0.309991,-0.346506,-0.273475,0,-8.58829,-11.3904,-5.78618,-8.22541,-19.204,9,1.29868e-08,,0,-3.99806,6.38644e-05,1,
cx_tuning_wire_corr,rest,decorr,10,0,0.251978,-0.251978,-0.273523,-0.230434,0,-11.8322,-15.6023,-8.06214,-11.3323,-26.4577,9,7.60691e-10,,0,-3.99806,6.38644e-05,1,
cx_tuning_wire_corr,rest,conf25,10,0,0.251754,-0.251754,-0.273273,-0.230235,0,-11.8358,-15.6069,-8.0646,-11.3356,-26.4655,9,7.58679e-10,,0,-3.99806,6.38644e-05,1,
cx_tuning_wire_corr,rest,conf50,10,0,0.254904,-0.254904,-0.271462,-0.238345,0,-15.5739,-20.4791,-10.6686,-14.9158,-34.8242,9,6.55845e-11,,0,-3.99806,6.38644e-05,1,
cx_tuning_wire_corr,rest,conf75,10,0,0.253864,-0.253864,-0.265876,-0.241852,0,-21.3806,-28.0642,-14.6971,-20.4772,-47.8086,9,3.84006e-12,,0,-3.99806,6.38644e-05,1,
cx_tuning_wire_corr,flow,self,10,0.309309,0.235903,0.0734061,0.052979,0.0938332,1.31117,3.51821,2.11928,4.91715,3.36956,7.86697,11.5083,5.79481e-06,1.15896e-05,100,3.74185,0.000182672,-1,0.000249938
cx_tuning_wire_corr,flow,shuffle,10,0.309309,0.342358,-0.033049,-0.0461892,-0.0199088,0.903467,-2.39494,-3.54348,-1.24641,-2.29375,-5.35525,15.1813,7.69759e-05,,5,-3.36388,0.000768539,0.9,
cx_tuning_wire_corr,flow,randmat,10,0.309309,0.309991,-0.0006814,-0.0375177,0.0361549,0.997802,-0.0184974,-0.895039,0.858044,-0.0177159,-0.0413615,9.74735,0.967843,,52,0.113389,0.909722,-0.04,
cx_tuning_wire_corr,flow,decorr,10,0.309309,0.251978,0.0573308,0.0351813,0.0794803,1.22752,2.54439,1.36539,3.72338,2.43688,5.68942,11.1204,0.00013469,,100,3.74185,0.000182672,-1,
cx_tuning_wire_corr,flow,conf25,10,0.309309,0.251754,0.0575553,0.0354305,0.0796801,1.22862,2.55706,1.37544,3.73869,2.44902,5.71777,11.1253,0.000128903,,99,3.66626,0.000246128,-0.98,
cx_tuning_wire_corr,flow,conf50,10,0.309309,0.254904,0.0544057,0.0369956,0.0718158,1.21344,3.03154,1.74667,4.31642,2.90345,6.77874,12.4977,1.59529e-05,,99,3.66626,0.000246128,-0.98,
cx_tuning_wire_corr,flow,conf75,10,0.309309,0.253864,0.0554449,0.0421304,0.0687594,1.2184,3.96879,2.45849,5.47908,3.80109,8.87447,15.0278,2.31275e-07,,100,3.74185,0.000182672,-1,
cx_tuning_wire_corr,self,shuffle,10,0.235903,0.342358,-0.106455,-0.128175,-0.0847353,0.689054,-4.68015,-6.3748,-2.98549,-4.4824,-10.4651,14.7051,3.31786e-08,9.95358e-08,0,-3.74185,0.000182672,1,0.000249938
cx_tuning_wire_corr,self,randmat,10,0.235903,0.309991,-0.0740875,-0.113488,-0.0346868,0.761001,-1.80542,-2.84529,-0.765553,-1.72914,-4.03705,13.8508,0.00124904,,9,-3.06151,0.00220222,0.82,0.000749813
cx_tuning_wire_corr,self,decorr,10,0.235903,0.251978,-0.0160753,-0.0432343,0.0110837,0.936204,-0.556421,-1.44974,0.336901,-0.53291,-1.2442,17.8657,0.229504,0.229504,32,-1.32288,0.185877,0.36,0.227193
cx_tuning_wire_corr,self,conf25,10,0.235903,0.251754,-0.0158508,-0.0429919,0.0112903,0.937039,-0.549005,-1.44189,0.343877,-0.525808,-1.22761,17.8693,0.235519,,35,-1.0961,0.273036,0.3,0.246188
cx_tuning_wire_corr,self,conf50,10,0.235903,0.254904,-0.0190004,-0.0429892,0.00498839,0.92546,-0.74581,-1.65229,0.160672,-0.714297,-1.66768,17.4681,0.113205,,25,-1.85203,0.0640221,0.5,0.107723
cx_tuning_wire_corr,self,conf75,10,0.235903,0.253864,-0.0179612,-0.0397605,0.00383811,0.929249,-0.786045,-1.69579,0.123696,-0.752832,-1.75765,14.8567,0.0993862,,22,-2.0788,0.0376353,0.56,0.0914771
cx_tuning_wire_corr,shuffle,randmat,10,0.342358,0.309991,0.0323676,-0.00503012,0.0697653,1.10441,0.85324,-0.0622968,1.76878,0.817188,1.9079,10.862,0.0831732,,71,1.54965,0.121225,-0.42,
cx_tuning_wire_corr,shuffle,decorr,10,0.342358,0.251978,0.0903798,0.0670799,0.11368,1.35868,3.72164,2.27304,5.17025,3.56439,8.32185,13.9597,8.80396e-07,,100,3.74185,0.000182672,-1,
cx_tuning_wire_corr,shuffle,conf25,10,0.342358,0.251754,0.0906043,0.0673273,0.113881,1.35989,3.7343,2.28257,5.18603,3.57651,8.35015,13.9696,8.417e-07,,100,3.74185,0.000182672,-1,
cx_tuning_wire_corr,shuffle,conf50,10,0.342358,0.254904,0.0874547,0.068422,0.106487,1.34309,4.35032,2.74228,5.95837,4.16651,9.72762,16.2731,3.45548e-08,,100,3.74185,0.000182672,-1,
cx_tuning_wire_corr,shuffle,conf75,10,0.342358,0.253864,0.0884939,0.0728499,0.104138,1.34859,5.31496,3.44916,7.18076,5.09038,11.8846,17.9947,5.91579e-10,,100,3.74185,0.000182672,-1,
cx_tuning_wire_corr,randmat,decorr,10,0.309991,0.251978,0.0580122,0.017966,0.0980584,1.23023,1.38425,0.408388,2.36012,1.32576,3.09528,14.5887,0.00759059,,83,2.45677,0.0140193,-0.66,
cx_tuning_wire_corr,randmat,conf25,10,0.309991,0.251754,0.0582367,0.0182002,0.0982732,1.23132,1.39004,0.413382,2.36669,1.3313,3.10822,14.5783,0.0074001,,83,2.45677,0.0140193,-0.66,
cx_tuning_wire_corr,randmat,conf50,10,0.309991,0.254904,0.0550871,0.0166569,0.0935173,1.21611,1.38996,0.413315,2.3666,1.33123,3.10804,12.5511,0.00862974,,84,2.53236,0.0113297,-0.68,
cx_tuning_wire_corr,randmat,conf75,10,0.309991,0.253864,0.0561263,0.0186939,0.0935587,1.22109,1.47711,0.488258,2.46596,1.4147,3.30292,10.9253,0.00710345,,86,2.68355,0.00728456,-0.72,
cx_tuning_wire_corr,decorr,conf25,10,0.251978,0.251754,0.0002245,-0.0280555,0.0285045,1.00089,0.00745869,-0.869067,0.883984,0.00714353,0.0166781,18,0.986877,,53,0.188982,0.850107,-0.06,
cx_tuning_wire_corr,decorr,conf50,10,0.251978,0.254904,-0.0029251,-0.0282811,0.0224309,0.988525,-0.108906,-0.986078,0.768267,-0.104304,-0.24352,16.8823,0.810537,,51,0.0377964,0.96985,-0.02,
cx_tuning_wire_corr,decorr,conf75,10,0.251978,0.253864,-0.0018859,-0.025257,0.0214852,0.992571,-0.0773469,-0.954197,0.799503,-0.0740788,-0.172953,14.1024,0.865146,,53,0.188982,0.850107,-0.06,
cx_tuning_wire_corr,conf25,conf50,10,0.251754,0.254904,-0.0031496,-0.0284856,0.0221864,0.987644,-0.117352,-0.994628,0.759925,-0.112393,-0.262406,16.8913,0.796182,,44,-0.415761,0.677585,0.12,
cx_tuning_wire_corr,conf25,conf75,10,0.251754,0.253864,-0.0021104,-0.0254588,0.021238,0.991687,-0.0866329,-0.963567,0.790301,-0.0829724,-0.193717,14.1124,0.849158,,45,-0.340168,0.73373,0.1,
cx_tuning_wire_corr,conf50,conf75,10,0.254904,0.253864,0.0010392,-0.0180914,0.0201698,1.00409,0.0513931,-0.825274,0.92806,0.0492216,0.114918,16.4182,0.909903,,50,-0.0377964,0.96985,0,
ring_tuning_wire_corr,rest,flow,10,0,0.200366,-0.200366,-0.212051,-0.18868,0,-17.3463,-22.7929,-11.8998,-16.6134,-38.7876,9,2.50057e-11,,0,-3.99806,6.38644e-05,1,
ring_tuning_wire_corr,rest,self,10,0,0.167733,-0.167733,-0.18817,-0.147295,0,-8.30274,-11.0209,-5.58454,-7.95192,-18.5655,9,1.74867e-08,,0,-3.99806,6.38644e-05,1,0.000249938
ring_tuning_wire_corr,rest,shuffle,10,0,0.189208,-0.189208,-0.212094,-0.166322,0,-8.36377,-11.0999,-5.62766,-8.01037,-18.702,9,1.63962e-08,,0,-3.99806,6.38644e-05,1,
ring_tuning_wire_corr,rest,randmat,10,0,0.174492,-0.174492,-0.212166,-0.136818,0,-4.68571,-6.38184,-2.98958,-4.48773,-10.4776,9,2.42356e-06,,0,-3.99806,6.38644e-05,1,
ring_tuning_wire_corr,rest,decorr,10,0,0.134891,-0.134891,-0.224742,-0.0450395,0,-1.51878,-2.51368,-0.523887,-1.45461,-3.3961,9,0.0079221,,10,-3.19037,0.00142091,0.8,
ring_tuning_wire_corr,rest,conf25,10,0,0.170279,-0.170279,-0.193244,-0.147315,0,-7.50147,-9.98592,-5.01703,-7.18451,-16.7738,9,4.25827e-08,,0,-3.99806,6.38644e-05,1,
ring_tuning_wire_corr,rest,conf50,10,0,0.209025,-0.209025,-0.242969,-0.175081,0,-6.22982,-8.35008,-4.10955,-5.96659,-13.9303,9,2.1412e-07,,0,-3.99806,6.38644e-05,1,
ring_tuning_wire_corr,rest,conf75,10,0,0.151133,-0.151133,-0.217478,-0.0847877,0,-2.30456,-3.43519,-1.17392,-2.20718,-5.15315,9,0.000600591,,10,-3.19037,0.00142091,0.8,
ring_tuning_wire_corr,flow,self,10,0.200366,0.167733,0.0326331,0.0103581,0.0549081,1.19455,1.4023,0.423962,2.38063,1.34305,3.13563,14.3163,0.0071316,0.0213948,89,2.91033,0.00361051,-0.78,0.00524869
ring_tuning_wire_corr,flow,shuffle,10,0.200366,0.189208,0.0111577,-0.0133099,0.0356253,1.05897,0.439268,-0.447762,1.3263,0.420707,0.982233,13.3941,0.343395,,64,1.0205,0.307489,-0.28,
ring_tuning_wire_corr,flow,randmat,10,0.200366,0.174492,0.0258738,-0.0126284,0.064376,1.14828,0.66361,-0.236714,1.56393,0.63557,1.48388,10.7159,0.166648,,66,1.17169,0.241322,-0.32,
ring_tuning_wire_corr,flow,decorr,10,0.200366,0.134891,0.0654749,-0.0246833,0.155633,1.48539,0.731048,-0.174279,1.63637,0.700158,1.63467,9.30437,0.135443,,66,1.17169,0.241322,-0.32,
ring_tuning_wire_corr,flow,conf25,10,0.200366,0.170279,0.0300863,0.00554786,0.0546247,1.17669,1.18127,0.231378,2.13117,1.13136,2.64141,13.3681,0.0199577,,76,1.92762,0.0539026,-0.52,
ring_tuning_wire_corr,flow,conf50,10,0.200366,0.209025,-0.0086594,-0.0435479,0.0262291,0.958572,-0.24403,-1.12381,0.635749,-0.233719,-0.545668,11.1038,0.596086,,48,-0.113389,0.909722,0.04,
ring_tuning_wire_corr,flow,conf75,10,0.200366,0.151133,0.0492329,-0.0175389,0.116005,1.32576,0.739349,-0.166625,1.64532,0.708109,1.65324,9.55788,0.130699,,70,1.47406,0.140465,-0.4,
ring_tuning_wire_corr,self,shuffle,10,0.167733,0.189208,-0.0214754,-0.049998,0.00704721,0.886498,-0.708064,-1.61163,0.195507,-0.678146,-1.58328,17.7744,0.130988,0.261977,27,-1.70084,0.088973,0.46,0.127718
ring_tuning_wire_corr,self,randmat,10,0.167733,0.174492,-0.00675931,-0.0474301,0.0339115,0.961263,-0.159546,-1.03746,0.71837,-0.152804,-0.356755,13.8752,0.726642,,40,-0.718132,0.472676,0.2,0.733567
ring_tuning_wire_corr,self,decorr,10,0.167733,0.134891,0.0328418,-0.0580072,0.123691,1.24347,0.360567,-0.523049,1.24418,0.345332,0.806252,9.92882,0.438982,0.438982,42,-0.566947,0.57075,0.16,0.501875
ring_tuning_wire_corr,self,conf25,10,0.167733,0.170279,-0.0025468,-0.0311251,0.0260315,0.985043,-0.0838113,-0.960719,0.793096,-0.08027,-0.187408,17.7609,0.853465,,44,-0.415761,0.677585,0.12,0.856536
ring_tuning_wire_corr,self,conf50,10,0.167733,0.209025,-0.0412925,-0.0786762,-0.00390881,0.802452,-1.05433,-1.98976,-0.118887,-1.00978,-2.35754,14.7675,0.0326364,,22,-2.0788,0.0376353,0.56,0.0267433
ring_tuning_wire_corr,self,conf75,10,0.167733,0.151133,0.0165998,-0.0511822,0.0843817,1.10984,0.241905,-0.637818,1.12163,0.231683,0.540915,10.6929,0.599653,,44,-0.415761,0.677585,0.12,0.767308
ring_tuning_wire_corr,shuffle,randmat,10,0.189208,0.174492,0.0147161,-0.0268548,0.056287,1.08434,0.337742,-0.545008,1.22049,0.323471,0.755213,14.8465,0.461935,,56,0.415761,0.677585,-0.12,
ring_tuning_wire_corr,shuffle,decorr,10,0.189208,0.134891,0.0543172,-0.0368107,0.145445,1.40268,0.592653,-0.302905,1.48821,0.567611,1.32521,10.1629,0.214121,,59,0.64254,0.520523,-0.18,
ring_tuning_wire_corr,shuffle,conf25,10,0.189208,0.170279,0.0189286,-0.0111819,0.0490391,1.11116,0.590644,-0.304786,1.48607,0.565687,1.32072,17.9998,0.203141,,64,1.0205,0.307489,-0.28,
ring_tuning_wire_corr,shuffle,conf50,10,0.189208,0.209025,-0.0198171,-0.0582246,0.0185904,0.905193,-0.489717,-1.37928,0.399847,-0.469025,-1.09504,15.7814,0.28993,,36,-1.0205,0.307489,0.28,
ring_tuning_wire_corr,shuffle,conf75,10,0.189208,0.151133,0.0380752,-0.0301247,0.106275,1.25193,0.548853,-0.344019,1.44173,0.525662,1.22727,11.112,0.245086,,60,0.718132,0.472676,-0.2,
ring_tuning_wire_corr,randmat,decorr,10,0.174492,0.134891,0.0396011,-0.0541791,0.133381,1.29358,0.4112,-0.474537,1.29694,0.393825,0.919471,12.0696,0.37586,,53,0.188982,0.850107,-0.06,
ring_tuning_wire_corr,randmat,conf25,10,0.174492,0.170279,0.00421251,-0.0373892,0.0458142,1.02474,0.0965903,-0.780443,0.973624,0.092509,0.215983,14.8768,0.831935,,55,0.340168,0.73373,-0.1,
ring_tuning_wire_corr,randmat,conf50,10,0.174492,0.209025,-0.0345332,-0.0816651,0.0125987,0.834789,-0.688942,-1.59109,0.213208,-0.659831,-1.54052,17.8078,0.141015,,36,-1.0205,0.307489,0.28,
ring_tuning_wire_corr,randmat,conf75,10,0.174492,0.151133,0.0233591,-0.0488554,0.0955736,1.15456,0.309739,-0.572024,1.1915,0.296651,0.692597,14.2574,0.499689,,56,0.415761,0.677585,-0.12,
ring_tuning_wire_corr,decorr,conf25,10,0.134891,0.170279,-0.0353886,-0.126526,0.0557488,0.792174,-0.386043,-1.27069,0.498606,-0.369732,-0.863219,10.1708,0.407912,,54,0.264575,0.791337,-0.08,
ring_tuning_wire_corr,decorr,conf50,10,0.134891,0.209025,-0.0741343,-0.167076,0.0188077,0.645333,-0.780842,-1.69015,0.128469,-0.747849,-1.74602,11.5176,0.107394,,29,-1.54965,0.121225,0.42,
ring_tuning_wire_corr,decorr,conf75,10,0.134891,0.151133,-0.016242,-0.12062,0.0881363,0.892532,-0.147115,-1.02482,0.730592,-0.140899,-0.32896,16.5651,0.746308,,51,0.0377964,0.96985,-0.02,
ring_tuning_wire_corr,conf25,conf50,10,0.170279,0.209025,-0.0387457,-0.077188,-0.000303358,0.814636,-0.956458,-1.88174,-0.0311754,-0.916044,-2.1387,15.8117,0.0484231,,23,-2.00321,0.0451546,0.54,
ring_tuning_wire_corr,conf25,conf75,10,0.170279,0.151133,0.0191466,-0.0490677,0.0873609,1.12669,0.275898,-0.604785,1.15658,0.26424,0.616926,11.126,0.5497,,47,-0.188982,0.850107,0.06,
ring_tuning_wire_corr,conf50,conf75,10,0.209025,0.151133,0.0578923,-0.0130583,0.128843,1.38306,0.785888,-0.12384,1.69562,0.752682,1.7573,13.4095,0.10166,,71,1.54965,0.121225,-0.42,
ring_ang_diffusion_deg,rest,flow,10,0,196.935,-196.935,-250.4,-143.47,0,-3.72641,-5.1762,-2.27663,-3.56896,-8.33252,9,1.59642e-05,,0,-3.99806,6.38644e-05,1,
ring_ang_diffusion_deg,rest,self,10,0,220.723,-220.723,-258.004,-183.441,0,-5.98951,-8.0422,-3.93683,-5.73644,-13.393,9,3.00588e-07,,0,-3.99806,6.38644e-05,1,0.000249938
ring_ang_diffusion_deg,rest,shuffle,10,0,226.191,-226.191,-287.624,-164.758,0,-3.72488,-5.17428,-2.27547,-3.56749,-8.32908,9,1.60174e-05,,0,-3.99806,6.38644e-05,1,
ring_ang_diffusion_deg,rest,randmat,10,0,194.061,-194.061,-222.469,-165.652,0,-6.91081,-9.22488,-4.59674,-6.6188,-15.453,9,8.7096e-08,,0,-3.99806,6.38644e-05,1,
ring_ang_diffusion_deg,rest,decorr,10,0,238.836,-238.836,-289.622,-188.049,0,-4.75758,-6.47282,-3.04234,-4.55655,-10.6383,9,2.13308e-06,,0,-3.99806,6.38644e-05,1,
ring_ang_diffusion_deg,rest,conf25,10,0,217.347,-217.347,-266.046,-168.648,0,-4.51516,-6.16627,-2.86405,-4.32438,-10.0962,9,3.30395e-06,,0,-3.99806,6.38644e-05,1,
ring_ang_diffusion_deg,rest,conf50,10,0,195.297,-195.297,-228.145,-162.449,0,-6.0149,-8.0747,-3.95509,-5.76075,-13.4497,9,2.89839e-07,,0,-3.99806,6.38644e-05,1,
ring_ang_diffusion_deg,rest,conf75,10,0,213.554,-213.554,-244.932,-182.176,0,-6.88528,-9.19203,-4.57853,-6.59436,-15.396,9,8.99463e-08,,0,-3.99806,6.38644e-05,1,
ring_ang_diffusion_deg,flow,self,10,196.935,220.723,-23.7875,-84.8444,37.2694,0.892229,-0.36921,-1.25317,0.514749,-0.353609,-0.825578,16.0787,0.421125,1,39,-0.793725,0.427355,0.22,0.419895
ring_ang_diffusion_deg,flow,shuffle,10,196.935,226.191,-29.2556,-104.995,46.4834,0.87066,-0.363419,-1.24715,0.520309,-0.348064,-0.81263,17.6635,0.427248,,36,-1.0205,0.307489,0.28,
ring_ang_diffusion_deg,flow,randmat,10,196.935,194.061,2.8744,-54.6435,60.3923,1.01481,0.0480304,-0.828619,0.924679,0.0460009,0.107399,13.7067,0.916029,,42,-0.566947,0.57075,0.16,
ring_ang_diffusion_deg,flow,decorr,10,196.935,238.836,-41.9005,-110.399,26.598,0.824563,-0.574838,-1.46928,0.319604,-0.550549,-1.28538,17.9527,0.214996,,34,-1.17169,0.241322,0.32,
ring_ang_diffusion_deg,flow,conf25,10,196.935,217.347,-20.4117,-87.6182,46.7948,0.906087,-0.285537,-1.16652,0.59544,-0.273472,-0.638481,17.8453,0.53127,,39,-0.793725,0.427355,0.22,
ring_ang_diffusion_deg,flow,conf50,10,196.935,195.297,1.638,-57.504,60.78,1.00839,0.0264084,-0.850152,0.902969,0.0252926,0.059051,14.947,0.953694,,44,-0.415761,0.677585,0.12,
ring_ang_diffusion_deg,flow,conf75,10,196.935,213.554,-16.6191,-75.1903,41.9521,0.922179,-0.27121,-1.15175,0.609333,-0.25975,-0.606444,14.5423,0.55357,,40,-0.718132,0.472676,0.2,
ring_ang_diffusion_deg,self,shuffle,10,220.723,226.191,-5.4681,-73.241,62.3048,0.975825,-0.0769813,-0.953828,0.799866,-0.0737286,-0.172135,14.8374,0.865657,1,56,0.415761,0.677585,-0.12,0.860285
ring_ang_diffusion_deg,self,randmat,10,220.723,194.061,26.6619,-17.0896,70.4134,1.13739,0.575466,-0.319015,1.46995,0.55115,1.28678,16.8163,0.215603,,66,1.17169,0.241322,-0.32,0.205949
ring_ang_diffusion_deg,self,decorr,10,220.723,238.836,-18.113,-77.0031,40.7771,0.924161,-0.290855,-1.172,0.59029,-0.278565,-0.650371,16.5169,0.524397,1,42,-0.566947,0.57075,0.16,0.51862
ring_ang_diffusion_deg,self,conf25,10,220.723,217.347,3.3758,-53.8631,60.6147,1.01553,0.0556846,-0.821008,0.932377,0.0533318,0.124515,16.8522,0.902381,,55,0.340168,0.73373,-0.1,0.903024
ring_ang_diffusion_deg,self,conf50,10,220.723,195.297,25.4255,-20.7734,71.6244,1.13019,0.517675,-0.373408,1.40876,0.495801,1.15756,17.719,0.262411,,63,0.944911,0.344704,-0.26,0.257436
ring_ang_diffusion_deg,self,conf75,10,220.723,213.554,7.1684,-38.1818,52.5186,1.03357,0.148825,-0.72891,1.02656,0.142537,0.332783,17.4903,0.743254,,53,0.188982,0.850107,-0.06,0.740565
ring_ang_diffusion_deg,shuffle,randmat,10,226.191,194.061,32.13,-32.6736,96.9336,1.16557,0.480249,-0.408818,1.36932,0.459957,1.07387,12.6808,0.302891,,58,0.566947,0.57075,-0.16,
ring_ang_diffusion_deg,shuffle,decorr,10,226.191,238.836,-12.6449,-86.8594,61.5696,0.947056,-0.160492,-1.03842,0.71744,-0.153711,-0.358871,17.3852,0.724013,,44,-0.415761,0.677585,0.12,
ring_ang_diffusion_deg,shuffle,conf25,10,226.191,217.347,8.8439,-64.235,81.9228,1.04069,0.11413,-0.763106,0.991366,0.109308,0.255203,17.109,0.801609,,53,0.188982,0.850107,-0.06,
ring_ang_diffusion_deg,shuffle,conf50,10,226.191,195.297,30.8936,-35.2647,97.0519,1.15819,0.448645,-0.438836,1.33613,0.429688,1.0032,13.7573,0.333084,,55,0.340168,0.73373,-0.1,
ring_ang_diffusion_deg,shuffle,conf75,10,226.191,213.554,12.6365,-53.0442,78.3172,1.05917,0.185322,-0.69308,1.06372,0.177491,0.414392,13.3967,0.685146,,48,-0.113389,0.909722,0.04,
ring_ang_diffusion_deg,randmat,decorr,10,194.061,238.836,-44.7749,-99.9003,10.3505,0.812528,-0.778408,-1.68752,0.130702,-0.745518,-1.74057,14.1298,0.10348,,29,-1.54965,0.121225,0.42,
ring_ang_diffusion_deg,randmat,conf25,10,194.061,217.347,-23.2861,-76.5711,29.9989,0.892862,-0.417846,-1.30388,0.46819,-0.400191,-0.934332,14.4896,0.365443,,42,-0.566947,0.57075,0.16,
ring_ang_diffusion_deg,randmat,conf50,10,194.061,195.297,-1.2364,-41.6294,39.1566,0.993669,-0.0288022,-0.90537,0.847766,-0.0275852,-0.0644036,17.6334,0.949373,,47,-0.188982,0.850107,0.06,
ring_ang_diffusion_deg,randmat,conf75,10,194.061,213.554,-19.4935,-58.8317,19.8447,0.908719,-0.465914,-1.35425,0.422421,-0.446228,-1.04182,17.825,0.311422,,36,-1.0205,0.307489,0.28,
ring_ang_diffusion_deg,decorr,conf25,10,238.836,217.347,21.4888,-43.8668,86.8444,1.09887,0.308965,-0.572772,1.1907,0.29591,0.690867,17.9684,0.498478,,61,0.793725,0.427355,-0.22,
ring_ang_diffusion_deg,decorr,conf50,10,238.836,195.297,43.5385,-13.3191,100.396,1.22293,0.728238,-0.176871,1.63335,0.697467,1.62839,15.4084,0.123713,,72,1.62525,0.10411,-0.44,
ring_ang_diffusion_deg,decorr,conf75,10,238.836,213.554,25.2814,-30.9683,81.5311,1.11838,0.428428,-0.458093,1.31495,0.410325,0.957994,14.9971,0.353256,,63,0.944911,0.344704,-0.26,
ring_ang_diffusion_deg,conf25,conf50,10,217.347,195.297,22.0497,-33.0588,77.1582,1.1129,0.379749,-0.504638,1.26414,0.363703,0.849145,15.7849,0.408495,,54,0.264575,0.791337,-0.08,
ring_ang_diffusion_deg,conf25,conf75,10,217.347,213.554,3.7926,-50.6768,58.262,1.01776,0.06623,-0.810533,0.942993,0.0634315,0.148095,15.3742,0.884193,,49,-0.0377964,0.96985,0.02,
ring_ang_diffusion_deg,conf50,conf75,10,195.297,213.554,-18.2571,-60.452,23.9378,0.914508,-0.406595,-1.29213,0.478938,-0.389415,-0.909175,17.9624,0.375296,,36,-1.0205,0.307489,0.28,
ring_ang_ac1,rest,flow,10,0,0.816798,-0.816798,-0.888821,-0.744774,0,-11.473,-15.135,-7.81112,-10.9883,-25.6545,9,1.00062e-09,,0,-3.99806,6.38644e-05,1,
ring_ang_ac1,rest,self,10,0,0.862565,-0.862565,-0.909388,-0.815742,0,-18.6368,-24.4784,-12.7952,-17.8493,-41.6731,9,1.31518e-11,,0,-3.99806,6.38644e-05,1,0.000249938
ring_ang_ac1,rest,shuffle,10,0,0.841626,-0.841626,-0.91056,-0.772693,0,-12.3517,-16.2785,-8.42484,-11.8298,-27.6192,9,5.18961e-10,,0,-3.99806,6.38644e-05,1,
ring_ang_ac1,rest,randmat,10,0,0.818527,-0.818527,-0.871095,-0.765958,0,-15.7523,-20.7119,-10.7926,-15.0867,-35.2232,9,5.92344e-11,,0,-3.99806,6.38644e-05,1,
ring_ang_ac1,rest,decorr,10,0,0.853547,-0.853547,-0.924429,-0.782664,0,-12.1822,-16.0578,-8.30653,-11.6674,-27.2402,9,5.86893e-10,,0,-3.99806,6.38644e-05,1,
ring_ang_ac1,rest,conf25,10,0,0.846178,-0.846178,-0.906276,-0.786081,0,-14.2444,-18.7449,-9.74391,-13.6425,-31.8514,9,1.45552e-10,,0,-3.99806,6.38644e-05,1,
ring_ang_ac1,rest,conf50,10,0,0.808309,-0.808309,-0.873526,-0.743092,0,-12.5388,-16.5222,-8.55542,-12.009,-28.0376,9,4.53918e-10,,0,-3.99806,6.38644e-05,1,
ring_ang_ac1,rest,conf75,10,0,0.833199,-0.833199,-0.894924,-0.771473,0,-13.6559,-17.9776,-9.33412,-13.0789,-30.5354,9,2.12113e-10,,0,-3.99806,6.38644e-05,1,
ring_ang_ac1,flow,self,10,0.816798,0.862565,-0.0457674,-0.126502,0.0349676,0.94694,-0.53898,-1.43128,0.353315,-0.516206,-1.2052,15.4546,0.246258,0.738774,37,-0.944911,0.344704,0.26,0.24119
ring_ang_ac1,flow,shuffle,10,0.816798,0.841626,-0.0248287,-0.117431,0.0677739,0.970499,-0.251951,-1.13194,0.628043,-0.241305,-0.563379,17.9655,0.580141,,40,-0.718132,0.472676,0.2,
ring_ang_ac1,flow,randmat,10,0.816798,0.818527,-0.001729,-0.0850962,0.0816382,0.997888,-0.0196167,-0.89616,0.856927,-0.0187878,-0.0438643,16.4693,0.96554,,52,0.113389,0.909722,-0.04,
ring_ang_ac1,flow,decorr,10,0.816798,0.853547,-0.0367491,-0.130601,0.0571031,0.956945,-0.367904,-1.25181,0.516002,-0.352359,-0.822659,17.9954,0.42147,,40,-0.718132,0.472676,0.2,
ring_ang_ac1,flow,conf25,10,0.816798,0.846178,-0.0293807,-0.116699,0.0579375,0.965278,-0.31687,-1.19888,0.565136,-0.303481,-0.708543,17.4407,0.487971,,46,-0.264575,0.791337,0.08,
ring_ang_ac1,flow,conf50,10,0.816798,0.808309,0.0084885,-0.0818124,0.0987894,1.0105,0.088383,-0.788567,0.965333,0.0846485,0.19763,17.8255,0.84557,,53,0.188982,0.850107,-0.06,
ring_ang_ac1,flow,conf75,10,0.816798,0.833199,-0.016401,-0.104643,0.0718414,0.980316,-0.174924,-1.05312,0.703274,-0.167532,-0.391141,17.5879,0.700391,,48,-0.113389,0.909722,0.04,
ring_ang_ac1,self,shuffle,10,0.862565,0.841626,0.0209387,-0.0572145,0.0990919,1.02488,0.2542,-0.625856,1.13426,0.243459,0.568408,15.8472,0.577725,1,53,0.188982,0.850107,-0.06,0.575356
ring_ang_ac1,self,randmat,10,0.862565,0.818527,0.0440384,-0.0214041,0.109481,1.0538,0.632863,-0.265333,1.53106,0.606123,1.41513,17.7641,0.174323,,68,1.32288,0.185877,-0.36,0.176956
ring_ang_ac1,self,decorr,10,0.862565,0.853547,0.0090183,-0.0707581,0.0887947,1.01057,0.107397,-0.769757,0.984551,0.102859,0.240147,15.5981,0.813344,1,48,-0.113389,0.909722,0.04,0.825544
ring_ang_ac1,self,conf25,10,0.862565,0.846178,0.0163867,-0.0546723,0.0874457,1.01937,0.217602,-0.661511,1.09671,0.208407,0.486572,16.9844,0.632781,,54,0.264575,0.791337,-0.08,0.642089
ring_ang_ac1,self,conf50,10,0.862565,0.808309,0.0542559,-0.0208566,0.129368,1.06712,0.683679,-0.218086,1.58544,0.654791,1.52875,16.3306,0.145463,,71,1.54965,0.121225,-0.42,0.132217
ring_ang_ac1,self,conf75,10,0.862565,0.833199,0.0293664,-0.0429636,0.101696,1.03525,0.383463,-0.501078,1.268,0.36726,0.857449,16.7811,0.403277,,60,0.718132,0.472676,-0.2,0.40015
ring_ang_ac1,shuffle,randmat,10,0.841626,0.818527,0.0230997,-0.0578183,0.104018,1.02822,0.269569,-0.610925,1.15006,0.258179,0.602775,16.8224,0.554698,,59,0.64254,0.520523,-0.18,
ring_ang_ac1,shuffle,decorr,10,0.841626,0.853547,-0.0119204,-0.103753,0.0799121,0.986034,-0.121967,-0.999304,0.75537,-0.116814,-0.272727,17.986,0.788169,,45,-0.340168,0.73373,0.1,
ring_ang_ac1,shuffle,conf25,10,0.841626,0.846178,-0.004552,-0.0895995,0.0804955,0.994621,-0.0503552,-0.927017,0.826306,-0.0482276,-0.112598,17.6716,0.911619,,52,0.113389,0.909722,-0.04,
ring_ang_ac1,shuffle,conf50,10,0.841626,0.808309,0.0333172,-0.0548337,0.121468,1.04122,0.355191,-0.528216,1.2386,0.340183,0.794232,17.945,0.437438,,61,0.793725,0.427355,-0.22,
ring_ang_ac1,shuffle,conf75,10,0.841626,0.833199,0.0084277,-0.0775825,0.0944379,1.01011,0.0921427,-0.784845,0.96913,0.0882493,0.206037,17.7848,0.839102,,55,0.340168,0.73373,-0.1,
ring_ang_ac1,randmat,decorr,10,0.818527,0.853547,-0.0350201,-0.117477,0.0474366,0.958971,-0.401465,-1.28677,0.483843,-0.384501,-0.897702,16.6009,0.38218,,32,-1.32288,0.185877,0.36,
ring_ang_ac1,randmat,conf25,10,0.818527,0.846178,-0.0276517,-0.1019,0.0465962,0.967322,-0.350359,-1.23358,0.532862,-0.335555,-0.783427,17.6869,0.443741,,39,-0.793725,0.427355,0.22,
ring_ang_ac1,randmat,conf50,10,0.818527,0.808309,0.0102175,-0.06783,0.088265,1.01264,0.1234,-0.753956,1.00076,0.118186,0.275931,17.2236,0.785884,,50,-0.0377964,0.96985,0,
ring_ang_ac1,randmat,conf75,10,0.818527,0.833199,-0.014672,-0.0901077,0.0607637,0.982391,-0.183074,-1.06143,0.695283,-0.175339,-0.409366,17.555,0.687222,,43,-0.491354,0.623176,0.14,
ring_ang_ac1,decorr,conf25,10,0.853547,0.846178,0.0073684,-0.0791042,0.093841,1.00871,0.0802146,-0.79666,0.95709,0.0768252,0.179365,17.5309,0.859708,,58,0.566947,0.57075,-0.16,
ring_ang_ac1,decorr,conf50,10,0.853547,0.808309,0.0452376,-0.0442617,0.134737,1.05597,0.475138,-0.413666,1.36394,0.455062,1.06244,17.8765,0.302178,,69,1.39847,0.161972,-0.38,
ring_ang_ac1,decorr,conf75,10,0.853547,0.833199,0.0203481,-0.0670627,0.107759,1.02442,0.219014,-0.660132,1.09816,0.20976,0.489731,17.6663,0.63035,,64,1.0205,0.307489,-0.28,
ring_ang_ac1,conf25,conf50,10,0.846178,0.808309,0.0378692,-0.0445336,0.120272,1.04685,0.431993,-0.454694,1.31868,0.41374,0.965965,17.881,0.346946,,62,0.869318,0.384673,-0.24,
ring_ang_ac1,conf25,conf75,10,0.846178,0.833199,0.0129797,-0.0670339,0.0929933,1.01558,0.152422,-0.725372,1.03022,0.145982,0.340826,17.9871,0.737183,,55,0.340168,0.73373,-0.1,
ring_ang_ac1,conf50,conf75,10,0.808309,0.833199,-0.0248895,-0.108303,0.0585243,0.970128,-0.280412,-1.16123,0.600407,-0.268564,-0.627021,17.9458,0.538542,,40,-0.718132,0.472676,0.2,
steer_corr_yaw,rest,flow,10,0,0.786017,-0.786017,-0.798245,-0.77379,0,-65.0318,-85.204,-44.8595,-62.2839,-145.415,9,1.74832e-16,,0,-3.99806,6.38644e-05,1,
steer_corr_yaw,rest,self,10,0,0.740546,-0.740546,-0.750926,-0.730167,0,-72.1766,-94.5611,-49.7921,-69.1269,-161.392,9,6.84425e-17,,0,-3.99806,6.38644e-05,1,0.000249938
steer_corr_yaw,rest,shuffle,10,0,0.770166,-0.770166,-0.780253,-0.76008,0,-77.2474,-101.202,-53.2926,-73.9834,-172.73,9,3.7155e-17,,0,-3.99806,6.38644e-05,1,
steer_corr_yaw,rest,randmat,10,0,0.814333,-0.814333,-0.826647,-0.802018,0,-66.8989,-87.6492,-46.1485,-64.0721,-149.59,9,1.35526e-16,,0,-3.99806,6.38644e-05,1,
steer_corr_yaw,rest,decorr,10,0,0.615401,-0.615401,-0.640797,-0.590004,0,-24.5143,-32.1616,-16.867,-23.4784,-54.8156,9,1.1257e-12,,0,-3.99806,6.38644e-05,1,
steer_corr_yaw,rest,conf25,10,0,0.714221,-0.714221,-0.73681,-0.691632,0,-31.9872,-41.9387,-22.0358,-30.6357,-71.5256,9,1.03179e-13,,0,-3.99806,6.38644e-05,1,
steer_corr_yaw,rest,conf50,10,0,0.679303,-0.679303,-0.694448,-0.664157,0,-45.3751,-59.464,-31.2862,-43.4578,-101.462,9,4.45243e-15,,0,-3.99806,6.38644e-05,1,
steer_corr_yaw,rest,conf75,10,0,0.654077,-0.654077,-0.681388,-0.626766,0,-24.2286,-31.7879,-16.6692,-23.2048,-54.1767,9,1.2506e-12,,0,-3.99806,6.38644e-05,1,
steer_corr_yaw,flow,self,10,0.786017,0.740546,0.0454707,0.0305464,0.060395,1.0614,2.86803,1.61973,4.11633,2.74685,6.41312,17.5376,5.53806e-06,1.10761e-05,99,3.66626,0.000246128,-0.98,0.000249938
steer_corr_yaw,flow,shuffle,10,0.786017,0.770166,0.0158507,0.00109126,0.0306101,1.02058,1.01165,0.0807484,1.94255,0.968905,2.26212,17.3718,0.0367794,,78,2.0788,0.0376353,-0.56,
steer_corr_yaw,flow,randmat,10,0.786017,0.814333,-0.0283153,-0.0444326,-0.012198,0.965229,-1.65065,-2.66552,-0.635785,-1.58091,-3.69097,17.9991,0.00167205,,12,-2.83473,0.00458639,0.76,
steer_corr_yaw,flow,decorr,10,0.786017,0.615401,0.170617,0.143689,0.197544,1.27724,6.12365,4.03329,8.214,5.8649,13.6929,12.9598,4.39012e-09,,100,3.74185,0.000182672,-1,
steer_corr_yaw,flow,conf25,10,0.786017,0.714221,0.0717964,0.0474195,0.0961733,1.10052,2.82777,1.58832,4.06721,2.70828,6.32308,13.8573,1.97221e-05,,100,3.74185,0.000182672,-1,
steer_corr_yaw,flow,conf50,10,0.786017,0.679303,0.106715,0.0885789,0.12485,1.15709,5.54624,3.61687,7.4756,5.31189,12.4018,17.2342,5.12074e-10,,100,3.74185,0.000182672,-1,
steer_corr_yaw,flow,conf75,10,0.786017,0.654077,0.13194,0.103239,0.160641,1.20172,4.4607,2.82387,6.09752,4.27222,9.97442,12.4688,2.65749e-07,,100,3.74185,0.000182672,-1,
steer_corr_yaw,self,shuffle,10,0.740546,0.770166,-0.02962,-0.0430626,-0.0161774,0.961541,-2.07039,-3.15665,-0.984134,-1.98291,-4.62953,17.9852,0.000208699,0.000208699,8,-3.13711,0.00170625,0.84,0.000499875
steer_corr_yaw,self,randmat,10,0.740546,0.814333,-0.073786,-0.0887745,-0.0587975,0.909391,-4.63482,-6.31747,-2.95217,-4.43898,-10.3638,17.4986,6.84224e-09,,0,-3.74185,0.000182672,1,0.000249938
steer_corr_yaw,self,decorr,10,0.740546,0.615401,0.125146,0.0987023,0.151589,1.20336,4.6146,2.93729,6.2919,4.41961,10.3185,11.9252,2.6931e-07,8.07931e-07,100,3.74185,0.000182672,-1,0.000249938
steer_corr_yaw,self,conf25,10,0.740546,0.714221,0.0263257,0.00251552,0.0501359,1.03686,1.07133,0.13404,2.00863,1.02606,2.39557,12.6386,0.0328439,,77,2.00321,0.0451546,-0.54,0.0202449
steer_corr_yaw,self,conf50,10,0.740546,0.679303,0.061244,0.0440311,0.0784569,1.09016,3.37445,2.00996,4.73895,3.23187,7.54551,15.9265,1.20874e-06,,100,3.74185,0.000182672,-1,0.000249938
steer_corr_yaw,self,conf75,10,0.740546,0.654077,0.0864693,0.0582057,0.114733,1.1322,2.99407,1.71767,4.27048,2.86756,6.69495,11.5469,2.67715e-05,,100,3.74185,0.000182672,-1,0.000249938
steer_corr_yaw,shuffle,randmat,10,0.770166,0.814333,-0.044166,-0.0589908,-0.0293412,0.945764,-2.80695,-4.04184,-1.57205,-2.68834,-6.27652,17.3276,7.65673e-06,,3,-3.51507,0.000439639,0.94,
steer_corr_yaw,shuffle,decorr,10,0.770166,0.615401,0.154766,0.128389,0.181143,1.25149,5.7297,3.74952,7.70988,5.4876,12.812,11.7703,2.87016e-08,,100,3.74185,0.000182672,-1,
steer_corr_yaw,shuffle,conf25,10,0.770166,0.714221,0.0559457,0.0322142,0.0796772,1.07833,2.28787,1.16049,3.41525,2.1912,5.11584,12.4517,0.000226963,,100,3.74185,0.000182672,-1,
steer_corr_yaw,shuffle,conf50,10,0.770166,0.679303,0.090864,0.0737824,0.107946,1.13376,5.05167,3.25749,6.84585,4.83822,11.2959,15.6711,6.15611e-09,,100,3.74185,0.000182672,-1,
steer_corr_yaw,shuffle,conf75,10,0.770166,0.654077,0.116089,0.0878862,0.144292,1.17749,4.03391,2.50714,5.56068,3.86346,9.02009,11.4103,1.56844e-06,,100,3.74185,0.000182672,-1,
steer_corr_yaw,randmat,decorr,10,0.814333,0.615401,0.198932,0.171979,0.225885,1.32326,7.13035,4.75317,9.50753,6.82907,15.9439,13.0104,6.41539e-10,,100,3.74185,0.000182672,-1,
steer_corr_yaw,randmat,conf25,10,0.814333,0.714221,0.100112,0.0757051,0.124518,1.14017,3.93663,2.43444,5.43882,3.7703,8.80258,13.9155,4.63292e-07,,100,3.74185,0.000182672,-1,
steer_corr_yaw,randmat,conf50,10,0.814333,0.679303,0.13503,0.116847,0.153213,1.19878,6.99818,4.65903,9.33733,6.70248,15.6484,17.2808,1.21868e-11,,100,3.74185,0.000182672,-1,
steer_corr_yaw,randmat,conf75,10,0.814333,0.654077,0.160255,0.131531,0.18898,1.24501,5.41155,3.51928,7.30383,5.18289,12.1006,12.5144,2.83822e-08,,100,3.74185,0.000182672,-1,
steer_corr_yaw,decorr,conf25,10,0.615401,0.714221,-0.0988202,-0.130417,-0.067223,0.861639,-2.94135,-4.20592,-1.67677,-2.81706,-6.57705,17.7584,3.78068e-06,,4,-3.43948,0.00058284,0.92,
steer_corr_yaw,decorr,conf50,10,0.615401,0.679303,-0.0639019,-0.0918157,-0.0359881,0.90593,-2.18626,-3.29411,-1.07842,-2.09388,-4.88863,14.6828,0.000208955,,6,-3.28829,0.00100798,0.88,
steer_corr_yaw,decorr,conf75,10,0.615401,0.654077,-0.0386766,-0.0733261,-0.0040271,0.940868,-1.04916,-1.98404,-0.114275,-1.00483,-2.34598,17.9058,0.0306955,,21,-2.1544,0.031209,0.58,
steer_corr_yaw,conf25,conf50,10,0.714221,0.679303,0.0349183,0.00939675,0.0604398,1.0514,1.29891,0.334382,2.26345,1.24403,2.90446,15.7315,0.0104847,,83,2.45677,0.0140193,-0.66,
steer_corr_yaw,conf25,conf75,10,0.714221,0.654077,0.0601436,0.0271443,0.0931429,1.09195,1.71675,0.691402,2.74209,1.64421,3.83876,17.3881,0.00126944,,89,2.91033,0.00361051,-0.78,
steer_corr_yaw,conf50,conf75,10,0.679303,0.654077,0.0252253,-0.00437258,0.0548232,1.03857,0.817163,-0.0952075,1.72953,0.782635,1.82723,14.0573,0.0889681,,69,1.39847,0.161972,-0.38,
steer_asym_sd_hz,rest,flow,10,182.105,501.949,-319.844,-330.123,-309.565,0.362796,-29.8221,-39.1053,-20.5388,-28.562,-66.6842,14.1264,4.63642e-19,,0,-3.74185,0.000182672,1,
steer_asym_sd_hz,rest,self,10,182.105,424.299,-242.194,-251.149,-233.239,0.42919,-25.6823,-33.6893,-17.6753,-24.5971,-57.4274,15.6881,1.1557e-19,,0,-3.74185,0.000182672,1,0.000249938
steer_asym_sd_hz,rest,shuffle,10,182.105,488.94,-306.836,-316.161,-297.51,0.372448,-31.3263,-41.0738,-21.5789,-30.0027,-70.0478,15.2035,1.66934e-20,,0,-3.74185,0.000182672,1,
steer_asym_sd_hz,rest,randmat,10,182.105,525.677,-343.572,-353.914,-333.231,0.346419,-31.8542,-41.7646,-21.9438,-30.5083,-71.2282,14.0642,2.13694e-19,,0,-3.74185,0.000182672,1,
steer_asym_sd_hz,rest,decorr,10,182.105,431.271,-249.166,-261.764,-236.568,0.422252,-19.2072,-25.2236,-13.1907,-18.3956,-42.9486,12.3726,7.66824e-15,,0,-3.74185,0.000182672,1,
steer_asym_sd_hz,rest,conf25,10,182.105,422.987,-240.882,-255.838,-225.926,0.430521,-15.7923,-20.7642,-10.8205,-15.1251,-35.3127,11.3604,5.67151e-13,,0,-3.74185,0.000182672,1,
steer_asym_sd_hz,rest,conf50,10,182.105,425.543,-243.438,-254.171,-232.705,0.427935,-21.8002,-28.6127,-14.9878,-20.8791,-48.7467,13.6959,9.44322e-17,,0,-3.74185,0.000182672,1,
steer_asym_sd_hz,rest,conf75,10,182.105,422.388,-240.283,-254.522,-226.045,0.431131,-16.5043,-21.6935,-11.3151,-15.8069,-36.9046,11.6143,2.11011e-13,,0,-3.74185,0.000182672,1,
steer_asym_sd_hz,flow,self,10,501.949,424.299,77.6498,66.1494,89.1502,1.18301,6.35777,4.20133,8.5142,6.08913,14.2164,17.4655,4.89764e-11,1.46929e-10,100,3.74185,0.000182672,-1,0.000249938
steer_asym_sd_hz,flow,shuffle,10,501.949,488.94,13.0084,1.25421,24.7626,1.02661,1.04093,0.106932,1.97493,0.996946,2.32759,17.735,0.0319866,,77,2.00321,0.0451546,-0.54,
steer_asym_sd_hz,flow,randmat,10,501.949,525.677,-23.7286,-36.2134,-11.2438,0.954861,-1.78573,-2.82233,-0.749135,-1.71028,-3.99302,17.999,0.000853061,,8,-3.13711,0.00170625,0.84,
steer_asym_sd_hz,flow,decorr,10,501.949,431.271,70.678,56.4192,84.9368,1.16388,4.67542,2.98202,6.36883,4.47787,10.4546,17.0727,7.69916e-09,,100,3.74185,0.000182672,-1,
steer_asym_sd_hz,flow,conf25,10,501.949,422.987,78.962,62.6944,95.2296,1.18668,4.61387,2.93676,6.29098,4.41891,10.3169,15.4999,2.41675e-08,,100,3.74185,0.000182672,-1,
steer_asym_sd_hz,flow,conf50,10,501.949,425.543,76.4059,63.6264,89.1854,1.17955,5.61852,3.66917,7.56786,5.38112,12.5634,17.9509,2.4886e-10,,100,3.74185,0.000182672,-1,
steer_asym_sd_hz,flow,conf75,10,501.949,422.388,79.5604,63.9171,95.2037,1.18836,4.82233,3.08981,6.55484,4.61857,10.783,15.9742,9.6875e-09,,100,3.74185,0.000182672,-1,
steer_asym_sd_hz,self,shuffle,10,424.299,488.94,-64.6414,-75.3595,-53.9233,0.867793,-5.66773,-7.63071,-3.70475,-5.42825,-12.6734,17.9479,2.16497e-10,4.32994e-10,0,-3.74185,0.000182672,1,0.000249938
steer_asym_sd_hz,self,randmat,10,424.299,525.677,-101.378,-112.931,-89.8256,0.807147,-8.26451,-10.9715,-5.55752,-7.9153,-18.48,17.4223,6.90548e-13,,0,-3.74185,0.000182672,1,0.000249938
steer_asym_sd_hz,self,decorr,10,424.299,431.271,-6.9718,-20.4883,6.54473,0.983834,-0.490017,-1.3796,0.399562,-0.469313,-1.09571,15.6023,0.28983,0.28983,30,-1.47406,0.140465,0.4,0.294926
steer_asym_sd_hz,self,conf25,10,424.299,422.987,1.3122,-14.36,16.9844,1.0031,0.080336,-0.79654,0.957212,0.0769415,0.179637,13.9513,0.860021,,40,-0.718132,0.472676,0.2,0.87903
steer_asym_sd_hz,self,conf50,10,424.299,425.543,-1.2439,-13.1284,10.6406,0.997077,-0.0986985,-0.975755,0.778358,-0.0945281,-0.220697,17.1314,0.827938,,54,0.264575,0.791337,-0.08,0.826793
steer_asym_sd_hz,self,conf75,10,424.299,422.388,1.9106,-13.0974,16.9186,1.00452,0.121791,-0.755544,0.999125,0.116644,0.272332,14.401,0.789233,,53,0.188982,0.850107,-0.06,0.787553
steer_asym_sd_hz,shuffle,randmat,10,488.94,525.677,-36.737,-48.5418,-24.9322,0.930115,-2.92747,-4.18895,-1.66599,-2.80378,-6.54603,17.7031,4.07978e-06,,3,-3.51507,0.000439639,0.94,
steer_asym_sd_hz,shuffle,decorr,10,488.94,431.271,57.6696,43.9552,71.384,1.13372,3.98497,2.47059,5.49935,3.81659,8.91066,16.081,1.27992e-07,,100,3.74185,0.000182672,-1,
steer_asym_sd_hz,shuffle,conf25,10,488.94,422.987,65.9536,50.1241,81.7831,1.15592,3.98584,2.47124,5.50044,3.81742,8.91261,14.4077,3.04857e-07,,100,3.74185,0.000182672,-1,
steer_asym_sd_hz,shuffle,conf50,10,488.94,425.543,63.3975,51.2717,75.5233,1.14898,4.92294,3.16346,6.68242,4.71493,11.008,17.4745,2.76242e-09,,100,3.74185,0.000182672,-1,
steer_asym_sd_hz,shuffle,conf75,10,488.94,422.388,66.552,51.3759,81.7281,1.15756,4.18321,2.61833,5.74809,4.00645,9.35394,14.8745,1.28176e-07,,100,3.74185,0.000182672,-1,
steer_asym_sd_hz,randmat,decorr,10,525.677,431.271,94.4066,80.1105,108.703,1.2189,6.22733,4.10777,8.34689,5.9642,13.9247,17.1249,9.03865e-11,,100,3.74185,0.000182672,-1,
steer_asym_sd_hz,randmat,conf25,10,525.677,422.987,102.691,86.3926,118.989,1.24278,5.98703,3.93504,8.03903,5.73406,13.3874,15.5664,5.93928e-10,,100,3.74185,0.000182672,-1,
steer_asym_sd_hz,randmat,conf50,10,525.677,425.543,100.135,87.3106,112.958,1.23531,7.33754,4.90057,9.77452,7.02751,16.4072,17.9638,2.94805e-12,,100,3.74185,0.000182672,-1,
steer_asym_sd_hz,randmat,conf75,10,525.677,422.388,103.289,87.6134,118.965,1.24454,6.2456,4.12088,8.37033,5.98171,13.9656,16.0392,2.14675e-10,,100,3.74185,0.000182672,-1,
steer_asym_sd_hz,decorr,conf25,10,431.271,422.987,8.284,-9.24008,25.8081,1.01958,0.445254,-0.442063,1.33257,0.42644,0.995617,17.3983,0.333082,,52,0.113389,0.909722,-0.04,
steer_asym_sd_hz,decorr,conf50,10,431.271,425.543,5.7279,-8.80764,20.2634,1.01346,0.371136,-0.5129,1.25517,0.355454,0.829885,17.4167,0.417834,,66,1.17169,0.241322,-0.32,
steer_asym_sd_hz,decorr,conf75,10,431.271,422.388,8.8824,-8.08953,25.8543,1.02103,0.492362,-0.397341,1.38207,0.471558,1.10096,17.6816,0.285678,,63,0.944911,0.344704,-0.26,
steer_asym_sd_hz,conf25,conf50,10,422.987,425.543,-2.5561,-19.0495,13.9373,0.993993,-0.146951,-1.02466,0.730754,-0.140741,-0.328592,15.9671,0.746734,,52,0.113389,0.909722,-0.04,
steer_asym_sd_hz,conf25,conf75,10,422.987,422.388,0.5984,-17.956,19.1528,1.00142,0.030308,-0.846265,0.906881,0.0290273,0.0677707,17.9494,0.946717,,51,0.0377964,0.96985,-0.02,
steer_asym_sd_hz,conf50,conf75,10,425.543,422.388,3.1545,-12.7287,19.0377,1.00747,0.187893,-0.690562,1.06635,0.179954,0.420141,16.4256,0.679827,,49,-0.0377964,0.96985,0.02,
dn_rate_hz,rest,flow,10,1060.43,2071.6,-1011.17,-1022.27,-1000.06,0.511891,-88.4368,-115.857,-61.0165,-84.7001,-197.751,12.3555,5.27229e-23,,0,-3.74185,0.000182672,1,
dn_rate_hz,rest,self,10,1060.43,1930,-869.568,-876.41,-862.726,0.549447,-119.736,-156.853,-82.6199,-114.677,-267.738,17.3298,8.66352e-33,,0,-3.74326,0.000181651,1,0.000249938
dn_rate_hz,rest,shuffle,10,1060.43,2092.83,-1032.4,-1038.73,-1026.07,0.506697,-153.29,-200.802,-105.778,-146.813,-342.766,17.9221,1.1688e-35,,0,-3.74185,0.000182672,1,
dn_rate_hz,rest,randmat,10,1060.43,2071.87,-1011.44,-1021.9,-1000.97,0.511824,-93.5482,-122.552,-64.5446,-89.5955,-209.18,12.798,5.31691e-24,,0,-3.74185,0.000182672,1,
dn_rate_hz,rest,decorr,10,1060.43,2075.7,-1015.27,-1032.18,-998.354,0.51088,-59.5029,-77.9636,-41.0423,-56.9887,-133.053,10.404,3.75716e-18,,0,-3.74326,0.000181651,1,
dn_rate_hz,rest,conf25,10,1060.43,1975.77,-915.333,-926.999,-903.667,0.53672,-76.4336,-100.136,-52.7308,-73.2041,-170.911,12.0288,9.79769e-22,,0,-3.74185,0.000182672,1,
dn_rate_hz,rest,conf50,10,1060.43,2009.43,-949.001,-961.727,-936.275,0.527727,-72.9929,-95.6302,-50.3556,-69.9087,-163.217,11.5273,9.39438e-21,,0,-3.74185,0.000182672,1,
dn_rate_hz,rest,conf75,10,1060.43,2041.47,-981.035,-990.862,-971.208,0.519446,-96.2161,-126.046,-66.3861,-92.1506,-215.146,13.3235,5.52608e-25,,0,-3.74326,0.000181651,1,
dn_rate_hz,flow,self,10,2071.6,1930,141.599,130.189,153.009,1.07337,11.9204,8.12375,15.7171,11.4167,26.6549,13.7879,2.93479e-13,5.86959e-13,100,3.74326,0.000181651,-1,0.000249938
dn_rate_hz,flow,shuffle,10,2071.6,2092.83,-21.233,-32.4242,-10.0418,0.989854,-1.83616,-2.88119,-0.791139,-1.75858,-4.10579,12.7878,0.00128126,,10,-2.98592,0.00282727,0.8,
dn_rate_hz,flow,randmat,10,2071.6,2071.87,-0.269,-13.7343,13.1963,0.99987,-0.0187759,-0.895318,0.857766,-0.0179826,-0.0419842,17.9186,0.966976,,47,-0.188982,0.850107,0.06,
dn_rate_hz,flow,decorr,10,2071.6,2075.7,-4.1,-22.6403,14.4403,0.998025,-0.210467,-1.08941,0.668479,-0.201574,-0.470619,15.2718,0.644564,,44,-0.415917,0.677471,0.12,
dn_rate_hz,flow,conf25,10,2071.6,1975.77,95.834,81.5269,110.141,1.0485,6.29487,4.15623,8.43351,6.02889,14.0758,17.9463,3.88305e-11,,100,3.74185,0.000182672,-1,
dn_rate_hz,flow,conf50,10,2071.6,2009.43,62.166,47.0682,77.2638,1.03094,3.87484,2.38816,5.36152,3.71111,8.6644,17.6101,9.18565e-08,,100,3.74185,0.000182672,-1,
dn_rate_hz,flow,conf75,10,2071.6,2041.47,30.132,17.084,43.18,1.01476,2.17276,1.06747,3.27805,2.08096,4.85845,17.6579,0.000132988,,93,3.21391,0.00130942,-0.86,
dn_rate_hz,self,shuffle,10,1930,2092.83,-162.832,-169.855,-155.809,0.922195,-21.8117,-28.6277,-14.9957,-20.8901,-48.7724,17.6896,2.61581e-20,7.84744e-20,0,-3.74326,0.000181651,1,0.000249938
dn_rate_hz,self,randmat,10,1930,2071.87,-141.868,-152.664,-131.072,0.931527,-12.5754,-16.5699,-8.58096,-12.0441,-28.1195,14.3528,5.86948e-14,,0,-3.74326,0.000181651,1,0.000249938
dn_rate_hz,self,decorr,10,1930,2075.7,-145.699,-162.776,-128.622,0.929807,-8.39099,-11.1351,-5.64689,-8.03644,-18.7628,11.0759,9.59308e-10,9.59308e-10,0,-3.74466,0.000180635,1,0.000249938
dn_rate_hz,self,conf25,10,1930,1975.77,-45.765,-57.7137,-33.8163,0.976837,-3.69042,-5.13134,-2.24951,-3.53449,-8.25204,13.3568,1.3199e-06,,0,-3.74326,0.000181651,1,0.000249938
dn_rate_hz,self,conf50,10,1930,2009.43,-79.433,-92.4076,-66.4584,0.96047,-5.93039,-7.96653,-3.89426,-5.67981,-13.2608,12.6745,8.41215e-09,,0,-3.74326,0.000181651,1,0.000249938
dn_rate_hz,self,conf75,10,1930,2041.47,-111.467,-121.66,-101.274,0.945399,-10.4246,-13.772,-7.07724,-9.98412,-23.3101,14.9914,3.43373e-13,,0,-3.74466,0.000180635,1,0.000249938
dn_rate_hz,shuffle,randmat,10,2092.83,2071.87,20.964,10.4075,31.5205,1.01012,1.91464,0.856177,2.97311,1.83374,4.28127,13.2737,0.000853936,,93,3.2127,0.00131494,-0.86,
dn_rate_hz,shuffle,decorr,10,2092.83,2075.7,17.133,0.174003,34.092,1.00825,0.999017,0.0694262,1.92861,0.956805,2.23387,10.5992,0.0480772,,79,2.15521,0.0311456,-0.58,
dn_rate_hz,shuffle,conf25,10,2092.83,1975.77,117.067,105.322,128.812,1.05925,9.67519,6.55138,12.799,9.26638,21.6344,12.4261,3.08156e-11,,100,3.74185,0.000182672,-1,
dn_rate_hz,shuffle,conf50,10,2092.83,2009.43,83.399,70.6031,96.1949,1.0415,6.35869,4.202,8.51539,6.09001,14.2185,11.8665,8.18666e-09,,100,3.74185,0.000182672,-1,
dn_rate_hz,shuffle,conf75,10,2092.83,2041.47,51.365,41.4349,61.2951,1.02516,4.96677,3.1955,6.73804,4.75691,11.106,13.8437,2.81153e-08,,100,3.74326,0.000181651,-1,
dn_rate_hz,randmat,decorr,10,2071.87,2075.7,-3.831,-22.0943,14.4323,0.998154,-0.200344,-1.07906,0.678375,-0.191879,-0.447983,14.6694,0.660711,,46,-0.264675,0.79126,0.08,
dn_rate_hz,randmat,conf25,10,2071.87,1975.77,96.103,82.2177,109.988,1.04864,6.5098,4.31024,8.70936,6.23474,14.5564,17.7374,2.65372e-11,,100,3.74185,0.000182672,-1,
dn_rate_hz,randmat,conf50,10,2071.87,2009.43,62.435,47.7235,77.1465,1.03107,4.00059,2.48226,5.51892,3.83155,8.9456,17.2114,6.97817e-08,,100,3.74185,0.000182672,-1,
dn_rate_hz,randmat,conf75,10,2071.87,2041.47,30.401,17.8437,42.9583,1.01489,2.27553,1.15055,3.4005,2.17938,5.08823,17.9059,7.79475e-05,,94,3.28953,0.00100356,-0.88,
dn_rate_hz,decorr,conf25,10,2075.7,1975.77,99.934,81.1366,118.731,1.05058,5.04633,3.25359,6.83906,4.8331,11.2839,15.7636,5.86377e-09,,100,3.74326,0.000181651,-1,
dn_rate_hz,decorr,conf50,10,2075.7,2009.43,66.266,46.9432,85.5888,1.03298,3.24199,1.90869,4.57528,3.105,7.2493,16.5837,1.57347e-06,,99,3.66763,0.000244805,-0.98,
dn_rate_hz,decorr,conf75,10,2075.7,2041.47,34.232,16.2233,52.2407,1.01677,1.82271,0.779948,2.86547,1.74569,4.0757,14.0452,0.00112769,,91,3.06382,0.00218533,-0.82,
dn_rate_hz,conf25,conf50,10,1975.77,2009.43,-33.668,-49.1187,-18.2173,0.983245,-2.04868,-3.13098,-0.966383,-1.96212,-4.58099,17.8395,0.000236717,,7,-3.2127,0.00131494,0.86,
dn_rate_hz,conf25,conf75,10,1975.77,2041.47,-65.702,-79.1904,-52.2136,0.967816,-4.58877,-6.25925,-2.91829,-4.39488,-10.2608,17.3572,8.62899e-09,,0,-3.74326,0.000181651,1,
dn_rate_hz,conf50,conf75,10,2009.43,2041.47,-32.034,-46.3844,-17.6836,0.984308,-2.1094,-3.20284,-1.01596,-2.02027,-4.71675,16.6727,0.000209208,,5,-3.36515,0.000765023,0.9,
