metric,arm_a,arm_b,n_per_arm,mean_a,mean_b,diff_a_minus_b,diff_ci95_lo,diff_ci95_hi,ratio_a_over_b,cohens_d,d_ci95_lo,d_ci95_hi,hedges_g,welch_t,welch_df,p_welch_two_sided,p_holm_self_family,mannwhitney_U,mw_z,p_mannwhitney_two_sided,rank_biserial,p_perm_two_sided
pool_rate_hz,rest,flow,6,9.66278,40.8688,-31.2061,-31.2546,-31.1575,0.236434,-935.349,-1309.56,-561.136,-863.399,-1620.07,5.35798,1.87777e-16,,0,-2.80224,0.00507487,1,
pool_rate_hz,rest,self,6,9.66278,40.1767,-30.5139,-30.5781,-30.4497,0.240507,-697.27,-976.234,-418.307,-643.634,-1207.71,5.20517,2.21534e-15,,0,-2.80224,0.00507487,1,0.00274931
pool_rate_hz,rest,shuffle,6,9.66278,40.3583,-30.6955,-30.7431,-30.648,0.239425,-938.319,-1313.72,-562.918,-866.14,-1625.22,5.37284,1.68525e-16,,0,-2.80224,0.00507487,1,
pool_rate_hz,rest,randmat,6,9.66278,40.5245,-30.8617,-30.888,-30.8355,0.238443,-1648.55,-2308.09,-989.001,-1521.73,-2855.36,6.21622,2.97172e-20,,0,-2.80224,0.00507487,1,
pool_rate_hz,rest,decorr,6,9.66278,40.5874,-30.9246,-31.0522,-30.797,0.238074,-358.535,-501.98,-215.089,-330.955,-621.001,5.05204,1.56672e-13,,0,-2.80224,0.00507487,1,
pool_rate_hz,rest,conf25,6,9.66278,40.3387,-30.6759,-30.706,-30.6457,0.239542,-1441.05,-2017.59,-864.522,-1330.2,-2495.98,5.92103,4.66691e-19,,0,-2.80224,0.00507487,1,
pool_rate_hz,rest,conf50,6,9.66278,40.4794,-30.8167,-30.8526,-30.7807,0.238708,-1230.29,-1722.5,-738.08,-1135.65,-2130.93,5.65127,6.62809e-18,,0,-2.80224,0.00507487,1,
pool_rate_hz,rest,conf75,6,9.66278,40.5582,-30.8954,-30.9405,-30.8503,0.238245,-994.145,-1391.88,-596.41,-917.672,-1721.91,5.41466,9.53514e-17,,0,-2.80224,0.00507487,1,
pool_rate_hz,flow,self,6,40.8688,40.1767,0.692167,0.621577,0.762757,1.01723,12.7413,7.51973,17.9629,11.7612,22.0686,9.31225,2.34062e-09,7.02187e-09,36,2.80224,0.00507487,-1,0.00274931
pool_rate_hz,flow,shuffle,6,40.8688,40.3583,0.510517,0.451475,0.569558,1.01265,11.1239,6.5319,15.716,10.2682,19.2672,9.99585,3.108e-09,,36,2.80224,0.00507487,-1,
pool_rate_hz,flow,randmat,6,40.8688,40.5245,0.344317,0.294377,0.394257,1.0085,9.24689,5.37824,13.1155,8.53559,16.0161,7.67733,3.55951e-07,,36,2.80224,0.00507487,-1,
pool_rate_hz,flow,decorr,6,40.8688,40.5874,0.281467,0.153451,0.409483,1.00693,3.05733,1.39101,4.72365,2.82215,5.29545,6.42195,0.00148515,,36,2.80224,0.00507487,-1,
pool_rate_hz,flow,conf25,6,40.8688,40.3387,0.530183,0.479187,0.58118,1.01314,13.7388,8.12699,19.3507,12.682,23.7964,8.35848,5.65117e-09,,36,2.80224,0.00507487,-1,
pool_rate_hz,flow,conf50,6,40.8688,40.4794,0.389383,0.336303,0.442463,1.00962,9.54706,5.56341,13.5307,8.81267,16.536,9.21452,3.66313e-08,,36,2.80224,0.00507487,-1,
pool_rate_hz,flow,conf75,6,40.8688,40.5582,0.310633,0.253034,0.368233,1.00766,6.94275,3.94346,9.94203,6.40869,12.0252,9.94616,3.01422e-07,,36,2.80224,0.00507487,-1,
pool_rate_hz,self,shuffle,6,40.1767,40.3583,-0.18165,-0.251826,-0.111474,0.995499,-3.36838,-5.12807,-1.60868,-3.10927,-5.8342,9.2216,0.000226319,0.000232397,0,-2.80224,0.00507487,1,0.00274931
pool_rate_hz,self,randmat,6,40.1767,40.5245,-0.34785,-0.412473,-0.283227,0.991416,-7.4356,-10.6184,-4.25284,-6.86363,-12.8788,6.61759,6.25675e-06,,0,-2.80224,0.00507487,1,0.00274931
pool_rate_hz,self,decorr,6,40.1767,40.5874,-0.4107,-0.54083,-0.28057,0.989881,-4.2639,-6.31098,-2.21682,-3.93591,-7.38529,7.38242,0.000116198,0.000232397,0,-2.80224,0.00507487,1,0.00274931
pool_rate_hz,self,conf25,6,40.1767,40.3387,-0.161983,-0.227133,-0.0968333,0.995984,-3.38406,-5.14856,-1.61955,-3.12375,-5.86136,7.10662,0.000589463,,0,-2.80224,0.00507487,1,0.00274931
pool_rate_hz,self,conf50,6,40.1767,40.4794,-0.302783,-0.369101,-0.236466,0.99252,-6.09791,-8.78719,-3.40862,-5.62884,-10.5619,7.8568,6.45192e-06,,0,-2.80224,0.00507487,1,0.00274931
pool_rate_hz,self,conf75,6,40.1767,40.5582,-0.381533,-0.450725,-0.312342,0.990593,-7.20532,-10.3021,-4.1085,-6.65106,-12.48,8.9716,5.67306e-07,,0,-2.80224,0.00507487,1,0.00274931
pool_rate_hz,shuffle,randmat,6,40.3583,40.5245,-0.1662,-0.215254,-0.117146,0.995899,-4.53417,-6.67219,-2.39615,-4.18539,-7.85342,7.77044,5.85389e-05,,0,-2.80224,0.00507487,1,
pool_rate_hz,shuffle,decorr,6,40.3583,40.5874,-0.22905,-0.356987,-0.101113,0.994357,-2.4943,-4.00304,-0.985554,-2.30243,-4.32025,6.36736,0.00433943,,1,-2.64211,0.00823902,0.944444,
pool_rate_hz,shuffle,conf25,6,40.3583,40.3387,0.0196667,-0.0304898,0.0698232,1.00049,0.517138,-0.633206,1.66748,0.477358,0.895709,8.46014,0.395178,,22,0.560449,0.575174,-0.222222,
pool_rate_hz,shuffle,conf50,6,40.3583,40.4794,-0.121133,-0.173448,-0.0688186,0.997008,-3.00908,-4.66128,-1.35688,-2.77761,-5.21188,9.30541,0.000498358,,0,-2.80224,0.00507487,1,
pool_rate_hz,shuffle,conf75,6,40.3583,40.5582,-0.199883,-0.256842,-0.142925,0.995072,-4.51614,-6.64804,-2.38423,-4.16874,-7.82218,9.9717,1.45719e-05,,0,-2.80224,0.00507487,1,
pool_rate_hz,randmat,decorr,6,40.5245,40.5874,-0.06285,-0.190206,0.0645061,0.998451,-0.715641,-1.88289,0.451604,-0.660592,-1.23953,5.42074,0.266114,,10,-1.20096,0.229766,0.444444,
pool_rate_hz,randmat,conf25,6,40.5245,40.3387,0.185867,0.151097,0.220636,1.00461,6.89547,3.9137,9.87724,6.36505,11.9433,9.80419,3.675e-07,,36,2.80224,0.00507487,-1,
pool_rate_hz,randmat,conf50,6,40.5245,40.4794,0.0450667,0.00595571,0.0841776,1.00111,1.50152,0.220368,2.78267,1.38602,2.60071,9.13643,0.0283661,,31,2.0016,0.0453276,-0.722222,
pool_rate_hz,randmat,conf75,6,40.5245,40.5582,-0.0336833,-0.0805288,0.0131621,0.99917,-0.95684,-2.15142,0.237743,-0.883237,-1.6573,8.02204,0.135945,,10,-1.20096,0.229766,0.444444,
pool_rate_hz,decorr,conf25,6,40.5874,40.3387,0.248717,0.121379,0.376055,1.00617,2.81334,1.2173,4.40939,2.59693,4.87286,5.55847,0.00343931,,36,2.80224,0.00507487,-1,
pool_rate_hz,decorr,conf50,6,40.5874,40.4794,0.107917,-0.0194762,0.23531,1.00267,1.20731,-0.0230542,2.43767,1.11444,2.09112,5.79069,0.0831517,,29,1.68135,0.0926958,-0.611111,
pool_rate_hz,decorr,conf75,6,40.5874,40.5582,0.0291667,-0.098596,0.156929,1.00072,0.319602,-0.819185,1.45839,0.295017,0.553566,6.23355,0.599156,,21,0.40032,0.688921,-0.166667,
pool_rate_hz,conf25,conf50,6,40.3387,40.4794,-0.1408,-0.181719,-0.0998812,0.996522,-4.44467,-6.55239,-2.33695,-4.10277,-7.69839,9.70724,1.95438e-05,,0,-2.80224,0.00507487,1,
pool_rate_hz,conf25,conf75,6,40.3387,40.5582,-0.21955,-0.267623,-0.171477,0.994587,-5.99338,-8.64479,-3.34197,-5.53235,-10.3808,8.72635,3.32855e-06,,0,-2.80224,0.00507487,1,
pool_rate_hz,conf50,conf75,6,40.4794,40.5582,-0.07875,-0.129181,-0.028319,0.998058,-2.02244,-3.41354,-0.63133,-1.86686,-3.50296,9.52552,0.00613409,,3,-2.32186,0.0202406,0.833333,
injected_events,rest,flow,6,0,655187,-655187,-656034,-654340,0,-1147.98,-1607.27,-688.701,-1059.68,-1988.37,5,6.10691e-16,,0,-2.99124,0.00277843,1,
injected_events,rest,self,6,0,655046,-655046,-656084,-654008,0,-936.733,-1311.5,-561.967,-864.676,-1622.47,5,1.68819e-15,,0,-2.99124,0.00277843,1,0.00274931
injected_events,rest,shuffle,6,0,654728,-654728,-655611,-653844,0,-1099.75,-1539.73,-659.765,-1015.15,-1904.82,5,7.56887e-16,,0,-2.99124,0.00277843,1,
injected_events,rest,randmat,6,0,655588,-655588,-656017,-655160,0,-2270.24,-3178.51,-1361.97,-2095.61,-3932.17,5,2.01902e-17,,0,-2.99124,0.00277843,1,
injected_events,rest,decorr,6,0,654978,-654978,-655974,-653983,0,-976.396,-1367.03,-585.762,-901.289,-1691.17,5,1.37205e-15,,0,-2.99124,0.00277843,1,
injected_events,rest,conf25,6,0,655243,-655243,-656103,-654383,0,-1130.64,-1582.99,-678.299,-1043.67,-1958.33,5,6.58979e-16,,0,-2.99124,0.00277843,1,
injected_events,rest,conf50,6,0,655003,-655003,-655686,-654319,0,-1422.46,-1991.55,-853.365,-1313.04,-2463.77,5,2.09076e-16,,0,-2.99124,0.00277843,1,
injected_events,rest,conf75,6,0,655580,-655580,-656135,-655024,0,-1750.55,-2450.9,-1050.19,-1615.89,-3032.04,5,7.40681e-17,,0,-2.99124,0.00277843,1,
injected_events,flow,self,6,655187,655046,140.5,-1027.01,1308.01,1.00021,0.155657,-0.977641,1.28895,0.143683,0.269606,9.6139,0.793162,1,19,0.0800641,0.936186,-0.0555556,0.781055
injected_events,flow,shuffle,6,655187,654728,459,-602.19,1520.19,1.0007,0.556552,-0.596732,1.70984,0.51374,0.963977,9.98222,0.357829,,23,0.720577,0.47117,-0.277778,
injected_events,flow,randmat,6,655187,655588,-401.667,-1265.36,462.025,0.999387,-0.627971,-1.78711,0.531169,-0.579665,-1.08768,7.40264,0.310878,,10,-1.20096,0.229766,0.444444,
injected_events,flow,decorr,6,655187,654978,208.167,-928.797,1345.13,1.00032,0.236352,-0.899178,1.37188,0.218171,0.409373,9.74983,0.691114,,21,0.40032,0.688921,-0.166667,
injected_events,flow,conf25,6,655187,655243,-56,-1102.38,990.379,0.999915,-0.0688485,-1.20077,1.06307,-0.0635525,-0.119249,9.99766,0.90744,,16,-0.240192,0.810181,0.111111,
injected_events,flow,conf50,6,655187,655003,183.833,-765.276,1132.94,1.00028,0.250685,-0.885337,1.38671,0.231401,0.434198,9.57213,0.673768,,18,-0.0800641,0.936186,0,
injected_events,flow,conf75,6,655187,655580,-393,-1290.37,504.374,0.999401,-0.575716,-1.73051,0.579073,-0.53143,-0.99717,8.63231,0.345811,,10,-1.20096,0.229766,0.444444,
injected_events,self,shuffle,6,655046,654728,318.5,-867.019,1504.02,1.00049,0.346803,-0.793257,1.48686,0.320126,0.600681,9.75176,0.561753,1,21,0.40032,0.688921,-0.166667,0.554111
injected_events,self,randmat,6,655046,655588,-542.167,-1585.93,501.595,0.999173,-0.716613,-1.88395,0.450727,-0.661489,-1.24121,6.65713,0.256477,,11,-1.04083,0.297953,0.388889,0.252437
injected_events,self,decorr,6,655046,654978,67.6667,-1179.18,1314.52,1.0001,0.0698303,-1.0621,1.20176,0.0644587,0.12095,9.98277,0.906131,1,20,0.240192,0.810181,-0.111111,0.913022
injected_events,self,conf25,6,655046,655243,-196.5,-1370.33,977.329,0.9997,-0.216358,-1.35125,0.918534,-0.199715,-0.374743,9.66677,0.715942,,15,-0.40032,0.688921,0.166667,0.714071
injected_events,self,conf50,6,655046,655003,43.3333,-1056.99,1143.66,1.00007,0.0517548,-1.08002,1.18353,0.0477737,0.089642,8.64984,0.930613,,17,-0.0800641,0.936186,0.0555556,0.938015
injected_events,self,conf75,6,655046,655580,-533.5,-1598.09,531.086,0.999186,-0.672545,-1.83568,0.490591,-0.620811,-1.16488,7.65009,0.279102,,11,-1.04083,0.297953,0.388889,0.28068
injected_events,shuffle,randmat,6,654728,655588,-860.667,-1758.23,36.8952,0.998687,-1.30072,-2.54623,-0.0552162,-1.20067,-2.25292,7.22939,0.0577651,,6,-1.84147,0.0655522,0.666667,
injected_events,shuffle,decorr,6,654728,654978,-250.833,-1406.83,905.159,0.999617,-0.279668,-1.41677,0.857436,-0.258155,-0.4844,9.86086,0.638681,,15,-0.40032,0.688921,0.166667,
injected_events,shuffle,conf25,6,654728,655243,-515,-1583.91,553.907,0.999214,-0.619857,-1.7783,0.538584,-0.572176,-1.07362,9.99276,0.308232,,10,-1.20096,0.229766,0.444444,
injected_events,shuffle,conf50,6,654728,655003,-275.167,-1251.73,701.401,0.99958,-0.365602,-1.5066,0.775398,-0.337478,-0.63324,9.40565,0.541666,,15,-0.40032,0.688921,0.166667,
injected_events,shuffle,conf75,6,654728,655580,-852,-1780.31,76.3112,0.9987,-1.21137,-2.44237,0.0196322,-1.11819,-2.09815,8.42132,0.0674129,,6,-1.84147,0.0655522,0.666667,
injected_events,randmat,decorr,6,655588,654978,609.833,-393.458,1613.12,1.00093,0.835012,-0.344856,2.01488,0.770781,1.44628,6.79165,0.19262,,25,1.04083,0.297953,-0.388889,
injected_events,randmat,conf25,6,655588,655243,345.667,-530.097,1221.43,1.00053,0.533854,-0.617712,1.68542,0.492788,0.924662,7.33875,0.384538,,21,0.40032,0.688921,-0.166667,
injected_events,randmat,conf50,6,655588,655003,585.5,-132.103,1303.1,1.00089,1.07721,-0.133661,2.28809,0.994352,1.86579,8.40605,0.0972587,,28,1.52122,0.128205,-0.555556,
injected_events,randmat,conf75,6,655588,655580,8.66667,-605.061,622.395,1.00001,0.0183264,-1.11328,1.14994,0.0169166,0.0317422,9.39285,0.975342,,18,-0.0800641,0.936186,0,
injected_events,decorr,conf25,6,654978,655243,-264.167,-1407.82,879.484,0.999597,-0.297995,-1.43584,0.839853,-0.275073,-0.516143,9.79342,0.617206,,16,-0.240192,0.810181,0.111111,
injected_events,decorr,conf50,6,654978,655003,-24.3333,-1089.65,1040.98,0.999963,-0.0299064,-1.16156,1.10174,-0.0276059,-0.0517995,8.85589,0.959838,,18,-0.0800641,0.936186,0,
injected_events,decorr,conf75,6,654978,655580,-601.167,-1627.65,425.313,0.999083,-0.782494,-1.95659,0.391598,-0.722302,-1.35532,7.84079,0.213064,,10,-1.20096,0.229766,0.444444,
injected_events,conf25,conf50,6,655243,655003,239.833,-719.002,1198.67,1.00037,0.324013,-0.814974,1.463,0.299089,0.561207,9.51408,0.58763,,24,0.880705,0.378478,-0.333333,
injected_events,conf25,conf75,6,655243,655580,-337,-1245.37,571.368,0.999486,-0.488403,-1.63673,0.65993,-0.450833,-0.845938,8.55583,0.420616,,16,-0.240192,0.810181,0.111111,
injected_events,conf50,conf75,6,655003,655580,-576.833,-1344.69,191.021,0.99912,-0.971858,-2.16838,0.224664,-0.8971,-1.68331,9.60133,0.124489,,8,-1.52122,0.128205,0.555556,
cx_rate_hz,rest,flow,6,0.0100182,0.989526,-0.979508,-0.992717,-0.966299,0.0101243,-109.526,-153.36,-65.6929,-101.101,-189.705,5.08118,5.5697e-11,,0,-2.80224,0.00507487,1,
cx_rate_hz,rest,self,6,0.0100182,0.661658,-0.651639,-0.667545,-0.635734,0.0151411,-60.6008,-84.8721,-36.3295,-55.9392,-104.964,5.05601,1.22772e-09,,0,-2.80224,0.00507487,1,0.00274931
cx_rate_hz,rest,shuffle,6,0.0100182,0.933515,-0.923497,-0.930543,-0.916451,0.0107317,-191.419,-268.01,-114.828,-176.694,-331.547,5.28435,1.29058e-12,,0,-2.80224,0.00507487,1,
cx_rate_hz,rest,randmat,6,0.0100182,0.591316,-0.581297,-0.589567,-0.573028,0.0169423,-103.094,-144.354,-61.8328,-95.1633,-178.563,5.20668,4.61176e-11,,0,-2.80224,0.00507487,1,
cx_rate_hz,rest,decorr,6,0.0100182,0.935176,-0.925158,-0.946694,-0.903622,0.0107127,-63.6393,-89.125,-38.1536,-58.744,-110.227,5.03057,1.04762e-09,,0,-2.80224,0.00507487,1,
cx_rate_hz,rest,conf25,6,0.0100182,0.734705,-0.724686,-0.735924,-0.713449,0.0136357,-95.0791,-133.135,-57.0234,-87.7653,-164.682,5.11209,1.01359e-10,,0,-2.80224,0.00507487,1,
cx_rate_hz,rest,conf50,6,0.0100182,0.810002,-0.799984,-0.806368,-0.7936,0.0123681,-182.417,-255.407,-109.428,-168.385,-315.956,5.34607,1.26053e-12,,0,-2.80224,0.00507487,1,
cx_rate_hz,rest,conf75,6,0.0100182,0.881603,-0.871584,-0.883697,-0.859472,0.0113636,-106.185,-148.682,-63.6878,-98.0169,-183.918,5.09651,6.13235e-11,,0,-2.80224,0.00507487,1,
cx_rate_hz,flow,self,6,0.989526,0.661658,0.327869,0.309854,0.345883,1.49553,23.5203,14.0426,32.998,21.711,40.7384,9.67443,3.78947e-12,1.13684e-11,36,2.80224,0.00507487,-1,0.00274931
cx_rate_hz,flow,shuffle,6,0.989526,0.933515,0.0560108,0.0424551,0.0695666,1.06,5.54679,3.0558,8.03779,5.12012,9.60733,7.63797,1.56674e-05,,36,2.80224,0.00507487,-1,
cx_rate_hz,flow,randmat,6,0.989526,0.591316,0.398211,0.384332,0.412089,1.67343,37.8845,22.6856,53.0834,34.9703,65.6179,8.40184,1.09783e-12,,36,2.80224,0.00507487,-1,
cx_rate_hz,flow,decorr,6,0.989526,0.935176,0.05435,0.0318172,0.0768828,1.05812,3.19137,1.4853,4.89744,2.94588,5.52762,8.29783,0.000488683,,36,2.80224,0.00507487,-1,
cx_rate_hz,flow,conf25,6,0.989526,0.734705,0.254822,0.239724,0.269919,1.34684,21.7879,12.998,30.5779,20.112,37.7378,9.75039,6.76988e-12,,36,2.80224,0.00507487,-1,
cx_rate_hz,flow,conf50,6,0.989526,0.810002,0.179524,0.166098,0.19295,1.22163,18.1417,10.796,25.4875,16.7462,31.4224,7.22106,5.44271e-09,,36,2.80224,0.00507487,-1,
cx_rate_hz,flow,conf75,6,0.989526,0.881603,0.107924,0.0923605,0.123487,1.12242,8.92981,5.18228,12.6773,8.2429,15.4669,9.92607,2.83972e-08,,36,2.80224,0.00507487,-1,
cx_rate_hz,self,shuffle,6,0.661658,0.933515,-0.271858,-0.287923,-0.255793,0.708781,-23.1745,-32.5148,-13.8341,-21.3918,-40.1394,6.89485,1.97553e-09,1.97553e-09,0,-2.80224,0.00507487,1,0.00274931
cx_rate_hz,self,randmat,6,0.661658,0.591316,0.070342,0.0540687,0.0866153,1.11896,5.81892,3.23046,8.40738,5.37131,10.0787,7.52381,1.23722e-05,,36,2.80224,0.00507487,-1,0.00274931
cx_rate_hz,self,decorr,6,0.661658,0.935176,-0.273518,-0.297009,-0.250028,0.707522,-15.1563,-21.3246,-8.98793,-13.9904,-26.2514,9.20497,5.72319e-10,1.14464e-09,0,-2.80224,0.00507487,1,0.00274931
cx_rate_hz,self,conf25,6,0.661658,0.734705,-0.073047,-0.0901978,-0.0558962,0.900576,-5.56279,-8.05949,-3.06609,-5.13488,-9.63504,8.99826,4.87858e-06,,0,-2.80224,0.00507487,1,0.00274931
cx_rate_hz,self,conf50,6,0.661658,0.810002,-0.148344,-0.164332,-0.132357,0.816859,-12.8356,-18.094,-7.57717,-11.8482,-22.2319,6.57543,1.95888e-07,,0,-2.80224,0.00507487,1,0.00274931
cx_rate_hz,self,conf75,6,0.661658,0.881603,-0.219945,-0.237453,-0.202437,0.750517,-16.3163,-22.9414,-9.69118,-15.0612,-28.2606,9.34131,2.29152e-10,,0,-2.80224,0.00507487,1,0.00274931
cx_rate_hz,shuffle,randmat,6,0.933515,0.591316,0.3422,0.332734,0.351666,1.57871,46.6623,27.9596,65.3651,43.0729,80.8215,9.75531,4.0736e-15,,36,2.80224,0.00507487,-1,
cx_rate_hz,shuffle,decorr,6,0.933515,0.935176,-0.00166083,-0.023187,0.0198653,0.998224,-0.108729,-1.24115,1.02369,-0.100365,-0.188323,6.06188,0.85677,,17,-0.0800641,0.936186,0.0555556,
cx_rate_hz,shuffle,conf25,6,0.933515,0.734705,0.198811,0.186997,0.210624,1.2706,22.2164,13.2564,31.1764,20.5075,38.48,8.41015,9.42136e-11,,36,2.80224,0.00507487,-1,
cx_rate_hz,shuffle,conf50,6,0.933515,0.810002,0.123513,0.115243,0.131783,1.15248,19.238,11.4586,27.0174,17.7582,33.3212,9.9047,1.67973e-11,,36,2.80224,0.00507487,-1,
cx_rate_hz,shuffle,conf75,6,0.933515,0.881603,0.0519127,0.0393384,0.064487,1.05888,5.49159,3.02025,7.96293,5.06916,9.51171,8.04165,1.18916e-05,,36,2.80224,0.00507487,-1,
cx_rate_hz,randmat,decorr,6,0.591316,0.935176,-0.34386,-0.365466,-0.322255,0.632304,-22.1113,-31.0296,-13.193,-20.4104,-38.2979,6.44677,7.54283e-09,,0,-2.80224,0.00507487,1,
cx_rate_hz,randmat,conf25,6,0.591316,0.734705,-0.143389,-0.155644,-0.131134,0.804835,-15.2336,-21.4323,-9.03482,-14.0618,-26.3853,9.19016,5.60602e-10,,0,-2.80224,0.00507487,1,
cx_rate_hz,randmat,conf50,6,0.591316,0.810002,-0.218687,-0.227838,-0.209535,0.730017,-31.0085,-43.4658,-18.5512,-28.6232,-53.7083,9.40045,5.11248e-13,,0,-2.80224,0.00507487,1,
cx_rate_hz,randmat,conf75,6,0.591316,0.881603,-0.290287,-0.303246,-0.277328,0.670728,-29.3415,-41.1347,-17.5483,-27.0845,-50.821,8.83278,3.31063e-12,,0,-2.80224,0.00507487,1,
cx_rate_hz,decorr,conf25,6,0.935176,0.734705,0.200471,0.178435,0.222508,1.27286,12.2424,7.21551,17.2693,11.3007,21.2045,7.53798,5.39958e-08,,36,2.80224,0.00507487,-1,
cx_rate_hz,decorr,conf50,6,0.935176,0.810002,0.125174,0.103672,0.146676,1.15454,8.26661,4.77111,11.7621,7.63072,14.3182,5.87542,8.61848e-06,,36,2.80224,0.00507487,-1,
cx_rate_hz,decorr,conf75,6,0.935176,0.881603,0.0535735,0.0313383,0.0758087,1.06077,3.21645,1.50286,4.93004,2.96903,5.57105,7.87841,0.000557084,,36,2.80224,0.00507487,-1,
cx_rate_hz,conf25,conf50,6,0.734705,0.810002,-0.0752975,-0.0869252,-0.0636698,0.90704,-8.63506,-12.2703,-4.99977,-7.97082,-14.9564,7.92893,4.31044e-07,,0,-2.80224,0.00507487,1,
cx_rate_hz,conf25,conf75,6,0.734705,0.881603,-0.146898,-0.161244,-0.132552,0.833374,-13.1823,-18.5762,-7.78833,-12.1683,-22.8324,9.94446,6.38271e-10,,0,-2.80224,0.00507487,1,
cx_rate_hz,conf50,conf75,6,0.810002,0.881603,-0.0716005,-0.0840162,-0.0591848,0.918784,-7.75167,-11.0529,-4.45041,-7.15538,-13.4263,7.585,1.47419e-06,,0,-2.80224,0.00507487,1,
cx_active_fraction,rest,flow,6,0.0016072,0.0438765,-0.0422693,-0.0432271,-0.0413116,0.03663,-63.0493,-88.2991,-37.7994,-58.1993,-109.205,5.7367,9.69603e-11,,0,-2.86819,0.00412832,1,
cx_active_fraction,rest,self,6,0.0016072,0.0386532,-0.037046,-0.0374535,-0.0366384,0.04158,-119.023,-166.655,-71.3913,-109.867,-206.154,8.85228,1.32352e-17,,0,-2.88408,0.00392563,1,0.00274931
cx_active_fraction,rest,shuffle,6,0.0016072,0.042189,-0.0405818,-0.0411216,-0.040042,0.0380952,-101.82,-142.572,-61.0687,-93.988,-176.358,7.2898,1.67549e-14,,0,-2.86819,0.00412832,1,
cx_active_fraction,rest,randmat,6,0.0016072,0.0383317,-0.0367245,-0.0374234,-0.0360256,0.0419287,-73.1788,-102.478,-43.8799,-67.5497,-126.749,6.37641,4.34631e-12,,0,-2.87875,0.00399253,1,
cx_active_fraction,rest,decorr,6,0.0016072,0.0429926,-0.0413854,-0.0417929,-0.0409779,0.0373832,-132.973,-186.184,-79.7614,-122.744,-230.315,8.8527,4.95474e-18,,0,-2.88408,0.00392563,1,
cx_active_fraction,rest,conf25,6,0.0016072,0.039055,-0.0374478,-0.0379166,-0.036979,0.0411523,-106.351,-148.915,-63.7876,-98.1703,-184.206,8.0001,8.43851e-16,,0,-2.87345,0.0040601,1,
cx_active_fraction,rest,conf50,6,0.0016072,0.0413051,-0.0396978,-0.0407403,-0.0386554,0.0389105,-54.6861,-76.594,-32.7783,-50.4795,-94.7192,5.62255,3.18229e-10,,0,-2.86295,0.00419719,1,
cx_active_fraction,rest,conf75,6,0.0016072,0.0421086,-0.0405014,-0.0414413,-0.0395615,0.038168,-61.4815,-86.1048,-36.8582,-56.7521,-106.489,5.7647,1.01923e-10,,0,-2.86819,0.00412832,1,
cx_active_fraction,flow,self,6,0.0438765,0.0386532,0.00522338,0.00425943,0.00618734,1.13513,7.50543,4.29654,10.7143,6.92809,12.9998,6.53625,6.51307e-06,6.51307e-06,36,2.83718,0.00455142,-1,0.00274931
cx_active_fraction,flow,shuffle,6,0.0438765,0.042189,0.00168755,0.000698954,0.00267615,1.04,2.28315,0.828896,3.7374,2.10752,3.95453,7.79449,0.00443376,,35,2.67505,0.00747172,-0.944444,
cx_active_fraction,flow,randmat,6,0.0438765,0.0383317,0.00554485,0.00450279,0.00658691,1.14465,6.93477,3.93845,9.9311,6.40133,12.0114,9.12791,6.72715e-07,,36,2.83211,0.00462423,-1,
cx_active_fraction,flow,decorr,6,0.0438765,0.0429926,0.000883967,-7.99866e-05,0.00184792,1.02056,1.27018,0.0297262,2.51063,1.17247,2.20001,6.536,0.0664369,,29,1.75,0.0801183,-0.611111,
cx_active_fraction,flow,conf25,6,0.0438765,0.039055,0.00482158,0.0038485,0.00579467,1.12346,6.74199,3.81693,9.66704,6.22337,11.6775,7.11756,6.71219e-06,,36,2.82706,0.0046977,-1,
cx_active_fraction,flow,conf50,6,0.0438765,0.0413051,0.0025715,0.00134016,0.00380284,1.06226,2.68913,1.12774,4.25052,2.48227,4.65771,9.92868,0.000914744,,36,2.81706,0.0048466,-1,
cx_active_fraction,flow,conf75,6,0.0438765,0.0421086,0.00176793,0.000601964,0.0029339,1.04199,1.95066,0.576057,3.32526,1.80061,3.37864,9.99644,0.00702213,,34,2.53575,0.0112206,-0.888889,
cx_active_fraction,self,shuffle,6,0.0386532,0.042189,-0.00353583,-0.00411001,-0.00296166,0.916191,-8.03318,-11.4405,-4.62591,-7.41525,-13.9139,9.07165,1.99526e-07,3.99052e-07,0,-2.83718,0.00455142,1,0.00274931
cx_active_fraction,self,randmat,6,0.0386532,0.0383317,0.000321467,-0.000395651,0.00103858,1.00839,0.600341,-0.556454,1.75714,0.554161,1.03982,7.73924,0.329815,,26,1.24764,0.212163,-0.444444,0.282929
cx_active_fraction,self,decorr,6,0.0386532,0.0429926,-0.00433942,-0.00480635,-0.00387248,0.899066,-11.9553,-16.8703,-7.04021,-11.0356,-20.7071,10,1.5276e-09,4.58281e-09,0,-2.85256,0.00433691,1,0.00274931
cx_active_fraction,self,conf25,6,0.0386532,0.039055,-0.0004018,-0.000916573,0.000112973,0.989712,-1.00807,-2.20938,0.193234,-0.930531,-1.74604,9.71709,0.112275,,9,-1.44145,0.149458,0.5,0.210197
cx_active_fraction,self,conf50,6,0.0386532,0.0413051,-0.00265188,-0.00369851,-0.00160526,0.935798,-3.5379,-5.35007,-1.72574,-3.26576,-6.12783,6.30528,0.000715565,,0,-2.83211,0.00462423,1,0.00274931
cx_active_fraction,self,conf75,6,0.0386532,0.0421086,-0.00345545,-0.00440209,-0.00250881,0.91794,-5.0465,-7.36097,-2.73203,-4.65831,-8.74079,6.59232,7.30983e-05,,0,-2.83718,0.00455142,1,0.00274931
cx_active_fraction,shuffle,randmat,6,0.042189,0.0383317,0.0038573,0.00309026,0.00462434,1.10063,6.5321,3.68429,9.3799,6.02963,11.3139,9.33599,9.27356e-07,,36,2.83211,0.00462423,-1,
cx_active_fraction,shuffle,decorr,6,0.042189,0.0429926,-0.000803583,-0.00137774,-0.000229422,0.981309,-1.82574,-3.1726,-0.478885,-1.6853,-3.16228,9.07125,0.0113962,,3.5,-2.30726,0.0210402,0.805556,
cx_active_fraction,shuffle,conf25,6,0.042189,0.039055,0.00313403,0.00252745,0.00374062,1.08025,6.66902,3.77086,9.56718,6.15602,11.5511,9.75678,5.22106e-07,,36,2.82706,0.0046977,-1,
cx_active_fraction,shuffle,conf50,6,0.042189,0.0413051,0.00088395,-0.000182154,0.00195005,1.0214,1.11917,-0.0977767,2.33613,1.03308,1.93847,7.41727,0.0914108,,27.5,1.47237,0.14092,-0.527778,
cx_active_fraction,shuffle,conf75,6,0.042189,0.0421086,8.03833e-05,-0.000892139,0.00105291,1.00191,0.11033,-1.02212,1.24278,0.101843,0.191097,7.88267,0.85328,,17,-0.0827091,0.934083,0.0555556,
cx_active_fraction,randmat,decorr,6,0.0383317,0.0429926,-0.00466088,-0.00537799,-0.00394377,0.891589,-8.70439,-12.366,-5.04274,-8.03482,-15.0765,7.73884,5.16535e-07,,0,-2.8474,0.00440776,1,
cx_active_fraction,randmat,conf25,6,0.0383317,0.039055,-0.000723267,-0.00146048,1.39511e-05,0.981481,-1.29105,-2.53495,-0.0471573,-1.19174,-2.23617,8.57639,0.0535825,,6,-1.88481,0.0594557,0.666667,
cx_active_fraction,randmat,conf50,6,0.0383317,0.0413051,-0.00297335,-0.00408464,-0.00186206,0.928015,-3.5119,-5.31594,-1.70785,-3.24175,-6.08278,8.71611,0.000208654,,0,-2.82706,0.0046977,1,
cx_active_fraction,randmat,conf75,6,0.0383317,0.0421086,-0.00377692,-0.00480482,-0.00274902,0.910305,-4.78199,-7.00475,-2.55923,-4.41414,-8.28265,9.21468,1.44908e-05,,0,-2.83211,0.00462423,1,
cx_active_fraction,decorr,conf25,6,0.0429926,0.039055,0.00393762,0.00342286,0.00445237,1.10082,9.87942,5.76811,13.9907,9.11947,17.1117,9.71682,1.40645e-08,,36,2.84228,0.00447926,-1,
cx_active_fraction,decorr,conf50,6,0.0429926,0.0413051,0.00168753,0.000640914,0.00273415,1.04086,2.25138,0.805077,3.69768,2.0782,3.8995,6.30507,0.00724714,,35,2.68469,0.00725963,-0.944444,
cx_active_fraction,decorr,conf75,6,0.0429926,0.0421086,0.000883967,-6.2672e-05,0.00183061,1.02099,1.291,0.0471132,2.53489,1.19169,2.23608,6.59206,0.0627502,,30.5,2.0038,0.0450916,-0.694444,
cx_active_fraction,conf25,conf50,6,0.039055,0.0413051,-0.00225008,-0.00330371,-0.00119646,0.945525,-2.93196,-4.56182,-1.30211,-2.70643,-5.07831,6.81121,0.00155669,,0,-2.82205,0.00477182,1,
cx_active_fraction,conf25,conf75,6,0.039055,0.0421086,-0.00305365,-0.00400994,-0.00209736,0.927482,-4.3361,-6.40731,-2.26489,-4.00255,-7.51035,7.19092,0.000118865,,0,-2.82706,0.0046977,1,
cx_active_fraction,conf50,conf75,6,0.0413051,0.0421086,-0.000803567,-0.00202501,0.000417881,0.980917,-0.847538,-2.02883,0.333759,-0.782342,-1.46798,9.8941,0.173168,,9.5,-1.297,0.194633,0.472222,
ring_rate_hz,rest,flow,6,0,0,0,nan,nan,nan,nan,nan,nan,nan,nan,nan,nan,,18,nan,nan,0,
ring_rate_hz,rest,self,6,0,0,0,nan,nan,nan,nan,nan,nan,nan,nan,nan,nan,,18,nan,nan,0,1
ring_rate_hz,rest,shuffle,6,0,0,0,nan,nan,nan,nan,nan,nan,nan,nan,nan,nan,,18,nan,nan,0,
ring_rate_hz,rest,randmat,6,0,0,0,nan,nan,nan,nan,nan,nan,nan,nan,nan,nan,,18,nan,nan,0,
ring_rate_hz,rest,decorr,6,0,0,0,nan,nan,nan,nan,nan,nan,nan,nan,nan,nan,,18,nan,nan,0,
ring_rate_hz,rest,conf25,6,0,0,0,nan,nan,nan,nan,nan,nan,nan,nan,nan,nan,,18,nan,nan,0,
ring_rate_hz,rest,conf50,6,0,0,0,nan,nan,nan,nan,nan,nan,nan,nan,nan,nan,,18,nan,nan,0,
ring_rate_hz,rest,conf75,6,0,0,0,nan,nan,nan,nan,nan,nan,nan,nan,nan,nan,,18,nan,nan,0,
ring_rate_hz,flow,self,6,0,0,0,nan,nan,nan,nan,nan,nan,nan,nan,nan,nan,1,18,nan,nan,0,1
ring_rate_hz,flow,shuffle,6,0,0,0,nan,nan,nan,nan,nan,nan,nan,nan,nan,nan,,18,nan,nan,0,
ring_rate_hz,flow,randmat,6,0,0,0,nan,nan,nan,nan,nan,nan,nan,nan,nan,nan,,18,nan,nan,0,
ring_rate_hz,flow,decorr,6,0,0,0,nan,nan,nan,nan,nan,nan,nan,nan,nan,nan,,18,nan,nan,0,
ring_rate_hz,flow,conf25,6,0,0,0,nan,nan,nan,nan,nan,nan,nan,nan,nan,nan,,18,nan,nan,0,
ring_rate_hz,flow,conf50,6,0,0,0,nan,nan,nan,nan,nan,nan,nan,nan,nan,nan,,18,nan,nan,0,
ring_rate_hz,flow,conf75,6,0,0,0,nan,nan,nan,nan,nan,nan,nan,nan,nan,nan,,18,nan,nan,0,
ring_rate_hz,self,shuffle,6,0,0,0,nan,nan,nan,nan,nan,nan,nan,nan,nan,nan,1,18,nan,nan,0,1
ring_rate_hz,self,randmat,6,0,0,0,nan,nan,nan,nan,nan,nan,nan,nan,nan,nan,,18,nan,nan,0,1
ring_rate_hz,self,decorr,6,0,0,0,nan,nan,nan,nan,nan,nan,nan,nan,nan,nan,1,18,nan,nan,0,1
ring_rate_hz,self,conf25,6,0,0,0,nan,nan,nan,nan,nan,nan,nan,nan,nan,nan,,18,nan,nan,0,1
ring_rate_hz,self,conf50,6,0,0,0,nan,nan,nan,nan,nan,nan,nan,nan,nan,nan,,18,nan,nan,0,1
ring_rate_hz,self,conf75,6,0,0,0,nan,nan,nan,nan,nan,nan,nan,nan,nan,nan,,18,nan,nan,0,1
ring_rate_hz,shuffle,randmat,6,0,0,0,nan,nan,nan,nan,nan,nan,nan,nan,nan,nan,,18,nan,nan,0,
ring_rate_hz,shuffle,decorr,6,0,0,0,nan,nan,nan,nan,nan,nan,nan,nan,nan,nan,,18,nan,nan,0,
ring_rate_hz,shuffle,conf25,6,0,0,0,nan,nan,nan,nan,nan,nan,nan,nan,nan,nan,,18,nan,nan,0,
ring_rate_hz,shuffle,conf50,6,0,0,0,nan,nan,nan,nan,nan,nan,nan,nan,nan,nan,,18,nan,nan,0,
ring_rate_hz,shuffle,conf75,6,0,0,0,nan,nan,nan,nan,nan,nan,nan,nan,nan,nan,,18,nan,nan,0,
ring_rate_hz,randmat,decorr,6,0,0,0,nan,nan,nan,nan,nan,nan,nan,nan,nan,nan,,18,nan,nan,0,
ring_rate_hz,randmat,conf25,6,0,0,0,nan,nan,nan,nan,nan,nan,nan,nan,nan,nan,,18,nan,nan,0,
ring_rate_hz,randmat,conf50,6,0,0,0,nan,nan,nan,nan,nan,nan,nan,nan,nan,nan,,18,nan,nan,0,
ring_rate_hz,randmat,conf75,6,0,0,0,nan,nan,nan,nan,nan,nan,nan,nan,nan,nan,,18,nan,nan,0,
ring_rate_hz,decorr,conf25,6,0,0,0,nan,nan,nan,nan,nan,nan,nan,nan,nan,nan,,18,nan,nan,0,
ring_rate_hz,decorr,conf50,6,0,0,0,nan,nan,nan,nan,nan,nan,nan,nan,nan,nan,,18,nan,nan,0,
ring_rate_hz,decorr,conf75,6,0,0,0,nan,nan,nan,nan,nan,nan,nan,nan,nan,nan,,18,nan,nan,0,
ring_rate_hz,conf25,conf50,6,0,0,0,nan,nan,nan,nan,nan,nan,nan,nan,nan,nan,,18,nan,nan,0,
ring_rate_hz,conf25,conf75,6,0,0,0,nan,nan,nan,nan,nan,nan,nan,nan,nan,nan,,18,nan,nan,0,
ring_rate_hz,conf50,conf75,6,0,0,0,nan,nan,nan,nan,nan,nan,nan,nan,nan,nan,,18,nan,nan,0,
columnar_rate_hz,rest,flow,6,0,0.100064,-0.100064,-0.103818,-0.0963105,0,-39.5624,-55.4307,-23.694,-36.5191,-68.524,5,1.25342e-08,,0,-2.99124,0.00277843,1,
columnar_rate_hz,rest,self,6,0,0.0556628,-0.0556628,-0.061405,-0.0499207,0,-14.3867,-20.2527,-8.52077,-13.2801,-24.9186,5,1.94189e-06,,0,-2.99124,0.00277843,1,0.00274931
columnar_rate_hz,rest,shuffle,6,0,0.0879987,-0.0879987,-0.0925225,-0.0834749,0,-28.8695,-40.4748,-17.2642,-26.6488,-50.0034,5,6.04569e-08,,0,-2.99124,0.00277843,1,
columnar_rate_hz,rest,randmat,6,0,0.0570571,-0.0570571,-0.060485,-0.0536291,0,-24.7027,-34.6502,-14.7552,-22.8025,-42.7863,5,1.31596e-07,,0,-2.99722,0.00272453,1,
columnar_rate_hz,rest,decorr,6,0,0.0942728,-0.0942728,-0.100665,-0.0878805,0,-21.8877,-30.7173,-13.0582,-20.204,-37.9106,5,2.40584e-07,,0,-2.99124,0.00277843,1,
columnar_rate_hz,rest,conf25,6,0,0.0688009,-0.0688009,-0.0755284,-0.0620735,0,-15.178,-21.3549,-9.00111,-14.0105,-26.2891,5,1.4884e-06,,0,-2.99124,0.00277843,1,
columnar_rate_hz,rest,conf50,6,0,0.0756113,-0.0756113,-0.0829128,-0.0683098,0,-15.369,-21.621,-9.11697,-14.1868,-26.6199,5,1.39871e-06,,0,-2.99124,0.00277843,1,
columnar_rate_hz,rest,conf75,6,0,0.0859609,-0.0859609,-0.0905432,-0.0813787,0,-27.8414,-39.0375,-16.6454,-25.6998,-48.2228,5,7.24508e-08,,0,-2.99722,0.00272453,1,
columnar_rate_hz,flow,self,6,0.100064,0.0556628,0.0444014,0.0383227,0.0504801,1.79769,9.60568,5.59954,13.6118,8.86678,16.6375,8.61358,7.57773e-08,2.27332e-07,36,2.80224,0.00507487,-1,0.00274931
columnar_rate_hz,flow,shuffle,6,0.100064,0.0879987,0.0120655,0.00694659,0.0171844,1.13711,3.04618,1.38313,4.70922,2.81186,5.27614,9.67092,0.000401872,,36,2.80224,0.00507487,-1,
columnar_rate_hz,flow,randmat,6,0.100064,0.0570571,0.0430071,0.038596,0.0474183,1.75376,12.556,7.40676,17.7052,11.5901,21.7476,9.91868,1.06715e-09,,36,2.80715,0.00499812,-1,
columnar_rate_hz,flow,decorr,6,0.100064,0.0942728,0.0057914,-0.000846879,0.0124297,1.06143,1.15948,-0.0634998,2.38245,1.07029,2.00827,8.08193,0.07913,,27,1.36109,0.173485,-0.5,
columnar_rate_hz,flow,conf25,6,0.100064,0.0688009,0.0312633,0.0243275,0.0381991,1.4544,6.02279,3.36073,8.68484,5.55949,10.4318,7.83827,7.19458e-06,,36,2.80224,0.00507487,-1,
columnar_rate_hz,flow,conf50,6,0.100064,0.0756113,0.0244529,0.0169961,0.0319097,1.3234,4.42041,2.32087,6.51996,4.08038,7.65638,7.4705,8.60258e-05,,36,2.80224,0.00507487,-1,
columnar_rate_hz,flow,conf75,6,0.100064,0.0859609,0.0141033,0.00894179,0.0192648,1.16407,3.53356,1.72275,5.34436,3.26175,6.1203,9.62702,0.000132134,,36,2.80715,0.00499812,-1,
columnar_rate_hz,self,shuffle,6,0.0556628,0.0879987,-0.0323359,-0.0387195,-0.0259523,0.632541,-6.56497,-9.42486,-3.70509,-6.05998,-11.3709,9.48066,7.76173e-07,9.26685e-07,0,-2.80224,0.00507487,1,0.00274931
columnar_rate_hz,self,randmat,6,0.0556628,0.0570571,-0.00139427,-0.00737279,0.00458426,0.975564,-0.309422,-1.44776,0.828915,-0.28562,-0.535934,8.16225,0.606296,,15,-0.401022,0.688404,0.166667,0.595351
columnar_rate_hz,self,decorr,6,0.0556628,0.0942728,-0.03861,-0.0460695,-0.0311505,0.590444,-6.66873,-9.56679,-3.77068,-6.15576,-11.5506,9.88711,4.63342e-07,9.26685e-07,0,-2.80224,0.00507487,1,0.00274931
columnar_rate_hz,self,conf25,6,0.0556628,0.0688009,-0.0131381,-0.0208304,-0.00544586,0.809042,-2.20453,-3.63923,-0.769823,-2.03495,-3.81835,9.75928,0.00353552,,2,-2.48199,0.0130652,0.888889,0.007998
columnar_rate_hz,self,conf50,6,0.0556628,0.0756113,-0.0199485,-0.028061,-0.011836,0.73617,-3.18725,-4.89209,-1.48241,-2.94207,-5.52047,9.47357,0.000308595,,0.5,-2.72695,0.00639227,0.972222,0.00574856
columnar_rate_hz,self,conf75,6,0.0556628,0.0859609,-0.0302981,-0.0367086,-0.0238876,0.647536,-6.12087,-8.81849,-3.42324,-5.65003,-10.6017,9.53077,1.38167e-06,,0,-2.80715,0.00499812,1,0.00274931
columnar_rate_hz,shuffle,randmat,6,0.0879987,0.0570571,0.0309416,0.0259726,0.0359106,1.54229,8.09053,4.66161,11.5195,7.46818,14.0132,9.31822,1.42114e-07,,36,2.80715,0.00499812,-1,
columnar_rate_hz,shuffle,decorr,6,0.0879987,0.0942728,-0.00627412,-0.0131652,0.000616947,0.933447,-1.18905,-2.41656,0.0384656,-1.09758,-2.05949,9.00404,0.0695238,,6,-1.84147,0.0655522,0.666667,
columnar_rate_hz,shuffle,conf25,6,0.0879987,0.0688009,0.0191978,0.0120328,0.0263627,1.27903,3.51447,1.70962,5.31932,3.24413,6.08725,8.75421,0.000203892,,36,2.80224,0.00507487,-1,
columnar_rate_hz,shuffle,conf50,6,0.0879987,0.0756113,0.0123874,0.0047373,0.0200375,1.16383,2.14037,0.721305,3.55944,1.97573,3.70724,8.34574,0.00555087,,35,2.64211,0.00823902,-0.944444,
columnar_rate_hz,shuffle,conf75,6,0.0879987,0.0859609,0.00203777,-0.00354369,0.00761922,1.02371,0.469676,-0.677405,1.61676,0.433547,0.813503,9.99835,0.434875,,25,1.04266,0.297107,-0.388889,
columnar_rate_hz,randmat,decorr,6,0.0570571,0.0942728,-0.0372157,-0.0437738,-0.0306576,0.605234,-7.61471,-10.8645,-4.36488,-7.02896,-13.1891,7.65613,1.54568e-06,,0,-2.80715,0.00499812,1,
columnar_rate_hz,randmat,conf25,6,0.0570571,0.0688009,-0.0117438,-0.0186083,-0.00487942,0.829307,-2.30838,-3.76899,-0.847769,-2.13081,-3.99823,7.43242,0.00460109,,1,-2.64675,0.00812704,0.944444,
columnar_rate_hz,randmat,conf50,6,0.0570571,0.0756113,-0.0185542,-0.0259526,-0.0111559,0.75461,-3.41387,-5.18755,-1.6402,-3.15127,-5.913,7.10206,0.00056046,,0,-2.80715,0.00499812,1,
columnar_rate_hz,randmat,conf75,6,0.0570571,0.0859609,-0.0289038,-0.0339182,-0.0238895,0.663756,-7.49607,-10.7014,-4.29069,-6.91945,-12.9836,9.26168,2.9753e-07,,0,-2.81209,0.00492204,1,
columnar_rate_hz,decorr,conf25,6,0.0942728,0.0688009,0.0254719,0.0174252,0.0335186,1.37023,4.07361,2.08953,6.0577,3.76026,7.0557,9.974,3.52189e-05,,36,2.80224,0.00507487,-1,
columnar_rate_hz,decorr,conf50,6,0.0942728,0.0756113,0.0186615,0.01023,0.027093,1.24681,2.854,1.24644,4.46155,2.63446,4.94327,9.82822,0.000615181,,36,2.80224,0.00507487,-1,
columnar_rate_hz,decorr,conf75,6,0.0942728,0.0859609,0.00831188,0.0013981,0.0152257,1.09669,1.56845,0.274523,2.86237,1.4478,2.71663,9.06519,0.0235887,,34,2.48634,0.0129066,-0.888889,
columnar_rate_hz,conf25,conf50,6,0.0688009,0.0756113,-0.00681038,-0.0154238,0.00180307,0.909929,-1.01805,-2.2207,0.184605,-0.939738,-1.76331,9.93369,0.108522,,6,-1.84147,0.0655522,0.666667,
columnar_rate_hz,conf25,conf75,6,0.0688009,0.0859609,-0.01716,-0.0243458,-0.00997422,0.800374,-3.12879,-4.81621,-1.44137,-2.88811,-5.41922,8.81767,0.000453033,,0,-2.80715,0.00499812,1,
columnar_rate_hz,conf50,conf75,6,0.0756113,0.0859609,-0.0103496,-0.0180176,-0.00268167,0.879601,-1.78186,-3.11928,-0.444446,-1.6448,-3.08628,8.40964,0.0140981,,3,-2.32593,0.0200224,0.833333,
fanbody_rate_hz,rest,flow,6,0,1.64245,-1.64245,-1.67629,-1.6086,0,-72.0221,-100.859,-43.1856,-66.482,-124.746,5,6.27874e-10,,0,-2.99124,0.00277843,1,
fanbody_rate_hz,rest,self,6,0,1.14236,-1.14236,-1.18099,-1.10372,0,-43.8775,-61.4683,-26.2867,-40.5023,-75.9981,5,7.47285e-09,,0,-2.99124,0.00277843,1,0.00274931
fanbody_rate_hz,rest,shuffle,6,0,1.53855,-1.53855,-1.55893,-1.51816,0,-111.996,-156.817,-67.1748,-103.381,-193.983,5,6.90821e-11,,0,-2.99722,0.00272453,1,
fanbody_rate_hz,rest,randmat,6,0,0.968941,-0.968941,-0.983807,-0.954074,0,-96.7293,-135.445,-58.0137,-89.2885,-167.54,5,1.43729e-10,,0,-2.99722,0.00272453,1,
fanbody_rate_hz,rest,decorr,6,0,1.54946,-1.54946,-1.59643,-1.50249,0,-48.9574,-68.5767,-29.338,-45.1914,-84.7967,5,4.32278e-09,,0,-2.99124,0.00277843,1,
fanbody_rate_hz,rest,conf25,6,0,1.24487,-1.24487,-1.26584,-1.2239,0,-88.0974,-123.361,-52.8336,-81.3207,-152.589,5,2.29342e-10,,0,-2.99124,0.00277843,1,
fanbody_rate_hz,rest,conf50,6,0,1.35386,-1.35386,-1.36922,-1.33849,0,-130.777,-183.11,-78.444,-120.717,-226.512,5,3.1824e-11,,0,-2.99124,0.00277843,1,
fanbody_rate_hz,rest,conf75,6,0,1.45443,-1.45443,-1.48002,-1.42883,0,-84.3406,-118.102,-50.579,-77.8528,-146.082,5,2.85168e-10,,0,-2.99124,0.00277843,1,
fanbody_rate_hz,flow,self,6,1.64245,1.14236,0.500093,0.455465,0.544722,1.43777,14.4492,8.55871,20.3397,13.3377,25.0267,9.82949,3.13799e-10,9.41396e-10,36,2.80224,0.00507487,-1,0.00274931
fanbody_rate_hz,flow,shuffle,6,1.64245,1.53855,0.103902,0.0686114,0.139192,1.06753,3.90272,1.9744,5.83104,3.60251,6.75971,8.20657,0.000127643,,36,2.80715,0.00499812,-1,
fanbody_rate_hz,flow,randmat,6,1.64245,0.968941,0.673508,0.639362,0.707653,1.6951,27.04,16.1629,37.9171,24.96,46.8347,6.86017,7.45061e-10,,36,2.80715,0.00499812,-1,
fanbody_rate_hz,flow,decorr,6,1.64245,1.54946,0.0929917,0.0421197,0.143864,1.06002,2.38384,0.90395,3.86372,2.20046,4.12892,9.08955,0.00250979,,34,2.48199,0.0130652,-0.888889,
fanbody_rate_hz,flow,conf25,6,1.64245,1.24487,0.397578,0.362117,0.43304,1.31937,14.8196,8.78363,20.8556,13.6797,25.6684,8.34618,3.09007e-09,,36,2.80224,0.00507487,-1,
fanbody_rate_hz,flow,conf50,6,1.64245,1.35386,0.28859,0.254376,0.322804,1.21316,11.5231,6.77611,16.27,10.6367,19.9585,6.97683,2.05814e-07,,36,2.80224,0.00507487,-1,
fanbody_rate_hz,flow,conf75,6,1.64245,1.45443,0.188022,0.150869,0.225175,1.12928,6.57629,3.71225,9.44033,6.07042,11.3905,9.30919,8.96279e-07,,36,2.80224,0.00507487,-1,
fanbody_rate_hz,self,shuffle,6,1.14236,1.53855,-0.396192,-0.435761,-0.356622,0.74249,-13.4589,-18.9611,-7.9567,-12.4236,-23.3115,7.58389,2.46759e-08,2.9434e-08,0,-2.80715,0.00499812,1,0.00274931
fanbody_rate_hz,self,randmat,6,1.14236,0.968941,0.173414,0.134661,0.212168,1.17897,6.21654,3.48412,8.94895,5.73834,10.7674,6.44859,2.33278e-05,,36,2.80715,0.00499812,-1,0.00274931
fanbody_rate_hz,self,decorr,6,1.14236,1.54946,-0.407102,-0.460088,-0.354115,0.737262,-9.93377,-14.066,-5.80155,-9.16963,-17.2058,9.64153,1.4717e-08,2.9434e-08,0,-2.80224,0.00507487,1,0.00274931
fanbody_rate_hz,self,conf25,6,1.14236,1.24487,-0.102515,-0.142213,-0.0628171,0.91765,-3.4607,-5.24884,-1.67256,-3.19449,-5.99411,7.71058,0.000375939,,0,-2.80224,0.00507487,1,0.00274931
fanbody_rate_hz,self,conf50,6,1.14236,1.35386,-0.211503,-0.250303,-0.172704,0.843777,-7.54888,-10.774,-4.32372,-6.9682,-13.075,6.54256,6.23083e-06,,0,-2.80224,0.00507487,1,0.00274931
fanbody_rate_hz,self,conf75,6,1.14236,1.45443,-0.312072,-0.353089,-0.271055,0.785433,-9.99324,-14.1483,-5.83813,-9.22453,-17.3088,8.6791,4.97674e-08,,0,-2.80224,0.00507487,1,0.00274931
fanbody_rate_hz,shuffle,randmat,6,1.53855,0.968941,0.569606,0.547454,0.591758,1.58786,33.5027,20.0514,46.954,30.9256,58.0284,9.14512,4.68794e-13,,36,2.81209,0.00492204,-1,
fanbody_rate_hz,shuffle,decorr,6,1.53855,1.54946,-0.01091,-0.0582666,0.0364466,0.992959,-0.316214,-1.45485,0.822422,-0.29189,-0.547699,6.81947,0.601356,,15,-0.401022,0.688404,0.166667,
fanbody_rate_hz,shuffle,conf25,6,1.53855,1.24487,0.293677,0.268322,0.319032,1.23591,14.9016,8.8334,20.9698,13.7553,25.8104,9.99205,1.77515e-10,,36,2.80715,0.00499812,-1,
fanbody_rate_hz,shuffle,conf50,6,1.53855,1.35386,0.184688,0.16233,0.207047,1.13642,10.7367,6.29468,15.1788,9.91084,18.5966,9.29408,1.1441e-08,,36,2.80715,0.00499812,-1,
fanbody_rate_hz,shuffle,conf75,6,1.53855,1.45443,0.08412,0.0555643,0.112676,1.05784,3.81537,1.91524,5.71551,3.52188,6.60842,9.5241,7.56105e-05,,36,2.80715,0.00499812,-1,
fanbody_rate_hz,randmat,decorr,6,0.968941,1.54946,-0.580516,-0.627429,-0.533603,0.625342,-17.4873,-24.5744,-10.4001,-16.1421,-30.2888,5.99179,8.74289e-08,,0,-2.80715,0.00499812,1,
fanbody_rate_hz,randmat,conf25,6,0.968941,1.24487,-0.275929,-0.298547,-0.253312,0.778347,-15.9304,-22.4034,-9.45735,-14.705,-27.5922,9.01207,5.12345e-10,,0,-2.80715,0.00499812,1,
fanbody_rate_hz,randmat,conf50,6,0.968941,1.35386,-0.384918,-0.403452,-0.366384,0.715688,-26.7205,-37.4704,-15.9705,-24.6651,-46.2812,9.98917,5.47383e-13,,0,-2.80715,0.00499812,1,
fanbody_rate_hz,randmat,conf75,6,0.968941,1.45443,-0.485486,-0.512021,-0.458951,0.666201,-24.3438,-34.1486,-14.5389,-22.4712,-42.1646,8.02929,1.03232e-10,,0,-2.80715,0.00499812,1,
fanbody_rate_hz,decorr,conf25,6,1.54946,1.24487,0.304587,0.257153,0.352021,1.24467,8.78776,5.09437,12.4811,8.11178,15.2208,6.91723,1.42195e-06,,36,2.80224,0.00507487,-1,
fanbody_rate_hz,decorr,conf50,6,1.54946,1.35386,0.195598,0.148664,0.242532,1.14447,5.87396,3.26568,8.48224,5.42212,10.174,6.05784,4.93987e-05,,36,2.80224,0.00507487,-1,
fanbody_rate_hz,decorr,conf75,6,1.54946,1.45443,0.09503,0.0467492,0.143311,1.06534,2.63663,1.08963,4.18362,2.43381,4.56677,7.72837,0.00200414,,36,2.80224,0.00507487,-1,
fanbody_rate_hz,conf25,conf50,6,1.24487,1.35386,-0.108988,-0.131803,-0.0861734,0.919498,-6.22185,-8.95619,-3.4875,-5.74324,-10.7766,9.16694,1.64775e-06,,0,-2.80224,0.00507487,1,
fanbody_rate_hz,conf25,conf75,6,1.24487,1.45443,-0.209557,-0.238388,-0.180725,0.855918,-9.3994,-13.3264,-5.47236,-8.67637,-16.2802,9.62798,2.50958e-08,,0,-2.80224,0.00507487,1,
fanbody_rate_hz,conf50,conf75,6,1.35386,1.45443,-0.100568,-0.127239,-0.0738974,0.930854,-5.00005,-7.29832,-2.70177,-4.61543,-8.66033,8.18963,2.1248e-05,,0,-2.80224,0.00507487,1,
other_rate_hz,rest,flow,6,0.0563083,2.60569,-2.54939,-2.57694,-2.52183,0.0216097,-133.11,-186.375,-79.8436,-122.87,-230.552,5.58522,2.50365e-12,,0,-2.80224,0.00507487,1,
other_rate_hz,rest,self,6,0.0563083,1.70205,-1.64574,-1.67915,-1.61233,0.0330827,-71.5175,-100.152,-42.8827,-66.0161,-123.872,5.39894,1.55753e-10,,0,-2.80224,0.00507487,1,0.00274931
other_rate_hz,rest,shuffle,6,0.0563083,2.49398,-2.43767,-2.47893,-2.39641,0.0225777,-86.3811,-120.959,-51.8036,-79.7364,-149.616,5.26201,9.40185e-11,,0,-2.80224,0.00507487,1,
other_rate_hz,rest,randmat,6,0.0563083,1.58522,-1.52891,-1.56541,-1.49241,0.0355209,-61.01,-85.4449,-36.5752,-56.3169,-105.672,5.33446,4.5736e-10,,0,-2.80224,0.00507487,1,
other_rate_hz,rest,decorr,6,0.0563083,2.46793,-2.41162,-2.47894,-2.34431,0.022816,-52.8615,-74.0404,-31.6826,-48.7952,-91.5588,5.09871,2.12761e-09,,0,-2.80224,0.00507487,1,
other_rate_hz,rest,conf25,6,0.0563083,1.90876,-1.85245,-1.88443,-1.82048,0.0294999,-83.9558,-117.564,-50.3481,-77.4977,-145.416,5.43532,5.72544e-11,,0,-2.80224,0.00507487,1,
other_rate_hz,rest,conf50,6,0.0563083,2.13535,-2.07904,-2.1128,-2.04528,0.0263696,-89.4483,-125.252,-53.6443,-82.5677,-154.929,5.39076,4.80233e-11,,0,-2.80224,0.00507487,1,
other_rate_hz,rest,conf75,6,0.0563083,2.34492,-2.28862,-2.33232,-2.24491,0.0240129,-76.6856,-107.386,-45.9847,-70.7867,-132.823,5.23365,1.95046e-10,,0,-2.80224,0.00507487,1,
other_rate_hz,flow,self,6,2.60569,1.70205,0.903647,0.865831,0.941462,1.53092,30.892,18.4812,43.3029,28.5157,53.5066,9.65099,2.89857e-13,8.6957e-13,36,2.80224,0.00507487,-1,0.00274931
other_rate_hz,flow,shuffle,6,2.60569,2.49398,0.111717,0.0677461,0.155687,1.04479,3.33447,1.58514,5.0838,3.07797,5.77547,8.72268,0.000301258,,36,2.80224,0.00507487,-1,
other_rate_hz,flow,randmat,6,2.60569,1.58522,1.02048,0.980332,1.06062,1.64374,33.0369,19.7712,46.3025,30.4956,57.2215,9.3029,3.59614e-13,,36,2.80224,0.00507487,-1,
other_rate_hz,flow,decorr,6,2.60569,2.46793,0.137763,0.0700234,0.205503,1.05582,2.80773,1.21327,4.40219,2.59175,4.86313,6.63491,0.00212623,,36,2.80224,0.00507487,-1,
other_rate_hz,flow,conf25,6,2.60569,1.90876,0.69693,0.660142,0.733718,1.36512,24.4428,14.5986,34.287,22.5626,42.3361,9.78667,2.05295e-12,,36,2.80224,0.00507487,-1,
other_rate_hz,flow,conf50,6,2.60569,2.13535,0.470343,0.432272,0.508414,1.22027,15.9796,9.48716,22.472,14.7504,27.6775,9.61478,1.71809e-10,,36,2.80224,0.00507487,-1,
other_rate_hz,flow,conf75,6,2.60569,2.34492,0.260768,0.214741,0.306795,1.11121,7.47558,4.27787,10.6733,6.90054,12.9481,8.43636,7.38571e-07,,36,2.80224,0.00507487,-1,
other_rate_hz,self,shuffle,6,1.70205,2.49398,-0.79193,-0.838319,-0.745541,0.682463,-22.0902,-31.0001,-13.1803,-20.391,-38.2614,9.58678,8.30515e-12,1.66103e-11,0,-2.80224,0.00507487,1,0.00274931
other_rate_hz,self,randmat,6,1.70205,1.58522,0.116828,0.0737919,0.159865,1.0737,3.49584,1.69679,5.29488,3.22693,6.05497,9.92287,0.000126799,,36,2.80224,0.00507487,-1,0.00274931
other_rate_hz,self,decorr,6,1.70205,2.46793,-0.765883,-0.834471,-0.697295,0.689666,-15.1071,-21.2561,-8.95811,-13.945,-26.1663,7.3285,1.65668e-08,1.65668e-08,0,-2.80224,0.00507487,1,0.00274931
other_rate_hz,self,conf25,6,1.70205,1.90876,-0.206717,-0.24691,-0.166524,0.891701,-6.61788,-9.49721,-3.73854,-6.10881,-11.4625,9.98089,4.56813e-07,,0,-2.80224,0.00507487,1,0.00274931
other_rate_hz,self,conf50,6,1.70205,2.13535,-0.433303,-0.474571,-0.392035,0.797081,-13.5073,-19.0284,-7.98613,-12.4682,-23.3953,9.99892,4.61861e-10,,0,-2.80224,0.00507487,1,0.00274931
other_rate_hz,self,conf75,6,1.70205,2.34492,-0.642878,-0.691106,-0.594651,0.725843,-17.3087,-24.3254,-10.2921,-15.9773,-29.9796,9.35865,1.28554e-10,,0,-2.80224,0.00507487,1,0.00274931
other_rate_hz,shuffle,randmat,6,2.49398,1.58522,0.908758,0.86081,0.956706,1.57327,24.4304,14.5911,34.2698,22.5512,42.3148,9.85411,1.78385e-12,,36,2.80224,0.00507487,-1,
other_rate_hz,shuffle,decorr,6,2.49398,2.46793,0.0260467,-0.0444263,0.0965196,1.01055,0.489016,-0.659358,1.63739,0.451399,0.847,8.29776,0.420751,,22,0.560449,0.575174,-0.222222,
other_rate_hz,shuffle,conf25,6,2.49398,1.90876,0.585213,0.539484,0.630943,1.30659,16.6021,9.86428,23.3399,15.325,28.7556,9.41573,1.70691e-10,,36,2.80224,0.00507487,-1,
other_rate_hz,shuffle,conf50,6,2.49398,2.13535,0.358627,0.312071,0.405182,1.16795,9.96221,5.81905,14.1054,9.19589,17.2551,9.62405,1.46562e-08,,36,2.80224,0.00507487,-1,
other_rate_hz,shuffle,conf75,6,2.49398,2.34492,0.149052,0.0968318,0.201271,1.06356,3.67347,1.81864,5.5283,3.39089,6.36263,9.96729,8.33821e-05,,36,2.80224,0.00507487,-1,
other_rate_hz,randmat,decorr,6,1.58522,2.46793,-0.882712,-0.951937,-0.813486,0.642327,-17.0873,-24.0166,-10.1581,-15.7729,-29.5961,7.71259,3.20189e-09,,0,-2.80224,0.00507487,1,
other_rate_hz,randmat,conf25,6,1.58522,1.90876,-0.323545,-0.365805,-0.281285,0.830495,-9.8719,-13.9803,-5.76348,-9.11252,-17.0986,9.83025,1.22534e-08,,0,-2.80224,0.00507487,1,
other_rate_hz,randmat,conf50,6,1.58522,2.13535,-0.550132,-0.593364,-0.5069,0.742369,-16.3832,-23.0347,-9.73174,-15.123,-28.3766,9.93977,7.63542e-11,,0,-2.80224,0.00507487,1,
other_rate_hz,randmat,conf75,6,1.58522,2.34492,-0.759707,-0.809375,-0.710038,0.676021,-19.7611,-27.7476,-11.7746,-18.241,-34.2272,9.69382,1.94616e-11,,0,-2.80224,0.00507487,1,
other_rate_hz,decorr,conf25,6,2.46793,1.90876,0.559167,0.490829,0.627505,1.29295,11.1224,6.53095,15.7138,10.2668,19.2645,7.15318,1.99171e-07,,36,2.80224,0.00507487,-1,
other_rate_hz,decorr,conf50,6,2.46793,2.13535,0.33258,0.263927,0.401233,1.15575,6.54657,3.69345,9.39969,6.04298,11.339,7.37162,6.27284e-06,,36,2.80224,0.00507487,-1,
other_rate_hz,decorr,conf75,6,2.46793,2.34492,0.123005,0.051767,0.194243,1.05246,2.27192,0.820484,3.72335,2.09715,3.93507,8.5838,0.00376505,,36,2.80224,0.00507487,-1,
other_rate_hz,conf25,conf50,6,1.90876,2.13535,-0.226587,-0.267005,-0.186168,0.893888,-7.21456,-10.3148,-4.1143,-6.6596,-12.496,9.97079,2.05223e-07,,0,-2.80224,0.00507487,1,
other_rate_hz,conf25,conf75,6,1.90876,2.34492,-0.436162,-0.483785,-0.388539,0.813998,-11.9291,-16.834,-7.02427,-11.0115,-20.6619,9.1638,5.3306e-09,,0,-2.80224,0.00507487,1,
other_rate_hz,conf50,conf75,6,2.13535,2.34492,-0.209575,-0.257956,-0.161194,0.910626,-5.6208,-8.13821,-3.10339,-5.18843,-9.73552,9.40254,3.2352e-06,,0,-2.80224,0.00507487,1,
ring_active_fraction,rest,flow,6,0,0,0,nan,nan,nan,nan,nan,nan,nan,nan,nan,nan,,18,nan,nan,0,
ring_active_fraction,rest,self,6,0,0,0,nan,nan,nan,nan,nan,nan,nan,nan,nan,nan,,18,nan,nan,0,1
ring_active_fraction,rest,shuffle,6,0,0,0,nan,nan,nan,nan,nan,nan,nan,nan,nan,nan,,18,nan,nan,0,
ring_active_fraction,rest,randmat,6,0,0,0,nan,nan,nan,nan,nan,nan,nan,nan,nan,nan,,18,nan,nan,0,
ring_active_fraction,rest,decorr,6,0,0,0,nan,nan,nan,nan,nan,nan,nan,nan,nan,nan,,18,nan,nan,0,
ring_active_fraction,rest,conf25,6,0,0,0,nan,nan,nan,nan,nan,nan,nan,nan,nan,nan,,18,nan,nan,0,
ring_active_fraction,rest,conf50,6,0,0,0,nan,nan,nan,nan,nan,nan,nan,nan,nan,nan,,18,nan,nan,0,
ring_active_fraction,rest,conf75,6,0,0,0,nan,nan,nan,nan,nan,nan,nan,nan,nan,nan,,18,nan,nan,0,
ring_active_fraction,flow,self,6,0,0,0,nan,nan,nan,nan,nan,nan,nan,nan,nan,nan,1,18,nan,nan,0,1
ring_active_fraction,flow,shuffle,6,0,0,0,nan,nan,nan,nan,nan,nan,nan,nan,nan,nan,,18,nan,nan,0,
ring_active_fraction,flow,randmat,6,0,0,0,nan,nan,nan,nan,nan,nan,nan,nan,nan,nan,,18,nan,nan,0,
ring_active_fraction,flow,decorr,6,0,0,0,nan,nan,nan,nan,nan,nan,nan,nan,nan,nan,,18,nan,nan,0,
ring_active_fraction,flow,conf25,6,0,0,0,nan,nan,nan,nan,nan,nan,nan,nan,nan,nan,,18,nan,nan,0,
ring_active_fraction,flow,conf50,6,0,0,0,nan,nan,nan,nan,nan,nan,nan,nan,nan,nan,,18,nan,nan,0,
ring_active_fraction,flow,conf75,6,0,0,0,nan,nan,nan,nan,nan,nan,nan,nan,nan,nan,,18,nan,nan,0,
ring_active_fraction,self,shuffle,6,0,0,0,nan,nan,nan,nan,nan,nan,nan,nan,nan,nan,1,18,nan,nan,0,1
ring_active_fraction,self,randmat,6,0,0,0,nan,nan,nan,nan,nan,nan,nan,nan,nan,nan,,18,nan,nan,0,1
ring_active_fraction,self,decorr,6,0,0,0,nan,nan,nan,nan,nan,nan,nan,nan,nan,nan,1,18,nan,nan,0,1
ring_active_fraction,self,conf25,6,0,0,0,nan,nan,nan,nan,nan,nan,nan,nan,nan,nan,,18,nan,nan,0,1
ring_active_fraction,self,conf50,6,0,0,0,nan,nan,nan,nan,nan,nan,nan,nan,nan,nan,,18,nan,nan,0,1
ring_active_fraction,self,conf75,6,0,0,0,nan,nan,nan,nan,nan,nan,nan,nan,nan,nan,,18,nan,nan,0,1
ring_active_fraction,shuffle,randmat,6,0,0,0,nan,nan,nan,nan,nan,nan,nan,nan,nan,nan,,18,nan,nan,0,
ring_active_fraction,shuffle,decorr,6,0,0,0,nan,nan,nan,nan,nan,nan,nan,nan,nan,nan,,18,nan,nan,0,
ring_active_fraction,shuffle,conf25,6,0,0,0,nan,nan,nan,nan,nan,nan,nan,nan,nan,nan,,18,nan,nan,0,
ring_active_fraction,shuffle,conf50,6,0,0,0,nan,nan,nan,nan,nan,nan,nan,nan,nan,nan,,18,nan,nan,0,
ring_active_fraction,shuffle,conf75,6,0,0,0,nan,nan,nan,nan,nan,nan,nan,nan,nan,nan,,18,nan,nan,0,
ring_active_fraction,randmat,decorr,6,0,0,0,nan,nan,nan,nan,nan,nan,nan,nan,nan,nan,,18,nan,nan,0,
ring_active_fraction,randmat,conf25,6,0,0,0,nan,nan,nan,nan,nan,nan,nan,nan,nan,nan,,18,nan,nan,0,
ring_active_fraction,randmat,conf50,6,0,0,0,nan,nan,nan,nan,nan,nan,nan,nan,nan,nan,,18,nan,nan,0,
ring_active_fraction,randmat,conf75,6,0,0,0,nan,nan,nan,nan,nan,nan,nan,nan,nan,nan,,18,nan,nan,0,
ring_active_fraction,decorr,conf25,6,0,0,0,nan,nan,nan,nan,nan,nan,nan,nan,nan,nan,,18,nan,nan,0,
ring_active_fraction,decorr,conf50,6,0,0,0,nan,nan,nan,nan,nan,nan,nan,nan,nan,nan,,18,nan,nan,0,
ring_active_fraction,decorr,conf75,6,0,0,0,nan,nan,nan,nan,nan,nan,nan,nan,nan,nan,,18,nan,nan,0,
ring_active_fraction,conf25,conf50,6,0,0,0,nan,nan,nan,nan,nan,nan,nan,nan,nan,nan,,18,nan,nan,0,
ring_active_fraction,conf25,conf75,6,0,0,0,nan,nan,nan,nan,nan,nan,nan,nan,nan,nan,,18,nan,nan,0,
ring_active_fraction,conf50,conf75,6,0,0,0,nan,nan,nan,nan,nan,nan,nan,nan,nan,nan,,18,nan,nan,0,
columnar_active_fraction,rest,flow,6,0,0.00289575,-0.00289575,nan,nan,0,nan,nan,nan,nan,nan,nan,nan,,0,-3.2245,0.00126194,1,
columnar_active_fraction,rest,self,6,0,0.00289575,-0.00289575,nan,nan,0,nan,nan,nan,nan,nan,nan,nan,,0,-3.2245,0.00126194,1,0.00274931
columnar_active_fraction,rest,shuffle,6,0,0.00289575,-0.00289575,nan,nan,0,nan,nan,nan,nan,nan,nan,nan,,0,-3.2245,0.00126194,1,
columnar_active_fraction,rest,randmat,6,0,0.00289575,-0.00289575,nan,nan,0,nan,nan,nan,nan,nan,nan,nan,,0,-3.2245,0.00126194,1,
columnar_active_fraction,rest,decorr,6,0,0.00289575,-0.00289575,nan,nan,0,nan,nan,nan,nan,nan,nan,nan,,0,-3.2245,0.00126194,1,
columnar_active_fraction,rest,conf25,6,0,0.00289575,-0.00289575,nan,nan,0,nan,nan,nan,nan,nan,nan,nan,,0,-3.2245,0.00126194,1,
columnar_active_fraction,rest,conf50,6,0,0.00289575,-0.00289575,nan,nan,0,nan,nan,nan,nan,nan,nan,nan,,0,-3.2245,0.00126194,1,
columnar_active_fraction,rest,conf75,6,0,0.00289575,-0.00289575,nan,nan,0,nan,nan,nan,nan,nan,nan,nan,,0,-3.2245,0.00126194,1,
columnar_active_fraction,flow,self,6,0.00289575,0.00289575,0,nan,nan,1,nan,nan,nan,nan,nan,nan,nan,1,18,nan,nan,0,1
columnar_active_fraction,flow,shuffle,6,0.00289575,0.00289575,0,nan,nan,1,nan,nan,nan,nan,nan,nan,nan,,18,nan,nan,0,
columnar_active_fraction,flow,randmat,6,0.00289575,0.00289575,0,nan,nan,1,nan,nan,nan,nan,nan,nan,nan,,18,nan,nan,0,
columnar_active_fraction,flow,decorr,6,0.00289575,0.00289575,0,nan,nan,1,nan,nan,nan,nan,nan,nan,nan,,18,nan,nan,0,
columnar_active_fraction,flow,conf25,6,0.00289575,0.00289575,0,nan,nan,1,nan,nan,nan,nan,nan,nan,nan,,18,nan,nan,0,
columnar_active_fraction,flow,conf50,6,0.00289575,0.00289575,0,nan,nan,1,nan,nan,nan,nan,nan,nan,nan,,18,nan,nan,0,
columnar_active_fraction,flow,conf75,6,0.00289575,0.00289575,0,nan,nan,1,nan,nan,nan,nan,nan,nan,nan,,18,nan,nan,0,
columnar_active_fraction,self,shuffle,6,0.00289575,0.00289575,0,nan,nan,1,nan,nan,nan,nan,nan,nan,nan,1,18,nan,nan,0,1
columnar_active_fraction,self,randmat,6,0.00289575,0.00289575,0,nan,nan,1,nan,nan,nan,nan,nan,nan,nan,,18,nan,nan,0,1
columnar_active_fraction,self,decorr,6,0.00289575,0.00289575,0,nan,nan,1,nan,nan,nan,nan,nan,nan,nan,1,18,nan,nan,0,1
columnar_active_fraction,self,conf25,6,0.00289575,0.00289575,0,nan,nan,1,nan,nan,nan,nan,nan,nan,nan,,18,nan,nan,0,1
columnar_active_fraction,self,conf50,6,0.00289575,0.00289575,0,nan,nan,1,nan,nan,nan,nan,nan,nan,nan,,18,nan,nan,0,1
columnar_active_fraction,self,conf75,6,0.00289575,0.00289575,0,nan,nan,1,nan,nan,nan,nan,nan,nan,nan,,18,nan,nan,0,1
columnar_active_fraction,shuffle,randmat,6,0.00289575,0.00289575,0,nan,nan,1,nan,nan,nan,nan,nan,nan,nan,,18,nan,nan,0,
columnar_active_fraction,shuffle,decorr,6,0.00289575,0.00289575,0,nan,nan,1,nan,nan,nan,nan,nan,nan,nan,,18,nan,nan,0,
columnar_active_fraction,shuffle,conf25,6,0.00289575,0.00289575,0,nan,nan,1,nan,nan,nan,nan,nan,nan,nan,,18,nan,nan,0,
columnar_active_fraction,shuffle,conf50,6,0.00289575,0.00289575,0,nan,nan,1,nan,nan,nan,nan,nan,nan,nan,,18,nan,nan,0,
columnar_active_fraction,shuffle,conf75,6,0.00289575,0.00289575,0,nan,nan,1,nan,nan,nan,nan,nan,nan,nan,,18,nan,nan,0,
columnar_active_fraction,randmat,decorr,6,0.00289575,0.00289575,0,nan,nan,1,nan,nan,nan,nan,nan,nan,nan,,18,nan,nan,0,
columnar_active_fraction,randmat,conf25,6,0.00289575,0.00289575,0,nan,nan,1,nan,nan,nan,nan,nan,nan,nan,,18,nan,nan,0,
columnar_active_fraction,randmat,conf50,6,0.00289575,0.00289575,0,nan,nan,1,nan,nan,nan,nan,nan,nan,nan,,18,nan,nan,0,
columnar_active_fraction,randmat,conf75,6,0.00289575,0.00289575,0,nan,nan,1,nan,nan,nan,nan,nan,nan,nan,,18,nan,nan,0,
columnar_active_fraction,decorr,conf25,6,0.00289575,0.00289575,0,nan,nan,1,nan,nan,nan,nan,nan,nan,nan,,18,nan,nan,0,
columnar_active_fraction,decorr,conf50,6,0.00289575,0.00289575,0,nan,nan,1,nan,nan,nan,nan,nan,nan,nan,,18,nan,nan,0,
columnar_active_fraction,decorr,conf75,6,0.00289575,0.00289575,0,nan,nan,1,nan,nan,nan,nan,nan,nan,nan,,18,nan,nan,0,
columnar_active_fraction,conf25,conf50,6,0.00289575,0.00289575,0,nan,nan,1,nan,nan,nan,nan,nan,nan,nan,,18,nan,nan,0,
columnar_active_fraction,conf25,conf75,6,0.00289575,0.00289575,0,nan,nan,1,nan,nan,nan,nan,nan,nan,nan,,18,nan,nan,0,
columnar_active_fraction,conf50,conf75,6,0.00289575,0.00289575,0,nan,nan,1,nan,nan,nan,nan,nan,nan,nan,,18,nan,nan,0,
fanbody_active_fraction,rest,flow,6,0,0.0654465,-0.0654465,-0.0678321,-0.0630608,0,-40.7143,-57.0424,-24.3862,-37.5824,-70.5192,5,1.086e-08,,0,-3.00323,0.00267127,1,
fanbody_active_fraction,rest,self,6,0,0.0537992,-0.0537992,-0.0547009,-0.0528975,0,-88.5482,-123.992,-53.1041,-81.7368,-153.37,5,2.23566e-10,,0,-3.05903,0.00222058,1,0.00274931
fanbody_active_fraction,rest,shuffle,6,0,0.0621187,-0.0621187,-0.0630204,-0.061217,0,-102.241,-143.161,-61.3213,-94.3765,-177.087,5,1.08949e-10,,0,-3.05903,0.00222058,1,
fanbody_active_fraction,rest,randmat,6,0,0.0551858,-0.0551858,-0.0565003,-0.0538714,0,-62.3091,-87.2631,-37.3551,-57.5161,-107.923,5,1.29522e-09,,0,-3.02149,0.00251534,1,
fanbody_active_fraction,rest,decorr,6,0,0.0626734,-0.0626734,-0.064099,-0.0612477,0,-65.2419,-91.3682,-39.1157,-60.2233,-113.002,5,1.02921e-09,,0,-3.02149,0.00251534,1,
fanbody_active_fraction,rest,conf25,6,0,0.0549085,-0.0549085,-0.0571172,-0.0526998,0,-36.895,-51.6991,-22.0909,-34.0569,-63.904,5,1.77634e-08,,0,-3.01537,0.00256668,1,
fanbody_active_fraction,rest,conf50,6,0,0.0587909,-0.0587909,-0.0605944,-0.0569875,0,-48.382,-67.7715,-28.9925,-44.6603,-83.8001,5,4.58585e-09,,0,-3.01537,0.00256668,1,
fanbody_active_fraction,rest,conf75,6,0,0.0612868,-0.0612868,-0.0626012,-0.0599723,0,-69.1976,-96.905,-41.4902,-63.8747,-119.854,5,7.66872e-10,,0,-3.02149,0.00251534,1,
fanbody_active_fraction,flow,self,6,0.0654465,0.0537992,0.0116472,0.00925584,0.0140386,1.21649,6.77776,3.8395,9.71602,6.2564,11.7394,6.40004,1.44665e-05,1.44665e-05,36,2.86819,0.00412832,-1,0.00274931
fanbody_active_fraction,flow,shuffle,6,0.0654465,0.0621187,0.00332772,0.000936338,0.0057191,1.05357,1.93647,0.565083,3.30785,1.78751,3.35406,6.40004,0.0139227,,32,2.25427,0.024179,-0.777778,
fanbody_active_fraction,flow,randmat,6,0.0654465,0.0551858,0.0102606,0.00780506,0.0127162,1.18593,5.5907,3.08404,8.09736,5.16065,9.68338,7.77963,1.30714e-05,,36,2.83718,0.00455142,-1,
fanbody_active_fraction,flow,decorr,6,0.0654465,0.0626734,0.0027731,0.000288805,0.0052574,1.04425,1.48086,0.203564,2.75816,1.36695,2.56493,8.16738,0.0328405,,30.5,1.97765,0.0479679,-0.694444,
fanbody_active_fraction,flow,conf25,6,0.0654465,0.0549085,0.010538,0.00771765,0.0133582,1.19192,4.81051,2.57792,7.0431,4.44047,8.33205,9.9412,8.54843e-06,,36,2.83211,0.00462423,-1,
fanbody_active_fraction,flow,conf50,6,0.0654465,0.0587909,0.00665552,0.00403693,0.0092741,1.11321,3.30288,1.56317,5.04259,3.04881,5.72076,9.30776,0.000252713,,35.5,2.75612,0.00584922,-0.972222,
fanbody_active_fraction,flow,conf75,6,0.0654465,0.0612868,0.00415967,0.00170409,0.00661524,1.06787,2.26647,0.816403,3.71654,2.09213,3.92565,7.77963,0.00463144,,33.5,2.45845,0.013954,-0.861111,
fanbody_active_fraction,self,shuffle,6,0.0537992,0.0621187,-0.0083195,-0.00942483,-0.00721417,0.866071,-9.68246,-13.7181,-5.64684,-8.93765,-16.7705,10,1.19146e-08,3.57437e-08,0,-2.91667,0.00353794,1,0.00274931
fanbody_active_fraction,self,randmat,6,0.0537992,0.0551858,-0.00138658,-0.00279291,1.97441e-05,0.974874,-1.29099,-2.53488,-0.0471077,-1.19169,-2.23607,8.85269,0.052653,,7,-1.81659,0.0692799,0.611111,0.126718
fanbody_active_fraction,self,decorr,6,0.0537992,0.0626734,-0.00887412,-0.0103735,-0.00737469,0.858407,-7.80732,-11.1295,-4.48514,-7.20676,-13.5227,8.4484,5.1285e-07,1.0257e-06,0,-2.88408,0.00392563,1,0.00274931
fanbody_active_fraction,self,conf25,6,0.0537992,0.0549085,-0.00110927,-0.0033295,0.00111097,0.979798,-0.690066,-1.85484,0.474712,-0.636984,-1.19523,6.62162,0.273043,,13,-0.810604,0.417593,0.277778,0.433892
fanbody_active_fraction,self,conf50,6,0.0537992,0.0587909,-0.0049917,-0.00682854,-0.00315486,0.915094,-3.67423,-5.52931,-1.81916,-3.3916,-6.36396,7.35294,0.000310079,,0,-2.87875,0.00399253,1,0.00274931
fanbody_active_fraction,self,conf75,6,0.0537992,0.0612868,-0.00748755,-0.00889388,-0.00608122,0.877828,-6.97137,-9.98126,-3.96148,-6.43511,-12.0748,8.85269,8.46819e-07,,0,-2.88408,0.00392563,1,0.00274931
fanbody_active_fraction,shuffle,randmat,6,0.0621187,0.0551858,0.00693292,0.00552659,0.00833924,1.12563,6.45497,3.63545,9.27449,5.95844,11.1803,8.85269,1.61109e-06,,36,2.88408,0.00392563,-1,
fanbody_active_fraction,shuffle,decorr,6,0.0621187,0.0626734,-0.000554617,-0.00205404,0.000944808,0.991151,-0.487944,-1.63624,0.660357,-0.45041,-0.845143,8.4484,0.421319,,14,-0.63901,0.522817,0.222222,
fanbody_active_fraction,shuffle,conf25,6,0.0621187,0.0549085,0.00721023,0.00499,0.00943047,1.13131,4.48543,2.36393,6.60692,4.14039,7.76899,6.62162,0.000146237,,36,2.87875,0.00399253,-1,
fanbody_active_fraction,shuffle,conf50,6,0.0621187,0.0587909,0.0033278,0.00149096,0.00516464,1.0566,2.44949,0.952543,3.94644,2.26107,4.24264,7.35294,0.00342358,,34,2.59814,0.00937309,-0.888889,
fanbody_active_fraction,shuffle,conf75,6,0.0621187,0.0612868,0.00083195,-0.000574377,0.00223828,1.01357,0.774597,-0.398656,1.94785,0.715012,1.34164,8.85269,0.21311,,25,1.17347,0.240606,-0.388889,
fanbody_active_fraction,randmat,decorr,6,0.0551858,0.0626734,-0.00748753,-0.00916988,-0.00580519,0.880531,-5.73049,-8.28718,-3.17381,-5.28969,-9.9255,9.93473,1.79148e-06,,0,-2.85256,0.00433691,1,
fanbody_active_fraction,randmat,conf25,6,0.0551858,0.0549085,0.000277317,-0.00202119,0.00257582,1.00505,0.160128,-0.97327,1.29353,0.147811,0.27735,8.14693,0.788419,,21,0.418254,0.675761,-0.166667,
fanbody_active_fraction,randmat,conf50,6,0.0551858,0.0587909,-0.00360512,-0.0055643,-0.00164593,0.938679,-2.39756,-3.88099,-0.914131,-2.21313,-4.1527,9.14318,0.00239128,,1,-2.69935,0.00694748,0.944444,
fanbody_active_fraction,randmat,conf75,6,0.0551858,0.0612868,-0.00610097,-0.00771225,-0.00448968,0.900452,-4.87088,-7.12433,-2.61744,-4.4962,-8.43661,10,7.37107e-06,,0,-2.85256,0.00433691,1,
fanbody_active_fraction,decorr,conf25,6,0.0626734,0.0549085,0.00776485,0.00543269,0.010097,1.14141,4.38359,2.29644,6.47074,4.04639,7.5926,8.55018,4.44e-05,,36,2.8474,0.00440776,-1,
fanbody_active_fraction,decorr,conf50,6,0.0626734,0.0587909,0.00388242,0.00187529,0.00588955,1.06604,2.50641,0.99446,4.01837,2.31361,4.34124,9.49429,0.00165273,,34.5,2.632,0.00848836,-0.916667,
fanbody_active_fraction,decorr,conf75,6,0.0626734,0.0612868,0.00138657,-0.000295779,0.00306891,1.02262,1.06119,-0.147417,2.2698,0.979562,1.83804,9.93473,0.0961022,,27.5,1.55391,0.120206,-0.527778,
fanbody_active_fraction,conf25,conf50,6,0.0549085,0.0587909,-0.00388243,-0.0063675,-0.00139737,0.933962,-2.02073,-3.41143,-0.630018,-1.86529,-3.5,9.61538,0.00607631,,3,-2.38525,0.0170675,0.833333,
fanbody_active_fraction,conf25,conf75,6,0.0549085,0.0612868,-0.00637828,-0.00867679,-0.00407978,0.895927,-3.68295,-5.54079,-1.82511,-3.39964,-6.37905,8.14693,0.000197828,,0,-2.8474,0.00440776,1,
fanbody_active_fraction,conf50,conf75,6,0.0587909,0.0612868,-0.00249585,-0.00445504,-0.000536662,0.959276,-1.65985,-2.9719,-0.347802,-1.53217,-2.87494,9.14318,0.018042,,4.5,-2.15044,0.0315207,0.75,
other_active_fraction,rest,flow,6,0.00903342,0.131888,-0.122854,-0.125846,-0.119863,0.0684933,-55.5221,-77.764,-33.2802,-51.2512,-96.1671,7.35297,1.14092e-12,,0,-2.87875,0.00399253,1,
other_active_fraction,rest,self,6,0.00903342,0.121499,-0.112466,-0.115328,-0.109604,0.0743495,-52.8477,-74.021,-31.6743,-48.7824,-91.5348,7.56357,8.58022e-13,,0,-2.91116,0.00360092,1,0.00274931
other_active_fraction,rest,shuffle,6,0.00903342,0.127823,-0.118789,-0.12108,-0.116499,0.0706715,-67.9067,-95.0981,-40.7153,-62.6831,-117.618,8.85273,1.89592e-15,,0,-2.88408,0.00392563,1,
other_active_fraction,rest,randmat,6,0.00903342,0.117434,-0.108401,-0.111393,-0.105409,0.0769232,-48.9901,-68.6226,-29.3577,-45.2217,-84.8534,7.35297,2.86167e-12,,0,-2.87875,0.00399253,1,
other_active_fraction,rest,decorr,6,0.00903342,0.131436,-0.122403,-0.124894,-0.119911,0.0687287,-64.9676,-90.9842,-38.951,-59.9701,-112.527,8.32677,1.51206e-14,,0,-2.91116,0.00360092,1,
other_active_fraction,rest,conf25,6,0.00903342,0.121951,-0.112918,-0.116534,-0.109301,0.0740742,-43.1294,-60.4215,-25.8373,-39.8118,-74.7023,6.62164,6.12539e-11,,0,-2.87875,0.00399253,1,
other_active_fraction,rest,conf50,6,0.00903342,0.128274,-0.119241,-0.12271,-0.115772,0.0704227,-47.2639,-66.2069,-28.3209,-43.6282,-81.8635,6.76002,2.19963e-11,,0,-2.86819,0.00412832,1,
other_active_fraction,rest,conf75,6,0.00903342,0.128726,-0.119693,-0.124005,-0.11538,0.0701756,-38.9877,-54.6268,-23.3487,-35.9887,-67.5287,6.14406,4.67967e-10,,0,-2.86819,0.00412832,1,
other_active_fraction,flow,self,6,0.131888,0.121499,0.0103883,0.00687206,0.0139046,1.0855,3.80178,1.90602,5.69755,3.50934,6.58488,9.97587,6.26535e-05,0.000133422,36,2.87345,0.0040601,-1,0.00274931
other_active_fraction,flow,shuffle,6,0.131888,0.127823,0.004065,0.000874064,0.00725594,1.0318,1.65985,0.347802,2.9719,1.53217,2.87494,9.14318,0.018042,,31.5,2.15044,0.0315207,-0.75,
other_active_fraction,flow,randmat,6,0.131888,0.117434,0.0144533,0.0108528,0.0180539,1.12308,5.16398,2.80839,7.51956,4.76675,8.94427,10,4.37557e-06,,36,2.84228,0.00447926,-1,
other_active_fraction,flow,decorr,6,0.131888,0.131436,0.000451667,-0.00284409,0.00374742,1.00344,0.177332,-0.956476,1.31114,0.163691,0.307148,9.58703,0.765299,,20,0.269014,0.787919,-0.111111,
other_active_fraction,flow,conf25,6,0.131888,0.121951,0.00993667,0.00588923,0.0139841,1.08148,3.17543,1.47412,4.87673,2.93116,5.5,9.61538,0.000300937,,36,2.84228,0.00447926,-1,
other_active_fraction,flow,conf50,6,0.131888,0.128274,0.00361333,-0.000323542,0.00755021,1.02817,1.1847,-0.0421409,2.41154,1.09357,2.05196,9.75676,0.0679829,,29,1.73045,0.0835506,-0.611111,
other_active_fraction,flow,conf75,6,0.131888,0.128726,0.00316167,-0.00144508,0.00776841,1.02456,0.899211,-0.288184,2.08661,0.830041,1.55748,8.81677,0.154482,,26.5,1.34097,0.179929,-0.472222,
other_active_fraction,self,shuffle,6,0.121499,0.127823,-0.00632333,-0.00940422,-0.00324245,0.95053,-2.66485,-4.21957,-1.11014,-2.45987,-4.61566,9.36283,0.00113754,0.00113754,0.5,-2.80167,0.00508381,0.972222,0.00474881
other_active_fraction,self,randmat,6,0.121499,0.117434,0.004065,0.000548727,0.00758127,1.03462,1.48765,0.209093,2.76622,1.37322,2.57669,9.97587,0.0276215,,30.5,2.03101,0.042254,-0.694444,0.0569858
other_active_fraction,self,decorr,6,0.121499,0.131436,-0.00993667,-0.0131302,-0.00674315,0.924399,-4.01663,-5.98203,-2.05123,-3.70766,-6.95701,9.75039,4.4474e-05,0.000133422,0,-2.90568,0.00366455,1,0.00274931
other_active_fraction,self,conf25,6,0.121499,0.121951,-0.000451667,-0.00443381,0.00353048,0.996296,-0.147122,-1.28024,0.985993,-0.135805,-0.254824,9.42607,0.804332,,15,-0.423956,0.671598,0.166667,1
other_active_fraction,self,conf50,6,0.121499,0.128274,-0.006775,-0.0106425,-0.00290752,0.947184,-2.26649,-3.71657,-0.816417,-2.09215,-3.92568,9.59489,0.00307502,,1,-2.71425,0.00664258,0.944444,0.00724819
other_active_fraction,self,conf75,6,0.121499,0.128726,-0.00722667,-0.0117848,-0.00266856,0.94386,-2.08656,-3.49274,-0.68038,-1.92606,-3.61403,8.57194,0.00609605,,3,-2.41667,0.0156634,0.833333,0.0149963
other_active_fraction,shuffle,randmat,6,0.127823,0.117434,0.0103883,0.0071974,0.0135793,1.08846,4.24184,2.20211,6.28157,3.91554,7.34708,9.14318,3.99154e-05,,36,2.8474,0.00440776,-1,
other_active_fraction,shuffle,decorr,6,0.127823,0.131436,-0.00361333,-0.00639189,-0.000834773,0.972509,-1.67542,-2.99063,-0.360205,-1.54654,-2.90191,9.89041,0.0159543,,4.5,-2.17492,0.0296361,0.75,
other_active_fraction,shuffle,conf25,6,0.127823,0.121951,0.00587167,0.00212808,0.00961525,1.04815,2.08167,0.676645,3.48669,1.92154,3.60555,8.14693,0.00671895,,34.5,2.632,0.00848836,-0.916667,
other_active_fraction,shuffle,conf50,6,0.127823,0.128274,-0.000451667,-0.00406241,0.00315908,0.996479,-0.165295,-1.29881,0.968222,-0.15258,-0.286299,8.3618,0.781615,,16.5,-0.167302,0.867133,0.0833333,
other_active_fraction,shuffle,conf75,6,0.127823,0.128726,-0.000903333,-0.00529346,0.00348679,0.992983,-0.278423,-1.41548,0.858632,-0.257006,-0.482243,7.32277,0.643715,,14,-0.586676,0.557421,0.222222,
other_active_fraction,randmat,decorr,6,0.117434,0.131436,-0.0140017,-0.0172974,-0.0107059,0.893472,-5.49728,-7.97065,-3.02392,-5.07442,-9.52157,9.58703,3.39839e-06,,0,-2.87345,0.0040601,1,
other_active_fraction,randmat,conf25,6,0.117434,0.121951,-0.00451667,-0.0085641,-0.000469229,0.962963,-1.44338,-2.71379,-0.172964,-1.33235,-2.5,9.61538,0.0323109,,5.5,-1.97765,0.0479679,0.694444,
other_active_fraction,randmat,conf50,6,0.117434,0.128274,-0.01084,-0.0147769,-0.00690312,0.915494,-3.55409,-5.37132,-1.73687,-3.2807,-6.15587,9.75676,0.000119325,,0,-2.83211,0.00462423,1,
other_active_fraction,randmat,conf75,6,0.117434,0.128726,-0.0112917,-0.0158984,-0.00668492,0.912281,-3.21147,-4.92357,-1.49937,-2.96443,-5.56243,8.81677,0.000377575,,0.5,-2.75612,0.00584922,0.972222,
other_active_fraction,decorr,conf25,6,0.131436,0.121951,0.009485,0.00566741,0.0133026,1.07778,3.26377,1.53591,4.99162,3.01271,5.65301,8.67213,0.00035791,,36,2.87345,0.0040601,-1,
other_active_fraction,decorr,conf50,6,0.131436,0.128274,0.00316167,-0.000529409,0.00685274,1.02465,1.1209,-0.096308,2.3381,1.03467,1.94145,8.88725,0.0845228,,28.5,1.67944,0.0930667,-0.583333,
other_active_fraction,decorr,conf75,6,0.131436,0.128726,0.00271,-0.00173019,0.00715019,1.02105,0.816497,-0.361295,1.99429,0.753689,1.41421,7.78547,0.19602,,25.5,1.2086,0.226818,-0.416667,
other_active_fraction,conf25,conf50,6,0.121951,0.128274,-0.00632333,-0.0106413,-0.00200535,0.950705,-1.88434,-3.24405,-0.524624,-1.73939,-3.26377,9.98113,0.00854044,,3,-2.4121,0.0158608,0.833333,
other_active_fraction,conf25,conf75,6,0.121951,0.128726,-0.006775,-0.0116645,-0.00188546,0.947369,-1.79029,-3.1295,-0.45107,-1.65257,-3.10087,9.6879,0.0116526,,3.5,-2.26974,0.0232232,0.805556,
other_active_fraction,conf50,conf75,6,0.128274,0.128726,-0.000451667,-0.00526786,0.00436452,0.996491,-0.121447,-1.25407,1.01118,-0.112105,-0.210352,9.53337,0.837821,,16,-0.245845,0.805803,0.111111,
pair_corr,rest,flow,6,0,4.13422e-05,-4.13422e-05,-0.000305269,0.000222585,0,-0.232478,-1.36788,0.902924,-0.214595,-0.402663,5,0.703835,,21,0.446403,0.655306,-0.166667,
pair_corr,rest,self,6,0,7.21445e-05,-7.21445e-05,-0.000183906,3.96167e-05,0,-0.958039,-2.15278,0.236698,-0.884343,-1.65937,5,0.157936,,12,-1.04794,0.294665,0.333333,0.183454
pair_corr,rest,shuffle,6,0,0.000230368,-0.000230368,-0.000671156,0.00021042,0,-0.775646,-1.94901,0.397718,-0.715981,-1.34346,5,0.236871,,9,-1.51777,0.129073,0.5,
pair_corr,rest,randmat,6,0,-7.33603e-05,7.33603e-05,-0.000128259,0.000274979,-0,0.540008,-0.612017,1.69203,0.498469,0.935322,5,0.39256,,21,0.446403,0.655306,-0.166667,
pair_corr,rest,decorr,6,0,1.45034e-06,-1.45034e-06,-0.00022083,0.00021793,0,-0.00981169,-1.1414,1.12178,-0.00905694,-0.0169943,5,0.987098,,15,-0.446403,0.655306,0.166667,
pair_corr,rest,conf25,6,0,-5.15102e-05,5.15102e-05,-0.000220126,0.000323146,-0,0.281434,-0.855739,1.41861,0.259785,0.487458,5,0.646553,,21,0.446403,0.655306,-0.166667,
pair_corr,rest,conf50,6,0,-8.29905e-05,8.29905e-05,-0.000172495,0.000338476,-0,0.482095,-0.665811,1.63,0.44501,0.835012,5,0.44177,,21,0.446403,0.655306,-0.166667,
pair_corr,rest,conf75,6,0,-0.000103703,0.000103703,-7.54309e-05,0.000282837,-0,0.859181,-0.323461,2.04182,0.793091,1.48815,5,0.196878,,21,0.446403,0.655306,-0.166667,
pair_corr,flow,self,6,4.13422e-05,7.21445e-05,-3.08023e-05,-0.000296552,0.000234947,0.573047,-0.159498,-1.29288,0.973885,-0.147229,-0.276259,6.73728,0.790631,1,14,-0.564409,0.572476,0.222222,0.780805
pair_corr,flow,shuffle,6,4.13422e-05,0.000230368,-0.000189026,-0.00064818,0.000270128,0.179462,-0.546047,-1.69853,0.606433,-0.504044,-0.945781,8.17683,0.371366,,11.5,-0.962453,0.335822,0.361111,
pair_corr,flow,randmat,6,4.13422e-05,-7.33603e-05,0.000114703,-0.0001759,0.000405305,-0.56355,0.512556,-0.63746,1.66257,0.473128,0.887772,9.35321,0.396918,,20.5,0.320818,0.748349,-0.138889,
pair_corr,flow,decorr,6,4.13422e-05,1.45034e-06,3.98919e-05,-0.00025894,0.000338723,28.5052,0.172508,-0.96118,1.3062,0.159239,0.298793,9.67668,0.771416,,19.5,0.160409,0.872559,-0.0833333,
pair_corr,flow,conf25,6,4.13422e-05,-5.15102e-05,9.28524e-05,-0.000235469,0.000421174,-0.802603,0.363851,-0.777059,1.50476,0.335863,0.630209,9.99172,0.542701,,19.5,0.160409,0.872559,-0.0833333,
pair_corr,flow,conf50,6,4.13422e-05,-8.29905e-05,0.000124333,-0.000194108,0.000442773,-0.498156,0.502344,-0.64695,1.65164,0.463702,0.870085,9.98945,0.404676,,22.5,0.641635,0.52111,-0.25,
pair_corr,flow,conf75,6,4.13422e-05,-0.000103703,0.000145045,-0.000136634,0.000426725,-0.398659,0.674863,-0.488488,1.83821,0.62295,1.1689,8.80022,0.273132,,23.5,0.802044,0.422527,-0.305556,
pair_corr,self,shuffle,6,7.21445e-05,0.000230368,-0.000158224,-0.000597864,0.000281417,0.313171,-0.516396,-1.66669,0.633895,-0.476673,-0.894425,5.64022,0.407639,1,12,-0.886929,0.375117,0.333333,0.371657
pair_corr,self,randmat,6,7.21445e-05,-7.33603e-05,0.000145505,-6.21818e-05,0.000353191,-0.983427,0.936772,-0.255262,2.12881,0.864713,1.62254,7.80762,0.144275,,27,1.37071,0.170466,-0.5,0.11872
pair_corr,self,decorr,6,7.21445e-05,1.45034e-06,7.06942e-05,-0.000153148,0.000294536,49.7432,0.426141,-0.718216,1.5705,0.393361,0.738098,7.43153,0.483108,1,22,0.564409,0.572476,-0.222222,0.474131
pair_corr,self,conf25,6,7.21445e-05,-5.15102e-05,0.000123655,-0.000149488,0.000396798,-1.40059,0.624792,-0.534074,1.78366,0.576731,1.08217,6.64565,0.316873,,25,1.04819,0.294552,-0.388889,0.331667
pair_corr,self,conf50,6,7.21445e-05,-8.29905e-05,0.000155135,-0.000102558,0.000412828,-0.869311,0.825643,-0.353169,2.00446,0.762132,1.43006,6.84599,0.196712,,24,0.886929,0.375117,-0.333333,0.20045
pair_corr,self,conf75,6,7.21445e-05,-0.000103703,0.000175848,-1.20737e-05,0.000363769,-0.695683,1.23606,0.0011373,2.47098,1.14098,2.14092,8.38031,0.0631479,,27,1.37071,0.170466,-0.5,0.0717321
pair_corr,shuffle,randmat,6,0.000230368,-7.33603e-05,0.000303728,-0.000142089,0.000749546,-3.14023,0.929981,-0.261202,2.12116,0.858444,1.61077,7.00446,0.151237,,27.5,1.44368,0.148829,-0.527778,
pair_corr,shuffle,decorr,6,0.000230368,1.45034e-06,0.000228918,-0.000219851,0.000677686,158.837,0.690025,-0.474748,1.8548,0.636946,1.19516,7.33385,0.269238,,25.5,1.12286,0.261496,-0.416667,
pair_corr,shuffle,conf25,6,0.000230368,-5.15102e-05,0.000281878,-0.000179513,0.00074327,-4.47229,0.807979,-0.368872,1.98483,0.745827,1.39946,8.31898,0.197841,,26.5,1.28327,0.199397,-0.472222,
pair_corr,shuffle,conf50,6,0.000230368,-8.29905e-05,0.000313359,-0.000143494,0.000770211,-2.77584,0.912825,-0.276232,2.10188,0.842608,1.58106,8.01879,0.152432,,25.5,1.12286,0.261496,-0.416667,
pair_corr,shuffle,conf75,6,0.000230368,-0.000103703,0.000334071,-0.000108927,0.00077707,-2.22142,1.04205,-0.163891,2.24799,0.961891,1.80488,6.60772,0.116588,,27.5,1.44368,0.148829,-0.527778,
pair_corr,randmat,decorr,6,-7.33603e-05,1.45034e-06,-7.48106e-05,-0.000333323,0.000183701,-50.5814,-0.372634,-1.514,0.76873,-0.343969,-0.64542,9.92956,0.533284,,15.5,-0.320818,0.748349,0.138889,
pair_corr,randmat,conf25,6,-7.33603e-05,-5.15102e-05,-2.18501e-05,-0.000318436,0.000274736,1.42419,-0.0958613,-1.2281,1.03637,-0.0884873,-0.166037,9.22643,0.87171,,20.5,0.320818,0.748349,-0.138889,
pair_corr,randmat,conf50,6,-7.33603e-05,-8.29905e-05,9.6302e-06,-0.000274552,0.000293812,0.88396,0.0439148,-1.08781,1.17564,0.0405367,0.0760626,9.48733,0.940949,,17.5,0,1,0.0277778,
pair_corr,randmat,conf75,6,-7.33603e-05,-0.000103703,3.03429e-05,-0.00020387,0.000264556,0.707406,0.166972,-0.966584,1.30053,0.154128,0.289204,9.86337,0.778413,,20.5,0.320818,0.748349,-0.138889,
pair_corr,decorr,conf25,6,1.45034e-06,-5.15102e-05,5.29605e-05,-0.000251514,0.000357435,-0.0281564,0.225111,-0.910053,1.36028,0.207795,0.389904,9.57584,0.705139,,20.5,0.320818,0.748349,-0.138889,
pair_corr,decorr,conf50,6,1.45034e-06,-8.29905e-05,8.44408e-05,-0.000208356,0.000377237,-0.017476,0.372148,-0.769191,1.51349,0.343521,0.644579,9.77651,0.534031,,21.5,0.481227,0.630356,-0.194444,
pair_corr,decorr,conf75,6,1.45034e-06,-0.000103703,0.000105154,-0.000141678,0.000351986,-0.0139855,0.551014,-0.601845,1.70387,0.508628,0.954385,9.6156,0.363265,,22.5,0.641635,0.52111,-0.25,
pair_corr,conf25,conf50,6,-5.15102e-05,-8.29905e-05,3.14803e-05,-0.000291913,0.000354874,0.620675,0.125288,-1.00741,1.25798,0.115651,0.217006,9.96266,0.832583,,19.5,0.160409,0.872559,-0.0833333,
pair_corr,conf25,conf75,6,-5.15102e-05,-0.000103703,5.21931e-05,-0.000235888,0.000340275,0.496707,0.23806,-0.897526,1.37365,0.219748,0.412333,8.65723,0.690118,,19.5,0.160409,0.872559,-0.0833333,
pair_corr,conf50,conf75,6,-8.29905e-05,-0.000103703,2.07127e-05,-0.000254069,0.000295494,0.800269,0.0985175,-1.03375,1.23079,0.0909392,0.170637,8.95924,0.8683,,20.5,0.320818,0.748349,-0.138889,
tau_ms,rest,flow,6,32.9469,372.144,-339.197,-347.389,-331.005,0.0885327,-59.673,-83.5735,-35.7724,-55.0827,-103.357,5.54647,2.51644e-10,,0,-2.80224,0.00507487,1,
tau_ms,rest,self,6,32.9469,227.168,-194.222,-215.695,-172.748,0.145033,-13.36,-18.8235,-7.89654,-12.3323,-23.1403,5.08008,2.40248e-06,,0,-2.80224,0.00507487,1,0.00274931
tau_ms,rest,shuffle,6,32.9469,334.122,-301.175,-319.994,-282.356,0.0986075,-23.6065,-33.1185,-14.0946,-21.7906,-40.8877,5.10421,1.27271e-07,,0,-2.80224,0.00507487,1,
tau_ms,rest,randmat,6,32.9469,157.516,-124.569,-142.015,-107.123,0.209165,-10.5221,-14.8812,-6.16305,-9.71275,-18.2249,5.12123,7.44448e-06,,0,-2.80224,0.00507487,1,
tau_ms,rest,decorr,6,32.9469,207.725,-174.778,-200.38,-149.176,0.158608,-10.0979,-14.2934,-5.90251,-9.32118,-17.4902,5.05636,1.02011e-05,,0,-2.80224,0.00507487,1,
tau_ms,rest,conf25,6,32.9469,197.001,-164.054,-194.58,-133.529,0.167242,-7.95733,-11.336,-4.57866,-7.34523,-13.7825,5.03966,3.41071e-05,,0,-2.80224,0.00507487,1,
tau_ms,rest,conf50,6,32.9469,203.201,-170.254,-203.948,-136.561,0.162139,-7.48478,-10.6859,-4.28362,-6.90903,-12.964,5.03255,4.65488e-05,,0,-2.80224,0.00507487,1,
tau_ms,rest,conf75,6,32.9469,201.847,-168.9,-204.785,-133.015,0.163227,-6.97332,-9.98393,-3.9627,-6.43691,-12.0781,5.0287,6.61682e-05,,0,-2.80224,0.00507487,1,
tau_ms,flow,self,6,372.144,227.168,144.975,123.427,166.524,1.63818,9.35244,5.44338,13.2615,8.63302,16.1989,6.43049,1.87203e-06,5.61608e-06,36,2.80224,0.00507487,-1,0.00274931
tau_ms,flow,shuffle,6,372.144,334.122,38.022,19.0259,57.0181,1.1138,2.74599,1.16883,4.32314,2.53476,4.75619,6.83517,0.00220741,,36,2.80224,0.00507487,-1,
tau_ms,flow,randmat,6,372.144,157.516,214.628,196.929,232.326,2.36258,16.5045,9.80517,23.2038,15.2349,28.5866,7.10886,1.33328e-08,,36,2.80224,0.00507487,-1,
tau_ms,flow,decorr,6,372.144,207.725,164.419,138.831,190.007,1.79152,9.07121,5.26971,12.8727,8.37342,15.7118,6.01751,4.10665e-06,,36,2.80224,0.00507487,-1,
tau_ms,flow,conf25,6,372.144,197.001,175.143,144.68,205.605,1.88904,8.21982,4.74203,11.6976,7.58753,14.2372,5.71976,1.10401e-05,,36,2.80224,0.00507487,-1,
tau_ms,flow,conf50,6,372.144,203.201,168.942,135.328,202.557,1.8314,7.22764,4.1225,10.3328,6.67167,12.5186,5.59186,2.65824e-05,,36,2.80224,0.00507487,-1,
tau_ms,flow,conf75,6,372.144,201.847,170.297,134.497,206.097,1.84369,6.86367,3.89366,9.83367,6.33569,11.8882,5.52222,3.83249e-05,,36,2.80224,0.00507487,-1,
tau_ms,self,shuffle,6,227.168,334.122,-106.953,-131.781,-82.1258,0.679897,-5.55461,-8.04839,-3.06083,-5.12733,-9.62086,9.83128,2.57196e-06,5.61608e-06,0,-2.80224,0.00507487,1,0.00274931
tau_ms,self,randmat,6,227.168,157.516,69.6523,45.5131,93.7916,1.44219,3.73302,1.85925,5.60679,3.44586,6.46578,9.59871,8.678e-05,,36,2.80224,0.00507487,-1,0.00274931
tau_ms,self,decorr,6,227.168,207.725,19.4437,-9.65721,48.5445,1.0936,0.86305,-0.320043,2.04614,0.796661,1.49485,9.70664,0.166736,0.166736,26,1.20096,0.229766,-0.444444,0.15896
tau_ms,self,conf25,6,227.168,197.001,30.1673,-2.70611,63.0408,1.15313,1.19901,-0.0300484,2.42808,1.10678,2.07675,8.97687,0.0676993,,28,1.52122,0.128205,-0.555556,0.071982
tau_ms,self,conf50,6,227.168,203.201,23.9672,-11.5347,59.4691,1.11795,0.889876,-0.296394,2.07614,0.821424,1.54131,8.4887,0.159649,,26,1.20096,0.229766,-0.444444,0.154711
tau_ms,self,conf75,6,227.168,201.847,25.3217,-12.0684,62.7118,1.12545,0.898275,-0.289007,2.08556,0.829177,1.55586,8.1761,0.157543,,28,1.52122,0.128205,-0.555556,0.152712
tau_ms,shuffle,randmat,6,334.122,157.516,176.606,154.323,198.888,2.12119,10.2037,5.9675,14.4399,9.41878,17.6733,9.94334,7.71192e-09,,36,2.80224,0.00507487,-1,
tau_ms,shuffle,decorr,6,334.122,207.725,126.397,98.5013,154.293,1.60848,5.89979,3.28219,8.51738,5.44596,10.2187,9.18408,2.55488e-06,,36,2.80224,0.00507487,-1,
tau_ms,shuffle,conf25,6,334.122,197.001,137.121,105.15,169.091,1.69604,5.67185,3.13618,8.20752,5.23555,9.82393,8.32375,7.31725e-06,,36,2.80224,0.00507487,-1,
tau_ms,shuffle,conf50,6,334.122,203.201,130.92,96.1649,165.676,1.64429,5.03233,2.7228,7.34186,4.64523,8.71625,7.84586,2.64346e-05,,36,2.80224,0.00507487,-1,
tau_ms,shuffle,conf75,6,334.122,201.847,132.275,95.5377,169.012,1.65532,4.84273,2.59902,7.08644,4.47021,8.38785,7.5597,4.3282e-05,,36,2.80224,0.00507487,-1,
tau_ms,randmat,decorr,6,157.516,207.725,-50.2087,-77.5755,-22.8418,0.758292,-2.40353,-3.8885,-0.918553,-2.21864,-4.16303,8.82251,0.00254479,,0,-2.80224,0.00507487,1,
tau_ms,randmat,conf25,6,157.516,197.001,-39.485,-71.0743,-7.89573,0.79957,-1.6658,-2.97905,-0.352544,-1.53766,-2.88525,7.95472,0.0204687,,4,-2.16173,0.030639,0.777778,
tau_ms,randmat,conf50,6,157.516,203.201,-45.6852,-80.1338,-11.2365,0.775173,-1.78614,-3.12447,-0.44781,-1.64874,-3.09369,7.50449,0.0160194,,4,-2.16173,0.030639,0.777778,
tau_ms,randmat,conf75,6,157.516,201.847,-44.3307,-80.804,-7.85733,0.780375,-1.64816,-2.95785,-0.338475,-1.52138,-2.8547,7.24163,0.0236548,,2,-2.48199,0.0130652,0.888889,
tau_ms,decorr,conf25,6,207.725,197.001,10.7237,-23.9671,45.4145,1.05443,0.399296,-0.74351,1.5421,0.368581,0.691601,9.70626,0.505393,,25,1.04083,0.297953,-0.388889,
tau_ms,decorr,conf50,6,207.725,203.201,4.5235,-32.5302,41.5772,1.02226,0.158584,-0.974779,1.29195,0.146386,0.274676,9.33112,0.78955,,20,0.240192,0.810181,-0.111111,
tau_ms,decorr,conf75,6,207.725,201.847,5.878,-32.9004,44.6564,1.02912,0.197825,-0.936525,1.33218,0.182608,0.342643,9.0438,0.739696,,23,0.720577,0.47117,-0.277778,
tau_ms,conf25,conf50,6,197.001,203.201,-6.20017,-45.674,33.2736,0.969488,-0.202323,-1.3368,0.932154,-0.18676,-0.350434,9.90419,0.733351,,16,-0.240192,0.810181,0.111111,
tau_ms,conf25,conf75,6,197.001,201.847,-4.84567,-45.8378,36.1464,0.975993,-0.152598,-1.28583,0.980633,-0.14086,-0.264308,9.74959,0.797046,,13,-0.720577,0.47117,0.277778,
tau_ms,conf50,conf75,6,203.201,201.847,1.3545,-41.3477,44.0567,1.00671,0.0408266,-1.09088,1.17253,0.0376861,0.0707137,9.96059,0.945025,,17,-0.0800641,0.936186,0.0555556,
dim,rest,flow,6,3.40757,40.2886,-36.881,-38.2417,-35.5203,0.084579,-37.7208,-52.8543,-22.5872,-34.8192,-65.3343,6.39806,2.78849e-10,,0,-2.80224,0.00507487,1,
dim,rest,self,6,3.40757,58.4488,-55.0412,-55.9791,-54.1034,0.0583,-78.3226,-109.678,-46.9672,-72.2978,-135.659,7.89291,1.40806e-14,,0,-2.80224,0.00507487,1,0.00274931
dim,rest,shuffle,6,3.40757,40.7559,-37.3483,-38.9594,-35.7373,0.0836092,-32.7504,-45.9019,-19.599,-30.2312,-56.7254,6.00021,2.01497e-09,,0,-2.80224,0.00507487,1,
dim,rest,randmat,6,3.40757,62.1131,-58.7056,-59.8286,-57.5826,0.0548606,-71.2817,-99.8223,-42.7412,-65.7985,-123.464,7.04216,5.22368e-13,,0,-2.80224,0.00507487,1,
dim,rest,decorr,6,3.40757,52.5999,-49.1924,-51.2424,-47.1423,0.0647827,-34.4629,-48.2971,-20.6288,-31.8119,-59.6916,5.6198,4.29096e-09,,0,-2.80224,0.00507487,1,
dim,rest,conf25,6,3.40757,58.757,-55.3494,-56.2297,-54.4691,0.0579943,-83.2615,-116.592,-49.9314,-76.8568,-144.213,8.25437,2.46567e-15,,0,-2.80224,0.00507487,1,
dim,rest,conf50,6,3.40757,60.6195,-57.212,-58.1196,-56.3043,0.0562124,-83.7856,-117.325,-50.2459,-77.3405,-145.121,8.07608,4.3584e-15,,0,-2.80224,0.00507487,1,
dim,rest,conf75,6,3.40757,56.3731,-52.9656,-56.2384,-49.6927,0.0604467,-23.6852,-33.2284,-14.142,-21.8633,-41.024,5.24435,8.83659e-08,,0,-2.80224,0.00507487,1,
dim,flow,self,6,40.2886,58.4488,-18.1602,-19.6044,-16.7161,0.689297,-16.5016,-23.1997,-9.8034,-15.2322,-28.5815,8.72918,6.27045e-10,1.88114e-09,0,-2.80224,0.00507487,1,0.00274931
dim,flow,shuffle,6,40.2886,40.7559,-0.467317,-2.3019,1.36726,0.988534,-0.328984,-1.4682,0.81023,-0.303678,-0.569818,9.71672,0.581735,,10,-1.20096,0.229766,0.444444,
dim,flow,randmat,6,40.2886,62.1131,-21.8246,-23.3524,-20.2967,0.648632,-18.4745,-25.9519,-10.9972,-17.0534,-31.9988,9.61911,4.28202e-11,,0,-2.80224,0.00507487,1,
dim,flow,decorr,6,40.2886,52.5999,-12.3114,-14.492,-10.1308,0.765943,-7.41764,-10.5937,-4.2416,-6.84705,-12.8477,8.66453,6.14326e-07,,0,-2.80224,0.00507487,1,
dim,flow,conf25,6,40.2886,58.757,-18.4684,-19.8913,-17.0455,0.685682,-17.1535,-24.1088,-10.1981,-15.834,-29.7106,8.35661,9.04666e-10,,0,-2.80224,0.00507487,1,
dim,flow,conf50,6,40.2886,60.6195,-20.331,-21.7636,-18.8983,0.664614,-18.6881,-26.2499,-11.1263,-17.2506,-32.3687,8.53828,3.10613e-10,,0,-2.80224,0.00507487,1,
dim,flow,conf75,6,40.2886,56.3731,-16.0846,-19.3827,-12.7864,0.714677,-6.72647,-9.6458,-3.80713,-6.20904,-11.6506,6.665,1.12335e-05,,0,-2.80224,0.00507487,1,
dim,self,shuffle,6,58.4488,40.7559,17.6929,16.028,19.3579,1.43412,14.1854,8.39846,19.9724,13.0942,24.5699,7.88109,9.88782e-09,1.97756e-08,36,2.80224,0.00507487,-1,0.00274931
dim,self,randmat,6,58.4488,62.1131,-3.66433,-4.9138,-2.41486,0.941005,-3.79274,-5.6856,-1.89987,-3.50099,-6.56921,9.62436,7.55196e-05,,0,-2.80224,0.00507487,1,0.00274931
dim,self,decorr,6,58.4488,52.5999,5.84885,3.77443,7.92327,1.11119,3.86281,1.9474,5.77822,3.56567,6.69058,6.88079,0.000301642,0.000301642,36,2.80224,0.00507487,-1,0.00274931
dim,self,conf25,6,58.4488,58.757,-0.308167,-1.38302,0.766688,0.994755,-0.3691,-1.51028,0.77208,-0.340708,-0.6393,9.94478,0.537074,,15,-0.40032,0.688921,0.166667,0.523119
dim,self,conf50,6,58.4488,60.6195,-2.17073,-3.2636,-1.07787,0.964191,-2.55569,-4.08079,-1.03059,-2.3591,-4.42658,9.9854,0.00128547,,0,-2.80224,0.00507487,1,0.00274931
dim,self,conf75,6,58.4488,56.3731,2.07568,-1.19569,5.34706,1.03682,0.905395,-0.282752,2.09354,0.835749,1.56819,5.76274,0.169903,,27,1.36109,0.173485,-0.5,0.125219
dim,shuffle,randmat,6,40.7559,62.1131,-21.3573,-23.0841,-19.6304,0.656156,-16.1906,-22.7661,-9.61501,-14.9451,-28.0429,8.86629,5.7665e-10,,0,-2.80224,0.00507487,1,
dim,shuffle,decorr,6,40.7559,52.5999,-11.8441,-14.1262,-9.56188,0.774827,-6.72777,-9.64758,-3.80796,-6.21025,-11.6528,9.46482,6.3351e-07,,0,-2.80224,0.00507487,1,
dim,shuffle,conf25,6,40.7559,58.757,-18.0011,-19.6511,-16.351,0.693635,-14.6797,-20.6607,-8.69866,-13.5504,-25.4259,7.54142,1.38897e-08,,0,-2.80224,0.00507487,1,
dim,shuffle,conf50,6,40.7559,60.6195,-19.8636,-21.5205,-18.2068,0.672323,-16.0689,-22.5966,-9.54132,-14.8329,-27.8322,7.7039,5.20706e-09,,0,-2.80224,0.00507487,1,
dim,shuffle,conf75,6,40.7559,56.3731,-15.6172,-18.9521,-12.2823,0.722967,-6.34275,-9.1212,-3.56429,-5.85484,-10.986,7.28587,8.54282e-06,,0,-2.80224,0.00507487,1,
dim,randmat,decorr,6,62.1131,52.5999,9.51318,7.40278,11.6236,1.18086,6.04448,3.37457,8.71439,5.57952,10.4693,7.68585,8.09493e-06,,36,2.80224,0.00507487,-1,
dim,randmat,conf25,6,62.1131,58.757,3.35617,2.1365,4.57583,1.05712,3.57466,1.75099,5.39833,3.29968,6.19149,9.32927,0.000137911,,36,2.80224,0.00507487,-1,
dim,randmat,conf50,6,62.1131,60.6195,1.4936,0.26009,2.72711,1.02464,1.5693,0.275214,2.8634,1.44859,2.71811,9.48071,0.0226335,,34,2.48199,0.0130652,-0.888889,
dim,randmat,conf75,6,62.1131,56.3731,5.74002,2.4618,9.01823,1.10182,2.46094,0.960993,3.9609,2.27164,4.26248,6.1302,0.00505438,,36,2.80224,0.00507487,-1,
dim,decorr,conf25,6,52.5999,58.757,-6.15702,-8.22358,-4.09045,0.895212,-4.11319,-6.11031,-2.11608,-3.79679,-7.12426,6.63543,0.000243438,,0,-2.80224,0.00507487,1,
dim,decorr,conf50,6,52.5999,60.6195,-8.01958,-10.0897,-5.94948,0.867706,-5.3286,-7.74216,-2.91505,-4.91871,-9.22941,6.75136,4.525e-05,,0,-2.80224,0.00507487,1,
dim,decorr,conf75,6,52.5999,56.3731,-3.77317,-7.216,-0.33033,0.933068,-1.447,-2.71807,-0.175926,-1.33569,-2.50627,8.40389,0.0352479,,4,-2.16173,0.030639,0.777778,
dim,conf25,conf50,6,58.757,60.6195,-1.86257,-2.91533,-0.809801,0.969274,-2.27635,-3.7289,-0.823809,-2.10125,-3.94276,9.98678,0.00276956,,2,-2.48199,0.0130652,0.888889,
dim,conf25,conf75,6,58.757,56.3731,2.38385,-0.886703,5.6544,1.04229,1.04499,-0.161356,2.25134,0.964607,1.80998,5.65794,0.123252,,28,1.52122,0.128205,-0.555556,
dim,conf50,conf75,6,60.6195,56.3731,4.24642,0.975544,7.51729,1.07533,1.85713,0.503423,3.21084,1.71427,3.21665,5.70713,0.0195365,,34,2.48199,0.0130652,-0.888889,
pop_rate_sd_hz,rest,flow,6,0.0110202,0.2431,-0.232079,-0.235994,-0.228165,0.0453319,-84.0287,-117.666,-50.3918,-77.565,-145.542,5.91878,9.55723e-12,,0,-2.80224,0.00507487,1,
pop_rate_sd_hz,rest,self,6,0.0110202,0.117371,-0.106351,-0.110433,-0.102269,0.0938916,-37.0413,-51.9037,-22.1788,-34.1919,-64.1573,5.84547,1.49787e-09,,0,-2.80224,0.00507487,1,0.00274931
pop_rate_sd_hz,rest,shuffle,6,0.0110202,0.214491,-0.20347,-0.208318,-0.198623,0.0513783,-60.3377,-84.5039,-36.1715,-55.6963,-104.508,5.60102,1.96884e-10,,0,-2.80224,0.00507487,1,
pop_rate_sd_hz,rest,randmat,6,0.0110202,0.0932833,-0.0822631,-0.0843582,-0.0801681,0.118137,-52.136,-73.025,-31.247,-48.1255,-90.3022,8.12552,1.72799e-13,,0,-2.80224,0.00507487,1,
pop_rate_sd_hz,rest,decorr,6,0.0110202,0.179024,-0.168004,-0.177875,-0.158132,0.061557,-25.0438,-35.127,-14.9607,-23.1174,-43.3772,5.14582,8.47369e-08,,0,-2.80224,0.00507487,1,
pop_rate_sd_hz,rest,conf25,6,0.0110202,0.119694,-0.108674,-0.114913,-0.102434,0.0920695,-25.3303,-35.5274,-15.1333,-23.3818,-43.8734,5.36379,4.59428e-08,,0,-2.80224,0.00507487,1,
pop_rate_sd_hz,rest,conf50,6,0.0110202,0.137218,-0.126198,-0.136022,-0.116374,0.0803114,-18.9014,-26.5476,-11.2552,-17.4474,-32.7382,5.14723,3.57736e-07,,0,-2.80224,0.00507487,1,
pop_rate_sd_hz,rest,conf75,6,0.0110202,0.159173,-0.148153,-0.160747,-0.135559,0.0692337,-17.3667,-24.4062,-10.3271,-16.0308,-30.0799,5.08968,6.25927e-07,,0,-2.80224,0.00507487,1,
pop_rate_sd_hz,flow,self,6,0.2431,0.117371,0.125729,0.120816,0.130641,2.0712,32.9297,19.7068,46.1526,30.3967,57.036,9.98221,6.9563e-14,2.08689e-13,36,2.80224,0.00507487,-1,0.00274931
pop_rate_sd_hz,flow,shuffle,6,0.2431,0.214491,0.028609,0.023163,0.034055,1.13338,6.79896,3.85287,9.74505,6.27597,11.7762,9.5721,5.20847e-07,,36,2.80224,0.00507487,-1,
pop_rate_sd_hz,flow,randmat,6,0.2431,0.0932833,0.149816,0.145812,0.153821,2.60604,50.4346,30.2252,70.644,46.555,87.3553,7.4676,1.63283e-12,,36,2.80224,0.00507487,-1,
pop_rate_sd_hz,flow,decorr,6,0.2431,0.179024,0.0640758,0.0541515,0.0740001,1.35792,8.94294,5.1904,12.6955,8.25502,15.4896,6.53587,2.14022e-06,,36,2.80224,0.00507487,-1,
pop_rate_sd_hz,flow,conf25,6,0.2431,0.119694,0.123406,0.116839,0.129973,2.03101,24.8102,14.8199,34.8004,22.9017,42.9725,8.40484,3.78314e-11,,36,2.80224,0.00507487,-1,
pop_rate_sd_hz,flow,conf50,6,0.2431,0.137218,0.105882,0.0960032,0.11576,1.77163,14.8392,8.79554,20.8829,13.6978,25.7023,6.55,7.99436e-08,,36,2.80224,0.00507487,-1,
pop_rate_sd_hz,flow,conf75,6,0.2431,0.159173,0.0839262,0.0713398,0.0965126,1.52726,9.43583,5.49483,13.3768,8.70999,16.3433,5.95889,3.55345e-06,,36,2.80224,0.00507487,-1,
pop_rate_sd_hz,self,shuffle,6,0.117371,0.214491,-0.0971195,-0.102648,-0.0915914,0.547209,-22.6896,-31.8375,-13.5418,-20.9443,-39.2996,9.71673,4.90242e-12,9.80484e-12,0,-2.80224,0.00507487,1,0.00274931
pop_rate_sd_hz,self,randmat,6,0.117371,0.0932833,0.0240879,0.0199271,0.0282486,1.25822,7.84023,4.50567,11.1748,7.23713,13.5797,7.29091,1.93349e-06,,36,2.80224,0.00507487,-1,0.00274931
pop_rate_sd_hz,self,decorr,6,0.117371,0.179024,-0.0616527,-0.0715944,-0.051711,0.655618,-8.55363,-12.158,-4.94929,-7.89566,-14.8153,6.66385,2.39164e-06,2.39164e-06,0,-2.80224,0.00507487,1,0.00274931
pop_rate_sd_hz,self,conf25,6,0.117371,0.119694,-0.00232283,-0.00894442,0.00429875,0.980594,-0.461294,-1.60783,0.685243,-0.42581,-0.798984,8.61589,0.445765,,16,-0.240192,0.810181,0.111111,0.500625
pop_rate_sd_hz,self,conf50,6,0.117371,0.137218,-0.0198468,-0.029743,-0.00995069,0.855363,-2.76486,-4.34728,-1.18244,-2.55218,-4.78888,6.67902,0.00226627,,0,-2.80224,0.00507487,1,0.00274931
pop_rate_sd_hz,self,conf75,6,0.117371,0.159173,-0.0418023,-0.0543954,-0.0292092,0.737379,-4.68167,-6.86998,-2.49336,-4.32154,-8.10889,6.04163,0.000182177,,0,-2.80224,0.00507487,1,0.00274931
pop_rate_sd_hz,shuffle,randmat,6,0.214491,0.0932833,0.121207,0.116318,0.126096,2.29935,34.1905,20.4649,47.916,31.5604,59.2196,6.66891,2.50393e-10,,36,2.80224,0.00507487,-1,
pop_rate_sd_hz,shuffle,decorr,6,0.214491,0.179024,0.0354668,0.0254144,0.0455193,1.19811,4.77886,2.55718,7.00054,4.41126,8.27723,7.28436,5.86025e-05,,36,2.80224,0.00507487,-1,
pop_rate_sd_hz,shuffle,conf25,6,0.214491,0.119694,0.0947967,0.0878738,0.10172,1.79199,17.762,10.5663,24.9576,16.3957,30.7646,9.42513,8.93516e-11,,36,2.80224,0.00507487,-1,
pop_rate_sd_hz,shuffle,conf50,6,0.214491,0.137218,0.0772727,0.0672643,0.0872811,1.56314,10.4522,6.12015,14.7843,9.64823,18.1038,7.30398,2.46101e-07,,36,2.80224,0.00507487,-1,
pop_rate_sd_hz,shuffle,conf75,6,0.214491,0.159173,0.0553172,0.0426744,0.06796,1.34753,6.07719,3.39542,8.75896,5.60971,10.526,6.45472,2.6642e-05,,36,2.80224,0.00507487,-1,
pop_rate_sd_hz,randmat,decorr,6,0.0932833,0.179024,-0.0857405,-0.0956,-0.075881,0.521066,-12.6146,-17.7867,-7.4425,-11.6442,-21.8491,5.41472,1.72634e-06,,0,-2.80224,0.00507487,1,
pop_rate_sd_hz,randmat,conf25,6,0.0932833,0.119694,-0.0264107,-0.0326588,-0.0201626,0.779348,-5.96524,-8.60647,-3.32401,-5.50637,-10.3321,6.02654,4.67221e-05,,0,-2.80224,0.00507487,1,
pop_rate_sd_hz,randmat,conf50,6,0.0932833,0.137218,-0.0439347,-0.0537467,-0.0341226,0.679818,-6.49384,-9.32761,-3.66007,-5.99431,-11.2477,5.41872,5.82531e-05,,0,-2.80224,0.00507487,1,
pop_rate_sd_hz,randmat,conf75,6,0.0932833,0.159173,-0.0658902,-0.0784704,-0.0533099,0.586048,-7.66102,-10.9282,-4.39381,-7.07171,-13.2693,5.25531,3.05301e-05,,0,-2.80224,0.00507487,1,
pop_rate_sd_hz,decorr,conf25,6,0.179024,0.119694,0.0593298,0.0489335,0.0697262,1.49568,7.52792,4.31061,10.7452,6.94885,13.0387,8.4507,6.87172e-07,,36,2.80224,0.00507487,-1,
pop_rate_sd_hz,decorr,conf50,6,0.179024,0.137218,0.0418058,0.0297185,0.0538931,1.30467,4.44929,2.34001,6.55858,4.10704,7.7064,9.99977,1.6315e-05,,36,2.80224,0.00507487,-1,
pop_rate_sd_hz,decorr,conf75,6,0.179024,0.159173,0.0198503,0.00585853,0.0338421,1.12471,1.83922,0.489429,3.189,1.69774,3.18562,9.46208,0.0104114,,33,2.32186,0.0202406,-0.833333,
pop_rate_sd_hz,conf25,conf50,6,0.119694,0.137218,-0.017524,-0.0278799,-0.0071681,0.872291,-2.23113,-3.67241,-0.789864,-2.05951,-3.86444,8.47475,0.00428168,,1,-2.64211,0.00823902,0.944444,
pop_rate_sd_hz,conf25,conf75,6,0.119694,0.159173,-0.0394795,-0.0523088,-0.0266502,0.751972,-4.16408,-6.17799,-2.15016,-3.84376,-7.21239,7.32143,0.000141383,,0,-2.80224,0.00507487,1,
pop_rate_sd_hz,conf50,conf75,6,0.137218,0.159173,-0.0219555,-0.0359259,-0.00798509,0.862066,-2.03799,-3.43272,-0.643256,-1.88122,-3.5299,9.44257,0.00595177,,2,-2.48199,0.0130652,0.888889,
bumpR,rest,flow,6,0,0,0,nan,nan,nan,nan,nan,nan,nan,nan,nan,nan,,18,nan,nan,0,
bumpR,rest,self,6,0,0,0,nan,nan,nan,nan,nan,nan,nan,nan,nan,nan,,18,nan,nan,0,1
bumpR,rest,shuffle,6,0,0,0,nan,nan,nan,nan,nan,nan,nan,nan,nan,nan,,18,nan,nan,0,
bumpR,rest,randmat,6,0,0,0,nan,nan,nan,nan,nan,nan,nan,nan,nan,nan,,18,nan,nan,0,
bumpR,rest,decorr,6,0,0,0,nan,nan,nan,nan,nan,nan,nan,nan,nan,nan,,18,nan,nan,0,
bumpR,rest,conf25,6,0,0,0,nan,nan,nan,nan,nan,nan,nan,nan,nan,nan,,18,nan,nan,0,
bumpR,rest,conf50,6,0,0,0,nan,nan,nan,nan,nan,nan,nan,nan,nan,nan,,18,nan,nan,0,
bumpR,rest,conf75,6,0,0,0,nan,nan,nan,nan,nan,nan,nan,nan,nan,nan,,18,nan,nan,0,
bumpR,flow,self,6,0,0,0,nan,nan,nan,nan,nan,nan,nan,nan,nan,nan,1,18,nan,nan,0,1
bumpR,flow,shuffle,6,0,0,0,nan,nan,nan,nan,nan,nan,nan,nan,nan,nan,,18,nan,nan,0,
bumpR,flow,randmat,6,0,0,0,nan,nan,nan,nan,nan,nan,nan,nan,nan,nan,,18,nan,nan,0,
bumpR,flow,decorr,6,0,0,0,nan,nan,nan,nan,nan,nan,nan,nan,nan,nan,,18,nan,nan,0,
bumpR,flow,conf25,6,0,0,0,nan,nan,nan,nan,nan,nan,nan,nan,nan,nan,,18,nan,nan,0,
bumpR,flow,conf50,6,0,0,0,nan,nan,nan,nan,nan,nan,nan,nan,nan,nan,,18,nan,nan,0,
bumpR,flow,conf75,6,0,0,0,nan,nan,nan,nan,nan,nan,nan,nan,nan,nan,,18,nan,nan,0,
bumpR,self,shuffle,6,0,0,0,nan,nan,nan,nan,nan,nan,nan,nan,nan,nan,1,18,nan,nan,0,1
bumpR,self,randmat,6,0,0,0,nan,nan,nan,nan,nan,nan,nan,nan,nan,nan,,18,nan,nan,0,1
bumpR,self,decorr,6,0,0,0,nan,nan,nan,nan,nan,nan,nan,nan,nan,nan,1,18,nan,nan,0,1
bumpR,self,conf25,6,0,0,0,nan,nan,nan,nan,nan,nan,nan,nan,nan,nan,,18,nan,nan,0,1
bumpR,self,conf50,6,0,0,0,nan,nan,nan,nan,nan,nan,nan,nan,nan,nan,,18,nan,nan,0,1
bumpR,self,conf75,6,0,0,0,nan,nan,nan,nan,nan,nan,nan,nan,nan,nan,,18,nan,nan,0,1
bumpR,shuffle,randmat,6,0,0,0,nan,nan,nan,nan,nan,nan,nan,nan,nan,nan,,18,nan,nan,0,
bumpR,shuffle,decorr,6,0,0,0,nan,nan,nan,nan,nan,nan,nan,nan,nan,nan,,18,nan,nan,0,
bumpR,shuffle,conf25,6,0,0,0,nan,nan,nan,nan,nan,nan,nan,nan,nan,nan,,18,nan,nan,0,
bumpR,shuffle,conf50,6,0,0,0,nan,nan,nan,nan,nan,nan,nan,nan,nan,nan,,18,nan,nan,0,
bumpR,shuffle,conf75,6,0,0,0,nan,nan,nan,nan,nan,nan,nan,nan,nan,nan,,18,nan,nan,0,
bumpR,randmat,decorr,6,0,0,0,nan,nan,nan,nan,nan,nan,nan,nan,nan,nan,,18,nan,nan,0,
bumpR,randmat,conf25,6,0,0,0,nan,nan,nan,nan,nan,nan,nan,nan,nan,nan,,18,nan,nan,0,
bumpR,randmat,conf50,6,0,0,0,nan,nan,nan,nan,nan,nan,nan,nan,nan,nan,,18,nan,nan,0,
bumpR,randmat,conf75,6,0,0,0,nan,nan,nan,nan,nan,nan,nan,nan,nan,nan,,18,nan,nan,0,
bumpR,decorr,conf25,6,0,0,0,nan,nan,nan,nan,nan,nan,nan,nan,nan,nan,,18,nan,nan,0,
bumpR,decorr,conf50,6,0,0,0,nan,nan,nan,nan,nan,nan,nan,nan,nan,nan,,18,nan,nan,0,
bumpR,decorr,conf75,6,0,0,0,nan,nan,nan,nan,nan,nan,nan,nan,nan,nan,,18,nan,nan,0,
bumpR,conf25,conf50,6,0,0,0,nan,nan,nan,nan,nan,nan,nan,nan,nan,nan,,18,nan,nan,0,
bumpR,conf25,conf75,6,0,0,0,nan,nan,nan,nan,nan,nan,nan,nan,nan,nan,,18,nan,nan,0,
bumpR,conf50,conf75,6,0,0,0,nan,nan,nan,nan,nan,nan,nan,nan,nan,nan,,18,nan,nan,0,
patch_drive_fraction,rest,flow,6,0,0.245523,-0.245523,-0.245532,-0.245515,0,-42273,-59185.4,-25360.6,-39021.2,-73219,5,9.01955e-24,,0,-2.99124,0.00277843,1,
patch_drive_fraction,rest,self,6,0,0.12424,-0.12424,-0.124282,-0.124197,0,-4329.98,-6062.31,-2597.66,-3996.91,-7499.75,5,7.99963e-19,,0,-2.99124,0.00277843,1,0.00274931
patch_drive_fraction,rest,shuffle,6,0,0.124557,-0.124557,-0.1246,-0.124515,0,-4334.2,-6068.22,-2600.19,-4000.8,-7507.06,5,7.96075e-19,,0,-2.99124,0.00277843,1,
patch_drive_fraction,rest,randmat,6,0,0.0695793,-0.0695793,-0.0696032,-0.0695553,0,-4309.7,-6033.91,-2585.49,-3978.18,-7464.62,5,8.18965e-19,,0,-2.99124,0.00277843,1,
patch_drive_fraction,rest,decorr,6,0,0.228256,-0.228256,-0.231086,-0.225426,0,-119.693,-167.592,-71.7932,-110.486,-207.314,5,4.95511e-11,,0,-2.99124,0.00277843,1,
patch_drive_fraction,rest,conf25,6,0,0.146599,-0.146599,-0.147812,-0.145386,0,-179.407,-251.192,-107.621,-165.606,-310.741,5,6.55029e-12,,0,-2.99124,0.00277843,1,
patch_drive_fraction,rest,conf50,6,0,0.174776,-0.174776,-0.176337,-0.173216,0,-166.22,-232.73,-99.7097,-153.434,-287.901,5,9.59464e-12,,0,-2.99124,0.00277843,1,
patch_drive_fraction,rest,conf75,6,0,0.201977,-0.201977,-0.20408,-0.199875,0,-142.551,-199.593,-85.5085,-131.585,-246.905,5,2.06811e-11,,0,-2.99124,0.00277843,1,
patch_drive_fraction,flow,self,6,0.245523,0.12424,0.121283,0.121241,0.121326,1.9762,4142.93,2485.44,5800.41,3824.24,7175.76,5.40905,4.38091e-20,1.31427e-19,36,2.80224,0.00507487,-1,0.00274931
patch_drive_fraction,flow,shuffle,6,0.245523,0.124557,0.120966,0.120924,0.121009,1.97117,4125.83,2475.19,5776.48,3808.46,7146.15,5.40777,4.52398e-20,,36,2.80224,0.00507487,-1,
patch_drive_fraction,flow,randmat,6,0.245523,0.0695793,0.175944,0.17592,0.175968,3.52868,10254.5,6151.92,14357.1,9465.69,17761.3,6.27286,2.14197e-25,,36,2.80224,0.00507487,-1,
patch_drive_fraction,flow,decorr,6,0.245523,0.228256,0.0172673,0.0144371,0.0200976,1.07565,9.05459,5.25944,12.8497,8.35808,15.683,5.00009,1.91584e-05,,36,2.80224,0.00507487,-1,
patch_drive_fraction,flow,conf25,6,0.245523,0.146599,0.0989242,0.0977114,0.100137,1.67479,121.059,72.6132,169.506,111.747,209.681,5.00051,4.67193e-11,,36,2.80224,0.00507487,-1,
patch_drive_fraction,flow,conf50,6,0.245523,0.174776,0.070747,0.0691865,0.0723075,1.40479,67.2825,40.3406,94.2243,62.1069,116.537,5.00031,8.81412e-10,,36,2.80224,0.00507487,-1,
patch_drive_fraction,flow,conf75,6,0.245523,0.201977,0.043546,0.0414432,0.0456488,1.2156,30.7335,18.3858,43.0812,28.3694,53.232,5.00017,4.42179e-08,,36,2.80224,0.00507487,-1,
patch_drive_fraction,self,shuffle,6,0.12424,0.124557,-0.000317333,-0.000369575,-0.000265092,0.997452,-7.81418,-11.1389,-4.48942,-7.21309,-13.5346,9.99998,9.35057e-08,9.35057e-08,0,-2.80224,0.00507487,1,0.00274931
patch_drive_fraction,self,randmat,6,0.12424,0.0695793,0.0546605,0.0546166,0.0547045,1.78559,1660.24,996.019,2324.47,1532.53,2875.63,7.8776,5.29924e-25,,36,2.80224,0.00507487,-1,0.00274931
patch_drive_fraction,self,decorr,6,0.12424,0.228256,-0.104016,-0.106846,-0.101186,0.5443,-54.5378,-76.3863,-32.6892,-50.3426,-94.4622,5.00226,2.50158e-09,5.00317e-09,0,-2.80224,0.00507487,1,0.00274931
patch_drive_fraction,self,conf25,6,0.12424,0.146599,-0.0223593,-0.0235719,-0.0211468,0.84748,-27.3463,-38.3452,-16.3473,-25.2427,-47.3651,5.01233,7.66966e-08,,0,-2.80224,0.00507487,1,0.00274931
patch_drive_fraction,self,conf50,6,0.12424,0.174776,-0.0505365,-0.0520969,-0.0489761,0.71085,-48.0445,-67.2993,-28.7898,-44.3488,-83.2156,5.00745,4.637e-09,,0,-2.80224,0.00507487,1,0.00274931
patch_drive_fraction,self,conf75,6,0.12424,0.201977,-0.0777375,-0.0798402,-0.0756348,0.615118,-54.8541,-76.829,-32.8791,-50.6345,-95.0101,5.0041,2.41542e-09,,0,-2.80224,0.00507487,1,0.00274931
patch_drive_fraction,shuffle,randmat,6,0.124557,0.0695793,0.0549779,0.0549339,0.0550219,1.79015,1667.88,1000.6,2335.16,1539.58,2888.86,7.87018,5.36326e-25,,36,2.80224,0.00507487,-1,
patch_drive_fraction,shuffle,decorr,6,0.124557,0.228256,-0.103699,-0.106529,-0.100869,0.545691,-54.3714,-76.1534,-32.5893,-50.1889,-94.174,5.00227,2.54004e-09,,0,-2.80224,0.00507487,1,
patch_drive_fraction,shuffle,conf25,6,0.124557,0.146599,-0.022042,-0.0232546,-0.0208294,0.849644,-26.9581,-37.8026,-16.1136,-24.8844,-46.6928,5.01237,8.23742e-08,,0,-2.80224,0.00507487,1,
patch_drive_fraction,shuffle,conf50,6,0.124557,0.174776,-0.0502192,-0.0517796,-0.0486588,0.712666,-47.7428,-66.877,-28.6086,-44.0703,-82.693,5.00747,4.78517e-09,,0,-2.80224,0.00507487,1,
patch_drive_fraction,shuffle,conf75,6,0.124557,0.201977,-0.0774202,-0.0795229,-0.0753174,0.616689,-54.6301,-76.5156,-32.7447,-50.4278,-94.6222,5.00411,2.46525e-09,,0,-2.80224,0.00507487,1,
patch_drive_fraction,randmat,decorr,6,0.0695793,0.228256,-0.158677,-0.161507,-0.155846,0.30483,-83.2038,-116.511,-49.8967,-76.8035,-144.113,5.00072,3.04362e-10,,0,-2.80224,0.00507487,1,
patch_drive_fraction,randmat,conf25,6,0.0695793,0.146599,-0.0770199,-0.0782326,-0.0758072,0.474623,-94.2378,-131.957,-56.5185,-86.9887,-163.225,5.0039,1.61295e-10,,0,-2.80224,0.00507487,1,
patch_drive_fraction,randmat,conf50,6,0.0695793,0.174776,-0.105197,-0.106758,-0.103637,0.398105,-100.035,-140.073,-59.9975,-92.3402,-173.266,5.00236,1.20378e-10,,0,-2.80224,0.00507487,1,
patch_drive_fraction,randmat,conf75,6,0.0695793,0.201977,-0.132398,-0.134501,-0.130295,0.344491,-93.4374,-130.837,-56.0382,-86.2499,-161.838,5.0013,1.70034e-10,,0,-2.80224,0.00507487,1,
patch_drive_fraction,decorr,conf25,6,0.228256,0.146599,0.0816568,0.0788053,0.0845083,1.55701,39.3582,23.5713,55.1451,36.3307,68.1704,6.77615,7.23267e-11,,36,2.80224,0.00507487,-1,
patch_drive_fraction,decorr,conf50,6,0.228256,0.174776,0.0534797,0.0505662,0.0563931,1.30599,24.558,14.668,34.4481,22.669,42.5358,7.78291,1.68785e-10,,36,2.80224,0.00507487,-1,
patch_drive_fraction,decorr,conf75,6,0.228256,0.201977,0.0262787,0.0231876,0.0293698,1.13011,11.0611,6.49346,15.6288,10.2103,19.1585,9.23093,9.54748e-09,,36,2.80224,0.00507487,-1,
patch_drive_fraction,conf25,conf50,6,0.146599,0.174776,-0.0281772,-0.0299045,-0.0264498,0.838782,-21.1595,-29.7002,-12.6188,-19.5318,-36.6493,9.42527,1.73775e-11,,0,-2.80224,0.00507487,1,
patch_drive_fraction,conf25,conf75,6,0.146599,0.201977,-0.0553782,-0.057556,-0.0532003,0.72582,-33.8576,-47.4504,-20.2648,-31.2532,-58.6431,7.99471,8.05023e-12,,0,-2.80224,0.00507487,1,
patch_drive_fraction,conf50,conf75,6,0.174776,0.201977,-0.027201,-0.0294969,-0.0249051,0.865326,-15.4165,-21.6872,-9.14577,-14.2306,-26.7021,9.22562,4.7294e-10,,0,-2.80224,0.00507487,1,
patch_level_ratio,rest,flow,6,0,0.97675,-0.97675,-0.976794,-0.976706,0,-32930,-46104.5,-19755.5,-30396.9,-57036.4,5,3.14444e-23,,0,-2.99124,0.00277843,1,
patch_level_ratio,rest,self,6,0,0.425806,-0.425806,-0.425973,-0.425639,0,-3782.43,-5295.68,-2269.17,-3491.47,-6551.35,5,1.57271e-18,,0,-2.99124,0.00277843,1,0.00274931
patch_level_ratio,rest,shuffle,6,0,0.427049,-0.427049,-0.427217,-0.426881,0,-3777.2,-5288.37,-2266.03,-3486.65,-6542.3,5,1.58362e-18,,0,-2.99124,0.00277843,1,
patch_level_ratio,rest,randmat,6,0,0.461458,-0.461458,-0.461629,-0.461288,0,-4007.12,-5610.27,-2403.97,-3698.88,-6940.53,5,1.17853e-18,,0,-2.99124,0.00277843,1,
patch_level_ratio,rest,decorr,6,0,0.88778,-0.88778,-0.902097,-0.873462,0,-92.0243,-128.858,-55.1902,-84.9455,-159.391,5,1.84419e-10,,0,-2.99124,0.00277843,1,
patch_level_ratio,rest,conf25,6,0,0.515608,-0.515608,-0.520606,-0.510611,0,-153.115,-214.383,-91.8469,-141.337,-265.203,5,1.4466e-11,,0,-2.99124,0.00277843,1,
patch_level_ratio,rest,conf50,6,0,0.635703,-0.635703,-0.642589,-0.628818,0,-137.025,-191.857,-82.1929,-126.485,-237.334,5,2.52011e-11,,0,-2.99124,0.00277843,1,
patch_level_ratio,rest,conf75,6,0,0.759688,-0.759688,-0.769627,-0.74975,0,-113.445,-158.846,-68.0445,-104.719,-196.493,5,6.47807e-11,,0,-2.99124,0.00277843,1,
patch_level_ratio,flow,self,6,0.97675,0.425806,0.550944,0.550778,0.551111,2.29389,4732.51,2839.15,6625.88,4368.47,8196.95,5.6909,2.4099e-21,7.22971e-21,36,2.80224,0.00507487,-1,0.00274931
patch_level_ratio,flow,shuffle,6,0.97675,0.427049,0.549701,0.549534,0.549869,2.28721,4702.89,2821.38,6584.41,4341.13,8145.65,5.68504,2.61304e-21,,36,2.80224,0.00507487,-1,
patch_level_ratio,flow,randmat,6,0.97675,0.461458,0.515292,0.515121,0.515462,2.11666,4333.16,2599.56,6066.75,3999.84,7505.25,5.6605,5.01967e-21,,36,2.80224,0.00507487,-1,
patch_level_ratio,flow,decorr,6,0.97675,0.88778,0.0889703,0.0746526,0.103288,1.10022,9.22233,5.36307,13.0816,8.51292,15.9735,5.00009,1.75052e-05,,36,2.80224,0.00507487,-1,
patch_level_ratio,flow,conf25,6,0.97675,0.515608,0.461142,0.456144,0.466139,1.89436,136.935,82.139,191.731,126.402,237.179,5.00078,2.52005e-11,,36,2.80224,0.00507487,-1,
patch_level_ratio,flow,conf50,6,0.97675,0.635703,0.341047,0.334162,0.347932,1.53649,73.5107,44.0791,102.942,67.856,127.324,5.00041,5.66e-10,,36,2.80224,0.00507487,-1,
patch_level_ratio,flow,conf75,6,0.97675,0.759688,0.217062,0.207123,0.227,1.28572,32.4139,19.3966,45.4311,29.9205,56.1425,5.0002,3.38947e-08,,36,2.80224,0.00507487,-1,
patch_level_ratio,self,shuffle,6,0.425806,0.427049,-0.001243,-0.00144825,-0.00103775,0.997089,-7.79076,-11.1067,-4.47481,-7.19147,-13.494,9.99982,9.62336e-08,9.62336e-08,0,-2.80224,0.00507487,1,0.00274931
patch_level_ratio,self,randmat,6,0.425806,0.461458,-0.0356527,-0.0358598,-0.0354455,0.922739,-221.386,-309.965,-132.808,-204.356,-383.452,9.99485,3.66079e-22,,0,-2.80224,0.00507487,1,0.00274931
patch_level_ratio,self,decorr,6,0.425806,0.88778,-0.461974,-0.476291,-0.447656,0.47963,-47.8834,-67.0738,-28.693,-44.2001,-82.9365,5.00136,4.80843e-09,9.61686e-09,0,-2.80224,0.00507487,1,0.00274931
patch_level_ratio,self,conf25,6,0.425806,0.515608,-0.0898025,-0.0947997,-0.0848053,0.825832,-26.6528,-37.3759,-15.9298,-24.6026,-46.1641,5.01118,8.74763e-08,,0,-2.80224,0.00507487,1,0.00274931
patch_level_ratio,self,conf50,6,0.425806,0.635703,-0.209897,-0.216782,-0.203012,0.669819,-45.2298,-63.3605,-27.0991,-41.7506,-78.3403,5.00589,6.30338e-09,,0,-2.80224,0.00507487,1,0.00274931
patch_level_ratio,self,conf75,6,0.425806,0.759688,-0.333882,-0.343821,-0.323944,0.560501,-49.8521,-69.8288,-29.8754,-46.0173,-86.3464,5.00283,3.9127e-09,,0,-2.80224,0.00507487,1,0.00274931
patch_level_ratio,shuffle,randmat,6,0.427049,0.461458,-0.0344097,-0.0346173,-0.0342021,0.925433,-213.218,-298.529,-127.907,-196.817,-369.305,9.99661,5.28975e-22,,0,-2.80224,0.00507487,1,
patch_level_ratio,shuffle,decorr,6,0.427049,0.88778,-0.460731,-0.475048,-0.446413,0.48103,-47.7546,-66.8935,-28.6156,-44.0811,-82.7133,5.00137,4.87345e-09,,0,-2.80224,0.00507487,1,
patch_level_ratio,shuffle,conf25,6,0.427049,0.515608,-0.0885595,-0.0935567,-0.0835623,0.828243,-26.2838,-36.86,-15.7076,-24.262,-45.5249,5.01127,9.377e-08,,0,-2.80224,0.00507487,1,
patch_level_ratio,shuffle,conf50,6,0.427049,0.635703,-0.208654,-0.215539,-0.201769,0.671774,-44.9618,-62.9855,-26.9381,-41.5032,-77.8761,5.00594,6.49252e-09,,0,-2.80224,0.00507487,1,
patch_level_ratio,shuffle,conf75,6,0.427049,0.759688,-0.332639,-0.342578,-0.322701,0.562137,-49.6665,-69.569,-29.7639,-45.846,-86.0248,5.00285,3.98606e-09,,0,-2.80224,0.00507487,1,
patch_level_ratio,randmat,decorr,6,0.461458,0.88778,-0.426321,-0.440639,-0.412004,0.519789,-44.1879,-61.9026,-26.4732,-40.7888,-76.5357,5.00142,7.18219e-09,,0,-2.80224,0.00507487,1,
patch_level_ratio,randmat,conf25,6,0.461458,0.515608,-0.0541498,-0.059147,-0.0491527,0.894979,-16.0709,-22.5993,-9.54251,-14.8347,-27.8357,5.01169,1.09284e-06,,0,-2.80224,0.00507487,1,
patch_level_ratio,randmat,conf50,6,0.461458,0.635703,-0.174245,-0.18113,-0.16736,0.725902,-37.5466,-52.6107,-22.4826,-34.6584,-65.0327,5.00616,1.59817e-08,,0,-2.80224,0.00507487,1,
patch_level_ratio,randmat,conf75,6,0.461458,0.759688,-0.29823,-0.308168,-0.288291,0.607431,-44.5285,-62.3792,-26.6778,-41.1032,-77.1256,5.00296,6.87869e-09,,0,-2.80224,0.00507487,1,
patch_level_ratio,decorr,conf25,6,0.88778,0.515608,0.372171,0.357848,0.386494,1.72181,36.4229,21.8071,51.0387,33.6211,63.0863,6.2006,6.06103e-10,,36,2.80224,0.00507487,-1,
patch_level_ratio,decorr,conf50,6,0.88778,0.635703,0.252077,0.237542,0.266611,1.39653,23.548,14.0593,33.0367,21.7366,40.7864,7.19521,8.86482e-10,,36,2.80224,0.00507487,-1,
patch_level_ratio,decorr,conf75,6,0.88778,0.759688,0.128092,0.11273,0.143453,1.16861,10.9073,6.39924,15.4154,10.0683,18.8921,8.91044,1.70327e-08,,36,2.80224,0.00507487,-1,
patch_level_ratio,conf25,conf50,6,0.515608,0.635703,-0.120095,-0.127567,-0.112623,0.811083,-20.9493,-29.4067,-12.492,-19.3378,-36.2853,9.12389,3.52371e-11,,0,-2.80224,0.00507487,1,
patch_level_ratio,conf25,conf75,6,0.515608,0.759688,-0.24408,-0.254208,-0.233952,0.67871,-32.5634,-45.6402,-19.4865,-30.0585,-56.4014,7.37678,5.39725e-11,,0,-2.80224,0.00507487,1,
patch_level_ratio,conf50,conf75,6,0.635703,0.759688,-0.123985,-0.134643,-0.113327,0.836795,-15.2193,-21.4124,-9.02616,-14.0486,-26.3606,8.90101,9.33794e-10,,0,-2.80224,0.00507487,1,
anat_gain_integral,rest,flow,6,0,0,0,nan,nan,nan,nan,nan,nan,nan,nan,nan,nan,,18,nan,nan,0,
anat_gain_integral,rest,self,6,0,0,0,nan,nan,nan,nan,nan,nan,nan,nan,nan,nan,,18,nan,nan,0,1
anat_gain_integral,rest,shuffle,6,0,0,0,nan,nan,nan,nan,nan,nan,nan,nan,nan,nan,,18,nan,nan,0,
anat_gain_integral,rest,randmat,6,0,0,0,nan,nan,nan,nan,nan,nan,nan,nan,nan,nan,,18,nan,nan,0,
anat_gain_integral,rest,decorr,6,0,0,0,nan,nan,nan,nan,nan,nan,nan,nan,nan,nan,,18,nan,nan,0,
anat_gain_integral,rest,conf25,6,0,0,0,nan,nan,nan,nan,nan,nan,nan,nan,nan,nan,,18,nan,nan,0,
anat_gain_integral,rest,conf50,6,0,0,0,nan,nan,nan,nan,nan,nan,nan,nan,nan,nan,,18,nan,nan,0,
anat_gain_integral,rest,conf75,6,0,0,0,nan,nan,nan,nan,nan,nan,nan,nan,nan,nan,,18,nan,nan,0,
anat_gain_integral,flow,self,6,0,0,0,nan,nan,nan,nan,nan,nan,nan,nan,nan,nan,1,18,nan,nan,0,1
anat_gain_integral,flow,shuffle,6,0,0,0,nan,nan,nan,nan,nan,nan,nan,nan,nan,nan,,18,nan,nan,0,
anat_gain_integral,flow,randmat,6,0,0,0,nan,nan,nan,nan,nan,nan,nan,nan,nan,nan,,18,nan,nan,0,
anat_gain_integral,flow,decorr,6,0,0,0,nan,nan,nan,nan,nan,nan,nan,nan,nan,nan,,18,nan,nan,0,
anat_gain_integral,flow,conf25,6,0,0,0,nan,nan,nan,nan,nan,nan,nan,nan,nan,nan,,18,nan,nan,0,
anat_gain_integral,flow,conf50,6,0,0,0,nan,nan,nan,nan,nan,nan,nan,nan,nan,nan,,18,nan,nan,0,
anat_gain_integral,flow,conf75,6,0,0,0,nan,nan,nan,nan,nan,nan,nan,nan,nan,nan,,18,nan,nan,0,
anat_gain_integral,self,shuffle,6,0,0,0,nan,nan,nan,nan,nan,nan,nan,nan,nan,nan,1,18,nan,nan,0,1
anat_gain_integral,self,randmat,6,0,0,0,nan,nan,nan,nan,nan,nan,nan,nan,nan,nan,,18,nan,nan,0,1
anat_gain_integral,self,decorr,6,0,0,0,nan,nan,nan,nan,nan,nan,nan,nan,nan,nan,1,18,nan,nan,0,1
anat_gain_integral,self,conf25,6,0,0,0,nan,nan,nan,nan,nan,nan,nan,nan,nan,nan,,18,nan,nan,0,1
anat_gain_integral,self,conf50,6,0,0,0,nan,nan,nan,nan,nan,nan,nan,nan,nan,nan,,18,nan,nan,0,1
anat_gain_integral,self,conf75,6,0,0,0,nan,nan,nan,nan,nan,nan,nan,nan,nan,nan,,18,nan,nan,0,1
anat_gain_integral,shuffle,randmat,6,0,0,0,nan,nan,nan,nan,nan,nan,nan,nan,nan,nan,,18,nan,nan,0,
anat_gain_integral,shuffle,decorr,6,0,0,0,nan,nan,nan,nan,nan,nan,nan,nan,nan,nan,,18,nan,nan,0,
anat_gain_integral,shuffle,conf25,6,0,0,0,nan,nan,nan,nan,nan,nan,nan,nan,nan,nan,,18,nan,nan,0,
anat_gain_integral,shuffle,conf50,6,0,0,0,nan,nan,nan,nan,nan,nan,nan,nan,nan,nan,,18,nan,nan,0,
anat_gain_integral,shuffle,conf75,6,0,0,0,nan,nan,nan,nan,nan,nan,nan,nan,nan,nan,,18,nan,nan,0,
anat_gain_integral,randmat,decorr,6,0,0,0,nan,nan,nan,nan,nan,nan,nan,nan,nan,nan,,18,nan,nan,0,
anat_gain_integral,randmat,conf25,6,0,0,0,nan,nan,nan,nan,nan,nan,nan,nan,nan,nan,,18,nan,nan,0,
anat_gain_integral,randmat,conf50,6,0,0,0,nan,nan,nan,nan,nan,nan,nan,nan,nan,nan,,18,nan,nan,0,
anat_gain_integral,randmat,conf75,6,0,0,0,nan,nan,nan,nan,nan,nan,nan,nan,nan,nan,,18,nan,nan,0,
anat_gain_integral,decorr,conf25,6,0,0,0,nan,nan,nan,nan,nan,nan,nan,nan,nan,nan,,18,nan,nan,0,
anat_gain_integral,decorr,conf50,6,0,0,0,nan,nan,nan,nan,nan,nan,nan,nan,nan,nan,,18,nan,nan,0,
anat_gain_integral,decorr,conf75,6,0,0,0,nan,nan,nan,nan,nan,nan,nan,nan,nan,nan,,18,nan,nan,0,
anat_gain_integral,conf25,conf50,6,0,0,0,nan,nan,nan,nan,nan,nan,nan,nan,nan,nan,,18,nan,nan,0,
anat_gain_integral,conf25,conf75,6,0,0,0,nan,nan,nan,nan,nan,nan,nan,nan,nan,nan,,18,nan,nan,0,
anat_gain_integral,conf50,conf75,6,0,0,0,nan,nan,nan,nan,nan,nan,nan,nan,nan,nan,,18,nan,nan,0,
anat_gain_yaw,rest,flow,6,0,0,0,nan,nan,nan,nan,nan,nan,nan,nan,nan,nan,,18,nan,nan,0,
anat_gain_yaw,rest,self,6,0,0,0,nan,nan,nan,nan,nan,nan,nan,nan,nan,nan,,18,nan,nan,0,1
anat_gain_yaw,rest,shuffle,6,0,0,0,nan,nan,nan,nan,nan,nan,nan,nan,nan,nan,,18,nan,nan,0,
anat_gain_yaw,rest,randmat,6,0,0,0,nan,nan,nan,nan,nan,nan,nan,nan,nan,nan,,18,nan,nan,0,
anat_gain_yaw,rest,decorr,6,0,0,0,nan,nan,nan,nan,nan,nan,nan,nan,nan,nan,,18,nan,nan,0,
anat_gain_yaw,rest,conf25,6,0,0,0,nan,nan,nan,nan,nan,nan,nan,nan,nan,nan,,18,nan,nan,0,
anat_gain_yaw,rest,conf50,6,0,0,0,nan,nan,nan,nan,nan,nan,nan,nan,nan,nan,,18,nan,nan,0,
anat_gain_yaw,rest,conf75,6,0,0,0,nan,nan,nan,nan,nan,nan,nan,nan,nan,nan,,18,nan,nan,0,
anat_gain_yaw,flow,self,6,0,0,0,nan,nan,nan,nan,nan,nan,nan,nan,nan,nan,1,18,nan,nan,0,1
anat_gain_yaw,flow,shuffle,6,0,0,0,nan,nan,nan,nan,nan,nan,nan,nan,nan,nan,,18,nan,nan,0,
anat_gain_yaw,flow,randmat,6,0,0,0,nan,nan,nan,nan,nan,nan,nan,nan,nan,nan,,18,nan,nan,0,
anat_gain_yaw,flow,decorr,6,0,0,0,nan,nan,nan,nan,nan,nan,nan,nan,nan,nan,,18,nan,nan,0,
anat_gain_yaw,flow,conf25,6,0,0,0,nan,nan,nan,nan,nan,nan,nan,nan,nan,nan,,18,nan,nan,0,
anat_gain_yaw,flow,conf50,6,0,0,0,nan,nan,nan,nan,nan,nan,nan,nan,nan,nan,,18,nan,nan,0,
anat_gain_yaw,flow,conf75,6,0,0,0,nan,nan,nan,nan,nan,nan,nan,nan,nan,nan,,18,nan,nan,0,
anat_gain_yaw,self,shuffle,6,0,0,0,nan,nan,nan,nan,nan,nan,nan,nan,nan,nan,1,18,nan,nan,0,1
anat_gain_yaw,self,randmat,6,0,0,0,nan,nan,nan,nan,nan,nan,nan,nan,nan,nan,,18,nan,nan,0,1
anat_gain_yaw,self,decorr,6,0,0,0,nan,nan,nan,nan,nan,nan,nan,nan,nan,nan,1,18,nan,nan,0,1
anat_gain_yaw,self,conf25,6,0,0,0,nan,nan,nan,nan,nan,nan,nan,nan,nan,nan,,18,nan,nan,0,1
anat_gain_yaw,self,conf50,6,0,0,0,nan,nan,nan,nan,nan,nan,nan,nan,nan,nan,,18,nan,nan,0,1
anat_gain_yaw,self,conf75,6,0,0,0,nan,nan,nan,nan,nan,nan,nan,nan,nan,nan,,18,nan,nan,0,1
anat_gain_yaw,shuffle,randmat,6,0,0,0,nan,nan,nan,nan,nan,nan,nan,nan,nan,nan,,18,nan,nan,0,
anat_gain_yaw,shuffle,decorr,6,0,0,0,nan,nan,nan,nan,nan,nan,nan,nan,nan,nan,,18,nan,nan,0,
anat_gain_yaw,shuffle,conf25,6,0,0,0,nan,nan,nan,nan,nan,nan,nan,nan,nan,nan,,18,nan,nan,0,
anat_gain_yaw,shuffle,conf50,6,0,0,0,nan,nan,nan,nan,nan,nan,nan,nan,nan,nan,,18,nan,nan,0,
anat_gain_yaw,shuffle,conf75,6,0,0,0,nan,nan,nan,nan,nan,nan,nan,nan,nan,nan,,18,nan,nan,0,
anat_gain_yaw,randmat,decorr,6,0,0,0,nan,nan,nan,nan,nan,nan,nan,nan,nan,nan,,18,nan,nan,0,
anat_gain_yaw,randmat,conf25,6,0,0,0,nan,nan,nan,nan,nan,nan,nan,nan,nan,nan,,18,nan,nan,0,
anat_gain_yaw,randmat,conf50,6,0,0,0,nan,nan,nan,nan,nan,nan,nan,nan,nan,nan,,18,nan,nan,0,
anat_gain_yaw,randmat,conf75,6,0,0,0,nan,nan,nan,nan,nan,nan,nan,nan,nan,nan,,18,nan,nan,0,
anat_gain_yaw,decorr,conf25,6,0,0,0,nan,nan,nan,nan,nan,nan,nan,nan,nan,nan,,18,nan,nan,0,
anat_gain_yaw,decorr,conf50,6,0,0,0,nan,nan,nan,nan,nan,nan,nan,nan,nan,nan,,18,nan,nan,0,
anat_gain_yaw,decorr,conf75,6,0,0,0,nan,nan,nan,nan,nan,nan,nan,nan,nan,nan,,18,nan,nan,0,
anat_gain_yaw,conf25,conf50,6,0,0,0,nan,nan,nan,nan,nan,nan,nan,nan,nan,nan,,18,nan,nan,0,
anat_gain_yaw,conf25,conf75,6,0,0,0,nan,nan,nan,nan,nan,nan,nan,nan,nan,nan,,18,nan,nan,0,
anat_gain_yaw,conf50,conf75,6,0,0,0,nan,nan,nan,nan,nan,nan,nan,nan,nan,nan,,18,nan,nan,0,
turned_deg,rest,flow,6,0,-60.8036,60.8036,60.6528,60.9544,-0,598.446,359.02,837.873,552.412,1036.54,5,1.58624e-14,,36,2.99124,0.00277843,-1,
turned_deg,rest,self,6,0,-60.8036,60.8036,60.6528,60.9544,-0,598.446,359.02,837.873,552.412,1036.54,5,1.58624e-14,,36,2.99124,0.00277843,-1,0.00274931
turned_deg,rest,shuffle,6,0,-60.8036,60.8036,60.6528,60.9544,-0,598.446,359.02,837.873,552.412,1036.54,5,1.58624e-14,,36,2.99124,0.00277843,-1,
turned_deg,rest,randmat,6,0,-60.8036,60.8036,60.6528,60.9544,-0,598.446,359.02,837.873,552.412,1036.54,5,1.58624e-14,,36,2.99124,0.00277843,-1,
turned_deg,rest,decorr,6,0,-60.8036,60.8036,60.6528,60.9544,-0,598.446,359.02,837.873,552.412,1036.54,5,1.58624e-14,,36,2.99124,0.00277843,-1,
turned_deg,rest,conf25,6,0,-60.8036,60.8036,60.6528,60.9544,-0,598.446,359.02,837.873,552.412,1036.54,5,1.58624e-14,,36,2.99124,0.00277843,-1,
turned_deg,rest,conf50,6,0,-60.8036,60.8036,60.6528,60.9544,-0,598.446,359.02,837.873,552.412,1036.54,5,1.58624e-14,,36,2.99124,0.00277843,-1,
turned_deg,rest,conf75,6,0,-60.8036,60.8036,60.6528,60.9544,-0,598.446,359.02,837.873,552.412,1036.54,5,1.58624e-14,,36,2.99124,0.00277843,-1,
turned_deg,flow,self,6,-60.8036,-60.8036,0,-0.184842,0.184842,1,0,-1.13159,1.13159,0,0,10,1,1,18,-0.0809174,0.935508,0,1
turned_deg,flow,shuffle,6,-60.8036,-60.8036,0,-0.184842,0.184842,1,0,-1.13159,1.13159,0,0,10,1,,18,-0.0809174,0.935508,0,
turned_deg,flow,randmat,6,-60.8036,-60.8036,0,-0.184842,0.184842,1,0,-1.13159,1.13159,0,0,10,1,,18,-0.0809174,0.935508,0,
turned_deg,flow,decorr,6,-60.8036,-60.8036,0,-0.184842,0.184842,1,0,-1.13159,1.13159,0,0,10,1,,18,-0.0809174,0.935508,0,
turned_deg,flow,conf25,6,-60.8036,-60.8036,0,-0.184842,0.184842,1,0,-1.13159,1.13159,0,0,10,1,,18,-0.0809174,0.935508,0,
turned_deg,flow,conf50,6,-60.8036,-60.8036,0,-0.184842,0.184842,1,0,-1.13159,1.13159,0,0,10,1,,18,-0.0809174,0.935508,0,
turned_deg,flow,conf75,6,-60.8036,-60.8036,0,-0.184842,0.184842,1,0,-1.13159,1.13159,0,0,10,1,,18,-0.0809174,0.935508,0,
turned_deg,self,shuffle,6,-60.8036,-60.8036,0,-0.184842,0.184842,1,0,-1.13159,1.13159,0,0,10,1,1,18,-0.0809174,0.935508,0,1
turned_deg,self,randmat,6,-60.8036,-60.8036,0,-0.184842,0.184842,1,0,-1.13159,1.13159,0,0,10,1,,18,-0.0809174,0.935508,0,1
turned_deg,self,decorr,6,-60.8036,-60.8036,0,-0.184842,0.184842,1,0,-1.13159,1.13159,0,0,10,1,1,18,-0.0809174,0.935508,0,1
turned_deg,self,conf25,6,-60.8036,-60.8036,0,-0.184842,0.184842,1,0,-1.13159,1.13159,0,0,10,1,,18,-0.0809174,0.935508,0,1
turned_deg,self,conf50,6,-60.8036,-60.8036,0,-0.184842,0.184842,1,0,-1.13159,1.13159,0,0,10,1,,18,-0.0809174,0.935508,0,1
turned_deg,self,conf75,6,-60.8036,-60.8036,0,-0.184842,0.184842,1,0,-1.13159,1.13159,0,0,10,1,,18,-0.0809174,0.935508,0,1
turned_deg,shuffle,randmat,6,-60.8036,-60.8036,0,-0.184842,0.184842,1,0,-1.13159,1.13159,0,0,10,1,,18,-0.0809174,0.935508,0,
turned_deg,shuffle,decorr,6,-60.8036,-60.8036,0,-0.184842,0.184842,1,0,-1.13159,1.13159,0,0,10,1,,18,-0.0809174,0.935508,0,
turned_deg,shuffle,conf25,6,-60.8036,-60.8036,0,-0.184842,0.184842,1,0,-1.13159,1.13159,0,0,10,1,,18,-0.0809174,0.935508,0,
turned_deg,shuffle,conf50,6,-60.8036,-60.8036,0,-0.184842,0.184842,1,0,-1.13159,1.13159,0,0,10,1,,18,-0.0809174,0.935508,0,
turned_deg,shuffle,conf75,6,-60.8036,-60.8036,0,-0.184842,0.184842,1,0,-1.13159,1.13159,0,0,10,1,,18,-0.0809174,0.935508,0,
turned_deg,randmat,decorr,6,-60.8036,-60.8036,0,-0.184842,0.184842,1,0,-1.13159,1.13159,0,0,10,1,,18,-0.0809174,0.935508,0,
turned_deg,randmat,conf25,6,-60.8036,-60.8036,0,-0.184842,0.184842,1,0,-1.13159,1.13159,0,0,10,1,,18,-0.0809174,0.935508,0,
turned_deg,randmat,conf50,6,-60.8036,-60.8036,0,-0.184842,0.184842,1,0,-1.13159,1.13159,0,0,10,1,,18,-0.0809174,0.935508,0,
turned_deg,randmat,conf75,6,-60.8036,-60.8036,0,-0.184842,0.184842,1,0,-1.13159,1.13159,0,0,10,1,,18,-0.0809174,0.935508,0,
turned_deg,decorr,conf25,6,-60.8036,-60.8036,0,-0.184842,0.184842,1,0,-1.13159,1.13159,0,0,10,1,,18,-0.0809174,0.935508,0,
turned_deg,decorr,conf50,6,-60.8036,-60.8036,0,-0.184842,0.184842,1,0,-1.13159,1.13159,0,0,10,1,,18,-0.0809174,0.935508,0,
turned_deg,decorr,conf75,6,-60.8036,-60.8036,0,-0.184842,0.184842,1,0,-1.13159,1.13159,0,0,10,1,,18,-0.0809174,0.935508,0,
turned_deg,conf25,conf50,6,-60.8036,-60.8036,0,-0.184842,0.184842,1,0,-1.13159,1.13159,0,0,10,1,,18,-0.0809174,0.935508,0,
turned_deg,conf25,conf75,6,-60.8036,-60.8036,0,-0.184842,0.184842,1,0,-1.13159,1.13159,0,0,10,1,,18,-0.0809174,0.935508,0,
turned_deg,conf50,conf75,6,-60.8036,-60.8036,0,-0.184842,0.184842,1,0,-1.13159,1.13159,0,0,10,1,,18,-0.0809174,0.935508,0,
ring_pc12_var,rest,flow,6,0,0,0,nan,nan,nan,nan,nan,nan,nan,nan,nan,nan,,18,nan,nan,0,
ring_pc12_var,rest,self,6,0,0,0,nan,nan,nan,nan,nan,nan,nan,nan,nan,nan,,18,nan,nan,0,1
ring_pc12_var,rest,shuffle,6,0,0,0,nan,nan,nan,nan,nan,nan,nan,nan,nan,nan,,18,nan,nan,0,
ring_pc12_var,rest,randmat,6,0,0,0,nan,nan,nan,nan,nan,nan,nan,nan,nan,nan,,18,nan,nan,0,
ring_pc12_var,rest,decorr,6,0,0,0,nan,nan,nan,nan,nan,nan,nan,nan,nan,nan,,18,nan,nan,0,
ring_pc12_var,rest,conf25,6,0,0,0,nan,nan,nan,nan,nan,nan,nan,nan,nan,nan,,18,nan,nan,0,
ring_pc12_var,rest,conf50,6,0,0,0,nan,nan,nan,nan,nan,nan,nan,nan,nan,nan,,18,nan,nan,0,
ring_pc12_var,rest,conf75,6,0,0,0,nan,nan,nan,nan,nan,nan,nan,nan,nan,nan,,18,nan,nan,0,
ring_pc12_var,flow,self,6,0,0,0,nan,nan,nan,nan,nan,nan,nan,nan,nan,nan,1,18,nan,nan,0,1
ring_pc12_var,flow,shuffle,6,0,0,0,nan,nan,nan,nan,nan,nan,nan,nan,nan,nan,,18,nan,nan,0,
ring_pc12_var,flow,randmat,6,0,0,0,nan,nan,nan,nan,nan,nan,nan,nan,nan,nan,,18,nan,nan,0,
ring_pc12_var,flow,decorr,6,0,0,0,nan,nan,nan,nan,nan,nan,nan,nan,nan,nan,,18,nan,nan,0,
ring_pc12_var,flow,conf25,6,0,0,0,nan,nan,nan,nan,nan,nan,nan,nan,nan,nan,,18,nan,nan,0,
ring_pc12_var,flow,conf50,6,0,0,0,nan,nan,nan,nan,nan,nan,nan,nan,nan,nan,,18,nan,nan,0,
ring_pc12_var,flow,conf75,6,0,0,0,nan,nan,nan,nan,nan,nan,nan,nan,nan,nan,,18,nan,nan,0,
ring_pc12_var,self,shuffle,6,0,0,0,nan,nan,nan,nan,nan,nan,nan,nan,nan,nan,1,18,nan,nan,0,1
ring_pc12_var,self,randmat,6,0,0,0,nan,nan,nan,nan,nan,nan,nan,nan,nan,nan,,18,nan,nan,0,1
ring_pc12_var,self,decorr,6,0,0,0,nan,nan,nan,nan,nan,nan,nan,nan,nan,nan,1,18,nan,nan,0,1
ring_pc12_var,self,conf25,6,0,0,0,nan,nan,nan,nan,nan,nan,nan,nan,nan,nan,,18,nan,nan,0,1
ring_pc12_var,self,conf50,6,0,0,0,nan,nan,nan,nan,nan,nan,nan,nan,nan,nan,,18,nan,nan,0,1
ring_pc12_var,self,conf75,6,0,0,0,nan,nan,nan,nan,nan,nan,nan,nan,nan,nan,,18,nan,nan,0,1
ring_pc12_var,shuffle,randmat,6,0,0,0,nan,nan,nan,nan,nan,nan,nan,nan,nan,nan,,18,nan,nan,0,
ring_pc12_var,shuffle,decorr,6,0,0,0,nan,nan,nan,nan,nan,nan,nan,nan,nan,nan,,18,nan,nan,0,
ring_pc12_var,shuffle,conf25,6,0,0,0,nan,nan,nan,nan,nan,nan,nan,nan,nan,nan,,18,nan,nan,0,
ring_pc12_var,shuffle,conf50,6,0,0,0,nan,nan,nan,nan,nan,nan,nan,nan,nan,nan,,18,nan,nan,0,
ring_pc12_var,shuffle,conf75,6,0,0,0,nan,nan,nan,nan,nan,nan,nan,nan,nan,nan,,18,nan,nan,0,
ring_pc12_var,randmat,decorr,6,0,0,0,nan,nan,nan,nan,nan,nan,nan,nan,nan,nan,,18,nan,nan,0,
ring_pc12_var,randmat,conf25,6,0,0,0,nan,nan,nan,nan,nan,nan,nan,nan,nan,nan,,18,nan,nan,0,
ring_pc12_var,randmat,conf50,6,0,0,0,nan,nan,nan,nan,nan,nan,nan,nan,nan,nan,,18,nan,nan,0,
ring_pc12_var,randmat,conf75,6,0,0,0,nan,nan,nan,nan,nan,nan,nan,nan,nan,nan,,18,nan,nan,0,
ring_pc12_var,decorr,conf25,6,0,0,0,nan,nan,nan,nan,nan,nan,nan,nan,nan,nan,,18,nan,nan,0,
ring_pc12_var,decorr,conf50,6,0,0,0,nan,nan,nan,nan,nan,nan,nan,nan,nan,nan,,18,nan,nan,0,
ring_pc12_var,decorr,conf75,6,0,0,0,nan,nan,nan,nan,nan,nan,nan,nan,nan,nan,,18,nan,nan,0,
ring_pc12_var,conf25,conf50,6,0,0,0,nan,nan,nan,nan,nan,nan,nan,nan,nan,nan,,18,nan,nan,0,
ring_pc12_var,conf25,conf75,6,0,0,0,nan,nan,nan,nan,nan,nan,nan,nan,nan,nan,,18,nan,nan,0,
ring_pc12_var,conf50,conf75,6,0,0,0,nan,nan,nan,nan,nan,nan,nan,nan,nan,nan,,18,nan,nan,0,
ring_loop,rest,flow,6,1,1,0,nan,nan,1,nan,nan,nan,nan,nan,nan,nan,,18,nan,nan,0,
ring_loop,rest,self,6,1,1,0,nan,nan,1,nan,nan,nan,nan,nan,nan,nan,,18,nan,nan,0,1
ring_loop,rest,shuffle,6,1,1,0,nan,nan,1,nan,nan,nan,nan,nan,nan,nan,,18,nan,nan,0,
ring_loop,rest,randmat,6,1,1,0,nan,nan,1,nan,nan,nan,nan,nan,nan,nan,,18,nan,nan,0,
ring_loop,rest,decorr,6,1,1,0,nan,nan,1,nan,nan,nan,nan,nan,nan,nan,,18,nan,nan,0,
ring_loop,rest,conf25,6,1,1,0,nan,nan,1,nan,nan,nan,nan,nan,nan,nan,,18,nan,nan,0,
ring_loop,rest,conf50,6,1,1,0,nan,nan,1,nan,nan,nan,nan,nan,nan,nan,,18,nan,nan,0,
ring_loop,rest,conf75,6,1,1,0,nan,nan,1,nan,nan,nan,nan,nan,nan,nan,,18,nan,nan,0,
ring_loop,flow,self,6,1,1,0,nan,nan,1,nan,nan,nan,nan,nan,nan,nan,1,18,nan,nan,0,1
ring_loop,flow,shuffle,6,1,1,0,nan,nan,1,nan,nan,nan,nan,nan,nan,nan,,18,nan,nan,0,
ring_loop,flow,randmat,6,1,1,0,nan,nan,1,nan,nan,nan,nan,nan,nan,nan,,18,nan,nan,0,
ring_loop,flow,decorr,6,1,1,0,nan,nan,1,nan,nan,nan,nan,nan,nan,nan,,18,nan,nan,0,
ring_loop,flow,conf25,6,1,1,0,nan,nan,1,nan,nan,nan,nan,nan,nan,nan,,18,nan,nan,0,
ring_loop,flow,conf50,6,1,1,0,nan,nan,1,nan,nan,nan,nan,nan,nan,nan,,18,nan,nan,0,
ring_loop,flow,conf75,6,1,1,0,nan,nan,1,nan,nan,nan,nan,nan,nan,nan,,18,nan,nan,0,
ring_loop,self,shuffle,6,1,1,0,nan,nan,1,nan,nan,nan,nan,nan,nan,nan,1,18,nan,nan,0,1
ring_loop,self,randmat,6,1,1,0,nan,nan,1,nan,nan,nan,nan,nan,nan,nan,,18,nan,nan,0,1
ring_loop,self,decorr,6,1,1,0,nan,nan,1,nan,nan,nan,nan,nan,nan,nan,1,18,nan,nan,0,1
ring_loop,self,conf25,6,1,1,0,nan,nan,1,nan,nan,nan,nan,nan,nan,nan,,18,nan,nan,0,1
ring_loop,self,conf50,6,1,1,0,nan,nan,1,nan,nan,nan,nan,nan,nan,nan,,18,nan,nan,0,1
ring_loop,self,conf75,6,1,1,0,nan,nan,1,nan,nan,nan,nan,nan,nan,nan,,18,nan,nan,0,1
ring_loop,shuffle,randmat,6,1,1,0,nan,nan,1,nan,nan,nan,nan,nan,nan,nan,,18,nan,nan,0,
ring_loop,shuffle,decorr,6,1,1,0,nan,nan,1,nan,nan,nan,nan,nan,nan,nan,,18,nan,nan,0,
ring_loop,shuffle,conf25,6,1,1,0,nan,nan,1,nan,nan,nan,nan,nan,nan,nan,,18,nan,nan,0,
ring_loop,shuffle,conf50,6,1,1,0,nan,nan,1,nan,nan,nan,nan,nan,nan,nan,,18,nan,nan,0,
ring_loop,shuffle,conf75,6,1,1,0,nan,nan,1,nan,nan,nan,nan,nan,nan,nan,,18,nan,nan,0,
ring_loop,randmat,decorr,6,1,1,0,nan,nan,1,nan,nan,nan,nan,nan,nan,nan,,18,nan,nan,0,
ring_loop,randmat,conf25,6,1,1,0,nan,nan,1,nan,nan,nan,nan,nan,nan,nan,,18,nan,nan,0,
ring_loop,randmat,conf50,6,1,1,0,nan,nan,1,nan,nan,nan,nan,nan,nan,nan,,18,nan,nan,0,
ring_loop,randmat,conf75,6,1,1,0,nan,nan,1,nan,nan,nan,nan,nan,nan,nan,,18,nan,nan,0,
ring_loop,decorr,conf25,6,1,1,0,nan,nan,1,nan,nan,nan,nan,nan,nan,nan,,18,nan,nan,0,
ring_loop,decorr,conf50,6,1,1,0,nan,nan,1,nan,nan,nan,nan,nan,nan,nan,,18,nan,nan,0,
ring_loop,decorr,conf75,6,1,1,0,nan,nan,1,nan,nan,nan,nan,nan,nan,nan,,18,nan,nan,0,
ring_loop,conf25,conf50,6,1,1,0,nan,nan,1,nan,nan,nan,nan,nan,nan,nan,,18,nan,nan,0,
ring_loop,conf25,conf75,6,1,1,0,nan,nan,1,nan,nan,nan,nan,nan,nan,nan,,18,nan,nan,0,
ring_loop,conf50,conf75,6,1,1,0,nan,nan,1,nan,nan,nan,nan,nan,nan,nan,,18,nan,nan,0,
ring_track_gain_yaw,rest,flow,6,0,0,0,nan,nan,nan,nan,nan,nan,nan,nan,nan,nan,,18,nan,nan,0,
ring_track_gain_yaw,rest,self,6,0,0,0,nan,nan,nan,nan,nan,nan,nan,nan,nan,nan,,18,nan,nan,0,1
ring_track_gain_yaw,rest,shuffle,6,0,0,0,nan,nan,nan,nan,nan,nan,nan,nan,nan,nan,,18,nan,nan,0,
ring_track_gain_yaw,rest,randmat,6,0,0,0,nan,nan,nan,nan,nan,nan,nan,nan,nan,nan,,18,nan,nan,0,
ring_track_gain_yaw,rest,decorr,6,0,0,0,nan,nan,nan,nan,nan,nan,nan,nan,nan,nan,,18,nan,nan,0,
ring_track_gain_yaw,rest,conf25,6,0,0,0,nan,nan,nan,nan,nan,nan,nan,nan,nan,nan,,18,nan,nan,0,
ring_track_gain_yaw,rest,conf50,6,0,0,0,nan,nan,nan,nan,nan,nan,nan,nan,nan,nan,,18,nan,nan,0,
ring_track_gain_yaw,rest,conf75,6,0,0,0,nan,nan,nan,nan,nan,nan,nan,nan,nan,nan,,18,nan,nan,0,
ring_track_gain_yaw,flow,self,6,0,0,0,nan,nan,nan,nan,nan,nan,nan,nan,nan,nan,1,18,nan,nan,0,1
ring_track_gain_yaw,flow,shuffle,6,0,0,0,nan,nan,nan,nan,nan,nan,nan,nan,nan,nan,,18,nan,nan,0,
ring_track_gain_yaw,flow,randmat,6,0,0,0,nan,nan,nan,nan,nan,nan,nan,nan,nan,nan,,18,nan,nan,0,
ring_track_gain_yaw,flow,decorr,6,0,0,0,nan,nan,nan,nan,nan,nan,nan,nan,nan,nan,,18,nan,nan,0,
ring_track_gain_yaw,flow,conf25,6,0,0,0,nan,nan,nan,nan,nan,nan,nan,nan,nan,nan,,18,nan,nan,0,
ring_track_gain_yaw,flow,conf50,6,0,0,0,nan,nan,nan,nan,nan,nan,nan,nan,nan,nan,,18,nan,nan,0,
ring_track_gain_yaw,flow,conf75,6,0,0,0,nan,nan,nan,nan,nan,nan,nan,nan,nan,nan,,18,nan,nan,0,
ring_track_gain_yaw,self,shuffle,6,0,0,0,nan,nan,nan,nan,nan,nan,nan,nan,nan,nan,1,18,nan,nan,0,1
ring_track_gain_yaw,self,randmat,6,0,0,0,nan,nan,nan,nan,nan,nan,nan,nan,nan,nan,,18,nan,nan,0,1
ring_track_gain_yaw,self,decorr,6,0,0,0,nan,nan,nan,nan,nan,nan,nan,nan,nan,nan,1,18,nan,nan,0,1
ring_track_gain_yaw,self,conf25,6,0,0,0,nan,nan,nan,nan,nan,nan,nan,nan,nan,nan,,18,nan,nan,0,1
ring_track_gain_yaw,self,conf50,6,0,0,0,nan,nan,nan,nan,nan,nan,nan,nan,nan,nan,,18,nan,nan,0,1
ring_track_gain_yaw,self,conf75,6,0,0,0,nan,nan,nan,nan,nan,nan,nan,nan,nan,nan,,18,nan,nan,0,1
ring_track_gain_yaw,shuffle,randmat,6,0,0,0,nan,nan,nan,nan,nan,nan,nan,nan,nan,nan,,18,nan,nan,0,
ring_track_gain_yaw,shuffle,decorr,6,0,0,0,nan,nan,nan,nan,nan,nan,nan,nan,nan,nan,,18,nan,nan,0,
ring_track_gain_yaw,shuffle,conf25,6,0,0,0,nan,nan,nan,nan,nan,nan,nan,nan,nan,nan,,18,nan,nan,0,
ring_track_gain_yaw,shuffle,conf50,6,0,0,0,nan,nan,nan,nan,nan,nan,nan,nan,nan,nan,,18,nan,nan,0,
ring_track_gain_yaw,shuffle,conf75,6,0,0,0,nan,nan,nan,nan,nan,nan,nan,nan,nan,nan,,18,nan,nan,0,
ring_track_gain_yaw,randmat,decorr,6,0,0,0,nan,nan,nan,nan,nan,nan,nan,nan,nan,nan,,18,nan,nan,0,
ring_track_gain_yaw,randmat,conf25,6,0,0,0,nan,nan,nan,nan,nan,nan,nan,nan,nan,nan,,18,nan,nan,0,
ring_track_gain_yaw,randmat,conf50,6,0,0,0,nan,nan,nan,nan,nan,nan,nan,nan,nan,nan,,18,nan,nan,0,
ring_track_gain_yaw,randmat,conf75,6,0,0,0,nan,nan,nan,nan,nan,nan,nan,nan,nan,nan,,18,nan,nan,0,
ring_track_gain_yaw,decorr,conf25,6,0,0,0,nan,nan,nan,nan,nan,nan,nan,nan,nan,nan,,18,nan,nan,0,
ring_track_gain_yaw,decorr,conf50,6,0,0,0,nan,nan,nan,nan,nan,nan,nan,nan,nan,nan,,18,nan,nan,0,
ring_track_gain_yaw,decorr,conf75,6,0,0,0,nan,nan,nan,nan,nan,nan,nan,nan,nan,nan,,18,nan,nan,0,
ring_track_gain_yaw,conf25,conf50,6,0,0,0,nan,nan,nan,nan,nan,nan,nan,nan,nan,nan,,18,nan,nan,0,
ring_track_gain_yaw,conf25,conf75,6,0,0,0,nan,nan,nan,nan,nan,nan,nan,nan,nan,nan,,18,nan,nan,0,
ring_track_gain_yaw,conf50,conf75,6,0,0,0,nan,nan,nan,nan,nan,nan,nan,nan,nan,nan,,18,nan,nan,0,
ring_lag_yaw_deg,rest,flow,6,0,-20.512,20.512,19.4732,21.5509,-0,29.3037,17.5255,41.0819,27.0496,50.7555,5,5.61155e-08,,36,2.99124,0.00277843,-1,
ring_lag_yaw_deg,rest,self,6,0,-20.512,20.512,19.4732,21.5509,-0,29.3037,17.5255,41.0819,27.0496,50.7555,5,5.61155e-08,,36,2.99124,0.00277843,-1,0.00274931
ring_lag_yaw_deg,rest,shuffle,6,0,-20.512,20.512,19.4732,21.5509,-0,29.3037,17.5255,41.0819,27.0496,50.7555,5,5.61155e-08,,36,2.99124,0.00277843,-1,
ring_lag_yaw_deg,rest,randmat,6,0,-20.512,20.512,19.4732,21.5509,-0,29.3037,17.5255,41.0819,27.0496,50.7555,5,5.61155e-08,,36,2.99124,0.00277843,-1,
ring_lag_yaw_deg,rest,decorr,6,0,-20.512,20.512,19.4732,21.5509,-0,29.3037,17.5255,41.0819,27.0496,50.7555,5,5.61155e-08,,36,2.99124,0.00277843,-1,
ring_lag_yaw_deg,rest,conf25,6,0,-20.512,20.512,19.4732,21.5509,-0,29.3037,17.5255,41.0819,27.0496,50.7555,5,5.61155e-08,,36,2.99124,0.00277843,-1,
ring_lag_yaw_deg,rest,conf50,6,0,-20.512,20.512,19.4732,21.5509,-0,29.3037,17.5255,41.0819,27.0496,50.7555,5,5.61155e-08,,36,2.99124,0.00277843,-1,
ring_lag_yaw_deg,rest,conf75,6,0,-20.512,20.512,19.4732,21.5509,-0,29.3037,17.5255,41.0819,27.0496,50.7555,5,5.61155e-08,,36,2.99124,0.00277843,-1,
ring_lag_yaw_deg,flow,self,6,-20.512,-20.512,0,-1.27345,1.27345,1,0,-1.13159,1.13159,0,0,10,1,1,18,-0.0809174,0.935508,0,1
ring_lag_yaw_deg,flow,shuffle,6,-20.512,-20.512,0,-1.27345,1.27345,1,0,-1.13159,1.13159,0,0,10,1,,18,-0.0809174,0.935508,0,
ring_lag_yaw_deg,flow,randmat,6,-20.512,-20.512,0,-1.27345,1.27345,1,0,-1.13159,1.13159,0,0,10,1,,18,-0.0809174,0.935508,0,
ring_lag_yaw_deg,flow,decorr,6,-20.512,-20.512,0,-1.27345,1.27345,1,0,-1.13159,1.13159,0,0,10,1,,18,-0.0809174,0.935508,0,
ring_lag_yaw_deg,flow,conf25,6,-20.512,-20.512,0,-1.27345,1.27345,1,0,-1.13159,1.13159,0,0,10,1,,18,-0.0809174,0.935508,0,
ring_lag_yaw_deg,flow,conf50,6,-20.512,-20.512,0,-1.27345,1.27345,1,0,-1.13159,1.13159,0,0,10,1,,18,-0.0809174,0.935508,0,
ring_lag_yaw_deg,flow,conf75,6,-20.512,-20.512,0,-1.27345,1.27345,1,0,-1.13159,1.13159,0,0,10,1,,18,-0.0809174,0.935508,0,
ring_lag_yaw_deg,self,shuffle,6,-20.512,-20.512,0,-1.27345,1.27345,1,0,-1.13159,1.13159,0,0,10,1,1,18,-0.0809174,0.935508,0,1
ring_lag_yaw_deg,self,randmat,6,-20.512,-20.512,0,-1.27345,1.27345,1,0,-1.13159,1.13159,0,0,10,1,,18,-0.0809174,0.935508,0,1
ring_lag_yaw_deg,self,decorr,6,-20.512,-20.512,0,-1.27345,1.27345,1,0,-1.13159,1.13159,0,0,10,1,1,18,-0.0809174,0.935508,0,1
ring_lag_yaw_deg,self,conf25,6,-20.512,-20.512,0,-1.27345,1.27345,1,0,-1.13159,1.13159,0,0,10,1,,18,-0.0809174,0.935508,0,1
ring_lag_yaw_deg,self,conf50,6,-20.512,-20.512,0,-1.27345,1.27345,1,0,-1.13159,1.13159,0,0,10,1,,18,-0.0809174,0.935508,0,1
ring_lag_yaw_deg,self,conf75,6,-20.512,-20.512,0,-1.27345,1.27345,1,0,-1.13159,1.13159,0,0,10,1,,18,-0.0809174,0.935508,0,1
ring_lag_yaw_deg,shuffle,randmat,6,-20.512,-20.512,0,-1.27345,1.27345,1,0,-1.13159,1.13159,0,0,10,1,,18,-0.0809174,0.935508,0,
ring_lag_yaw_deg,shuffle,decorr,6,-20.512,-20.512,0,-1.27345,1.27345,1,0,-1.13159,1.13159,0,0,10,1,,18,-0.0809174,0.935508,0,
ring_lag_yaw_deg,shuffle,conf25,6,-20.512,-20.512,0,-1.27345,1.27345,1,0,-1.13159,1.13159,0,0,10,1,,18,-0.0809174,0.935508,0,
ring_lag_yaw_deg,shuffle,conf50,6,-20.512,-20.512,0,-1.27345,1.27345,1,0,-1.13159,1.13159,0,0,10,1,,18,-0.0809174,0.935508,0,
ring_lag_yaw_deg,shuffle,conf75,6,-20.512,-20.512,0,-1.27345,1.27345,1,0,-1.13159,1.13159,0,0,10,1,,18,-0.0809174,0.935508,0,
ring_lag_yaw_deg,randmat,decorr,6,-20.512,-20.512,0,-1.27345,1.27345,1,0,-1.13159,1.13159,0,0,10,1,,18,-0.0809174,0.935508,0,
ring_lag_yaw_deg,randmat,conf25,6,-20.512,-20.512,0,-1.27345,1.27345,1,0,-1.13159,1.13159,0,0,10,1,,18,-0.0809174,0.935508,0,
ring_lag_yaw_deg,randmat,conf50,6,-20.512,-20.512,0,-1.27345,1.27345,1,0,-1.13159,1.13159,0,0,10,1,,18,-0.0809174,0.935508,0,
ring_lag_yaw_deg,randmat,conf75,6,-20.512,-20.512,0,-1.27345,1.27345,1,0,-1.13159,1.13159,0,0,10,1,,18,-0.0809174,0.935508,0,
ring_lag_yaw_deg,decorr,conf25,6,-20.512,-20.512,0,-1.27345,1.27345,1,0,-1.13159,1.13159,0,0,10,1,,18,-0.0809174,0.935508,0,
ring_lag_yaw_deg,decorr,conf50,6,-20.512,-20.512,0,-1.27345,1.27345,1,0,-1.13159,1.13159,0,0,10,1,,18,-0.0809174,0.935508,0,
ring_lag_yaw_deg,decorr,conf75,6,-20.512,-20.512,0,-1.27345,1.27345,1,0,-1.13159,1.13159,0,0,10,1,,18,-0.0809174,0.935508,0,
ring_lag_yaw_deg,conf25,conf50,6,-20.512,-20.512,0,-1.27345,1.27345,1,0,-1.13159,1.13159,0,0,10,1,,18,-0.0809174,0.935508,0,
ring_lag_yaw_deg,conf25,conf75,6,-20.512,-20.512,0,-1.27345,1.27345,1,0,-1.13159,1.13159,0,0,10,1,,18,-0.0809174,0.935508,0,
ring_lag_yaw_deg,conf50,conf75,6,-20.512,-20.512,0,-1.27345,1.27345,1,0,-1.13159,1.13159,0,0,10,1,,18,-0.0809174,0.935508,0,
ring_track_gain_head,rest,flow,6,0,0,0,nan,nan,nan,nan,nan,nan,nan,nan,nan,nan,,18,nan,nan,0,
ring_track_gain_head,rest,self,6,0,0,0,nan,nan,nan,nan,nan,nan,nan,nan,nan,nan,,18,nan,nan,0,1
ring_track_gain_head,rest,shuffle,6,0,0,0,nan,nan,nan,nan,nan,nan,nan,nan,nan,nan,,18,nan,nan,0,
ring_track_gain_head,rest,randmat,6,0,0,0,nan,nan,nan,nan,nan,nan,nan,nan,nan,nan,,18,nan,nan,0,
ring_track_gain_head,rest,decorr,6,0,0,0,nan,nan,nan,nan,nan,nan,nan,nan,nan,nan,,18,nan,nan,0,
ring_track_gain_head,rest,conf25,6,0,0,0,nan,nan,nan,nan,nan,nan,nan,nan,nan,nan,,18,nan,nan,0,
ring_track_gain_head,rest,conf50,6,0,0,0,nan,nan,nan,nan,nan,nan,nan,nan,nan,nan,,18,nan,nan,0,
ring_track_gain_head,rest,conf75,6,0,0,0,nan,nan,nan,nan,nan,nan,nan,nan,nan,nan,,18,nan,nan,0,
ring_track_gain_head,flow,self,6,0,0,0,nan,nan,nan,nan,nan,nan,nan,nan,nan,nan,1,18,nan,nan,0,1
ring_track_gain_head,flow,shuffle,6,0,0,0,nan,nan,nan,nan,nan,nan,nan,nan,nan,nan,,18,nan,nan,0,
ring_track_gain_head,flow,randmat,6,0,0,0,nan,nan,nan,nan,nan,nan,nan,nan,nan,nan,,18,nan,nan,0,
ring_track_gain_head,flow,decorr,6,0,0,0,nan,nan,nan,nan,nan,nan,nan,nan,nan,nan,,18,nan,nan,0,
ring_track_gain_head,flow,conf25,6,0,0,0,nan,nan,nan,nan,nan,nan,nan,nan,nan,nan,,18,nan,nan,0,
ring_track_gain_head,flow,conf50,6,0,0,0,nan,nan,nan,nan,nan,nan,nan,nan,nan,nan,,18,nan,nan,0,
ring_track_gain_head,flow,conf75,6,0,0,0,nan,nan,nan,nan,nan,nan,nan,nan,nan,nan,,18,nan,nan,0,
ring_track_gain_head,self,shuffle,6,0,0,0,nan,nan,nan,nan,nan,nan,nan,nan,nan,nan,1,18,nan,nan,0,1
ring_track_gain_head,self,randmat,6,0,0,0,nan,nan,nan,nan,nan,nan,nan,nan,nan,nan,,18,nan,nan,0,1
ring_track_gain_head,self,decorr,6,0,0,0,nan,nan,nan,nan,nan,nan,nan,nan,nan,nan,1,18,nan,nan,0,1
ring_track_gain_head,self,conf25,6,0,0,0,nan,nan,nan,nan,nan,nan,nan,nan,nan,nan,,18,nan,nan,0,1
ring_track_gain_head,self,conf50,6,0,0,0,nan,nan,nan,nan,nan,nan,nan,nan,nan,nan,,18,nan,nan,0,1
ring_track_gain_head,self,conf75,6,0,0,0,nan,nan,nan,nan,nan,nan,nan,nan,nan,nan,,18,nan,nan,0,1
ring_track_gain_head,shuffle,randmat,6,0,0,0,nan,nan,nan,nan,nan,nan,nan,nan,nan,nan,,18,nan,nan,0,
ring_track_gain_head,shuffle,decorr,6,0,0,0,nan,nan,nan,nan,nan,nan,nan,nan,nan,nan,,18,nan,nan,0,
ring_track_gain_head,shuffle,conf25,6,0,0,0,nan,nan,nan,nan,nan,nan,nan,nan,nan,nan,,18,nan,nan,0,
ring_track_gain_head,shuffle,conf50,6,0,0,0,nan,nan,nan,nan,nan,nan,nan,nan,nan,nan,,18,nan,nan,0,
ring_track_gain_head,shuffle,conf75,6,0,0,0,nan,nan,nan,nan,nan,nan,nan,nan,nan,nan,,18,nan,nan,0,
ring_track_gain_head,randmat,decorr,6,0,0,0,nan,nan,nan,nan,nan,nan,nan,nan,nan,nan,,18,nan,nan,0,
ring_track_gain_head,randmat,conf25,6,0,0,0,nan,nan,nan,nan,nan,nan,nan,nan,nan,nan,,18,nan,nan,0,
ring_track_gain_head,randmat,conf50,6,0,0,0,nan,nan,nan,nan,nan,nan,nan,nan,nan,nan,,18,nan,nan,0,
ring_track_gain_head,randmat,conf75,6,0,0,0,nan,nan,nan,nan,nan,nan,nan,nan,nan,nan,,18,nan,nan,0,
ring_track_gain_head,decorr,conf25,6,0,0,0,nan,nan,nan,nan,nan,nan,nan,nan,nan,nan,,18,nan,nan,0,
ring_track_gain_head,decorr,conf50,6,0,0,0,nan,nan,nan,nan,nan,nan,nan,nan,nan,nan,,18,nan,nan,0,
ring_track_gain_head,decorr,conf75,6,0,0,0,nan,nan,nan,nan,nan,nan,nan,nan,nan,nan,,18,nan,nan,0,
ring_track_gain_head,conf25,conf50,6,0,0,0,nan,nan,nan,nan,nan,nan,nan,nan,nan,nan,,18,nan,nan,0,
ring_track_gain_head,conf25,conf75,6,0,0,0,nan,nan,nan,nan,nan,nan,nan,nan,nan,nan,,18,nan,nan,0,
ring_track_gain_head,conf50,conf75,6,0,0,0,nan,nan,nan,nan,nan,nan,nan,nan,nan,nan,,18,nan,nan,0,
ring_lag_head_deg,rest,flow,6,0,-92.9046,92.9046,92.874,92.9353,-0,4497.64,2698.24,6297.04,4151.67,7790.14,5,6.61572e-19,,36,2.99124,0.00277843,-1,
ring_lag_head_deg,rest,self,6,0,-92.9046,92.9046,92.874,92.9353,-0,4497.64,2698.24,6297.04,4151.67,7790.14,5,6.61572e-19,,36,2.99124,0.00277843,-1,0.00274931
ring_lag_head_deg,rest,shuffle,6,0,-92.9046,92.9046,92.874,92.9353,-0,4497.64,2698.24,6297.04,4151.67,7790.14,5,6.61572e-19,,36,2.99124,0.00277843,-1,
ring_lag_head_deg,rest,randmat,6,0,-92.9046,92.9046,92.874,92.9353,-0,4497.64,2698.24,6297.04,4151.67,7790.14,5,6.61572e-19,,36,2.99124,0.00277843,-1,
ring_lag_head_deg,rest,decorr,6,0,-92.9046,92.9046,92.874,92.9353,-0,4497.64,2698.24,6297.04,4151.67,7790.14,5,6.61572e-19,,36,2.99124,0.00277843,-1,
ring_lag_head_deg,rest,conf25,6,0,-92.9046,92.9046,92.874,92.9353,-0,4497.64,2698.24,6297.04,4151.67,7790.14,5,6.61572e-19,,36,2.99124,0.00277843,-1,
ring_lag_head_deg,rest,conf50,6,0,-92.9046,92.9046,92.874,92.9353,-0,4497.64,2698.24,6297.04,4151.67,7790.14,5,6.61572e-19,,36,2.99124,0.00277843,-1,
ring_lag_head_deg,rest,conf75,6,0,-92.9046,92.9046,92.874,92.9353,-0,4497.64,2698.24,6297.04,4151.67,7790.14,5,6.61572e-19,,36,2.99124,0.00277843,-1,
ring_lag_head_deg,flow,self,6,-92.9046,-92.9046,0,-0.0375793,0.0375793,1,0,-1.13159,1.13159,0,0,10,1,1,18,-0.0809174,0.935508,0,1
ring_lag_head_deg,flow,shuffle,6,-92.9046,-92.9046,0,-0.0375793,0.0375793,1,0,-1.13159,1.13159,0,0,10,1,,18,-0.0809174,0.935508,0,
ring_lag_head_deg,flow,randmat,6,-92.9046,-92.9046,0,-0.0375793,0.0375793,1,0,-1.13159,1.13159,0,0,10,1,,18,-0.0809174,0.935508,0,
ring_lag_head_deg,flow,decorr,6,-92.9046,-92.9046,0,-0.0375793,0.0375793,1,0,-1.13159,1.13159,0,0,10,1,,18,-0.0809174,0.935508,0,
ring_lag_head_deg,flow,conf25,6,-92.9046,-92.9046,0,-0.0375793,0.0375793,1,0,-1.13159,1.13159,0,0,10,1,,18,-0.0809174,0.935508,0,
ring_lag_head_deg,flow,conf50,6,-92.9046,-92.9046,0,-0.0375793,0.0375793,1,0,-1.13159,1.13159,0,0,10,1,,18,-0.0809174,0.935508,0,
ring_lag_head_deg,flow,conf75,6,-92.9046,-92.9046,0,-0.0375793,0.0375793,1,0,-1.13159,1.13159,0,0,10,1,,18,-0.0809174,0.935508,0,
ring_lag_head_deg,self,shuffle,6,-92.9046,-92.9046,0,-0.0375793,0.0375793,1,0,-1.13159,1.13159,0,0,10,1,1,18,-0.0809174,0.935508,0,1
ring_lag_head_deg,self,randmat,6,-92.9046,-92.9046,0,-0.0375793,0.0375793,1,0,-1.13159,1.13159,0,0,10,1,,18,-0.0809174,0.935508,0,1
ring_lag_head_deg,self,decorr,6,-92.9046,-92.9046,0,-0.0375793,0.0375793,1,0,-1.13159,1.13159,0,0,10,1,1,18,-0.0809174,0.935508,0,1
ring_lag_head_deg,self,conf25,6,-92.9046,-92.9046,0,-0.0375793,0.0375793,1,0,-1.13159,1.13159,0,0,10,1,,18,-0.0809174,0.935508,0,1
ring_lag_head_deg,self,conf50,6,-92.9046,-92.9046,0,-0.0375793,0.0375793,1,0,-1.13159,1.13159,0,0,10,1,,18,-0.0809174,0.935508,0,1
ring_lag_head_deg,self,conf75,6,-92.9046,-92.9046,0,-0.0375793,0.0375793,1,0,-1.13159,1.13159,0,0,10,1,,18,-0.0809174,0.935508,0,1
ring_lag_head_deg,shuffle,randmat,6,-92.9046,-92.9046,0,-0.0375793,0.0375793,1,0,-1.13159,1.13159,0,0,10,1,,18,-0.0809174,0.935508,0,
ring_lag_head_deg,shuffle,decorr,6,-92.9046,-92.9046,0,-0.0375793,0.0375793,1,0,-1.13159,1.13159,0,0,10,1,,18,-0.0809174,0.935508,0,
ring_lag_head_deg,shuffle,conf25,6,-92.9046,-92.9046,0,-0.0375793,0.0375793,1,0,-1.13159,1.13159,0,0,10,1,,18,-0.0809174,0.935508,0,
ring_lag_head_deg,shuffle,conf50,6,-92.9046,-92.9046,0,-0.0375793,0.0375793,1,0,-1.13159,1.13159,0,0,10,1,,18,-0.0809174,0.935508,0,
ring_lag_head_deg,shuffle,conf75,6,-92.9046,-92.9046,0,-0.0375793,0.0375793,1,0,-1.13159,1.13159,0,0,10,1,,18,-0.0809174,0.935508,0,
ring_lag_head_deg,randmat,decorr,6,-92.9046,-92.9046,0,-0.0375793,0.0375793,1,0,-1.13159,1.13159,0,0,10,1,,18,-0.0809174,0.935508,0,
ring_lag_head_deg,randmat,conf25,6,-92.9046,-92.9046,0,-0.0375793,0.0375793,1,0,-1.13159,1.13159,0,0,10,1,,18,-0.0809174,0.935508,0,
ring_lag_head_deg,randmat,conf50,6,-92.9046,-92.9046,0,-0.0375793,0.0375793,1,0,-1.13159,1.13159,0,0,10,1,,18,-0.0809174,0.935508,0,
ring_lag_head_deg,randmat,conf75,6,-92.9046,-92.9046,0,-0.0375793,0.0375793,1,0,-1.13159,1.13159,0,0,10,1,,18,-0.0809174,0.935508,0,
ring_lag_head_deg,decorr,conf25,6,-92.9046,-92.9046,0,-0.0375793,0.0375793,1,0,-1.13159,1.13159,0,0,10,1,,18,-0.0809174,0.935508,0,
ring_lag_head_deg,decorr,conf50,6,-92.9046,-92.9046,0,-0.0375793,0.0375793,1,0,-1.13159,1.13159,0,0,10,1,,18,-0.0809174,0.935508,0,
ring_lag_head_deg,decorr,conf75,6,-92.9046,-92.9046,0,-0.0375793,0.0375793,1,0,-1.13159,1.13159,0,0,10,1,,18,-0.0809174,0.935508,0,
ring_lag_head_deg,conf25,conf50,6,-92.9046,-92.9046,0,-0.0375793,0.0375793,1,0,-1.13159,1.13159,0,0,10,1,,18,-0.0809174,0.935508,0,
ring_lag_head_deg,conf25,conf75,6,-92.9046,-92.9046,0,-0.0375793,0.0375793,1,0,-1.13159,1.13159,0,0,10,1,,18,-0.0809174,0.935508,0,
ring_lag_head_deg,conf50,conf75,6,-92.9046,-92.9046,0,-0.0375793,0.0375793,1,0,-1.13159,1.13159,0,0,10,1,,18,-0.0809174,0.935508,0,
cx_yaw_modulation_hz,rest,flow,6,0,0.791461,-0.791461,-0.797878,-0.785043,0,-183.024,-256.256,-109.792,-168.945,-317.007,5,5.92806e-12,,0,-2.99124,0.00277843,1,
cx_yaw_modulation_hz,rest,self,6,0,0.281739,-0.281739,-0.285268,-0.278209,0,-118.474,-165.886,-71.0619,-109.361,-205.203,5,5.21524e-11,,0,-2.99124,0.00277843,1,0.00274931
cx_yaw_modulation_hz,rest,shuffle,6,0,0.703369,-0.703369,-0.712191,-0.694548,0,-118.332,-165.687,-70.9766,-109.229,-204.957,5,5.24665e-11,,0,-2.99124,0.00277843,1,
cx_yaw_modulation_hz,rest,randmat,6,0,0.180016,-0.180016,-0.187714,-0.172318,0,-34.7069,-48.6383,-20.7755,-32.0371,-60.1141,5,2.41065e-08,,0,-2.99124,0.00277843,1,
cx_yaw_modulation_hz,rest,decorr,6,0,0.295269,-0.295269,-0.33104,-0.259498,0,-12.2508,-17.2809,-7.22059,-11.3084,-21.2189,5,4.30929e-06,,0,-2.99124,0.00277843,1,
cx_yaw_modulation_hz,rest,conf25,6,0,0.286022,-0.286022,-0.298129,-0.273915,0,-35.0608,-49.1334,-20.9883,-32.3639,-60.7272,5,2.29154e-08,,0,-2.99124,0.00277843,1,
cx_yaw_modulation_hz,rest,conf50,6,0,0.273446,-0.273446,-0.293388,-0.253504,0,-20.3505,-28.5705,-12.1305,-18.7851,-35.2481,5,3.45849e-07,,0,-2.99124,0.00277843,1,
cx_yaw_modulation_hz,rest,conf75,6,0,0.280064,-0.280064,-0.307035,-0.253093,0,-15.4108,-21.6793,-9.14234,-14.2254,-26.6923,5,1.37994e-06,,0,-2.99124,0.00277843,1,
cx_yaw_modulation_hz,flow,self,6,0.791461,0.281739,0.509722,0.503118,0.516326,2.8092,103.285,61.9477,144.622,95.3401,178.895,7.77076,2.4992e-15,7.4976e-15,36,2.80224,0.00507487,-1,0.00274931
cx_yaw_modulation_hz,flow,shuffle,6,0.791461,0.703369,0.088091,0.0785122,0.0976698,1.12524,11.9842,7.05786,16.9105,11.0623,20.7572,9.13452,5.34393e-09,,36,2.80224,0.00507487,-1,
cx_yaw_modulation_hz,flow,randmat,6,0.791461,0.180016,0.611445,0.602719,0.62017,4.39662,90.5448,54.3023,126.787,83.5798,156.828,9.68662,8.07243e-18,,36,2.80224,0.00507487,-1,
cx_yaw_modulation_hz,flow,decorr,6,0.791461,0.295269,0.496192,0.4605,0.531883,2.68047,20.2635,12.078,28.449,18.7048,35.0974,5.32158,1.6706e-07,,36,2.80224,0.00507487,-1,
cx_yaw_modulation_hz,flow,conf25,6,0.791461,0.286022,0.505438,0.493033,0.517843,2.76713,54.7417,32.8117,76.6718,50.5308,94.8154,7.60426,5.79584e-13,,36,2.80224,0.00507487,-1,
cx_yaw_modulation_hz,flow,conf50,6,0.791461,0.273446,0.518015,0.498093,0.537936,2.8944,36.6983,21.9726,51.4239,33.8753,63.5633,6.02475,9.50449e-10,,36,2.80224,0.00507487,-1,
cx_yaw_modulation_hz,flow,conf75,6,0.791461,0.280064,0.511397,0.484497,0.538296,2.826,27.3758,16.3651,38.3865,25.27,47.4163,5.5644,1.80133e-08,,36,2.80224,0.00507487,-1,
cx_yaw_modulation_hz,self,shuffle,6,0.281739,0.703369,-0.421631,-0.430491,-0.412771,0.400555,-65.8583,-92.2309,-39.4857,-60.7923,-114.07,6.56062,4.56949e-12,9.13899e-12,0,-2.80224,0.00507487,1,0.00274931
cx_yaw_modulation_hz,self,randmat,6,0.281739,0.180016,0.101723,0.0939358,0.10951,1.56508,17.8276,10.606,25.0492,16.4562,30.8783,7.01315,9.39128e-09,,36,2.80224,0.00507487,-1,0.00274931
cx_yaw_modulation_hz,self,decorr,6,0.281739,0.295269,-0.0135305,-0.0492693,0.0222083,0.954176,-0.55867,-1.71212,0.594778,-0.515695,-0.967645,5.09734,0.37686,0.37686,18,-0.0800641,0.936186,0,0.424144
cx_yaw_modulation_hz,self,conf25,6,0.281739,0.286022,-0.00428367,-0.0163665,0.00779914,0.985023,-0.504114,-1.65353,0.645305,-0.465336,-0.87315,5.84366,0.417012,,10,-1.20096,0.229766,0.444444,0.430142
cx_yaw_modulation_hz,self,conf50,6,0.281739,0.273446,0.00829283,-0.0116054,0.0281911,1.03033,0.607729,-0.549683,1.76514,0.560981,1.05262,5.31292,0.338016,,24,0.880705,0.378478,-0.333333,0.306423
cx_yaw_modulation_hz,self,conf75,6,0.281739,0.280064,0.00167467,-0.025258,0.0286073,1.00598,0.0913715,-1.0408,1.22355,0.0843429,0.15826,5.17118,0.880247,,20,0.240192,0.810181,-0.111111,0.942014
cx_yaw_modulation_hz,shuffle,randmat,6,0.703369,0.180016,0.523354,0.51318,0.533527,3.90726,66.3409,39.7754,92.9064,61.2378,114.906,9.81985,1.07723e-16,,36,2.80224,0.00507487,-1,
cx_yaw_modulation_hz,shuffle,decorr,6,0.703369,0.295269,0.4081,0.372424,0.443777,2.38213,16.4396,9.76588,23.1133,15.175,28.4742,5.60597,2.79192e-07,,36,2.80224,0.00507487,-1,
cx_yaw_modulation_hz,shuffle,conf25,6,0.703369,0.286022,0.417347,0.404195,0.430499,2.45914,41.3473,24.7666,57.9281,38.1668,71.6157,9.14164,6.93767e-14,,36,2.80224,0.00507487,-1,
cx_yaw_modulation_hz,shuffle,conf50,6,0.703369,0.273446,0.429924,0.409797,0.450051,2.57225,29.2608,17.4997,41.0219,27.01,50.6812,6.88474,4.07962e-10,,36,2.80224,0.00507487,-1,
cx_yaw_modulation_hz,shuffle,conf75,6,0.703369,0.280064,0.423306,0.396356,0.450256,2.51146,22.1388,13.2096,31.0679,20.4358,38.3455,6.05769,1.83671e-08,,36,2.80224,0.00507487,-1,
cx_yaw_modulation_hz,randmat,decorr,6,0.180016,0.295269,-0.115253,-0.150931,-0.0795755,0.609667,-4.67485,-6.86083,-2.48888,-4.31525,-8.09708,5.46211,0.000304496,,0,-2.80224,0.00507487,1,
cx_yaw_modulation_hz,randmat,conf25,6,0.180016,0.286022,-0.106006,-0.118752,-0.0932602,0.629377,-10.9656,-15.4963,-6.43497,-10.1221,-18.9931,8.47459,3.04498e-08,,0,-2.80224,0.00507487,1,
cx_yaw_modulation_hz,randmat,conf50,6,0.180016,0.273446,-0.0934298,-0.113433,-0.0734267,0.658324,-6.48678,-9.31796,-3.6556,-5.9878,-11.2354,6.45768,1.77692e-05,,0,-2.80224,0.00507487,1,
cx_yaw_modulation_hz,randmat,conf75,6,0.180016,0.280064,-0.100048,-0.126961,-0.0731351,0.642767,-5.29386,-7.69515,-2.89258,-4.88664,-9.16924,5.8092,0.000113971,,0,-2.80224,0.00507487,1,
cx_yaw_modulation_hz,decorr,conf25,6,0.295269,0.286022,0.00924683,-0.0265153,0.0450089,1.03233,0.363401,-0.777486,1.50429,0.335447,0.629429,6.13079,0.551788,,19,0.0800641,0.936186,-0.0555556,
cx_yaw_modulation_hz,decorr,conf50,6,0.295269,0.273446,0.0218233,-0.015051,0.0586977,1.07981,0.790857,-0.384131,1.96585,0.730022,1.3698,7.83423,0.208718,,25,1.04083,0.297953,-0.388889,
cx_yaw_modulation_hz,decorr,conf75,6,0.295269,0.280064,0.0152052,-0.0240282,0.0544385,1.05429,0.503721,-0.64567,1.65311,0.464973,0.872471,9.29654,0.404922,,25,1.04083,0.297953,-0.388889,
cx_yaw_modulation_hz,conf25,conf50,6,0.286022,0.273446,0.0125765,-0.00824401,0.033397,1.04599,0.800064,-0.375921,1.97605,0.738521,1.38575,8.24515,0.202151,,25,1.04083,0.297953,-0.388889,
cx_yaw_modulation_hz,conf25,conf75,6,0.286022,0.280064,0.00595833,-0.0212877,0.0332043,1.02127,0.29911,-0.838786,1.43701,0.276101,0.518073,6.93645,0.620517,,22,0.560449,0.575174,-0.222222,
cx_yaw_modulation_hz,conf50,conf75,6,0.273446,0.280064,-0.00661817,-0.0360348,0.0227985,0.976369,-0.292824,-1.43046,0.84481,-0.270299,-0.507187,9.2089,0.623946,,15,-0.40032,0.688921,0.166667,
cx_tuning_wire_corr,rest,flow,6,0,0.263458,-0.263458,-0.269912,-0.257003,0,-60.5781,-84.8403,-36.3158,-55.9182,-104.924,5,1.49108e-09,,0,-2.99124,0.00277843,1,
cx_tuning_wire_corr,rest,self,6,0,0.174916,-0.174916,-0.186693,-0.163138,0,-22.0419,-30.9326,-13.1512,-20.3464,-38.1777,5,2.3231e-07,,0,-2.99124,0.00277843,1,0.00274931
cx_tuning_wire_corr,rest,shuffle,6,0,0.269962,-0.269962,-0.272387,-0.267536,0,-165.167,-231.256,-99.0779,-152.462,-286.077,5,9.90443e-12,,0,-2.99124,0.00277843,1,
cx_tuning_wire_corr,rest,randmat,6,0,0.308807,-0.308807,-0.319839,-0.297775,0,-41.5445,-58.2039,-24.885,-38.3487,-71.9571,5,9.81832e-09,,0,-2.99124,0.00277843,1,
cx_tuning_wire_corr,rest,decorr,6,0,0.169409,-0.169409,-0.214207,-0.12461,0,-5.61234,-8.12672,-3.09795,-5.18062,-9.72085,5,0.000195776,,0,-2.99124,0.00277843,1,
cx_tuning_wire_corr,rest,conf25,6,0,0.174631,-0.174631,-0.190849,-0.158413,0,-15.9804,-22.4732,-9.48767,-14.7512,-27.6789,5,1.15214e-06,,0,-2.99124,0.00277843,1,
cx_tuning_wire_corr,rest,conf50,6,0,0.169817,-0.169817,-0.192433,-0.147201,0,-11.1439,-15.7437,-6.54412,-10.2867,-19.3018,5,6.88506e-06,,0,-2.99124,0.00277843,1,
cx_tuning_wire_corr,rest,conf75,6,0,0.170591,-0.170591,-0.201467,-0.139714,0,-8.19971,-11.6699,-4.72952,-7.56896,-14.2023,5,3.11682e-05,,0,-2.99124,0.00277843,1,
cx_tuning_wire_corr,flow,self,6,0.263458,0.174916,0.0885422,0.0764277,0.100657,1.5062,9.78454,5.70971,13.8594,9.03188,16.9473,7.755,2.09213e-07,6.27638e-07,36,2.80224,0.00507487,-1,0.00274931
cx_tuning_wire_corr,flow,shuffle,6,0.263458,0.269962,-0.00650383,-0.0129727,-3.49415e-05,0.975908,-1.39986,-2.66246,-0.137267,-1.29218,-2.42463,6.3848,0.0490937,,10,-1.20096,0.229766,0.444444,
cx_tuning_wire_corr,flow,randmat,6,0.263458,0.308807,-0.0453493,-0.0567992,-0.0338994,0.853147,-5.26584,-7.65724,-2.87443,-4.86077,-9.1207,8.06419,1.59472e-05,,0,-2.80224,0.00507487,1,
cx_tuning_wire_corr,flow,decorr,6,0.263458,0.169409,0.0940488,0.0493249,0.138773,1.55516,3.08389,1.40976,4.75803,2.84667,5.34146,5.2075,0.00272799,,36,2.80224,0.00507487,-1,
cx_tuning_wire_corr,flow,conf25,6,0.263458,0.174631,0.0888267,0.0725408,0.105113,1.50865,7.55237,4.3259,10.7788,6.97142,13.0811,6.54513,6.19296e-06,,36,2.80224,0.00507487,-1,
cx_tuning_wire_corr,flow,conf50,6,0.263458,0.169817,0.0936405,0.0710735,0.116208,1.55142,5.90902,3.28809,8.52994,5.45448,10.2347,5.80915,6.21747e-05,,36,2.80224,0.00507487,-1,
cx_tuning_wire_corr,flow,conf75,6,0.263458,0.170591,0.0928672,0.0620695,0.123665,1.54439,4.36936,2.28699,6.45173,4.03326,7.56796,5.43616,0.000438509,,36,2.80224,0.00507487,-1,
cx_tuning_wire_corr,self,shuffle,6,0.174916,0.269962,-0.095046,-0.106794,-0.0832983,0.647928,-11.7309,-16.5587,-6.90318,-10.8286,-20.3186,5.42347,2.50863e-06,5.01727e-06,0,-2.80224,0.00507487,1,0.00274931
cx_tuning_wire_corr,self,randmat,6,0.174916,0.308807,-0.133891,-0.147887,-0.119896,0.566423,-12.3139,-17.3687,-7.25914,-11.3667,-21.3284,9.95752,1.21758e-09,,0,-2.80224,0.00507487,1,0.00274931
cx_tuning_wire_corr,self,decorr,6,0.174916,0.169409,0.00550667,-0.0391788,0.0501922,1.03251,0.176435,-0.95735,1.31022,0.162863,0.305594,5.68787,0.770787,0.770787,22,0.560449,0.575174,-0.222222,0.757311
cx_tuning_wire_corr,self,conf25,6,0.174916,0.174631,0.0002845,-0.017317,0.017886,1.00163,0.021066,-1.11055,1.15268,0.0194455,0.0364873,9.12602,0.971679,,18,-0.0800641,0.936186,0,0.980005
cx_tuning_wire_corr,self,conf50,6,0.174916,0.169817,0.00509833,-0.0180292,0.0282259,1.03002,0.296742,-0.841055,1.43454,0.273915,0.513972,7.52609,0.622016,,21,0.40032,0.688921,-0.166667,0.5996
cx_tuning_wire_corr,self,conf75,6,0.174916,0.170591,0.004325,-0.0266342,0.0352842,1.02535,0.194238,-0.940013,1.32849,0.179296,0.336429,6.42478,0.747266,,21,0.40032,0.688921,-0.166667,0.738315
cx_tuning_wire_corr,shuffle,randmat,6,0.269962,0.308807,-0.0388455,-0.0498483,-0.0278427,0.874208,-5.10403,-7.43861,-2.76945,-4.71141,-8.84044,5.48239,0.000190321,,0,-2.80224,0.00507487,1,
cx_tuning_wire_corr,shuffle,decorr,6,0.269962,0.169409,0.100553,0.0557671,0.145338,1.59355,3.32633,1.57948,5.07318,3.07046,5.76137,5.02932,0.00216976,,36,2.80224,0.00507487,-1,
cx_tuning_wire_corr,shuffle,conf25,6,0.269962,0.174631,0.0953305,0.0791408,0.11152,1.5459,8.62769,4.99521,12.2602,7.96402,14.9436,5.2236,1.73778e-05,,36,2.80224,0.00507487,-1,
cx_tuning_wire_corr,shuffle,conf50,6,0.269962,0.169817,0.100144,0.0775516,0.122737,1.58972,6.53428,3.68567,9.38289,6.03164,11.3177,5.11503,8.16399e-05,,36,2.80224,0.00507487,-1,
cx_tuning_wire_corr,shuffle,conf75,6,0.269962,0.170591,0.099371,0.0685127,0.130229,1.58251,4.76175,2.54596,6.97755,4.39547,8.2476,5.06172,0.000402686,,36,2.80224,0.00507487,-1,
cx_tuning_wire_corr,randmat,decorr,6,0.308807,0.169409,0.139398,0.0947181,0.184078,1.82285,4.48415,2.36309,6.60522,4.13922,7.76678,5.60418,0.000333217,,36,2.80224,0.00507487,-1,
cx_tuning_wire_corr,randmat,conf25,6,0.308807,0.174631,0.134176,0.116858,0.151494,1.76834,10.1524,5.93596,14.3688,9.37141,17.5844,8.81098,3.63777e-08,,36,2.80224,0.00507487,-1,
cx_tuning_wire_corr,randmat,conf50,6,0.308807,0.169817,0.13899,0.116005,0.161975,1.81847,8.19765,4.72824,11.6671,7.56706,14.1987,7.25187,1.48289e-06,,36,2.80224,0.00507487,-1,
cx_tuning_wire_corr,randmat,conf75,6,0.308807,0.170591,0.138216,0.107313,0.16912,1.81022,6.25627,3.50938,9.00316,5.77502,10.8362,6.25607,2.76117e-05,,36,2.80224,0.00507487,-1,
cx_tuning_wire_corr,decorr,conf25,6,0.169409,0.174631,-0.00522217,-0.0500743,0.0396299,0.970096,-0.162673,-1.29613,0.970783,-0.150159,-0.281758,6.2885,0.787173,,14,-0.560449,0.575174,0.222222,
cx_tuning_wire_corr,decorr,conf50,6,0.169409,0.169817,-0.000408333,-0.0460781,0.0452614,0.997595,-0.012076,-1.14367,1.11952,-0.0111471,-0.0209163,7.39317,0.983866,,15,-0.40032,0.688921,0.166667,
cx_tuning_wire_corr,decorr,conf75,6,0.169409,0.170591,-0.00118167,-0.0491642,0.0468009,0.993073,-0.032233,-1.16389,1.09943,-0.0297536,-0.0558292,8.87577,0.956714,,18,-0.0800641,0.936186,0,
cx_tuning_wire_corr,conf25,conf50,6,0.174631,0.169817,0.00481383,-0.0196496,0.0292773,1.02835,0.256713,-0.879524,1.39295,0.236965,0.444639,9.06699,0.667005,,23,0.720577,0.47117,-0.277778,
cx_tuning_wire_corr,conf25,conf75,6,0.174631,0.170591,0.0040405,-0.0275634,0.0356444,1.02369,0.171937,-0.961737,1.30561,0.158711,0.297804,7.56385,0.773868,,19,0.0800641,0.936186,-0.0555556,
cx_tuning_wire_corr,conf50,conf75,6,0.169817,0.170591,-0.000773333,-0.0343617,0.032815,0.995467,-0.0299877,-1.16164,1.10166,-0.0276809,-0.0519402,9.16595,0.959691,,16,-0.240192,0.810181,0.111111,
ring_tuning_wire_corr,rest,flow,6,0,0,0,nan,nan,nan,nan,nan,nan,nan,nan,nan,nan,,18,nan,nan,0,
ring_tuning_wire_corr,rest,self,6,0,0,0,nan,nan,nan,nan,nan,nan,nan,nan,nan,nan,,18,nan,nan,0,1
ring_tuning_wire_corr,rest,shuffle,6,0,0,0,nan,nan,nan,nan,nan,nan,nan,nan,nan,nan,,18,nan,nan,0,
ring_tuning_wire_corr,rest,randmat,6,0,0,0,nan,nan,nan,nan,nan,nan,nan,nan,nan,nan,,18,nan,nan,0,
ring_tuning_wire_corr,rest,decorr,6,0,0,0,nan,nan,nan,nan,nan,nan,nan,nan,nan,nan,,18,nan,nan,0,
ring_tuning_wire_corr,rest,conf25,6,0,0,0,nan,nan,nan,nan,nan,nan,nan,nan,nan,nan,,18,nan,nan,0,
ring_tuning_wire_corr,rest,conf50,6,0,0,0,nan,nan,nan,nan,nan,nan,nan,nan,nan,nan,,18,nan,nan,0,
ring_tuning_wire_corr,rest,conf75,6,0,0,0,nan,nan,nan,nan,nan,nan,nan,nan,nan,nan,,18,nan,nan,0,
ring_tuning_wire_corr,flow,self,6,0,0,0,nan,nan,nan,nan,nan,nan,nan,nan,nan,nan,1,18,nan,nan,0,1
ring_tuning_wire_corr,flow,shuffle,6,0,0,0,nan,nan,nan,nan,nan,nan,nan,nan,nan,nan,,18,nan,nan,0,
ring_tuning_wire_corr,flow,randmat,6,0,0,0,nan,nan,nan,nan,nan,nan,nan,nan,nan,nan,,18,nan,nan,0,
ring_tuning_wire_corr,flow,decorr,6,0,0,0,nan,nan,nan,nan,nan,nan,nan,nan,nan,nan,,18,nan,nan,0,
ring_tuning_wire_corr,flow,conf25,6,0,0,0,nan,nan,nan,nan,nan,nan,nan,nan,nan,nan,,18,nan,nan,0,
ring_tuning_wire_corr,flow,conf50,6,0,0,0,nan,nan,nan,nan,nan,nan,nan,nan,nan,nan,,18,nan,nan,0,
ring_tuning_wire_corr,flow,conf75,6,0,0,0,nan,nan,nan,nan,nan,nan,nan,nan,nan,nan,,18,nan,nan,0,
ring_tuning_wire_corr,self,shuffle,6,0,0,0,nan,nan,nan,nan,nan,nan,nan,nan,nan,nan,1,18,nan,nan,0,1
ring_tuning_wire_corr,self,randmat,6,0,0,0,nan,nan,nan,nan,nan,nan,nan,nan,nan,nan,,18,nan,nan,0,1
ring_tuning_wire_corr,self,decorr,6,0,0,0,nan,nan,nan,nan,nan,nan,nan,nan,nan,nan,1,18,nan,nan,0,1
ring_tuning_wire_corr,self,conf25,6,0,0,0,nan,nan,nan,nan,nan,nan,nan,nan,nan,nan,,18,nan,nan,0,1
ring_tuning_wire_corr,self,conf50,6,0,0,0,nan,nan,nan,nan,nan,nan,nan,nan,nan,nan,,18,nan,nan,0,1
ring_tuning_wire_corr,self,conf75,6,0,0,0,nan,nan,nan,nan,nan,nan,nan,nan,nan,nan,,18,nan,nan,0,1
ring_tuning_wire_corr,shuffle,randmat,6,0,0,0,nan,nan,nan,nan,nan,nan,nan,nan,nan,nan,,18,nan,nan,0,
ring_tuning_wire_corr,shuffle,decorr,6,0,0,0,nan,nan,nan,nan,nan,nan,nan,nan,nan,nan,,18,nan,nan,0,
ring_tuning_wire_corr,shuffle,conf25,6,0,0,0,nan,nan,nan,nan,nan,nan,nan,nan,nan,nan,,18,nan,nan,0,
ring_tuning_wire_corr,shuffle,conf50,6,0,0,0,nan,nan,nan,nan,nan,nan,nan,nan,nan,nan,,18,nan,nan,0,
ring_tuning_wire_corr,shuffle,conf75,6,0,0,0,nan,nan,nan,nan,nan,nan,nan,nan,nan,nan,,18,nan,nan,0,
ring_tuning_wire_corr,randmat,decorr,6,0,0,0,nan,nan,nan,nan,nan,nan,nan,nan,nan,nan,,18,nan,nan,0,
ring_tuning_wire_corr,randmat,conf25,6,0,0,0,nan,nan,nan,nan,nan,nan,nan,nan,nan,nan,,18,nan,nan,0,
ring_tuning_wire_corr,randmat,conf50,6,0,0,0,nan,nan,nan,nan,nan,nan,nan,nan,nan,nan,,18,nan,nan,0,
ring_tuning_wire_corr,randmat,conf75,6,0,0,0,nan,nan,nan,nan,nan,nan,nan,nan,nan,nan,,18,nan,nan,0,
ring_tuning_wire_corr,decorr,conf25,6,0,0,0,nan,nan,nan,nan,nan,nan,nan,nan,nan,nan,,18,nan,nan,0,
ring_tuning_wire_corr,decorr,conf50,6,0,0,0,nan,nan,nan,nan,nan,nan,nan,nan,nan,nan,,18,nan,nan,0,
ring_tuning_wire_corr,decorr,conf75,6,0,0,0,nan,nan,nan,nan,nan,nan,nan,nan,nan,nan,,18,nan,nan,0,
ring_tuning_wire_corr,conf25,conf50,6,0,0,0,nan,nan,nan,nan,nan,nan,nan,nan,nan,nan,,18,nan,nan,0,
ring_tuning_wire_corr,conf25,conf75,6,0,0,0,nan,nan,nan,nan,nan,nan,nan,nan,nan,nan,,18,nan,nan,0,
ring_tuning_wire_corr,conf50,conf75,6,0,0,0,nan,nan,nan,nan,nan,nan,nan,nan,nan,nan,,18,nan,nan,0,
ring_ang_diffusion_deg,rest,flow,6,0,0,0,nan,nan,nan,nan,nan,nan,nan,nan,nan,nan,,18,nan,nan,0,
ring_ang_diffusion_deg,rest,self,6,0,0,0,nan,nan,nan,nan,nan,nan,nan,nan,nan,nan,,18,nan,nan,0,1
ring_ang_diffusion_deg,rest,shuffle,6,0,0,0,nan,nan,nan,nan,nan,nan,nan,nan,nan,nan,,18,nan,nan,0,
ring_ang_diffusion_deg,rest,randmat,6,0,0,0,nan,nan,nan,nan,nan,nan,nan,nan,nan,nan,,18,nan,nan,0,
ring_ang_diffusion_deg,rest,decorr,6,0,0,0,nan,nan,nan,nan,nan,nan,nan,nan,nan,nan,,18,nan,nan,0,
ring_ang_diffusion_deg,rest,conf25,6,0,0,0,nan,nan,nan,nan,nan,nan,nan,nan,nan,nan,,18,nan,nan,0,
ring_ang_diffusion_deg,rest,conf50,6,0,0,0,nan,nan,nan,nan,nan,nan,nan,nan,nan,nan,,18,nan,nan,0,
ring_ang_diffusion_deg,rest,conf75,6,0,0,0,nan,nan,nan,nan,nan,nan,nan,nan,nan,nan,,18,nan,nan,0,
ring_ang_diffusion_deg,flow,self,6,0,0,0,nan,nan,nan,nan,nan,nan,nan,nan,nan,nan,1,18,nan,nan,0,1
ring_ang_diffusion_deg,flow,shuffle,6,0,0,0,nan,nan,nan,nan,nan,nan,nan,nan,nan,nan,,18,nan,nan,0,
ring_ang_diffusion_deg,flow,randmat,6,0,0,0,nan,nan,nan,nan,nan,nan,nan,nan,nan,nan,,18,nan,nan,0,
ring_ang_diffusion_deg,flow,decorr,6,0,0,0,nan,nan,nan,nan,nan,nan,nan,nan,nan,nan,,18,nan,nan,0,
ring_ang_diffusion_deg,flow,conf25,6,0,0,0,nan,nan,nan,nan,nan,nan,nan,nan,nan,nan,,18,nan,nan,0,
ring_ang_diffusion_deg,flow,conf50,6,0,0,0,nan,nan,nan,nan,nan,nan,nan,nan,nan,nan,,18,nan,nan,0,
ring_ang_diffusion_deg,flow,conf75,6,0,0,0,nan,nan,nan,nan,nan,nan,nan,nan,nan,nan,,18,nan,nan,0,
ring_ang_diffusion_deg,self,shuffle,6,0,0,0,nan,nan,nan,nan,nan,nan,nan,nan,nan,nan,1,18,nan,nan,0,1
ring_ang_diffusion_deg,self,randmat,6,0,0,0,nan,nan,nan,nan,nan,nan,nan,nan,nan,nan,,18,nan,nan,0,1
ring_ang_diffusion_deg,self,decorr,6,0,0,0,nan,nan,nan,nan,nan,nan,nan,nan,nan,nan,1,18,nan,nan,0,1
ring_ang_diffusion_deg,self,conf25,6,0,0,0,nan,nan,nan,nan,nan,nan,nan,nan,nan,nan,,18,nan,nan,0,1
ring_ang_diffusion_deg,self,conf50,6,0,0,0,nan,nan,nan,nan,nan,nan,nan,nan,nan,nan,,18,nan,nan,0,1
ring_ang_diffusion_deg,self,conf75,6,0,0,0,nan,nan,nan,nan,nan,nan,nan,nan,nan,nan,,18,nan,nan,0,1
ring_ang_diffusion_deg,shuffle,randmat,6,0,0,0,nan,nan,nan,nan,nan,nan,nan,nan,nan,nan,,18,nan,nan,0,
ring_ang_diffusion_deg,shuffle,decorr,6,0,0,0,nan,nan,nan,nan,nan,nan,nan,nan,nan,nan,,18,nan,nan,0,
ring_ang_diffusion_deg,shuffle,conf25,6,0,0,0,nan,nan,nan,nan,nan,nan,nan,nan,nan,nan,,18,nan,nan,0,
ring_ang_diffusion_deg,shuffle,conf50,6,0,0,0,nan,nan,nan,nan,nan,nan,nan,nan,nan,nan,,18,nan,nan,0,
ring_ang_diffusion_deg,shuffle,conf75,6,0,0,0,nan,nan,nan,nan,nan,nan,nan,nan,nan,nan,,18,nan,nan,0,
ring_ang_diffusion_deg,randmat,decorr,6,0,0,0,nan,nan,nan,nan,nan,nan,nan,nan,nan,nan,,18,nan,nan,0,
ring_ang_diffusion_deg,randmat,conf25,6,0,0,0,nan,nan,nan,nan,nan,nan,nan,nan,nan,nan,,18,nan,nan,0,
ring_ang_diffusion_deg,randmat,conf50,6,0,0,0,nan,nan,nan,nan,nan,nan,nan,nan,nan,nan,,18,nan,nan,0,
ring_ang_diffusion_deg,randmat,conf75,6,0,0,0,nan,nan,nan,nan,nan,nan,nan,nan,nan,nan,,18,nan,nan,0,
ring_ang_diffusion_deg,decorr,conf25,6,0,0,0,nan,nan,nan,nan,nan,nan,nan,nan,nan,nan,,18,nan,nan,0,
ring_ang_diffusion_deg,decorr,conf50,6,0,0,0,nan,nan,nan,nan,nan,nan,nan,nan,nan,nan,,18,nan,nan,0,
ring_ang_diffusion_deg,decorr,conf75,6,0,0,0,nan,nan,nan,nan,nan,nan,nan,nan,nan,nan,,18,nan,nan,0,
ring_ang_diffusion_deg,conf25,conf50,6,0,0,0,nan,nan,nan,nan,nan,nan,nan,nan,nan,nan,,18,nan,nan,0,
ring_ang_diffusion_deg,conf25,conf75,6,0,0,0,nan,nan,nan,nan,nan,nan,nan,nan,nan,nan,,18,nan,nan,0,
ring_ang_diffusion_deg,conf50,conf75,6,0,0,0,nan,nan,nan,nan,nan,nan,nan,nan,nan,nan,,18,nan,nan,0,
ring_ang_ac1,rest,flow,6,0,0,0,nan,nan,nan,nan,nan,nan,nan,nan,nan,nan,,18,nan,nan,0,
ring_ang_ac1,rest,self,6,0,0,0,nan,nan,nan,nan,nan,nan,nan,nan,nan,nan,,18,nan,nan,0,1
ring_ang_ac1,rest,shuffle,6,0,0,0,nan,nan,nan,nan,nan,nan,nan,nan,nan,nan,,18,nan,nan,0,
ring_ang_ac1,rest,randmat,6,0,0,0,nan,nan,nan,nan,nan,nan,nan,nan,nan,nan,,18,nan,nan,0,
ring_ang_ac1,rest,decorr,6,0,0,0,nan,nan,nan,nan,nan,nan,nan,nan,nan,nan,,18,nan,nan,0,
ring_ang_ac1,rest,conf25,6,0,0,0,nan,nan,nan,nan,nan,nan,nan,nan,nan,nan,,18,nan,nan,0,
ring_ang_ac1,rest,conf50,6,0,0,0,nan,nan,nan,nan,nan,nan,nan,nan,nan,nan,,18,nan,nan,0,
ring_ang_ac1,rest,conf75,6,0,0,0,nan,nan,nan,nan,nan,nan,nan,nan,nan,nan,,18,nan,nan,0,
ring_ang_ac1,flow,self,6,0,0,0,nan,nan,nan,nan,nan,nan,nan,nan,nan,nan,1,18,nan,nan,0,1
ring_ang_ac1,flow,shuffle,6,0,0,0,nan,nan,nan,nan,nan,nan,nan,nan,nan,nan,,18,nan,nan,0,
ring_ang_ac1,flow,randmat,6,0,0,0,nan,nan,nan,nan,nan,nan,nan,nan,nan,nan,,18,nan,nan,0,
ring_ang_ac1,flow,decorr,6,0,0,0,nan,nan,nan,nan,nan,nan,nan,nan,nan,nan,,18,nan,nan,0,
ring_ang_ac1,flow,conf25,6,0,0,0,nan,nan,nan,nan,nan,nan,nan,nan,nan,nan,,18,nan,nan,0,
ring_ang_ac1,flow,conf50,6,0,0,0,nan,nan,nan,nan,nan,nan,nan,nan,nan,nan,,18,nan,nan,0,
ring_ang_ac1,flow,conf75,6,0,0,0,nan,nan,nan,nan,nan,nan,nan,nan,nan,nan,,18,nan,nan,0,
ring_ang_ac1,self,shuffle,6,0,0,0,nan,nan,nan,nan,nan,nan,nan,nan,nan,nan,1,18,nan,nan,0,1
ring_ang_ac1,self,randmat,6,0,0,0,nan,nan,nan,nan,nan,nan,nan,nan,nan,nan,,18,nan,nan,0,1
ring_ang_ac1,self,decorr,6,0,0,0,nan,nan,nan,nan,nan,nan,nan,nan,nan,nan,1,18,nan,nan,0,1
ring_ang_ac1,self,conf25,6,0,0,0,nan,nan,nan,nan,nan,nan,nan,nan,nan,nan,,18,nan,nan,0,1
ring_ang_ac1,self,conf50,6,0,0,0,nan,nan,nan,nan,nan,nan,nan,nan,nan,nan,,18,nan,nan,0,1
ring_ang_ac1,self,conf75,6,0,0,0,nan,nan,nan,nan,nan,nan,nan,nan,nan,nan,,18,nan,nan,0,1
ring_ang_ac1,shuffle,randmat,6,0,0,0,nan,nan,nan,nan,nan,nan,nan,nan,nan,nan,,18,nan,nan,0,
ring_ang_ac1,shuffle,decorr,6,0,0,0,nan,nan,nan,nan,nan,nan,nan,nan,nan,nan,,18,nan,nan,0,
ring_ang_ac1,shuffle,conf25,6,0,0,0,nan,nan,nan,nan,nan,nan,nan,nan,nan,nan,,18,nan,nan,0,
ring_ang_ac1,shuffle,conf50,6,0,0,0,nan,nan,nan,nan,nan,nan,nan,nan,nan,nan,,18,nan,nan,0,
ring_ang_ac1,shuffle,conf75,6,0,0,0,nan,nan,nan,nan,nan,nan,nan,nan,nan,nan,,18,nan,nan,0,
ring_ang_ac1,randmat,decorr,6,0,0,0,nan,nan,nan,nan,nan,nan,nan,nan,nan,nan,,18,nan,nan,0,
ring_ang_ac1,randmat,conf25,6,0,0,0,nan,nan,nan,nan,nan,nan,nan,nan,nan,nan,,18,nan,nan,0,
ring_ang_ac1,randmat,conf50,6,0,0,0,nan,nan,nan,nan,nan,nan,nan,nan,nan,nan,,18,nan,nan,0,
ring_ang_ac1,randmat,conf75,6,0,0,0,nan,nan,nan,nan,nan,nan,nan,nan,nan,nan,,18,nan,nan,0,
ring_ang_ac1,decorr,conf25,6,0,0,0,nan,nan,nan,nan,nan,nan,nan,nan,nan,nan,,18,nan,nan,0,
ring_ang_ac1,decorr,conf50,6,0,0,0,nan,nan,nan,nan,nan,nan,nan,nan,nan,nan,,18,nan,nan,0,
ring_ang_ac1,decorr,conf75,6,0,0,0,nan,nan,nan,nan,nan,nan,nan,nan,nan,nan,,18,nan,nan,0,
ring_ang_ac1,conf25,conf50,6,0,0,0,nan,nan,nan,nan,nan,nan,nan,nan,nan,nan,,18,nan,nan,0,
ring_ang_ac1,conf25,conf75,6,0,0,0,nan,nan,nan,nan,nan,nan,nan,nan,nan,nan,,18,nan,nan,0,
ring_ang_ac1,conf50,conf75,6,0,0,0,nan,nan,nan,nan,nan,nan,nan,nan,nan,nan,,18,nan,nan,0,
steer_corr_yaw,rest,flow,6,0,0.829196,-0.829196,-0.839588,-0.818804,0,-118.42,-165.81,-71.0293,-109.31,-205.109,5,5.22723e-11,,0,-2.99124,0.00277843,1,
steer_corr_yaw,rest,self,6,0,0.679144,-0.679144,-0.703637,-0.654651,0,-41.1522,-57.655,-24.6493,-37.9866,-71.2776,5,1.02949e-08,,0,-2.99124,0.00277843,1,0.00274931
steer_corr_yaw,rest,shuffle,6,0,0.829718,-0.829718,-0.845219,-0.814218,0,-79.445,-111.249,-47.6408,-73.3339,-137.603,5,3.84523e-10,,0,-2.99124,0.00277843,1,
steer_corr_yaw,rest,randmat,6,0,0.84831,-0.84831,-0.858298,-0.838321,0,-126.045,-176.485,-75.6046,-116.349,-218.316,5,3.82629e-11,,0,-2.99124,0.00277843,1,
steer_corr_yaw,rest,decorr,6,0,0.462204,-0.462204,-0.524253,-0.400155,0,-11.0553,-15.6207,-6.48985,-10.2048,-19.1483,5,7.16226e-06,,0,-2.99124,0.00277843,1,
steer_corr_yaw,rest,conf25,6,0,0.648073,-0.648073,-0.676179,-0.619967,0,-34.2216,-47.9595,-20.4837,-31.5892,-59.2735,5,2.58628e-08,,0,-2.99124,0.00277843,1,
steer_corr_yaw,rest,conf50,6,0,0.577453,-0.577453,-0.60728,-0.547626,0,-28.7327,-40.2835,-17.1819,-26.5225,-49.7665,5,6.19072e-08,,0,-2.99124,0.00277843,1,
steer_corr_yaw,rest,conf75,6,0,0.532244,-0.532244,-0.576104,-0.488384,0,-18.01,-25.3037,-10.7163,-16.6246,-31.1943,5,6.35562e-07,,0,-2.99124,0.00277843,1,
steer_corr_yaw,flow,self,6,0.829196,0.679144,0.150052,0.125387,0.174716,1.22094,8.37001,4.83534,11.9047,7.72616,14.4973,6.74372,2.47753e-06,4.95505e-06,36,2.80224,0.00507487,-1,0.00274931
steer_corr_yaw,flow,shuffle,6,0.829196,0.829718,-0.000522833,-0.0170202,0.0159745,0.99937,-0.0415804,-1.17329,1.09013,-0.0383819,-0.0720194,8.73949,0.944208,,19,0.0800641,0.936186,-0.0555556,
steer_corr_yaw,flow,randmat,6,0.829196,0.84831,-0.0191138,-0.0316104,-0.00661727,0.977468,-1.96803,-3.34659,-0.589469,-1.81664,-3.40872,9.98435,0.00668743,,4,-2.16173,0.030639,0.777778,
steer_corr_yaw,flow,decorr,6,0.829196,0.462204,0.366991,0.305069,0.428914,1.794,8.65732,5.01357,12.3011,7.99137,14.9949,5.28028,1.56964e-05,,36,2.80224,0.00507487,-1,
steer_corr_yaw,flow,conf25,6,0.829196,0.648073,0.181123,0.152968,0.209278,1.27948,8.97063,5.20753,12.7337,8.28058,15.5376,6.34207,2.75674e-06,,36,2.80224,0.00507487,-1,
steer_corr_yaw,flow,conf50,6,0.829196,0.577453,0.251742,0.221906,0.281579,1.43595,11.8287,6.96292,16.6945,10.9188,20.4879,6.19628,6.29264e-07,,36,2.80224,0.00507487,-1,
steer_corr_yaw,flow,conf75,6,0.829196,0.532244,0.296951,0.253208,0.340694,1.55792,9.77751,5.70538,13.8496,9.02539,16.9351,5.55964,5.36223e-06,,36,2.80224,0.00507487,-1,
steer_corr_yaw,self,shuffle,6,0.679144,0.829718,-0.150574,-0.176337,-0.124812,0.818524,-7.70978,-10.9953,-4.42426,-7.11672,-13.3537,8.45132,5.66013e-07,1.69804e-06,0,-2.80224,0.00507487,1,0.00274931
steer_corr_yaw,self,randmat,6,0.679144,0.84831,-0.169165,-0.193785,-0.144546,0.800585,-9.4915,-13.4538,-5.52916,-8.76139,-16.4398,6.61834,1.29797e-06,,0,-2.80224,0.00507487,1,0.00274931
steer_corr_yaw,self,decorr,6,0.679144,0.462204,0.21694,0.154651,0.279229,1.46936,4.82648,2.58838,7.06458,4.45521,8.3597,6.52121,0.000101853,0.000101853,36,2.80224,0.00507487,-1,0.00274931
steer_corr_yaw,self,conf25,6,0.679144,0.648073,0.0310712,-0.00132501,0.0634673,1.04794,1.23694,0.00187246,2.472,1.14179,2.14244,9.81649,0.0582978,,31,2.0016,0.0453276,-0.722222,0.0402399
steer_corr_yaw,self,conf50,6,0.679144,0.577453,0.101691,0.0680653,0.135317,1.1761,3.91043,1.97961,5.84125,3.60963,6.77307,9.6354,5.87124e-05,,36,2.80224,0.00507487,-1,0.00274931
steer_corr_yaw,self,conf75,6,0.679144,0.532244,0.1469,0.101677,0.192123,1.276,4.33993,2.26744,6.41242,4.00609,7.51698,7.8421,7.56759e-05,,36,2.80224,0.00507487,-1,0.00274931
steer_corr_yaw,shuffle,randmat,6,0.829718,0.84831,-0.018591,-0.0349519,-0.00223008,0.978085,-1.4963,-2.77648,-0.216126,-1.3812,-2.59167,8.5419,0.030367,,4,-2.16173,0.030639,0.777778,
steer_corr_yaw,shuffle,decorr,6,0.829718,0.462204,0.367514,0.305628,0.429401,1.79513,8.52834,4.93361,12.1231,7.87232,14.7715,5.6216,1.03389e-05,,36,2.80224,0.00507487,-1,
steer_corr_yaw,shuffle,conf25,6,0.829718,0.648073,0.181645,0.152713,0.210578,1.28029,8.3992,4.85347,11.9449,7.75311,14.5478,7.78393,6.38229e-07,,36,2.80224,0.00507487,-1,
steer_corr_yaw,shuffle,conf50,6,0.829718,0.577453,0.252265,0.22177,0.28276,1.43686,11.138,6.54051,15.7355,10.2812,19.2916,7.51697,1.12417e-07,,36,2.80224,0.00507487,-1,
steer_corr_yaw,shuffle,conf75,6,0.829718,0.532244,0.297474,0.253587,0.341362,1.55891,9.49068,5.52866,13.4527,8.76063,16.4383,6.22974,2.29322e-06,,36,2.80224,0.00507487,-1,
steer_corr_yaw,randmat,decorr,6,0.84831,0.462204,0.386105,0.324177,0.448034,1.83536,9.1177,5.29844,12.937,8.41634,15.7923,5.25896,1.24e-05,,36,2.80224,0.00507487,-1,
steer_corr_yaw,randmat,conf25,6,0.84831,0.648073,0.200237,0.17211,0.228363,1.30897,9.96304,5.81956,14.1065,9.19666,17.2565,6.24319,1.66956e-06,,36,2.80224,0.00507487,-1,
steer_corr_yaw,randmat,conf50,6,0.84831,0.577453,0.270856,0.241042,0.300671,1.46905,12.7796,7.54308,18.0162,11.7966,22.135,6.10752,4.5883e-07,,36,2.80224,0.00507487,-1,
steer_corr_yaw,randmat,conf75,6,0.84831,0.532244,0.316065,0.272322,0.359809,1.59383,10.428,6.10526,14.7507,9.62583,18.0618,5.51725,4.03972e-06,,36,2.80224,0.00507487,-1,
steer_corr_yaw,decorr,conf25,6,0.462204,0.648073,-0.185869,-0.248586,-0.123152,0.713198,-4.04964,-6.02586,-2.07343,-3.73813,-7.01419,6.96884,0.000213266,,0,-2.80224,0.00507487,1,
steer_corr_yaw,decorr,conf50,6,0.462204,0.577453,-0.115249,-0.178235,-0.052263,0.800418,-2.48445,-3.99059,-0.978308,-2.29334,-4.30319,7.19361,0.00333447,,0,-2.80224,0.00507487,1,
steer_corr_yaw,decorr,conf75,6,0.462204,0.532244,-0.0700402,-0.136911,-0.00316971,0.868406,-1.368,-2.625,-0.111012,-1.26277,-2.36945,8.9983,0.0419515,,6,-1.84147,0.0655522,0.666667,
steer_corr_yaw,conf25,conf50,6,0.648073,0.577453,0.0706198,0.0350797,0.10616,1.1223,2.55739,1.03183,4.08294,2.36066,4.42952,9.96487,0.00128603,,35,2.64211,0.00823902,-0.944444,
steer_corr_yaw,conf25,conf75,6,0.648073,0.532244,0.115829,0.0695843,0.162073,1.21762,3.29999,1.56116,5.03882,3.04614,5.71575,8.51383,0.000354726,,36,2.80224,0.00507487,-1,
steer_corr_yaw,conf50,conf75,6,0.577453,0.532244,0.0452088,-0.00162215,0.0920398,1.08494,1.26498,0.0253764,2.50458,1.16767,2.191,8.80988,0.0567895,,30,1.84147,0.0655522,-0.666667,
steer_asym_sd_hz,rest,flow,6,67.5813,402.975,-335.394,-340.277,-330.511,0.167706,-91.5238,-128.158,-54.8898,-84.4835,-158.524,7.96097,3.22662e-15,,0,-2.80224,0.00507487,1,
steer_asym_sd_hz,rest,self,6,67.5813,272.464,-204.883,-216.892,-192.874,0.248037,-24.6399,-34.5624,-14.7173,-22.7445,-42.6775,5.50254,3.76841e-08,,0,-2.80224,0.00507487,1,0.00274931
steer_asym_sd_hz,rest,shuffle,6,67.5813,418.912,-351.33,-360.057,-342.603,0.161326,-56.9949,-79.8252,-34.1645,-52.6106,-98.718,5.94756,8.64626e-11,,0,-2.80224,0.00507487,1,
steer_asym_sd_hz,rest,randmat,6,67.5813,407.255,-339.674,-345.255,-334.094,0.165943,-82.4301,-115.428,-49.4324,-76.0894,-142.773,7.29201,7.75176e-14,,0,-2.80224,0.00507487,1,
steer_asym_sd_hz,rest,decorr,6,67.5813,335.762,-268.181,-283.361,-253,0.201277,-25.7575,-36.1244,-15.3906,-23.7761,-44.6133,5.31526,4.75392e-08,,0,-2.80224,0.00507487,1,
steer_asym_sd_hz,rest,conf25,6,67.5813,279.756,-212.175,-225.88,-198.469,0.241572,-22.4889,-31.557,-13.4207,-20.759,-38.9519,5.38641,8.22172e-08,,0,-2.80224,0.00507487,1,
steer_asym_sd_hz,rest,conf50,6,67.5813,294.763,-227.182,-238.049,-216.315,0.229273,-30.0348,-42.1041,-17.9654,-27.7244,-52.0217,5.61299,9.45342e-09,,0,-2.80224,0.00507487,1,
steer_asym_sd_hz,rest,conf75,6,67.5813,312.525,-244.943,-259.281,-230.606,0.216243,-24.86,-34.87,-14.8499,-22.9477,-43.0587,5.35325,5.21512e-08,,0,-2.80224,0.00507487,1,
steer_asym_sd_hz,flow,self,6,402.975,272.464,130.511,118.427,142.596,1.479,14.9769,8.87907,21.0747,13.8248,25.9407,6.50088,8.26481e-08,1.65296e-07,36,2.80224,0.00507487,-1,0.00274931
steer_asym_sd_hz,flow,shuffle,6,402.975,418.912,-15.9363,-24.9105,-6.96219,0.961958,-2.3811,-3.86028,-0.901919,-2.19794,-4.12418,7.68736,0.00362352,,0,-2.80224,0.00507487,1,
steer_asym_sd_hz,flow,randmat,6,402.975,407.255,-4.28017,-10.572,2.01162,0.98949,-0.877775,-2.0626,0.30705,-0.810254,-1.52035,9.78175,0.160066,,9,-1.36109,0.173485,0.5,
steer_asym_sd_hz,flow,decorr,6,402.975,335.762,67.2135,52.0217,82.4053,1.20018,6.26222,3.51316,9.01128,5.78051,10.8465,5.95347,3.83084e-05,,36,2.80224,0.00507487,-1,
steer_asym_sd_hz,flow,conf25,6,402.975,279.756,123.219,109.48,136.959,1.44045,12.5886,7.42663,17.7505,11.6202,21.8041,6.16385,4.55057e-07,,36,2.80224,0.00507487,-1,
steer_asym_sd_hz,flow,conf50,6,402.975,294.763,108.212,97.2282,119.196,1.36711,13.5255,7.99719,19.0537,12.485,23.4268,6.81247,9.13128e-08,,36,2.80224,0.00507487,-1,
steer_asym_sd_hz,flow,conf75,6,402.975,312.525,90.4507,76.0902,104.811,1.28942,8.87469,5.14818,12.6012,8.19203,15.3714,6.06612,4.35783e-06,,36,2.80224,0.00507487,-1,
steer_asym_sd_hz,self,shuffle,6,272.464,418.912,-146.447,-159.514,-133.381,0.65041,-14.6078,-20.5606,-8.65505,-13.4842,-25.3015,9.12398,9.17322e-10,2.75197e-09,0,-2.80224,0.00507487,1,0.00274931
steer_asym_sd_hz,self,randmat,6,272.464,407.255,-134.791,-146.967,-122.616,0.669025,-15.1185,-21.272,-8.96503,-13.9556,-26.1861,6.99011,3.08736e-08,,0,-2.80224,0.00507487,1,0.00274931
steer_asym_sd_hz,self,decorr,6,272.464,335.762,-63.2977,-80.2365,-46.3588,0.81148,-4.84173,-7.0851,-2.59836,-4.46929,-8.38612,9.49869,1.08032e-05,1.08032e-05,0,-2.80224,0.00507487,1,0.00274931
steer_asym_sd_hz,self,conf25,6,272.464,279.756,-7.29167,-23.1636,8.58031,0.973936,-0.592367,-1.7485,0.563769,-0.5468,-1.02601,9.83091,0.32947,,12,-0.880705,0.378478,0.333333,0.315671
steer_asym_sd_hz,self,conf50,6,272.464,294.763,-22.2992,-36.3938,-8.20457,0.924349,-2.03799,-3.43273,-0.643257,-1.88122,-3.5299,9.90173,0.00553086,,3,-2.32186,0.0202406,0.833333,0.00949763
steer_asym_sd_hz,self,conf75,6,272.464,312.525,-40.0605,-56.3793,-23.7417,0.871817,-3.17115,-4.87117,-1.47112,-2.92721,-5.49258,9.70261,0.000294426,,0,-2.80224,0.00507487,1,0.00274931
steer_asym_sd_hz,shuffle,randmat,6,418.912,407.255,11.6562,2.47704,20.8353,1.02862,1.67639,0.360984,2.9918,1.54744,2.9036,8.4105,0.018764,,34,2.48199,0.0130652,-0.888889,
steer_asym_sd_hz,shuffle,decorr,6,418.912,335.762,83.1498,67.4016,98.8981,1.24765,7.03323,4.00039,10.0661,6.49221,12.1819,7.97609,1.96093e-06,,36,2.80224,0.00507487,-1,
steer_asym_sd_hz,shuffle,conf25,6,418.912,279.756,139.156,124.69,153.621,1.49742,12.6832,7.4843,17.8821,11.7076,21.9679,8.47748,9.0307e-09,,36,2.80224,0.00507487,-1,
steer_asym_sd_hz,shuffle,conf50,6,418.912,294.763,124.148,111.963,136.333,1.42118,13.1909,7.79361,18.5883,12.1763,22.8474,9.55055,1.17084e-09,,36,2.80224,0.00507487,-1,
steer_asym_sd_hz,shuffle,conf75,6,418.912,312.525,106.387,91.3784,121.396,1.34041,9.38706,5.46474,13.3094,8.66497,16.2589,8.25368,1.47116e-07,,36,2.80224,0.00507487,-1,
steer_asym_sd_hz,randmat,decorr,6,407.255,335.762,71.4937,56.2628,86.7245,1.21293,6.56064,3.70235,9.41893,6.05597,11.3634,6.27865,2.0251e-05,,36,2.80224,0.00507487,-1,
steer_asym_sd_hz,randmat,conf25,6,407.255,279.756,127.5,113.702,141.298,1.45575,12.7909,7.54997,18.0319,11.807,22.1545,6.55496,2.07639e-07,,36,2.80224,0.00507487,-1,
steer_asym_sd_hz,randmat,conf50,6,407.255,294.763,112.492,101.387,123.597,1.38164,13.6859,8.09478,19.277,12.6331,23.7046,7.38213,3.08894e-08,,36,2.80224,0.00507487,-1,
steer_asym_sd_hz,randmat,conf75,6,407.255,312.525,94.7308,80.3209,109.141,1.30311,9.13971,5.31204,12.9674,8.43666,15.8305,6.427,2.17442e-06,,36,2.80224,0.00507487,-1,
steer_asym_sd_hz,decorr,conf25,6,335.762,279.756,56.006,38.2125,73.7995,1.2002,4.05474,2.07685,6.03263,3.74284,7.02302,9.89774,3.80973e-05,,36,2.80224,0.00507487,-1,
steer_asym_sd_hz,decorr,conf50,6,335.762,294.763,40.9985,24.5473,57.4497,1.13909,3.25154,1.52738,4.9757,3.00142,5.63183,9.06064,0.000313166,,36,2.80224,0.00507487,-1,
steer_asym_sd_hz,decorr,conf75,6,335.762,312.525,23.2372,5.0888,41.3855,1.07435,1.64785,0.338227,2.95748,1.52109,2.85416,9.96767,0.0171799,,34,2.48199,0.0130652,-0.888889,
steer_asym_sd_hz,conf25,conf50,6,279.756,294.763,-15.0075,-30.3141,0.29906,0.949086,-1.27021,-2.51067,-0.0297535,-1.1725,-2.20007,9.50669,0.0537862,,6,-1.84147,0.0655522,0.666667,
steer_asym_sd_hz,conf25,conf75,6,279.756,312.525,-32.7688,-50.0067,-15.5309,0.895148,-2.44612,-3.94218,-0.950053,-2.25795,-4.2368,9.97983,0.00173292,,1,-2.64211,0.00823902,0.944444,
steer_asym_sd_hz,conf50,conf75,6,294.763,312.525,-17.7613,-33.5492,-1.9735,0.943168,-1.46165,-2.7354,-0.187896,-1.34921,-2.53165,9.3206,0.0313306,,6,-1.84147,0.0655522,0.666667,
dn_rate_hz,rest,flow,6,323.222,941.667,-618.444,-630.051,-606.838,0.343245,-78.9001,-110.486,-47.3138,-72.8309,-136.659,5.03873,3.44834e-10,,0,-2.81209,0.00492204,1,
dn_rate_hz,rest,self,6,323.222,785.611,-462.389,-471.109,-453.669,0.411428,-78.3805,-109.759,-47.0019,-72.3512,-135.759,5.06858,3.19322e-10,,0,-2.80715,0.00499812,1,0.00274931
dn_rate_hz,rest,shuffle,6,323.222,967.445,-644.222,-657.158,-631.287,0.334099,-73.7756,-103.313,-44.238,-68.1005,-127.783,5.03118,4.97087e-10,,0,-2.80715,0.00499812,1,
dn_rate_hz,rest,randmat,6,323.222,945.167,-621.944,-629.659,-614.23,0.341974,-119.038,-166.676,-71.4005,-109.882,-206.18,5.08759,3.55334e-11,,0,-2.80715,0.00499812,1,
dn_rate_hz,rest,decorr,6,323.222,931.944,-608.722,-624.826,-592.618,0.346826,-56.0317,-78.4772,-33.5862,-51.7216,-97.0498,5.02013,2.05811e-09,,0,-2.80715,0.00499812,1,
dn_rate_hz,rest,conf25,6,323.222,826.889,-503.667,-519.748,-487.585,0.39089,-46.4255,-65.0337,-27.8174,-42.8543,-80.4114,5.02018,5.28681e-09,,0,-2.80715,0.00499812,1,
dn_rate_hz,rest,conf50,6,323.222,859.278,-536.056,-547.164,-524.947,0.376156,-71.4361,-100.038,-42.8339,-65.9411,-123.731,5.04228,5.61675e-10,,0,-2.80715,0.00499812,1,
dn_rate_hz,rest,conf75,6,323.222,900.278,-577.056,-590,-564.111,0.359025,-66.0383,-92.4828,-39.5937,-60.9584,-114.382,5.03114,8.67984e-10,,0,-2.80715,0.00499812,1,
dn_rate_hz,flow,self,6,941.667,785.611,156.055,143.333,168.778,1.19864,15.9467,9.46725,22.4262,14.7201,27.6205,9.28187,3.14508e-10,9.43524e-10,36,2.80715,0.00499812,-1,0.00274931
dn_rate_hz,flow,shuffle,6,941.667,967.445,-25.7778,-40.8707,-10.685,0.973355,-2.20061,-3.63435,-0.766871,-2.03133,-3.81157,9.88482,0.00349267,,2,-2.48634,0.0129066,0.888889,
dn_rate_hz,flow,randmat,6,941.667,945.167,-3.5,-15.8353,8.83535,0.996297,-0.372545,-1.5139,0.768815,-0.343887,-0.645266,8.69849,0.535401,,14,-0.561431,0.574504,0.222222,
dn_rate_hz,flow,decorr,6,941.667,931.944,9.7225,-7.72408,27.1691,1.01043,0.726716,-0.441623,1.89506,0.670815,1.25871,9.0914,0.239496,,24.5,0.964146,0.334973,-0.361111,
dn_rate_hz,flow,conf25,6,941.667,826.889,114.778,97.349,132.207,1.13881,8.58696,4.96996,12.204,7.92642,14.873,9.09789,1.08116e-07,,36,2.80715,0.00499812,-1,
dn_rate_hz,flow,conf50,6,941.667,859.278,82.3888,68.4542,96.3235,1.09588,7.60791,4.36063,10.8552,7.02269,13.1773,9.98091,1.2299e-07,,36,2.80715,0.00499812,-1,
dn_rate_hz,flow,conf75,6,941.667,900.278,41.3887,26.2897,56.4876,1.04597,3.53193,1.72164,5.34223,3.26024,6.11748,9.88338,0.000118774,,36,2.80715,0.00499812,-1,
dn_rate_hz,self,shuffle,6,785.611,967.445,-181.833,-195.623,-168.044,0.812048,-17.2917,-24.3016,-10.2818,-15.9616,-29.9501,8.76803,3.88974e-10,9.43524e-10,0,-2.80224,0.00507487,1,0.00274931
dn_rate_hz,self,randmat,6,785.611,945.167,-159.555,-169.674,-149.437,0.831188,-20.3251,-28.535,-12.1151,-18.7616,-35.204,9.85391,1.08169e-11,,0,-2.80224,0.00507487,1,0.00274931
dn_rate_hz,self,decorr,6,785.611,931.944,-146.333,-162.878,-129.788,0.842981,-11.8555,-16.7317,-6.97927,-10.9435,-20.5343,7.70184,5.28597e-08,5.28597e-08,0,-2.80224,0.00507487,1,0.00274931
dn_rate_hz,self,conf25,6,785.611,826.889,-41.2777,-57.8022,-24.7532,0.950081,-3.34777,-5.10116,-1.59438,-3.09025,-5.79851,7.70812,0.000466193,,0,-2.80224,0.00507487,1,0.00274931
dn_rate_hz,self,conf50,6,785.611,859.278,-73.6667,-86.0079,-61.3254,0.914269,-7.7378,-11.0338,-4.44176,-7.14259,-13.4023,9.46691,1.80269e-07,,0,-2.80224,0.00507487,1,0.00274931
dn_rate_hz,self,conf75,6,785.611,900.278,-114.667,-128.464,-100.87,0.872632,-10.8992,-15.4042,-6.39428,-10.0608,-18.878,8.76461,2.11028e-08,,0,-2.80224,0.00507487,1,0.00274931
dn_rate_hz,shuffle,randmat,6,967.445,945.167,22.2778,8.80683,35.7488,1.02357,2.1943,0.76211,3.62649,2.02551,3.80064,8.15956,0.00504424,,35,2.64211,0.00823902,-0.944444,
dn_rate_hz,shuffle,decorr,6,967.445,931.944,35.5003,17.4784,53.5223,1.03809,2.55008,1.02649,4.07368,2.35392,4.41688,9.55603,0.00145148,,35,2.64211,0.00823902,-0.944444,
dn_rate_hz,shuffle,conf25,6,967.445,826.889,140.556,122.55,158.561,1.16998,10.105,5.90683,14.3031,9.32766,17.5023,9.56121,1.39314e-08,,36,2.80224,0.00507487,-1,
dn_rate_hz,shuffle,conf50,6,967.445,859.278,108.167,93.3362,122.997,1.12588,9.4116,5.47989,13.3433,8.68763,16.3014,9.77715,2.06139e-08,,36,2.80224,0.00507487,-1,
dn_rate_hz,shuffle,conf75,6,967.445,900.278,67.1665,51.2995,83.0335,1.07461,5.44554,2.99056,7.90051,5.02665,9.43194,10,2.70963e-06,,36,2.80224,0.00507487,-1,
dn_rate_hz,randmat,decorr,6,945.167,931.944,13.2225,-3.1241,29.5691,1.01419,1.09865,-0.115307,2.3126,1.01413,1.90291,7.18226,0.0977204,,28.5,1.60409,0.108695,-0.583333,
dn_rate_hz,randmat,conf25,6,945.167,826.889,118.278,101.952,134.604,1.14304,9.83864,5.74301,13.9343,9.08183,17.041,7.18769,4.48136e-07,,36,2.80224,0.00507487,-1,
dn_rate_hz,randmat,conf50,6,945.167,859.278,85.8888,73.9631,97.8146,1.09995,9.41994,5.48503,13.3549,8.69533,16.3158,8.91436,6.05203e-08,,36,2.80224,0.00507487,-1,
dn_rate_hz,randmat,conf75,6,945.167,900.278,44.8887,31.4099,58.3675,1.04986,4.41915,2.32003,6.51827,4.07922,7.65419,8.15618,5.40087e-05,,36,2.80224,0.00507487,-1,
dn_rate_hz,decorr,conf25,6,931.944,826.889,105.055,85.3245,124.786,1.12705,6.84943,3.88469,9.81417,6.32255,11.8636,9.99998,3.2529e-07,,36,2.80224,0.00507487,-1,
dn_rate_hz,decorr,conf50,6,931.944,859.278,72.6663,55.41,89.9227,1.08457,5.51105,3.03278,7.98931,5.08712,9.54541,8.88099,5.7891e-06,,36,2.80224,0.00507487,-1,
dn_rate_hz,decorr,conf75,6,931.944,900.278,31.6662,13.64,49.6923,1.03517,2.27405,0.822082,3.72602,2.09912,3.93877,9.55862,0.00303428,,36,2.80224,0.00507487,-1,
dn_rate_hz,conf25,conf50,6,826.889,859.278,-32.389,-49.6272,-15.1508,0.962307,-2.45869,-3.95805,-0.959334,-2.26956,-4.25858,8.88775,0.00217677,,1,-2.64211,0.00823902,0.944444,
dn_rate_hz,conf25,conf75,6,826.889,900.278,-73.3892,-91.3988,-55.3795,0.918482,-5.27473,-7.66928,-2.88019,-4.86899,-9.13611,9.56378,4.95568e-06,,0,-2.80224,0.00507487,1,
dn_rate_hz,conf50,conf75,6,859.278,900.278,-41.0002,-55.8369,-26.1634,0.954458,-3.56602,-5.38697,-1.74506,-3.29171,-6.17652,9.7752,0.000115268,,0,-2.80224,0.00507487,1,
