metric,arm_a,arm_b,n_per_arm,mean_a,mean_b,diff_a_minus_b,diff_ci95_lo,diff_ci95_hi,ratio_a_over_b,cohens_d,d_ci95_lo,d_ci95_hi,hedges_g,welch_t,welch_df,p_welch_two_sided,p_holm_self_family,mannwhitney_U,mw_z,p_mannwhitney_two_sided,rank_biserial,p_perm_two_sided
pool_rate_hz,rest,flow,6,46.2684,70.4794,-24.211,-24.3243,-24.0977,0.656481,-278.874,-390.451,-167.298,-257.422,-483.024,9.03716,2.99448e-21,,0,-2.80224,0.00507487,1,
pool_rate_hz,rest,self,6,46.2684,70.0104,-23.742,-23.8676,-23.6164,0.660879,-243.191,-340.493,-145.89,-224.484,-421.22,9.97611,1.55583e-22,,0,-2.80224,0.00507487,1,0.00274931
pool_rate_hz,rest,shuffle,6,46.2684,70.1892,-23.9208,-24.0568,-23.7847,0.659196,-226.494,-317.116,-135.872,-209.071,-392.299,9.89359,4.53743e-22,,0,-2.80224,0.00507487,1,
pool_rate_hz,rest,randmat,6,46.2684,70.2258,-23.9574,-24.0695,-23.8453,0.658852,-279.934,-391.935,-167.933,-258.401,-484.86,8.82464,7.76021e-21,,0,-2.80224,0.00507487,1,
pool_rate_hz,rest,decorr,6,46.2684,70.2947,-24.0263,-24.2418,-23.8109,0.658206,-150.923,-211.314,-90.5317,-139.314,-261.406,7.31713,8.49698e-16,,0,-2.80224,0.00507487,1,
pool_rate_hz,rest,conf25,6,46.2684,70.0877,-23.8193,-24.005,-23.6336,0.66015,-170.461,-238.668,-102.254,-157.349,-295.247,8.07667,1.40477e-17,,0,-2.80224,0.00507487,1,
pool_rate_hz,rest,conf50,6,46.2684,70.2196,-23.9512,-24.0685,-23.8339,0.65891,-264.43,-370.228,-158.632,-244.089,-458.007,9.54402,4.7919e-22,,0,-2.80224,0.00507487,1,
pool_rate_hz,rest,conf75,6,46.2684,70.247,-23.9786,-24.1132,-23.844,0.658653,-229.368,-321.139,-137.596,-211.724,-397.277,9.92785,3.44647e-22,,0,-2.80224,0.00507487,1,
pool_rate_hz,flow,self,6,70.4794,70.0104,0.468983,0.359634,0.578333,1.0067,5.57729,3.07542,8.07916,5.14826,9.66014,9.26344,3.86147e-06,1.15844e-05,36,2.80224,0.00507487,-1,0.00274931
pool_rate_hz,flow,shuffle,6,70.4794,70.1892,0.290217,0.167395,0.413039,1.00413,3.11253,1.42993,4.79512,2.8731,5.39106,8.52453,0.000526931,,36,2.80224,0.00507487,-1,
pool_rate_hz,flow,randmat,6,70.4794,70.2258,0.253583,0.163841,0.343326,1.00361,3.63595,1.79299,5.47891,3.35626,6.29765,9.98089,9.01104e-05,,36,2.80224,0.00507487,-1,
pool_rate_hz,flow,decorr,6,70.4794,70.2947,0.184683,-0.0271349,0.396502,1.00263,1.22087,-0.0116303,2.45337,1.12696,2.11461,6.22862,0.0771767,,30,1.84147,0.0655522,-0.666667,
pool_rate_hz,flow,conf25,6,70.4794,70.0877,0.391683,0.211681,0.571685,1.00559,2.9983,1.34924,4.64736,2.76766,5.1932,6.69564,0.00144929,,36,2.80224,0.00507487,-1,
pool_rate_hz,flow,conf50,6,70.4794,70.2196,0.259783,0.162109,0.357458,1.0037,3.42773,1.64978,5.20568,3.16406,5.937,9.86697,0.00015167,,36,2.80224,0.00507487,-1,
pool_rate_hz,flow,conf75,6,70.4794,70.247,0.232383,0.111374,0.353393,1.00331,2.52518,1.00824,4.04212,2.33094,4.37374,8.61764,0.00198261,,36,2.80224,0.00507487,-1,
pool_rate_hz,self,shuffle,6,70.0104,70.1892,-0.178767,-0.312176,-0.0453576,0.997453,-1.72919,-3.05549,-0.402884,-1.59617,-2.99504,9.77455,0.0137874,0.0275749,3,-2.32186,0.0202406,0.833333,0.0147463
pool_rate_hz,self,randmat,6,70.0104,70.2258,-0.2154,-0.323446,-0.107354,0.996933,-2.60105,-4.13837,-1.06372,-2.40097,-4.50514,9.06179,0.00145274,,2,-2.48199,0.0130652,0.888889,0.00749813
pool_rate_hz,self,decorr,6,70.0104,70.2947,-0.2843,-0.49888,-0.0697203,0.995956,-1.80251,-3.14435,-0.460673,-1.66386,-3.12204,7.12244,0.0164264,0.0275749,3,-2.32186,0.0202406,0.833333,0.0117471
pool_rate_hz,self,conf25,6,70.0104,70.0877,-0.0773,-0.261745,0.107145,0.998897,-0.559919,-1.71346,0.593627,-0.516848,-0.969807,7.84316,0.361094,,8,-1.52122,0.128205,0.555556,0.334166
pool_rate_hz,self,conf50,6,70.0104,70.2196,-0.2092,-0.322812,-0.0955883,0.997021,-2.37823,-3.85667,-0.89979,-2.19529,-4.11922,9.71434,0.0022111,,2,-2.48199,0.0130652,0.888889,0.00749813
pool_rate_hz,self,conf75,6,70.0104,70.247,-0.2366,-0.368503,-0.104697,0.996632,-2.31309,-3.7749,-0.851287,-2.13516,-4.00639,9.82458,0.00258226,,1,-2.64211,0.00823902,0.944444,0.00574856
pool_rate_hz,shuffle,randmat,6,70.1892,70.2258,-0.0366333,-0.158461,0.0851944,0.999478,-0.397786,-1.54051,0.744936,-0.367187,-0.688986,8.30622,0.509617,,14,-0.560449,0.575174,0.222222,
pool_rate_hz,shuffle,decorr,6,70.1892,70.2947,-0.105533,-0.323378,0.112311,0.998499,-0.648285,-1.80921,0.512644,-0.598417,-1.12286,7.77186,0.294983,,12,-0.880705,0.378478,0.333333,
pool_rate_hz,shuffle,conf25,6,70.1892,70.0877,0.101467,-0.0877305,0.290664,1.00145,0.705539,-0.460721,1.8718,0.651267,1.22203,8.59228,0.25416,,25,1.04083,0.297953,-0.388889,
pool_rate_hz,shuffle,conf50,6,70.1892,70.2196,-0.0304333,-0.156593,0.095726,0.999567,-0.31455,-1.45311,0.824012,-0.290354,-0.544817,9.09657,0.59898,,14,-0.560449,0.575174,0.222222,
pool_rate_hz,shuffle,conf75,6,70.1892,70.247,-0.0578333,-0.199263,0.0835964,0.999177,-0.526065,-1.67706,0.624927,-0.485598,-0.911171,9.99653,0.383651,,12,-0.880705,0.378478,0.333333,
pool_rate_hz,randmat,decorr,6,70.2258,70.2947,-0.0689,-0.280534,0.142734,0.99902,-0.457605,-1.6039,0.688695,-0.422405,-0.792595,6.12838,0.457591,,12,-0.880705,0.378478,0.333333,
pool_rate_hz,randmat,conf25,6,70.2258,70.0877,0.1381,-0.0415628,0.317763,1.00197,1.0638,-0.145179,2.27277,0.981966,1.84255,6.5609,0.110769,,27,1.36109,0.173485,-0.5,
pool_rate_hz,randmat,conf50,6,70.2258,70.2196,0.0062,-0.0898016,0.102202,1.00009,0.0833655,-1.04871,1.21544,0.0769527,0.144393,9.75323,0.88813,,20,0.240192,0.810181,-0.111111,
pool_rate_hz,randmat,conf75,6,70.2258,70.247,-0.0212,-0.141179,0.0987793,0.999698,-0.233319,-1.36875,0.90211,-0.215372,-0.404121,8.39888,0.69622,,15,-0.40032,0.688921,0.166667,
pool_rate_hz,decorr,conf25,6,70.2947,70.0877,0.207,-0.0341344,0.448134,1.00295,1.10849,-0.106891,2.32388,1.02323,1.91997,9.72922,0.0846266,,28,1.52122,0.128205,-0.555556,
pool_rate_hz,decorr,conf50,6,70.2947,70.2196,0.0751,-0.13745,0.28765,1.00107,0.489377,-0.659021,1.63778,0.451733,0.847626,6.53741,0.426585,,24,0.880705,0.378478,-0.333333,
pool_rate_hz,decorr,conf75,6,70.2947,70.247,0.0477,-0.169651,0.265051,1.00068,0.294271,-0.843423,1.43196,0.271634,0.509692,7.68667,0.624574,,21,0.40032,0.688921,-0.166667,
pool_rate_hz,conf25,conf50,6,70.0877,70.2196,-0.1319,-0.313158,0.0493585,0.998122,-0.990511,-2.18948,0.208456,-0.914318,-1.71562,7.10409,0.129316,,6,-1.84147,0.0655522,0.666667,
pool_rate_hz,conf25,conf75,6,70.0877,70.247,-0.1593,-0.347796,0.0291964,0.997732,-1.11376,-2.32991,0.1024,-1.02808,-1.92908,8.49915,0.0877077,,8,-1.52122,0.128205,0.555556,
pool_rate_hz,conf50,conf75,6,70.2196,70.247,-0.0274,-0.151857,0.0970566,0.99961,-0.286666,-1.42405,0.850716,-0.264615,-0.496521,9.18304,0.631196,,16,-0.240192,0.810181,0.111111,
injected_events,rest,flow,6,0,655187,-655187,-656034,-654340,0,-1147.98,-1607.27,-688.701,-1059.68,-1988.37,5,6.10691e-16,,0,-2.99124,0.00277843,1,
injected_events,rest,self,6,0,655046,-655046,-656084,-654008,0,-936.733,-1311.5,-561.967,-864.676,-1622.47,5,1.68819e-15,,0,-2.99124,0.00277843,1,0.00274931
injected_events,rest,shuffle,6,0,654728,-654728,-655611,-653844,0,-1099.75,-1539.73,-659.765,-1015.15,-1904.82,5,7.56887e-16,,0,-2.99124,0.00277843,1,
injected_events,rest,randmat,6,0,655588,-655588,-656017,-655160,0,-2270.24,-3178.51,-1361.97,-2095.61,-3932.17,5,2.01902e-17,,0,-2.99124,0.00277843,1,
injected_events,rest,decorr,6,0,654978,-654978,-655974,-653983,0,-976.396,-1367.03,-585.762,-901.289,-1691.17,5,1.37205e-15,,0,-2.99124,0.00277843,1,
injected_events,rest,conf25,6,0,655243,-655243,-656103,-654383,0,-1130.64,-1582.99,-678.299,-1043.67,-1958.33,5,6.58979e-16,,0,-2.99124,0.00277843,1,
injected_events,rest,conf50,6,0,655003,-655003,-655686,-654319,0,-1422.46,-1991.55,-853.365,-1313.04,-2463.77,5,2.09076e-16,,0,-2.99124,0.00277843,1,
injected_events,rest,conf75,6,0,655580,-655580,-656135,-655024,0,-1750.55,-2450.9,-1050.19,-1615.89,-3032.04,5,7.40681e-17,,0,-2.99124,0.00277843,1,
injected_events,flow,self,6,655187,655046,140.5,-1027.01,1308.01,1.00021,0.155657,-0.977641,1.28895,0.143683,0.269606,9.6139,0.793162,1,19,0.0800641,0.936186,-0.0555556,0.781055
injected_events,flow,shuffle,6,655187,654728,459,-602.19,1520.19,1.0007,0.556552,-0.596732,1.70984,0.51374,0.963977,9.98222,0.357829,,23,0.720577,0.47117,-0.277778,
injected_events,flow,randmat,6,655187,655588,-401.667,-1265.36,462.025,0.999387,-0.627971,-1.78711,0.531169,-0.579665,-1.08768,7.40264,0.310878,,10,-1.20096,0.229766,0.444444,
injected_events,flow,decorr,6,655187,654978,208.167,-928.797,1345.13,1.00032,0.236352,-0.899178,1.37188,0.218171,0.409373,9.74983,0.691114,,21,0.40032,0.688921,-0.166667,
injected_events,flow,conf25,6,655187,655243,-56,-1102.38,990.379,0.999915,-0.0688485,-1.20077,1.06307,-0.0635525,-0.119249,9.99766,0.90744,,16,-0.240192,0.810181,0.111111,
injected_events,flow,conf50,6,655187,655003,183.833,-765.276,1132.94,1.00028,0.250685,-0.885337,1.38671,0.231401,0.434198,9.57213,0.673768,,18,-0.0800641,0.936186,0,
injected_events,flow,conf75,6,655187,655580,-393,-1290.37,504.374,0.999401,-0.575716,-1.73051,0.579073,-0.53143,-0.99717,8.63231,0.345811,,10,-1.20096,0.229766,0.444444,
injected_events,self,shuffle,6,655046,654728,318.5,-867.019,1504.02,1.00049,0.346803,-0.793257,1.48686,0.320126,0.600681,9.75176,0.561753,1,21,0.40032,0.688921,-0.166667,0.554111
injected_events,self,randmat,6,655046,655588,-542.167,-1585.93,501.595,0.999173,-0.716613,-1.88395,0.450727,-0.661489,-1.24121,6.65713,0.256477,,11,-1.04083,0.297953,0.388889,0.252437
injected_events,self,decorr,6,655046,654978,67.6667,-1179.18,1314.52,1.0001,0.0698303,-1.0621,1.20176,0.0644587,0.12095,9.98277,0.906131,1,20,0.240192,0.810181,-0.111111,0.913022
injected_events,self,conf25,6,655046,655243,-196.5,-1370.33,977.329,0.9997,-0.216358,-1.35125,0.918534,-0.199715,-0.374743,9.66677,0.715942,,15,-0.40032,0.688921,0.166667,0.714071
injected_events,self,conf50,6,655046,655003,43.3333,-1056.99,1143.66,1.00007,0.0517548,-1.08002,1.18353,0.0477737,0.089642,8.64984,0.930613,,17,-0.0800641,0.936186,0.0555556,0.938015
injected_events,self,conf75,6,655046,655580,-533.5,-1598.09,531.086,0.999186,-0.672545,-1.83568,0.490591,-0.620811,-1.16488,7.65009,0.279102,,11,-1.04083,0.297953,0.388889,0.28068
injected_events,shuffle,randmat,6,654728,655588,-860.667,-1758.23,36.8952,0.998687,-1.30072,-2.54623,-0.0552162,-1.20067,-2.25292,7.22939,0.0577651,,6,-1.84147,0.0655522,0.666667,
injected_events,shuffle,decorr,6,654728,654978,-250.833,-1406.83,905.159,0.999617,-0.279668,-1.41677,0.857436,-0.258155,-0.4844,9.86086,0.638681,,15,-0.40032,0.688921,0.166667,
injected_events,shuffle,conf25,6,654728,655243,-515,-1583.91,553.907,0.999214,-0.619857,-1.7783,0.538584,-0.572176,-1.07362,9.99276,0.308232,,10,-1.20096,0.229766,0.444444,
injected_events,shuffle,conf50,6,654728,655003,-275.167,-1251.73,701.401,0.99958,-0.365602,-1.5066,0.775398,-0.337478,-0.63324,9.40565,0.541666,,15,-0.40032,0.688921,0.166667,
injected_events,shuffle,conf75,6,654728,655580,-852,-1780.31,76.3112,0.9987,-1.21137,-2.44237,0.0196322,-1.11819,-2.09815,8.42132,0.0674129,,6,-1.84147,0.0655522,0.666667,
injected_events,randmat,decorr,6,655588,654978,609.833,-393.458,1613.12,1.00093,0.835012,-0.344856,2.01488,0.770781,1.44628,6.79165,0.19262,,25,1.04083,0.297953,-0.388889,
injected_events,randmat,conf25,6,655588,655243,345.667,-530.097,1221.43,1.00053,0.533854,-0.617712,1.68542,0.492788,0.924662,7.33875,0.384538,,21,0.40032,0.688921,-0.166667,
injected_events,randmat,conf50,6,655588,655003,585.5,-132.103,1303.1,1.00089,1.07721,-0.133661,2.28809,0.994352,1.86579,8.40605,0.0972587,,28,1.52122,0.128205,-0.555556,
injected_events,randmat,conf75,6,655588,655580,8.66667,-605.061,622.395,1.00001,0.0183264,-1.11328,1.14994,0.0169166,0.0317422,9.39285,0.975342,,18,-0.0800641,0.936186,0,
injected_events,decorr,conf25,6,654978,655243,-264.167,-1407.82,879.484,0.999597,-0.297995,-1.43584,0.839853,-0.275073,-0.516143,9.79342,0.617206,,16,-0.240192,0.810181,0.111111,
injected_events,decorr,conf50,6,654978,655003,-24.3333,-1089.65,1040.98,0.999963,-0.0299064,-1.16156,1.10174,-0.0276059,-0.0517995,8.85589,0.959838,,18,-0.0800641,0.936186,0,
injected_events,decorr,conf75,6,654978,655580,-601.167,-1627.65,425.313,0.999083,-0.782494,-1.95659,0.391598,-0.722302,-1.35532,7.84079,0.213064,,10,-1.20096,0.229766,0.444444,
injected_events,conf25,conf50,6,655243,655003,239.833,-719.002,1198.67,1.00037,0.324013,-0.814974,1.463,0.299089,0.561207,9.51408,0.58763,,24,0.880705,0.378478,-0.333333,
injected_events,conf25,conf75,6,655243,655580,-337,-1245.37,571.368,0.999486,-0.488403,-1.63673,0.65993,-0.450833,-0.845938,8.55583,0.420616,,16,-0.240192,0.810181,0.111111,
injected_events,conf50,conf75,6,655003,655580,-576.833,-1344.69,191.021,0.99912,-0.971858,-2.16838,0.224664,-0.8971,-1.68331,9.60133,0.124489,,8,-1.52122,0.128205,0.555556,
cx_rate_hz,rest,flow,6,10.1005,14.74,-4.63948,-4.78344,-4.49553,0.685245,-44.2836,-62.0364,-26.5307,-40.8771,-76.7014,6.78523,3.17003e-11,,0,-2.80224,0.00507487,1,
cx_rate_hz,rest,self,6,10.1005,13.8091,-3.70862,-3.81334,-3.60389,0.731437,-46.86,-65.6416,-28.0783,-43.2553,-81.1638,8.29222,2.53254e-13,,0,-2.80224,0.00507487,1,0.00274931
cx_rate_hz,rest,shuffle,6,10.1005,14.618,-4.51748,-4.64795,-4.38702,0.690964,-47.0517,-65.9099,-28.1934,-43.4323,-81.4959,7.16595,6.71477e-12,,0,-2.80224,0.00507487,1,
cx_rate_hz,rest,randmat,6,10.1005,13.8847,-3.78423,-3.84663,-3.72184,0.727453,-82.201,-115.107,-49.2949,-75.8779,-142.376,7.2609,8.82921e-14,,0,-2.80224,0.00507487,1,
cx_rate_hz,rest,decorr,6,10.1005,14.7321,-4.63162,-4.74999,-4.51325,0.685611,-52.5548,-73.6111,-31.4984,-48.5121,-91.0275,7.61572,7.62823e-13,,0,-2.80224,0.00507487,1,
cx_rate_hz,rest,conf25,6,10.1005,14.0936,-3.99312,-4.10991,-3.87633,0.716672,-45.8479,-64.2255,-27.4704,-42.3212,-79.4109,7.68401,1.76591e-12,,0,-2.80224,0.00507487,1,
cx_rate_hz,rest,conf50,6,10.1005,14.3733,-4.27278,-4.39067,-4.1549,0.702727,-48.6598,-68.1603,-29.1593,-44.9167,-84.2812,7.6366,1.28784e-12,,0,-2.80224,0.00507487,1,
cx_rate_hz,rest,conf75,6,10.1005,14.6178,-4.51728,-4.61847,-4.4161,0.690973,-58.8323,-82.3968,-35.2677,-54.3067,-101.9,8.50219,1.99847e-14,,0,-2.80224,0.00507487,1,
cx_rate_hz,flow,self,6,14.74,13.8091,0.930867,0.777226,1.08451,1.06741,7.91868,4.55458,11.2828,7.30955,13.7156,8.95811,2.56577e-07,5.13154e-07,36,2.80224,0.00507487,-1,0.00274931
cx_rate_hz,flow,shuffle,6,14.74,14.618,0.122,-0.0448548,0.288855,1.00835,0.941998,-0.250696,2.13469,0.869536,1.63159,9.89133,0.134153,,28,1.52122,0.128205,-0.555556,
cx_rate_hz,flow,randmat,6,14.74,13.8847,0.85525,0.712756,0.997744,1.0616,8.69516,5.03702,12.3533,8.0263,15.0605,5.44036,1.21117e-05,,36,2.80224,0.00507487,-1,
cx_rate_hz,flow,decorr,6,14.74,14.7321,0.00786667,-0.152321,0.168054,1.00053,0.0635526,-1.06832,1.19542,0.0586639,0.110076,9.57967,0.914621,,20,0.240192,0.810181,-0.111111,
cx_rate_hz,flow,conf25,6,14.74,14.0936,0.646367,0.486993,0.80574,1.04586,5.25298,2.8661,7.63985,4.8489,9.09843,9.52242,5.29393e-06,,36,2.80224,0.00507487,-1,
cx_rate_hz,flow,conf50,6,14.74,14.3733,0.3667,0.206766,0.526634,1.02551,2.96792,1.32768,4.60816,2.73962,5.14059,9.56237,0.000504163,,36,2.80224,0.00507487,-1,
cx_rate_hz,flow,conf75,6,14.74,14.6178,0.1222,-0.0299316,0.274332,1.00836,1.05365,-0.153899,2.26121,0.972603,1.82498,8.75137,0.102242,,27,1.36109,0.173485,-0.5,
cx_rate_hz,self,shuffle,6,13.8091,14.618,-0.808867,-0.9513,-0.666433,0.944666,-7.36532,-10.5218,-4.20883,-6.79876,-12.7571,9.43384,2.90917e-07,5.13154e-07,0,-2.80224,0.00507487,1,0.00274931
cx_rate_hz,self,randmat,6,13.8091,13.8847,-0.0756167,-0.175579,0.0243454,0.994554,-1.07348,-2.28383,0.13686,-0.990909,-1.85933,5.89073,0.113236,,10,-1.20096,0.229766,0.444444,0.113472
cx_rate_hz,self,decorr,6,13.8091,14.7321,-0.923,-1.05586,-0.790136,0.937348,-8.96104,-12.7205,-5.2016,-8.27173,-15.521,9.80319,3.17643e-08,9.52929e-08,0,-2.80224,0.00507487,1,0.00274931
cx_rate_hz,self,conf25,6,13.8091,14.0936,-0.2845,-0.416153,-0.152847,0.979814,-2.786,-4.37435,-1.19766,-2.57169,-4.8255,9.84183,0.000728776,,0,-2.80224,0.00507487,1,0.00274931
cx_rate_hz,self,conf50,6,13.8091,14.3733,-0.564167,-0.696655,-0.431679,0.960749,-5.49186,-7.9633,-3.02043,-5.06941,-9.51219,9.81547,2.88159e-06,,0,-2.80224,0.00507487,1,0.00274931
cx_rate_hz,self,conf75,6,13.8091,14.6178,-0.808667,-0.928947,-0.688387,0.944679,-8.65092,-12.2922,-5.00961,-7.98547,-14.9838,9.98229,3.60502e-08,,0,-2.80224,0.00507487,1,0.00274931
cx_rate_hz,shuffle,randmat,6,14.618,13.8847,0.73325,0.604998,0.861502,1.05281,8.24114,4.75528,11.727,7.6072,14.2741,5.54293,1.39386e-05,,36,2.80224,0.00507487,-1,
cx_rate_hz,shuffle,decorr,6,14.618,14.7321,-0.114133,-0.264187,0.0359208,0.992253,-0.979988,-2.17757,0.217595,-0.904604,-1.69739,9.8868,0.120822,,6,-1.84147,0.0655522,0.666667,
cx_rate_hz,shuffle,conf25,6,14.618,14.0936,0.524367,0.375249,0.673484,1.03721,4.53278,2.39523,6.67033,4.18411,7.85101,9.85335,1.51495e-05,,36,2.80224,0.00507487,-1,
cx_rate_hz,shuffle,conf50,6,14.618,14.3733,0.2447,0.0949371,0.394463,1.01702,2.10545,0.69477,3.51613,1.94349,3.64675,9.87695,0.00457871,,33,2.32186,0.0202406,-0.833333,
cx_rate_hz,shuffle,conf75,6,14.618,14.6178,0.0002,-0.140441,0.140841,1.00001,0.00184958,-1.12974,1.13344,0.00170731,0.00320357,9.25285,0.997512,,20,0.240192,0.810181,-0.111111,
cx_rate_hz,randmat,decorr,6,13.8847,14.7321,-0.847383,-0.962586,-0.732181,0.94248,-10.5388,-14.9044,-6.1733,-9.72816,-18.2538,5.67198,2.95907e-06,,0,-2.80224,0.00507487,1,
cx_rate_hz,randmat,conf25,6,13.8847,14.0936,-0.208883,-0.322354,-0.0954132,0.985179,-2.63507,-4.18164,-1.0885,-2.43237,-4.56408,5.69252,0.00437575,,0,-2.80224,0.00507487,1,
cx_rate_hz,randmat,conf50,6,13.8847,14.3733,-0.48855,-0.603217,-0.373883,0.96601,-6.10269,-8.79371,-3.41167,-5.63325,-10.5702,5.67823,6.01085e-05,,0,-2.80224,0.00507487,1,
cx_rate_hz,randmat,conf75,6,13.8847,14.6178,-0.73305,-0.828928,-0.637172,0.949852,-10.8155,-15.288,-6.34295,-9.98352,-18.733,5.96764,1.57476e-06,,0,-2.80224,0.00507487,1,
cx_rate_hz,decorr,conf25,6,14.7321,14.0936,0.6385,0.49798,0.77902,1.0453,5.84545,3.24744,8.44346,5.3958,10.1246,9.99769,1.42143e-06,,36,2.80224,0.00507487,-1,
cx_rate_hz,decorr,conf50,6,14.7321,14.3733,0.358833,0.217583,0.500083,1.02497,3.26804,1.53889,4.99719,3.01665,5.66041,9.99978,0.000209439,,35,2.64211,0.00823902,-0.944444,
cx_rate_hz,decorr,conf75,6,14.7321,14.6178,0.114333,-0.0164425,0.245109,1.00782,1.12978,-0.0887347,2.3483,1.04288,1.95684,9.67693,0.0798126,,28,1.52122,0.128205,-0.555556,
cx_rate_hz,conf25,conf50,6,14.0936,14.3733,-0.279667,-0.419852,-0.139481,0.980543,-2.5664,-4.09438,-1.03843,-2.36899,-4.44514,9.99889,0.00124484,,0,-2.80224,0.00507487,1,
cx_rate_hz,conf25,conf75,6,14.0936,14.6178,-0.524167,-0.653689,-0.394644,0.964142,-5.22601,-7.60339,-2.84863,-4.82401,-9.05172,9.72554,4.77832e-06,,0,-2.80224,0.00507487,1,
cx_rate_hz,conf50,conf75,6,14.3733,14.6178,-0.2445,-0.374887,-0.114113,0.983274,-2.4227,-3.91265,-0.932744,-2.23633,-4.19623,9.69223,0.00197018,,1,-2.64211,0.00823902,0.944444,
cx_active_fraction,rest,flow,6,0.267197,0.382353,-0.115156,-0.120555,-0.109757,0.698823,-27.6733,-38.8024,-16.5442,-25.5446,-47.9315,9.40626,1.46501e-12,,0,-2.80224,0.00507487,1,
cx_active_fraction,rest,self,6,0.267197,0.371504,-0.104307,-0.108268,-0.100346,0.71923,-34.8041,-48.7743,-20.8339,-32.1268,-60.2824,8.35618,2.5168e-12,,0,-2.80224,0.00507487,1,0.00274931
cx_active_fraction,rest,shuffle,6,0.267197,0.37954,-0.112343,-0.118411,-0.106275,0.704002,-24.3226,-34.1191,-14.5261,-22.4516,-42.128,8.66652,2.49321e-11,,0,-2.80224,0.00507487,1,
cx_active_fraction,rest,randmat,6,0.267197,0.369736,-0.102539,-0.106391,-0.0986876,0.722669,-35.9624,-50.3945,-21.5303,-33.1961,-62.2887,7.38658,2.53049e-11,,0,-2.80715,0.00499812,1,
cx_active_fraction,rest,decorr,6,0.267197,0.37946,-0.112263,-0.117124,-0.107402,0.704151,-29.7421,-41.6948,-17.7893,-27.4542,-51.5147,9.91973,2.21823e-13,,0,-2.80715,0.00499812,1,
cx_active_fraction,rest,conf25,6,0.267197,0.370862,-0.103665,-0.109925,-0.0974038,0.720477,-21.8333,-30.6413,-13.0254,-20.1539,-37.8165,8.47095,9.57499e-11,,0,-2.80224,0.00507487,1,
cx_active_fraction,rest,conf50,6,0.267197,0.37488,-0.107683,-0.111816,-0.103549,0.712754,-33.8862,-47.4904,-20.282,-31.2796,-58.6926,9.25386,3.21397e-13,,0,-2.80715,0.00499812,1,
cx_active_fraction,rest,conf75,6,0.267197,0.376808,-0.109611,-0.113949,-0.105273,0.709106,-32.5975,-45.6879,-19.507,-30.09,-56.4605,9.7893,1.23185e-13,,0,-2.80224,0.00507487,1,
cx_active_fraction,flow,self,6,0.382353,0.371504,0.0108488,0.00589056,0.0158071,1.0292,2.97118,1.32999,4.61236,2.74263,5.14623,7.19028,0.00122407,0.00367221,36,2.80224,0.00507487,-1,0.00274931
cx_active_fraction,flow,shuffle,6,0.382353,0.37954,0.00281267,-0.00372858,0.00935391,1.00741,0.554986,-0.598178,1.70815,0.512294,0.961263,9.76113,0.359626,,24.5,0.965848,0.33412,-0.361111,
cx_active_fraction,flow,randmat,6,0.382353,0.369736,0.0126167,0.00771511,0.0175182,1.03412,3.57134,1.74871,5.39396,3.29662,6.18574,6.486,0.000609058,,36,2.80715,0.00499812,-1,
cx_active_fraction,flow,decorr,6,0.382353,0.37946,0.002893,-0.00267523,0.00846123,1.00762,0.670838,-0.492139,1.83382,0.619235,1.16193,9.73492,0.27296,,27,1.36828,0.171223,-0.5,
cx_active_fraction,flow,conf25,6,0.382353,0.370862,0.0114915,0.00478591,0.0181971,1.03099,2.2159,0.778393,3.6534,2.04544,3.83805,9.63597,0.00350616,,34,2.48199,0.0130652,-0.888889,
cx_active_fraction,flow,conf50,6,0.382353,0.37488,0.0074735,0.00241307,0.0125339,1.01994,1.96612,0.587995,3.34424,1.81488,3.40541,8.00284,0.00928094,,33,2.32593,0.0200224,-0.833333,
cx_active_fraction,flow,conf75,6,0.382353,0.376808,0.005545,0.000351241,0.0107388,1.01472,1.40134,0.138481,2.66419,1.29354,2.42719,8.71608,0.0389931,,30.5,1.92491,0.0542411,-0.694444,
cx_active_fraction,self,shuffle,6,0.371504,0.37954,-0.00803617,-0.0137866,-0.00228575,0.978827,-1.92928,-3.29904,-0.559515,-1.78087,-3.34161,6.6364,0.0134071,0.0134071,3.5,-2.24572,0.0247217,0.805556,0.011997
cx_active_fraction,self,randmat,6,0.371504,0.369736,0.00176783,-0.000866642,0.00440231,1.00478,0.868202,-0.315494,2.0519,0.801417,1.50377,9.5948,0.164823,,26.5,1.29237,0.196228,-0.472222,0.185704
cx_active_fraction,self,decorr,6,0.371504,0.37946,-0.00795583,-0.012229,-0.00368271,0.979034,-2.48335,-3.9892,-0.977498,-2.29232,-4.30128,7.91648,0.00267568,0.00535135,0.5,-2.73175,0.00629995,0.972222,0.00524869
cx_active_fraction,self,conf25,6,0.371504,0.370862,0.000642667,-0.00532789,0.00661322,1.00173,0.149177,-0.983982,1.28234,0.137701,0.258381,6.51924,0.804078,,19,0.0800641,0.936186,-0.0555556,0.833792
cx_active_fraction,self,conf50,6,0.371504,0.37488,-0.00337533,-0.00657074,-0.000179925,0.990996,-1.36502,-2.62149,-0.108543,-1.26001,-2.36428,9.67744,0.0404513,,6,-1.8447,0.065081,0.666667,0.0494876
cx_active_fraction,self,conf75,6,0.371504,0.376808,-0.00530383,-0.00883318,-0.00177449,0.985924,-1.95994,-3.33665,-0.583228,-1.80918,-3.39472,9.08436,0.00783328,,3.5,-2.24572,0.0247217,0.805556,0.0142464
cx_active_fraction,shuffle,randmat,6,0.37954,0.369736,0.009804,0.00408751,0.0155205,1.02652,2.4137,0.926088,3.90131,2.22803,4.18065,6.09555,0.00561077,,36,2.80715,0.00499812,-1,
cx_active_fraction,shuffle,decorr,6,0.37954,0.37946,8.03333e-05,-0.00611976,0.00628043,1.00021,0.0168924,-1.11471,1.1485,0.015593,0.0292584,9.10586,0.97729,,20,0.241462,0.809197,-0.111111,
cx_active_fraction,shuffle,conf25,6,0.37954,0.370862,0.00867883,0.00152507,0.0158326,1.0234,1.56098,0.268506,2.85346,1.44091,2.70371,9.98472,0.0222001,,32,2.16173,0.030639,-0.777778,
cx_active_fraction,shuffle,conf50,6,0.37954,0.37488,0.00466083,-0.00115765,0.0104793,1.01243,1.0846,-0.127331,2.29653,1.00117,1.87858,7.2982,0.100661,,29.5,1.7676,0.0771276,-0.638889,
cx_active_fraction,shuffle,conf75,6,0.37954,0.376808,0.00273233,-0.00318122,0.00864589,1.00725,0.615989,-0.542121,1.7741,0.568606,1.06693,7.9382,0.317376,,25.5,1.12286,0.261496,-0.416667,
cx_active_fraction,randmat,decorr,6,0.369736,0.37946,-0.00972367,-0.0139083,-0.00553905,0.974375,-3.16957,-4.86913,-1.47002,-2.92576,-5.48986,7.02992,0.000903224,,0,-2.81209,0.00492204,1,
cx_active_fraction,randmat,conf25,6,0.369736,0.370862,-0.00112517,-0.00706642,0.00481609,0.996966,-0.267385,-1.40402,0.869246,-0.246817,-0.463124,6.01484,0.659559,,15,-0.401022,0.688404,0.166667,
cx_active_fraction,randmat,conf50,6,0.369736,0.37488,-0.00514317,-0.00815114,-0.0021352,0.98628,-2.24201,-3.68598,-0.79804,-2.06955,-3.88327,8.77267,0.00389842,,1,-2.6514,0.00801585,0.944444,
cx_active_fraction,randmat,conf75,6,0.369736,0.376808,-0.00707167,-0.0104542,-0.00368911,0.981233,-2.77993,-4.36658,-1.19329,-2.56609,-4.81499,8.05781,0.00130315,,2,-2.49953,0.0124359,0.888889,
cx_active_fraction,decorr,conf25,6,0.37946,0.370862,0.0085985,0.00221464,0.0149824,1.02319,1.76159,0.428482,3.09471,1.62609,3.05117,8.91861,0.013911,,34,2.48634,0.0129066,-0.888889,
cx_active_fraction,decorr,conf50,6,0.37946,0.37488,0.0045805,0.000161422,0.00899958,1.01222,1.35783,0.102604,2.61305,1.25338,2.35183,8.82666,0.0437022,,32,2.18088,0.0291925,-0.777778,
cx_active_fraction,decorr,conf75,6,0.37946,0.376808,0.002652,-0.00194621,0.00725021,1.00704,0.747459,-0.422973,1.91789,0.689962,1.29464,9.48262,0.226081,,26.5,1.29237,0.196228,-0.472222,
cx_active_fraction,conf25,conf50,6,0.370862,0.37488,-0.004018,-0.0100494,0.00201337,0.989282,-0.90582,-2.09402,0.28238,-0.836141,-1.56893,7.14252,0.159803,,10.5,-1.13083,0.258129,0.416667,
cx_active_fraction,conf25,conf75,6,0.370862,0.376808,-0.0059465,-0.0120644,0.000171438,0.984219,-1.30121,-2.5468,-0.0556231,-1.20112,-2.25377,7.75507,0.055265,,4.5,-2.08531,0.0370407,0.75,
cx_active_fraction,conf50,conf75,6,0.37488,0.376808,-0.0019285,-0.00567604,0.00181904,0.994882,-0.663841,-1.82618,0.498494,-0.612776,-1.14981,9.79903,0.277512,,10.5,-1.13083,0.258129,0.416667,
ring_rate_hz,rest,flow,6,36.04,44.2206,-8.18057,-8.43972,-7.92141,0.815006,-44.6342,-62.5271,-26.7413,-41.2008,-77.3088,5.97833,3.36749e-10,,0,-2.80224,0.00507487,1,
ring_rate_hz,rest,self,6,36.04,43.0466,-7.00655,-7.3258,-6.6873,0.837233,-31.4815,-44.1273,-18.8358,-29.0599,-54.5276,5.64657,6.62929e-09,,0,-2.80224,0.00507487,1,0.00274931
ring_rate_hz,rest,shuffle,6,36.04,44.1969,-8.15685,-8.51786,-7.79584,0.815443,-32.6266,-45.7287,-19.5245,-30.1169,-56.5109,5.50642,7.97811e-09,,0,-2.80224,0.00507487,1,
ring_rate_hz,rest,randmat,6,36.04,43.9028,-7.86275,-8.17725,-7.54825,0.820905,-35.8296,-50.2088,-21.4504,-33.0735,-62.0587,5.6661,3.02375e-09,,0,-2.80224,0.00507487,1,
ring_rate_hz,rest,decorr,6,36.04,44.6642,-8.62417,-8.81109,-8.43725,0.806911,-63.2347,-88.5587,-37.9107,-58.3705,-109.526,6.8682,2.1528e-12,,0,-2.80224,0.00507487,1,
ring_rate_hz,rest,conf25,6,36.04,43.5131,-7.47305,-7.76409,-7.18201,0.828257,-36.6164,-51.3094,-21.9234,-33.7997,-63.4214,5.77699,1.94752e-09,,0,-2.80224,0.00507487,1,
ring_rate_hz,rest,conf50,6,36.04,43.8611,-7.82107,-8.2485,-7.39363,0.821686,-26.6139,-37.3214,-15.9063,-24.5667,-46.0966,5.3619,3.5436e-08,,0,-2.80224,0.00507487,1,
ring_rate_hz,rest,conf75,6,36.04,44.348,-8.308,-8.70568,-7.91032,0.812664,-30.2995,-42.4744,-18.1247,-27.9688,-52.4804,5.41778,1.52187e-08,,0,-2.80224,0.00507487,1,
ring_rate_hz,flow,self,6,44.2206,43.0466,1.17402,0.814773,1.53326,1.02727,4.22854,2.19324,6.26384,3.90327,7.32404,9.58985,3.17194e-05,6.34388e-05,36,2.80224,0.00507487,-1,0.00274931
ring_rate_hz,flow,shuffle,6,44.2206,44.1969,0.0237167,-0.367787,0.41522,1.00054,0.0790317,-1.053,1.21106,0.0729523,0.136887,9.06561,0.894112,,18,-0.0800641,0.936186,0,
ring_rate_hz,flow,randmat,6,44.2206,43.9028,0.317817,-0.0379284,0.673562,1.00724,1.15506,-0.0672504,2.37736,1.06621,2.00062,9.64306,0.0743662,,29,1.68135,0.0926958,-0.611111,
ring_rate_hz,flow,decorr,6,44.2206,44.6642,-0.4436,-0.723965,-0.163235,0.990068,-2.06489,-3.46594,-0.663837,-1.90605,-3.57649,9.0456,0.00591498,,2,-2.48199,0.0130652,0.888889,
ring_rate_hz,flow,conf25,6,44.2206,43.5131,0.707517,0.368479,1.04655,1.01626,2.68949,1.128,4.25099,2.48261,4.65834,9.86613,0.000929424,,36,2.80224,0.00507487,-1,
ring_rate_hz,flow,conf50,6,44.2206,43.8611,0.3595,-0.0876437,0.806644,1.0082,1.06516,-0.144009,2.27433,0.983223,1.84491,8.2332,0.101221,,28,1.52122,0.128205,-0.555556,
ring_rate_hz,flow,conf75,6,44.2206,44.348,-0.127433,-0.549105,0.294239,0.997127,-0.39758,-1.54029,0.74513,-0.366997,-0.688629,8.59181,0.509222,,14,-0.560449,0.575174,0.222222,
ring_rate_hz,self,shuffle,6,43.0466,44.1969,-1.1503,-1.56997,-0.730629,0.973973,-3.53318,-5.34387,-1.7225,-3.2614,-6.11965,9.85249,0.000120007,0.000120007,0,-2.80224,0.00507487,1,0.00274931
ring_rate_hz,self,randmat,6,43.0466,43.9028,-0.8562,-1.24566,-0.46674,0.980498,-2.82818,-4.42842,-1.22795,-2.61063,-4.89856,9.99775,0.000624867,,0,-2.80224,0.00507487,1,0.00274931
ring_rate_hz,self,decorr,6,43.0466,44.6642,-1.61762,-1.94929,-1.28594,0.963783,-6.49161,-9.32456,-3.65866,-5.99226,-11.2438,8.01174,3.47422e-06,1.04226e-05,0,-2.80224,0.00507487,1,0.00274931
ring_rate_hz,self,conf25,6,43.0466,43.5131,-0.4665,-0.84231,-0.0906903,0.989279,-1.59871,-2.89855,-0.298871,-1.47573,-2.76905,9.91507,0.0199691,,6,-1.84147,0.0655522,0.666667,0.0267433
ring_rate_hz,self,conf50,6,43.0466,43.8611,-0.814517,-1.28318,-0.34585,0.98143,-2.26034,-3.70887,-0.8118,-2.08646,-3.91502,9.25555,0.00335149,,2,-2.48199,0.0130652,0.888889,0.007998
ring_rate_hz,self,conf75,6,43.0466,44.348,-1.30145,-1.74744,-0.855465,0.970654,-3.77786,-5.66595,-1.88976,-3.48725,-6.54344,9.55371,8.06287e-05,,0,-2.80224,0.00507487,1,0.00274931
ring_rate_hz,shuffle,randmat,6,44.1969,43.9028,0.2941,-0.123055,0.711255,1.0067,0.909257,-0.279362,2.09788,0.839314,1.57488,9.81545,0.146934,,26,1.20096,0.229766,-0.444444,
ring_rate_hz,shuffle,decorr,6,44.1969,44.6642,-0.467317,-0.836812,-0.0978212,0.989537,-1.70568,-3.0271,-0.384257,-1.57447,-2.95432,7.45113,0.0198168,,4,-2.16173,0.030639,0.777778,
ring_rate_hz,shuffle,conf25,6,44.1969,43.5131,0.6838,0.27837,1.08923,1.01571,2.18303,0.753599,3.61246,2.0151,3.78112,9.56792,0.00388952,,36,2.80224,0.00507487,-1,
ring_rate_hz,shuffle,conf50,6,44.1969,43.8611,0.335783,-0.152224,0.823791,1.00766,0.888504,-0.297601,2.07461,0.820157,1.53893,9.72854,0.155687,,26,1.20096,0.229766,-0.444444,
ring_rate_hz,shuffle,conf75,6,44.1969,44.348,-0.15115,-0.618489,0.316189,0.996592,-0.416586,-1.56038,0.727208,-0.384541,-0.721547,9.90808,0.487251,,12,-0.880705,0.378478,0.333333,
ring_rate_hz,randmat,decorr,6,43.9028,44.6642,-0.761417,-1.08889,-0.433948,0.982952,-3.09004,-4.76599,-1.41409,-2.85234,-5.35211,8.08428,0.000660673,,0,-2.80224,0.00507487,1,
ring_rate_hz,randmat,conf25,6,43.9028,43.5131,0.3897,0.0170667,0.762333,1.00896,1.34644,0.0931759,2.59969,1.24286,2.33209,9.94007,0.0420457,,32,2.16173,0.030639,-0.777778,
ring_rate_hz,randmat,conf50,6,43.9028,43.8611,0.0416833,-0.425004,0.508371,1.00095,0.116292,-1.01625,1.24883,0.107346,0.201423,9.18765,0.844757,,18,-0.0800641,0.936186,0,
ring_rate_hz,randmat,conf75,6,43.9028,44.348,-0.44525,-0.889028,-0.00147213,0.98996,-1.30003,-2.54542,-0.054639,-1.20003,-2.25172,9.49593,0.0493836,,6,-1.84147,0.0655522,0.666667,
ring_rate_hz,decorr,conf25,6,44.6642,43.5131,1.15112,0.844085,1.45815,1.02645,4.94387,2.66513,7.22261,4.56357,8.56303,8.46876,1.87858e-05,,36,2.80224,0.00507487,-1,
ring_rate_hz,decorr,conf50,6,44.6642,43.8611,0.8031,0.371227,1.23497,1.01831,2.55344,1.02894,4.07794,2.35702,4.42269,6.80635,0.00328777,,36,2.80224,0.00507487,-1,
ring_rate_hz,decorr,conf75,6,44.6642,44.348,0.316167,-0.0875024,0.719836,1.00713,1.06735,-0.142123,2.27683,0.98525,1.84871,7.06289,0.106593,,28,1.52122,0.128205,-0.555556,
ring_rate_hz,conf25,conf50,6,43.5131,43.8611,-0.348017,-0.805611,0.109578,0.992065,-0.996478,-2.19624,0.203281,-0.919826,-1.72595,8.81563,0.119139,,8.5,-1.44368,0.148829,0.527778,
ring_rate_hz,conf25,conf75,6,43.5131,44.348,-0.83495,-1.26852,-0.401377,0.981173,-2.50841,-4.0209,-0.995927,-2.31546,-4.3447,9.16098,0.00178834,,0,-2.80224,0.00507487,1,
ring_rate_hz,conf50,conf75,6,43.8611,44.348,-0.486933,-0.994574,0.020707,0.98902,-1.23481,-2.46953,-8.53078e-05,-1.13982,-2.13875,9.9486,0.058296,,7,-1.68135,0.0926958,0.611111,
columnar_rate_hz,rest,flow,6,3.79402,5.8905,-2.09647,-2.28527,-1.90767,0.644092,-15.7349,-22.131,-9.33886,-14.5245,-27.2537,5.92561,1.87105e-07,,0,-2.80224,0.00507487,1,
columnar_rate_hz,rest,self,6,3.79402,5.29585,-1.50182,-1.59726,-1.40639,0.716415,-20.7423,-29.1176,-12.367,-19.1467,-35.9267,8.49046,1.41611e-10,,0,-2.80224,0.00507487,1,0.00274931
columnar_rate_hz,rest,shuffle,6,3.79402,5.74952,-1.95549,-2.08152,-1.82946,0.659886,-21.1466,-29.6822,-12.611,-19.5199,-36.6269,7.05914,2.58058e-09,,0,-2.80224,0.00507487,1,
columnar_rate_hz,rest,randmat,6,3.79402,5.41592,-1.62189,-1.72946,-1.51432,0.700533,-20.1646,-28.3109,-12.0182,-18.6135,-34.9261,7.79828,7.52443e-10,,0,-2.80224,0.00507487,1,
columnar_rate_hz,rest,decorr,6,3.79402,5.81902,-2.02499,-2.12577,-1.92421,0.652004,-26.6592,-37.3848,-15.9336,-24.6085,-46.1751,8.16217,3.65292e-11,,0,-2.80224,0.00507487,1,
columnar_rate_hz,rest,conf25,6,3.79402,5.45737,-1.66334,-1.77316,-1.55353,0.695212,-20.3084,-28.5117,-12.1051,-18.7462,-35.1751,7.69024,8.93774e-10,,0,-2.80224,0.00507487,1,
columnar_rate_hz,rest,conf50,6,3.79402,5.64275,-1.84872,-1.96753,-1.72992,0.672372,-21.0631,-29.5656,-12.5606,-19.4428,-36.4823,7.31117,1.53144e-09,,0,-2.80224,0.00507487,1,
columnar_rate_hz,rest,conf75,6,3.79402,5.79338,-1.99935,-2.10343,-1.89528,0.65489,-25.5895,-35.8895,-15.2894,-23.621,-44.3222,7.97857,7.78815e-11,,0,-2.80224,0.00507487,1,
columnar_rate_hz,flow,self,6,5.8905,5.29585,0.59465,0.402738,0.786562,1.11229,4.20875,2.18003,6.23748,3.885,7.28978,7.18027,0.00014509,0.00014509,36,2.80224,0.00507487,-1,0.00274931
columnar_rate_hz,flow,shuffle,6,5.8905,5.74952,0.140982,-0.0594998,0.341463,1.02452,0.924167,-0.266292,2.11463,0.853077,1.6007,8.64816,0.145278,,28,1.52122,0.128205,-0.555556,
columnar_rate_hz,flow,randmat,6,5.8905,5.41592,0.474583,0.279872,0.669295,1.08763,3.26025,1.53346,4.98704,3.00946,5.64692,7.79109,0.000531343,,36,2.80224,0.00507487,-1,
columnar_rate_hz,flow,decorr,6,5.8905,5.81902,0.0714817,-0.121564,0.264527,1.01228,0.499373,-0.649714,1.64846,0.46096,0.864939,7.45164,0.414048,,22,0.560449,0.575174,-0.222222,
columnar_rate_hz,flow,conf25,6,5.8905,5.45737,0.433132,0.237814,0.628449,1.07937,2.95886,1.32124,4.59647,2.73125,5.12489,7.9013,0.000937212,,36,2.80224,0.00507487,-1,
columnar_rate_hz,flow,conf50,6,5.8905,5.64275,0.247748,0.049738,0.445759,1.04391,1.65445,0.343498,2.96541,1.52719,2.8656,8.32777,0.0201228,,32,2.16173,0.030639,-0.777778,
columnar_rate_hz,flow,conf75,6,5.8905,5.79338,0.0971183,-0.0967033,0.29094,1.01676,0.672993,-0.490184,1.83617,0.621224,1.16566,7.61716,0.278952,,24,0.880705,0.378478,-0.333333,
columnar_rate_hz,self,shuffle,6,5.29585,5.74952,-0.453668,-0.58885,-0.318487,0.921095,-4.37318,-6.45683,-2.28953,-4.03678,-7.57457,9.13625,3.1439e-05,6.2878e-05,0,-2.80224,0.00507487,1,0.00274931
columnar_rate_hz,self,randmat,6,5.29585,5.41592,-0.120067,-0.240242,0.000108694,0.977831,-1.28874,-2.53226,-0.0452303,-1.18961,-2.23217,9.80406,0.0501705,,6,-1.84147,0.0655522,0.666667,0.0564859
columnar_rate_hz,self,decorr,6,5.29585,5.81902,-0.523168,-0.638154,-0.408183,0.910093,-5.85648,-8.45846,-3.2545,-5.40598,-10.1437,9.95652,1.44385e-06,4.33155e-06,0,-2.80224,0.00507487,1,0.00274931
columnar_rate_hz,self,conf25,6,5.29585,5.45737,-0.161518,-0.283453,-0.0395839,0.970404,-1.71029,-3.03267,-0.387914,-1.57873,-2.96231,9.73693,0.0146307,,4,-2.16173,0.030639,0.777778,0.0179955
columnar_rate_hz,self,conf50,6,5.29585,5.64275,-0.346902,-0.476068,-0.217735,0.938523,-3.484,-5.27937,-1.68863,-3.216,-6.03446,9.41941,0.000161294,,0,-2.80224,0.00507487,1,0.00274931
columnar_rate_hz,self,conf75,6,5.29585,5.79338,-0.497532,-0.615007,-0.380056,0.914121,-5.45617,-7.91493,-2.99742,-5.03647,-9.45037,9.89361,2.8811e-06,,0,-2.80224,0.00507487,1,0.00274931
columnar_rate_hz,shuffle,randmat,6,5.74952,5.41592,0.333602,0.19217,0.475034,1.0616,3.04677,1.38355,4.70999,2.81241,5.27717,9.70727,0.00039633,,36,2.80224,0.00507487,-1,
columnar_rate_hz,shuffle,decorr,6,5.74952,5.81902,-0.0695,-0.207315,0.0683152,0.988056,-0.654117,-1.81557,0.507336,-0.6038,-1.13296,9.42763,0.28522,,11.5,-0.962453,0.335822,0.361111,
columnar_rate_hz,shuffle,conf25,6,5.74952,5.45737,0.29215,0.14946,0.43484,1.05353,2.642,1.09354,4.19047,2.43877,4.57608,9.77787,0.00107747,,35,2.64211,0.00823902,-0.944444,
columnar_rate_hz,shuffle,conf50,6,5.74952,5.64275,0.106767,-0.0412432,0.254777,1.01892,0.928471,-0.262523,2.11947,0.85705,1.60816,9.95908,0.139005,,28,1.52122,0.128205,-0.555556,
columnar_rate_hz,shuffle,conf75,6,5.74952,5.79338,-0.0438633,-0.183395,0.0956688,0.992429,-0.40684,-1.55007,0.736392,-0.375544,-0.704667,9.57576,0.497797,,14,-0.560449,0.575174,0.222222,
columnar_rate_hz,randmat,decorr,6,5.41592,5.81902,-0.403102,-0.526635,-0.279568,0.930727,-4.20098,-6.22713,-2.17483,-3.87783,-7.27631,9.94258,2.75879e-05,,0,-2.80224,0.00507487,1,
columnar_rate_hz,randmat,conf25,6,5.41592,5.45737,-0.0414517,-0.171038,0.0881343,0.992404,-0.411527,-1.55503,0.731973,-0.379871,-0.712786,9.99446,0.492284,,13,-0.720577,0.47117,0.277778,
columnar_rate_hz,randmat,conf50,6,5.41592,5.64275,-0.226835,-0.362845,-0.0908248,0.959801,-2.14903,-3.5702,-0.727872,-1.98372,-3.72224,9.87875,0.00404455,,4,-2.16173,0.030639,0.777778,
columnar_rate_hz,randmat,conf75,6,5.41592,5.79338,-0.377465,-0.503152,-0.251778,0.934845,-3.86415,-5.78,-1.94831,-3.56691,-6.69291,9.98541,5.45019e-05,,0,-2.80224,0.00507487,1,
columnar_rate_hz,decorr,conf25,6,5.81902,5.45737,0.36165,0.236454,0.486846,1.06627,3.72102,1.85108,5.59096,3.43479,6.445,9.90223,7.73261e-05,,36,2.80224,0.00507487,-1,
columnar_rate_hz,decorr,conf50,6,5.81902,5.64275,0.176267,0.0442019,0.308331,1.03124,1.725,0.399566,3.05043,1.5923,2.98778,9.66829,0.0141209,,32,2.16173,0.030639,-0.777778,
columnar_rate_hz,decorr,conf75,6,5.81902,5.79338,0.0256367,-0.0953539,0.146627,1.00443,0.272632,-0.864199,1.40946,0.25166,0.472212,9.98567,0.646926,,21,0.40032,0.688921,-0.166667,
columnar_rate_hz,conf25,conf50,6,5.45737,5.64275,-0.185383,-0.322758,-0.0480088,0.967147,-1.73779,-3.06589,-0.409686,-1.60411,-3.00994,9.92407,0.0132267,,4,-2.16173,0.030639,0.777778,
columnar_rate_hz,conf25,conf75,6,5.45737,5.79338,-0.336013,-0.463304,-0.208722,0.942,-3.39754,-5.16618,-1.62889,-3.13619,-5.88471,9.96205,0.000156546,,0,-2.80224,0.00507487,1,
columnar_rate_hz,conf50,conf75,6,5.64275,5.79338,-0.15063,-0.284572,-0.0166878,0.974,-1.45102,-2.72283,-0.179216,-1.3394,-2.51324,9.78455,0.0312118,,5,-2.0016,0.0453276,0.722222,
fanbody_rate_hz,rest,flow,6,8.20771,13.7665,-5.55879,-5.72082,-5.39676,0.596209,-44.7558,-62.6972,-26.8143,-41.313,-77.5193,9.06773,4.14054e-14,,0,-2.80224,0.00507487,1,
fanbody_rate_hz,rest,self,6,8.20771,12.5581,-4.35036,-4.47679,-4.22393,0.653581,-44.311,-62.0749,-26.5472,-40.9025,-76.749,9.92443,4.23583e-15,,0,-2.80224,0.00507487,1,0.00274931
fanbody_rate_hz,rest,shuffle,6,8.20771,13.5686,-5.36086,-5.49479,-5.22693,0.604906,-51.4995,-72.1342,-30.8647,-47.538,-89.1997,9.98922,7.91564e-16,,0,-2.80224,0.00507487,1,
fanbody_rate_hz,rest,randmat,6,8.20771,12.5634,-4.35569,-4.46576,-4.24562,0.653303,-53.1703,-74.4726,-31.8681,-49.0803,-92.0937,7.60194,7.28316e-13,,0,-2.80224,0.00507487,1,
fanbody_rate_hz,rest,decorr,6,8.20771,13.6646,-5.45684,-5.63088,-5.2828,0.600657,-41.2339,-57.7693,-24.6984,-38.062,-71.4192,8.61112,3.03046e-13,,0,-2.80224,0.00507487,1,
fanbody_rate_hz,rest,conf25,6,8.20771,12.892,-4.68432,-4.8035,-4.56515,0.63665,-50.9626,-71.3829,-30.5423,-47.0424,-88.2698,9.45356,4.13977e-15,,0,-2.80224,0.00507487,1,
fanbody_rate_hz,rest,conf50,6,8.20771,13.2317,-5.02394,-5.14818,-4.89971,0.620309,-52.139,-73.0292,-31.2487,-48.1283,-90.3073,9.83695,1.08929e-15,,0,-2.80224,0.00507487,1,
fanbody_rate_hz,rest,conf75,6,8.20771,13.5049,-5.29719,-5.42898,-5.16541,0.607758,-51.7085,-72.4267,-30.9902,-47.7309,-89.5617,9.99998,7.36922e-16,,0,-2.80224,0.00507487,1,
fanbody_rate_hz,flow,self,6,13.7665,12.5581,1.20843,1.04969,1.36717,1.09623,10.0061,5.84606,14.1662,9.23643,17.3311,8.63967,5.19281e-08,1.03856e-07,36,2.80224,0.00507487,-1,0.00274931
fanbody_rate_hz,flow,shuffle,6,13.7665,13.5686,0.197933,0.0344517,0.361415,1.01459,1.57556,0.280253,2.87087,1.45436,2.72895,9.21998,0.022774,,31,2.0016,0.0453276,-0.722222,
fanbody_rate_hz,flow,randmat,6,13.7665,12.5634,1.2031,1.05293,1.35327,1.09576,11.1431,6.54363,15.7425,10.2859,19.3004,6.41444,6.35469e-07,,36,2.80224,0.00507487,-1,
fanbody_rate_hz,flow,decorr,6,13.7665,13.6646,0.10195,-0.0910665,0.294966,1.00746,0.680273,-0.483582,1.84413,0.627944,1.17827,9.91438,0.266197,,25,1.04083,0.297953,-0.388889,
fanbody_rate_hz,flow,conf25,6,13.7665,12.892,0.874467,0.719918,1.02902,1.06783,7.55563,4.32794,10.7833,6.97443,13.0867,7.86568,1.28678e-06,,36,2.80224,0.00507487,-1,
fanbody_rate_hz,flow,conf50,6,13.7665,13.2317,0.53485,0.377425,0.692275,1.04042,4.48347,2.36264,6.60431,4.13859,7.7656,8.42989,4.05153e-05,,36,2.80224,0.00507487,-1,
fanbody_rate_hz,flow,conf75,6,13.7665,13.5049,0.2616,0.0995094,0.423691,1.01937,2.10523,0.694603,3.51586,1.94329,3.64637,9.07434,0.0052744,,33,2.32186,0.0202406,-0.833333,
fanbody_rate_hz,self,shuffle,6,12.5581,13.5686,-1.0105,-1.13936,-0.881642,0.925526,-10.1076,-14.3068,-5.90848,-9.33014,-17.507,9.8586,9.42893e-09,2.82868e-08,0,-2.80224,0.00507487,1,0.00274931
fanbody_rate_hz,self,randmat,6,12.5581,12.5634,-0.00533333,-0.107319,0.0966521,0.999575,-0.0696129,-1.20154,1.06232,-0.0642581,-0.120573,8.00742,0.907,,20,0.240192,0.810181,-0.111111,0.913522
fanbody_rate_hz,self,decorr,6,12.5581,13.6646,-1.10648,-1.27775,-0.935216,0.919025,-8.56929,-12.1796,-4.959,-7.91012,-14.8425,8.17606,3.35949e-07,3.35949e-07,0,-2.80224,0.00507487,1,0.00274931
fanbody_rate_hz,self,conf25,6,12.5581,12.892,-0.333967,-0.446543,-0.22139,0.974095,-3.82894,-5.73344,-1.92445,-3.53441,-6.63192,9.76111,6.54742e-05,,0,-2.80224,0.00507487,1,0.00274931
fanbody_rate_hz,self,conf50,6,12.5581,13.2317,-0.673583,-0.791819,-0.555348,0.949093,-7.33043,-10.4739,-4.18696,-6.76655,-12.6967,9.98243,1.74561e-07,,0,-2.80224,0.00507487,1,0.00274931
fanbody_rate_hz,self,conf75,6,12.5581,13.5049,-0.946833,-1.07336,-0.820305,0.92989,-9.63674,-13.6548,-5.61868,-8.89545,-16.6913,9.92203,1.37465e-08,,0,-2.80224,0.00507487,1,0.00274931
fanbody_rate_hz,shuffle,randmat,6,13.5686,12.5634,1.00517,0.891816,1.11852,1.08001,11.9572,7.0414,16.873,11.0374,20.7105,7.45857,7.30478e-08,,36,2.80224,0.00507487,-1,
fanbody_rate_hz,shuffle,decorr,6,13.5686,13.6646,-0.0959833,-0.271259,0.0792919,0.992976,-0.718026,-1.88551,0.449453,-0.662793,-1.24366,8.77465,0.245824,,9,-1.36109,0.173485,0.5,
fanbody_rate_hz,shuffle,conf25,6,13.5686,12.892,0.676533,0.554612,0.798455,1.05248,7.20998,4.11142,10.3085,6.65537,12.4881,9.31525,3.96923e-07,,36,2.80224,0.00507487,-1,
fanbody_rate_hz,shuffle,conf50,6,13.5686,13.2317,0.336917,0.210164,0.46367,1.02546,3.43141,1.65233,5.21049,3.16745,5.94337,9.74762,0.000157926,,36,2.80224,0.00507487,-1,
fanbody_rate_hz,shuffle,conf75,6,13.5686,13.5049,0.0636667,-0.0703521,0.197685,1.00471,0.611204,-0.5465,1.76891,0.564189,1.05864,9.99012,0.31469,,24,0.880705,0.378478,-0.333333,
fanbody_rate_hz,randmat,decorr,6,12.5634,13.6646,-1.10115,-1.2656,-0.936698,0.919416,-9.39255,-13.317,-5.46813,-8.67004,-16.2684,6.18141,2.62362e-06,,0,-2.80224,0.00507487,1,
fanbody_rate_hz,randmat,conf25,6,12.5634,12.892,-0.328633,-0.418307,-0.23896,0.974509,-4.80406,-7.03443,-2.5737,-4.43452,-8.32088,8.78794,1.86903e-05,,0,-2.80224,0.00507487,1,
fanbody_rate_hz,randmat,conf50,6,12.5634,13.2317,-0.66825,-0.766684,-0.569816,0.949496,-8.99803,-12.7716,-5.22447,-8.30587,-15.585,8.21177,2.17952e-07,,0,-2.80224,0.00507487,1,
fanbody_rate_hz,randmat,conf75,6,12.5634,13.5049,-0.9415,-1.0517,-0.831295,0.930285,-11.4804,-16.2108,-6.75004,-10.5973,-19.8847,7.59573,7.95003e-08,,0,-2.80224,0.00507487,1,
fanbody_rate_hz,decorr,conf25,6,13.6646,12.892,0.772517,0.604691,0.940342,1.05992,6.20855,3.47904,8.93805,5.73097,10.7535,7.44709,8.43231e-06,,36,2.80224,0.00507487,-1,
fanbody_rate_hz,decorr,conf50,6,13.6646,13.2317,0.4329,0.262725,0.603075,1.03272,3.38884,1.62287,5.15481,3.12816,5.86964,7.97259,0.000379282,,35,2.64211,0.00823902,-0.944444,
fanbody_rate_hz,decorr,conf75,6,13.6646,13.5049,0.15965,-0.0144396,0.33374,1.01182,1.20587,-0.0242676,2.436,1.11311,2.08862,8.6181,0.0676894,,29,1.68135,0.0926958,-0.611111,
fanbody_rate_hz,conf25,conf50,6,12.892,13.2317,-0.339617,-0.449374,-0.229859,0.974333,-3.98767,-5.9436,-2.03173,-3.68092,-6.90684,9.86893,4.44405e-05,,0,-2.80224,0.00507487,1,
fanbody_rate_hz,conf25,conf75,6,12.892,13.5049,-0.612867,-0.732157,-0.493576,0.954619,-6.66183,-9.55734,-3.76632,-6.14938,-11.5386,9.44789,7.02572e-07,,0,-2.80224,0.00507487,1,
fanbody_rate_hz,conf50,conf75,6,13.2317,13.5049,-0.27325,-0.397588,-0.148912,0.979767,-2.83358,-4.43534,-1.23182,-2.61561,-4.9079,9.83351,0.000646905,,0,-2.80224,0.00507487,1,
other_rate_hz,rest,flow,6,26.1091,35.7383,-9.62918,-9.75773,-9.50064,0.730564,-99.427,-139.221,-59.6326,-91.7788,-172.213,8.1427,8.57579e-16,,0,-2.80715,0.00499812,1,
other_rate_hz,rest,self,6,26.1091,34.3604,-8.25128,-8.42223,-8.08034,0.759861,-66.2658,-92.8013,-39.7303,-61.1684,-114.776,6.81279,1.87945e-12,,0,-2.80715,0.00499812,1,0.00274931
other_rate_hz,rest,shuffle,6,26.1091,35.7752,-9.66605,-9.92128,-9.41082,0.729811,-53.9073,-75.504,-32.3106,-49.7606,-93.3702,5.81926,1.8219e-10,,0,-2.80715,0.00499812,1,
other_rate_hz,rest,randmat,6,26.1091,34.2818,-8.1727,-8.38967,-7.95573,0.761603,-52.9399,-74.1501,-31.7297,-48.8676,-91.6947,6.13092,7.46194e-11,,0,-2.80715,0.00499812,1,
other_rate_hz,rest,decorr,6,26.1091,35.9792,-9.87008,-10.0425,-9.69767,0.725673,-78.6668,-110.16,-47.1738,-72.6155,-136.255,6.78258,6.49988e-13,,0,-2.80715,0.00499812,1,
other_rate_hz,rest,conf25,6,26.1091,34.8761,-8.76695,-8.95688,-8.57702,0.748626,-64.0737,-89.7331,-38.4144,-59.145,-110.979,6.47227,7.35165e-12,,0,-2.80715,0.00499812,1,
other_rate_hz,rest,conf50,6,26.1091,35.3103,-9.20115,-9.35273,-9.04957,0.73942,-82.1981,-115.103,-49.2932,-75.8752,-142.371,7.29482,7.83464e-14,,0,-2.80715,0.00499812,1,
other_rate_hz,rest,conf75,6,26.1091,35.7269,-9.61773,-9.80815,-9.42732,0.730798,-70.1299,-98.21,-42.0498,-64.7353,-121.469,6.46483,4.2048e-12,,0,-2.80715,0.00499812,1,
other_rate_hz,flow,self,6,35.7383,34.3604,1.3779,1.1937,1.5621,1.0401,9.74707,5.68664,13.8075,8.9973,16.8824,9.14118,3.34718e-08,6.69436e-08,36,2.80224,0.00507487,-1,0.00274931
other_rate_hz,flow,shuffle,6,35.7383,35.7752,-0.0368667,-0.296606,0.222872,0.998969,-0.192623,-1.32683,0.941583,-0.177806,-0.333634,7.21257,0.748147,,17,-0.0800641,0.936186,0.0555556,
other_rate_hz,flow,randmat,6,35.7383,34.2818,1.45648,1.23213,1.68083,1.04249,8.65611,5.01282,12.2994,7.99025,14.9928,7.93271,4.21036e-07,,36,2.80224,0.00507487,-1,
other_rate_hz,flow,decorr,6,35.7383,35.9792,-0.2409,-0.426316,-0.055484,0.993304,-1.69407,-3.0131,-0.375038,-1.56375,-2.93421,9.09914,0.0164529,,4,-2.16173,0.030639,0.777778,
other_rate_hz,flow,conf25,6,35.7383,34.8761,0.862233,0.661896,1.06257,1.02472,5.66074,3.12905,8.19243,5.2253,9.80469,8.60485,5.85231e-06,,36,2.80224,0.00507487,-1,
other_rate_hz,flow,conf50,6,35.7383,35.3103,0.428033,0.259473,0.596593,1.01212,3.28192,1.54857,5.01528,3.02947,5.68446,9.66822,0.000229901,,36,2.80224,0.00507487,-1,
other_rate_hz,flow,conf75,6,35.7383,35.7269,0.01145,-0.18931,0.21221,1.00032,0.0750319,-1.05695,1.20702,0.0692602,0.129959,8.5916,0.89959,,19,0.0800641,0.936186,-0.0555556,
other_rate_hz,self,shuffle,6,34.3604,35.7752,-1.41477,-1.68634,-1.1432,0.960454,-6.84201,-9.80401,-3.88001,-6.3157,-11.8507,8.68367,1.17267e-06,1.17267e-06,0,-2.80224,0.00507487,1,0.00274931
other_rate_hz,self,randmat,6,34.3604,34.2818,0.0785833,-0.162046,0.319213,1.00229,0.423464,-0.720733,1.56766,0.39089,0.733462,9.44755,0.48108,,20,0.240192,0.810181,-0.111111,0.48038
other_rate_hz,self,decorr,6,34.3604,35.9792,-1.6188,-1.82761,-1.40999,0.955007,-9.97306,-14.1204,-5.82572,-9.2059,-17.2739,9.99919,8.95424e-09,2.68627e-08,0,-2.80224,0.00507487,1,0.00274931
other_rate_hz,self,conf25,6,34.3604,34.8761,-0.515667,-0.736324,-0.295009,0.985214,-3.01121,-4.66403,-1.35839,-2.77958,-5.21557,9.88113,0.000407961,,0,-2.80224,0.00507487,1,0.00274931
other_rate_hz,self,conf50,6,34.3604,35.3103,-0.949867,-1.14597,-0.75376,0.973099,-6.24491,-8.98766,-3.50216,-5.76453,-10.8165,9.83739,8.86076e-07,,0,-2.80224,0.00507487,1,0.00274931
other_rate_hz,self,conf75,6,34.3604,35.7269,-1.36645,-1.58745,-1.14545,0.961753,-7.96757,-11.3501,-4.58504,-7.35468,-13.8002,9.87545,8.87829e-08,,0,-2.80224,0.00507487,1,0.00274931
other_rate_hz,shuffle,randmat,6,35.7752,34.2818,1.49335,1.20155,1.78515,1.04356,6.60723,3.73181,9.48264,6.09898,11.4441,9.74163,5.76423e-07,,36,2.80224,0.00507487,-1,
other_rate_hz,shuffle,decorr,6,35.7752,35.9792,-0.204033,-0.476133,0.0680663,0.994329,-0.984008,-2.18212,0.214103,-0.908315,-1.70435,8.72847,0.123559,,8,-1.52122,0.128205,0.555556,
other_rate_hz,shuffle,conf25,6,35.7752,34.8761,0.8991,0.620051,1.17815,1.02578,4.1933,2.1697,6.2169,3.87074,7.26301,9.21369,4.19966e-05,,36,2.80224,0.00507487,-1,
other_rate_hz,shuffle,conf50,6,35.7752,35.3103,0.4649,0.199601,0.730199,1.01317,2.33086,0.864543,3.79717,2.15156,4.03717,8.04333,0.00370874,,35,2.64211,0.00823902,-0.944444,
other_rate_hz,shuffle,conf75,6,35.7752,35.7269,0.0483167,-0.230941,0.327574,1.00135,0.225132,-0.910033,1.3603,0.207814,0.38994,9.22569,0.705431,,21,0.40032,0.688921,-0.166667,
other_rate_hz,randmat,decorr,6,34.2818,35.9792,-1.69738,-1.93871,-1.45606,0.952823,-9.1154,-12.9338,-5.29702,-8.41422,-15.7883,9.48372,3.97938e-08,,0,-2.80224,0.00507487,1,
other_rate_hz,randmat,conf25,6,34.2818,34.8761,-0.59425,-0.844498,-0.344002,0.982961,-3.06242,-4.73024,-1.39461,-2.82685,-5.30427,9.8191,0.000367211,,0,-2.80224,0.00507487,1,
other_rate_hz,randmat,conf50,6,34.2818,35.3103,-1.02845,-1.26069,-0.796214,0.970874,-5.7981,-8.37906,-3.21713,-5.35209,-10.0426,8.85711,3.89639e-06,,0,-2.80224,0.00507487,1,
other_rate_hz,randmat,conf75,6,34.2818,35.7269,-1.44503,-1.69555,-1.19452,0.959553,-7.43833,-10.6221,-4.25455,-6.86615,-12.8836,9.82585,1.78133e-07,,0,-2.80224,0.00507487,1,
other_rate_hz,decorr,conf25,6,35.9792,34.8761,1.10313,0.881642,1.32463,1.03163,6.41579,3.61062,9.22096,5.92227,11.1125,9.89946,6.55122e-07,,36,2.80224,0.00507487,-1,
other_rate_hz,decorr,conf50,6,35.9792,35.3103,0.668933,0.471761,0.866106,1.01894,4.37553,2.29109,6.45997,4.03895,7.57865,9.81467,2.09634e-05,,36,2.80224,0.00507487,-1,
other_rate_hz,decorr,conf75,6,35.9792,35.7269,0.25235,0.0305182,0.474182,1.00706,1.46552,0.191055,2.73998,1.35279,2.53835,9.89421,0.0296703,,31,2.0016,0.0453276,-0.722222,
other_rate_hz,conf25,conf50,6,34.8761,35.3103,-0.4342,-0.6446,-0.2238,0.987703,-2.67476,-4.2322,-1.11732,-2.46901,-4.63282,9.47691,0.00107443,,0,-2.80224,0.00507487,1,
other_rate_hz,conf25,conf75,6,34.8761,35.7269,-0.850783,-1.08316,-0.61841,0.976186,-4.70993,-6.90793,-2.51194,-4.34763,-8.15784,9.99993,9.91924e-06,,0,-2.80224,0.00507487,1,
other_rate_hz,conf50,conf75,6,35.3103,35.7269,-0.416583,-0.627362,-0.205804,0.98834,-2.56203,-4.08884,-1.03523,-2.36496,-4.43757,9.4663,0.00143968,,1,-2.64211,0.00823902,0.944444,
ring_active_fraction,rest,flow,6,0.691177,0.772059,-0.0808825,-0.133555,-0.0282103,0.895238,-2.00165,-3.38794,-0.615366,-1.84768,-3.46696,9.11669,0.00694626,,2.5,-2.4189,0.0155676,0.861111,
ring_active_fraction,rest,self,6,0.691177,0.754902,-0.0637255,-0.120153,-0.00729789,0.915584,-1.48341,-2.76118,-0.205638,-1.3693,-2.56934,8.67606,0.0310913,,5,-2.01575,0.0438264,0.722222,0.0442389
ring_active_fraction,rest,shuffle,6,0.691177,0.75,-0.0588235,-0.108528,-0.00911876,0.921569,-1.53392,-2.82121,-0.246642,-1.41593,-2.65684,9.47536,0.0250947,,4,-2.17701,0.02948,0.777778,
ring_active_fraction,rest,randmat,6,0.691177,0.759804,-0.0686273,-0.125055,-0.0121999,0.909678,-1.59752,-2.89713,-0.297916,-1.47463,-2.76699,8.67609,0.0226127,,4,-2.17316,0.0297684,0.777778,
ring_active_fraction,rest,decorr,6,0.691177,0.737745,-0.0465687,-0.105029,0.0118918,0.936877,-1.0507,-2.25784,0.156438,-0.96988,-1.81987,8.45465,0.104266,,8.5,-1.46969,0.141645,0.527778,
ring_active_fraction,rest,conf25,6,0.691177,0.703432,-0.012255,-0.0770506,0.0525406,0.982578,-0.252605,-1.38869,0.883485,-0.233174,-0.437524,7.8573,0.673508,,16.5,-0.162124,0.871208,0.0833333,
ring_active_fraction,rest,conf50,6,0.691177,0.742647,-0.0514705,-0.0881863,-0.0147547,0.930693,-1.85761,-3.21142,-0.503794,-1.71471,-3.21747,8.22356,0.011846,,3.5,-2.25764,0.0239683,0.805556,
ring_active_fraction,rest,conf75,6,0.691177,0.730392,-0.0392155,-0.0747862,-0.00364477,0.946309,-1.50648,-2.78857,-0.224399,-1.3906,-2.60931,6.9685,0.0350875,,6,-1.86443,0.0622611,0.666667,
ring_active_fraction,flow,self,6,0.772059,0.754902,0.017157,-0.0453226,0.0796366,1.02273,0.353644,-0.786753,1.49404,0.32644,0.612529,9.91903,0.55397,1,22.5,0.658,0.510538,-0.25,0.618845
ring_active_fraction,flow,shuffle,6,0.772059,0.75,0.022059,-0.0352183,0.0793363,1.02941,0.495885,-0.652961,1.64473,0.45774,0.858898,9.93326,0.410645,,22.5,0.655586,0.512091,-0.25,
ring_active_fraction,flow,randmat,6,0.772059,0.759804,0.0122552,-0.0502242,0.0747345,1.01613,0.252607,-0.883483,1.3887,0.233175,0.437528,9.91903,0.671102,,19.5,0.161835,0.871436,-0.0833333,
ring_active_fraction,flow,decorr,6,0.772059,0.737745,0.0343138,-0.0298102,0.0984379,1.04651,0.690065,-0.474712,1.85484,0.636983,1.19523,9.82334,0.260055,,23.5,0.815016,0.415063,-0.305556,
ring_active_fraction,flow,conf25,6,0.772059,0.703432,0.0686275,-0.000788,0.138043,1.09756,1.28284,0.0403009,2.52537,1.18416,2.22194,9.40341,0.0521623,,30.5,1.94202,0.0521351,-0.694444,
ring_active_fraction,flow,conf50,6,0.772059,0.742647,0.029412,-0.0195704,0.0783944,1.0396,0.823387,-0.355172,2.00195,0.76005,1.42615,6.85101,0.197762,,25,1.05381,0.29197,-0.388889,
ring_active_fraction,flow,conf75,6,0.772059,0.730392,0.041667,-0.00685582,0.0901898,1.05705,1.20997,-0.0208083,2.44075,1.1169,2.09573,6.06508,0.0804562,,26,1.21812,0.223179,-0.444444,
ring_active_fraction,self,shuffle,6,0.754902,0.75,0.004902,-0.0555593,0.0653633,1.00654,0.104713,-1.02765,1.23707,0.0966586,0.181369,9.71573,0.859806,1,18,-0.0810622,0.935392,0,0.922019
ring_active_fraction,self,randmat,6,0.754902,0.759804,-0.00490183,-0.0700706,0.0602669,0.993549,-0.0967611,-1.22901,1.03549,-0.0893179,-0.167595,10,0.870243,,16,-0.241462,0.809197,0.111111,0.932517
ring_active_fraction,self,decorr,6,0.754902,0.737745,0.0171568,-0.0495227,0.0838364,1.02326,0.331087,-0.808225,1.4704,0.305618,0.573459,9.98042,0.579026,1,19.5,0.161835,0.871436,-0.0833333,0.636841
ring_active_fraction,self,conf25,6,0.754902,0.703432,0.0514705,-0.0201247,0.123066,1.07317,0.928254,-0.262713,2.11922,0.85685,1.60778,9.73405,0.139795,,27.5,1.45392,0.145969,-0.527778,0.162209
ring_active_fraction,self,conf50,6,0.754902,0.742647,0.012255,-0.0411417,0.0656517,1.0165,0.317628,-0.82107,1.45633,0.293195,0.550149,6.5611,0.600434,,20.5,0.32252,0.747059,-0.138889,0.661585
ring_active_fraction,self,conf75,6,0.754902,0.730392,0.02451,-0.0285578,0.0775778,1.03356,0.655403,-0.506165,1.81697,0.604988,1.13519,5.89167,0.300357,,22,0.57259,0.566923,-0.222222,0.31992
ring_active_fraction,shuffle,randmat,6,0.75,0.759804,-0.00980383,-0.0702649,0.0506573,0.987097,-0.209424,-1.34411,0.925259,-0.193314,-0.362733,9.71574,0.724571,,15,-0.404587,0.685781,0.166667,
ring_active_fraction,shuffle,decorr,6,0.75,0.737745,0.0122548,-0.0499642,0.0744739,1.01661,0.254954,-0.88122,1.39113,0.235342,0.441593,9.56318,0.668601,,18,-0.08225,0.934448,0,
ring_active_fraction,shuffle,conf25,6,0.75,0.703432,0.0465685,-0.0212541,0.114391,1.0662,0.896261,-0.290777,2.0833,0.827318,1.55237,9.03349,0.154866,,27.5,1.45134,0.146686,-0.527778,
ring_active_fraction,shuffle,conf50,6,0.75,0.742647,0.007353,-0.0380133,0.0527193,1.0099,0.220326,-0.914687,1.35534,0.203378,0.381616,7.15181,0.713831,,17.5,0,1,0.0277778,
ring_active_fraction,shuffle,conf75,6,0.75,0.730392,0.019608,-0.0251576,0.0643736,1.02685,0.612851,-0.544993,1.7707,0.565709,1.06149,6.24969,0.327755,,21,0.407508,0.683635,-0.166667,
ring_active_fraction,randmat,decorr,6,0.759804,0.737745,0.0220587,-0.0446207,0.0887381,1.0299,0.425681,-0.718648,1.57001,0.392937,0.737302,9.98042,0.477914,,22.5,0.654388,0.512862,-0.25,
ring_active_fraction,randmat,conf25,6,0.759804,0.703432,0.0563723,-0.0152227,0.127967,1.08014,1.01666,-0.185807,2.21913,0.938455,1.76091,9.73404,0.109571,,28.5,1.60409,0.108695,-0.583333,
ring_active_fraction,randmat,conf50,6,0.759804,0.742647,0.0171568,-0.0362396,0.0705533,1.0231,0.444677,-0.700808,1.59016,0.410471,0.770204,6.56112,0.467998,,21.5,0.488126,0.62546,-0.194444,
ring_active_fraction,randmat,conf75,6,0.759804,0.730392,0.0294118,-0.0236557,0.0824794,1.04027,0.786483,-0.388035,1.961,0.725984,1.36223,5.89168,0.222901,,25,1.05193,0.292834,-0.388889,
ring_active_fraction,decorr,conf25,6,0.737745,0.703432,0.0343137,-0.0385296,0.107157,1.04878,0.607204,-0.550164,1.76457,0.560496,1.05171,9.85359,0.318041,,24.5,0.978019,0.328065,-0.361111,
ring_active_fraction,decorr,conf50,6,0.737745,0.742647,-0.00490183,-0.0606298,0.0508262,0.9934,-0.122257,-1.2549,1.01039,-0.112853,-0.211756,6.43451,0.838847,,17.5,0,1,0.0277778,
ring_active_fraction,decorr,conf75,6,0.737745,0.730392,0.00735317,-0.048101,0.0628073,1.01007,0.188763,-0.94534,1.32287,0.174243,0.326947,5.8171,0.755151,,24,0.90475,0.365598,-0.333333,
ring_active_fraction,conf25,conf50,6,0.703432,0.742647,-0.0392155,-0.102016,0.0235855,0.947195,-0.877581,-2.06238,0.307222,-0.810074,-1.52001,6.13201,0.178268,,9.5,-1.2878,0.197817,0.472222,
ring_active_fraction,conf25,conf75,6,0.703432,0.730392,-0.0269605,-0.0896122,0.0356912,0.963088,-0.617425,-1.77566,0.540808,-0.569931,-1.06941,5.64121,0.328493,,12,-0.890091,0.373417,0.333333,
ring_active_fraction,conf50,conf75,6,0.742647,0.730392,0.012255,-0.0110345,0.0355445,1.01678,0.684226,-0.48,1.84845,0.631593,1.18511,9.26866,0.265468,,24,0.906424,0.364711,-0.333333,
columnar_active_fraction,rest,flow,6,0.169562,0.255953,-0.0863902,-0.0912933,-0.081487,0.662476,-22.9434,-32.192,-13.6948,-21.1785,-39.7392,9.17927,1.37244e-11,,0,-2.80715,0.00499812,1,
columnar_active_fraction,rest,self,6,0.169562,0.245817,-0.0762548,-0.0799369,-0.0725727,0.68979,-26.8347,-37.6301,-16.0393,-24.7705,-46.479,9.49437,1.60027e-12,,0,-2.80715,0.00499812,1,0.00274931
columnar_active_fraction,rest,shuffle,6,0.169562,0.25,-0.0804375,-0.0873286,-0.0735464,0.67825,-15.8237,-22.2547,-9.39269,-14.6065,-27.4075,7.25318,1.36431e-08,,0,-2.81209,0.00492204,1,
columnar_active_fraction,rest,randmat,6,0.169562,0.243726,-0.0741633,-0.078787,-0.0695397,0.69571,-20.7709,-29.1576,-12.3843,-19.1732,-35.9763,9.5366,1.65168e-11,,0,-2.81209,0.00492204,1,
columnar_active_fraction,rest,decorr,6,0.169562,0.255953,-0.0863902,-0.0903981,-0.0823822,0.662476,-27.7306,-38.8825,-16.5787,-25.5975,-48.0308,9.99423,3.74099e-13,,0,-2.80715,0.00499812,1,
columnar_active_fraction,rest,conf25,6,0.169562,0.247426,-0.0778635,-0.0851578,-0.0705692,0.685306,-14.5664,-20.5029,-8.62988,-13.4459,-25.2297,7.01588,3.81047e-08,,0,-2.80715,0.00499812,1,
columnar_active_fraction,rest,conf50,6,0.169562,0.249356,-0.0797942,-0.0846703,-0.074918,0.68,-21.297,-29.8922,-12.7017,-19.6587,-36.8874,9.21418,2.52051e-11,,0,-2.80715,0.00499812,1,
columnar_active_fraction,rest,conf75,6,0.169562,0.253539,-0.0839768,-0.0890312,-0.0789225,0.668782,-21.7053,-30.4625,-12.9481,-20.0357,-37.5948,8.98528,3.41028e-11,,0,-2.81706,0.0048466,1,
columnar_active_fraction,flow,self,6,0.255953,0.245817,0.0101353,0.00546614,0.0148045,1.04123,2.88822,1.27091,4.50553,2.66605,5.00255,8.02819,0.00103849,0.00207697,36,2.80224,0.00507487,-1,0.00274931
columnar_active_fraction,flow,shuffle,6,0.255953,0.25,0.00595267,-0.00124915,0.0131545,1.02381,1.08536,-0.12668,2.2974,1.00187,1.8799,8.69319,0.0939796,,26,1.20731,0.227313,-0.444444,
columnar_active_fraction,flow,randmat,6,0.255953,0.243726,0.0122268,0.00691955,0.0175341,1.05017,2.96647,1.32665,4.6063,2.73828,5.13808,9.92972,0.000448925,,35.5,2.73175,0.00629995,-0.972222,
columnar_active_fraction,flow,decorr,6,0.255953,0.255953,0,-0.00487167,0.00487167,1,0,-1.13159,1.13159,0,0,9.06724,1,,16,-0.24189,0.808866,0.111111,
columnar_active_fraction,flow,conf25,6,0.255953,0.247426,0.00852667,0.000960883,0.0160924,1.03446,1.48853,0.209802,2.76725,1.37402,2.5782,8.38594,0.0314879,,30.5,1.92491,0.0542411,-0.694444,
columnar_active_fraction,flow,conf50,6,0.255953,0.249356,0.006596,0.00109624,0.0120958,1.02645,1.54284,0.253857,2.83183,1.42416,2.67229,9.99941,0.0234017,,31.5,2.09267,0.0363786,-0.75,
columnar_active_fraction,flow,conf75,6,0.255953,0.253539,0.00241333,-0.00322596,0.00805263,1.00952,0.550648,-0.602183,1.70348,0.50829,0.95375,9.98308,0.362733,,21,0.403866,0.686311,-0.166667,
columnar_active_fraction,self,shuffle,6,0.245817,0.25,-0.00418267,-0.0109836,0.00261824,0.983269,-0.854193,-2.03626,0.32787,-0.788486,-1.47951,6.45582,0.18607,0.18607,11,-1.04266,0.297107,0.388889,0.193952
columnar_active_fraction,self,randmat,6,0.245817,0.243726,0.0020915,-0.00226124,0.00644424,1.00858,0.633926,-0.525733,1.79359,0.585163,1.09799,8.44342,0.30253,,26.5,1.28553,0.198608,-0.472222,0.296176
columnar_active_fraction,self,decorr,6,0.245817,0.255953,-0.0101353,-0.0137589,-0.00651172,0.960402,-3.61933,-5.45705,-1.78161,-3.34092,-6.26887,9.58567,0.000111503,0.000334509,0,-2.80224,0.00507487,1,0.00274931
columnar_active_fraction,self,conf25,6,0.245817,0.247426,-0.00160867,-0.00882817,0.00561083,0.993498,-0.311264,-1.44968,0.827153,-0.287321,-0.539125,6.29337,0.608332,,13.5,-0.641635,0.52111,0.25,0.661335
columnar_active_fraction,self,conf50,6,0.245817,0.249356,-0.00353933,-0.00817824,0.00109958,0.985806,-1.01437,-2.21652,0.18779,-0.936338,-1.75693,8.06516,0.116688,,8.5,-1.44368,0.148829,0.527778,0.12022
columnar_active_fraction,self,conf75,6,0.245817,0.253539,-0.007722,-0.0125597,-0.00288429,0.969543,-2.13308,-3.55039,-0.715768,-1.96899,-3.6946,7.83265,0.00632003,,3.5,-2.25365,0.0242185,0.805556,0.0109973
columnar_active_fraction,shuffle,randmat,6,0.25,0.243726,0.00627417,-0.000811501,0.0133598,1.02574,1.17216,-0.0527461,2.39707,1.082,2.03025,8.27269,0.075663,,28,1.53469,0.12486,-0.555556,
columnar_active_fraction,shuffle,decorr,6,0.25,0.255953,-0.00595267,-0.0128304,0.000925022,0.976743,-1.17633,-2.40188,0.0492185,-1.08584,-2.03746,7.15808,0.0801236,,7,-1.69926,0.0892693,0.611111,
columnar_active_fraction,shuffle,conf25,6,0.25,0.247426,0.002574,-0.0060095,0.0111575,1.0104,0.385965,-0.756108,1.52804,0.356276,0.668511,9.96238,0.518996,,22,0.566422,0.571107,-0.222222,
columnar_active_fraction,shuffle,conf50,6,0.25,0.249356,0.000643333,-0.00654674,0.0078334,1.00258,0.117574,-1.01499,1.25014,0.10853,0.203644,8.65505,0.843339,,22.5,0.645039,0.518902,-0.25,
columnar_active_fraction,shuffle,conf75,6,0.25,0.253539,-0.00353933,-0.0108088,0.00373018,0.98604,-0.637013,-1.79694,0.522917,-0.588012,-1.10334,8.89662,0.298829,,11,-1.06728,0.285844,0.388889,
columnar_active_fraction,randmat,decorr,6,0.243726,0.255953,-0.0122268,-0.0168146,-0.00763909,0.95223,-3.45611,-5.24283,-1.66939,-3.19026,-5.98617,9.44171,0.000169873,,0,-2.80715,0.00499812,1,
columnar_active_fraction,randmat,conf25,6,0.243726,0.247426,-0.00370017,-0.0111631,0.00376276,0.985045,-0.660494,-1.82252,0.501536,-0.609686,-1.14401,7.97287,0.285802,,11,-1.04819,0.294552,0.388889,
columnar_active_fraction,randmat,conf50,6,0.243726,0.249356,-0.00563083,-0.0109153,-0.000346325,0.977419,-1.37181,-2.62947,-0.114155,-1.26629,-2.37605,9.94178,0.0390111,,5.5,-1.93856,0.0525552,0.694444,
columnar_active_fraction,randmat,conf75,6,0.243726,0.253539,-0.0098135,-0.0152492,-0.00437782,0.961294,-2.32739,-3.79283,-0.86196,-2.14836,-4.03117,9.84647,0.00247118,,1,-2.65608,0.00790544,0.944444,
columnar_active_fraction,decorr,conf25,6,0.255953,0.247426,0.00852667,0.00124368,0.0158097,1.03446,1.60168,0.301258,2.90211,1.47848,2.77419,6.92881,0.0278117,,32,2.16933,0.0300578,-0.777778,
columnar_active_fraction,decorr,conf50,6,0.255953,0.249356,0.006596,0.00175173,0.0114403,1.02645,1.77527,0.439254,3.11128,1.63871,3.07485,9.1033,0.013075,,34,2.49071,0.0127488,-0.888889,
columnar_active_fraction,decorr,conf75,6,0.255953,0.253539,0.00241333,-0.00261158,0.00743825,1.00952,0.628685,-0.530517,1.78789,0.580324,1.08891,8.86852,0.304896,,23,0.730871,0.464858,-0.277778,
columnar_active_fraction,conf25,conf50,6,0.247426,0.249356,-0.00193067,-0.009486,0.00562466,0.992257,-0.337763,-1.47739,0.801863,-0.311781,-0.585023,8.34784,0.574002,,16,-0.241036,0.809527,0.111111,
columnar_active_fraction,conf25,conf75,6,0.247426,0.253539,-0.00611333,-0.0137396,0.00151292,0.975888,-1.05459,-2.26227,0.153093,-0.973468,-1.8266,8.59173,0.102615,,8,-1.54295,0.122843,0.555556,
columnar_active_fraction,conf50,conf75,6,0.249356,0.253539,-0.00418267,-0.00980192,0.00143658,0.983503,-0.957849,-2.15256,0.236864,-0.884168,-1.65904,9.97623,0.128169,,5.5,-1.94202,0.0521351,0.694444,
fanbody_active_fraction,rest,flow,6,0.191348,0.372989,-0.181641,-0.185602,-0.177681,0.513012,-60.2426,-84.3708,-36.1144,-55.6086,-104.343,8.67473,9.52554e-15,,0,-2.81209,0.00492204,1,
fanbody_active_fraction,rest,self,6,0.191348,0.354686,-0.163338,-0.166729,-0.159948,0.539485,-62.2932,-87.2409,-37.3455,-57.5014,-107.895,9.63532,3.53585e-16,,0,-2.81209,0.00492204,1,0.00274931
fanbody_active_fraction,rest,shuffle,6,0.191348,0.374931,-0.183583,-0.187712,-0.179454,0.510356,-58.693,-82.2019,-35.1841,-54.1781,-101.659,8.41522,2.67255e-14,,0,-2.81209,0.00492204,1,
fanbody_active_fraction,rest,randmat,6,0.191348,0.351636,-0.160288,-0.163567,-0.15701,0.544165,-63.0673,-88.3244,-37.8102,-58.216,-109.236,9.80048,1.87951e-16,,0,-2.81209,0.00492204,1,
fanbody_active_fraction,rest,decorr,6,0.191348,0.367443,-0.176095,-0.179917,-0.172273,0.520756,-60.272,-84.4119,-36.1321,-55.6357,-104.394,8.90171,4.67625e-15,,0,-2.82706,0.0046977,1,
fanbody_active_fraction,rest,conf25,6,0.191348,0.357183,-0.165835,-0.171584,-0.160085,0.535715,-39.6027,-55.4871,-23.7182,-36.5563,-68.5939,6.8115,6.27335e-11,,0,-2.81209,0.00492204,1,
fanbody_active_fraction,rest,conf50,6,0.191348,0.362452,-0.171104,-0.174194,-0.168013,0.527927,-71.2404,-99.7645,-42.7164,-65.7604,-123.392,9.98403,3.15653e-17,,0,-2.83211,0.00462423,1,
fanbody_active_fraction,rest,conf75,6,0.191348,0.364115,-0.172767,-0.177124,-0.168411,0.525515,-52.6908,-73.8015,-31.5801,-48.6377,-91.2632,8.09627,1.73246e-13,,0,-2.81209,0.00492204,1,
fanbody_active_fraction,flow,self,6,0.372989,0.354686,0.0183028,0.014123,0.0224827,1.0516,5.66763,3.13347,8.20179,5.23166,9.81662,9.56805,2.6397e-06,5.2794e-06,36,2.81209,0.00492204,-1,0.00274931
fanbody_active_fraction,flow,shuffle,6,0.372989,0.374931,-0.00194133,-0.006641,0.00275833,0.994822,-0.531586,-1.68298,0.619812,-0.490695,-0.920734,9.97313,0.378923,,12.5,-0.807732,0.419245,0.305556,
fanbody_active_fraction,flow,randmat,6,0.372989,0.351636,0.0213532,0.0172441,0.0254622,1.06073,6.74813,3.82081,9.67546,6.22905,11.6881,9.35379,6.85311e-07,,36,2.81209,0.00492204,-1,
fanbody_active_fraction,flow,decorr,6,0.372989,0.367443,0.0055465,0.00107234,0.0100207,1.01509,1.59519,0.296047,2.89434,1.47249,2.76296,9.97897,0.0200648,,32.5,2.27792,0.0227312,-0.805556,
fanbody_active_fraction,flow,conf25,6,0.372989,0.357183,0.0158068,0.00976844,0.0218452,1.04425,3.44211,1.65972,5.2245,3.17733,5.96191,8.61835,0.000251988,,36,2.81209,0.00492204,-1,
fanbody_active_fraction,flow,conf50,6,0.372989,0.362452,0.0105377,0.0065413,0.014534,1.02907,3.45137,1.66612,5.23662,3.18588,5.97794,8.87275,0.000220228,,36,2.83211,0.00462423,-1,
fanbody_active_fraction,flow,conf75,6,0.372989,0.364115,0.008874,0.00399971,0.0137483,1.02437,2.3463,0.876045,3.81655,2.16581,4.0639,9.86714,0.00233564,,36,2.81209,0.00492204,-1,
fanbody_active_fraction,self,shuffle,6,0.354686,0.374931,-0.0202442,-0.0245742,-0.0159141,0.946006,-6.07055,-8.74991,-3.39119,-5.60358,-10.5145,9.35998,1.72044e-06,5.16133e-06,0,-2.81209,0.00492204,1,0.00274931
fanbody_active_fraction,self,randmat,6,0.354686,0.351636,0.00305033,-0.000543129,0.0066438,1.00867,1.0924,-0.120647,2.30546,1.00837,1.8921,9.97162,0.0878417,,28,1.55417,0.120143,-0.555556,0.124969
fanbody_active_fraction,self,decorr,6,0.354686,0.367443,-0.0127563,-0.0168141,-0.00869854,0.965283,-4.05962,-6.0391,-2.08013,-3.74734,-7.03146,9.72486,4.12781e-05,4.12781e-05,0,-2.82706,0.0046977,1,0.00274931
fanbody_active_fraction,self,conf25,6,0.354686,0.357183,-0.002496,-0.00833585,0.00334385,0.993012,-0.574555,-1.72925,0.580142,-0.530358,-0.995158,7.5814,0.350355,,12.5,-0.804873,0.420893,0.305556,0.356411
fanbody_active_fraction,self,conf50,6,0.354686,0.362452,-0.00776517,-0.0112057,-0.00432462,0.978576,-2.91296,-4.53736,-1.28857,-2.68889,-5.0454,9.76314,0.000541096,,1,-2.67027,0.00757896,0.944444,0.00574856
fanbody_active_fraction,self,conf75,6,0.354686,0.364115,-0.00942883,-0.0139647,-0.00489301,0.974105,-2.71187,-4.27954,-1.14419,-2.50326,-4.69709,9.06791,0.00110207,,1,-2.6514,0.00801585,0.944444,0.00574856
fanbody_active_fraction,shuffle,randmat,6,0.374931,0.351636,0.0232945,0.0190299,0.0275591,1.06625,7.11965,4.05471,10.1846,6.57199,12.3316,9.12063,5.3982e-07,,36,2.81209,0.00492204,-1,
fanbody_active_fraction,shuffle,decorr,6,0.374931,0.367443,0.00748783,0.00288274,0.0120929,1.02038,2.0944,0.686356,3.50245,1.9333,3.62761,9.90567,0.0047028,,35.5,2.75119,0.00593792,-0.972222,
fanbody_active_fraction,shuffle,conf25,6,0.374931,0.357183,0.0177482,0.0116398,0.0238565,1.04969,3.80295,1.90681,5.69909,3.51041,6.5869,8.87583,0.000107408,,36,2.81209,0.00492204,-1,
fanbody_active_fraction,shuffle,conf50,6,0.374931,0.362452,0.012479,0.00831765,0.0166404,1.03443,3.94341,2.00189,5.88494,3.64007,6.83019,8.61521,9.4219e-05,,36,2.83211,0.00462423,-1,
fanbody_active_fraction,shuffle,conf75,6,0.374931,0.364115,0.0108153,0.00583079,0.0157999,1.0297,2.79281,1.20255,4.38307,2.57798,4.83729,9.95854,0.000692439,,36,2.81209,0.00492204,-1,
fanbody_active_fraction,randmat,decorr,6,0.351636,0.367443,-0.0158067,-0.0197889,-0.0118245,0.956982,-5.13979,-7.48689,-2.79269,-4.74442,-8.90238,9.54003,6.30573e-06,,0,-2.82706,0.0046977,1,
fanbody_active_fraction,randmat,conf25,6,0.351636,0.357183,-0.00554633,-0.0113549,0.000262255,0.984472,-1.29102,-2.53491,-0.0471271,-1.19171,-2.23611,7.35241,0.0586311,,7,-1.69323,0.0904121,0.611111,
fanbody_active_fraction,randmat,conf50,6,0.351636,0.362452,-0.0108155,-0.0141477,-0.00748332,0.97016,-4.18146,-6.20114,-2.16179,-3.85981,-7.2425,9.89448,2.94549e-05,,0,-2.83211,0.00462423,1,
fanbody_active_fraction,randmat,conf75,6,0.351636,0.364115,-0.0124792,-0.0169561,-0.00800219,0.965727,-3.65258,-5.50079,-1.80436,-3.37161,-6.32645,8.80918,0.000149909,,0,-2.81209,0.00492204,1,
fanbody_active_fraction,decorr,conf25,6,0.367443,0.357183,0.0102603,0.00427575,0.0162449,1.02873,2.2643,0.814773,3.71382,2.09012,3.92188,8.38882,0.00401521,,34.5,2.58936,0.00961558,-0.916667,
fanbody_active_fraction,decorr,conf50,6,0.367443,0.362452,0.00499117,0.00113014,0.0088522,1.01377,1.6857,0.368384,3.00301,1.55603,2.91971,9.09372,0.0168582,,31,2.03386,0.0419658,-0.722222,
fanbody_active_fraction,decorr,conf75,6,0.367443,0.364115,0.0033275,-0.0014594,0.0081144,1.00914,0.897377,-0.289796,2.08455,0.828348,1.5543,9.74705,0.151952,,28.5,1.66352,0.0962086,-0.583333,
fanbody_active_fraction,conf25,conf50,6,0.357183,0.362452,-0.00526917,-0.0110317,0.00049335,0.985462,-1.25012,-2.48731,-0.0129368,-1.15396,-2.16528,6.95095,0.0673556,,7,-1.71777,0.0858388,0.611111,
fanbody_active_fraction,conf25,conf75,6,0.357183,0.364115,-0.00693283,-0.0131432,-0.000722504,0.98096,-1.45358,-2.72585,-0.181305,-1.34176,-2.51767,9.18334,0.0324142,,5,-2.02656,0.0427078,0.722222,
fanbody_active_fraction,conf50,conf75,6,0.362452,0.364115,-0.00166367,-0.00604871,0.00272137,0.995431,-0.502029,-1.6513,0.647243,-0.463411,-0.869539,8.29289,0.409013,,11.5,-0.978019,0.328065,0.361111,
other_active_fraction,rest,flow,6,0.586721,0.680669,-0.0939477,-0.104997,-0.0828984,0.861977,-10.9445,-15.4669,-6.42198,-10.1026,-18.9563,9.95604,3.84569e-09,,0,-2.80715,0.00499812,1,
other_active_fraction,rest,self,6,0.586721,0.68112,-0.0943993,-0.104016,-0.0847824,0.861406,-13.0882,-18.4454,-7.73107,-12.0814,-22.6695,7.9321,1.69976e-08,,0,-2.83211,0.00462423,1,0.00274931
other_active_fraction,rest,shuffle,6,0.586721,0.682475,-0.0957543,-0.105431,-0.086078,0.859696,-13.1377,-18.5142,-7.7612,-12.1271,-22.7552,8.13211,1.18501e-08,,0,-2.81209,0.00492204,1,
other_active_fraction,rest,randmat,6,0.586721,0.68112,-0.0943993,-0.103678,-0.0851209,0.861406,-14.6116,-20.5659,-8.65734,-13.4876,-25.3081,5.62064,5.22981e-07,,0,-2.83211,0.00462423,1,
other_active_fraction,rest,decorr,6,0.586721,0.679765,-0.0930443,-0.103075,-0.0830138,0.863123,-12.1136,-17.0903,-7.13688,-11.1818,-20.9813,9.00746,5.88161e-09,,0,-2.81706,0.0048466,1,
other_active_fraction,rest,conf25,6,0.586721,0.67841,-0.0916893,-0.103084,-0.0802946,0.864847,-10.3513,-14.6445,-6.0582,-9.55507,-17.929,9.99998,6.23098e-09,,0,-2.80715,0.00499812,1,
other_active_fraction,rest,conf50,6,0.586721,0.679765,-0.0930443,-0.102891,-0.0831976,0.863123,-12.4269,-17.5258,-7.32806,-11.471,-21.5241,8.61029,8.69322e-09,,0,-2.81209,0.00492204,1,
other_active_fraction,rest,conf75,6,0.586721,0.67841,-0.0916893,-0.10147,-0.0819083,0.864847,-12.3681,-17.444,-7.29216,-11.4167,-21.4221,8.44049,1.18054e-08,,0,-2.82706,0.0046977,1,
other_active_fraction,flow,self,6,0.680669,0.68112,-0.000451667,-0.00954225,0.00863891,0.999337,-0.0657952,-1.19769,1.0661,-0.060734,-0.113961,8.25518,0.911992,1,17.5,0,1,0.0277778,1
other_active_fraction,flow,shuffle,6,0.680669,0.682475,-0.00180667,-0.0109653,0.00735201,0.997353,-0.260157,-1.39652,0.876205,-0.240145,-0.450606,8.46157,0.663597,,16,-0.24232,0.808532,0.111111,
other_active_fraction,flow,randmat,6,0.680669,0.68112,-0.000451667,-0.00913408,0.00823075,0.999337,-0.0744117,-1.20639,1.05757,-0.0686877,-0.128885,5.70816,0.901869,,17,-0.0817985,0.934807,0.0555556,
other_active_fraction,flow,decorr,6,0.680669,0.679765,0.000903333,-0.00865414,0.0104608,1.00133,0.122813,-1.00984,1.25546,0.113366,0.212718,9.31351,0.83613,,18.5,0,1,-0.0277778,
other_active_fraction,flow,conf25,6,0.680669,0.67841,0.00225833,-0.00878145,0.0132981,1.00333,0.263304,-0.873175,1.39978,0.24305,0.456056,9.95807,0.658134,,21,0.40315,0.686838,-0.166667,
other_active_fraction,flow,conf50,6,0.680669,0.679765,0.000903333,-0.00844846,0.0102551,1.00133,0.126289,-1.00642,1.259,0.116575,0.218739,8.93912,0.831766,,19,0.0809174,0.935508,-0.0555556,
other_active_fraction,flow,conf75,6,0.680669,0.67841,0.00225833,-0.00701931,0.011536,1.00333,0.319178,-0.81959,1.45795,0.294626,0.552832,8.77241,0.594183,,21,0.404587,0.685781,-0.166667,
other_active_fraction,self,shuffle,6,0.68112,0.682475,-0.001355,-0.00798642,0.00527642,0.998015,-0.262915,-1.39938,0.873549,-0.242691,-0.455383,9.98283,0.658578,1,15.5,-0.335244,0.737441,0.138889,0.815796
other_active_fraction,self,randmat,6,0.68112,0.68112,0,-0.00534168,0.00534168,1,0,-1.13159,1.13159,0,0,6.85449,1,,19,0.0819482,0.934688,-0.0555556,1
other_active_fraction,self,decorr,6,0.68112,0.679765,0.001355,-0.00601774,0.00872774,1.00199,0.237915,-0.897666,1.3735,0.219614,0.412082,9.5578,0.689369,1,20,0.24675,0.805102,-0.111111,0.783304
other_active_fraction,self,conf25,6,0.68112,0.67841,0.00271,-0.006894,0.012314,1.00399,0.376177,-0.765373,1.51773,0.347241,0.651558,7.93951,0.533088,,20.5,0.328395,0.742613,-0.138889,0.602349
other_active_fraction,self,conf50,6,0.68112,0.679765,0.001355,-0.00564969,0.00835969,1.00199,0.249481,-0.886498,1.38546,0.23029,0.432113,9.81595,0.674997,,20.5,0.329,0.742156,-0.138889,0.7998
other_active_fraction,self,conf75,6,0.68112,0.67841,0.00271,-0.00415514,0.00957514,1.00399,0.508548,-0.641183,1.65828,0.469429,0.88083,9.89412,0.399301,,22,0.576815,0.564064,-0.222222,0.463884
other_active_fraction,shuffle,randmat,6,0.682475,0.68112,0.001355,-0.00420089,0.00691089,1.00199,0.33583,-0.803704,1.47536,0.309997,0.581675,6.71615,0.579775,,23,0.737534,0.460798,-0.277778,
other_active_fraction,shuffle,decorr,6,0.682475,0.679765,0.00271,-0.00477101,0.010191,1.00399,0.467951,-0.679017,1.61492,0.431955,0.810515,9.70225,0.437073,,23,0.728256,0.466457,-0.277778,
other_active_fraction,shuffle,conf25,6,0.682475,0.67841,0.004065,-0.00559864,0.0137286,1.00599,0.558371,-0.595054,1.7118,0.515419,0.967127,8.13973,0.361334,,22.5,0.648498,0.516663,-0.25,
other_active_fraction,shuffle,conf50,6,0.682475,0.679765,0.00271,-0.00441505,0.00983505,1.00399,0.489898,-0.658536,1.63833,0.452213,0.848528,9.90868,0.416172,,23.5,0.813544,0.415906,-0.305556,
other_active_fraction,shuffle,conf75,6,0.682475,0.67841,0.004065,-0.00292556,0.0110556,1.00599,0.748442,-0.42209,1.91898,0.69087,1.29634,9.96141,0.224085,,25.5,1.13896,0.254719,-0.416667,
other_active_fraction,randmat,decorr,6,0.68112,0.679765,0.001355,-0.0052371,0.0079471,1.00199,0.287877,-0.849555,1.42531,0.265732,0.498617,6.22336,0.635181,,25,1.07522,0.282277,-0.388889,
other_active_fraction,randmat,conf25,6,0.68112,0.67841,0.00271,-0.00655399,0.011974,1.00399,0.420084,-0.723914,1.56408,0.38777,0.727607,5.62257,0.49602,,19,0.0817985,0.934807,-0.0555556,
other_active_fraction,randmat,conf50,6,0.68112,0.679765,0.001355,-0.00473911,0.00744911,1.00199,0.309098,-0.829225,1.44742,0.285321,0.535373,6.42939,0.610398,,18.5,0,1,-0.0277778,
other_active_fraction,randmat,conf75,6,0.68112,0.67841,0.00271,-0.00318747,0.00860747,1.00399,0.636715,-0.523189,1.79662,0.587736,1.10282,6.52526,0.309108,,24,0.920159,0.35749,-0.333333,
other_active_fraction,decorr,conf25,6,0.679765,0.67841,0.001355,-0.00866387,0.0113739,1.002,0.176593,-0.957196,1.31038,0.163009,0.305868,9.01493,0.766651,,19,0.0807732,0.935622,-0.0555556,
other_active_fraction,decorr,conf50,6,0.679765,0.679765,0,-0.00777616,0.00777616,1,0,-1.13159,1.13159,0,0,9.93556,1,,15,-0.406772,0.684176,0.166667,
other_active_fraction,decorr,conf75,6,0.679765,0.67841,0.001355,-0.00630965,0.00901965,1.002,0.227823,-0.907428,1.36307,0.210298,0.3946,9.87129,0.701529,,18,-0.083176,0.933712,0,
other_active_fraction,conf25,conf50,6,0.67841,0.679765,-0.001355,-0.0111896,0.00847957,0.998007,-0.181171,-1.31508,0.952734,-0.167234,-0.313797,8.61809,0.761138,,17.5,0,1,0.0277778,
other_active_fraction,conf25,conf75,6,0.67841,0.67841,0,-0.00976866,0.00976866,1,0,-1.13159,1.13159,0,0,8.44828,1,,19,0.0809174,0.935508,-0.0555556,
other_active_fraction,conf50,conf75,6,0.679765,0.67841,0.001355,-0.00597267,0.00868267,1.002,0.237915,-0.897666,1.3735,0.219614,0.412082,9.98848,0.688984,,21.5,0.491689,0.622939,-0.194444,
pair_corr,rest,flow,6,0.00294188,0.0071949,-0.00425302,-0.00735617,-0.00114988,0.408884,-1.83793,-3.18743,-0.488421,-1.69655,-3.18338,7.68244,0.0136326,,2,-2.48199,0.0130652,0.888889,
pair_corr,rest,self,6,0.00294188,0.00584873,-0.00290685,-0.00564758,-0.000166125,0.502994,-1.40095,-2.66374,-0.138163,-1.29318,-2.42652,8.38193,0.0400967,,6,-1.84147,0.0655522,0.666667,0.0409898
pair_corr,rest,shuffle,6,0.00294188,0.00579262,-0.00285074,-0.00494849,-0.000752996,0.507866,-1.75012,-3.08081,-0.419425,-1.61549,-3.03129,9.91911,0.0127618,,3,-2.32186,0.0202406,0.833333,
pair_corr,rest,randmat,6,0.00294188,0.0053683,-0.00242642,-0.00489366,4.08132e-05,0.548009,-1.28345,-2.52609,-0.0408138,-1.18472,-2.223,9.04632,0.053155,,6,-1.84147,0.0655522,0.666667,
pair_corr,rest,decorr,6,0.00294188,0.00656437,-0.00362249,-0.00541999,-0.001825,0.448158,-2.61628,-4.15774,-1.07483,-2.41503,-4.53154,9.37125,0.00128401,,1,-2.64211,0.00823902,0.944444,
pair_corr,rest,conf25,6,0.00294188,0.00541988,-0.00247801,-0.00495345,-2.56582e-06,0.542793,-1.30686,-2.55339,-0.0603226,-1.20633,-2.26354,9.02504,0.0498086,,5,-2.0016,0.0453276,0.722222,
pair_corr,rest,conf50,6,0.00294188,0.0054854,-0.00254352,-0.005016,-7.10499e-05,0.53631,-1.34285,-2.59549,-0.0902038,-1.23955,-2.32588,9.03273,0.0449516,,6,-1.84147,0.0655522,0.666667,
pair_corr,rest,conf75,6,0.00294188,0.00653232,-0.00359044,-0.00656553,-0.000615354,0.450357,-1.61007,-2.91216,-0.307992,-1.48622,-2.78873,7.90614,0.0238778,,3,-2.32186,0.0202406,0.833333,
pair_corr,flow,self,6,0.0071949,0.00584873,0.00134617,-0.00212661,0.00481895,1.23016,0.500082,-0.649054,1.64922,0.461614,0.866168,9.79456,0.407115,1,21,0.40032,0.688921,-0.166667,0.40015
pair_corr,flow,shuffle,6,0.0071949,0.00579262,0.00140228,-0.00173937,0.00454393,1.24208,0.59287,-0.563307,1.74905,0.547265,1.02688,8.10909,0.33413,,23,0.720577,0.47117,-0.277778,
pair_corr,flow,randmat,6,0.0071949,0.0053683,0.0018266,-0.00149052,0.00514372,1.34026,0.715614,-0.451628,1.88286,0.660566,1.23948,9.30501,0.245518,,21,0.40032,0.688921,-0.166667,
pair_corr,flow,decorr,6,0.0071949,0.00656437,0.000630528,-0.00240965,0.00367071,1.09605,0.286067,-0.851291,1.42343,0.264062,0.495483,6.66357,0.636177,,18,-0.0800641,0.936186,0,
pair_corr,flow,conf25,6,0.0071949,0.00541988,0.00177502,-0.00154649,0.00509652,1.3275,0.694274,-0.470903,1.85945,0.640868,1.20252,9.32448,0.258809,,26,1.20096,0.229766,-0.444444,
pair_corr,flow,conf50,6,0.0071949,0.0054854,0.0017095,-0.00161042,0.00502942,1.31165,0.669041,-0.493771,1.83185,0.617577,1.15881,9.31748,0.275369,,24,0.880705,0.378478,-0.333333,
pair_corr,flow,conf75,6,0.0071949,0.00653232,0.000662582,-0.00295746,0.00428263,1.10143,0.235529,-0.899973,1.37103,0.217411,0.407948,9.97677,0.691929,,22,0.560449,0.575174,-0.222222,
pair_corr,self,shuffle,6,0.00584873,0.00579262,5.61067e-05,-0.00273628,0.0028485,1.00969,0.026318,-1.10532,1.15795,0.0242936,0.0455842,8.83298,0.964656,1,20,0.240192,0.810181,-0.111111,0.976506
pair_corr,self,randmat,6,0.00584873,0.0053683,0.000480428,-0.00253439,0.00349525,1.08949,0.205496,-0.929072,1.34006,0.189689,0.35593,9.82423,0.729418,,22,0.560449,0.575174,-0.222222,0.715071
pair_corr,self,decorr,6,0.00584873,0.00656437,-0.000715643,-0.00336666,0.00193537,0.890981,-0.366698,-1.50775,0.774358,-0.33849,-0.63514,7.17789,0.545045,1,15,-0.40032,0.688921,0.166667,0.555111
pair_corr,self,conf25,6,0.00584873,0.00541988,0.000428845,-0.00259135,0.00344904,1.07912,0.183077,-0.950877,1.31703,0.168994,0.317098,9.83538,0.757798,,20,0.240192,0.810181,-0.111111,0.75931
pair_corr,self,conf50,6,0.00584873,0.0054854,0.000363328,-0.00265492,0.00338158,1.06624,0.155216,-0.978072,1.2885,0.143276,0.268842,9.8314,0.793609,,20,0.240192,0.810181,-0.111111,0.780305
pair_corr,self,conf75,6,0.00584873,0.00653232,-0.00068359,-0.00405833,0.00269115,0.895353,-0.260912,-1.3973,0.875478,-0.240842,-0.451912,9.90631,0.661065,,15,-0.40032,0.688921,0.166667,0.661085
pair_corr,shuffle,randmat,6,0.00579262,0.0053683,0.000424322,-0.0021079,0.00295654,1.07904,0.217279,-0.917641,1.3522,0.200565,0.376339,9.44907,0.714977,,18,-0.0800641,0.936186,0,
pair_corr,shuffle,decorr,6,0.00579262,0.00656437,-0.00077175,-0.00269121,0.00114771,0.882434,-0.52551,-1.67646,0.625441,-0.485087,-0.910211,8.95644,0.386551,,11,-1.04083,0.297953,0.388889,
pair_corr,shuffle,conf25,6,0.00579262,0.00541988,0.000372738,-0.00216723,0.00291271,1.06877,0.190336,-0.943809,1.32448,0.175695,0.329672,9.43084,0.748853,,21,0.40032,0.688921,-0.166667,
pair_corr,shuffle,conf50,6,0.00579262,0.0054854,0.000307222,-0.00222995,0.00284439,1.05601,0.157038,-0.976291,1.29037,0.144958,0.271998,9.43744,0.791481,,20,0.240192,0.810181,-0.111111,
pair_corr,shuffle,conf75,6,0.00579262,0.00653232,-0.000739697,-0.00375746,0.00227807,0.886764,-0.323991,-1.46298,0.814994,-0.299069,-0.561169,8.34705,0.589426,,17,-0.0800641,0.936186,0.0555556,
pair_corr,randmat,decorr,6,0.0053683,0.00656437,-0.00119607,-0.00354475,0.00115261,0.817793,-0.681792,-1.84579,0.482205,-0.629346,-1.1809,7.75251,0.272602,,13,-0.720577,0.47117,0.277778,
pair_corr,randmat,conf25,6,0.0053683,0.00541988,-5.15833e-05,-0.00285701,0.00275384,0.990483,-0.0236534,-1.15528,1.10797,-0.0218339,-0.0409689,9.9998,0.968127,,18,-0.0800641,0.936186,0,
pair_corr,randmat,conf50,6,0.0053683,0.0054854,-0.0001171,-0.00292025,0.00268605,0.978652,-0.0537393,-1.18553,1.07805,-0.0496055,-0.0930792,9.99992,0.927679,,18,-0.0800641,0.936186,0,
pair_corr,randmat,conf75,6,0.0053683,0.00653232,-0.00116402,-0.0043725,0.00204446,0.821806,-0.470015,-1.61712,0.677088,-0.43386,-0.81409,9.50567,0.435512,,14,-0.560449,0.575174,0.222222,
pair_corr,decorr,conf25,6,0.00656437,0.00541988,0.00114449,-0.00121341,0.00350238,1.21116,0.650148,-0.510947,1.81124,0.600137,1.12609,7.73202,0.293862,,26,1.20096,0.229766,-0.444444,
pair_corr,decorr,conf50,6,0.00656437,0.0054854,0.00107897,-0.00127559,0.00343353,1.1967,0.613692,-0.544223,1.77161,0.566485,1.06295,7.73941,0.319844,,23,0.720577,0.47117,-0.277778,
pair_corr,decorr,conf75,6,0.00656437,0.00653232,3.20533e-05,-0.00287178,0.00293588,1.00491,0.0151501,-1.11645,1.14675,0.0139847,0.0262408,6.82121,0.979816,,20,0.240192,0.810181,-0.111111,
pair_corr,conf25,conf50,6,0.00541988,0.0054854,-6.55167e-05,-0.00287493,0.0027439,0.988056,-0.0299998,-1.16165,1.10165,-0.0276921,-0.0519611,9.99997,0.959583,,15,-0.40032,0.688921,0.166667,
pair_corr,conf25,conf75,6,0.00541988,0.00653232,-0.00111243,-0.00432563,0.00210076,0.829703,-0.448411,-1.59413,0.697307,-0.413918,-0.77667,9.523,0.456211,,12,-0.880705,0.378478,0.333333,
pair_corr,conf50,conf75,6,0.0054854,0.00653232,-0.00104692,-0.00425841,0.00216457,0.839732,-0.422266,-1.56639,0.721861,-0.389784,-0.731385,9.51677,0.482164,,16,-0.240192,0.810181,0.111111,
tau_ms,rest,flow,6,38.7216,184.374,-145.653,-161.58,-129.725,0.210016,-12.9593,-18.266,-7.65251,-11.9624,-22.4461,5.9239,5.87027e-07,,0,-2.80224,0.00507487,1,
tau_ms,rest,self,6,38.7216,121.731,-83.0099,-98.2386,-67.7811,0.31809,-7.69748,-10.9784,-4.41659,-7.10537,-13.3324,6.00995,1.08734e-05,,0,-2.80224,0.00507487,1,0.00274931
tau_ms,rest,shuffle,6,38.7216,166.373,-127.651,-151.842,-103.461,0.23274,-7.65929,-10.9258,-4.39273,-7.07011,-13.2663,5.40267,2.50111e-05,,0,-2.80224,0.00507487,1,
tau_ms,rest,randmat,6,38.7216,101.778,-63.056,-82.4134,-43.6985,0.380453,-4.67681,-6.86346,-2.49016,-4.31706,-8.10047,5.6272,0.000262298,,0,-2.80224,0.00507487,1,
tau_ms,rest,decorr,6,38.7216,122.178,-83.4559,-98.8816,-68.0302,0.316929,-7.64791,-10.9102,-4.38562,-7.05961,-13.2466,5.98452,1.16693e-05,,0,-2.80224,0.00507487,1,
tau_ms,rest,conf25,6,38.7216,125.052,-86.3306,-116.107,-56.5544,0.309644,-4.23833,-6.2769,-2.19977,-3.91231,-7.34101,5.26628,0.000587656,,0,-2.80224,0.00507487,1,
tau_ms,rest,conf50,6,38.7216,125.522,-86.8,-103.141,-70.4593,0.308486,-7.5421,-10.7647,-4.31948,-6.96194,-13.0633,5.8781,1.45123e-05,,0,-2.80224,0.00507487,1,
tau_ms,rest,conf75,6,38.7216,125.235,-86.5132,-113.304,-59.7225,0.309192,-4.70503,-6.90134,-2.50871,-4.3431,-8.14935,5.32863,0.000332707,,0,-2.80224,0.00507487,1,
tau_ms,flow,self,6,184.374,121.731,62.6428,43.5101,81.7756,1.5146,4.21305,2.1829,6.24321,3.88897,7.29722,9.97947,2.63892e-05,7.91676e-05,36,2.80224,0.00507487,-1,0.00274931
tau_ms,flow,shuffle,6,184.374,166.373,18.0015,-7.70413,43.7071,1.1082,0.920379,-0.26961,2.11037,0.84958,1.59414,8.64515,0.146751,,27,1.36109,0.173485,-0.5,
tau_ms,flow,randmat,6,184.374,101.778,82.5968,60.7088,104.485,1.81154,4.87921,2.62289,7.13554,4.50389,8.45104,9.63896,9.21156e-06,,36,2.80224,0.00507487,-1,
tau_ms,flow,decorr,6,184.374,122.178,62.1968,42.9467,81.4469,1.50907,4.15698,2.14541,6.16856,3.83722,7.20011,9.98954,2.94208e-05,,36,2.80224,0.00507487,-1,
tau_ms,flow,conf25,6,184.374,125.052,59.3222,28.7232,89.9211,1.47438,2.60225,1.0646,4.1399,2.40208,4.50723,7.64322,0.00222454,,36,2.80224,0.00507487,-1,
tau_ms,flow,conf50,6,184.374,125.522,58.8527,39.0369,78.6684,1.46886,3.82099,1.91905,5.72293,3.52707,6.61816,9.99333,5.96014e-05,,36,2.80224,0.00507487,-1,
tau_ms,flow,conf75,6,184.374,125.235,59.1395,31.2042,87.0748,1.47223,2.81018,1.21503,4.40533,2.59401,4.86738,8.139,0.00118417,,36,2.80224,0.00507487,-1,
tau_ms,self,shuffle,6,121.731,166.373,-44.6413,-70.1172,-19.1654,0.731679,-2.31293,-3.77469,-0.851164,-2.13501,-4.00611,8.4184,0.00352945,0.0070589,2,-2.48199,0.0130652,0.888889,0.00649838
tau_ms,self,randmat,6,121.731,101.778,19.9539,-1.60231,41.5101,1.19605,1.19991,-0.0292932,2.42911,1.10761,2.0783,9.46899,0.0659285,,30,1.84147,0.0655522,-0.666667,0.0737316
tau_ms,self,decorr,6,121.731,122.178,-0.446033,-19.2579,18.3658,0.996349,-0.030502,-1.16215,1.10115,-0.0281557,-0.052831,9.99831,0.958907,0.958907,15,-0.40032,0.688921,0.166667,0.954011
tau_ms,self,conf25,6,121.731,125.052,-3.32068,-33.772,27.1306,0.973446,-0.147092,-1.28021,0.986023,-0.135777,-0.254771,7.44454,0.805795,,18,-0.0800641,0.936186,0,0.816296
tau_ms,self,conf50,6,121.731,125.522,-3.79017,-23.1942,15.6139,0.969805,-0.251446,-1.38749,0.884602,-0.232104,-0.435518,9.94969,0.672483,,16,-0.240192,0.810181,0.111111,0.660085
tau_ms,self,conf75,6,121.731,125.235,-3.50333,-31.2513,24.2446,0.972026,-0.168388,-1.30198,0.965202,-0.155435,-0.291656,7.92036,0.778042,,12,-0.880705,0.378478,0.333333,0.79855
tau_ms,shuffle,randmat,6,166.373,101.778,64.5952,37.496,91.6945,1.63467,3.08645,1.41156,4.76134,2.84903,5.34589,9.54183,0.000381604,,36,2.80224,0.00507487,-1,
tau_ms,shuffle,decorr,6,166.373,122.178,44.1953,18.6566,69.734,1.36173,2.28132,0.827526,3.73511,2.10583,3.95136,8.48337,0.00376267,,35,2.64211,0.00823902,-0.944444,
tau_ms,shuffle,conf25,6,166.373,125.052,41.3206,7.80517,74.8361,1.33043,1.59502,0.295909,2.89414,1.47233,2.76266,9.59921,0.020774,,32,2.16173,0.030639,-0.777778,
tau_ms,shuffle,conf50,6,166.373,125.522,40.8512,15.0008,66.7015,1.32545,2.0721,0.669344,3.47485,1.91271,3.58898,8.77368,0.00609563,,35,2.64211,0.00823902,-0.944444,
tau_ms,shuffle,conf75,6,166.373,125.235,41.138,9.73296,72.543,1.32849,1.68746,0.369783,3.00513,1.55765,2.92276,9.89799,0.0153856,,33,2.32186,0.0202406,-0.833333,
tau_ms,randmat,decorr,6,101.778,122.178,-20.3999,-42.0475,1.24765,0.83303,-1.22061,-2.45307,0.0118528,-1.12671,-2.11415,9.52021,0.0619859,,7,-1.68135,0.0926958,0.611111,
tau_ms,randmat,conf25,6,101.778,125.052,-23.2746,-54.8266,8.27736,0.813881,-0.970499,-2.16684,0.225847,-0.895845,-1.68095,8.589,0.128685,,8,-1.52122,0.128205,0.555556,
tau_ms,randmat,conf50,6,101.778,125.522,-23.7441,-45.8376,-1.65054,0.810837,-1.38786,-2.64833,-0.127391,-1.2811,-2.40385,9.72378,0.0377259,,6,-1.84147,0.0655522,0.666667,
tau_ms,randmat,conf75,6,101.778,125.235,-23.4572,-52.5623,5.6478,0.812694,-1.05078,-2.25794,0.156369,-0.969954,-1.82001,9.10426,0.101721,,8,-1.52122,0.128205,0.555556,
tau_ms,decorr,conf25,6,122.178,125.052,-2.87465,-33.366,27.6167,0.977012,-0.126989,-1.25971,1.00574,-0.11722,-0.219951,7.50046,0.831777,,17,-0.0800641,0.936186,0.0555556,
tau_ms,decorr,conf50,6,122.178,125.522,-3.34413,-22.8622,16.1739,0.973358,-0.22051,-1.35553,0.914509,-0.203548,-0.381934,9.9663,0.710527,,15,-0.40032,0.688921,0.166667,
tau_ms,decorr,conf75,6,122.178,125.235,-3.0573,-30.8563,24.7417,0.975587,-0.146479,-1.27958,0.986623,-0.135212,-0.253709,7.98234,0.806133,,13,-0.720577,0.47117,0.277778,
tau_ms,conf25,conf50,6,125.052,125.522,-0.469483,-31.1632,30.2242,0.99626,-0.0204742,-1.15209,1.11114,-0.0188992,-0.0354623,7.76071,0.972606,,17,-0.0800641,0.936186,0.0555556,
tau_ms,conf25,conf75,6,125.052,125.235,-0.18265,-35.0264,34.6611,0.998542,-0.00675345,-1.13834,1.12484,-0.00623396,-0.0116973,9.89096,0.9909,,18,-0.0800641,0.936186,0,
tau_ms,conf50,conf75,6,125.522,125.235,0.286833,-27.7675,28.3411,1.00229,0.0135363,-1.11806,1.14514,0.0124951,0.0234456,8.26609,0.981851,,16,-0.240192,0.810181,0.111111,
dim,rest,flow,6,92.39,88.1008,4.28922,-0.891506,9.46994,1.04869,1.11141,-0.104404,2.32722,1.02591,1.92501,7.63877,0.0921383,,32,2.16173,0.030639,-0.777778,
dim,rest,self,6,92.39,92.2176,0.172433,-5.44088,5.78575,1.00187,0.0416357,-1.09007,1.17334,0.038433,0.0721151,7.2594,0.944457,,18,-0.0800641,0.936186,0,0.951262
dim,rest,shuffle,6,92.39,92.4541,-0.0641,-3.80953,3.68133,0.999307,-0.0221488,-1.15377,1.10947,-0.020445,-0.0383629,9.57602,0.970186,,15,-0.40032,0.688921,0.166667,
dim,rest,randmat,6,92.39,97.4331,-5.04312,-9.27818,-0.808054,0.94824,-1.56029,-2.85264,-0.267948,-1.44027,-2.70251,8.81319,0.0247413,,4,-2.16173,0.030639,0.777778,
dim,rest,decorr,6,92.39,96.103,-3.71297,-8.07547,0.649535,0.961365,-1.11901,-2.33594,0.0979135,-1.03294,-1.93819,8.62473,0.0859605,,8,-1.52122,0.128205,0.555556,
dim,rest,conf25,6,92.39,93.2522,-0.86215,-5.18386,3.45956,0.990755,-0.262001,-1.39843,0.874429,-0.241847,-0.453799,8.68413,0.661101,,15,-0.40032,0.688921,0.166667,
dim,rest,conf50,6,92.39,96.9307,-4.54063,-7.55475,-1.52652,0.953156,-1.9508,-3.32544,-0.576168,-1.80074,-3.37889,9.53556,0.00749937,,2,-2.48199,0.0130652,0.888889,
dim,rest,conf75,6,92.39,95.6847,-3.29465,-8.73316,2.14386,0.965568,-0.818013,-1.99597,0.359947,-0.755089,-1.41684,7.40276,0.197209,,13,-0.720577,0.47117,0.277778,
dim,flow,self,6,88.1008,92.2176,-4.11678,-10.6112,2.37764,0.955358,-0.816325,-1.9941,0.361448,-0.753531,-1.41392,9.9218,0.187988,0.540537,10,-1.20096,0.229766,0.444444,0.187203
dim,flow,shuffle,6,88.1008,92.4541,-4.35332,-9.71451,1.00788,0.952914,-1.06667,-2.27605,0.142708,-0.984621,-1.84753,8.6719,0.0989845,,7,-1.68135,0.0926958,0.611111,
dim,flow,randmat,6,88.1008,97.4331,-9.33233,-14.9422,-3.72248,0.904218,-2.1565,-3.57947,-0.733529,-1.99062,-3.73517,9.46622,0.00426501,,0,-2.80224,0.00507487,1,
dim,flow,decorr,6,88.1008,96.103,-8.00218,-13.6834,-2.32094,0.916733,-1.82196,-3.168,-0.475924,-1.68181,-3.15573,9.61033,0.0107337,,0,-2.80224,0.00507487,1,
dim,flow,conf25,6,88.1008,93.2522,-5.15137,-10.8095,0.506751,0.944759,-1.17843,-2.4043,0.0474428,-1.08778,-2.0411,9.56693,0.0697898,,8,-1.52122,0.128205,0.555556,
dim,flow,conf50,6,88.1008,96.9307,-8.82985,-13.9188,-3.74094,0.908906,-2.38572,-3.86609,-0.905351,-2.20221,-4.13219,6.76328,0.00473203,,0,-2.80224,0.00507487,1,
dim,flow,conf75,6,88.1008,95.6847,-7.58387,-13.9542,-1.21357,0.920741,-1.53209,-2.81903,-0.245161,-1.41424,-2.65367,9.97072,0.0242168,,2,-2.48199,0.0130652,0.888889,
dim,self,shuffle,6,92.2176,92.4541,-0.236533,-5.99887,5.52581,0.997442,-0.0543874,-1.18618,1.07741,-0.0502038,-0.0942017,8.22843,0.927203,0.927203,19,0.0800641,0.936186,-0.0555556,0.926518
dim,self,randmat,6,92.2176,97.4331,-5.21555,-11.1912,0.760082,0.94647,-1.13852,-2.35834,0.0812998,-1.05094,-1.97198,9.07372,0.0798275,,7,-1.68135,0.0926958,0.611111,0.0837291
dim,self,decorr,6,92.2176,96.103,-3.8854,-9.92338,2.15258,0.95957,-0.837009,-2.0171,0.343085,-0.772624,-1.44974,9.24854,0.180179,0.540537,9,-1.36109,0.173485,0.5,0.175456
dim,self,conf25,6,92.2176,93.2522,-1.03458,-7.05232,4.98315,0.988906,-0.223818,-1.35894,0.911305,-0.206601,-0.387664,9.19467,0.707087,,17,-0.0800641,0.936186,0.0555556,0.699575
dim,self,conf50,6,92.2176,96.9307,-4.71307,-10.2545,0.828397,0.951377,-1.17988,-2.40598,0.0462131,-1.08912,-2.04362,6.49006,0.0834521,,10,-1.20096,0.229766,0.444444,0.071982
dim,self,conf75,6,92.2176,95.6847,-3.46708,-10.1229,3.1887,0.963766,-0.670221,-1.83314,0.4927,-0.618666,-1.16086,9.98794,0.272693,,12,-0.880705,0.378478,0.333333,0.263434
dim,shuffle,randmat,6,92.4541,97.4331,-4.97902,-9.49157,-0.466463,0.948898,-1.42495,-2.69203,-0.157872,-1.31534,-2.46809,9.72025,0.0338487,,6,-1.84147,0.0655522,0.666667,
dim,shuffle,decorr,6,92.4541,96.103,-3.64887,-8.27289,0.975153,0.962032,-1.02101,-2.22406,0.182047,-0.94247,-1.76844,9.59203,0.108709,,8,-1.52122,0.128205,0.555556,
dim,shuffle,conf25,6,92.4541,93.2522,-0.79805,-5.38627,3.79017,0.991442,-0.224909,-1.36007,0.910249,-0.207608,-0.389553,9.63439,0.705339,,15,-0.40032,0.688921,0.166667,
dim,shuffle,conf50,6,92.4541,96.9307,-4.47653,-8.00452,-0.948549,0.953817,-1.67063,-2.98487,-0.356396,-1.54212,-2.89362,8.549,0.018741,,2,-2.48199,0.0130652,0.888889,
dim,shuffle,conf75,6,92.4541,95.6847,-3.23055,-8.83003,2.36893,0.966238,-0.761784,-1.93369,0.410126,-0.703185,-1.31945,8.40094,0.221844,,14,-0.560449,0.575174,0.222222,
dim,randmat,decorr,6,97.4331,96.103,1.33015,-3.62698,6.28728,1.01384,0.345252,-0.794732,1.48524,0.318695,0.597995,9.98565,0.563159,,24,0.880705,0.378478,-0.333333,
dim,randmat,conf25,6,97.4331,93.2522,4.18097,-0.745288,9.10722,1.04484,1.0919,-0.121082,2.30487,1.0079,1.89122,9.99324,0.0879052,,29,1.68135,0.0926958,-0.611111,
dim,randmat,conf50,6,97.4331,96.9307,0.502483,-3.57281,4.57778,1.00518,0.165205,-0.96831,1.29872,0.152497,0.286143,7.71882,0.782298,,18,-0.0800641,0.936186,0,
dim,randmat,conf75,6,97.4331,95.6847,1.74847,-4.07793,7.57487,1.01827,0.390429,-0.751887,1.53274,0.360396,0.676242,9.23434,0.515465,,23,0.720577,0.47117,-0.277778,
dim,decorr,conf25,6,96.103,93.2522,2.85082,-2.16872,7.87035,1.03057,0.730627,-0.438103,1.89936,0.674425,1.26548,9.99858,0.234392,,24,0.880705,0.378478,-0.333333,
dim,decorr,conf50,6,96.103,96.9307,-0.827667,-5.04225,3.38692,0.991461,-0.2642,-1.40071,0.872311,-0.243877,-0.457609,7.54904,0.660115,,15,-0.40032,0.688921,0.166667,
dim,decorr,conf75,6,96.103,95.6847,0.418317,-5.47394,6.31057,1.00437,0.0921257,-1.04006,1.22431,0.0850391,0.159566,9.39933,0.876599,,21,0.40032,0.688921,-0.166667,
dim,conf25,conf50,6,93.2522,96.9307,-3.67848,-7.8486,0.491634,0.96205,-1.18521,-2.41213,0.041707,-1.09404,-2.05285,7.60161,0.0760187,,8,-1.52122,0.128205,0.555556,
dim,conf25,conf75,6,93.2522,95.6847,-2.4325,-8.30339,3.43839,0.974578,-0.538079,-1.68996,0.613801,-0.496688,-0.93198,9.34887,0.374788,,13,-0.720577,0.47117,0.277778,
dim,conf50,conf75,6,96.9307,95.6847,1.24598,-4.11322,6.60518,1.01302,0.321432,-0.817438,1.4603,0.296706,0.556736,6.59197,0.596092,,24,0.880705,0.378478,-0.333333,
pop_rate_sd_hz,rest,flow,6,1.04537,1.69694,-0.651563,-0.744367,-0.558759,0.616036,-9.51389,-13.4848,-5.54296,-8.78205,-16.4785,7.26772,5.07144e-07,,0,-2.80224,0.00507487,1,
pop_rate_sd_hz,rest,self,6,1.04537,1.5005,-0.455128,-0.513105,-0.397151,0.696683,-10.1134,-14.3148,-5.91203,-9.33547,-17.517,9.89285,8.97028e-09,,0,-2.80224,0.00507487,1,0.00274931
pop_rate_sd_hz,rest,shuffle,6,1.04537,1.60881,-0.563433,-0.625037,-0.50183,0.649782,-11.8299,-16.6961,-6.96363,-10.9199,-20.4899,9.6149,2.95873e-09,,0,-2.80224,0.00507487,1,
pop_rate_sd_hz,rest,randmat,6,1.04537,1.47891,-0.433535,-0.499874,-0.367196,0.706855,-8.51107,-12.0992,-4.92289,-7.85637,-14.7416,9.17078,1.07275e-07,,0,-2.80224,0.00507487,1,
pop_rate_sd_hz,rest,decorr,6,1.04537,1.58776,-0.542382,-0.609953,-0.47481,0.658397,-10.4741,-14.8146,-6.13354,-9.66836,-18.1416,9.05342,1.99036e-08,,0,-2.80224,0.00507487,1,
pop_rate_sd_hz,rest,conf25,6,1.04537,1.49557,-0.450192,-0.522268,-0.378115,0.698982,-8.20964,-11.6836,-4.7357,-7.57813,-14.2195,8.6408,2.71895e-07,,0,-2.80224,0.00507487,1,
pop_rate_sd_hz,rest,conf50,6,1.04537,1.51288,-0.467508,-0.516668,-0.418349,0.690982,-12.3529,-17.4229,-7.2829,-11.4027,-21.3958,9.33555,2.99904e-09,,0,-2.80224,0.00507487,1,
pop_rate_sd_hz,rest,conf75,6,1.04537,1.56994,-0.524568,-0.604396,-0.444741,0.665868,-8.74383,-12.4205,-5.06716,-8.07122,-15.1447,8.02641,3.45908e-07,,0,-2.80224,0.00507487,1,
pop_rate_sd_hz,flow,self,6,1.69694,1.5005,0.196435,0.102633,0.290237,1.13091,2.80592,1.21197,4.39987,2.59008,4.85999,7.7179,0.00139128,0.00417384,36,2.80224,0.00507487,-1,0.00274931
pop_rate_sd_hz,flow,shuffle,6,1.69694,1.60881,0.08813,-0.0069847,0.183245,1.05478,1.22875,-0.00500578,2.4625,1.13423,2.12825,8.18572,0.0651996,,31,2.0016,0.0453276,-0.722222,
pop_rate_sd_hz,flow,randmat,6,1.69694,1.47891,0.218028,0.120955,0.315102,1.14743,2.94782,1.31339,4.58224,2.72106,5.10577,8.72032,0.000706422,,36,2.80224,0.00507487,-1,
pop_rate_sd_hz,flow,decorr,6,1.69694,1.58776,0.109182,0.0115567,0.206807,1.06876,1.46459,0.190299,2.73888,1.35193,2.53675,8.84445,0.0322993,,32,2.16173,0.030639,-0.777778,
pop_rate_sd_hz,flow,conf25,6,1.69694,1.49557,0.201372,0.101598,0.301146,1.13465,2.62544,1.08149,4.16939,2.42348,4.5474,9.24334,0.00129927,,36,2.80224,0.00507487,-1,
pop_rate_sd_hz,flow,conf50,6,1.69694,1.51288,0.184055,0.0925922,0.275518,1.12166,2.80416,1.21071,4.39761,2.58845,4.85695,6.3618,0.00240735,,36,2.80224,0.00507487,-1,
pop_rate_sd_hz,flow,conf75,6,1.69694,1.56994,0.126995,0.0230808,0.230909,1.08089,1.57822,0.282395,2.87404,1.45682,2.73356,9.72388,0.0215762,,36,2.80224,0.00507487,-1,
pop_rate_sd_hz,self,shuffle,6,1.5005,1.60881,-0.108305,-0.172441,-0.0441687,0.93268,-2.17517,-3.60268,-0.747657,-2.00785,-3.7675,9.90468,0.00373913,0.00747826,2,-2.48199,0.0130652,0.888889,0.00649838
pop_rate_sd_hz,self,randmat,6,1.5005,1.47891,0.0215933,-0.0469258,0.0901125,1.0146,0.407681,-0.735599,1.55096,0.376321,0.706124,9.6043,0.496882,,21,0.40032,0.688921,-0.166667,0.47813
pop_rate_sd_hz,self,decorr,6,1.5005,1.58776,-0.0872533,-0.156923,-0.017584,0.945046,-1.62241,-2.92694,-0.317882,-1.49761,-2.8101,9.51031,0.0193449,0.0193449,5,-2.0016,0.0453276,0.722222,0.0317421
pop_rate_sd_hz,self,conf25,6,1.5005,1.49557,0.00493667,-0.0689683,0.0788417,1.0033,0.0870263,-1.04509,1.21915,0.0803319,0.150734,9.14824,0.883457,,19,0.0800641,0.936186,-0.0555556,0.886528
pop_rate_sd_hz,self,conf50,6,1.5005,1.51288,-0.01238,-0.0654601,0.0407001,0.991817,-0.305414,-1.44358,0.832749,-0.281921,-0.528993,8.84796,0.609822,,12,-0.880705,0.378478,0.333333,0.596101
pop_rate_sd_hz,self,conf75,6,1.5005,1.56994,-0.06944,-0.150719,0.0118394,0.955769,-1.125,-2.34281,0.0928135,-1.03846,-1.94855,8.54215,0.0848865,,7,-1.68135,0.0926958,0.611111,0.0809798
pop_rate_sd_hz,shuffle,randmat,6,1.60881,1.47891,0.129898,0.0587591,0.201038,1.08783,2.35261,0.880748,3.82448,2.17164,4.07485,9.88679,0.00228592,,35,2.64211,0.00823902,-0.944444,
pop_rate_sd_hz,shuffle,decorr,6,1.60881,1.58776,0.0210517,-0.0511517,0.093255,1.01326,0.375953,-0.765585,1.51749,0.347033,0.651169,9.82939,0.529865,,20,0.240192,0.810181,-0.111111,
pop_rate_sd_hz,shuffle,conf25,6,1.60881,1.49557,0.113242,0.0370908,0.189393,1.07572,1.92487,0.556099,3.29364,1.7768,3.33397,9.56436,0.00803979,,33,2.32186,0.0202406,-0.833333,
pop_rate_sd_hz,shuffle,conf50,6,1.60881,1.51288,0.095925,0.0385296,0.15332,1.06341,2.20864,0.772929,3.64436,2.03875,3.82548,8.35792,0.00465328,,34,2.48199,0.0130652,-0.888889,
pop_rate_sd_hz,shuffle,conf75,6,1.60881,1.56994,0.038865,-0.0442464,0.121976,1.02476,0.610468,-0.547175,1.76811,0.563509,1.05736,9.02694,0.317821,,23,0.720577,0.47117,-0.277778,
pop_rate_sd_hz,randmat,decorr,6,1.47891,1.58776,-0.108847,-0.184541,-0.033152,0.931446,-1.84999,-3.20213,-0.497845,-1.70768,-3.20427,9.99371,0.0094305,,4,-2.16173,0.030639,0.777778,
pop_rate_sd_hz,randmat,conf25,6,1.47891,1.49557,-0.0166567,-0.0959515,0.0626382,0.988863,-0.270659,-1.40741,0.866096,-0.249839,-0.468796,9.8828,0.649385,,16,-0.240192,0.810181,0.111111,
pop_rate_sd_hz,randmat,conf50,6,1.47891,1.51288,-0.0339733,-0.0968252,0.0288785,0.977544,-0.722259,-1.89016,0.445638,-0.6667,-1.25099,7.8371,0.246991,,10,-1.20096,0.229766,0.444444,
pop_rate_sd_hz,randmat,conf75,6,1.47891,1.56994,-0.0910333,-0.176775,-0.00529135,0.942015,-1.37561,-2.63393,-0.117288,-1.26979,-2.38262,9.50019,0.0396716,,6,-1.84147,0.0655522,0.666667,
pop_rate_sd_hz,decorr,conf25,6,1.58776,1.49557,0.09219,0.0120432,0.172337,1.06164,1.48114,0.203787,2.75849,1.3672,2.5654,9.92987,0.0282564,,31,2.0016,0.0453276,-0.722222,
pop_rate_sd_hz,decorr,conf50,6,1.58776,1.51288,0.0748733,0.0106278,0.139119,1.04949,1.56142,0.268859,2.85399,1.44131,2.70446,7.72116,0.0277739,,32,2.16173,0.030639,-0.777778,
pop_rate_sd_hz,decorr,conf75,6,1.58776,1.56994,0.0178133,-0.0686522,0.104279,1.01135,0.266548,-0.870052,1.40315,0.246044,0.461674,9.59495,0.654604,,22,0.560449,0.575174,-0.222222,
pop_rate_sd_hz,conf25,conf50,6,1.49557,1.51288,-0.0173167,-0.0865869,0.0519536,0.988554,-0.337989,-1.47763,0.801648,-0.31199,-0.585414,7.35347,0.575788,,13,-0.720577,0.47117,0.277778,
pop_rate_sd_hz,conf25,conf75,6,1.49557,1.56994,-0.0743767,-0.163611,0.0148574,0.952625,-1.07445,-2.28494,0.13603,-0.991802,-1.86101,9.84963,0.0928156,,6,-1.84147,0.0655522,0.666667,
pop_rate_sd_hz,conf50,conf75,6,1.51288,1.56994,-0.05706,-0.13477,0.0206503,0.963655,-1.00601,-2.20705,0.195019,-0.928628,-1.74247,6.87914,0.12571,,6,-1.84147,0.0655522,0.666667,
bumpR,rest,flow,6,0.328851,0.253048,0.0758032,0.0567717,0.0948346,1.29956,5.22124,2.84554,7.59694,4.8196,9.04345,8.78844,9.63527e-06,,36,2.80224,0.00507487,-1,
bumpR,rest,self,6,0.328851,0.247458,0.0813935,0.0618562,0.100931,1.32892,5.41687,2.97206,7.86167,5.00019,9.38229,9.27208,4.91294e-06,,36,2.80224,0.00507487,-1,0.00274931
bumpR,rest,shuffle,6,0.328851,0.241515,0.0873357,0.0686851,0.105986,1.36162,6.19788,3.47226,8.9235,5.72112,10.735,8.2807,3.82359e-06,,36,2.80224,0.00507487,-1,
bumpR,rest,randmat,6,0.328851,0.251637,0.0772143,0.0589456,0.095483,1.30685,5.68207,3.14274,8.2214,5.24499,9.84164,7.57878,1.39203e-05,,36,2.80224,0.00507487,-1,
bumpR,rest,decorr,6,0.328851,0.241134,0.087717,0.0657998,0.109634,1.36377,5.14852,2.79836,7.49868,4.75248,8.91749,9.99982,4.49551e-06,,36,2.80224,0.00507487,-1,
bumpR,rest,conf25,6,0.328851,0.253757,0.0750943,0.0565504,0.0936383,1.29593,5.37888,2.94754,7.81022,4.96512,9.31649,8.10871,1.31259e-05,,36,2.80224,0.00507487,-1,
bumpR,rest,conf50,6,0.328851,0.249709,0.0791418,0.0601684,0.0981152,1.31694,5.47458,3.00928,7.93987,5.05346,9.48225,8.7203,6.95197e-06,,36,2.80224,0.00507487,-1,
bumpR,rest,conf75,6,0.328851,0.234041,0.0948103,0.076442,0.113179,1.4051,6.90483,3.91959,9.89007,6.37369,11.9595,7.78739,2.75452e-06,,36,2.80224,0.00507487,-1,
bumpR,flow,self,6,0.253048,0.247458,0.00559033,-0.010056,0.0212367,1.02259,0.460273,-0.686198,1.60674,0.424867,0.797216,9.89767,0.44403,1,23,0.720577,0.47117,-0.277778,0.429643
bumpR,flow,shuffle,6,0.253048,0.241515,0.0115325,-0.00259695,0.0256619,1.04775,1.05145,-0.155798,2.25869,0.970566,1.82116,9.89793,0.0988989,,26,1.20096,0.229766,-0.444444,
bumpR,flow,randmat,6,0.253048,0.251637,0.00141117,-0.0119676,0.01479,1.00561,0.136805,-0.996104,1.26971,0.126281,0.236952,9.43184,0.81776,,20,0.240192,0.810181,-0.111111,
bumpR,flow,decorr,6,0.253048,0.241134,0.0119138,-0.00718026,0.0310079,1.04941,0.818226,-0.359758,1.99621,0.755286,1.41721,8.76745,0.190963,,26,1.20096,0.229766,-0.444444,
bumpR,flow,conf25,6,0.253048,0.253757,-0.000708833,-0.0146375,0.0132199,0.997207,-0.0656305,-1.19752,1.06626,-0.060582,-0.113675,9.81826,0.911786,,19,0.0800641,0.936186,-0.0555556,
bumpR,flow,conf50,6,0.253048,0.249709,0.00333867,-0.0113698,0.0180471,1.01337,0.29201,-0.84559,1.42961,0.269548,0.505777,9.99811,0.623977,,22,0.560449,0.575174,-0.222222,
bumpR,flow,conf75,6,0.253048,0.234041,0.0190072,0.00542311,0.0325912,1.08121,1.80996,0.466517,3.1534,1.67073,3.13494,9.60925,0.0111135,,33,2.32186,0.0202406,-0.833333,
bumpR,self,shuffle,6,0.247458,0.241515,0.00594217,-0.00910379,0.0209881,1.0246,0.51085,-0.639044,1.66074,0.471554,0.884819,9.61111,0.39785,1,20,0.240192,0.810181,-0.111111,0.412897
bumpR,self,randmat,6,0.247458,0.251637,-0.00417917,-0.0185768,0.0102184,0.983392,-0.379293,-1.52101,0.762422,-0.350117,-0.656955,8.97109,0.527702,,15,-0.40032,0.688921,0.166667,0.517121
bumpR,self,decorr,6,0.247458,0.241134,0.0063235,-0.0132729,0.0259199,1.02622,0.419697,-0.724279,1.56367,0.387412,0.726936,9.25318,0.485249,1,22,0.560449,0.575174,-0.222222,0.466883
bumpR,self,conf25,6,0.247458,0.253757,-0.00629917,-0.02117,0.00857164,0.975176,-0.549006,-1.70171,0.6037,-0.506774,-0.950906,9.4788,0.365268,,11,-1.04083,0.297953,0.388889,0.384904
bumpR,self,conf50,6,0.247458,0.249709,-0.00225167,-0.0178087,0.0133054,0.990983,-0.186527,-1.32057,0.947517,-0.172179,-0.323074,9.8689,0.75338,,16,-0.240192,0.810181,0.111111,0.740565
bumpR,self,conf75,6,0.247458,0.234041,0.0134168,-0.00115613,0.0279898,1.05733,1.1987,-0.0303155,2.42771,1.10649,2.07621,9.18822,0.0670498,,31,2.0016,0.0453276,-0.722222,0.067983
bumpR,shuffle,randmat,6,0.241515,0.251637,-0.0101213,-0.0226429,0.00240027,0.959778,-1.0429,-2.24896,0.163157,-0.962677,-1.80636,9.78689,0.101655,,8,-1.52122,0.128205,0.555556,
bumpR,shuffle,decorr,6,0.241515,0.241134,0.000381333,-0.0183349,0.0190975,1.00158,0.0269783,-1.10466,1.15862,0.024903,0.0467277,8.25972,0.96384,,19,0.0800641,0.936186,-0.0555556,
bumpR,shuffle,conf25,6,0.241515,0.253757,-0.0122413,-0.0253896,0.00090695,0.95176,-1.19788,-2.42677,0.0310056,-1.10574,-2.07479,9.98777,0.0647953,,8,-1.52122,0.128205,0.555556,
bumpR,shuffle,conf50,6,0.241515,0.249709,-0.00819383,-0.0222125,0.00582483,0.967187,-0.752693,-1.92366,0.418276,-0.694793,-1.3037,9.92327,0.221768,,12,-0.880705,0.378478,0.333333,
bumpR,shuffle,conf75,6,0.241515,0.234041,0.00747467,-0.00528239,0.0202317,1.03194,0.754811,-0.416376,1.926,0.696748,1.30737,9.89664,0.220644,,26,1.20096,0.229766,-0.444444,
bumpR,randmat,decorr,6,0.251637,0.241134,0.0105027,-0.00783521,0.0288405,1.04356,0.77031,-0.402491,1.94311,0.711056,1.33422,7.56009,0.22092,,25,1.04083,0.297953,-0.388889,
bumpR,randmat,conf25,6,0.251637,0.253757,-0.00212,-0.0143814,0.0101414,0.991646,-0.222809,-1.3579,0.912282,-0.20567,-0.385917,9.87357,0.707743,,15,-0.40032,0.688921,0.166667,
bumpR,randmat,conf50,6,0.251637,0.249709,0.0019275,-0.0113267,0.0151817,1.00772,0.188458,-0.945637,1.32255,0.173961,0.326418,9.48725,0.751194,,21,0.40032,0.688921,-0.166667,
bumpR,randmat,conf75,6,0.251637,0.234041,0.017596,0.00579083,0.0294012,1.07518,1.918,0.550773,3.28522,1.77046,3.32207,9.97883,0.00774244,,34,2.48199,0.0130652,-0.888889,
bumpR,decorr,conf25,6,0.241134,0.253757,-0.0126227,-0.0312332,0.00598789,0.950257,-0.901298,-2.08895,0.286351,-0.831968,-1.56109,8.08809,0.156715,,7,-1.68135,0.0926958,0.611111,
bumpR,decorr,conf50,6,0.241134,0.249709,-0.00857517,-0.0276116,0.0104613,0.965659,-0.591442,-1.7475,0.564619,-0.545946,-1.02441,8.69921,0.333284,,14,-0.560449,0.575174,0.222222,
bumpR,decorr,conf75,6,0.241134,0.234041,0.00709333,-0.0113432,0.0255299,1.03031,0.514914,-0.63527,1.6651,0.475305,0.891857,7.7678,0.399253,,24,0.880705,0.378478,-0.333333,
bumpR,conf25,conf50,6,0.253757,0.249709,0.0040475,-0.009767,0.017862,1.01621,0.377675,-0.763954,1.5193,0.348623,0.654152,9.85205,0.527987,,24,0.880705,0.378478,-0.333333,
bumpR,conf25,conf75,6,0.253757,0.234041,0.019716,0.00720887,0.0322231,1.08424,2.02913,0.636468,3.4218,1.87305,3.51456,9.95471,0.00562759,,35,2.64211,0.00823902,-0.944444,
bumpR,conf50,conf75,6,0.249709,0.234041,0.0156685,0.00220498,0.029132,1.06695,1.50434,0.222654,2.78602,1.38862,2.60559,9.6571,0.026948,,31,2.0016,0.0453276,-0.722222,
patch_drive_fraction,rest,flow,6,0,0.245523,-0.245523,-0.245532,-0.245515,0,-42273,-59185.4,-25360.6,-39021.2,-73219,5,9.01955e-24,,0,-2.99124,0.00277843,1,
patch_drive_fraction,rest,self,6,0,0.12424,-0.12424,-0.124282,-0.124197,0,-4329.98,-6062.31,-2597.66,-3996.91,-7499.75,5,7.99963e-19,,0,-2.99124,0.00277843,1,0.00274931
patch_drive_fraction,rest,shuffle,6,0,0.124557,-0.124557,-0.1246,-0.124515,0,-4334.2,-6068.22,-2600.19,-4000.8,-7507.06,5,7.96075e-19,,0,-2.99124,0.00277843,1,
patch_drive_fraction,rest,randmat,6,0,0.0695793,-0.0695793,-0.0696032,-0.0695553,0,-4309.7,-6033.91,-2585.49,-3978.18,-7464.62,5,8.18965e-19,,0,-2.99124,0.00277843,1,
patch_drive_fraction,rest,decorr,6,0,0.228256,-0.228256,-0.231086,-0.225426,0,-119.693,-167.592,-71.7932,-110.486,-207.314,5,4.95511e-11,,0,-2.99124,0.00277843,1,
patch_drive_fraction,rest,conf25,6,0,0.146599,-0.146599,-0.147812,-0.145386,0,-179.407,-251.192,-107.621,-165.606,-310.741,5,6.55029e-12,,0,-2.99124,0.00277843,1,
patch_drive_fraction,rest,conf50,6,0,0.174776,-0.174776,-0.176337,-0.173216,0,-166.22,-232.73,-99.7097,-153.434,-287.901,5,9.59464e-12,,0,-2.99124,0.00277843,1,
patch_drive_fraction,rest,conf75,6,0,0.201977,-0.201977,-0.20408,-0.199875,0,-142.551,-199.593,-85.5085,-131.585,-246.905,5,2.06811e-11,,0,-2.99124,0.00277843,1,
patch_drive_fraction,flow,self,6,0.245523,0.12424,0.121283,0.121241,0.121326,1.9762,4142.93,2485.44,5800.41,3824.24,7175.76,5.40905,4.38091e-20,1.31427e-19,36,2.80224,0.00507487,-1,0.00274931
patch_drive_fraction,flow,shuffle,6,0.245523,0.124557,0.120966,0.120924,0.121009,1.97117,4125.83,2475.19,5776.48,3808.46,7146.15,5.40777,4.52398e-20,,36,2.80224,0.00507487,-1,
patch_drive_fraction,flow,randmat,6,0.245523,0.0695793,0.175944,0.17592,0.175968,3.52868,10254.5,6151.92,14357.1,9465.69,17761.3,6.27286,2.14197e-25,,36,2.80224,0.00507487,-1,
patch_drive_fraction,flow,decorr,6,0.245523,0.228256,0.0172673,0.0144371,0.0200976,1.07565,9.05459,5.25944,12.8497,8.35808,15.683,5.00009,1.91584e-05,,36,2.80224,0.00507487,-1,
patch_drive_fraction,flow,conf25,6,0.245523,0.146599,0.0989242,0.0977114,0.100137,1.67479,121.059,72.6132,169.506,111.747,209.681,5.00051,4.67193e-11,,36,2.80224,0.00507487,-1,
patch_drive_fraction,flow,conf50,6,0.245523,0.174776,0.070747,0.0691865,0.0723075,1.40479,67.2825,40.3406,94.2243,62.1069,116.537,5.00031,8.81412e-10,,36,2.80224,0.00507487,-1,
patch_drive_fraction,flow,conf75,6,0.245523,0.201977,0.043546,0.0414432,0.0456488,1.2156,30.7335,18.3858,43.0812,28.3694,53.232,5.00017,4.42179e-08,,36,2.80224,0.00507487,-1,
patch_drive_fraction,self,shuffle,6,0.12424,0.124557,-0.000317333,-0.000369575,-0.000265092,0.997452,-7.81418,-11.1389,-4.48942,-7.21309,-13.5346,9.99998,9.35057e-08,9.35057e-08,0,-2.80224,0.00507487,1,0.00274931
patch_drive_fraction,self,randmat,6,0.12424,0.0695793,0.0546605,0.0546166,0.0547045,1.78559,1660.24,996.019,2324.47,1532.53,2875.63,7.8776,5.29924e-25,,36,2.80224,0.00507487,-1,0.00274931
patch_drive_fraction,self,decorr,6,0.12424,0.228256,-0.104016,-0.106846,-0.101186,0.5443,-54.5378,-76.3863,-32.6892,-50.3426,-94.4622,5.00226,2.50158e-09,5.00317e-09,0,-2.80224,0.00507487,1,0.00274931
patch_drive_fraction,self,conf25,6,0.12424,0.146599,-0.0223593,-0.0235719,-0.0211468,0.84748,-27.3463,-38.3452,-16.3473,-25.2427,-47.3651,5.01233,7.66966e-08,,0,-2.80224,0.00507487,1,0.00274931
patch_drive_fraction,self,conf50,6,0.12424,0.174776,-0.0505365,-0.0520969,-0.0489761,0.71085,-48.0445,-67.2993,-28.7898,-44.3488,-83.2156,5.00745,4.637e-09,,0,-2.80224,0.00507487,1,0.00274931
patch_drive_fraction,self,conf75,6,0.12424,0.201977,-0.0777375,-0.0798402,-0.0756348,0.615118,-54.8541,-76.829,-32.8791,-50.6345,-95.0101,5.0041,2.41542e-09,,0,-2.80224,0.00507487,1,0.00274931
patch_drive_fraction,shuffle,randmat,6,0.124557,0.0695793,0.0549779,0.0549339,0.0550219,1.79015,1667.88,1000.6,2335.16,1539.58,2888.86,7.87018,5.36326e-25,,36,2.80224,0.00507487,-1,
patch_drive_fraction,shuffle,decorr,6,0.124557,0.228256,-0.103699,-0.106529,-0.100869,0.545691,-54.3714,-76.1534,-32.5893,-50.1889,-94.174,5.00227,2.54004e-09,,0,-2.80224,0.00507487,1,
patch_drive_fraction,shuffle,conf25,6,0.124557,0.146599,-0.022042,-0.0232546,-0.0208294,0.849644,-26.9581,-37.8026,-16.1136,-24.8844,-46.6928,5.01237,8.23742e-08,,0,-2.80224,0.00507487,1,
patch_drive_fraction,shuffle,conf50,6,0.124557,0.174776,-0.0502192,-0.0517796,-0.0486588,0.712666,-47.7428,-66.877,-28.6086,-44.0703,-82.693,5.00747,4.78517e-09,,0,-2.80224,0.00507487,1,
patch_drive_fraction,shuffle,conf75,6,0.124557,0.201977,-0.0774202,-0.0795229,-0.0753174,0.616689,-54.6301,-76.5156,-32.7447,-50.4278,-94.6222,5.00411,2.46525e-09,,0,-2.80224,0.00507487,1,
patch_drive_fraction,randmat,decorr,6,0.0695793,0.228256,-0.158677,-0.161507,-0.155846,0.30483,-83.2038,-116.511,-49.8967,-76.8035,-144.113,5.00072,3.04362e-10,,0,-2.80224,0.00507487,1,
patch_drive_fraction,randmat,conf25,6,0.0695793,0.146599,-0.0770199,-0.0782326,-0.0758072,0.474623,-94.2378,-131.957,-56.5185,-86.9887,-163.225,5.0039,1.61295e-10,,0,-2.80224,0.00507487,1,
patch_drive_fraction,randmat,conf50,6,0.0695793,0.174776,-0.105197,-0.106758,-0.103637,0.398105,-100.035,-140.073,-59.9975,-92.3402,-173.266,5.00236,1.20378e-10,,0,-2.80224,0.00507487,1,
patch_drive_fraction,randmat,conf75,6,0.0695793,0.201977,-0.132398,-0.134501,-0.130295,0.344491,-93.4374,-130.837,-56.0382,-86.2499,-161.838,5.0013,1.70034e-10,,0,-2.80224,0.00507487,1,
patch_drive_fraction,decorr,conf25,6,0.228256,0.146599,0.0816568,0.0788053,0.0845083,1.55701,39.3582,23.5713,55.1451,36.3307,68.1704,6.77615,7.23267e-11,,36,2.80224,0.00507487,-1,
patch_drive_fraction,decorr,conf50,6,0.228256,0.174776,0.0534797,0.0505662,0.0563931,1.30599,24.558,14.668,34.4481,22.669,42.5358,7.78291,1.68785e-10,,36,2.80224,0.00507487,-1,
patch_drive_fraction,decorr,conf75,6,0.228256,0.201977,0.0262787,0.0231876,0.0293698,1.13011,11.0611,6.49346,15.6288,10.2103,19.1585,9.23093,9.54748e-09,,36,2.80224,0.00507487,-1,
patch_drive_fraction,conf25,conf50,6,0.146599,0.174776,-0.0281772,-0.0299045,-0.0264498,0.838782,-21.1595,-29.7002,-12.6188,-19.5318,-36.6493,9.42527,1.73775e-11,,0,-2.80224,0.00507487,1,
patch_drive_fraction,conf25,conf75,6,0.146599,0.201977,-0.0553782,-0.057556,-0.0532003,0.72582,-33.8576,-47.4504,-20.2648,-31.2532,-58.6431,7.99471,8.05023e-12,,0,-2.80224,0.00507487,1,
patch_drive_fraction,conf50,conf75,6,0.174776,0.201977,-0.027201,-0.0294969,-0.0249051,0.865326,-15.4165,-21.6872,-9.14577,-14.2306,-26.7021,9.22562,4.7294e-10,,0,-2.80224,0.00507487,1,
patch_level_ratio,rest,flow,6,0,0.97675,-0.97675,-0.976794,-0.976706,0,-32930,-46104.5,-19755.5,-30396.9,-57036.4,5,3.14444e-23,,0,-2.99124,0.00277843,1,
patch_level_ratio,rest,self,6,0,0.425806,-0.425806,-0.425973,-0.425639,0,-3782.43,-5295.68,-2269.17,-3491.47,-6551.35,5,1.57271e-18,,0,-2.99124,0.00277843,1,0.00274931
patch_level_ratio,rest,shuffle,6,0,0.427049,-0.427049,-0.427217,-0.426881,0,-3777.2,-5288.37,-2266.03,-3486.65,-6542.3,5,1.58362e-18,,0,-2.99124,0.00277843,1,
patch_level_ratio,rest,randmat,6,0,0.461458,-0.461458,-0.461629,-0.461288,0,-4007.12,-5610.27,-2403.97,-3698.88,-6940.53,5,1.17853e-18,,0,-2.99124,0.00277843,1,
patch_level_ratio,rest,decorr,6,0,0.88778,-0.88778,-0.902097,-0.873462,0,-92.0243,-128.858,-55.1902,-84.9455,-159.391,5,1.84419e-10,,0,-2.99124,0.00277843,1,
patch_level_ratio,rest,conf25,6,0,0.515608,-0.515608,-0.520606,-0.510611,0,-153.115,-214.383,-91.8469,-141.337,-265.203,5,1.4466e-11,,0,-2.99124,0.00277843,1,
patch_level_ratio,rest,conf50,6,0,0.635703,-0.635703,-0.642589,-0.628818,0,-137.025,-191.857,-82.1929,-126.485,-237.334,5,2.52011e-11,,0,-2.99124,0.00277843,1,
patch_level_ratio,rest,conf75,6,0,0.759688,-0.759688,-0.769627,-0.74975,0,-113.445,-158.846,-68.0445,-104.719,-196.493,5,6.47807e-11,,0,-2.99124,0.00277843,1,
patch_level_ratio,flow,self,6,0.97675,0.425806,0.550944,0.550778,0.551111,2.29389,4732.51,2839.15,6625.88,4368.47,8196.95,5.6909,2.4099e-21,7.22971e-21,36,2.80224,0.00507487,-1,0.00274931
patch_level_ratio,flow,shuffle,6,0.97675,0.427049,0.549701,0.549534,0.549869,2.28721,4702.89,2821.38,6584.41,4341.13,8145.65,5.68504,2.61304e-21,,36,2.80224,0.00507487,-1,
patch_level_ratio,flow,randmat,6,0.97675,0.461458,0.515292,0.515121,0.515462,2.11666,4333.16,2599.56,6066.75,3999.84,7505.25,5.6605,5.01967e-21,,36,2.80224,0.00507487,-1,
patch_level_ratio,flow,decorr,6,0.97675,0.88778,0.0889703,0.0746526,0.103288,1.10022,9.22233,5.36307,13.0816,8.51292,15.9735,5.00009,1.75052e-05,,36,2.80224,0.00507487,-1,
patch_level_ratio,flow,conf25,6,0.97675,0.515608,0.461142,0.456144,0.466139,1.89436,136.935,82.139,191.731,126.402,237.179,5.00078,2.52005e-11,,36,2.80224,0.00507487,-1,
patch_level_ratio,flow,conf50,6,0.97675,0.635703,0.341047,0.334162,0.347932,1.53649,73.5107,44.0791,102.942,67.856,127.324,5.00041,5.66e-10,,36,2.80224,0.00507487,-1,
patch_level_ratio,flow,conf75,6,0.97675,0.759688,0.217062,0.207123,0.227,1.28572,32.4139,19.3966,45.4311,29.9205,56.1425,5.0002,3.38947e-08,,36,2.80224,0.00507487,-1,
patch_level_ratio,self,shuffle,6,0.425806,0.427049,-0.001243,-0.00144825,-0.00103775,0.997089,-7.79076,-11.1067,-4.47481,-7.19147,-13.494,9.99982,9.62336e-08,9.62336e-08,0,-2.80224,0.00507487,1,0.00274931
patch_level_ratio,self,randmat,6,0.425806,0.461458,-0.0356527,-0.0358598,-0.0354455,0.922739,-221.386,-309.965,-132.808,-204.356,-383.452,9.99485,3.66079e-22,,0,-2.80224,0.00507487,1,0.00274931
patch_level_ratio,self,decorr,6,0.425806,0.88778,-0.461974,-0.476291,-0.447656,0.47963,-47.8834,-67.0738,-28.693,-44.2001,-82.9365,5.00136,4.80843e-09,9.61686e-09,0,-2.80224,0.00507487,1,0.00274931
patch_level_ratio,self,conf25,6,0.425806,0.515608,-0.0898025,-0.0947997,-0.0848053,0.825832,-26.6528,-37.3759,-15.9298,-24.6026,-46.1641,5.01118,8.74763e-08,,0,-2.80224,0.00507487,1,0.00274931
patch_level_ratio,self,conf50,6,0.425806,0.635703,-0.209897,-0.216782,-0.203012,0.669819,-45.2298,-63.3605,-27.0991,-41.7506,-78.3403,5.00589,6.30338e-09,,0,-2.80224,0.00507487,1,0.00274931
patch_level_ratio,self,conf75,6,0.425806,0.759688,-0.333882,-0.343821,-0.323944,0.560501,-49.8521,-69.8288,-29.8754,-46.0173,-86.3464,5.00283,3.9127e-09,,0,-2.80224,0.00507487,1,0.00274931
patch_level_ratio,shuffle,randmat,6,0.427049,0.461458,-0.0344097,-0.0346173,-0.0342021,0.925433,-213.218,-298.529,-127.907,-196.817,-369.305,9.99661,5.28975e-22,,0,-2.80224,0.00507487,1,
patch_level_ratio,shuffle,decorr,6,0.427049,0.88778,-0.460731,-0.475048,-0.446413,0.48103,-47.7546,-66.8935,-28.6156,-44.0811,-82.7133,5.00137,4.87345e-09,,0,-2.80224,0.00507487,1,
patch_level_ratio,shuffle,conf25,6,0.427049,0.515608,-0.0885595,-0.0935567,-0.0835623,0.828243,-26.2838,-36.86,-15.7076,-24.262,-45.5249,5.01127,9.377e-08,,0,-2.80224,0.00507487,1,
patch_level_ratio,shuffle,conf50,6,0.427049,0.635703,-0.208654,-0.215539,-0.201769,0.671774,-44.9618,-62.9855,-26.9381,-41.5032,-77.8761,5.00594,6.49252e-09,,0,-2.80224,0.00507487,1,
patch_level_ratio,shuffle,conf75,6,0.427049,0.759688,-0.332639,-0.342578,-0.322701,0.562137,-49.6665,-69.569,-29.7639,-45.846,-86.0248,5.00285,3.98606e-09,,0,-2.80224,0.00507487,1,
patch_level_ratio,randmat,decorr,6,0.461458,0.88778,-0.426321,-0.440639,-0.412004,0.519789,-44.1879,-61.9026,-26.4732,-40.7888,-76.5357,5.00142,7.18219e-09,,0,-2.80224,0.00507487,1,
patch_level_ratio,randmat,conf25,6,0.461458,0.515608,-0.0541498,-0.059147,-0.0491527,0.894979,-16.0709,-22.5993,-9.54251,-14.8347,-27.8357,5.01169,1.09284e-06,,0,-2.80224,0.00507487,1,
patch_level_ratio,randmat,conf50,6,0.461458,0.635703,-0.174245,-0.18113,-0.16736,0.725902,-37.5466,-52.6107,-22.4826,-34.6584,-65.0327,5.00616,1.59817e-08,,0,-2.80224,0.00507487,1,
patch_level_ratio,randmat,conf75,6,0.461458,0.759688,-0.29823,-0.308168,-0.288291,0.607431,-44.5285,-62.3792,-26.6778,-41.1032,-77.1256,5.00296,6.87869e-09,,0,-2.80224,0.00507487,1,
patch_level_ratio,decorr,conf25,6,0.88778,0.515608,0.372171,0.357848,0.386494,1.72181,36.4229,21.8071,51.0387,33.6211,63.0863,6.2006,6.06103e-10,,36,2.80224,0.00507487,-1,
patch_level_ratio,decorr,conf50,6,0.88778,0.635703,0.252077,0.237542,0.266611,1.39653,23.548,14.0593,33.0367,21.7366,40.7864,7.19521,8.86482e-10,,36,2.80224,0.00507487,-1,
patch_level_ratio,decorr,conf75,6,0.88778,0.759688,0.128092,0.11273,0.143453,1.16861,10.9073,6.39924,15.4154,10.0683,18.8921,8.91044,1.70327e-08,,36,2.80224,0.00507487,-1,
patch_level_ratio,conf25,conf50,6,0.515608,0.635703,-0.120095,-0.127567,-0.112623,0.811083,-20.9493,-29.4067,-12.492,-19.3378,-36.2853,9.12389,3.52371e-11,,0,-2.80224,0.00507487,1,
patch_level_ratio,conf25,conf75,6,0.515608,0.759688,-0.24408,-0.254208,-0.233952,0.67871,-32.5634,-45.6402,-19.4865,-30.0585,-56.4014,7.37678,5.39725e-11,,0,-2.80224,0.00507487,1,
patch_level_ratio,conf50,conf75,6,0.635703,0.759688,-0.123985,-0.134643,-0.113327,0.836795,-15.2193,-21.4124,-9.02616,-14.0486,-26.3606,8.90101,9.33794e-10,,0,-2.80224,0.00507487,1,
anat_gain_integral,rest,flow,6,0,0.0207035,-0.0207035,-0.0326226,-0.00878439,0,-2.57793,-4.10901,-1.04685,-2.37963,-4.4651,5,0.00660916,,0,-2.99124,0.00277843,1,
anat_gain_integral,rest,self,6,0,0.0357769,-0.0357769,-0.0578188,-0.0137349,0,-2.40893,-3.8953,-0.922553,-2.22363,-4.17238,5,0.00871891,,0,-2.99124,0.00277843,1,0.00274931
anat_gain_integral,rest,shuffle,6,0,1.10098,-1.10098,-2.84282,0.640866,0,-0.93808,-2.13028,0.254119,-0.86592,-1.6248,5,0.165133,,0,-2.99124,0.00277843,1,
anat_gain_integral,rest,randmat,6,0,0.0332852,-0.0332852,-0.0644656,-0.00210482,0,-1.58431,-2.88133,-0.287297,-1.46244,-2.74411,5,0.0405934,,0,-2.99124,0.00277843,1,
anat_gain_integral,rest,decorr,6,0,0.411581,-0.411581,-1.31267,0.489513,0,-0.677885,-1.84152,0.485747,-0.62574,-1.17413,5,0.293216,,0,-2.99124,0.00277843,1,
anat_gain_integral,rest,conf25,6,0,0.0420401,-0.0420401,-0.0669599,-0.0171203,0,-2.50375,-4.01499,-0.992501,-2.31115,-4.33662,5,0.00745265,,0,-2.99124,0.00277843,1,
anat_gain_integral,rest,conf50,6,0,0.0248637,-0.0248637,-0.0405443,-0.00918306,0,-2.35328,-3.82531,-0.881241,-2.17225,-4.07599,5,0.00957743,,0,-2.99124,0.00277843,1,
anat_gain_integral,rest,conf75,6,0,0.048234,-0.048234,-0.0867182,-0.00974988,0,-1.86013,-3.21449,-0.50576,-1.71704,-3.22183,5,0.0234178,,0,-2.99124,0.00277843,1,
anat_gain_integral,flow,self,6,0.0207035,0.0357769,-0.0150734,-0.0377091,0.00756237,0.578684,-0.892754,-2.07937,0.293861,-0.824081,-1.5463,7.69375,0.162109,0.486328,8,-1.52122,0.128205,0.555556,0.148963
anat_gain_integral,flow,shuffle,6,0.0207035,1.10098,-1.08027,-2.8221,0.661561,0.0188047,-0.920418,-2.11041,0.269576,-0.849617,-1.59421,5.00047,0.171766,,11,-1.04083,0.297953,0.388889,
anat_gain_integral,flow,randmat,6,0.0207035,0.0332852,-0.0125817,-0.0438479,0.0186844,0.622002,-0.559389,-1.71289,0.594116,-0.516359,-0.96889,6.4307,0.367617,,16,-0.240192,0.810181,0.111111,
anat_gain_integral,flow,decorr,6,0.0207035,0.411581,-0.390877,-1.29195,0.5102,0.0503024,-0.643729,-1.80425,0.516793,-0.594212,-1.11497,5.00175,0.315548,,6,-1.84147,0.0655522,0.666667,
anat_gain_integral,flow,conf25,6,0.0207035,0.0420401,-0.0213366,-0.0466226,0.00394934,0.49247,-1.14635,-2.36734,0.0746435,-1.05817,-1.98554,7.17392,0.0864708,,8,-1.52122,0.128205,0.555556,
anat_gain_integral,flow,conf50,6,0.0207035,0.0248637,-0.00416021,-0.0213999,0.0130795,0.832679,-0.313473,-1.45199,0.825042,-0.289359,-0.542951,9.33172,0.599891,,15,-0.40032,0.688921,0.166667,
anat_gain_integral,flow,conf75,6,0.0207035,0.048234,-0.0275305,-0.0659574,0.0108964,0.42923,-1.01418,-2.21631,0.187954,-0.936163,-1.7566,5.95049,0.129913,,10,-1.20096,0.229766,0.444444,
anat_gain_integral,self,shuffle,6,0.0357769,1.10098,-1.0652,-2.80701,0.676614,0.0324956,-0.907524,-2.09593,0.280884,-0.837714,-1.57188,5.0016,0.176765,0.486328,13,-0.720577,0.47117,0.277778,0.156461
anat_gain_integral,self,randmat,6,0.0357769,0.0332852,0.00249163,-0.0311122,0.0360955,1.07486,0.0968425,-1.03541,1.22909,0.0893931,0.167736,8.9987,0.8705,,18,-0.0800641,0.936186,0,0.863034
anat_gain_integral,self,decorr,6,0.0357769,0.411581,-0.375804,-1.27684,0.525235,0.0869255,-0.618774,-1.77712,0.539574,-0.571176,-1.07175,5.00598,0.33276,0.486328,15,-0.40032,0.688921,0.166667,0.331667
anat_gain_integral,self,conf25,6,0.0357769,0.0420401,-0.00626327,-0.0351589,0.0226323,0.851017,-0.279402,-1.4165,0.857691,-0.257909,-0.483938,9.8531,0.639005,,13,-0.720577,0.47117,0.277778,0.643589
anat_gain_integral,self,conf50,6,0.0357769,0.0248637,0.0109132,-0.0128801,0.0347064,1.43892,0.598751,-0.557912,1.75541,0.552693,1.03707,9.02898,0.32668,,25,1.04083,0.297953,-0.388889,0.328168
anat_gain_integral,self,conf75,6,0.0357769,0.048234,-0.0124572,-0.0522753,0.0273609,0.741735,-0.416871,-1.56068,0.726939,-0.384804,-0.722042,7.96174,0.490928,,14,-0.560449,0.575174,0.222222,0.491127
anat_gain_integral,shuffle,randmat,6,1.10098,0.0332852,1.06769,-0.674095,2.80947,33.077,0.909574,-0.279085,2.09823,0.839606,1.57543,5.0032,0.17594,,25,1.04083,0.297953,-0.388889,
anat_gain_integral,shuffle,decorr,6,1.10098,0.411581,0.689394,-1.09062,2.46941,2.67499,0.521717,-0.628958,1.67239,0.481585,0.903641,7.49736,0.394293,,20,0.240192,0.810181,-0.111111,
anat_gain_integral,shuffle,conf25,6,1.10098,0.0420401,1.05894,-0.68287,2.80074,26.1887,0.902168,-0.285587,2.08992,0.83277,1.5626,5.00205,0.178884,,22,0.560449,0.575174,-0.222222,
anat_gain_integral,shuffle,conf50,6,1.10098,0.0248637,1.07611,-0.665715,2.81794,44.2804,0.916858,-0.272696,2.10641,0.84633,1.58804,5.00081,0.173132,,27,1.36109,0.173485,-0.5,
anat_gain_integral,shuffle,conf75,6,1.10098,0.048234,1.05274,-0.689014,2.7945,22.8257,0.896764,-0.290336,2.08386,0.827782,1.55324,5.00488,0.181019,,23,0.720577,0.47117,-0.277778,
anat_gain_integral,randmat,decorr,6,0.0332852,0.411581,-0.378296,-1.27928,0.52269,0.0808717,-0.622691,-1.78137,0.535993,-0.574791,-1.07853,5.01197,0.329945,,12,-0.880705,0.378478,0.333333,
anat_gain_integral,randmat,conf25,6,0.0332852,0.0420401,-0.0087549,-0.0435819,0.0260721,0.791749,-0.325526,-1.46458,0.81353,-0.300485,-0.563827,9.53655,0.585885,,13,-0.720577,0.47117,0.277778,
anat_gain_integral,randmat,conf50,6,0.0332852,0.0248637,0.00842152,-0.0233538,0.0401968,1.33871,0.358113,-0.782507,1.49873,0.330566,0.62027,7.37705,0.553752,,19,0.0800641,0.936186,-0.0555556,
anat_gain_integral,randmat,conf75,6,0.0332852,0.048234,-0.0149488,-0.0581325,0.0282349,0.690078,-0.447926,-1.59361,0.697762,-0.41347,-0.775831,9.58758,0.45656,,12,-0.880705,0.378478,0.333333,
anat_gain_integral,decorr,conf25,6,0.411581,0.0420401,0.369541,-0.531483,1.27056,9.79019,0.608411,-0.549058,1.76588,0.56161,1.0538,5.00765,0.340143,,19,0.0800641,0.936186,-0.0555556,
anat_gain_integral,decorr,conf50,6,0.411581,0.0248637,0.386717,-0.514349,1.28778,16.5535,0.636837,-0.523077,1.79675,0.58785,1.10303,5.00303,0.320222,,25,1.04083,0.297953,-0.388889,
anat_gain_integral,decorr,conf75,6,0.411581,0.048234,0.363347,-0.537583,1.26428,8.533,0.597897,-0.558695,1.75449,0.551905,1.03559,5.01824,0.347696,,21,0.40032,0.688921,-0.166667,
anat_gain_integral,conf25,conf50,6,0.0420401,0.0248637,0.0171764,-0.00900692,0.0433598,1.69082,0.865814,-0.317602,2.04923,0.799213,1.49963,8.42287,0.170224,,26,1.20096,0.229766,-0.444444,
anat_gain_integral,conf25,conf75,6,0.0420401,0.048234,-0.00619389,-0.0468545,0.0344668,0.871587,-0.200501,-1.33493,0.933925,-0.185077,-0.347277,8.56604,0.736762,,16,-0.240192,0.810181,0.111111,
anat_gain_integral,conf50,conf75,6,0.0248637,0.048234,-0.0233703,-0.0620517,0.0153111,0.515481,-0.834642,-2.01447,0.345184,-0.770439,-1.44564,6.61568,0.193931,,11,-1.04083,0.297953,0.388889,
anat_resid_deg,flow,self,6,34.2223,35.4126,-1.19033,-7.20622,4.82555,0.966387,-0.260219,-1.39658,0.876145,-0.240202,-0.450713,8.60982,0.663332,0.793934,16,-0.240192,0.810181,0.111111,0.668333
anat_resid_deg,flow,shuffle,6,34.2223,105.601,-71.3786,-193.667,50.9095,0.324072,-0.865154,-2.04849,0.318185,-0.798603,-1.49849,5.02159,0.194034,,8,-1.52122,0.128205,0.555556,
anat_resid_deg,flow,randmat,6,34.2223,31.5447,2.6776,-2.99662,8.35182,1.08488,0.668905,-0.493894,1.8317,0.617451,1.15858,5.91759,0.291237,,25,1.04083,0.297953,-0.388889,
anat_resid_deg,flow,decorr,6,34.2223,72.8847,-38.6624,-142.619,65.2939,0.46954,-0.550977,-1.70383,0.601879,-0.508594,-0.954321,5.02987,0.383501,,16,-0.240192,0.810181,0.111111,
anat_resid_deg,flow,conf25,6,34.2223,30.8494,3.37287,-4.31663,11.0624,1.10933,0.566546,-0.587517,1.72061,0.522965,0.981286,9.71139,0.350265,,25,1.04083,0.297953,-0.388889,
anat_resid_deg,flow,conf50,6,34.2223,30.8484,3.37382,-3.0644,9.81203,1.10937,0.677147,-0.486416,1.84071,0.625059,1.17285,9.6807,0.268906,,24,0.880705,0.378478,-0.333333,
anat_resid_deg,flow,conf75,6,34.2223,36.4176,-2.19532,-8.26333,3.87269,0.939718,-0.474093,-1.62146,0.673279,-0.437624,-0.821153,8.80729,0.433223,,15,-0.40032,0.688921,0.166667,
anat_resid_deg,self,shuffle,6,35.4126,105.601,-70.1882,-192.491,52.1147,0.335344,-0.851252,-2.03298,0.330472,-0.785771,-1.47441,5.00921,0.200274,0.600821,9,-1.36109,0.173485,0.5,0.067983
anat_resid_deg,self,randmat,6,35.4126,31.5447,3.86793,0.108129,7.62774,1.12262,1.40161,0.138706,2.66451,1.29379,2.42766,7.07137,0.0452327,,30,1.84147,0.0655522,-0.666667,0.0387403
anat_resid_deg,self,decorr,6,35.4126,72.8847,-37.4721,-141.446,66.5015,0.485872,-0.53447,-1.68608,0.617141,-0.493357,-0.92573,5.01275,0.396967,0.793934,18,-0.0800641,0.936186,0,0.726568
anat_resid_deg,self,conf25,6,35.4126,30.8494,4.5632,-2.39644,11.5228,1.14792,0.877624,-0.307184,2.06243,0.810114,1.52009,7.76163,0.168123,,27,1.36109,0.173485,-0.5,0.157961
anat_resid_deg,self,conf50,6,35.4126,30.8484,4.56415,-0.688159,9.81646,1.14795,1.12648,-0.0915501,2.34451,1.03983,1.95112,9.46585,0.081234,,30,1.84147,0.0655522,-0.666667,0.0709823
anat_resid_deg,self,conf75,6,35.4126,36.4176,-1.00498,-5.65028,3.64031,0.972404,-0.278368,-1.41542,0.858685,-0.256955,-0.482148,9.98426,0.640096,,17,-0.0800641,0.936186,0.0555556,0.636091
anat_resid_deg,shuffle,randmat,6,105.601,31.5447,74.0562,-48.2556,196.368,3.34766,0.898487,-0.288821,2.08579,0.829372,1.55622,5.002,0.180358,,31,2.0016,0.0453276,-0.722222,
anat_resid_deg,shuffle,decorr,6,105.601,72.8847,32.7162,-106.93,172.362,1.44888,0.302442,-0.835595,1.44048,0.279177,0.523845,9.74759,0.612088,,25,1.04083,0.297953,-0.388889,
anat_resid_deg,shuffle,conf25,6,105.601,30.8494,74.7514,-47.526,197.029,3.42311,0.905629,-0.282547,2.0938,0.835965,1.56859,5.03059,0.17718,,32,2.16173,0.030639,-0.777778,
anat_resid_deg,shuffle,conf50,6,105.601,30.8484,74.7524,-47.5436,197.048,3.42321,0.906347,-0.281917,2.09461,0.836628,1.56984,5.01496,0.177075,,33,2.32186,0.0202406,-0.833333,
anat_resid_deg,shuffle,conf75,6,105.601,36.4176,69.1833,-53.1187,191.485,2.89972,0.839031,-0.341293,2.01936,0.774491,1.45325,5.00998,0.205778,,26,1.20096,0.229766,-0.444444,
anat_resid_deg,randmat,decorr,6,31.5447,72.8847,-41.34,-145.324,62.6439,0.432802,-0.589934,-1.74587,0.566004,-0.544554,-1.02179,5.00276,0.353721,,11,-1.04083,0.297953,0.388889,
anat_resid_deg,randmat,conf25,6,31.5447,30.8494,0.695267,-6.05204,7.44258,1.02254,0.147783,-0.985346,1.28091,0.136415,0.255967,5.65051,0.807038,,19,0.0800641,0.936186,-0.0555556,
anat_resid_deg,randmat,conf50,6,31.5447,30.8484,0.696217,-4.04075,5.43318,1.02257,0.205167,-0.929392,1.33973,0.189385,0.35536,6.31276,0.733894,,25,1.04083,0.297953,-0.388889,
anat_resid_deg,randmat,conf75,6,31.5447,36.4176,-4.87292,-8.77476,-0.97107,0.866193,-1.70869,-3.03073,-0.386644,-1.57725,-2.95954,6.9259,0.0213795,,4,-2.16173,0.030639,0.777778,
anat_resid_deg,decorr,conf25,6,72.8847,30.8494,42.0353,-61.9088,145.979,2.3626,0.598673,-0.557984,1.75533,0.552621,1.03693,5.04232,0.346913,,24,0.880705,0.378478,-0.333333,
anat_resid_deg,decorr,conf50,6,72.8847,30.8484,42.0362,-61.9292,146.002,2.36267,0.599332,-0.557379,1.75604,0.553229,1.03807,5.02069,0.346622,,26,1.20096,0.229766,-0.444444,
anat_resid_deg,decorr,conf75,6,72.8847,36.4176,36.4671,-67.5054,140.44,2.00136,0.520109,-0.63045,1.67067,0.4801,0.900855,5.0138,0.40885,,18,-0.0800641,0.936186,0,
anat_resid_deg,conf25,conf50,6,30.8494,30.8484,0.00095,-7.26987,7.27177,1.00003,0.000170806,-1.13141,1.13176,0.000157667,0.000295845,8.94593,0.99977,,16,-0.240192,0.810181,0.111111,
anat_resid_deg,conf25,conf75,6,30.8494,36.4176,-5.56818,-12.5646,1.42822,0.847102,-1.06081,-2.26936,0.147749,-0.979205,-1.83737,7.94774,0.103706,,9,-1.36109,0.173485,0.5,
anat_resid_deg,conf50,conf75,6,30.8484,36.4176,-5.56913,-10.8916,-0.246696,0.847076,-1.35336,-2.60781,-0.0989048,-1.24925,-2.34408,9.61637,0.042009,,6,-1.84147,0.0655522,0.666667,
anat_gain_yaw,rest,flow,6,0,0.0982476,-0.0982476,-0.177579,-0.0189163,0,-1.83801,-3.18754,-0.488486,-1.69663,-3.18353,5,0.0244414,,0,-2.99124,0.00277843,1,
anat_gain_yaw,rest,self,6,0,0.0552654,-0.0552654,-0.133036,0.0225048,0,-1.05466,-2.26235,0.153037,-0.973528,-1.82672,5,0.127304,,0,-2.99124,0.00277843,1,0.00274931
anat_gain_yaw,rest,shuffle,6,0,3.01169,-3.01169,-8.1736,2.15021,0,-0.865908,-2.04933,0.317519,-0.7993,-1.4998,5,0.193954,,0,-2.99124,0.00277843,1,
anat_gain_yaw,rest,randmat,6,0,0.0753808,-0.0753808,-0.113444,-0.0373172,0,-2.93915,-4.57108,-1.30722,-2.71306,-5.09076,5,0.00379971,,0,-2.99124,0.00277843,1,
anat_gain_yaw,rest,decorr,6,0,1.42908,-1.42908,-5.01969,2.16153,0,-0.590688,-1.74669,0.565311,-0.545251,-1.0231,5,0.353184,,0,-2.99124,0.00277843,1,
anat_gain_yaw,rest,conf25,6,0,0.0729906,-0.0729906,-0.128405,-0.017576,0,-1.95485,-3.33041,-0.579298,-1.80448,-3.3859,5,0.0195482,,0,-2.99124,0.00277843,1,
anat_gain_yaw,rest,conf50,6,0,0.0663894,-0.0663894,-0.123089,-0.00969019,0,-1.73777,-3.06587,-0.409672,-1.6041,-3.00991,5,0.0297588,,0,-2.99124,0.00277843,1,
anat_gain_yaw,rest,conf75,6,0,0.141576,-0.141576,-0.209582,-0.0735705,0,-3.08969,-4.76553,-1.41384,-2.85202,-5.3515,5,0.00306044,,0,-2.99124,0.00277843,1,
anat_gain_yaw,flow,self,6,0.0982476,0.0552654,0.0429822,-0.0533166,0.139281,1.77774,0.574212,-0.580457,1.72888,0.530042,0.994565,9.99605,0.343413,0.686826,23,0.720577,0.47117,-0.277778,0.334666
anat_gain_yaw,flow,shuffle,6,0.0982476,3.01169,-2.91345,-8.07523,2.24833,0.032622,-0.837561,-2.01772,0.342596,-0.773133,-1.4507,5.00236,0.206537,,10,-1.20096,0.229766,0.444444,
anat_gain_yaw,flow,randmat,6,0.0982476,0.0753808,0.0228667,-0.0576503,0.103384,1.30335,0.385691,-0.756367,1.52775,0.356023,0.668037,7.18627,0.524978,,22,0.560449,0.575174,-0.222222,
anat_gain_yaw,flow,decorr,6,0.0982476,1.42908,-1.33083,-4.92127,2.2596,0.0687489,-0.549945,-1.70272,0.602832,-0.507642,-0.952533,5.00488,0.38453,,20,0.240192,0.810181,-0.111111,
anat_gain_yaw,flow,conf25,6,0.0982476,0.0729906,0.0252569,-0.0599871,0.110501,1.34603,0.387361,-0.754788,1.52951,0.357564,0.670928,8.94104,0.51922,,20,0.240192,0.810181,-0.111111,
anat_gain_yaw,flow,conf50,6,0.0982476,0.0663894,0.0318582,-0.0538788,0.117595,1.47987,0.484888,-0.663206,1.63298,0.447589,0.83985,9.0511,0.422621,,21,0.40032,0.688921,-0.166667,
anat_gain_yaw,flow,conf75,6,0.0982476,0.141576,-0.0433289,-0.134187,0.0475294,0.693954,-0.61542,-1.77348,0.542642,-0.56808,-1.06594,9.77176,0.31208,,13,-0.720577,0.47117,0.277778,
anat_gain_yaw,self,shuffle,6,0.0552654,3.01169,-2.95643,-8.11821,2.20536,0.0183503,-0.849922,-2.03149,0.331649,-0.784543,-1.47211,5.00227,0.200945,0.602836,5,-2.0016,0.0453276,0.722222,0.0602349
anat_gain_yaw,self,randmat,6,0.0552654,0.0753808,-0.0201155,-0.0991774,0.0589465,0.733149,-0.344791,-1.48475,0.795171,-0.318269,-0.597196,7.26548,0.568514,,11,-1.04083,0.297953,0.388889,0.579605
anat_gain_yaw,self,decorr,6,0.0552654,1.42908,-1.37381,-4.96426,2.21663,0.038672,-0.567712,-1.72187,0.586443,-0.524042,-0.983306,5.00469,0.370573,0.686826,13,-0.720577,0.47117,0.277778,0.644839
anat_gain_yaw,self,conf25,6,0.0552654,0.0729906,-0.0177252,-0.101709,0.0662587,0.757157,-0.27548,-1.41242,0.86146,-0.254289,-0.477145,9.03662,0.644587,,12,-0.880705,0.378478,0.333333,0.633092
anat_gain_yaw,self,conf50,6,0.0552654,0.0663894,-0.011124,-0.0956174,0.0733694,0.832443,-0.171537,-1.3052,0.962128,-0.158341,-0.29711,9.1444,0.773021,,12,-0.880705,0.378478,0.333333,0.757311
anat_gain_yaw,self,conf75,6,0.0552654,0.141576,-0.086311,-0.176075,0.00345299,0.390357,-1.23992,-2.47546,-0.004378,-1.14454,-2.1476,9.82525,0.0577706,,6,-1.84147,0.0655522,0.666667,0.0687328
anat_gain_yaw,shuffle,randmat,6,3.01169,0.0753808,2.93631,-2.22556,8.09819,39.953,0.844212,-0.336703,2.02513,0.779272,1.46222,5.00054,0.20353,,29,1.68135,0.0926958,-0.611111,
anat_gain_yaw,shuffle,decorr,6,3.01169,1.42908,1.58261,-3.95836,7.12359,2.10744,0.373542,-0.767869,1.51495,0.344808,0.646994,8.92067,0.533928,,26,1.20096,0.229766,-0.444444,
anat_gain_yaw,shuffle,conf25,6,3.01169,0.0729906,2.9387,-2.22314,8.10055,41.2614,0.844873,-0.336118,2.02586,0.779883,1.46336,5.00115,0.203224,,27,1.36109,0.173485,-0.5,
anat_gain_yaw,shuffle,conf50,6,3.01169,0.0663894,2.9453,-2.21654,8.10715,45.3641,0.846769,-0.334439,2.02798,0.781633,1.46665,5.00121,0.20237,,27,1.36109,0.173485,-0.5,
anat_gain_yaw,shuffle,conf75,6,3.01169,0.141576,2.87012,-2.2917,8.03193,21.2726,0.825131,-0.353624,2.00389,0.761659,1.42917,5.00174,0.212317,,22,0.560449,0.575174,-0.222222,
anat_gain_yaw,randmat,decorr,6,0.0753808,1.42908,-1.3537,-4.94427,2.23687,0.0527478,-0.559499,-1.71301,0.594013,-0.516461,-0.969081,5.00112,0.377003,,26,1.20096,0.229766,-0.444444,
anat_gain_yaw,randmat,conf25,6,0.0753808,0.0729906,0.00239023,-0.0569154,0.0616959,1.03275,0.0527668,-1.07902,1.18455,0.0487078,0.0913947,8.85909,0.929212,,21,0.40032,0.688921,-0.166667,
anat_gain_yaw,randmat,conf50,6,0.0753808,0.0663894,0.00899145,-0.0513729,0.0693558,1.13544,0.195406,-0.938877,1.32969,0.180375,0.338453,8.74594,0.743005,,21,0.40032,0.688921,-0.166667,
anat_gain_yaw,randmat,conf75,6,0.0753808,0.141576,-0.0661956,-0.136337,0.00394551,0.532439,-1.26059,-2.49948,-0.0217073,-1.16362,-2.18341,7.85278,0.0611636,,7,-1.68135,0.0926958,0.611111,
anat_gain_yaw,decorr,conf25,6,1.42908,0.0729906,1.35609,-2.23444,4.94662,19.5789,0.560452,-0.593135,1.71404,0.51734,0.970732,5.00238,0.376246,,16,-0.240192,0.810181,0.111111,
anat_gain_yaw,decorr,conf50,6,1.42908,0.0663894,1.36269,-2.22783,4.95321,21.5257,0.563177,-0.590622,1.71698,0.519856,0.975451,5.00249,0.374115,,14,-0.560449,0.575174,0.222222,
anat_gain_yaw,decorr,conf75,6,1.42908,0.141576,1.2875,-2.30298,4.87799,10.094,0.532075,-0.619359,1.68351,0.491146,0.92158,5.00359,0.399005,,7,-1.68135,0.0926958,0.611111,
anat_gain_yaw,conf25,conf50,6,0.0729906,0.0663894,0.00660122,-0.0621237,0.0753261,1.09943,0.123573,-1.00909,1.25624,0.114067,0.214034,9.99475,0.834824,,20,0.240192,0.810181,-0.111111,
anat_gain_yaw,conf25,conf75,6,0.0729906,0.141576,-0.0685858,-0.145046,0.00787476,0.515556,-1.16034,-2.38344,0.0627691,-1.07108,-2.00976,9.60819,0.0733598,,6,-1.84147,0.0655522,0.666667,
anat_gain_yaw,conf50,conf75,6,0.0663894,0.141576,-0.075187,-0.152271,0.00189724,0.46893,-1.26028,-2.49911,-0.0214437,-1.16333,-2.18287,9.68665,0.0548327,,6,-1.84147,0.0655522,0.666667,
turned_deg,rest,flow,6,0,-60.8036,60.8036,60.6528,60.9544,-0,598.446,359.02,837.873,552.412,1036.54,5,1.58624e-14,,36,2.99124,0.00277843,-1,
turned_deg,rest,self,6,0,-60.8036,60.8036,60.6528,60.9544,-0,598.446,359.02,837.873,552.412,1036.54,5,1.58624e-14,,36,2.99124,0.00277843,-1,0.00274931
turned_deg,rest,shuffle,6,0,-60.8036,60.8036,60.6528,60.9544,-0,598.446,359.02,837.873,552.412,1036.54,5,1.58624e-14,,36,2.99124,0.00277843,-1,
turned_deg,rest,randmat,6,0,-60.8036,60.8036,60.6528,60.9544,-0,598.446,359.02,837.873,552.412,1036.54,5,1.58624e-14,,36,2.99124,0.00277843,-1,
turned_deg,rest,decorr,6,0,-60.8036,60.8036,60.6528,60.9544,-0,598.446,359.02,837.873,552.412,1036.54,5,1.58624e-14,,36,2.99124,0.00277843,-1,
turned_deg,rest,conf25,6,0,-60.8036,60.8036,60.6528,60.9544,-0,598.446,359.02,837.873,552.412,1036.54,5,1.58624e-14,,36,2.99124,0.00277843,-1,
turned_deg,rest,conf50,6,0,-60.8036,60.8036,60.6528,60.9544,-0,598.446,359.02,837.873,552.412,1036.54,5,1.58624e-14,,36,2.99124,0.00277843,-1,
turned_deg,rest,conf75,6,0,-60.8036,60.8036,60.6528,60.9544,-0,598.446,359.02,837.873,552.412,1036.54,5,1.58624e-14,,36,2.99124,0.00277843,-1,
turned_deg,flow,self,6,-60.8036,-60.8036,0,-0.184842,0.184842,1,0,-1.13159,1.13159,0,0,10,1,1,18,-0.0809174,0.935508,0,1
turned_deg,flow,shuffle,6,-60.8036,-60.8036,0,-0.184842,0.184842,1,0,-1.13159,1.13159,0,0,10,1,,18,-0.0809174,0.935508,0,
turned_deg,flow,randmat,6,-60.8036,-60.8036,0,-0.184842,0.184842,1,0,-1.13159,1.13159,0,0,10,1,,18,-0.0809174,0.935508,0,
turned_deg,flow,decorr,6,-60.8036,-60.8036,0,-0.184842,0.184842,1,0,-1.13159,1.13159,0,0,10,1,,18,-0.0809174,0.935508,0,
turned_deg,flow,conf25,6,-60.8036,-60.8036,0,-0.184842,0.184842,1,0,-1.13159,1.13159,0,0,10,1,,18,-0.0809174,0.935508,0,
turned_deg,flow,conf50,6,-60.8036,-60.8036,0,-0.184842,0.184842,1,0,-1.13159,1.13159,0,0,10,1,,18,-0.0809174,0.935508,0,
turned_deg,flow,conf75,6,-60.8036,-60.8036,0,-0.184842,0.184842,1,0,-1.13159,1.13159,0,0,10,1,,18,-0.0809174,0.935508,0,
turned_deg,self,shuffle,6,-60.8036,-60.8036,0,-0.184842,0.184842,1,0,-1.13159,1.13159,0,0,10,1,1,18,-0.0809174,0.935508,0,1
turned_deg,self,randmat,6,-60.8036,-60.8036,0,-0.184842,0.184842,1,0,-1.13159,1.13159,0,0,10,1,,18,-0.0809174,0.935508,0,1
turned_deg,self,decorr,6,-60.8036,-60.8036,0,-0.184842,0.184842,1,0,-1.13159,1.13159,0,0,10,1,1,18,-0.0809174,0.935508,0,1
turned_deg,self,conf25,6,-60.8036,-60.8036,0,-0.184842,0.184842,1,0,-1.13159,1.13159,0,0,10,1,,18,-0.0809174,0.935508,0,1
turned_deg,self,conf50,6,-60.8036,-60.8036,0,-0.184842,0.184842,1,0,-1.13159,1.13159,0,0,10,1,,18,-0.0809174,0.935508,0,1
turned_deg,self,conf75,6,-60.8036,-60.8036,0,-0.184842,0.184842,1,0,-1.13159,1.13159,0,0,10,1,,18,-0.0809174,0.935508,0,1
turned_deg,shuffle,randmat,6,-60.8036,-60.8036,0,-0.184842,0.184842,1,0,-1.13159,1.13159,0,0,10,1,,18,-0.0809174,0.935508,0,
turned_deg,shuffle,decorr,6,-60.8036,-60.8036,0,-0.184842,0.184842,1,0,-1.13159,1.13159,0,0,10,1,,18,-0.0809174,0.935508,0,
turned_deg,shuffle,conf25,6,-60.8036,-60.8036,0,-0.184842,0.184842,1,0,-1.13159,1.13159,0,0,10,1,,18,-0.0809174,0.935508,0,
turned_deg,shuffle,conf50,6,-60.8036,-60.8036,0,-0.184842,0.184842,1,0,-1.13159,1.13159,0,0,10,1,,18,-0.0809174,0.935508,0,
turned_deg,shuffle,conf75,6,-60.8036,-60.8036,0,-0.184842,0.184842,1,0,-1.13159,1.13159,0,0,10,1,,18,-0.0809174,0.935508,0,
turned_deg,randmat,decorr,6,-60.8036,-60.8036,0,-0.184842,0.184842,1,0,-1.13159,1.13159,0,0,10,1,,18,-0.0809174,0.935508,0,
turned_deg,randmat,conf25,6,-60.8036,-60.8036,0,-0.184842,0.184842,1,0,-1.13159,1.13159,0,0,10,1,,18,-0.0809174,0.935508,0,
turned_deg,randmat,conf50,6,-60.8036,-60.8036,0,-0.184842,0.184842,1,0,-1.13159,1.13159,0,0,10,1,,18,-0.0809174,0.935508,0,
turned_deg,randmat,conf75,6,-60.8036,-60.8036,0,-0.184842,0.184842,1,0,-1.13159,1.13159,0,0,10,1,,18,-0.0809174,0.935508,0,
turned_deg,decorr,conf25,6,-60.8036,-60.8036,0,-0.184842,0.184842,1,0,-1.13159,1.13159,0,0,10,1,,18,-0.0809174,0.935508,0,
turned_deg,decorr,conf50,6,-60.8036,-60.8036,0,-0.184842,0.184842,1,0,-1.13159,1.13159,0,0,10,1,,18,-0.0809174,0.935508,0,
turned_deg,decorr,conf75,6,-60.8036,-60.8036,0,-0.184842,0.184842,1,0,-1.13159,1.13159,0,0,10,1,,18,-0.0809174,0.935508,0,
turned_deg,conf25,conf50,6,-60.8036,-60.8036,0,-0.184842,0.184842,1,0,-1.13159,1.13159,0,0,10,1,,18,-0.0809174,0.935508,0,
turned_deg,conf25,conf75,6,-60.8036,-60.8036,0,-0.184842,0.184842,1,0,-1.13159,1.13159,0,0,10,1,,18,-0.0809174,0.935508,0,
turned_deg,conf50,conf75,6,-60.8036,-60.8036,0,-0.184842,0.184842,1,0,-1.13159,1.13159,0,0,10,1,,18,-0.0809174,0.935508,0,
ring_pc12_var,rest,flow,6,0.298106,0.329171,-0.0310652,-0.0664168,0.00428651,0.905626,-1.14532,-2.36616,0.0755158,-1.05722,-1.98376,9.12381,0.0781504,,6,-1.84147,0.0655522,0.666667,
ring_pc12_var,rest,self,6,0.298106,0.331801,-0.0336952,-0.0752139,0.00782359,0.898448,-1.04478,-2.25109,0.161541,-0.964409,-1.80961,9.94624,0.100629,,8,-1.52122,0.128205,0.555556,0.113472
ring_pc12_var,rest,shuffle,6,0.298106,0.320329,-0.0222232,-0.0585657,0.0141194,0.930624,-0.792016,-1.96713,0.383097,-0.731091,-1.37181,9.5222,0.201575,,10,-1.20096,0.229766,0.444444,
ring_pc12_var,rest,randmat,6,0.298106,0.337961,-0.0398552,-0.0788152,-0.000895138,0.882072,-1.31644,-2.56459,-0.0682953,-1.21518,-2.28015,9.97366,0.0458398,,5,-2.0016,0.0453276,0.722222,
ring_pc12_var,rest,decorr,6,0.298106,0.342232,-0.0441257,-0.0837843,-0.004467,0.871065,-1.43135,-2.69958,-0.163119,-1.32125,-2.47917,9.99804,0.0325932,,5,-2.0016,0.0453276,0.722222,
ring_pc12_var,rest,conf25,6,0.298106,0.328441,-0.0303352,-0.0773234,0.016653,0.907639,-0.838406,-2.01866,0.341847,-0.773913,-1.45216,9.34896,0.179176,,10,-1.20096,0.229766,0.444444,
ring_pc12_var,rest,conf50,6,0.298106,0.3374,-0.0392942,-0.0764872,-0.00210115,0.883538,-1.36388,-2.62015,-0.107604,-1.25897,-2.36231,9.74742,0.0404097,,6,-1.84147,0.0655522,0.666667,
ring_pc12_var,rest,conf75,6,0.298106,0.32024,-0.0221347,-0.0732359,0.0289665,0.930881,-0.567529,-1.72167,0.586611,-0.523873,-0.982989,8.81592,0.351819,,12,-0.880705,0.378478,0.333333,
ring_pc12_var,flow,self,6,0.329171,0.331801,-0.00263,-0.0400011,0.0347411,0.992074,-0.0922864,-1.22447,1.0399,-0.0851874,-0.159845,8.76788,0.876625,1,15,-0.40032,0.688921,0.166667,0.864034
ring_pc12_var,flow,shuffle,6,0.329171,0.320329,0.008842,-0.021617,0.039301,1.0276,0.373868,-0.76756,1.5153,0.345109,0.647559,9.91553,0.531976,,21,0.40032,0.688921,-0.166667,
ring_pc12_var,flow,randmat,6,0.329171,0.337961,-0.00879,-0.0428651,0.0252851,0.973991,-0.334973,-1.47447,0.80452,-0.309206,-0.580191,9.35449,0.575493,,14,-0.560449,0.575174,0.222222,
ring_pc12_var,flow,decorr,6,0.329171,0.342232,-0.0130605,-0.0480541,0.0219331,0.961837,-0.485933,-1.6341,0.662231,-0.448554,-0.841661,9.18849,0.421342,,13,-0.720577,0.47117,0.277778,
ring_pc12_var,flow,conf25,6,0.329171,0.328441,0.00073,-0.0432384,0.0446984,1.00222,0.0222014,-1.10942,1.15382,0.0204936,0.0384539,7.80438,0.970291,,18,-0.0800641,0.936186,0,
ring_pc12_var,flow,conf50,6,0.329171,0.3374,-0.008229,-0.0398993,0.0234413,0.975611,-0.33537,-1.47488,0.804142,-0.309573,-0.580878,9.76022,0.574489,,14,-0.560449,0.575174,0.222222,
ring_pc12_var,flow,conf75,6,0.329171,0.32024,0.0089305,-0.0397509,0.0576119,1.02789,0.248342,-0.887597,1.38428,0.229239,0.430141,7.30498,0.679499,,20,0.240192,0.810181,-0.111111,
ring_pc12_var,self,shuffle,6,0.331801,0.320329,0.011472,-0.0267795,0.0497235,1.03581,0.390336,-0.751974,1.53265,0.360311,0.676083,9.21088,0.515603,1,23,0.720577,0.47117,-0.277778,0.512872
ring_pc12_var,self,randmat,6,0.331801,0.337961,-0.00616,-0.0467834,0.0344634,0.981773,-0.195478,-1.32976,0.938807,-0.180442,-0.338579,9.84753,0.742035,,16,-0.240192,0.810181,0.111111,0.729818
ring_pc12_var,self,decorr,6,0.331801,0.342232,-0.0104305,-0.0516954,0.0308344,0.969522,-0.325504,-1.46456,0.813551,-0.300465,-0.563789,9.92415,0.585412,1,15,-0.40032,0.688921,0.166667,0.592352
ring_pc12_var,self,conf25,6,0.331801,0.328441,0.00336,-0.0447709,0.0514909,1.01023,0.0902652,-1.0419,1.22243,0.0833217,0.156344,9.63678,0.878989,,19,0.0800641,0.936186,-0.0555556,0.871032
ring_pc12_var,self,conf50,6,0.331801,0.3374,-0.005599,-0.0446148,0.0334168,0.983405,-0.185961,-1.31999,0.948068,-0.171657,-0.322094,9.49031,0.754364,,18,-0.0800641,0.936186,0,0.76156
ring_pc12_var,self,conf75,6,0.331801,0.32024,0.0115605,-0.0404966,0.0636176,1.0361,0.289229,-0.848258,1.42672,0.26698,0.500959,9.16885,0.628206,,21,0.40032,0.688921,-0.166667,0.619595
ring_pc12_var,shuffle,randmat,6,0.320329,0.337961,-0.017632,-0.0527764,0.0175124,0.947828,-0.648074,-1.80898,0.512836,-0.598222,-1.1225,9.70408,0.288656,,13,-0.720577,0.47117,0.277778,
ring_pc12_var,shuffle,decorr,6,0.320329,0.342232,-0.0219025,-0.0579083,0.0141033,0.936001,-0.787267,-1.96187,0.387335,-0.726708,-1.36359,9.57506,0.203895,,12,-0.880705,0.378478,0.333333,
ring_pc12_var,shuffle,conf25,6,0.320329,0.328441,-0.008112,-0.0526869,0.0364629,0.975302,-0.241022,-1.37671,0.894665,-0.222482,-0.417462,8.2494,0.686994,,16,-0.240192,0.810181,0.111111,
ring_pc12_var,shuffle,conf50,6,0.320329,0.3374,-0.017071,-0.0499804,0.0158384,0.949404,-0.667687,-1.83037,0.495001,-0.616326,-1.15647,9.95743,0.274482,,9,-1.36109,0.173485,0.5,
ring_pc12_var,shuffle,conf75,6,0.320329,0.32024,8.85e-05,-0.0490614,0.0492384,1.00028,0.00241333,-1.12917,1.134,0.00222769,0.00418001,7.70548,0.996771,,18,-0.0800641,0.936186,0,
ring_pc12_var,randmat,decorr,6,0.337961,0.342232,-0.0042705,-0.0429403,0.0343993,0.987522,-0.142093,-1.27511,0.99092,-0.131162,-0.246112,9.98602,0.810581,,16,-0.240192,0.810181,0.111111,
ring_pc12_var,randmat,conf25,6,0.337961,0.328441,0.00952,-0.0367866,0.0558266,1.02899,0.267979,-0.868674,1.40463,0.247366,0.464154,9.11779,0.65342,,20,0.240192,0.810181,-0.111111,
ring_pc12_var,randmat,conf50,6,0.337961,0.3374,0.000561,-0.0354942,0.0366162,1.00166,0.0200491,-1.11157,1.15166,0.0185069,0.0347261,9.87937,0.97299,,19,0.0800641,0.936186,-0.0555556,
ring_pc12_var,randmat,conf75,6,0.337961,0.32024,0.0177205,-0.0328189,0.0682599,1.05533,0.461552,-0.685001,1.60811,0.426048,0.799432,8.56002,0.445655,,21,0.40032,0.688921,-0.166667,
ring_pc12_var,decorr,conf25,6,0.342232,0.328441,0.0137905,-0.0330032,0.0605842,1.04199,0.383094,-0.758824,1.52501,0.353626,0.663539,9.28803,0.523112,,23,0.720577,0.47117,-0.277778,
ring_pc12_var,decorr,conf50,6,0.342232,0.3374,0.0048315,-0.0320412,0.0417042,1.01432,0.169059,-0.964546,1.30266,0.156054,0.292819,9.78761,0.775774,,19,0.0800641,0.936186,-0.0555556,
ring_pc12_var,decorr,conf75,6,0.342232,0.32024,0.021991,-0.0289492,0.0729312,1.06867,0.566327,-0.587719,1.72037,0.522764,0.980907,8.74666,0.352989,,24,0.880705,0.378478,-0.333333,
ring_pc12_var,conf25,conf50,6,0.328441,0.3374,-0.008959,-0.0540783,0.0361603,0.973447,-0.261303,-1.39771,0.875101,-0.241203,-0.452591,8.57561,0.662075,,14,-0.560449,0.575174,0.222222,
ring_pc12_var,conf25,conf75,6,0.328441,0.32024,0.0082005,-0.0474755,0.0638765,1.02561,0.189808,-0.944323,1.32394,0.175207,0.328756,9.87264,0.749207,,19,0.0800641,0.936186,-0.0555556,
ring_pc12_var,conf50,conf75,6,0.3374,0.32024,0.0171595,-0.0324202,0.0667392,1.05358,0.460664,-0.685832,1.60716,0.425228,0.797893,8.01231,0.447933,,22,0.560449,0.575174,-0.222222,
ring_loop,rest,flow,6,0.03,0.0322222,-0.00222222,-0.0369494,0.032505,0.931035,-0.0837707,-1.21585,1.04831,-0.0773268,-0.145095,8.86455,0.887881,,15,-0.403866,0.686311,0.166667,
ring_loop,rest,self,6,0.03,0.0422222,-0.0122222,-0.0446803,0.0202359,0.710526,-0.527409,-1.6785,0.623681,-0.48684,-0.9135,6.22151,0.395001,,9,-1.37315,0.169707,0.5,0.422144
ring_loop,rest,shuffle,6,0.03,0.0244445,0.00555554,-0.0271997,0.0383108,1.22727,0.232168,-0.903223,1.36756,0.214309,0.402127,6.90931,0.699739,,18.5,0,1,-0.0277778,
ring_loop,rest,randmat,6,0.03,0.0377778,-0.00777779,-0.0469738,0.0314182,0.794117,-0.255298,-1.39148,0.880888,-0.23566,-0.442189,9.99129,0.66777,,15,-0.402437,0.687363,0.166667,
ring_loop,rest,decorr,6,0.03,0.048882,-0.018882,-0.0697085,0.0319445,0.613723,-0.486684,-1.6349,0.661532,-0.449247,-0.842961,8.82338,0.421513,,13.5,-0.646186,0.518159,0.25,
ring_loop,rest,conf25,6,0.03,0.0266667,0.00333334,-0.0297726,0.0364392,1.125,0.135832,-0.997058,1.26872,0.125383,0.235267,7.43917,0.820347,,17.5,0,1,0.0277778,
ring_loop,rest,conf50,6,0.03,0.0266666,0.00333335,-0.0328425,0.0395092,1.125,0.119353,-1.01324,1.25195,0.110172,0.206726,9.51785,0.840579,,19,0.0810622,0.935392,-0.0555556,
ring_loop,rest,conf75,6,0.03,0.0133333,0.0166667,-0.0157202,0.0490535,2.25,0.729325,-0.439275,1.89792,0.673223,1.26323,5.92225,0.25396,,24,0.886929,0.375117,-0.333333,
ring_loop,flow,self,6,0.0322222,0.0422222,-0.01,-0.0327733,0.0127733,0.763158,-0.592157,-1.74828,0.563963,-0.546606,-1.02565,7.4541,0.337187,0.674373,13.5,-0.650835,0.515153,0.25,0.383904
ring_loop,flow,shuffle,6,0.0322222,0.0244445,0.00777776,-0.0157936,0.0313492,1.31818,0.434287,-0.71056,1.57913,0.40088,0.752207,8.56827,0.472083,,23.5,0.813544,0.415906,-0.305556,
ring_loop,flow,randmat,6,0.0322222,0.0377778,-0.00555557,-0.039516,0.0284048,0.852941,-0.213629,-1.34844,0.92118,-0.197196,-0.370016,9.00788,0.719921,,16.5,-0.160691,0.872337,0.0833333,
ring_loop,flow,decorr,6,0.0322222,0.048882,-0.0166598,-0.0648584,0.0315388,0.659184,-0.470575,-1.61771,0.676565,-0.434377,-0.815059,7.09748,0.441527,,16,-0.241462,0.809197,0.111111,
ring_loop,flow,conf25,6,0.0322222,0.0266667,0.00555556,-0.0188005,0.0299116,1.20833,0.2968,-0.840999,1.4346,0.273969,0.514073,9.22601,0.619287,,21,0.40315,0.686838,-0.166667,
ring_loop,flow,conf50,6,0.0322222,0.0266666,0.00555557,-0.024092,0.0352032,1.20833,0.241741,-0.89397,1.37745,0.223146,0.418708,9.79558,0.684462,,21.5,0.485504,0.627319,-0.194444,
ring_loop,flow,conf75,6,0.0322222,0.0133333,0.0188889,-0.00362951,0.0414073,2.41667,1.14875,-0.072602,2.37011,1.06039,1.9897,6.89392,0.0875602,,27,1.37315,0.169707,-0.5,
ring_loop,self,shuffle,6,0.0422222,0.0244445,0.0177778,0.00169388,0.0338616,1.72727,1.43223,0.163837,2.70062,1.32206,2.48069,9.49437,0.0336719,0.101016,31,2.04496,0.0408585,-0.722222,0.0492377
ring_loop,self,randmat,6,0.0422222,0.0377778,0.00444443,-0.0270908,0.0359797,1.11765,0.196874,-0.937449,1.3312,0.18173,0.340996,6.29339,0.744204,,22,0.566422,0.571107,-0.222222,0.819045
ring_loop,self,decorr,6,0.0422222,0.048882,-0.00665978,-0.0541053,0.0407857,0.863758,-0.202024,-1.33649,0.932444,-0.186484,-0.349916,5.57485,0.739239,0.739239,22,0.563411,0.573155,-0.222222,0.859535
ring_loop,self,conf25,6,0.0422222,0.0266667,0.0155556,-0.00218238,0.0332935,1.58333,1.1477,-0.0734995,2.36889,1.05941,1.98787,8.8817,0.0784879,,29,1.70231,0.0886978,-0.611111,0.0917271
ring_loop,self,conf50,6,0.0422222,0.0266666,0.0155556,-0.0104865,0.0415976,1.58333,0.818169,-0.359808,1.99615,0.755233,1.41711,6.88819,0.200055,,28.5,1.60975,0.107453,-0.583333,0.171957
ring_loop,self,conf75,6,0.0422222,0.0133333,0.0288889,0.0157523,0.0420254,3.16667,2.83683,1.23415,4.43952,2.61862,4.91354,9.8,0.000648029,,35.5,2.73657,0.00620836,-0.972222,0.00524869
ring_loop,shuffle,randmat,6,0.0244445,0.0377778,-0.0133333,-0.0451954,0.0185287,0.647059,-0.57104,-1.72546,0.583378,-0.527114,-0.98907,7.01592,0.355505,,13.5,-0.652013,0.514393,0.25,
ring_loop,shuffle,decorr,6,0.0244445,0.048882,-0.0244375,-0.0719295,0.0230544,0.500071,-0.729474,-1.89809,0.439141,-0.67336,-1.26349,5.91503,0.253928,,12,-0.898146,0.369108,0.333333,
ring_loop,shuffle,conf25,6,0.0244445,0.0266667,-0.0022222,-0.0213179,0.0168735,0.916667,-0.150074,-1.28325,0.983104,-0.138529,-0.259935,9.82067,0.800282,,17,-0.0817985,0.934807,0.0555556,
ring_loop,shuffle,conf50,6,0.0244445,0.0266666,-0.00222218,-0.0288356,0.0243912,0.916668,-0.111523,-1.24399,1.02094,-0.102944,-0.193163,7.85615,0.851731,,19.5,0.162709,0.870748,-0.0833333,
ring_loop,shuffle,conf75,6,0.0244445,0.0133333,0.0111111,-0.00434322,0.0265655,1.83333,0.941555,-0.251083,2.13419,0.869128,1.63082,8.84307,0.137964,,27,1.39825,0.162038,-0.5,
ring_loop,randmat,decorr,6,0.0377778,0.048882,-0.0111042,-0.0615987,0.0393902,0.772836,-0.288853,-1.42632,0.848618,-0.266634,-0.500308,8.6769,0.6293,,17,-0.0803455,0.935962,0.0555556,
ring_loop,randmat,conf25,6,0.0377778,0.0266667,0.0111111,-0.0211295,0.0433518,1.41667,0.463441,-0.683234,1.61012,0.427791,0.802703,7.56715,0.446622,,22,0.566422,0.571107,-0.222222,
ring_loop,randmat,conf50,6,0.0377778,0.0266666,0.0111111,-0.0243659,0.0465882,1.41667,0.405022,-0.738107,1.54815,0.373867,0.701519,9.62695,0.499586,,23.5,0.803455,0.421712,-0.305556,
ring_loop,randmat,conf75,6,0.0377778,0.0133333,0.0244445,-0.00700974,0.0558986,2.83333,1.0989,-0.115089,2.31289,1.01437,1.90335,5.97732,0.105862,,28,1.52926,0.1262,-0.555556,
ring_loop,decorr,conf25,6,0.048882,0.0266667,0.0222153,-0.0253708,0.0698015,1.83308,0.654556,-0.506936,1.81605,0.604205,1.13372,6.19368,0.298878,,23,0.728256,0.466457,-0.277778,
ring_loop,decorr,conf50,6,0.048882,0.0266666,0.0222154,-0.0266556,0.0710863,1.83308,0.609229,-0.548309,1.76677,0.562366,1.05522,7.70724,0.323278,,25,1.05193,0.292834,-0.388889,
ring_loop,decorr,conf75,6,0.048882,0.0133333,0.0355487,-0.0119023,0.0829996,3.66615,1.08579,-0.126308,2.29789,1.00227,1.88065,5.43176,0.114152,,31,2.02293,0.04308,-0.722222,
ring_loop,conf25,conf50,6,0.0266667,0.0266666,1.66667e-08,-0.0272109,0.0272109,1,8.06872e-07,-1.13158,1.13159,7.44805e-07,1.39754e-06,8.52071,0.999999,,21,0.405311,0.685249,-0.166667,
ring_loop,conf25,conf75,6,0.0266667,0.0133333,0.0133333,-0.00390726,0.0305739,2,1.02598,-0.177754,2.22971,0.947057,1.77705,8.16743,0.112691,,28,1.54018,0.123516,-0.555556,
ring_loop,conf50,conf75,6,0.0266666,0.0133333,0.0133333,-0.0125411,0.0392078,2,0.716114,-0.451177,1.8834,0.661028,1.24035,6.43946,0.258131,,24,0.899784,0.368235,-0.333333,
ring_track_gain_yaw,rest,flow,6,0,1.82518,-1.82518,-2.07944,-1.57092,0,-10.6536,-15.0635,-6.24369,-9.83409,-18.4526,5,8.59904e-06,,0,-2.99124,0.00277843,1,
ring_track_gain_yaw,rest,self,6,0,1.73304,-1.73304,-2.11838,-1.34771,0,-6.67494,-9.57527,-3.7746,-6.16148,-11.5613,5,8.49314e-05,,0,-2.99124,0.00277843,1,0.00274931
ring_track_gain_yaw,rest,shuffle,6,0,1.48874,-1.48874,-1.9432,-1.03429,0,-4.8618,-7.11211,-2.6115,-4.48782,-8.42089,5,0.000387289,,0,-2.99124,0.00277843,1,
ring_track_gain_yaw,rest,randmat,6,0,1.89609,-1.89609,-2.31203,-1.48014,0,-6.76537,-9.69905,-3.83168,-6.24496,-11.718,5,7.95681e-05,,0,-2.99124,0.00277843,1,
ring_track_gain_yaw,rest,decorr,6,0,1.52168,-1.52168,-1.83006,-1.2133,0,-7.32336,-10.4642,-4.18253,-6.76003,-12.6844,5,5.4132e-05,,0,-2.99124,0.00277843,1,
ring_track_gain_yaw,rest,conf25,6,0,1.46569,-1.46569,-1.73133,-1.20005,0,-8.18868,-11.6547,-4.72266,-7.55879,-14.1832,5,3.13742e-05,,0,-2.99124,0.00277843,1,
ring_track_gain_yaw,rest,conf50,6,0,1.88767,-1.88767,-2.22343,-1.55191,0,-8.3439,-11.8687,-4.81913,-7.70206,-14.4521,5,2.86175e-05,,0,-2.99124,0.00277843,1,
ring_track_gain_yaw,rest,conf75,6,0,1.63728,-1.63728,-1.92739,-1.34717,0,-8.37587,-11.9128,-4.83898,-7.73157,-14.5074,5,2.80862e-05,,0,-2.99124,0.00277843,1,
ring_track_gain_yaw,flow,self,6,1.82518,1.73304,0.0921367,-0.316574,0.500847,1.05316,0.296198,-0.841575,1.43397,0.273414,0.51303,8.66017,0.620759,0.893802,20,0.240192,0.810181,-0.111111,0.607598
ring_track_gain_yaw,flow,shuffle,6,1.82518,1.48874,0.336439,-0.132262,0.805139,1.22599,0.958844,-0.235996,2.15368,0.885087,1.66077,7.85089,0.136056,,26,1.20096,0.229766,-0.444444,
ring_track_gain_yaw,flow,randmat,6,1.82518,1.89609,-0.0709033,-0.50568,0.363873,0.962605,-0.215854,-1.35073,0.919023,-0.199249,-0.373869,8.27887,0.717895,,17,-0.0800641,0.936186,0.0555556,
ring_track_gain_yaw,flow,decorr,6,1.82518,1.52168,0.303503,-0.0446483,0.651655,1.19945,1.12699,-0.0911164,2.34509,1.0403,1.952,9.64944,0.0805354,,31,2.0016,0.0453276,-0.722222,
ring_track_gain_yaw,flow,conf25,6,1.82518,1.46569,0.359492,0.0406784,0.678305,1.24527,1.45093,0.179142,2.72272,1.33932,2.51309,9.98088,0.0307904,,30,1.84147,0.0655522,-0.666667,
ring_track_gain_yaw,flow,conf50,6,1.82518,1.88767,-0.06249,-0.431222,0.306242,0.966896,-0.220204,-1.35521,0.914806,-0.203265,-0.381404,9.31545,0.711457,,15,-0.40032,0.688921,0.166667,
ring_track_gain_yaw,flow,conf75,6,1.82518,1.63728,0.187898,-0.147256,0.523053,1.11476,0.72289,-0.445069,1.89085,0.667283,1.25208,9.83093,0.239508,,24,0.880705,0.378478,-0.333333,
ring_track_gain_yaw,self,shuffle,6,1.73304,1.48874,0.244302,-0.27403,0.762634,1.1641,0.608523,-0.548955,1.766,0.561714,1.05399,9.73957,0.317331,0.893802,24,0.880705,0.378478,-0.333333,0.324419
ring_track_gain_yaw,self,randmat,6,1.73304,1.89609,-0.16304,-0.654896,0.328816,0.914012,-0.426757,-1.57115,0.717637,-0.39393,-0.739165,9.94211,0.476896,,15,-0.40032,0.688921,0.166667,0.488878
ring_track_gain_yaw,self,decorr,6,1.73304,1.52168,0.211367,-0.219223,0.641956,1.1389,0.635608,-0.524198,1.79541,0.586715,1.10091,9.54169,0.297934,0.893802,23,0.720577,0.47117,-0.277778,0.296926
ring_track_gain_yaw,self,conf25,6,1.73304,1.46569,0.267355,-0.145386,0.680096,1.18241,0.847796,-0.33353,2.02912,0.782581,1.46843,8.87691,0.17651,,27,1.36109,0.173485,-0.5,0.167458
ring_track_gain_yaw,self,conf50,6,1.73304,1.88767,-0.154627,-0.598759,0.289506,0.918086,-0.449011,-1.59477,0.696745,-0.414472,-0.77771,9.81618,0.455075,,13,-0.720577,0.47117,0.277778,0.453637
ring_track_gain_yaw,self,conf75,6,1.73304,1.63728,0.0957617,-0.326688,0.518211,1.05849,0.294657,-0.843053,1.43237,0.271991,0.51036,9.29,0.621704,,22,0.560449,0.575174,-0.222222,0.604099
ring_track_gain_yaw,shuffle,randmat,6,1.48874,1.89609,-0.407342,-0.941907,0.127223,0.785167,-0.981296,-2.17905,0.216459,-0.905811,-1.69965,9.9226,0.120274,,10,-1.20096,0.229766,0.444444,
ring_track_gain_yaw,shuffle,decorr,6,1.48874,1.52168,-0.0329355,-0.517935,0.452064,0.978356,-0.0890019,-1.22115,1.04314,-0.0821556,-0.154156,8.79903,0.880965,,20,0.240192,0.810181,-0.111111,
ring_track_gain_yaw,shuffle,conf25,6,1.48874,1.46569,0.0230528,-0.448561,0.494667,1.01573,0.0649948,-1.06689,1.19688,0.0599952,0.112574,8.05956,0.913122,,18,-0.0800641,0.936186,0,
ring_track_gain_yaw,shuffle,conf50,6,1.48874,1.88767,-0.398929,-0.894484,0.0966263,0.788666,-1.04783,-2.25457,0.158913,-0.967226,-1.81489,9.20546,0.102191,,7,-1.68135,0.0926958,0.611111,
ring_track_gain_yaw,shuffle,conf75,6,1.48874,1.63728,-0.148541,-0.627349,0.330268,0.909276,-0.40888,-1.55223,0.734468,-0.377428,-0.708201,8.49478,0.49779,,15,-0.40032,0.688921,0.166667,
ring_track_gain_yaw,randmat,decorr,6,1.89609,1.52168,0.374407,-0.0795979,0.828411,1.24605,1.07315,-0.13715,2.28344,0.990598,1.85875,9.22124,0.0952137,,28,1.52122,0.128205,-0.555556,
ring_track_gain_yaw,randmat,conf25,6,1.89609,1.46569,0.430395,-0.00787645,0.868666,1.29365,1.29425,0.0498249,2.53868,1.1947,2.24171,8.49696,0.0533892,,29,1.68135,0.0926958,-0.611111,
ring_track_gain_yaw,randmat,conf50,6,1.89609,1.88767,0.00841333,-0.457738,0.474564,1.00446,0.0233587,-1.10827,1.15498,0.0215619,0.0404585,9.57398,0.968559,,18,-0.0800641,0.936186,0,
ring_track_gain_yaw,randmat,conf75,6,1.89609,1.63728,0.258802,-0.187982,0.705586,1.15807,0.757396,-0.414059,1.92885,0.699134,1.31185,8.93376,0.222278,,24,0.880705,0.378478,-0.333333,
ring_track_gain_yaw,decorr,conf25,6,1.52168,1.46569,0.0559883,-0.297859,0.409836,1.0382,0.204153,-0.930377,1.33868,0.188449,0.353603,9.78544,0.731136,,18,-0.0800641,0.936186,0,
ring_track_gain_yaw,decorr,conf50,6,1.52168,1.88767,-0.365993,-0.761533,0.0295467,0.806114,-1.19148,-2.41938,0.0364054,-1.09983,-2.06371,9.92849,0.0661753,,5,-2.0016,0.0453276,0.722222,
ring_track_gain_yaw,decorr,conf75,6,1.52168,1.63728,-0.115605,-0.48278,0.25157,0.929392,-0.405232,-1.54837,0.737908,-0.37406,-0.701883,9.96295,0.49882,,15,-0.40032,0.688921,0.166667,
ring_track_gain_yaw,conf25,conf50,6,1.46569,1.88767,-0.421982,-0.795763,-0.0482005,0.776454,-1.46279,-2.73675,-0.18883,-1.35027,-2.53363,9.49738,0.0308029,,6,-1.84147,0.0655522,0.666667,
ring_track_gain_yaw,conf25,conf75,6,1.46569,1.63728,-0.171593,-0.512908,0.169721,0.895196,-0.647415,-1.80827,0.513436,-0.597614,-1.12136,9.92336,0.288539,,12,-0.880705,0.378478,0.333333,
ring_track_gain_yaw,conf50,conf75,6,1.88767,1.63728,0.250388,-0.135333,0.636109,1.15293,0.837458,-0.342687,2.0176,0.773038,1.45052,9.79381,0.178174,,26,1.20096,0.229766,-0.444444,
ring_lag_yaw_deg,rest,flow,6,0,-94.288,94.288,78.8865,109.69,-0,9.08581,5.27873,12.8929,8.3869,15.7371,5,1.88398e-05,,36,2.99124,0.00277843,-1,
ring_lag_yaw_deg,rest,self,6,0,-89.924,89.924,82.7923,97.0556,-0,18.7136,11.1417,26.2854,17.2741,32.4128,5,5.2517e-07,,36,2.99124,0.00277843,-1,0.00274931
ring_lag_yaw_deg,rest,shuffle,6,0,-95.6672,95.6672,84.8771,106.457,-0,13.1585,7.77386,18.5431,12.1463,22.7912,5,3.02379e-06,,36,2.99124,0.00277843,-1,
ring_lag_yaw_deg,rest,randmat,6,0,-86.663,86.663,75.0988,98.2273,-0,11.1221,6.53079,15.7134,10.2666,19.2641,5,6.95194e-06,,36,2.99124,0.00277843,-1,
ring_lag_yaw_deg,rest,decorr,6,0,-99.5136,99.5136,75.815,123.212,-0,6.23206,3.49399,8.97012,5.75267,10.7942,5,0.000118363,,36,2.99124,0.00277843,-1,
ring_lag_yaw_deg,rest,conf25,6,0,-93.0274,93.0274,80.9038,105.151,-0,11.3881,6.69357,16.0826,10.5121,19.7248,5,6.18526e-06,,36,2.99124,0.00277843,-1,
ring_lag_yaw_deg,rest,conf50,6,0,-90.6693,90.6693,69.5071,111.832,-0,6.35873,3.57444,9.14303,5.8696,11.0137,5,0.000107407,,36,2.99124,0.00277843,-1,
ring_lag_yaw_deg,rest,conf75,6,0,-88.4611,88.4611,77.4335,99.4887,-0,11.9053,7.00973,16.801,10.9896,20.6207,5,4.96489e-06,,36,2.99124,0.00277843,-1,
ring_lag_yaw_deg,flow,self,6,-94.288,-89.924,-4.36405,-19.9544,11.2263,1.04853,-0.381604,-1.52344,0.760234,-0.35225,-0.660958,7.04989,0.529639,0.852699,16,-0.240192,0.810181,0.111111,0.524119
ring_lag_yaw_deg,flow,shuffle,6,-94.288,-95.6672,1.3792,-15.1823,17.9407,0.985583,0.108848,-1.02358,1.24127,0.100475,0.18853,8.95537,0.854664,,21,0.40032,0.688921,-0.166667,
ring_lag_yaw_deg,flow,randmat,6,-94.288,-86.663,-7.62502,-24.4969,9.24682,1.08798,-0.587571,-1.74332,0.568174,-0.542373,-1.0177,9.27802,0.334622,,12,-0.880705,0.378478,0.333333,
ring_lag_yaw_deg,flow,decorr,6,-94.288,-99.5136,5.22557,-19.8317,30.2828,0.947489,0.274396,-0.862503,1.41129,0.253288,0.475267,8.58423,0.646456,,21,0.40032,0.688921,-0.166667,
ring_lag_yaw_deg,flow,conf25,6,-94.288,-93.0274,-1.26062,-18.3781,15.8568,1.01355,-0.0954513,-1.22768,1.03678,-0.0881089,-0.165327,9.47729,0.87216,,18,-0.0800641,0.936186,0,
ring_lag_yaw_deg,flow,conf50,6,-94.288,-90.6693,-3.6187,-26.5995,19.3621,1.03991,-0.205194,-1.33975,0.929366,-0.189409,-0.355406,9.13628,0.730353,,13,-0.720577,0.47117,0.277778,
ring_lag_yaw_deg,flow,conf75,6,-94.288,-88.4611,-5.82692,-22.4799,10.826,1.06587,-0.456535,-1.60277,0.689696,-0.421417,-0.790742,9.05967,0.449298,,13,-0.720577,0.47117,0.277778,
ring_lag_yaw_deg,self,shuffle,6,-89.924,-95.6672,5.74325,-5.7056,17.1921,0.939966,0.659017,-0.502879,1.82091,0.608323,1.14145,8.66838,0.284233,0.852699,25,1.04083,0.297953,-0.388889,0.271182
ring_lag_yaw_deg,self,randmat,6,-89.924,-86.663,-3.26097,-15.3673,8.84537,1.03763,-0.356214,-1.49674,0.784311,-0.328813,-0.61698,8.32259,0.553748,,16,-0.240192,0.810181,0.111111,0.551612
ring_lag_yaw_deg,self,decorr,6,-89.924,-99.5136,9.58962,-14.067,33.2462,0.903635,0.575076,-0.579662,1.72981,0.53084,0.996061,5.89823,0.358312,0.852699,22,0.560449,0.575174,-0.222222,0.363909
ring_lag_yaw_deg,self,conf25,6,-89.924,-93.0274,3.10343,-9.48999,15.6969,0.96664,0.327457,-0.811687,1.4666,0.302268,0.567173,8.09031,0.585986,,21,0.40032,0.688921,-0.166667,0.588353
ring_lag_yaw_deg,self,conf50,6,-89.924,-90.6693,0.74535,-20.4102,21.9009,0.991779,0.049535,-1.08222,1.18129,0.0457246,0.0857971,6.12123,0.934365,,19,0.0800641,0.936186,-0.0555556,0.931017
ring_lag_yaw_deg,self,conf75,6,-89.924,-88.4611,-1.46287,-13.1112,10.1854,1.01654,-0.165318,-1.29884,0.968199,-0.152601,-0.28634,8.55967,0.781427,,15,-0.40032,0.688921,0.166667,0.781305
ring_lag_yaw_deg,shuffle,randmat,6,-95.6672,-86.663,-9.00422,-22.7225,4.7141,1.1039,-0.844906,-2.0259,0.336088,-0.779914,-1.46342,9.95238,0.174207,,11,-1.04083,0.297953,0.388889,
ring_lag_yaw_deg,shuffle,decorr,6,-95.6672,-99.5136,3.84637,-20.1153,27.808,0.961348,0.219225,-0.915754,1.35421,0.202362,0.37971,6.98764,0.715438,,20,0.240192,0.810181,-0.111111,
ring_lag_yaw_deg,shuffle,conf25,6,-95.6672,-93.0274,-2.63982,-16.7333,11.4537,1.02838,-0.241396,-1.3771,0.894304,-0.222827,-0.41811,9.86724,0.68482,,15,-0.40032,0.688921,0.166667,
ring_lag_yaw_deg,shuffle,conf50,6,-95.6672,-90.6693,-4.9979,-26.5923,16.5965,1.05512,-0.31226,-1.45072,0.826201,-0.28824,-0.54085,7.43518,0.60443,,16,-0.240192,0.810181,0.111111,
ring_lag_yaw_deg,shuffle,conf75,6,-95.6672,-88.4611,-7.20612,-20.5801,6.16783,1.08146,-0.693188,-1.85826,0.471885,-0.639866,-1.20064,9.99527,0.257572,,10,-1.20096,0.229766,0.444444,
ring_lag_yaw_deg,randmat,decorr,6,-86.663,-99.5136,12.8506,-11.2355,36.9366,0.870866,0.723254,-0.444741,1.89125,0.667619,1.25271,7.2534,0.249186,,25,1.04083,0.297953,-0.388889,
ring_lag_yaw_deg,randmat,conf25,6,-86.663,-93.0274,6.3644,-8.1625,20.8913,0.931586,0.563764,-0.590081,1.71761,0.520398,0.976468,9.97777,0.351913,,24,0.880705,0.378478,-0.333333,
ring_lag_yaw_deg,randmat,conf50,6,-86.663,-90.6693,4.00632,-17.7536,25.7663,0.955814,0.246556,-0.889321,1.38243,0.22759,0.427047,7.74168,0.680973,,21,0.40032,0.688921,-0.166667,
ring_lag_yaw_deg,randmat,conf75,6,-86.663,-88.4611,1.7981,-12.0568,15.653,0.979674,0.167003,-0.966553,1.30056,0.154157,0.289258,9.97751,0.778305,,19,0.0800641,0.936186,-0.0555556,
ring_lag_yaw_deg,decorr,conf25,6,-99.5136,-93.0274,-6.48618,-30.6767,17.7044,1.06972,-0.361625,-1.50242,0.779172,-0.333808,-0.626353,7.44932,0.549789,,15,-0.40032,0.688921,0.166667,
ring_lag_yaw_deg,decorr,conf50,6,-99.5136,-90.6693,-8.84427,-36.4312,18.7427,1.09754,-0.413131,-1.55672,0.730462,-0.381352,-0.715565,9.87454,0.490834,,13,-0.720577,0.47117,0.277778,
ring_lag_yaw_deg,decorr,conf75,6,-99.5136,-88.4611,-11.0525,-35.0498,12.9449,1.12494,-0.627549,-1.78665,0.531555,-0.579276,-1.08695,7.06833,0.312731,,14,-0.560449,0.575174,0.222222,
ring_lag_yaw_deg,conf25,conf50,6,-93.0274,-90.6693,-2.35808,-24.2545,19.5384,1.02601,-0.143495,-1.27654,0.989546,-0.132457,-0.248541,7.96286,0.810006,,16,-0.240192,0.810181,0.111111,
ring_lag_yaw_deg,conf25,conf75,6,-93.0274,-88.4611,-4.5663,-18.7889,9.65635,1.05162,-0.413515,-1.55713,0.7301,-0.381706,-0.716229,9.91155,0.490381,,13,-0.720577,0.47117,0.277778,
ring_lag_yaw_deg,conf50,conf75,6,-90.6693,-88.4611,-2.20822,-23.8506,19.4341,1.02496,-0.137337,-1.27026,0.995582,-0.126772,-0.237874,7.52897,0.818324,,16,-0.240192,0.810181,0.111111,
ring_track_gain_head,rest,flow,6,0,0.366899,-0.366899,-0.415754,-0.318044,0,-11.1457,-15.7462,-6.54525,-10.2884,-19.305,5,6.87946e-06,,0,-2.99124,0.00277843,1,
ring_track_gain_head,rest,self,6,0,0.348518,-0.348518,-0.42529,-0.271746,0,-6.73743,-9.66081,-3.81406,-6.21917,-11.6696,5,8.11806e-05,,0,-2.99124,0.00277843,1,0.00274931
ring_track_gain_head,rest,shuffle,6,0,0.298756,-0.298756,-0.38768,-0.209832,0,-4.9862,-7.27965,-2.69274,-4.60264,-8.63635,5,0.000343722,,0,-2.99124,0.00277843,1,
ring_track_gain_head,rest,randmat,6,0,0.380542,-0.380542,-0.458827,-0.302257,0,-7.21433,-10.3145,-4.11416,-6.65939,-12.4956,5,5.82332e-05,,0,-2.99124,0.00277843,1,
ring_track_gain_head,rest,decorr,6,0,0.305444,-0.305444,-0.362797,-0.24809,0,-7.9039,-11.2624,-4.54537,-7.29591,-13.69,5,3.73061e-05,,0,-2.99124,0.00277843,1,
ring_track_gain_head,rest,conf25,6,0,0.294826,-0.294826,-0.348186,-0.241465,0,-8.20006,-11.6704,-4.72974,-7.56929,-14.2029,5,3.11617e-05,,0,-2.99124,0.00277843,1,
ring_track_gain_head,rest,conf50,6,0,0.379128,-0.379128,-0.443032,-0.315224,0,-8.80501,-12.505,-5.10505,-8.1277,-15.2507,5,2.19812e-05,,0,-2.99124,0.00277843,1,
ring_track_gain_head,rest,conf75,6,0,0.329604,-0.329604,-0.389805,-0.269403,0,-8.12566,-11.5679,-4.68346,-7.50061,-14.074,5,3.25836e-05,,0,-2.99124,0.00277843,1,
ring_track_gain_head,flow,self,6,0.366899,0.348518,0.0183803,-0.0624562,0.0992169,1.05274,0.299771,-0.838152,1.43769,0.276712,0.519219,8.47907,0.616886,0.830588,20,0.240192,0.810181,-0.111111,0.60135
ring_track_gain_head,flow,shuffle,6,0.366899,0.298756,0.0681423,-0.0233542,0.159639,1.22809,0.996759,-0.203037,2.19656,0.920085,1.72644,7.76638,0.123676,,28,1.52122,0.128205,-0.555556,
ring_track_gain_head,flow,randmat,6,0.366899,0.380542,-0.0136435,-0.0957726,0.0684856,0.964147,-0.21943,-1.35442,0.915556,-0.202551,-0.380064,8.38167,0.713348,,16,-0.240192,0.810181,0.111111,
ring_track_gain_head,flow,decorr,6,0.366899,0.305444,0.0614548,-0.00407391,0.126984,1.2012,1.21059,-0.0202892,2.44147,1.11747,2.0968,9.75337,0.0631038,,30,1.84147,0.0655522,-0.666667,
ring_track_gain_head,flow,conf25,6,0.366899,0.294826,0.0720728,0.00929743,0.134848,1.24446,1.47849,0.201635,2.75535,1.36476,2.56083,9.92318,0.0284924,,31,2.0016,0.0453276,-0.722222,
ring_track_gain_head,flow,conf50,6,0.366899,0.379128,-0.0122297,-0.0826088,0.0581495,0.967743,-0.22564,-1.36082,0.909541,-0.208283,-0.39082,9.3565,0.704681,,16,-0.240192,0.810181,0.111111,
ring_track_gain_head,flow,conf75,6,0.366899,0.329604,0.0372947,-0.0302956,0.104885,1.11315,0.713912,-0.453163,1.88099,0.658996,1.23653,9.59348,0.245677,,24,0.880705,0.378478,-0.333333,
ring_track_gain_head,self,shuffle,6,0.348518,0.298756,0.049762,-0.0523617,0.151886,1.16656,0.628648,-0.530551,1.78785,0.58029,1.08885,9.79158,0.302293,0.830588,25,1.04083,0.297953,-0.388889,0.308423
ring_track_gain_head,self,randmat,6,0.348518,0.380542,-0.0320238,-0.127069,0.0630212,0.915847,-0.433459,-1.57826,0.711338,-0.400116,-0.750773,9.99619,0.470093,,15,-0.40032,0.688921,0.166667,0.48163
ring_track_gain_head,self,decorr,6,0.348518,0.305444,0.0430745,-0.0409038,0.127053,1.14102,0.667099,-0.495534,1.82973,0.615784,1.15545,9.25554,0.276863,0.830588,24,0.880705,0.378478,-0.333333,0.274431
ring_track_gain_head,self,conf25,6,0.348518,0.294826,0.0536925,-0.0287016,0.136087,1.18212,0.85231,-0.329536,2.03416,0.786748,1.47624,8.91685,0.174298,,28,1.52122,0.128205,-0.555556,0.157461
ring_track_gain_head,self,conf50,6,0.348518,0.379128,-0.03061,-0.117579,0.0563592,0.919262,-0.4548,-1.60092,0.691321,-0.419815,-0.787737,9.68133,0.449707,,13,-0.720577,0.47117,0.277778,0.443389
ring_track_gain_head,self,conf75,6,0.348518,0.329604,0.0189143,-0.0663061,0.104135,1.05739,0.287731,-0.849695,1.42516,0.265598,0.498365,9.46194,0.629606,,22,0.560449,0.575174,-0.222222,0.603599
ring_track_gain_head,shuffle,randmat,6,0.298756,0.380542,-0.0817858,-0.184701,0.0211291,0.785081,-1.02454,-2.22807,0.178998,-0.945727,-1.77455,9.8419,0.106849,,9,-1.36109,0.173485,0.5,
ring_track_gain_head,shuffle,decorr,6,0.298756,0.305444,-0.0066875,-0.100566,0.087191,0.978106,-0.0937963,-1.226,1.03841,-0.0865812,-0.16246,8.54624,0.87472,,19,0.0800641,0.936186,-0.0555556,
ring_track_gain_head,shuffle,conf25,6,0.298756,0.294826,0.0039305,-0.0887313,0.0965923,1.01333,0.0562494,-1.07556,1.18806,0.0519225,0.0974267,8.18753,0.92473,,19,0.0800641,0.936186,-0.0555556,
ring_track_gain_head,shuffle,conf50,6,0.298756,0.379128,-0.080372,-0.176613,0.0158691,0.788008,-1.08929,-2.3019,0.12331,-1.0055,-1.88671,9.07701,0.0915393,,7,-1.68135,0.0926958,0.611111,
ring_track_gain_head,shuffle,conf75,6,0.298756,0.329604,-0.0308477,-0.125698,0.0640027,0.90641,-0.426332,-1.5707,0.718037,-0.393537,-0.738428,8.78761,0.47951,,15,-0.40032,0.688921,0.166667,
ring_track_gain_head,randmat,decorr,6,0.380542,0.305444,0.0750983,-0.0100674,0.160264,1.24587,1.14848,-0.0728344,2.36979,1.06013,1.98922,9.16696,0.0773149,,29,1.68135,0.0926958,-0.611111,
ring_track_gain_head,randmat,conf25,6,0.380542,0.294826,0.0857163,0.00208436,0.169348,1.29074,1.34276,0.0901281,2.59538,1.23947,2.32572,8.82121,0.0456137,,30,1.84147,0.0655522,-0.666667,
ring_track_gain_head,randmat,conf50,6,0.380542,0.379128,0.00141383,-0.0866578,0.0894855,1.00373,0.0207639,-1.11085,1.15238,0.0191667,0.0359641,9.61453,0.972047,,19,0.0800641,0.936186,-0.0555556,
ring_track_gain_head,randmat,conf75,6,0.380542,0.329604,0.0509382,-0.0354329,0.137309,1.15454,0.765512,-0.406786,1.93781,0.706626,1.32591,9.38141,0.216247,,23,0.720577,0.47117,-0.277778,
ring_track_gain_head,decorr,conf25,6,0.305444,0.294826,0.010618,-0.0573315,0.0785675,1.03601,0.201161,-0.933283,1.3356,0.185687,0.348421,9.94837,0.734785,,19,0.0800641,0.936186,-0.0555556,
ring_track_gain_head,decorr,conf50,6,0.305444,0.379128,-0.0736845,-0.14823,0.00086087,0.805648,-1.27356,-2.51457,-0.0325564,-1.1756,-2.20588,9.88528,0.0522228,,5,-2.0016,0.0453276,0.722222,
ring_track_gain_head,decorr,conf75,6,0.305444,0.329604,-0.0241602,-0.0962545,0.0479342,0.926699,-0.431239,-1.5759,0.713423,-0.398067,-0.746928,9.97661,0.472343,,16,-0.240192,0.810181,0.111111,
ring_track_gain_head,conf25,conf50,6,0.294826,0.379128,-0.0843025,-0.156777,-0.0118278,0.777641,-1.50284,-2.78424,-0.221437,-1.38723,-2.60299,9.69161,0.0269924,,4,-2.16173,0.030639,0.777778,
ring_track_gain_head,conf25,conf75,6,0.294826,0.329604,-0.0347782,-0.104644,0.0350873,0.894485,-0.641615,-1.80195,0.518721,-0.59226,-1.11131,9.85795,0.292804,,12,-0.880705,0.378478,0.333333,
ring_track_gain_head,conf50,conf75,6,0.379128,0.329604,0.0495243,-0.0266113,0.12566,1.15025,0.837186,-0.342929,2.0173,0.772787,1.45005,9.96458,0.177781,,26,1.20096,0.229766,-0.444444,
ring_lag_head_deg,rest,flow,6,0,-166.681,166.681,151.129,182.232,-0,15.9071,9.44326,22.371,14.6835,27.552,5,1.17877e-06,,36,2.99124,0.00277843,-1,
ring_lag_head_deg,rest,self,6,0,-162.316,162.316,154.763,169.87,-0,31.891,19.0821,44.6998,29.4378,55.2368,5,3.67823e-08,,36,2.99124,0.00277843,-1,0.00274931
ring_lag_head_deg,rest,shuffle,6,0,-168.06,168.06,156.983,179.136,-0,22.518,13.4383,31.5977,20.7859,39.0024,5,2.08831e-07,,36,2.99124,0.00277843,-1,
ring_lag_head_deg,rest,randmat,6,0,-159.055,159.055,146.521,171.59,-0,18.833,11.2139,26.4521,17.3843,32.6197,5,5.08794e-07,,36,2.99124,0.00277843,-1,
ring_lag_head_deg,rest,decorr,6,0,-171.906,171.906,148.845,194.967,-0,11.0632,6.49471,15.6317,10.2122,19.162,5,7.1369e-06,,36,2.99124,0.00277843,-1,
ring_lag_head_deg,rest,conf25,6,0,-165.42,165.42,153.02,177.82,-0,19.7983,11.7971,27.7996,18.2754,34.2917,5,3.96651e-07,,36,2.99124,0.00277843,-1,
ring_lag_head_deg,rest,conf50,6,0,-163.062,163.062,141.129,184.995,-0,11.0339,6.47679,15.5911,10.1852,19.1113,5,7.23092e-06,,36,2.99124,0.00277843,-1,
ring_lag_head_deg,rest,conf75,6,0,-160.854,160.854,149.738,171.969,-0,21.4772,12.8105,30.1438,19.8251,37.1995,5,2.64399e-07,,36,2.99124,0.00277843,-1,
ring_lag_head_deg,flow,self,6,-166.681,-162.316,-4.36417,-20.1636,11.4352,1.02689,-0.374636,-1.5161,0.766833,-0.345818,-0.648889,7.235,0.536457,0.899837,16,-0.240192,0.810181,0.111111,0.526118
ring_lag_head_deg,flow,shuffle,6,-166.681,-168.06,1.37917,-15.4129,18.1712,0.991794,0.107207,-1.02519,1.2396,0.0989599,0.185687,9.03475,0.856792,,21,0.40032,0.688921,-0.166667,
ring_lag_head_deg,flow,randmat,6,-166.681,-159.055,-7.62517,-25.0445,9.79415,1.04794,-0.566581,-1.72065,0.587485,-0.522997,-0.981346,9.56839,0.350583,,12,-0.880705,0.378478,0.333333,
ring_lag_head_deg,flow,decorr,6,-166.681,-171.906,5.22533,-19.3511,29.8018,0.969604,0.278811,-0.858259,1.41588,0.257364,0.482915,8.76819,0.640984,,21,0.40032,0.688921,-0.166667,
ring_lag_head_deg,flow,conf25,6,-166.681,-165.42,-1.2605,-18.6172,16.0962,1.00762,-0.0940551,-1.22627,1.03816,-0.0868201,-0.162908,9.52777,0.873994,,18,-0.0800641,0.936186,0,
ring_lag_head_deg,flow,conf50,6,-166.681,-163.062,-3.61883,-27.2742,20.0365,1.02219,-0.199758,-1.33416,0.934646,-0.184392,-0.345992,9.01309,0.737288,,13,-0.720577,0.47117,0.277778,
ring_lag_head_deg,flow,conf75,6,-166.681,-160.854,-5.827,-22.6342,10.9802,1.03623,-0.452414,-1.59838,0.693556,-0.417613,-0.783605,9.05141,0.453288,,13,-0.720577,0.47117,0.277778,
ring_lag_head_deg,self,shuffle,6,-162.316,-168.06,5.74333,-6.09117,17.5778,0.965826,0.635771,-0.52405,1.79559,0.586865,1.10119,8.82371,0.299946,0.899837,26,1.20096,0.229766,-0.444444,0.286178
ring_lag_head_deg,self,randmat,6,-162.316,-159.055,-3.261,-16.3314,9.8094,1.0205,-0.330707,-1.47,0.808587,-0.305268,-0.572801,8.20864,0.582126,,16,-0.240192,0.810181,0.111111,0.573357
ring_lag_head_deg,self,decorr,6,-162.316,-171.906,9.5895,-13.4539,32.6329,0.944217,0.586481,-0.569175,1.74214,0.541367,1.01582,6.06071,0.348541,0.899837,22,0.560449,0.575174,-0.222222,0.363659
ring_lag_head_deg,self,conf25,6,-162.316,-165.42,3.10367,-9.85027,16.0576,0.981238,0.317237,-0.821444,1.45592,0.292834,0.54947,8.26168,0.597219,,22,0.560449,0.575174,-0.222222,0.593352
ring_lag_head_deg,self,conf50,6,-162.316,-163.062,0.745333,-21.1894,22.68,0.995429,0.0476857,-1.08406,1.17943,0.0440175,0.082594,6.16971,0.936789,,19,0.0800641,0.936186,-0.0555556,0.938765
ring_lag_head_deg,self,conf75,6,-162.316,-160.854,-1.46283,-13.3293,10.4036,1.00909,-0.161545,-1.29497,0.971885,-0.149118,-0.279803,8.80644,0.786089,,15,-0.40032,0.688921,0.166667,0.777806
ring_lag_head_deg,shuffle,randmat,6,-168.06,-159.055,-9.00433,-23.533,5.52432,1.05661,-0.798913,-1.97477,0.376947,-0.737458,-1.38376,9.85093,0.196981,,11,-1.04083,0.297953,0.388889,
ring_lag_head_deg,shuffle,decorr,6,-168.06,-171.906,3.84617,-19.5617,27.254,0.977626,0.223121,-0.91198,1.35822,0.205958,0.386458,7.19041,0.71034,,19,0.0800641,0.936186,-0.0555556,
ring_lag_head_deg,shuffle,conf25,6,-168.06,-165.42,-2.63967,-17.0764,11.797,1.01596,-0.235617,-1.37112,0.899888,-0.217493,-0.408101,9.87522,0.691907,,15,-0.40032,0.688921,0.166667,
ring_lag_head_deg,shuffle,conf50,6,-168.06,-163.062,-4.998,-27.3581,17.3621,1.03065,-0.301887,-1.4399,0.836126,-0.278665,-0.522883,7.39471,0.616354,,16,-0.240192,0.810181,0.111111,
ring_lag_head_deg,shuffle,conf75,6,-168.06,-160.854,-7.20617,-20.8078,6.39551,1.0448,-0.681544,-1.84552,0.482429,-0.629118,-1.18047,9.99988,0.265131,,10,-1.20096,0.229766,0.444444,
ring_lag_head_deg,randmat,decorr,6,-159.055,-171.906,12.8505,-10.8465,36.5475,0.925247,0.726615,-0.441715,1.89494,0.670721,1.25853,7.71706,0.244937,,23,0.720577,0.47117,-0.277778,
ring_lag_head_deg,randmat,conf25,6,-159.055,-165.42,6.36467,-8.91841,21.6477,0.961524,0.535739,-0.615967,1.68744,0.494528,0.927927,9.99884,0.375302,,24,0.880705,0.378478,-0.333333,
ring_lag_head_deg,randmat,conf50,6,-159.055,-163.062,4.00633,-18.6795,26.6922,0.975431,0.235372,-0.900125,1.37087,0.217267,0.407677,7.9512,0.694267,,21,0.40032,0.688921,-0.166667,
ring_lag_head_deg,randmat,conf75,6,-159.055,-160.854,1.79817,-12.7512,16.3475,0.988821,0.159298,-0.974081,1.29268,0.147044,0.275912,9.85906,0.788313,,18,-0.0800641,0.936186,0,
ring_lag_head_deg,decorr,conf25,6,-171.906,-165.42,-6.48583,-30.1526,17.1809,1.03921,-0.367626,-1.50873,0.773478,-0.339347,-0.636747,7.66827,0.542825,,15,-0.40032,0.688921,0.166667,
ring_lag_head_deg,decorr,conf50,6,-171.906,-163.062,-8.84417,-36.4394,18.7511,1.05424,-0.412432,-1.55598,0.731121,-0.380706,-0.714353,9.97493,0.491387,,13,-0.720577,0.47117,0.277778,
ring_lag_head_deg,decorr,conf75,6,-171.906,-160.854,-11.0523,-34.4668,12.3621,1.06871,-0.640739,-1.801,0.519519,-0.591452,-1.10979,7.20423,0.302753,,14,-0.560449,0.575174,0.222222,
ring_lag_head_deg,conf25,conf50,6,-165.42,-163.062,-2.35833,-25.0104,20.2937,1.01446,-0.138916,-1.27187,0.994033,-0.128231,-0.24061,7.90018,0.815983,,16,-0.240192,0.810181,0.111111,
ring_lag_head_deg,conf25,conf75,6,-165.42,-160.854,-4.5665,-19.0242,9.89121,1.02839,-0.406972,-1.55021,0.736267,-0.375667,-0.704897,9.88269,0.497151,,13,-0.720577,0.47117,0.277778,
ring_lag_head_deg,conf50,conf75,6,-163.062,-160.854,-2.20817,-24.5757,20.1594,1.01373,-0.133281,-1.26612,0.99956,-0.123029,-0.23085,7.40946,0.823677,,16,-0.240192,0.810181,0.111111,
cx_yaw_modulation_hz,rest,flow,6,0,2.5359,-2.5359,-2.6556,-2.4162,0,-31.4425,-44.0727,-18.8123,-29.0239,-54.46,5,3.94773e-08,,0,-2.99124,0.00277843,1,
cx_yaw_modulation_hz,rest,self,6,0,1.83543,-1.83543,-1.99226,-1.67859,0,-17.3688,-24.4091,-10.3284,-16.0327,-30.0836,5,7.61248e-07,,0,-2.99124,0.00277843,1,0.00274931
cx_yaw_modulation_hz,rest,shuffle,6,0,2.41111,-2.41111,-2.62108,-2.20114,0,-17.0424,-23.9539,-10.1309,-15.7314,-29.5183,5,8.3661e-07,,0,-2.99124,0.00277843,1,
cx_yaw_modulation_hz,rest,randmat,6,0,1.48508,-1.48508,-1.65949,-1.31067,0,-12.6372,-17.8182,-7.4563,-11.6651,-21.8884,5,3.69467e-06,,0,-2.99124,0.00277843,1,
cx_yaw_modulation_hz,rest,decorr,6,0,1.92395,-1.92395,-2.24125,-1.60664,0,-8.99877,-12.7726,-5.22493,-8.30656,-15.5863,5,1.97524e-05,,0,-2.99124,0.00277843,1,
cx_yaw_modulation_hz,rest,conf25,6,0,1.85919,-1.85919,-2.07613,-1.64226,0,-12.7191,-17.932,-7.50621,-11.7407,-22.0302,5,3.57828e-06,,0,-2.99124,0.00277843,1,
cx_yaw_modulation_hz,rest,conf50,6,0,1.91798,-1.91798,-2.08241,-1.75354,0,-17.3109,-24.3284,-10.2934,-15.9793,-29.9834,5,7.73998e-07,,0,-2.99124,0.00277843,1,
cx_yaw_modulation_hz,rest,conf75,6,0,1.89037,-1.89037,-2.08665,-1.69408,0,-14.293,-20.1222,-8.46385,-13.1936,-24.7563,5,2.00593e-06,,0,-2.99124,0.00277843,1,
cx_yaw_modulation_hz,flow,self,6,2.5359,1.83543,0.700473,0.527836,0.87311,1.38164,5.26929,2.87667,7.66191,4.86396,9.12667,9.34926,5.85731e-06,1.75719e-05,36,2.80224,0.00507487,-1,0.00274931
cx_yaw_modulation_hz,flow,shuffle,6,2.5359,2.41111,0.12479,-0.0923144,0.341894,1.05176,0.766281,-0.406097,1.93866,0.707337,1.32724,7.93937,0.221326,,27,1.36109,0.173485,-0.5,
cx_yaw_modulation_hz,flow,randmat,6,2.5359,1.48508,1.05082,0.8642,1.23744,1.70758,7.3726,4.21339,10.5318,6.80548,12.7697,8.85491,5.27526e-07,,36,2.80224,0.00507487,-1,
cx_yaw_modulation_hz,flow,decorr,6,2.5359,1.92395,0.611957,0.293909,0.930005,1.31807,2.67806,1.11972,4.23641,2.47206,4.63854,6.39478,0.00300627,,36,2.80224,0.00507487,-1,
cx_yaw_modulation_hz,flow,conf25,6,2.5359,1.85919,0.676707,0.453371,0.900043,1.36398,4.05342,2.07597,6.03087,3.74162,7.02073,7.78613,0.000125715,,36,2.80224,0.00507487,-1,
cx_yaw_modulation_hz,flow,conf50,6,2.5359,1.91798,0.617925,0.439349,0.796501,1.32218,4.50902,2.37953,6.63851,4.16218,7.80986,9.13722,2.45831e-05,,36,2.80224,0.00507487,-1,
cx_yaw_modulation_hz,flow,conf75,6,2.5359,1.89037,0.645537,0.440448,0.850625,1.34149,4.16719,2.15224,6.18214,3.84664,7.21779,8.26691,7.7034e-05,,36,2.80224,0.00507487,-1,
cx_yaw_modulation_hz,self,shuffle,6,1.83543,2.41111,-0.575683,-0.805351,-0.346015,0.761237,-3.26006,-4.9868,-1.53333,-3.00929,-5.64659,9.25474,0.000284261,0.000568522,0,-2.80224,0.00507487,1,0.00274931
cx_yaw_modulation_hz,self,randmat,6,1.83543,1.48508,0.350345,0.146729,0.553961,1.23591,2.21679,0.779068,3.65452,2.04627,3.8396,9.88926,0.00333459,,34,2.48199,0.0130652,-0.888889,0.00774806
cx_yaw_modulation_hz,self,decorr,6,1.83543,1.92395,-0.0885167,-0.411369,0.234336,0.953992,-0.371154,-1.51244,0.770133,-0.342603,-0.642857,7.30538,0.539963,0.539963,13,-0.720577,0.47117,0.277778,0.52137
cx_yaw_modulation_hz,self,conf25,6,1.83543,1.85919,-0.0237667,-0.258927,0.211394,0.987217,-0.131766,-1.26458,1.00105,-0.12163,-0.228225,9.10508,0.824515,,15,-0.40032,0.688921,0.166667,0.835041
cx_yaw_modulation_hz,self,conf50,6,1.83543,1.91798,-0.0825483,-0.279571,0.114475,0.956961,-0.539143,-1.6911,0.612817,-0.497671,-0.933824,9.97768,0.372442,,12,-0.880705,0.378478,0.333333,0.377406
cx_yaw_modulation_hz,self,conf75,6,1.83543,1.89037,-0.0549367,-0.274161,0.164287,0.970939,-0.324512,-1.46352,0.814497,-0.29955,-0.562072,9.53553,0.587035,,14,-0.560449,0.575174,0.222222,0.577606
cx_yaw_modulation_hz,shuffle,randmat,6,2.41111,1.48508,0.926028,0.688349,1.16371,1.62355,5.035,2.72454,7.34546,4.64769,8.72087,9.67438,6.85585e-06,,36,2.80224,0.00507487,-1,
cx_yaw_modulation_hz,shuffle,decorr,6,2.41111,1.92395,0.487167,0.150404,0.82393,1.25321,1.90023,0.536984,3.26348,1.75406,3.2913,8.67429,0.00983968,,34,2.48199,0.0130652,-0.888889,
cx_yaw_modulation_hz,shuffle,conf25,6,2.41111,1.85919,0.551917,0.290187,0.813646,1.29686,2.7131,1.14508,4.28112,2.5044,4.69922,9.98936,0.000844993,,36,2.80224,0.00507487,-1,
cx_yaw_modulation_hz,shuffle,conf50,6,2.41111,1.91798,0.493135,0.260155,0.726115,1.25711,2.74424,1.16757,4.3209,2.53314,4.75315,9.45668,0.000906442,,35,2.64211,0.00823902,-0.944444,
cx_yaw_modulation_hz,shuffle,conf75,6,2.41111,1.89037,0.520747,0.271454,0.770039,1.27547,2.68884,1.12753,4.25015,2.48201,4.65721,9.95493,0.000909014,,36,2.80224,0.00507487,-1,
cx_yaw_modulation_hz,randmat,decorr,6,1.48508,1.92395,-0.438862,-0.765368,-0.112355,0.771895,-1.79884,-3.13989,-0.457791,-1.66047,-3.11568,7.76849,0.0148548,,3,-2.32186,0.0202406,0.833333,
cx_yaw_modulation_hz,randmat,conf25,6,1.48508,1.85919,-0.374112,-0.616903,-0.131321,0.798778,-1.99468,-3.37936,-0.610006,-1.84125,-3.45489,9.5589,0.00659906,,4,-2.16173,0.030639,0.777778,
cx_yaw_modulation_hz,randmat,conf50,6,1.48508,1.91798,-0.432893,-0.640761,-0.225025,0.774297,-2.68027,-4.23922,-1.12132,-2.4741,-4.64236,9.96552,0.000927129,,1,-2.64211,0.00823902,0.944444,
cx_yaw_modulation_hz,randmat,conf75,6,1.48508,1.89037,-0.405282,-0.633308,-0.177256,0.785607,-2.29071,-3.74686,-0.834555,-2.1145,-3.96762,9.86353,0.00272596,,2,-2.48199,0.0130652,0.888889,
cx_yaw_modulation_hz,decorr,conf25,6,1.92395,1.85919,0.06475,-0.274468,0.403968,1.03483,0.250007,-0.885991,1.386,0.230775,0.433024,8.83614,0.675374,,23,0.720577,0.47117,-0.277778,
cx_yaw_modulation_hz,decorr,conf50,6,1.92395,1.91798,0.00596833,-0.318351,0.330287,1.00311,0.024785,-1.10684,1.15641,0.0228785,0.0429289,7.50487,0.966878,,21,0.40032,0.688921,-0.166667,
cx_yaw_modulation_hz,decorr,conf75,6,1.92395,1.89037,0.03358,-0.298783,0.365943,1.01776,0.133571,-0.999276,1.26642,0.123296,0.231352,8.3379,0.822618,,21,0.40032,0.688921,-0.166667,
cx_yaw_modulation_hz,conf25,conf50,6,1.85919,1.91798,-0.0587817,-0.297091,0.179527,0.969352,-0.320479,-1.4593,0.818348,-0.295826,-0.555085,9.3195,0.591909,,17,-0.0800641,0.936186,0.0555556,
cx_yaw_modulation_hz,conf25,conf75,6,1.85919,1.89037,-0.03117,-0.285098,0.222758,0.983511,-0.158122,-1.29147,0.97523,-0.145959,-0.273876,9.90156,0.789809,,16,-0.240192,0.810181,0.111111,
cx_yaw_modulation_hz,conf50,conf75,6,1.91798,1.89037,0.0276117,-0.195266,0.250489,1.01461,0.160037,-0.973359,1.29343,0.147726,0.277191,9.70207,0.787449,,18,-0.0800641,0.936186,0,
cx_tuning_wire_corr,rest,flow,6,0,0.344384,-0.344384,-0.357913,-0.330855,0,-37.7779,-52.9343,-22.6216,-34.8719,-65.4333,5,1.57843e-08,,0,-2.99124,0.00277843,1,
cx_tuning_wire_corr,rest,self,6,0,0.307033,-0.307033,-0.313942,-0.300124,0,-65.9531,-92.3637,-39.5426,-60.8798,-114.234,5,9.74916e-10,,0,-2.99124,0.00277843,1,0.00274931
cx_tuning_wire_corr,rest,shuffle,6,0,0.361893,-0.361893,-0.381364,-0.342422,0,-27.5844,-38.6782,-16.4907,-25.4625,-47.7776,5,7.5883e-08,,0,-2.99124,0.00277843,1,
cx_tuning_wire_corr,rest,randmat,6,0,0.35059,-0.35059,-0.380074,-0.321105,0,-17.6471,-24.7973,-10.4968,-16.2896,-30.5656,5,7.03348e-07,,0,-2.99124,0.00277843,1,
cx_tuning_wire_corr,rest,decorr,6,0,0.252474,-0.252474,-0.279526,-0.225422,0,-13.8511,-19.5069,-8.19525,-12.7856,-23.9908,5,2.34439e-06,,0,-2.99124,0.00277843,1,
cx_tuning_wire_corr,rest,conf25,6,0,0.296541,-0.296541,-0.311574,-0.281509,0,-29.2769,-41.0444,-17.5094,-27.0248,-50.709,5,5.63728e-08,,0,-2.99124,0.00277843,1,
cx_tuning_wire_corr,rest,conf50,6,0,0.279573,-0.279573,-0.296734,-0.262412,0,-24.1781,-33.9172,-14.4391,-22.3183,-41.8778,5,1.46466e-07,,0,-2.99124,0.00277843,1,
cx_tuning_wire_corr,rest,conf75,6,0,0.262542,-0.262542,-0.273424,-0.251659,0,-35.8046,-50.1738,-21.4354,-33.0504,-62.0154,5,2.06347e-08,,0,-2.99124,0.00277843,1,
cx_tuning_wire_corr,flow,self,6,0.344384,0.307033,0.0373512,0.0235434,0.0511589,1.12165,3.64904,1.80194,5.49614,3.36834,6.32032,7.44182,0.000308188,0.000924564,36,2.80224,0.00507487,-1,0.00274931
cx_tuning_wire_corr,flow,shuffle,6,0.344384,0.361893,-0.017509,-0.0384043,0.00338635,0.951618,-1.09598,-2.30955,0.117588,-1.01167,-1.89829,8.91541,0.0904438,,7,-1.68135,0.0926958,0.611111,
cx_tuning_wire_corr,flow,randmat,6,0.344384,0.35059,-0.00620567,-0.0360332,0.0236218,0.982299,-0.283903,-1.42118,0.853368,-0.262065,-0.491735,7.01613,0.637916,,11,-1.04083,0.297953,0.388889,
cx_tuning_wire_corr,flow,decorr,6,0.344384,0.252474,0.0919097,0.0643554,0.119464,1.36404,4.50975,2.38002,6.63949,4.16285,7.81112,7.35391,8.179e-05,,36,2.80224,0.00507487,-1,
cx_tuning_wire_corr,flow,conf25,6,0.344384,0.296541,0.0478423,0.0302861,0.0653986,1.16133,3.51084,1.70713,5.31456,3.24078,6.08096,9.89102,0.000124186,,36,2.80224,0.00507487,-1,
cx_tuning_wire_corr,flow,conf50,6,0.344384,0.279573,0.0648105,0.0457281,0.0838929,1.23182,4.40159,2.30839,6.4948,4.06301,7.62378,9.48338,2.42161e-05,,36,2.80224,0.00507487,-1,
cx_tuning_wire_corr,flow,conf75,6,0.344384,0.262542,0.0818422,0.066698,0.0969863,1.31173,6.99559,3.97672,10.0145,6.45747,12.1167,9.56083,4.07167e-07,,36,2.80224,0.00507487,-1,
cx_tuning_wire_corr,self,shuffle,6,0.307033,0.361893,-0.0548602,-0.0743451,-0.0353752,0.848408,-3.94084,-5.88153,-2.00015,-3.6377,-6.82574,6.23947,0.000410388,0.000924564,0,-2.80224,0.00507487,1,0.00274931
cx_tuning_wire_corr,self,randmat,6,0.307033,0.35059,-0.0435568,-0.0729631,-0.0141506,0.875761,-2.13463,-3.55231,-0.716946,-1.97043,-3.69729,5.54744,0.011651,,6,-1.84147,0.0655522,0.666667,0.0144964
cx_tuning_wire_corr,self,decorr,6,0.307033,0.252474,0.0545585,0.0275763,0.0815407,1.2161,2.90007,1.27937,4.52077,2.67699,5.02307,5.64951,0.00285012,0.00285012,36,2.80224,0.00507487,-1,0.00274931
cx_tuning_wire_corr,self,conf25,6,0.307033,0.296541,0.0104912,-0.0047178,0.0257001,1.03538,0.941126,-0.251457,2.13371,0.868732,1.63008,7.02217,0.146972,,25,1.04083,0.297953,-0.388889,0.141465
cx_tuning_wire_corr,self,conf50,6,0.307033,0.279573,0.0274593,0.0102189,0.0446998,1.09822,2.20291,0.768608,3.63722,2.03346,3.81556,6.57939,0.00739672,,36,2.80224,0.00507487,-1,0.00274931
cx_tuning_wire_corr,self,conf75,6,0.307033,0.262542,0.044491,0.0330374,0.0559446,1.16946,5.1224,2.78139,7.4634,4.72837,8.87225,8.46737,1.43112e-05,,36,2.80224,0.00507487,-1,0.00274931
cx_tuning_wire_corr,shuffle,randmat,6,0.361893,0.35059,0.0113033,-0.0199756,0.0425823,1.03224,0.474776,-0.672641,1.62219,0.438255,0.822336,8.6641,0.432933,,22,0.560449,0.575174,-0.222222,
cx_tuning_wire_corr,shuffle,decorr,6,0.361893,0.252474,0.109419,0.0801284,0.138709,1.43339,4.8721,2.61824,7.12597,4.49732,8.43873,9.08433,1.35935e-05,,36,2.80224,0.00507487,-1,
cx_tuning_wire_corr,shuffle,conf25,6,0.361893,0.296541,0.0653513,0.043843,0.0868596,1.22038,3.94288,2.00153,5.88423,3.63958,6.82927,9.39803,6.20215e-05,,36,2.80224,0.00507487,-1,
cx_tuning_wire_corr,shuffle,conf50,6,0.361893,0.279573,0.0823195,0.0597746,0.104864,1.29445,4.70724,2.51017,6.90432,4.34515,8.15318,9.84466,1.09887e-05,,36,2.80224,0.00507487,-1,
cx_tuning_wire_corr,shuffle,conf75,6,0.361893,0.262542,0.0993512,0.0792727,0.11943,1.37842,6.61038,3.73381,9.48696,6.10189,11.4495,7.8461,3.58269e-06,,36,2.80224,0.00507487,-1,
cx_tuning_wire_corr,randmat,decorr,6,0.35059,0.252474,0.0981153,0.0633965,0.132834,1.38862,3.63905,1.79511,5.48299,3.35913,6.30302,9.92677,9.16532e-05,,36,2.80224,0.00507487,-1,
cx_tuning_wire_corr,randmat,conf25,6,0.35059,0.296541,0.054048,0.0239612,0.0841348,1.18226,2.4237,0.933487,3.91391,2.23726,4.19797,7.43486,0.00353736,,33,2.32186,0.0202406,-0.833333,
cx_tuning_wire_corr,randmat,conf50,6,0.35059,0.279573,0.0710162,0.040438,0.101594,1.25402,3.08944,1.41367,4.76521,2.85179,5.35106,8.03887,0.000674024,,36,2.80224,0.00507487,-1,
cx_tuning_wire_corr,randmat,conf75,6,0.35059,0.262542,0.0880478,0.0585129,0.117583,1.33537,4.15776,2.14593,6.16959,3.83793,7.20145,6.33746,0.000282675,,36,2.80224,0.00507487,-1,
cx_tuning_wire_corr,decorr,conf25,6,0.252474,0.296541,-0.0440673,-0.0719426,-0.0161921,0.851396,-2.11324,-3.52579,-0.700698,-1.95069,-3.66025,7.81905,0.00665643,,0,-2.80224,0.00507487,1,
cx_tuning_wire_corr,decorr,conf50,6,0.252474,0.279573,-0.0270992,-0.0555666,0.00136825,0.90307,-1.25541,-2.49345,-0.0173627,-1.15884,-2.17443,8.46334,0.0595684,,4,-2.16173,0.030639,0.777778,
cx_tuning_wire_corr,decorr,conf75,6,0.252474,0.262542,-0.0100675,-0.0372441,0.0171091,0.961654,-0.51241,-1.66242,0.637595,-0.472994,-0.887521,6.57698,0.406082,,15,-0.40032,0.688921,0.166667,
cx_tuning_wire_corr,conf25,conf50,6,0.296541,0.279573,0.0169682,-0.00285319,0.0367895,1.06069,1.10384,-0.110871,2.31854,1.01893,1.9119,9.82962,0.0854457,,29,1.68135,0.0926958,-0.611111,
cx_tuning_wire_corr,conf25,conf75,6,0.296541,0.262542,0.0339998,0.0176987,0.0503009,1.1295,2.71902,1.14936,4.28868,2.50986,4.70948,9.11153,0.00106886,,35,2.64211,0.00823902,-0.944444,
cx_tuning_wire_corr,conf50,conf75,6,0.279573,0.262542,0.0170317,-0.00102588,0.0350892,1.06487,1.24391,0.00772688,2.48009,1.14823,2.15452,8.46158,0.0614933,,29,1.68135,0.0926958,-0.611111,
ring_tuning_wire_corr,rest,flow,6,0,0.154585,-0.154585,-0.25031,-0.0588599,0,-2.39669,-3.8799,-0.913487,-2.21233,-4.15119,5,0.00889977,,6,-1.96567,0.0493362,0.666667,
ring_tuning_wire_corr,rest,self,6,0,0.120695,-0.120695,-0.246437,0.00504635,0,-1.42456,-2.69157,-0.157556,-1.31498,-2.46742,5,0.0567097,,6,-1.96567,0.0493362,0.666667,0.043989
ring_tuning_wire_corr,rest,shuffle,6,0,0.20565,-0.20565,-0.274563,-0.136736,0,-4.4289,-6.53131,-2.3265,-4.08822,-7.67109,5,0.000599829,,0,-2.99124,0.00277843,1,
ring_tuning_wire_corr,rest,randmat,6,0,0.0262718,-0.0262718,-0.197105,0.144562,0,-0.228238,-1.3635,0.907026,-0.210681,-0.39532,5,0.708909,,12,-0.940105,0.347164,0.333333,
ring_tuning_wire_corr,rest,decorr,6,0,-0.0184124,0.0184124,-0.240203,0.277028,-0,0.105664,-1.02671,1.23804,0.0975362,0.183016,5,0.861975,,18,-0.0854641,0.931892,0,
ring_tuning_wire_corr,rest,conf25,6,0,-0.0484649,0.0484649,-0.154564,0.251494,-0,0.354275,-0.786152,1.4947,0.327023,0.613623,5,0.566303,,24,0.940105,0.347164,-0.333333,
ring_tuning_wire_corr,rest,conf50,6,0,0.0805585,-0.0805585,-0.200133,0.0390162,0,-0.999869,-2.20008,0.200342,-0.922956,-1.73182,5,0.143853,,6,-1.96567,0.0493362,0.666667,
ring_tuning_wire_corr,rest,conf75,6,0,0.0270914,-0.0270914,-0.216691,0.162508,0,-0.212064,-1.34683,0.922698,-0.195751,-0.367305,5,0.728426,,18,-0.0854641,0.931892,0,
ring_tuning_wire_corr,flow,self,6,0.154585,0.120695,0.0338898,-0.104417,0.172197,1.28079,0.318269,-0.820459,1.457,0.293786,0.551258,9.33836,0.5944,0.5944,19,0.0800641,0.936186,-0.0555556,0.628343
ring_tuning_wire_corr,flow,shuffle,6,0.154585,0.20565,-0.0510646,-0.154715,0.0525856,0.751691,-0.642526,-1.80294,0.51789,-0.593101,-1.11289,9.08534,0.294334,,9,-1.36109,0.173485,0.5,
ring_tuning_wire_corr,flow,randmat,6,0.154585,0.0262718,0.128313,-0.0479102,0.304537,5.88406,0.972466,-0.224135,2.16907,0.897661,1.68436,7.85806,0.131288,,28,1.52122,0.128205,-0.555556,
ring_tuning_wire_corr,flow,decorr,6,0.154585,-0.0184124,0.172998,-0.0860788,0.432074,-8.39569,0.931054,-0.260263,2.12237,0.859435,1.61263,6.34483,0.155262,,26,1.20096,0.229766,-0.444444,
ring_tuning_wire_corr,flow,conf25,6,0.154585,-0.0484649,0.20305,-0.00273572,0.408836,-3.18963,1.34254,0.0899514,2.59513,1.23927,2.32535,7.11831,0.0523783,,29,1.68135,0.0926958,-0.611111,
ring_tuning_wire_corr,flow,conf50,6,0.154585,0.0805585,0.0740266,-0.0596069,0.20766,1.91892,0.717268,-0.450137,1.88467,0.662093,1.24234,9.54289,0.243772,,24,0.880705,0.378478,-0.333333,
ring_tuning_wire_corr,flow,conf75,6,0.154585,0.0270914,0.127494,-0.0657946,0.320782,5.70605,0.890876,-0.295514,2.07727,0.822347,1.54304,7.39353,0.164463,,24,0.880705,0.378478,-0.333333,
ring_tuning_wire_corr,self,shuffle,6,0.120695,0.20565,-0.0849544,-0.214294,0.0443855,0.586897,-0.879317,-2.06433,0.305692,-0.811677,-1.52302,7.75508,0.167434,0.502301,8,-1.52122,0.128205,0.555556,0.172957
ring_tuning_wire_corr,self,randmat,6,0.120695,0.0262718,0.0944234,-0.0916646,0.280511,4.59409,0.660645,-0.501399,1.82269,0.609826,1.14427,9.18834,0.281444,,24,0.880705,0.378478,-0.333333,0.288178
ring_tuning_wire_corr,self,decorr,6,0.120695,-0.0184124,0.139108,-0.123657,0.401872,-6.5551,0.71794,-0.449531,1.88541,0.662714,1.24351,7.23889,0.25244,0.50488,23,0.720577,0.47117,-0.277778,0.226443
ring_tuning_wire_corr,self,conf25,6,0.120695,-0.0484649,0.16916,-0.0435462,0.381867,-2.49036,1.05126,-0.155956,2.25848,0.970396,1.82084,8.34374,0.104579,,29,1.68135,0.0926958,-0.611111,0.0952262
ring_tuning_wire_corr,self,conf50,6,0.120695,0.0805585,0.0401367,-0.110319,0.190592,1.49823,0.343293,-0.796598,1.48318,0.316885,0.5946,9.97482,0.565353,,23,0.720577,0.47117,-0.277778,0.564109
ring_tuning_wire_corr,self,conf75,6,0.120695,0.0270914,0.0936038,-0.107716,0.294924,4.45511,0.610622,-0.547034,1.76828,0.563651,1.05763,8.68536,0.318752,,23,0.720577,0.47117,-0.277778,0.31867
ring_tuning_wire_corr,shuffle,randmat,6,0.20565,0.0262718,0.179378,0.00773995,0.351016,7.82776,1.4452,0.174455,2.71594,1.33403,2.50316,6.58529,0.0428745,,33,2.32186,0.0202406,-0.833333,
ring_tuning_wire_corr,shuffle,decorr,6,0.20565,-0.0184124,0.224062,-0.0339115,0.482036,-11.1691,1.24248,0.00652573,2.47843,1.1469,2.15204,5.7065,0.0772398,,32,2.16173,0.030639,-0.777778,
ring_tuning_wire_corr,shuffle,conf25,6,0.20565,-0.0484649,0.254115,0.0511236,0.457106,-4.24327,1.759,0.426433,3.09156,1.62369,3.04667,6.13701,0.0219757,,30,1.84147,0.0655522,-0.666667,
ring_tuning_wire_corr,shuffle,conf50,6,0.20565,0.0805585,0.125091,0.00126151,0.248921,2.5528,1.34519,0.0921421,2.59823,1.24171,2.32993,7.99143,0.0482,,31,2.0016,0.0453276,-0.722222,
ring_tuning_wire_corr,shuffle,conf75,6,0.20565,0.0270914,0.178558,-0.011287,0.368404,7.59095,1.31362,0.065948,2.56129,1.21257,2.27526,6.29843,0.061153,,28,1.52122,0.128205,-0.555556,
ring_tuning_wire_corr,randmat,decorr,6,0.0262718,-0.0184124,0.0446843,-0.229686,0.319054,-1.42685,0.213964,-0.920855,1.34878,0.197505,0.370597,8.66559,0.719834,,16,-0.240192,0.810181,0.111111,
ring_tuning_wire_corr,randmat,conf25,6,0.0262718,-0.0484649,0.0747368,-0.156169,0.305643,-0.54208,0.418027,-0.725851,1.5619,0.385871,0.724044,9.71602,0.486107,,23,0.720577,0.47117,-0.277778,
ring_tuning_wire_corr,randmat,conf50,6,0.0262718,0.0805585,-0.0542867,-0.237945,0.129371,0.326121,-0.386374,-1.52847,0.755721,-0.356653,-0.66922,8.95094,0.520241,,15,-0.40032,0.688921,0.166667,
ring_tuning_wire_corr,randmat,conf75,6,0.0262718,0.0270914,-0.000819583,-0.222355,0.220716,0.969748,-0.00476614,-1.13635,1.12682,-0.00439951,-0.00825519,9.89331,0.993577,,17,-0.0800641,0.936186,0.0555556,
ring_tuning_wire_corr,decorr,conf25,6,-0.0184124,-0.0484649,0.0300525,-0.257129,0.317234,0.379913,0.135654,-0.997232,1.26854,0.125219,0.23496,9.46657,0.819244,,19,0.0800641,0.936186,-0.0555556,
ring_tuning_wire_corr,decorr,conf50,6,-0.0184124,0.0805585,-0.098971,-0.360729,0.162788,-0.22856,-0.51553,-1.66576,0.634698,-0.475874,-0.892925,7.04438,0.401371,,13,-0.720577,0.47117,0.277778,
ring_tuning_wire_corr,decorr,conf75,6,-0.0184124,0.0270914,-0.0455039,-0.326904,0.235896,-0.67964,-0.210601,-1.34532,0.924118,-0.194401,-0.364771,9.17013,0.723553,,14,-0.560449,0.575174,0.222222,
ring_tuning_wire_corr,conf25,conf50,6,-0.0484649,0.0805585,-0.129023,-0.33996,0.0819129,-0.601611,-0.81268,-1.99005,0.364689,-0.750166,-1.4076,8.09616,0.196464,,7,-1.68135,0.0926958,0.611111,
ring_tuning_wire_corr,conf25,conf75,6,-0.0484649,0.0270914,-0.0755564,-0.316495,0.165382,-1.78894,-0.403666,-1.54672,0.739386,-0.372614,-0.699169,9.95353,0.500457,,13,-0.720577,0.47117,0.277778,
ring_tuning_wire_corr,conf50,conf75,6,0.0805585,0.0270914,0.0534671,-0.14583,0.252764,2.97358,0.354003,-0.786412,1.49442,0.326772,0.613151,8.43417,0.555947,,21,0.40032,0.688921,-0.166667,
ring_ang_diffusion_deg,rest,flow,6,25.295,34.1298,-8.8348,-18.5645,0.894852,0.741141,-1.20032,-2.42959,0.0289472,-1.10799,-2.07901,8.3433,0.0697961,,6,-1.84147,0.0655522,0.666667,
ring_ang_diffusion_deg,rest,self,6,25.295,35.4304,-10.1354,-19.4638,-0.807078,0.713935,-1.50348,-2.785,-0.221958,-1.38783,-2.6041,6.56527,0.0372695,,5,-2.0016,0.0453276,0.722222,0.0272432
ring_ang_diffusion_deg,rest,shuffle,6,25.295,75.5473,-50.2523,-114.806,14.3019,0.334824,-1.14169,-2.36199,0.0786028,-1.05387,-1.97747,5.2062,0.10265,,3,-2.32186,0.0202406,0.833333,
ring_ang_diffusion_deg,rest,randmat,6,25.295,31.4824,-6.18733,-15.4533,3.07862,0.803467,-0.972526,-2.16914,0.224083,-0.897717,-1.68446,5.33637,0.149207,,8,-1.52122,0.128205,0.555556,
ring_ang_diffusion_deg,rest,decorr,6,25.295,59.0261,-33.7311,-101.968,34.5055,0.428539,-0.725854,-1.89411,0.4424,-0.670019,-1.25722,5.18461,0.262337,,6,-1.84147,0.0655522,0.666667,
ring_ang_diffusion_deg,rest,conf25,6,25.295,30.8249,-5.52992,-15.6179,4.5581,0.820602,-0.714257,-1.88137,0.452852,-0.659314,-1.23713,9.14106,0.246877,,11,-1.04083,0.297953,0.388889,
ring_ang_diffusion_deg,rest,conf50,6,25.295,30.817,-5.52203,-14.9884,3.94432,0.820812,-0.788001,-1.96268,0.38668,-0.727386,-1.36486,7.3867,0.212415,,10,-1.20096,0.229766,0.444444,
ring_ang_diffusion_deg,rest,conf75,6,25.295,36.4071,-11.1121,-20.4604,-1.76386,0.694782,-1.63682,-2.94423,-0.329411,-1.51091,-2.83505,6.71612,0.0263516,,4,-2.16173,0.030639,0.777778,
ring_ang_diffusion_deg,flow,self,6,34.1298,35.4304,-1.30062,-7.37625,4.77502,0.963291,-0.281783,-1.41897,0.855405,-0.260107,-0.488062,8.56231,0.63776,0.831708,15,-0.40032,0.688921,0.166667,0.625344
ring_ang_diffusion_deg,flow,shuffle,6,34.1298,75.5473,-41.4175,-106.031,23.1961,0.451768,-0.94689,-2.1402,0.246423,-0.874053,-1.64006,5.07911,0.161006,,8,-1.52122,0.128205,0.555556,
ring_ang_diffusion_deg,flow,randmat,6,34.1298,31.4824,2.64747,-3.09288,8.38781,1.08409,0.655029,-0.506506,1.81656,0.604642,1.13454,5.87139,0.300752,,25,1.04083,0.297953,-0.388889,
ring_ang_diffusion_deg,flow,decorr,6,34.1298,59.0261,-24.8963,-93.1914,43.3988,0.578215,-0.538759,-1.69069,0.613172,-0.497316,-0.933158,5.07082,0.393007,,15,-0.40032,0.688921,0.166667,
ring_ang_diffusion_deg,flow,conf25,6,34.1298,30.8249,3.30488,-4.41938,11.0291,1.10721,0.552344,-0.600616,1.70531,0.509856,0.956689,9.74712,0.361851,,24,0.880705,0.378478,-0.333333,
ring_ang_diffusion_deg,flow,conf50,6,34.1298,30.817,3.31277,-3.15106,9.77659,1.1075,0.663001,-0.499258,1.82526,0.612001,1.14835,9.60424,0.278621,,24,0.880705,0.378478,-0.333333,
ring_ang_diffusion_deg,flow,conf75,6,34.1298,36.4071,-2.27732,-8.41672,3.86209,0.937449,-0.486105,-1.63428,0.662071,-0.448712,-0.841958,8.80469,0.422091,,15,-0.40032,0.688921,0.166667,
ring_ang_diffusion_deg,self,shuffle,6,35.4304,75.5473,-40.1169,-104.757,24.5233,0.468983,-0.919255,-2.1091,0.270595,-0.848543,-1.5922,5.03312,0.171835,0.515505,9,-1.36109,0.173485,0.5,0.0714821
ring_ang_diffusion_deg,self,randmat,6,35.4304,31.4824,3.94808,0.183946,7.71222,1.12541,1.43156,0.16329,2.69983,1.32144,2.47953,7.00898,0.0421964,,30,1.84147,0.0655522,-0.666667,0.0387403
ring_ang_diffusion_deg,self,decorr,6,35.4304,59.0261,-23.5957,-91.9164,44.725,0.60025,-0.51166,-1.66161,0.638292,-0.472302,-0.886222,5.02965,0.415854,0.831708,18,-0.0800641,0.936186,0,0.72007
ring_ang_diffusion_deg,self,conf25,6,35.4304,30.8249,4.6055,-2.35721,11.5682,1.14941,0.885167,-0.300538,2.07087,0.817078,1.53315,7.77149,0.164879,,27,1.36109,0.173485,-0.5,0.155711
ring_ang_diffusion_deg,self,conf50,6,35.4304,30.817,4.61338,-0.606123,9.83289,1.1497,1.14492,-0.0758605,2.3657,1.05685,1.98306,9.51597,0.0769447,,30,1.84147,0.0655522,-0.666667,0.0659835
ring_ang_diffusion_deg,self,conf75,6,35.4304,36.4071,-0.9767,-5.65513,3.70173,0.973173,-0.268647,-1.40533,0.868031,-0.247982,-0.465311,9.97638,0.6517,,17,-0.0800641,0.936186,0.0555556,0.644089
ring_ang_diffusion_deg,shuffle,randmat,6,75.5473,31.4824,44.0649,-20.5917,108.722,2.39967,1.01104,-0.190665,2.21275,0.93327,1.75118,5.00695,0.140228,,31,2.0016,0.0453276,-0.722222,
ring_ang_diffusion_deg,shuffle,decorr,6,75.5473,59.0261,16.5212,-65.0618,98.1041,1.2799,0.260617,-0.875762,1.397,0.24057,0.451402,9.96953,0.66136,,25,1.04083,0.297953,-0.388889,
ring_ang_diffusion_deg,shuffle,conf25,6,75.5473,30.8249,44.7224,-19.8751,109.32,2.45085,1.02091,-0.182133,2.22395,0.942378,1.76827,5.10948,0.135998,,32,2.16173,0.030639,-0.777778,
ring_ang_diffusion_deg,shuffle,conf50,6,75.5473,30.817,44.7302,-19.8984,109.359,2.45148,1.02398,-0.179476,2.22744,0.945216,1.77359,5.05241,0.135708,,33,2.32186,0.0202406,-0.833333,
ring_ang_diffusion_deg,shuffle,conf75,6,75.5473,36.4071,39.1402,-25.498,103.778,2.07507,0.896723,-0.290371,2.08382,0.827744,1.55317,5.03651,0.180673,,26,1.20096,0.229766,-0.444444,
ring_ang_diffusion_deg,randmat,decorr,6,31.4824,59.0261,-27.5438,-95.8801,40.7926,0.533363,-0.597971,-1.75457,0.558627,-0.551974,-1.03572,5.00622,0.347748,,8,-1.52122,0.128205,0.555556,
ring_ang_diffusion_deg,randmat,conf25,6,31.4824,30.8249,0.657417,-6.09089,7.40572,1.02133,0.139837,-0.993131,1.2728,0.12908,0.242205,5.63193,0.817198,,19,0.0800641,0.936186,-0.0555556,
ring_ang_diffusion_deg,randmat,conf50,6,31.4824,30.817,0.6653,-4.02224,5.35284,1.02159,0.198197,-0.936163,1.33256,0.182951,0.343288,6.30253,0.742545,,25,1.04083,0.297953,-0.388889,
ring_ang_diffusion_deg,randmat,conf75,6,31.4824,36.4071,-4.92478,-8.86499,-0.984581,0.86473,-1.71468,-3.03797,-0.391394,-1.58278,-2.96991,6.83623,0.021391,,2,-2.48199,0.0130652,0.888889,
ring_ang_diffusion_deg,decorr,conf25,6,59.0261,30.8249,28.2012,-40.0783,96.4807,1.91488,0.609455,-0.548102,1.76701,0.562574,1.05561,5.09801,0.338584,,24,0.880705,0.378478,-0.333333,
ring_ang_diffusion_deg,decorr,conf50,6,59.0261,30.817,28.2091,-40.1006,96.5187,1.91537,0.611173,-0.546529,1.76888,0.56416,1.05858,5.04692,0.337802,,26,1.20096,0.229766,-0.444444,
ring_ang_diffusion_deg,decorr,conf75,6,59.0261,36.4071,22.619,-45.6997,90.9377,1.62128,0.490407,-0.658062,1.63888,0.452683,0.84941,5.03268,0.434189,,19,0.0800641,0.936186,-0.0555556,
ring_ang_diffusion_deg,conf25,conf50,6,30.8249,30.817,0.00788333,-7.24563,7.2614,1.00026,0.00142203,-1.13016,1.13301,0.00131264,0.00246303,8.89455,0.998089,,16,-0.240192,0.810181,0.111111,
ring_ang_diffusion_deg,conf25,conf75,6,30.8249,36.4071,-5.5822,-12.591,1.42656,0.846673,-1.06036,-2.26886,0.148128,-0.978798,-1.8366,8.0009,0.103579,,8,-1.52122,0.128205,0.555556,
ring_ang_diffusion_deg,conf50,conf75,6,30.817,36.4071,-5.59008,-10.8983,-0.281865,0.846456,-1.36062,-2.61633,-0.104912,-1.25596,-2.35666,9.69009,0.0409415,,6,-1.84147,0.0655522,0.666667,
ring_ang_ac1,rest,flow,6,-0.027963,-0.0366576,0.0086946,-0.0198336,0.0372228,0.762816,0.418614,-0.725298,1.56253,0.386413,0.725061,6.79684,0.492615,,25,1.04083,0.297953,-0.388889,
ring_ang_ac1,rest,self,6,-0.027963,-0.051183,0.02322,0.00777373,0.0386663,0.546333,1.93481,0.563801,3.30582,1.78598,3.35119,9.96294,0.00738797,,33,2.32186,0.0202406,-0.833333,0.0099975
ring_ang_ac1,rest,shuffle,6,-0.027963,0.346054,-0.374017,-0.86868,0.120646,-0.0808052,-1.12174,-2.33907,0.0955857,-1.03546,-1.94292,5.00609,0.10959,,17,-0.0800641,0.936186,0.0555556,
ring_ang_ac1,rest,randmat,6,-0.027963,-0.0402892,0.0123263,-4.04489e-05,0.024693,0.694056,1.35672,0.101685,2.61175,1.25235,2.3499,7.10414,0.0505745,,29,1.68135,0.0926958,-0.611111,
ring_ang_ac1,rest,decorr,6,-0.027963,0.107998,-0.135961,-0.567886,0.295964,-0.258921,-0.466949,-1.61385,0.679954,-0.43103,-0.808779,5.00798,0.455332,,27,1.36109,0.173485,-0.5,
ring_ang_ac1,rest,conf25,6,-0.027963,-0.0402861,0.0123232,-0.000232316,0.0248787,0.694109,1.31379,0.0660866,2.56149,1.21273,2.27555,7.76061,0.0534177,,31,2.0016,0.0453276,-0.722222,
ring_ang_ac1,rest,conf50,6,-0.027963,-0.0107793,-0.0171837,-0.0562978,0.0219305,2.59414,-0.621607,-1.7802,0.536984,-0.573791,-1.07666,5.96173,0.323261,,13,-0.720577,0.47117,0.277778,
ring_ang_ac1,rest,conf75,6,-0.027963,-0.0422853,0.0143223,-0.0080494,0.036694,0.661293,0.854582,-0.327527,2.03669,0.788845,1.48018,7.88124,0.177654,,28,1.52122,0.128205,-0.555556,
ring_ang_ac1,flow,self,6,-0.0366576,-0.051183,0.0145254,-0.0141077,0.0431585,0.716206,0.692335,-0.472658,1.85733,0.639078,1.19916,7.01165,0.269416,0.538833,24,0.880705,0.378478,-0.333333,0.273432
ring_ang_ac1,flow,shuffle,6,-0.0366576,0.346054,-0.382711,-0.877246,0.111823,-0.10593,-1.1463,-2.36728,0.07469,-1.05812,-1.98544,5.03274,0.103482,,14,-0.560449,0.575174,0.222222,
ring_ang_ac1,flow,randmat,6,-0.0366576,-0.0402892,0.00363167,-0.024604,0.0318674,0.90986,0.186622,-0.947424,1.32067,0.172267,0.323239,5.4095,0.758639,,17,-0.0800641,0.936186,0.0555556,
ring_ang_ac1,flow,decorr,6,-0.0366576,0.107998,-0.144656,-0.576435,0.287124,-0.339428,-0.495944,-1.64479,0.652905,-0.457795,-0.859001,5.04294,0.429271,,22,0.560449,0.575174,-0.222222,
ring_ang_ac1,flow,conf25,6,-0.0366576,-0.0402861,0.00362858,-0.0246024,0.0318596,0.90993,0.185139,-0.948868,1.31915,0.170898,0.32067,5.55795,0.760171,,19,0.0800641,0.936186,-0.0555556,
ring_ang_ac1,flow,conf50,6,-0.0366576,-0.0107793,-0.0258783,-0.0683337,0.0165771,3.40074,-0.794719,-1.97012,0.380686,-0.733587,-1.37649,9.10326,0.201577,,8,-1.52122,0.128205,0.555556,
ring_ang_ac1,flow,conf75,6,-0.0366576,-0.0422853,0.0056277,-0.0255612,0.0368166,0.866911,0.234279,-0.901182,1.36974,0.216257,0.405783,9.36295,0.694019,,20,0.240192,0.810181,-0.111111,
ring_ang_ac1,self,shuffle,6,-0.051183,0.346054,-0.397237,-0.891896,0.097422,-0.147905,-1.19134,-2.41921,0.0365291,-1.0997,-2.06346,5.00688,0.0939414,0.281824,11,-1.04083,0.297953,0.388889,0.125969
ring_ang_ac1,self,randmat,6,-0.051183,-0.0402892,-0.0108938,-0.0239863,0.0021988,1.27039,-1.13993,-2.35996,0.0801032,-1.05224,-1.97441,6.88117,0.0896214,,9,-1.36109,0.173485,0.5,0.0982254
ring_ang_ac1,self,decorr,6,-0.051183,0.107998,-0.159181,-0.591101,0.272739,-0.473925,-0.546668,-1.6992,0.605859,-0.504617,-0.946857,5.00902,0.387116,0.538833,16,-0.240192,0.810181,0.111111,0.753312
ring_ang_ac1,self,conf25,6,-0.051183,-0.0402861,-0.0108968,-0.024151,0.00235734,1.27049,-1.10774,-2.32302,0.107533,-1.02253,-1.91867,7.48806,0.0938,,10,-1.20096,0.229766,0.444444,0.100725
ring_ang_ac1,self,conf50,6,-0.051183,-0.0107793,-0.0404037,-0.0795499,-0.00125748,4.74827,-1.45325,-2.72546,-0.181036,-1.34146,-2.5171,6.08386,0.0449294,,3,-2.32186,0.0202406,0.833333,0.0114971
ring_ang_ac1,self,conf75,6,-0.051183,-0.0422853,-0.00889774,-0.0314727,0.0136772,1.21042,-0.522798,-1.67355,0.627956,-0.482582,-0.905512,8.17523,0.3911,,14,-0.560449,0.575174,0.222222,0.435641
ring_ang_ac1,shuffle,randmat,6,0.346054,-0.0402892,0.386343,-0.108343,0.88103,-8.58924,1.15899,-0.0639138,2.38189,1.06983,2.00743,5.00134,0.100962,,20,0.240192,0.810181,-0.111111,
ring_ang_ac1,shuffle,decorr,6,0.346054,0.107998,0.238056,-0.332603,0.808714,3.20426,0.537966,-0.613906,1.68984,0.496584,0.931784,9.82158,0.373786,,25,1.04083,0.297953,-0.388889,
ring_ang_ac1,shuffle,conf25,6,0.346054,-0.0402861,0.38634,-0.108344,0.881024,-8.5899,1.15895,-0.0639457,2.38185,1.0698,2.00736,5.00183,0.100965,,20,0.240192,0.810181,-0.111111,
ring_ang_ac1,shuffle,conf50,6,0.346054,-0.0107793,0.356833,-0.137566,0.851232,-32.1036,1.06719,-0.142261,2.27665,0.985101,1.84843,5.06269,0.123076,,19,0.0800641,0.936186,-0.0555556,
ring_ang_ac1,shuffle,conf75,6,0.346054,-0.0422853,0.388339,-0.10626,0.882938,-8.18379,1.16394,-0.0597164,2.38759,1.0744,2.016,5.01919,0.0996617,,23,0.720577,0.47117,-0.277778,
ring_ang_ac1,randmat,decorr,6,-0.0402892,0.107998,-0.148287,-0.580239,0.283664,-0.373055,-0.509441,-1.65924,0.640353,-0.470253,-0.882378,5.00176,0.417955,,24,0.880705,0.378478,-0.333333,
ring_ang_ac1,randmat,conf25,6,-0.0402892,-0.0402861,-3.08333e-06,-0.00766887,0.0076627,1.00008,-0.000519094,-1.1321,1.13107,-0.000479164,-0.000899098,9.76789,0.999301,,18,-0.0800641,0.936186,0,
ring_ang_ac1,randmat,conf50,6,-0.0402892,-0.0107793,-0.0295099,-0.0686131,0.0095932,3.73765,-1.10633,-2.3214,0.108739,-1.02123,-1.91622,5.21412,0.111101,,5,-2.0016,0.0453276,0.722222,
ring_ang_ac1,randmat,conf75,6,-0.0402892,-0.0422853,0.00199603,-0.0196228,0.0236149,0.952796,0.132139,-1.00068,1.26496,0.121974,0.228871,5.69629,0.826963,,23,0.720577,0.47117,-0.277778,
ring_ang_ac1,decorr,conf25,6,0.107998,-0.0402861,0.148284,-0.283665,0.580233,-2.68078,0.509414,-0.640378,1.65921,0.470228,0.882331,5.0024,0.417973,,12,-0.880705,0.378478,0.333333,
ring_ang_ac1,decorr,conf50,6,0.107998,-0.0107793,0.118777,-0.312852,0.550407,-10.019,0.406428,-0.73678,1.54964,0.375164,0.703954,5.08222,0.512399,,7,-1.68135,0.0926958,0.611111,
ring_ang_ac1,decorr,conf75,6,0.107998,-0.0422853,0.150283,-0.281568,0.582135,-2.55404,0.515695,-0.634545,1.66594,0.476026,0.89321,5.02517,0.412473,,14,-0.560449,0.575174,0.222222,
ring_ang_ac1,conf25,conf50,6,-0.0402861,-0.0107793,-0.0295069,-0.0685944,0.00958067,3.73736,-1.10201,-2.31645,0.11243,-1.01724,-1.90874,5.29204,0.111374,,6,-1.84147,0.0655522,0.666667,
ring_ang_ac1,conf25,conf75,6,-0.0402861,-0.0422853,0.00199911,-0.0196412,0.0236395,0.952723,0.130794,-1.002,1.26359,0.120732,0.226541,5.9461,0.828367,,25,1.04083,0.297953,-0.388889,
ring_ang_ac1,conf50,conf75,6,-0.0107793,-0.0422853,0.031506,-0.00883323,0.0718452,0.254919,1.04452,-0.161766,2.2508,0.964168,1.80915,7.79917,0.108992,,29,1.68135,0.0926958,-0.611111,
steer_corr_yaw,rest,flow,6,0,0.752793,-0.752793,-0.787179,-0.718407,0,-32.4909,-45.5389,-19.4429,-29.9916,-56.2759,5,3.35138e-08,,0,-2.99124,0.00277843,1,
steer_corr_yaw,rest,self,6,0,0.757052,-0.757052,-0.776979,-0.737126,0,-56.3861,-78.9732,-33.799,-52.0487,-97.6636,5,2.13379e-09,,0,-2.99124,0.00277843,1,0.00274931
steer_corr_yaw,rest,shuffle,6,0,0.707743,-0.707743,-0.716181,-0.699306,0,-124.492,-174.311,-74.6727,-114.915,-215.626,5,4.07097e-11,,0,-2.99124,0.00277843,1,
steer_corr_yaw,rest,randmat,6,0,0.791709,-0.791709,-0.813548,-0.76987,0,-53.8028,-75.3578,-32.2479,-49.6642,-93.1892,5,2.69736e-09,,0,-2.99124,0.00277843,1,
steer_corr_yaw,rest,decorr,6,0,0.691007,-0.691007,-0.719333,-0.662682,0,-36.2054,-50.7344,-21.6764,-33.4204,-62.7096,5,1.95187e-08,,0,-2.99124,0.00277843,1,
steer_corr_yaw,rest,conf25,6,0,0.748515,-0.748515,-0.767678,-0.729352,0,-57.9707,-81.1909,-34.7504,-53.5114,-100.408,5,1.85779e-09,,0,-2.99124,0.00277843,1,
steer_corr_yaw,rest,conf50,6,0,0.732548,-0.732548,-0.751785,-0.713312,0,-56.517,-79.1564,-33.8776,-52.1696,-97.8903,5,2.10921e-09,,0,-2.99124,0.00277843,1,
steer_corr_yaw,rest,conf75,6,0,0.723243,-0.723243,-0.760919,-0.685567,0,-28.4901,-39.9443,-17.0358,-26.2985,-49.3462,5,6.4584e-08,,0,-2.99124,0.00277843,1,
steer_corr_yaw,flow,self,6,0.752793,0.757052,-0.00425917,-0.0398975,0.0313791,0.994374,-0.159052,-1.29243,0.974321,-0.146818,-0.275487,8.01771,0.789909,0.789909,20,0.240192,0.810181,-0.111111,0.792302
steer_corr_yaw,flow,shuffle,6,0.752793,0.707743,0.0450498,0.0107546,0.0793451,1.06365,1.88836,0.527752,3.24896,1.7431,3.27073,5.59989,0.0188046,,31,2.0016,0.0453276,-0.722222,
steer_corr_yaw,flow,randmat,6,0.752793,0.791709,-0.038916,-0.0751091,-0.00272292,0.950846,-1.41785,-2.68365,-0.152046,-1.30878,-2.45579,8.46917,0.0379908,,4,-2.16173,0.030639,0.777778,
steer_corr_yaw,flow,decorr,6,0.752793,0.691007,0.061786,0.0229774,0.100595,1.08941,2.05829,0.658795,3.45779,1.89996,3.56507,9.64627,0.005437,,33,2.32186,0.0202406,-0.833333,
steer_corr_yaw,flow,conf25,6,0.752793,0.748515,0.00427783,-0.0311678,0.0397234,1.00572,0.16128,-0.972144,1.2947,0.148874,0.279345,7.83248,0.787214,,23,0.720577,0.47117,-0.277778,
steer_corr_yaw,flow,conf50,6,0.752793,0.732548,0.0202448,-0.0152186,0.0557083,1.02764,0.762562,-0.409429,1.93455,0.703903,1.3208,7.85041,0.223771,,24,0.880705,0.378478,-0.333333,
steer_corr_yaw,flow,conf75,6,0.752793,0.723243,0.02955,-0.0147132,0.0738132,1.04086,0.859776,-0.322935,2.04249,0.793639,1.48917,9.91768,0.167537,,28,1.52122,0.128205,-0.555556,
steer_corr_yaw,self,shuffle,6,0.757052,0.707743,0.049309,0.0292453,0.0693727,1.06967,3.38191,1.61806,5.14575,3.12176,5.85763,6.73709,0.000720241,0.00216072,36,2.80224,0.00507487,-1,0.00274931
steer_corr_yaw,self,randmat,6,0.757052,0.791709,-0.0346568,-0.0603109,-0.00900274,0.956225,-1.73983,-3.06836,-0.411297,-1.60599,-3.01347,9.91715,0.0131574,,3,-2.32186,0.0202406,0.833333,0.0157461
steer_corr_yaw,self,decorr,6,0.757052,0.691007,0.0660452,0.0355553,0.0965351,1.09558,2.83029,1.22946,4.43112,2.61257,4.9022,8.97518,0.000851918,0.00216072,36,2.80224,0.00507487,-1,0.00274931
steer_corr_yaw,self,conf25,6,0.757052,0.748515,0.008537,-0.0154306,0.0325046,1.01141,0.458302,-0.688043,1.60465,0.423048,0.793802,9.98479,0.445766,,22,0.560449,0.575174,-0.222222,0.452887
steer_corr_yaw,self,conf50,6,0.757052,0.732548,0.024504,0.000493031,0.048515,1.03345,1.31305,0.0654751,2.56063,1.21205,2.27427,9.98762,0.0462646,,28,1.52122,0.128205,-0.555556,0.0549863
steer_corr_yaw,self,conf75,6,0.757052,0.723243,0.0338092,-0.00478322,0.0724016,1.04675,1.1773,-0.0484014,2.40299,1.08674,2.03914,7.59423,0.0776591,,30,1.84147,0.0655522,-0.666667,0.0757311
steer_corr_yaw,shuffle,randmat,6,0.707743,0.791709,-0.0839658,-0.105872,-0.0620592,0.893944,-5.32271,-7.73418,-2.91123,-4.91327,-9.2192,6.46009,5.94961e-05,,0,-2.80224,0.00507487,1,
steer_corr_yaw,shuffle,decorr,6,0.707743,0.691007,0.0167362,-0.0115369,0.0450092,1.02422,0.840403,-0.340078,2.02088,0.775756,1.45562,5.88033,0.196721,,24,0.880705,0.378478,-0.333333,
steer_corr_yaw,shuffle,conf25,6,0.707743,0.748515,-0.040772,-0.0601077,-0.0214363,0.94553,-2.88997,-4.50778,-1.27216,-2.66766,-5.00557,6.86837,0.00164499,,0,-2.80224,0.00507487,1,
steer_corr_yaw,shuffle,conf50,6,0.707743,0.732548,-0.024805,-0.0442107,-0.00539931,0.966139,-1.75257,-3.08378,-0.421362,-1.61776,-3.03554,6.85513,0.0194542,,0,-2.80224,0.00507487,1,
steer_corr_yaw,shuffle,conf75,6,0.707743,0.723243,-0.0154998,-0.0530761,0.0220764,0.978569,-0.595813,-1.75223,0.560607,-0.549981,-1.03198,5.50026,0.345307,,12,-0.880705,0.378478,0.333333,
steer_corr_yaw,randmat,decorr,6,0.791709,0.691007,0.100702,0.0694256,0.131978,1.14573,4.17855,2.15984,6.19726,3.85712,7.23746,9.3923,3.90499e-05,,36,2.80224,0.00507487,-1,
steer_corr_yaw,randmat,conf25,6,0.791709,0.748515,0.0431938,0.0179522,0.0684355,1.05771,2.20638,0.771222,3.64154,2.03666,3.82156,9.83387,0.00346886,,36,2.80224,0.00507487,-1,
steer_corr_yaw,randmat,conf50,6,0.791709,0.732548,0.0591608,0.0338803,0.0844414,1.08076,3.01694,1.36245,4.67144,2.78487,5.2255,9.84322,0.000407287,,36,2.80224,0.00507487,-1,
steer_corr_yaw,randmat,conf75,6,0.791709,0.723243,0.068466,0.0294167,0.107515,1.09467,2.33335,0.866404,3.80031,2.15387,4.04149,8.01915,0.00370956,,36,2.80224,0.00507487,-1,
steer_corr_yaw,decorr,conf25,6,0.691007,0.748515,-0.0575082,-0.0877169,-0.0272995,0.92317,-2.49568,-4.00479,-0.986569,-2.3037,-4.32264,8.78416,0.00203812,,2,-2.48199,0.0130652,0.888889,
steer_corr_yaw,decorr,conf50,6,0.691007,0.732548,-0.0415412,-0.0717762,-0.0113062,0.943292,-1.80058,-3.14201,-0.45916,-1.66208,-3.1187,8.8031,0.0126782,,4,-2.16173,0.030639,0.777778,
steer_corr_yaw,decorr,conf75,6,0.691007,0.723243,-0.032236,-0.0735241,0.00905205,0.955429,-1.01498,-2.21722,0.187256,-0.936908,-1.758,9.28377,0.11159,,8,-1.52122,0.128205,0.555556,
steer_corr_yaw,conf25,conf50,6,0.748515,0.732548,0.015967,-0.00756852,0.0395025,1.0218,0.872734,-0.311495,2.05696,0.805601,1.51162,9.99985,0.161569,,25,1.04083,0.297953,-0.388889,
steer_corr_yaw,conf25,conf75,6,0.748515,0.723243,0.0252722,-0.0131639,0.0637083,1.03494,0.887339,-0.298626,2.0733,0.819082,1.53692,7.42475,0.165764,,30,1.84147,0.0655522,-0.666667,
steer_corr_yaw,conf50,conf75,6,0.732548,0.723243,0.00930517,-0.0291454,0.0477557,1.01287,0.326459,-0.81264,1.46556,0.301346,0.565443,7.44105,0.58841,,16,-0.240192,0.810181,0.111111,
steer_asym_sd_hz,rest,flow,6,274.688,579.636,-304.949,-324.879,-285.019,0.473897,-19.6836,-27.6394,-11.7278,-18.1695,-34.093,9.99998,1.11537e-11,,0,-2.80224,0.00507487,1,
steer_asym_sd_hz,rest,self,6,274.688,572.412,-297.724,-318.744,-276.704,0.479878,-18.2457,-25.6325,-10.8588,-16.8422,-31.6024,9.9011,2.84457e-11,,0,-2.80224,0.00507487,1,0.00274931
steer_asym_sd_hz,rest,shuffle,6,274.688,563.096,-288.408,-307.815,-269.001,0.487817,-19.1247,-26.8592,-11.3901,-17.6535,-33.1249,9.97116,1.56809e-11,,0,-2.80224,0.00507487,1,
steer_asym_sd_hz,rest,randmat,6,274.688,608.921,-334.234,-360.973,-307.495,0.451105,-16.4694,-23.1549,-9.78395,-15.2026,-28.5259,8.51193,9.50747e-10,,0,-2.80224,0.00507487,1,
steer_asym_sd_hz,rest,decorr,6,274.688,546.389,-271.702,-295.545,-247.858,0.502733,-14.8236,-20.8612,-8.78606,-13.6833,-25.6753,9.24071,6.59012e-10,,0,-2.80224,0.00507487,1,
steer_asym_sd_hz,rest,conf25,6,274.688,565.802,-291.114,-308.811,-273.417,0.485484,-21.4179,-30.0611,-12.7747,-19.7704,-37.0969,9.18842,2.52365e-11,,0,-2.80224,0.00507487,1,
steer_asym_sd_hz,rest,conf50,6,274.688,552.82,-278.133,-295.153,-261.112,0.496884,-21.601,-30.3167,-12.8852,-19.9393,-37.414,8.34393,1.37148e-10,,0,-2.80224,0.00507487,1,
steer_asym_sd_hz,rest,conf75,6,274.688,557.788,-283.101,-305.5,-260.702,0.492458,-16.3484,-22.9861,-9.71062,-15.0908,-28.3162,9.61235,1.38898e-10,,0,-2.80715,0.00499812,1,
steer_asym_sd_hz,flow,self,6,579.636,572.412,7.22467,-13.8086,28.2579,1.01262,0.44245,-0.702897,1.5878,0.408415,0.766345,9.90406,0.461346,0.671526,22,0.560449,0.575174,-0.222222,0.460635
steer_asym_sd_hz,flow,shuffle,6,579.636,563.096,16.5407,-2.8828,35.9641,1.02937,1.09594,-0.117619,2.30951,1.01164,1.89823,9.9695,0.0869657,,29,1.68135,0.0926958,-0.611111,
steer_asym_sd_hz,flow,randmat,6,579.636,608.921,-29.285,-56.0319,-2.53812,0.951907,-1.44238,-2.71261,-0.17215,-1.33143,-2.49828,8.5196,0.0353407,,4,-2.16173,0.030639,0.777778,
steer_asym_sd_hz,flow,decorr,6,579.636,546.389,33.2472,9.39279,57.1015,1.06085,1.81292,0.46884,3.157,1.67347,3.14007,9.24759,0.0115395,,32,2.16173,0.030639,-0.777778,
steer_asym_sd_hz,flow,conf25,6,579.636,565.802,13.8345,-3.88184,31.5508,1.02445,1.01682,-0.185666,2.21931,0.938605,1.76119,9.18139,0.11139,,27,1.36109,0.173485,-0.5,
steer_asym_sd_hz,flow,conf50,6,579.636,552.82,26.816,9.77407,43.8579,1.04851,2.08033,0.67563,3.48504,1.92031,3.60325,8.33631,0.00648909,,34,2.48199,0.0130652,-0.888889,
steer_asym_sd_hz,flow,conf75,6,579.636,557.788,21.8478,-0.563053,44.2587,1.03917,1.26088,0.0219514,2.49982,1.16389,2.18392,9.6178,0.0549306,,31,2.00511,0.0449512,-0.722222,
steer_asym_sd_hz,self,shuffle,6,572.412,563.096,9.316,-11.2525,29.8845,1.01654,0.584503,-0.570992,1.74,0.539542,1.01239,9.77155,0.335763,0.671526,26,1.20096,0.229766,-0.444444,0.349413
steer_asym_sd_hz,self,randmat,6,572.412,608.921,-36.5097,-63.8547,-9.16465,0.940042,-1.74358,-3.07289,-0.41426,-1.60945,-3.01996,9.00692,0.0144678,,4,-2.16173,0.030639,0.777778,0.0139965
steer_asym_sd_hz,self,decorr,6,572.412,546.389,26.0225,1.40457,50.6404,1.04763,1.36665,0.109896,2.62341,1.26153,2.36711,9.6437,0.0403439,0.121032,31,2.0016,0.0453276,-0.722222,0.047988
steer_asym_sd_hz,self,conf25,6,572.412,565.802,6.60983,-12.4762,25.6959,1.01168,0.454657,-0.691455,1.60077,0.419683,0.787489,8.7051,0.451903,,21,0.40032,0.688921,-0.166667,0.455636
steer_asym_sd_hz,self,conf50,6,572.412,552.82,19.5913,1.06555,38.1171,1.03544,1.41241,0.147581,2.67724,1.30376,2.44637,7.85737,0.0406899,,30,1.84147,0.0655522,-0.666667,0.0449888
steer_asym_sd_hz,self,conf75,6,572.412,557.788,14.6232,-8.65424,37.9006,1.02622,0.809306,-0.367691,1.9863,0.747052,1.40176,9.89514,0.191567,,27,1.36348,0.172733,-0.5,0.19845
steer_asym_sd_hz,shuffle,randmat,6,563.096,608.921,-45.8257,-72.304,-19.3473,0.924743,-2.29237,-3.74894,-0.835796,-2.11603,-3.97049,8.24401,0.00387511,,1,-2.64211,0.00823902,0.944444,
steer_asym_sd_hz,shuffle,decorr,6,563.096,546.389,16.7065,-6.7965,40.2095,1.03058,0.928541,-0.262462,2.11954,0.857115,1.60828,8.98956,0.142274,,26,1.20096,0.229766,-0.444444,
steer_asym_sd_hz,shuffle,conf25,6,563.096,565.802,-2.70617,-19.7437,14.3314,0.995217,-0.206036,-1.34062,0.928548,-0.190187,-0.356865,9.42337,0.729054,,14,-0.560449,0.575174,0.222222,
steer_asym_sd_hz,shuffle,conf50,6,563.096,552.82,10.2753,-6.0208,26.5715,1.01859,0.829198,-0.350013,2.00841,0.765414,1.43621,8.61271,0.186251,,26,1.20096,0.229766,-0.444444,
steer_asym_sd_hz,shuffle,conf75,6,563.096,557.788,5.30717,-16.6994,27.3138,1.00951,0.312924,-0.825566,1.45141,0.288853,0.542,9.40341,0.600425,,25,1.04266,0.297107,-0.388889,
steer_asym_sd_hz,randmat,decorr,6,608.921,546.389,62.5322,33.4455,91.6188,1.11445,2.774,1.18902,4.35898,2.56061,4.8047,9.78176,0.000764716,,35,2.64211,0.00823902,-0.944444,
steer_asym_sd_hz,randmat,conf25,6,608.921,565.802,43.1195,17.4131,68.8259,1.07621,2.28229,0.828257,3.73633,2.10673,3.95305,7.11837,0.00532808,,33,2.32186,0.0202406,-0.833333,
steer_asym_sd_hz,randmat,conf50,6,608.921,552.82,56.101,30.6362,81.5658,1.10148,3.05152,1.38691,4.71614,2.81679,5.2854,6.53593,0.00141939,,35,2.64211,0.00823902,-0.944444,
steer_asym_sd_hz,randmat,conf75,6,608.921,557.788,51.1328,22.9679,79.2978,1.09167,2.3534,0.881331,3.82546,2.17237,4.0762,9.46726,0.00249576,,35,2.64675,0.00812704,-0.944444,
steer_asym_sd_hz,decorr,conf25,6,546.389,565.802,-19.4127,-41.8555,3.03021,0.96569,-1.15797,-2.38072,0.0647769,-1.0689,-2.00566,7.7552,0.0809379,,7,-1.68135,0.0926958,0.611111,
steer_asym_sd_hz,decorr,conf50,6,546.389,552.82,-6.43117,-28.5108,15.6485,0.988367,-0.397251,-1.53994,0.745441,-0.366693,-0.688058,7.03473,0.513458,,14,-0.560449,0.575174,0.222222,
steer_asym_sd_hz,decorr,conf75,6,546.389,557.788,-11.3993,-37.033,14.2343,0.979563,-0.572715,-1.72727,0.581835,-0.52866,-0.991972,9.91774,0.344796,,13,-0.72184,0.470393,0.277778,
steer_asym_sd_hz,conf25,conf50,6,565.802,552.82,12.9815,-0.618516,26.5815,1.02348,1.23279,-0.00160732,2.46719,1.13796,2.13526,9.71609,0.059286,,30,1.84147,0.0655522,-0.666667,
steer_asym_sd_hz,conf25,conf75,6,565.802,557.788,8.01333,-12.7402,28.7669,1.01437,0.51199,-0.637985,1.66197,0.472607,0.886793,8.19088,0.400478,,26,1.20307,0.228951,-0.444444,
steer_asym_sd_hz,conf50,conf75,6,552.82,557.788,-4.96817,-25.2712,15.3349,0.991093,-0.330471,-1.46975,0.808813,-0.30505,-0.572392,7.39675,0.584028,,16,-0.240613,0.809855,0.111111,
dn_rate_hz,rest,flow,6,2696.67,4236.22,-1539.56,-1616.06,-1463.05,0.636574,-29.6016,-41.4985,-17.7048,-27.3246,-51.2715,5.15249,3.52626e-08,,0,-2.80224,0.00507487,1,
dn_rate_hz,rest,self,6,2696.67,4072.44,-1375.78,-1430.18,-1321.37,0.662174,-36.8985,-51.704,-22.093,-34.0601,-63.91,5.30084,7.36039e-09,,0,-2.80224,0.00507487,1,0.00274931
dn_rate_hz,rest,shuffle,6,2696.67,4250.39,-1553.72,-1614.77,-1492.68,0.634452,-37.262,-52.2125,-22.3115,-34.3957,-64.5396,5.23918,8.36834e-09,,0,-2.80224,0.00507487,1,
dn_rate_hz,rest,randmat,6,2696.67,4209.94,-1513.28,-1556.93,-1469.62,0.640547,-50.1542,-70.2515,-30.0568,-46.2962,-86.8696,5.46621,8.52137e-10,,0,-2.80224,0.00507487,1,
dn_rate_hz,rest,decorr,6,2696.67,4197,-1500.34,-1560.89,-1439.78,0.642522,-36.2651,-50.8179,-21.7122,-33.4755,-62.813,5.24305,9.53669e-09,,0,-2.80224,0.00507487,1,
dn_rate_hz,rest,conf25,6,2696.67,4103.61,-1406.94,-1466.95,-1346.94,0.657145,-34.3121,-48.0861,-20.5381,-31.6727,-59.4303,5.24753,1.25826e-08,,0,-2.80224,0.00507487,1,
dn_rate_hz,rest,conf50,6,2696.67,4130.33,-1433.67,-1468.86,-1398.48,0.652893,-58.2592,-81.5948,-34.9236,-53.7777,-100.908,5.71562,1.63595e-10,,0,-2.80224,0.00507487,1,
dn_rate_hz,rest,conf75,6,2696.67,4154.78,-1458.11,-1484.16,-1432.06,0.649052,-78.181,-109.48,-46.8822,-72.1671,-135.413,6.30007,3.74147e-12,,0,-2.80224,0.00507487,1,
dn_rate_hz,flow,self,6,4236.22,4072.44,163.778,81.0762,246.48,1.04022,2.58508,1.05207,4.11809,2.38623,4.47749,9.03107,0.00152483,0.00304965,34,2.48199,0.0130652,-0.888889,0.00774806
dn_rate_hz,flow,shuffle,6,4236.22,4250.39,-14.1683,-99.7021,71.3654,0.996667,-0.214516,-1.34935,0.92032,-0.198014,-0.371552,9.5323,0.718351,,16,-0.240192,0.810181,0.111111,
dn_rate_hz,flow,randmat,6,4236.22,4209.94,26.2767,-52.9573,105.511,1.00624,0.442011,-0.703309,1.58733,0.40801,0.765586,7.95005,0.466041,,22,0.560449,0.575174,-0.222222,
dn_rate_hz,flow,decorr,6,4236.22,4197,39.22,-46.0878,124.528,1.00934,0.595662,-0.560745,1.75207,0.549842,1.03172,9.50116,0.327752,,24,0.880705,0.378478,-0.333333,
dn_rate_hz,flow,conf25,6,4236.22,4103.61,132.612,47.5551,217.668,1.03232,2.02113,0.630327,3.41193,1.86566,3.5007,9.46491,0.00621689,,33,2.32186,0.0202406,-0.833333,
dn_rate_hz,flow,conf50,6,4236.22,4130.33,105.888,28.3731,183.404,1.02564,1.86336,0.508284,3.21844,1.72003,3.22744,7.02915,0.0144207,,32,2.16173,0.030639,-0.777778,
dn_rate_hz,flow,conf75,6,4236.22,4154.78,81.445,4.85253,158.037,1.0196,1.49409,0.214324,2.77385,1.37916,2.58783,6.1379,0.0404919,,29,1.68135,0.0926958,-0.611111,
dn_rate_hz,self,shuffle,6,4072.44,4250.39,-177.947,-249.089,-106.804,0.958134,-3.22338,-4.93905,-1.5077,-2.97542,-5.58305,9.87095,0.000244418,0.000733254,0,-2.80224,0.00507487,1,0.00274931
dn_rate_hz,self,randmat,6,4072.44,4209.94,-137.502,-198.49,-76.5129,0.967339,-2.91876,-4.54482,-1.2927,-2.69424,-5.05544,9.55343,0.00057026,,0,-2.80224,0.00507487,1,0.00274931
dn_rate_hz,self,decorr,6,4072.44,4197,-124.558,-195.367,-53.7492,0.970322,-2.26638,-3.71642,-0.81633,-2.09204,-3.92548,9.88806,0.00290298,0.00304965,2,-2.48199,0.0130652,0.888889,0.0109973
dn_rate_hz,self,conf25,6,4072.44,4103.61,-31.1667,-101.603,39.2696,0.992405,-0.569947,-1.72428,0.584385,-0.526105,-0.987176,9.90609,0.347054,,10,-1.20096,0.229766,0.444444,0.354411
dn_rate_hz,self,conf50,6,4072.44,4130.33,-57.89,-115.485,-0.294516,0.985984,-1.32305,-2.57231,-0.0737808,-1.22127,-2.29158,8.5619,0.0490735,,8,-1.52122,0.128205,0.555556,0.0527368
dn_rate_hz,self,conf75,6,4072.44,4154.78,-82.3333,-137.645,-27.0214,0.980183,-2.02276,-3.41394,-0.631579,-1.86716,-3.50352,7.16416,0.00958195,,3,-2.32186,0.0202406,0.833333,0.0109973
dn_rate_hz,shuffle,randmat,6,4250.39,4209.94,40.445,-25.673,106.563,1.00961,0.798154,-0.377624,1.97393,0.736757,1.38244,9.05756,0.199968,,25,1.04083,0.297953,-0.388889,
dn_rate_hz,shuffle,decorr,6,4250.39,4197,53.3883,-21.2797,128.056,1.01272,0.919808,-0.27011,2.10973,0.849054,1.59315,9.99935,0.142212,,27,1.36109,0.173485,-0.5,
dn_rate_hz,shuffle,conf25,6,4250.39,4103.61,146.78,72.4455,221.115,1.03577,2.54024,1.01928,4.06121,2.34484,4.39983,9.99705,0.00133636,,36,2.80224,0.00507487,-1,
dn_rate_hz,shuffle,conf50,6,4250.39,4130.33,120.057,56.7162,183.397,1.02907,2.52376,1.00719,4.04032,2.32962,4.37127,7.99545,0.00237966,,36,2.80224,0.00507487,-1,
dn_rate_hz,shuffle,conf75,6,4250.39,4154.78,95.6133,34.0207,157.206,1.02301,2.13519,0.717371,3.55301,1.97094,3.69826,6.75183,0.00818272,,36,2.80224,0.00507487,-1,
dn_rate_hz,randmat,decorr,6,4209.94,4197,12.9433,-52.7837,78.6703,1.00308,0.256785,-0.879454,1.39302,0.237032,0.444765,9.0955,0.666885,,21,0.40032,0.688921,-0.166667,
dn_rate_hz,randmat,conf25,6,4209.94,4103.61,106.335,41.0462,171.624,1.02591,2.12227,0.707556,3.53697,1.95901,3.67587,9.13816,0.00497725,,34,2.48199,0.0130652,-0.888889,
dn_rate_hz,randmat,conf50,6,4209.94,4130.33,79.6117,30.586,128.637,1.01927,2.10184,0.692018,3.51166,1.94016,3.64049,9.56812,0.0048746,,34,2.48199,0.0130652,-0.888889,
dn_rate_hz,randmat,conf75,6,4209.94,4154.78,55.1683,9.63009,100.707,1.01328,1.60809,0.306404,2.90978,1.48439,2.7853,8.14031,0.0233337,,32,2.16173,0.030639,-0.777778,
dn_rate_hz,decorr,conf25,6,4197,4103.61,93.3917,19.3613,167.422,1.02276,1.62287,0.318251,2.9275,1.49804,2.8109,9.99917,0.0184478,,32,2.16173,0.030639,-0.777778,
dn_rate_hz,decorr,conf50,6,4197,4130.33,66.6683,3.76067,129.576,1.01614,1.40992,0.145536,2.6743,1.30147,2.44205,8.03411,0.0403116,,31,2.0016,0.0453276,-0.722222,
dn_rate_hz,decorr,conf75,6,4197,4154.78,42.225,-18.8997,103.35,1.01016,0.949379,-0.244251,2.14301,0.87635,1.64437,6.77837,0.145498,,26,1.20096,0.229766,-0.444444,
dn_rate_hz,conf25,conf50,6,4103.61,4130.33,-26.7233,-89.1451,35.6984,0.99353,-0.569013,-1.72327,0.585244,-0.525243,-0.985559,8.07828,0.352944,,11,-1.04083,0.297953,0.388889,
dn_rate_hz,conf25,conf75,6,4103.61,4154.78,-51.1667,-111.765,9.43186,0.987685,-1.15932,-2.38227,0.063635,-1.07014,-2.008,6.80895,0.0857591,,9,-1.36109,0.173485,0.5,
dn_rate_hz,conf50,conf75,6,4130.33,4154.78,-24.4433,-62.8883,14.0017,0.994117,-0.82769,-2.00673,0.351352,-0.764022,-1.4336,9.19682,0.184795,,8,-1.52122,0.128205,0.555556,
