metric,arm_a,arm_b,n_per_arm,mean_a,mean_b,diff_a_minus_b,diff_ci95_lo,diff_ci95_hi,ratio_a_over_b,cohens_d,d_ci95_lo,d_ci95_hi,hedges_g,welch_t,welch_df,p_welch_two_sided,p_holm_self_family,mannwhitney_U,mw_z,p_mannwhitney_two_sided,rank_biserial,p_perm_two_sided
pool_rate_hz,rest,flow,10,22.6377,51.6539,-29.0162,-29.0589,-28.9735,0.438257,-647.36,-847.977,-446.742,-620.006,-1447.54,15.0795,3.38575e-40,,0,-3.74185,0.000182672,1,
pool_rate_hz,rest,self,10,22.6377,51.1667,-28.529,-28.5844,-28.4735,0.442431,-498.844,-653.437,-344.251,-477.766,-1115.45,12.5836,8.22589e-33,,0,-3.74326,0.000181651,1,0.000249938
pool_rate_hz,rest,shuffle,10,22.6377,51.2718,-28.6341,-28.6922,-28.576,0.441524,-479.393,-627.958,-330.828,-459.137,-1071.95,12.2548,7.64131e-32,,0,-3.74185,0.000182672,1,
pool_rate_hz,rest,randmat,10,22.6377,50.9804,-28.3427,-28.3889,-28.2965,0.444047,-587.621,-769.725,-405.517,-562.792,-1313.96,14.2097,1.55902e-37,,0,-3.74185,0.000182672,1,
pool_rate_hz,rest,decorr,10,22.6377,51.5366,-28.8988,-28.9568,-28.8409,0.439255,-484.573,-634.743,-334.402,-464.098,-1083.54,12.2659,6.31631e-32,,0,-3.74185,0.000182672,1,
pool_rate_hz,rest,conf25,10,22.6377,51.33,-28.6923,-28.7386,-28.646,0.441023,-593.658,-777.633,-409.683,-568.574,-1327.46,14.1869,1.5247e-37,,0,-3.74185,0.000182672,1,
pool_rate_hz,rest,conf50,10,22.6377,51.368,-28.7303,-28.7804,-28.6801,0.440697,-551.489,-722.396,-380.582,-528.187,-1233.17,13.4045,2.82937e-35,,0,-3.74185,0.000182672,1,
pool_rate_hz,rest,conf75,10,22.6377,51.4795,-28.8417,-28.9173,-28.7662,0.439743,-376.153,-492.726,-259.581,-360.26,-841.105,10.8831,1.52623e-27,,0,-3.74185,0.000182672,1,
pool_rate_hz,flow,self,10,51.6539,51.1667,0.48724,0.426275,0.548205,1.00952,7.55899,5.05786,10.0601,7.2396,16.9024,16.4804,7.72647e-12,2.31794e-11,100,3.74326,0.000181651,-1,0.000249938
pool_rate_hz,flow,shuffle,10,51.6539,51.2718,0.38214,0.318895,0.445385,1.00745,5.72735,3.74782,7.70688,5.48535,12.8067,16.0346,7.75864e-10,,100,3.74185,0.000182672,-1,
pool_rate_hz,flow,randmat,10,51.6539,50.9804,0.67353,0.620255,0.726805,1.01321,11.8868,8.10027,15.6734,11.3846,26.5797,17.8258,8.61881e-16,,100,3.74185,0.000182672,-1,
pool_rate_hz,flow,decorr,10,51.6539,51.5366,0.11738,0.0542185,0.180541,1.00228,1.76142,0.728821,2.79401,1.68699,3.93865,16.0506,0.00116785,,87.5,2.79799,0.00514218,-0.75,
pool_rate_hz,flow,conf25,10,51.6539,51.33,0.32397,0.270615,0.377325,1.00631,5.70916,3.73468,7.68363,5.46792,12.7661,17.8164,2.11745e-10,,100,3.74185,0.000182672,-1,
pool_rate_hz,flow,conf50,10,51.6539,51.368,0.28597,0.229456,0.342484,1.00557,4.7674,3.04955,6.48526,4.56596,10.6602,17.3347,4.91348e-09,,100,3.74185,0.000182672,-1,
pool_rate_hz,flow,conf75,10,51.6539,51.4795,0.17448,0.0953571,0.253603,1.00339,2.12162,1.02591,3.21732,2.03197,4.74408,13.56,0.000342137,,96,3.43948,0.00058284,-0.92,
pool_rate_hz,self,shuffle,10,51.1667,51.2718,-0.1051,-0.176133,-0.0340671,0.99795,-1.39044,-2.36715,-0.41373,-1.33169,-3.10912,17.9515,0.00607185,0.00607185,16,-2.53331,0.011299,0.68,0.00774806
pool_rate_hz,self,randmat,10,51.1667,50.9804,0.18629,0.123256,0.249324,1.00365,2.78565,1.5554,4.0159,2.66795,6.22891,17.2318,8.6206e-06,,99,3.66763,0.000244805,-0.98,0.000249938
pool_rate_hz,self,decorr,10,51.1667,51.5366,-0.36986,-0.440824,-0.298896,0.992823,-4.89784,-6.65059,-3.1451,-4.69089,-10.9519,17.9549,2.22565e-09,4.4513e-09,0,-3.74326,0.000181651,1,0.000249938
pool_rate_hz,self,conf25,10,51.1667,51.33,-0.16327,-0.226366,-0.100174,0.996819,-2.43884,-3.59621,-1.28147,-2.33579,-5.45341,17.2495,4.07952e-05,,6,-3.28953,0.00100356,0.88,0.000249938
pool_rate_hz,self,conf50,10,51.1667,51.368,-0.20127,-0.266831,-0.135709,0.996082,-2.88715,-4.13968,-1.63463,-2.76516,-6.45587,17.7668,4.78378e-06,,3,-3.51639,0.000437455,0.94,0.000249938
pool_rate_hz,self,conf75,10,51.1667,51.4795,-0.31276,-0.39757,-0.22795,0.993925,-3.49132,-4.88377,-2.09887,-3.3438,-7.80683,16.28,6.77865e-07,,0,-3.74326,0.000181651,1,0.000249938
pool_rate_hz,shuffle,randmat,10,51.2718,50.9804,0.29139,0.226188,0.356592,1.00572,4.21942,2.64523,5.79361,4.04113,9.4349,16.8581,3.88351e-08,,99,3.66626,0.000246128,-0.98,
pool_rate_hz,shuffle,decorr,10,51.2718,51.5366,-0.26476,-0.337535,-0.191985,0.994863,-3.4182,-4.79311,-2.04328,-3.27377,-7.64332,17.9999,4.66343e-07,,0,-3.74185,0.000182672,1,
pool_rate_hz,shuffle,conf25,10,51.2718,51.33,-0.05817,-0.123431,0.0070907,0.998867,-0.841482,-1.75597,0.0730092,-0.805927,-1.88161,16.8786,0.0772511,,29,-1.54965,0.121225,0.42,
pool_rate_hz,shuffle,conf50,10,51.2718,51.368,-0.09617,-0.163773,-0.0285669,0.998128,-1.33922,-2.30903,-0.369408,-1.28263,-2.99459,17.5198,0.00794864,,14,-2.68355,0.00728456,0.72,
pool_rate_hz,shuffle,conf75,10,51.2718,51.4795,-0.20766,-0.293847,-0.121473,0.995966,-2.27636,-3.4015,-1.15122,-2.18018,-5.0901,16.7108,9.56381e-05,,5,-3.36388,0.000768539,0.9,
pool_rate_hz,randmat,decorr,10,50.9804,51.5366,-0.55615,-0.621273,-0.491027,0.989209,-8.06252,-10.7104,-5.41468,-7.72185,-18.0283,16.8721,1.85422e-12,,0,-3.74185,0.000182672,1,
pool_rate_hz,randmat,conf25,10,50.9804,51.33,-0.34956,-0.405442,-0.293678,0.99319,-5.87729,-7.89859,-3.85599,-5.62895,-13.142,17.9999,1.15251e-10,,0,-3.74185,0.000182672,1,
pool_rate_hz,randmat,conf50,10,50.9804,51.368,-0.38756,-0.446393,-0.328727,0.992455,-6.19363,-8.30369,-4.08357,-5.93193,-13.8494,17.8254,5.58898e-11,,0,-3.74185,0.000182672,1,
pool_rate_hz,randmat,conf75,10,50.9804,51.4795,-0.49905,-0.579562,-0.418538,0.990306,-5.93072,-7.96694,-3.89449,-5.68012,-13.2615,14.3798,1.84709e-09,,0,-3.74185,0.000182672,1,
pool_rate_hz,decorr,conf25,10,51.5366,51.33,0.20659,0.141409,0.271771,1.00402,2.99196,1.71603,4.26788,2.86554,6.69022,16.8925,3.92624e-06,,100,3.74185,0.000182672,-1,
pool_rate_hz,decorr,conf50,10,51.5366,51.368,0.16859,0.101062,0.236118,1.00328,2.35021,1.21059,3.48984,2.25091,5.25524,17.5299,5.83803e-05,,96,3.43948,0.00058284,-0.92,
pool_rate_hz,decorr,conf75,10,51.5366,51.4795,0.0571,-0.0290363,0.143236,1.00111,0.626342,-0.271414,1.5241,0.599877,1.40054,16.6962,0.179661,,66,1.17169,0.241322,-0.32,
pool_rate_hz,conf25,conf50,10,51.33,51.368,-0.038,-0.0969025,0.0209025,0.99926,-0.606546,-1.503,0.289904,-0.580918,-1.35628,17.8345,0.191934,,33,-1.24728,0.212294,0.34,
pool_rate_hz,conf25,conf75,10,51.33,51.4795,-0.14949,-0.230044,-0.0689358,0.997096,-1.77535,-2.81024,-0.740466,-1.70034,-3.96981,14.403,0.00132621,,10,-2.98592,0.00282727,0.8,
pool_rate_hz,conf50,conf75,10,51.368,51.4795,-0.11149,-0.193744,-0.0292361,0.997834,-1.29011,-2.25351,-0.326715,-1.2356,-2.88478,15.2591,0.011185,,19,-2.30558,0.0211339,0.62,
injected_events,rest,flow,10,0,655071,-655071,-655733,-654409,0,-1001.76,-1312.21,-691.319,-959.436,-2240.01,9,3.58602e-27,,0,-3.99806,6.38644e-05,1,
injected_events,rest,self,10,0,655279,-655279,-655944,-654615,0,-997.598,-1306.75,-688.444,-955.446,-2230.7,9,3.72309e-27,,0,-3.99806,6.38644e-05,1,0.000249938
injected_events,rest,shuffle,10,0,655293,-655293,-655905,-654681,0,-1083.78,-1419.64,-747.917,-1037.99,-2423.4,9,1.76619e-27,,0,-3.99806,6.38644e-05,1,
injected_events,rest,randmat,10,0,655168,-655168,-655773,-654562,0,-1095.11,-1434.48,-755.736,-1048.84,-2448.74,9,1.60838e-27,,0,-3.99806,6.38644e-05,1,
injected_events,rest,decorr,10,0,655729,-655729,-656360,-655098,0,-1051.36,-1377.18,-725.547,-1006.94,-2350.92,9,2.3213e-27,,0,-3.99977,6.34029e-05,1,
injected_events,rest,conf25,10,0,655637,-655637,-656100,-655174,0,-1432.82,-1876.85,-988.791,-1372.28,-3203.88,9,1.43147e-28,,0,-3.99806,6.38644e-05,1,
injected_events,rest,conf50,10,0,655379,-655379,-655911,-654847,0,-1245.76,-1631.82,-859.702,-1193.12,-2785.61,9,5.04185e-28,,0,-3.99806,6.38644e-05,1,
injected_events,rest,conf75,10,0,655347,-655347,-656010,-654683,0,-999.023,-1308.62,-689.427,-956.811,-2233.88,9,3.67556e-27,,0,-3.99806,6.38644e-05,1,
injected_events,flow,self,10,655071,655279,-208.3,-1079.14,662.543,0.999682,-0.224737,-1.10402,0.654548,-0.215241,-0.502528,17.9996,0.621389,1,42,-0.566947,0.57075,0.16,0.612847
injected_events,flow,shuffle,10,655071,655293,-221.9,-1059.05,615.253,0.999661,-0.249154,-1.12907,0.630763,-0.238626,-0.557125,17.8906,0.584345,,39,-0.793725,0.427355,0.22,
injected_events,flow,randmat,10,655071,655168,-96.6,-929.805,736.605,0.999853,-0.108992,-0.986165,0.768181,-0.104387,-0.243714,17.8595,0.81023,,47,-0.188982,0.850107,0.06,
injected_events,flow,decorr,10,655071,655729,-657.7,-1506.88,191.48,0.998997,-0.727818,-1.63289,0.177259,-0.697065,-1.62745,17.9598,0.121058,,32,-1.32337,0.185711,0.36,
injected_events,flow,conf25,10,655071,655637,-565.8,-1322.04,190.439,0.999137,-0.708918,-1.61255,0.194717,-0.678964,-1.58519,16.1093,0.132356,,27,-1.70084,0.088973,0.46,
injected_events,flow,conf50,10,655071,655379,-308.1,-1099.25,483.046,0.99953,-0.367104,-1.25098,0.51677,-0.351593,-0.82087,17.2107,0.422945,,37,-0.944911,0.344704,0.26,
injected_events,flow,conf75,10,655071,655347,-275.7,-1145.96,594.563,0.999579,-0.297654,-1.17902,0.583709,-0.285077,-0.665574,17.9998,0.514123,,42,-0.566947,0.57075,0.16,
injected_events,self,shuffle,10,655279,655293,-13.6,-852.827,825.627,0.999979,-0.0152334,-0.891769,0.861302,-0.0145897,-0.0340629,17.8779,0.973204,1,53,0.188982,0.850107,-0.06,0.974506
injected_events,self,randmat,10,655279,655168,111.7,-723.595,946.995,1.00017,0.125721,-0.751667,1.00311,0.120409,0.281121,17.8451,0.781851,,56,0.415761,0.677585,-0.12,0.773307
injected_events,self,decorr,10,655279,655729,-449.4,-1300.61,401.808,0.999315,-0.496141,-1.38605,0.393764,-0.475178,-1.10941,17.9519,0.281896,0.845688,35,-1.09651,0.272856,0.3,0.273682
injected_events,self,conf25,10,655279,655637,-357.5,-1116.17,401.172,0.999455,-0.44658,-1.33396,0.440801,-0.427711,-0.998584,16.0702,0.332796,,41,-0.64254,0.520523,0.18,0.324419
injected_events,self,conf50,10,655279,655379,-99.8,-893.213,693.613,0.999848,-0.118589,-0.995881,0.758704,-0.113578,-0.265173,17.1803,0.794032,,49,-0.0377964,0.96985,0.02,0.784554
injected_events,self,conf75,10,655279,655347,-67.4,-939.615,804.815,0.999897,-0.0726041,-0.949415,0.804207,-0.0695364,-0.162348,18,0.872841,,48,-0.113389,0.909722,0.04,0.868033
injected_events,shuffle,randmat,10,655293,655168,125.3,-673.891,924.491,1.00019,0.147309,-0.730402,1.02502,0.141085,0.329393,17.998,0.745661,,55,0.340168,0.73373,-0.1,
injected_events,shuffle,decorr,10,655293,655729,-435.8,-1252.02,380.421,0.999335,-0.501689,-1.39189,0.388515,-0.480491,-1.12181,17.9827,0.2767,,34,-1.17213,0.241145,0.32,
injected_events,shuffle,conf25,10,655293,655637,-343.9,-1060.13,372.327,0.999475,-0.453534,-1.34125,0.434186,-0.43437,-1.01413,16.7628,0.324935,,39,-0.793725,0.427355,0.22,
injected_events,shuffle,conf50,10,655293,655379,-86.2,-840.263,667.863,0.999868,-0.107552,-0.984708,0.769604,-0.103008,-0.240495,17.6623,0.812716,,51,0.0377964,0.96985,-0.02,
injected_events,shuffle,conf75,10,655293,655347,-53.8,-892.413,784.813,0.999918,-0.0603047,-0.937026,0.816417,-0.0577567,-0.134846,17.8817,0.89424,,47,-0.188982,0.850107,0.06,
injected_events,randmat,decorr,10,655168,655729,-561.1,-1373.21,251.011,0.999144,-0.649238,-1.54856,0.25008,-0.621805,-1.45174,17.9689,0.163811,,34,-1.17213,0.241145,0.32,
injected_events,randmat,conf25,10,655168,655637,-469.2,-1180.37,241.97,0.999284,-0.622943,-1.52047,0.274586,-0.596622,-1.39294,16.8452,0.181749,,32,-1.32288,0.185877,0.36,
injected_events,randmat,conf50,10,655168,655379,-211.5,-960.903,537.903,0.999677,-0.265478,-1.14585,0.614897,-0.254261,-0.593627,17.7104,0.560267,,44,-0.415761,0.677585,0.12,
injected_events,randmat,conf75,10,655168,655347,-179.1,-1013.78,655.576,0.999727,-0.201728,-1.08048,0.677021,-0.193204,-0.451077,17.8494,0.657366,,45,-0.340168,0.73373,0.1,
injected_events,decorr,conf25,10,655729,655637,91.9,-639.619,823.419,1.00014,0.118803,-0.758492,0.996098,0.113783,0.265652,16.5123,0.793796,,58,0.56716,0.570606,-0.16,
injected_events,decorr,conf50,10,655729,655379,349.6,-418.592,1117.79,1.00053,0.428462,-0.458061,1.31498,0.410358,0.958069,17.5027,0.351076,,57,0.491539,0.623046,-0.14,
injected_events,decorr,conf75,10,655729,655347,382,-468.608,1232.61,1.00058,0.422025,-0.464201,1.30825,0.404193,0.943676,17.9543,0.357862,,61,0.794024,0.427181,-0.22,
injected_events,conf25,conf50,10,655637,655379,257.7,-398.308,913.708,1.00039,0.369597,-0.514377,1.25357,0.35398,0.826444,17.6607,0.419578,,64.5,1.0587,0.289737,-0.29,
injected_events,conf25,conf75,10,655637,655347,290.1,-467.852,1048.05,1.00044,0.362709,-0.520991,1.24641,0.347383,0.811042,16.0817,0.429182,,61,0.793725,0.427355,-0.22,
injected_events,conf50,conf75,10,655379,655347,32.4,-760.342,825.142,1.00005,0.0385308,-0.838073,0.915135,0.0369028,0.0861576,17.1894,0.932337,,51,0.0377964,0.96985,-0.02,
cx_rate_hz,rest,flow,10,0.252298,3.95225,-3.69995,-3.76547,-3.63443,0.0638366,-57.1202,-74.8433,-39.3971,-54.7067,-127.725,9.01294,5.38091e-16,,0,-3.74185,0.000182672,1,
cx_rate_hz,rest,self,10,0.252298,3.22826,-2.97596,-3.07144,-2.88047,0.0781531,-31.5267,-41.336,-21.7174,-30.1946,-70.4959,9.00609,1.15614e-13,,0,-3.74185,0.000182672,1,0.000249938
cx_rate_hz,rest,shuffle,10,0.252298,3.92853,-3.67623,-3.73465,-3.61781,0.0642221,-63.641,-83.3827,-43.8994,-60.952,-142.306,9.01627,2.00896e-16,,0,-3.74185,0.000182672,1,
cx_rate_hz,rest,randmat,10,0.252298,3.10437,-2.85207,-2.91324,-2.79091,0.0812719,-47.1597,-61.8006,-32.5188,-45.167,-105.452,9.01484,3.00515e-15,,0,-3.74185,0.000182672,1,
cx_rate_hz,rest,decorr,10,0.252298,3.96347,-3.71117,-3.7648,-3.65754,0.0636559,-69.9865,-91.6929,-48.2802,-67.0293,-156.495,9.01931,8.43943e-17,,0,-3.74185,0.000182672,1,
cx_rate_hz,rest,conf25,10,0.252298,3.50296,-3.25066,-3.33563,-3.16569,0.0720243,-38.6988,-50.7234,-26.6741,-37.0636,-86.5331,9.00769,1.82121e-14,,0,-3.74185,0.000182672,1,
cx_rate_hz,rest,conf50,10,0.252298,3.66858,-3.41628,-3.4738,-3.35876,0.0687727,-60.0687,-78.7045,-41.433,-57.5306,-134.318,9.01679,3.37546e-16,,0,-3.74185,0.000182672,1,
cx_rate_hz,rest,conf75,10,0.252298,3.89902,-3.64672,-3.74119,-3.55225,0.0647081,-39.0479,-51.1804,-26.9153,-37.398,-87.3137,9.00622,1.68706e-14,,0,-3.74185,0.000182672,1,
cx_rate_hz,flow,self,10,3.95225,3.22826,0.723993,0.615448,0.832538,1.22427,6.32553,4.17822,8.47284,6.05825,14.1443,15.936,1.94247e-10,5.82742e-10,100,3.74185,0.000182672,-1,0.000249938
cx_rate_hz,flow,shuffle,10,3.95225,3.92853,0.023721,-0.0578675,0.105309,1.00604,0.273423,-0.607186,1.15403,0.26187,0.611392,17.7686,0.548683,,58,0.566947,0.57075,-0.16,
cx_rate_hz,flow,randmat,10,3.95225,3.10437,0.847877,0.764618,0.931136,1.27312,9.57139,6.47844,12.6643,9.16697,21.4023,17.9157,3.29343e-14,,100,3.74185,0.000182672,-1,
cx_rate_hz,flow,decorr,10,3.95225,3.96347,-0.011219,-0.0900581,0.0676201,0.997169,-0.134077,-1.01158,0.743429,-0.128412,-0.299806,17.3232,0.767893,,46,-0.264575,0.791337,0.08,
cx_rate_hz,flow,conf25,10,3.95225,3.50296,0.44929,0.34919,0.54939,1.12826,4.23678,2.65811,5.81544,4.05776,9.47372,16.9064,3.56996e-08,,100,3.74185,0.000182672,-1,
cx_rate_hz,flow,conf50,10,3.95225,3.66858,0.283669,0.202615,0.364723,1.07732,3.29219,1.94713,4.63725,3.15308,7.36156,17.7032,8.68303e-07,,100,3.74185,0.000182672,-1,
cx_rate_hz,flow,conf75,10,3.95225,3.89902,0.05323,-0.0544799,0.16094,1.01365,0.468453,-0.42001,1.35692,0.448659,1.04749,16.0302,0.31041,,59,0.64254,0.520523,-0.18,
cx_rate_hz,self,shuffle,10,3.22826,3.92853,-0.700272,-0.805791,-0.594753,0.821747,-6.3293,-8.47768,-4.18093,-6.06187,-14.1527,14.9092,4.7723e-10,7.34776e-10,0,-3.74185,0.000182672,1,0.000249938
cx_rate_hz,self,randmat,10,3.22826,3.10437,0.123884,0.017243,0.230525,1.03991,1.10532,0.164248,2.0464,1.05862,2.47158,15.3209,0.0256312,,77,2.00321,0.0451546,-0.54,0.0162459
cx_rate_hz,self,decorr,10,3.22826,3.96347,-0.735212,-0.838923,-0.631501,0.814503,-6.79234,-9.07247,-4.5122,-6.50534,-15.1881,14.1627,3.67388e-10,7.34776e-10,0,-3.74185,0.000182672,1,0.000249938
cx_rate_hz,self,conf25,10,3.22826,3.50296,-0.274703,-0.393516,-0.15589,0.92158,-2.17443,-3.28003,-1.06882,-2.08255,-4.86216,17.7602,0.00012987,,8,-3.13711,0.00170625,0.84,0.000749813
cx_rate_hz,self,conf50,10,3.22826,3.66858,-0.440324,-0.545488,-0.33516,0.879974,-3.99653,-5.51384,-2.47923,-3.82766,-8.93652,14.7707,2.42529e-07,,0,-3.74185,0.000182672,1,0.000249938
cx_rate_hz,self,conf75,10,3.22826,3.89902,-0.670763,-0.795504,-0.546022,0.827966,-5.0523,-6.84666,-3.25795,-4.83883,-11.2973,17.9979,1.32647e-09,,0,-3.74185,0.000182672,1,0.000249938
cx_rate_hz,shuffle,randmat,10,3.92853,3.10437,0.824156,0.745601,0.902711,1.26548,9.85884,6.68036,13.0373,9.44227,22.045,17.9622,1.86621e-14,,100,3.74185,0.000182672,-1,
cx_rate_hz,shuffle,decorr,10,3.92853,3.96347,-0.03494,-0.108617,0.0387366,0.991184,-0.445806,-1.33315,0.441538,-0.426969,-0.996852,17.8695,0.332144,,36,-1.0205,0.307489,0.28,
cx_rate_hz,shuffle,conf25,10,3.92853,3.50296,0.425569,0.328926,0.522212,1.12149,4.17573,2.61277,5.7387,3.99929,9.33722,15.9545,7.24442e-08,,100,3.74185,0.000182672,-1,
cx_rate_hz,shuffle,conf50,10,3.92853,3.66858,0.259948,0.183817,0.336079,1.07086,3.20818,1.88276,4.5336,3.07263,7.17372,17.9956,1.11794e-06,,100,3.74185,0.000182672,-1,
cx_rate_hz,shuffle,conf75,10,3.92853,3.89902,0.029509,-0.0751363,0.134154,1.00757,0.26879,-0.611682,1.14926,0.257433,0.601033,15.0047,0.55679,,56,0.415761,0.677585,-0.12,
cx_rate_hz,randmat,decorr,10,3.10437,3.96347,-0.859096,-0.934724,-0.783468,0.783246,-10.686,-14.1116,-7.26039,-10.2345,-23.8946,17.6971,6.46731e-15,,0,-3.74185,0.000182672,1,
cx_rate_hz,randmat,conf25,10,3.10437,3.50296,-0.398587,-0.496516,-0.300658,0.886214,-3.85198,-5.33294,-2.37101,-3.68922,-8.61328,16.3527,1.77645e-07,,0,-3.74185,0.000182672,1,
cx_rate_hz,randmat,conf50,10,3.10437,3.66858,-0.564208,-0.642195,-0.486221,0.846205,-6.79919,-9.08128,-4.51709,-6.5119,-15.2034,17.9324,1.09144e-11,,0,-3.74185,0.000182672,1,
cx_rate_hz,randmat,conf75,10,3.10437,3.89902,-0.794647,-0.900429,-0.688865,0.796193,-7.14383,-9.52489,-4.76277,-6.84198,-15.9741,15.4172,5.25174e-11,,0,-3.74185,0.000182672,1,
cx_rate_hz,decorr,conf25,10,3.96347,3.50296,0.460509,0.365951,0.555067,1.13146,4.63727,2.95398,6.32057,4.44133,10.3693,15.1873,2.74666e-08,,100,3.74185,0.000182672,-1,
cx_rate_hz,decorr,conf50,10,3.96347,3.66858,0.294888,0.22184,0.367936,1.08038,3.79425,2.32767,5.26083,3.63393,8.4842,17.9123,1.0909e-07,,100,3.74185,0.000182672,-1,
cx_rate_hz,decorr,conf75,10,3.96347,3.89902,0.064449,-0.0383636,0.167262,1.01653,0.600267,-0.295777,1.49631,0.574904,1.34224,14.2536,0.200508,,64,1.0205,0.307489,-0.28,
cx_rate_hz,conf25,conf50,10,3.50296,3.66858,-0.165621,-0.261855,-0.0693867,0.954854,-1.63315,-2.6453,-0.621008,-1.56415,-3.65184,15.8164,0.0021862,,12,-2.83473,0.00458639,0.76,
cx_rate_hz,conf25,conf75,10,3.50296,3.89902,-0.39606,-0.51415,-0.27797,0.898421,-3.15371,-4.46652,-1.8409,-3.02045,-7.05191,17.8014,1.49823e-06,,0,-3.74185,0.000182672,1,
cx_rate_hz,conf50,conf75,10,3.66858,3.89902,-0.230439,-0.334724,-0.126154,0.940898,-2.10797,-3.20115,-1.0148,-2.0189,-4.71357,14.8657,0.000283831,,7,-3.2127,0.00131494,0.86,
cx_active_fraction,rest,flow,10,0.0135005,0.214465,-0.200965,-0.204593,-0.197336,0.0629495,-55.9308,-73.2857,-38.5758,-53.5675,-125.065,9.10869,4.75124e-16,,0,-3.76743,0.000164937,1,
cx_active_fraction,rest,self,10,0.0135005,0.17189,-0.15839,-0.161806,-0.154973,0.0785413,-46.8084,-61.3407,-32.2761,-44.8306,-104.667,9.12264,2.30104e-15,,0,-3.76887,0.000163991,1,0.000249938
cx_active_fraction,rest,shuffle,10,0.0135005,0.216201,-0.2027,-0.20507,-0.20033,0.0624442,-86.1717,-112.89,-59.4529,-82.5306,-192.686,9.25561,5.3856e-18,,0,-3.76887,0.000163991,1,
cx_active_fraction,rest,randmat,10,0.0135005,0.161475,-0.147975,-0.150529,-0.145421,0.0836069,-58.4125,-76.5356,-40.2894,-55.9444,-130.614,9.21997,2.21234e-16,,0,-3.76887,0.000163991,1,
cx_active_fraction,rest,decorr,10,0.0135005,0.195468,-0.181967,-0.187237,-0.176698,0.0690676,-34.9042,-45.7564,-24.052,-33.4294,-78.0482,9.05147,4.07523e-14,,0,-3.76743,0.000164937,1,
cx_active_fraction,rest,conf25,10,0.0135005,0.180039,-0.166538,-0.171961,-0.161115,0.0749865,-31.0427,-40.7026,-21.3828,-29.731,-69.4136,9.04859,1.18494e-13,,0,-3.76887,0.000163991,1,
cx_active_fraction,rest,conf50,10,0.0135005,0.181533,-0.168033,-0.172633,-0.163433,0.0743691,-36.9121,-48.3846,-25.4396,-35.3524,-82.5379,9.06756,2.34717e-14,,0,-3.76887,0.000163991,1,
cx_active_fraction,rest,conf75,10,0.0135005,0.191466,-0.177965,-0.183604,-0.172327,0.0705112,-31.9054,-41.8315,-21.9792,-30.5573,-71.3426,9.04494,9.34268e-14,,0,-3.76887,0.000163991,1,
cx_active_fraction,flow,self,10,0.214465,0.17189,0.042575,0.0379513,0.0471987,1.24769,8.65364,5.83229,11.475,8.288,19.3501,17.9347,1.82795e-13,3.65591e-13,100,3.74326,0.000181651,-1,0.000249938
cx_active_fraction,flow,shuffle,10,0.214465,0.216201,-0.0017357,-0.00580113,0.00232973,0.991972,-0.405868,-1.29137,0.479633,-0.388718,-0.907548,15.4811,0.378028,,33.5,-1.21131,0.225777,0.33,
cx_active_fraction,flow,randmat,10,0.214465,0.161475,0.0529895,0.0488414,0.0571376,1.32816,12.1017,8.25035,15.9531,11.5904,27.0602,16.1481,6.9805e-15,,100,3.74326,0.000181651,-1,
cx_active_fraction,flow,decorr,10,0.214465,0.195468,0.0189974,0.0130052,0.0249896,1.09719,3.00623,1.72708,4.28537,2.8792,6.72213,15.9622,4.96277e-06,,99,3.66626,0.000246128,-0.98,
cx_active_fraction,flow,conf25,10,0.214465,0.180039,0.0344264,0.028307,0.0405458,1.19122,5.34166,3.46855,7.21477,5.11596,11.9443,15.7069,2.7249e-09,,100,3.74326,0.000181651,-1,
cx_active_fraction,flow,conf50,10,0.214465,0.181533,0.0329317,0.0274741,0.0383893,1.18141,5.69157,3.72198,7.66117,5.45109,12.7267,17.0704,3.8629e-10,,100,3.74326,0.000181651,-1,
cx_active_fraction,flow,conf75,10,0.214465,0.191466,0.0229993,0.0166986,0.0293,1.12012,3.47247,2.08456,4.86038,3.32575,7.76468,15.3561,1.06592e-06,,100,3.74326,0.000181651,-1,
cx_active_fraction,self,shuffle,10,0.17189,0.216201,-0.0443107,-0.0481994,-0.040422,0.795048,-10.8016,-14.2619,-7.34137,-10.3452,-24.1532,16.0197,4.99027e-14,1.49708e-13,0,-3.74466,0.000180635,1,0.000249938
cx_active_fraction,self,randmat,10,0.17189,0.161475,0.0104145,0.00643724,0.0143918,1.0645,2.47456,1.30993,3.6392,2.37,5.53329,16.6555,3.92754e-05,,99,3.66902,0.000243487,-0.98,0.000249938
cx_active_fraction,self,decorr,10,0.17189,0.195468,-0.0235776,-0.029476,-0.0176792,0.879378,-3.80117,-5.26947,-2.33287,-3.64055,-8.49967,15.4224,3.29721e-07,3.29721e-07,0,-3.74326,0.000181651,1,0.000249938
cx_active_fraction,self,conf25,10,0.17189,0.180039,-0.0081486,-0.0141773,-0.00211989,0.95474,-1.28718,-2.2502,-0.324161,-1.23279,-2.87822,15.164,0.0113917,,16,-2.53618,0.011207,0.68,0.0099975
cx_active_fraction,self,conf50,10,0.17189,0.181533,-0.0096433,-0.0149919,-0.00429471,0.946879,-1.70423,-2.72757,-0.680895,-1.63222,-3.81078,16.607,0.00144968,,6.5,-3.25417,0.00113726,0.87,0.000499875
cx_active_fraction,self,conf75,10,0.17189,0.191466,-0.0195757,-0.0257899,-0.0133615,0.897759,-3.00603,-4.28513,-1.72693,-2.87901,-6.72168,14.815,7.29868e-06,,2,-3.59337,0.000326434,0.96,0.000249938
cx_active_fraction,shuffle,randmat,10,0.216201,0.161475,0.0547252,0.051497,0.0579534,1.33891,15.934,10.9189,20.9491,15.2607,35.6295,17.8994,4.50635e-18,,100,3.74466,0.000180635,-1,
cx_active_fraction,shuffle,decorr,10,0.216201,0.195468,0.0207331,0.0151971,0.0262691,1.10607,3.63364,2.20665,5.06062,3.4801,8.12506,12.4824,2.47268e-06,,100,3.74326,0.000181651,-1,
cx_active_fraction,shuffle,conf25,10,0.216201,0.180039,0.0361621,0.0304826,0.0418416,1.20086,6.18726,4.07899,8.29552,5.92582,13.8351,12.302,7.26778e-09,,100,3.74466,0.000180635,-1,
cx_active_fraction,shuffle,conf50,10,0.216201,0.181533,0.0346674,0.029748,0.0395868,1.19097,6.78564,4.50742,9.06386,6.49893,15.1732,13.4462,7.60762e-10,,100,3.74466,0.000180635,-1,
cx_active_fraction,shuffle,conf75,10,0.216201,0.191466,0.024735,0.0188526,0.0306174,1.12919,4.09465,2.55243,5.63688,3.92164,9.15592,12.0694,8.80918e-07,,100,3.74466,0.000180635,-1,
cx_active_fraction,randmat,decorr,10,0.161475,0.195468,-0.0339921,-0.0395795,-0.0284047,0.826099,-5.87809,-7.89961,-3.85657,-5.62972,-13.1438,12.9924,7.00887e-09,,0,-3.74326,0.000181651,1,
cx_active_fraction,randmat,conf25,10,0.161475,0.180039,-0.0185631,-0.024292,-0.0128342,0.896894,-3.13578,-4.44445,-1.82711,-3.00328,-7.01182,12.7908,1.00183e-05,,0,-3.74466,0.000180635,1,
cx_active_fraction,randmat,conf50,10,0.161475,0.181533,-0.0200578,-0.0250388,-0.0150768,0.889509,-3.86117,-5.34443,-2.37791,-3.69802,-8.63383,14.0513,5.42698e-07,,0,-3.74466,0.000180635,1,
cx_active_fraction,randmat,conf75,10,0.161475,0.191466,-0.0299902,-0.0359194,-0.024061,0.843365,-4.90552,-6.66033,-3.15072,-4.69825,-10.9691,12.5298,8.68195e-08,,0,-3.74466,0.000180635,1,
cx_active_fraction,decorr,conf25,10,0.195468,0.180039,0.015429,0.00840981,0.0224482,1.0857,2.06539,0.980044,3.15073,1.97812,4.61834,17.9852,0.000213892,,92,3.13829,0.00169939,-0.84,
cx_active_fraction,decorr,conf50,10,0.195468,0.181533,0.0139343,0.00743351,0.0204351,1.07676,2.01657,0.94008,3.09306,1.93136,4.50919,17.6768,0.000282942,,93.5,3.25294,0.00114217,-0.87,
cx_active_fraction,decorr,conf75,10,0.195468,0.191466,0.0040019,-0.00316437,0.0111682,1.0209,0.524856,-0.36663,1.41634,0.502679,1.17361,17.9179,0.255914,,61,0.794622,0.426833,-0.22,
cx_active_fraction,conf25,conf50,10,0.180039,0.181533,-0.0014947,-0.00810765,0.00511825,0.991766,-0.212772,-1.09177,0.666227,-0.203781,-0.475772,17.5325,0.640111,,37,-0.946335,0.343978,0.26,
cx_active_fraction,conf25,conf75,10,0.180039,0.191466,-0.0114271,-0.0186899,-0.00416433,0.940318,-1.47845,-2.46749,-0.489403,-1.41598,-3.30591,17.9726,0.00393599,,14,-2.68861,0.0071751,0.72,
cx_active_fraction,conf50,conf75,10,0.181533,0.191466,-0.0099324,-0.0167065,-0.00315832,0.948124,-1.38162,-2.35713,-0.406113,-1.32324,-3.0894,17.3007,0.00654997,,15.5,-2.57306,0.0100803,0.69,
ring_rate_hz,rest,flow,10,0,20.2397,-20.2397,-20.7705,-19.7089,0,-38.5775,-50.5647,-26.5904,-36.9475,-86.262,9,1.91578e-14,,0,-3.99806,6.38644e-05,1,
ring_rate_hz,rest,self,10,0,19.1068,-19.1068,-19.8859,-18.3278,0,-24.8123,-32.5514,-17.0733,-23.7639,-55.4821,9,1.00997e-12,,0,-3.99806,6.38644e-05,1,0.000249938
ring_rate_hz,rest,shuffle,10,0,20.773,-20.773,-21.2494,-20.2967,0,-44.1198,-57.8205,-30.4191,-42.2556,-98.6548,9,5.73011e-15,,0,-3.99977,6.34029e-05,1,
ring_rate_hz,rest,randmat,10,0,19.3029,-19.3029,-19.8394,-18.7664,0,-36.3992,-47.7132,-25.0852,-34.8612,-81.3911,9,3.23049e-14,,0,-3.99806,6.38644e-05,1,
ring_rate_hz,rest,decorr,10,0,21.1314,-21.1314,-21.5642,-20.6986,0,-49.3962,-64.729,-34.0633,-47.309,-110.453,9,2.07471e-15,,0,-3.99806,6.38644e-05,1,
ring_rate_hz,rest,conf25,10,0,20.0338,-20.0338,-20.7844,-19.2833,0,-27.0029,-35.4168,-18.589,-25.8619,-60.3803,9,4.72535e-13,,0,-3.99806,6.38644e-05,1,
ring_rate_hz,rest,conf50,10,0,20.6044,-20.6044,-21.0708,-20.138,0,-44.6948,-58.5733,-30.8163,-42.8063,-99.9406,9,5.10027e-15,,0,-3.99806,6.38644e-05,1,
ring_rate_hz,rest,conf75,10,0,21.3446,-21.3446,-22.1032,-20.586,0,-28.4652,-37.33,-19.6005,-27.2625,-63.6502,9,2.94261e-13,,0,-3.99806,6.38644e-05,1,
ring_rate_hz,flow,self,10,20.2397,19.1068,1.13286,0.248903,2.01682,1.05929,1.21578,0.261716,2.16985,1.16441,2.71858,15.8742,0.0152623,0.0152623,81,2.30558,0.0211339,-0.62,0.0169958
ring_rate_hz,flow,shuffle,10,20.2397,20.773,-0.53334,-1.19623,0.129547,0.974325,-0.756575,-1.66391,0.150764,-0.724607,-1.69175,17.7932,0.108132,,28,-1.62586,0.10398,0.44,
ring_rate_hz,flow,randmat,10,20.2397,19.3029,0.93676,0.235859,1.63766,1.04853,1.25574,0.296716,2.21477,1.20268,2.80792,17.9979,0.0116383,,79,2.1544,0.031209,-0.58,
ring_rate_hz,flow,decorr,10,20.2397,21.1314,-0.89168,-1.52957,-0.253789,0.957803,-1.3172,-2.28411,-0.350286,-1.26154,-2.94534,17.299,0.00892485,,17,-2.45677,0.0140193,0.66,
ring_rate_hz,flow,conf25,10,20.2397,20.0338,0.20587,-0.654736,1.06648,1.01028,0.22656,-0.65277,1.10589,0.216987,0.506604,16.2006,0.619258,,58,0.566947,0.57075,-0.16,
ring_rate_hz,flow,conf50,10,20.2397,20.6044,-0.3647,-1.02168,0.29228,0.9823,-0.522184,-1.41352,0.369151,-0.50012,-1.16764,17.7071,0.258435,,33.5,-1.20994,0.226301,0.33,
ring_rate_hz,flow,conf75,10,20.2397,21.3446,-1.1049,-1.97205,-0.23775,0.948235,-1.20732,-2.16036,-0.254285,-1.15631,-2.69965,16.1083,0.0157146,,20,-2.22999,0.0257481,0.6,
ring_rate_hz,self,shuffle,10,19.1068,20.773,-1.6662,-2.52704,-0.805358,0.91979,-1.84602,-2.89272,-0.799331,-1.76802,-4.12783,14.9041,0.000905677,0.00181135,13,-2.76018,0.00577698,0.74,0.00174956
ring_rate_hz,self,randmat,10,19.1068,19.3029,-0.1961,-1.08266,0.69046,0.989841,-0.209734,-1.08866,0.669195,-0.200872,-0.468979,15.9692,0.645423,,40,-0.718132,0.472676,0.2,0.647588
ring_rate_hz,self,decorr,10,19.1068,21.1314,-2.02454,-2.86908,-1.18,0.904193,-2.29825,-3.42766,-1.16885,-2.20115,-5.13905,14.0721,0.000148067,0.000444202,10,-2.98592,0.00282727,0.8,0.000499875
ring_rate_hz,self,conf25,10,19.1068,20.0338,-0.92699,-1.93177,0.0777898,0.953729,-0.866906,-1.78368,0.0498628,-0.830277,-1.93846,17.9751,0.068434,,24,-1.92762,0.0539026,0.52,0.0697326
ring_rate_hz,self,conf50,10,19.1068,20.6044,-1.49756,-2.3545,-0.640615,0.927318,-1.66859,-2.68627,-0.650909,-1.59809,-3.73108,14.7168,0.00206729,,16,-2.53236,0.0113297,0.68,0.00324919
ring_rate_hz,self,conf75,10,19.1068,21.3446,-2.23776,-3.24768,-1.22784,0.89516,-2.08197,-3.17035,-0.99359,-1.994,-4.65543,17.9873,0.000197114,,8,-3.13711,0.00170625,0.84,0.000499875
ring_rate_hz,shuffle,randmat,10,20.773,19.3029,1.4701,0.803126,2.13707,1.07616,2.073,0.986267,3.15974,1.98541,4.63537,17.7511,0.00021273,,94,3.28953,0.00100356,-0.88,
ring_rate_hz,shuffle,decorr,10,20.773,21.1314,-0.35834,-0.956436,0.239756,0.983042,-0.563292,-1.45703,0.330444,-0.539491,-1.25956,17.8371,0.224061,,34,-1.17213,0.241145,0.32,
ring_rate_hz,shuffle,conf25,10,20.773,20.0338,0.73921,-0.0972462,1.57567,1.0369,0.84125,-0.0732206,1.75572,0.805705,1.88109,15.2376,0.0792083,,72,1.62586,0.10398,-0.44,
ring_rate_hz,shuffle,conf50,10,20.773,20.6044,0.16864,-0.450497,0.787777,1.00818,0.255925,-0.624179,1.13603,0.245111,0.572265,17.992,0.574224,,54.5,0.302599,0.762195,-0.09,
ring_rate_hz,shuffle,conf75,10,20.773,21.3446,-0.57156,-1.41486,0.271739,0.973222,-0.645529,-1.54459,0.253532,-0.618253,-1.44345,15.142,0.169264,,32,-1.32337,0.185711,0.36,
ring_rate_hz,randmat,decorr,10,19.3029,21.1314,-1.82844,-2.47067,-1.18621,0.913473,-2.68355,-3.89181,-1.47529,-2.57016,-6.0006,17.2287,1.35374e-05,,0,-3.74185,0.000182672,1,
ring_rate_hz,randmat,conf25,10,19.3029,20.0338,-0.73089,-1.59421,0.132431,0.963517,-0.801451,-1.71248,0.109581,-0.767587,-1.7921,16.2929,0.0917058,,27,-1.70084,0.088973,0.46,
ring_rate_hz,randmat,conf50,10,19.3029,20.6044,-1.30146,-1.96258,-0.640335,0.936836,-1.85215,-2.89988,-0.804416,-1.77389,-4.14153,17.6581,0.000635323,,9,-3.06151,0.00220222,0.82,
ring_rate_hz,randmat,conf75,10,19.3029,21.3446,-2.04166,-2.91149,-1.17183,0.904348,-2.223,-3.33785,-1.10816,-2.12907,-4.97078,16.2015,0.000133865,,6,-3.28829,0.00100798,0.88,
ring_rate_hz,decorr,conf25,10,21.1314,20.0338,1.09755,0.278175,1.91693,1.05478,1.28156,0.319264,2.24387,1.22741,2.86567,14.3889,0.0121846,,81,2.30558,0.0211339,-0.62,
ring_rate_hz,decorr,conf50,10,21.1314,20.6044,0.52698,-0.0641574,1.11812,1.02558,0.837923,-0.0762547,1.7521,0.802518,1.87365,17.9003,0.0773991,,70,1.47406,0.140465,-0.4,
ring_rate_hz,decorr,conf75,10,21.1314,21.3446,-0.21322,-1.03966,0.613221,0.990011,-0.246984,-1.12684,0.632874,-0.236548,-0.552272,14.2974,0.589292,,45,-0.340168,0.73373,0.1,
ring_rate_hz,conf25,conf50,10,20.0338,20.6044,-0.57057,-1.40295,0.261807,0.972308,-0.653218,-1.55281,0.246377,-0.625617,-1.46064,15.0482,0.164678,,32,-1.32288,0.185877,0.36,
ring_rate_hz,conf25,conf75,10,20.0338,21.3446,-1.31077,-2.30187,-0.319666,0.93859,-1.24261,-2.19999,-0.28523,-1.19011,-2.77856,17.998,0.0123935,,16,-2.53236,0.0113297,0.68,
ring_rate_hz,conf50,conf75,10,20.6044,21.3446,-0.7402,-1.57947,0.0990716,0.965321,-0.840922,-1.75536,0.0735203,-0.80539,-1.88036,14.953,0.079683,,28,-1.62525,0.10411,0.44,
columnar_rate_hz,rest,flow,10,0,0.604569,-0.604569,-0.631831,-0.577307,0,-22.4352,-29.4428,-15.4275,-21.4872,-50.1666,9,2.49342e-12,,0,-3.99977,6.34029e-05,1,
columnar_rate_hz,rest,self,10,0,0.443211,-0.443211,-0.473214,-0.413208,0,-14.9447,-19.6582,-10.2311,-14.3132,-33.4173,9,9.48138e-11,,0,-3.99977,6.34029e-05,1,0.000249938
columnar_rate_hz,rest,shuffle,10,0,0.644981,-0.644981,-0.667982,-0.62198,0,-28.3685,-37.2034,-19.5336,-27.1698,-63.4338,9,3.03399e-13,,0,-3.99806,6.38644e-05,1,
columnar_rate_hz,rest,randmat,10,0,0.428346,-0.428346,-0.444967,-0.411726,0,-26.0732,-34.2007,-17.9458,-24.9716,-58.3015,9,6.4722e-13,,0,-3.99977,6.34029e-05,1,
columnar_rate_hz,rest,decorr,10,0,0.595206,-0.595206,-0.611097,-0.579315,0,-37.8933,-49.669,-26.1176,-36.2921,-84.7319,9,2.2502e-14,,0,-3.99806,6.38644e-05,1,
columnar_rate_hz,rest,conf25,10,0,0.506692,-0.506692,-0.53955,-0.473835,0,-15.6007,-20.5141,-10.6873,-14.9415,-34.8842,9,6.45835e-11,,0,-3.99806,6.38644e-05,1,
columnar_rate_hz,rest,conf50,10,0,0.53964,-0.53964,-0.557412,-0.521868,0,-30.719,-40.279,-21.159,-29.421,-68.6897,9,1.48409e-13,,0,-3.99806,6.38644e-05,1,
columnar_rate_hz,rest,conf75,10,0,0.590315,-0.590315,-0.626035,-0.554596,0,-16.7194,-21.9743,-11.4645,-16.0129,-37.3857,9,3.47634e-11,,0,-3.99806,6.38644e-05,1,
columnar_rate_hz,flow,self,10,0.604569,0.443211,0.161358,0.123684,0.199032,1.36407,4.02679,2.50183,5.55176,3.85665,9.00419,17.8373,4.71944e-08,9.43889e-08,100,3.74466,0.000180635,-1,0.000249938
columnar_rate_hz,flow,shuffle,10,0.604569,0.644981,-0.0404119,-0.0736057,-0.0072181,0.937344,-1.1462,-2.09196,-0.200439,-1.09777,-2.56298,17.5041,0.0198507,,19,-2.30645,0.0210855,0.62,
columnar_rate_hz,flow,randmat,10,0.604569,0.428346,0.176223,0.146117,0.206328,1.4114,5.58366,3.64396,7.52337,5.34774,12.4855,14.8782,2.76334e-09,,100,3.74466,0.000180635,-1,
columnar_rate_hz,flow,decorr,10,0.604569,0.595206,0.009363,-0.0204615,0.0391875,1.01573,0.300182,-0.581263,1.18163,0.287498,0.671227,14.4828,0.51264,,59,0.642781,0.520366,-0.18,
columnar_rate_hz,flow,conf25,10,0.604569,0.506692,0.0978766,0.0581279,0.137625,1.19317,2.31922,1.18571,3.45274,2.22123,5.18594,17.407,6.90665e-05,,96,3.44077,0.00058006,-0.92,
columnar_rate_hz,flow,conf50,10,0.604569,0.53964,0.0649293,0.0343492,0.0955094,1.12032,2.01847,0.941635,3.0953,1.93318,4.51343,15.4793,0.000382374,,95,3.36515,0.000765023,-0.9,
columnar_rate_hz,flow,conf75,10,0.604569,0.590315,0.0142536,-0.0276869,0.0561941,1.02415,0.320913,-0.561233,1.20306,0.307353,0.717583,16.8288,0.482857,,61,0.794024,0.427181,-0.22,
columnar_rate_hz,self,shuffle,10,0.443211,0.644981,-0.20177,-0.237051,-0.166489,0.687169,-5.39938,-7.28831,-3.51045,-5.17124,-12.0734,16.863,1.01009e-09,3.03026e-09,0,-3.74326,0.000181651,1,0.000249938
columnar_rate_hz,self,randmat,10,0.443211,0.428346,0.0148648,-0.0176439,0.0473735,1.0347,0.438448,-0.448543,1.32544,0.419922,0.980401,14.0482,0.343472,,58.5,0.605426,0.544896,-0.17,0.376156
columnar_rate_hz,self,decorr,10,0.443211,0.595206,-0.151995,-0.184255,-0.119735,0.744635,-4.52909,-6.18386,-2.87432,-4.33772,-10.1274,13.681,9.83918e-08,9.83918e-08,0,-3.74326,0.000181651,1,0.000249938
columnar_rate_hz,self,conf25,10,0.443211,0.506692,-0.0634812,-0.104829,-0.0221332,0.874714,-1.44335,-2.4274,-0.459296,-1.38236,-3.22743,17.8533,0.00470985,,14,-2.68456,0.0072626,0.72,0.00549863
columnar_rate_hz,self,conf50,10,0.443211,0.53964,-0.0964285,-0.129359,-0.0634981,0.821309,-2.79753,-4.03036,-1.56469,-2.67932,-6.25546,14.6234,1.72926e-05,,6,-3.28953,0.00100356,0.88,0.000249938
columnar_rate_hz,self,conf75,10,0.443211,0.590315,-0.147104,-0.19052,-0.103688,0.750804,-3.19029,-4.51156,-1.86902,-3.05549,-7.1337,17.479,1.42708e-06,,2,-3.59201,0.000328133,0.96,0.000249938
columnar_rate_hz,shuffle,randmat,10,0.644981,0.428346,0.216635,0.190092,0.243177,1.50575,7.72309,5.17427,10.2719,7.39676,17.2693,16.385,6.09114e-12,,100,3.74326,0.000181651,-1,
columnar_rate_hz,shuffle,decorr,10,0.644981,0.595206,0.0497749,0.023576,0.0759738,1.08363,1.80121,0.762047,2.84038,1.72511,4.02764,15.9973,0.000974084,,91,3.06151,0.00220222,-0.82,
columnar_rate_hz,shuffle,conf25,10,0.644981,0.506692,0.138289,0.100724,0.175853,1.27292,3.48809,2.09642,4.87977,3.34071,7.79962,16.1126,7.34636e-07,,100,3.74185,0.000182672,-1,
columnar_rate_hz,shuffle,conf50,10,0.644981,0.53964,0.105341,0.0782222,0.13246,1.19521,3.66636,2.23136,5.10136,3.51144,8.19823,16.9224,2.69878e-07,,100,3.74185,0.000182672,-1,
columnar_rate_hz,shuffle,conf75,10,0.644981,0.590315,0.0546655,0.0147195,0.0946115,1.0926,1.30174,0.336839,2.26663,1.24673,2.91077,15.3688,0.0105456,,79,2.1544,0.031209,-0.58,
columnar_rate_hz,randmat,decorr,10,0.428346,0.595206,-0.16686,-0.188218,-0.145501,0.719661,-7.34116,-9.77919,-4.90314,-7.03097,-16.4153,17.9639,2.92335e-12,,0,-3.74326,0.000181651,1,
columnar_rate_hz,randmat,conf25,10,0.428346,0.506692,-0.078346,-0.113425,-0.0432671,0.845378,-2.15251,-3.25399,-1.05103,-2.06156,-4.81317,13.3225,0.000316378,,5,-3.36515,0.000765023,0.9,
columnar_rate_hz,randmat,conf50,10,0.428346,0.53964,-0.111293,-0.133899,-0.0886878,0.793764,-4.6272,-6.30784,-2.94657,-4.43169,-10.3467,17.9198,5.51647e-09,,0,-3.74326,0.000181651,1,
columnar_rate_hz,randmat,conf75,10,0.428346,0.590315,-0.161969,-0.199676,-0.124262,0.725623,-4.15921,-5.71793,-2.60048,-3.98347,-9.30027,12.7226,4.92388e-07,,0,-3.74326,0.000181651,1,
columnar_rate_hz,decorr,conf25,10,0.595206,0.506692,0.0885136,0.053655,0.123372,1.17469,2.45342,1.29309,3.61374,2.34975,5.48601,12.9916,0.000104847,,97,3.51507,0.000439639,-0.94,
columnar_rate_hz,decorr,conf50,10,0.595206,0.53964,0.0555663,0.0334056,0.077727,1.10297,2.35797,1.21681,3.49914,2.25834,5.27259,17.7793,5.37676e-05,,92,3.13711,0.00170625,-0.84,
columnar_rate_hz,decorr,conf75,10,0.595206,0.590315,0.0048906,-0.0326201,0.0424013,1.00828,0.126557,-0.750843,1.00396,0.121209,0.282989,12.4282,0.781844,,57,0.491354,0.623176,-0.14,
columnar_rate_hz,conf25,conf50,10,0.506692,0.53964,-0.0329473,-0.068401,0.00250644,0.938946,-0.89227,-1.81137,0.0268333,-0.854568,-1.99518,13.8507,0.0660822,,25,-1.85203,0.0640221,0.5,
columnar_rate_hz,conf25,conf75,10,0.506692,0.590315,-0.083623,-0.12872,-0.0385263,0.858342,-1.7431,-2.77271,-0.713494,-1.66945,-3.89769,17.8759,0.00106664,,9,-3.06151,0.00220222,0.82,
columnar_rate_hz,conf50,conf75,10,0.53964,0.590315,-0.0506757,-0.0887185,-0.0126329,0.914155,-1.28501,-2.24775,-0.322268,-1.23071,-2.87337,13.1986,0.0128909,,16.5,-2.4955,0.0125778,0.67,
fanbody_rate_hz,rest,flow,10,0.000166389,3.55092,-3.55075,-3.59393,-3.50757,4.68581e-05,-83.1821,-108.975,-57.3893,-79.6673,-186.001,9.00035,1.90638e-17,,0,-3.82922,0.000128551,1,
fanbody_rate_hz,rest,self,10,0.000166389,2.436,-2.43583,-2.46343,-2.40823,6.83044e-05,-89.2845,-116.967,-61.6016,-85.5119,-199.646,9.00087,1.00625e-17,,0,-3.82922,0.000128551,1,0.000249938
fanbody_rate_hz,rest,shuffle,10,0.000166389,3.38159,-3.38142,-3.4061,-3.35674,4.92045e-05,-138.62,-181.587,-95.6533,-132.763,-309.964,9.00109,1.91832e-19,,0,-3.82922,0.000128551,1,
fanbody_rate_hz,rest,randmat,10,0.000166389,2.30222,-2.30205,-2.33622,-2.26788,7.22734e-05,-68.1528,-89.2913,-47.0142,-65.2731,-152.394,9.00057,1.14448e-16,,0,-3.82922,0.000128551,1,
fanbody_rate_hz,rest,decorr,10,0.000166389,3.4081,-3.40793,-3.47345,-3.34241,4.88217e-05,-52.6196,-68.9499,-36.2894,-50.3963,-117.661,9.00015,1.17437e-15,,0,-3.82922,0.000128551,1,
fanbody_rate_hz,rest,conf25,10,0.000166389,2.74187,-2.74171,-2.777,-2.70642,6.06845e-05,-78.5943,-102.966,-54.2224,-75.2734,-175.742,9.00053,3.17418e-17,,0,-3.82922,0.000128551,1,
fanbody_rate_hz,rest,conf50,10,0.000166389,2.96772,-2.96756,-3.02328,-2.91183,5.60663e-05,-53.8778,-70.5974,-37.1582,-51.6013,-120.474,9.00021,9.49321e-16,,0,-3.82922,0.000128551,1,
fanbody_rate_hz,rest,conf75,10,0.000166389,3.24542,-3.24526,-3.29946,-3.19105,5.12689e-05,-60.5711,-79.3624,-41.7798,-58.0118,-135.441,9.00023,3.31067e-16,,0,-3.82922,0.000128551,1,
fanbody_rate_hz,flow,self,10,3.55092,2.436,1.11492,1.06671,1.16313,1.45769,22.0082,15.1319,28.8846,21.0783,49.2119,15.301,2.85821e-18,5.71642e-18,100,3.74185,0.000182672,-1,0.000249938
fanbody_rate_hz,flow,shuffle,10,3.55092,3.38159,0.169331,0.12227,0.216392,1.05007,3.4442,2.06307,4.82534,3.29867,7.70148,14.3115,1.84966e-06,,99,3.66626,0.000246128,-0.98,
fanbody_rate_hz,flow,randmat,10,3.55092,2.30222,1.2487,1.19736,1.30004,1.54239,22.9399,15.777,30.1027,21.9706,51.2951,17.0964,3.62524e-20,,100,3.74185,0.000182672,-1,
fanbody_rate_hz,flow,decorr,10,3.55092,3.4081,0.142819,0.0691194,0.216519,1.04191,1.84124,0.795354,2.88712,1.76344,4.11713,15.5779,0.000849491,,89,2.91033,0.00361051,-0.78,
fanbody_rate_hz,flow,conf25,10,3.55092,2.74187,0.809044,0.757101,0.860987,1.29507,14.676,10.0443,19.3078,14.0559,32.8166,17.3133,4.91197e-17,,100,3.74185,0.000182672,-1,
fanbody_rate_hz,flow,conf50,10,3.55092,2.96772,0.583195,0.51743,0.64896,1.19651,8.36919,5.63149,11.1069,8.01556,18.7141,16.945,9.38548e-13,,100,3.74185,0.000182672,-1,
fanbody_rate_hz,flow,conf75,10,3.55092,3.24542,0.305494,0.2409,0.370088,1.09413,4.45959,2.82305,6.09612,4.27115,9.97194,17.1442,1.48867e-08,,100,3.74185,0.000182672,-1,
fanbody_rate_hz,self,shuffle,10,2.436,3.38159,-0.945589,-0.980004,-0.911174,0.720371,-25.8387,-33.8939,-17.7835,-24.7469,-57.7771,17.7792,1.09656e-21,3.28968e-21,0,-3.74185,0.000182672,1,0.000249938
fanbody_rate_hz,self,randmat,10,2.436,2.30222,0.133778,0.0928539,0.174702,1.05811,3.08113,1.78499,4.37728,2.95095,6.88963,17.2369,2.43084e-06,,100,3.74185,0.000182672,-1,0.000249938
fanbody_rate_hz,self,decorr,10,2.436,3.4081,-0.972101,-1.04052,-0.903684,0.714767,-13.8325,-18.2079,-9.45717,-13.2481,-30.9305,12.0963,6.93157e-13,6.93157e-13,0,-3.74185,0.000182672,1,0.000249938
fanbody_rate_hz,self,conf25,10,2.436,2.74187,-0.305876,-0.347658,-0.264094,0.888443,-6.90704,-9.22003,-4.59405,-6.6152,-15.4446,17.012,1.92479e-11,,0,-3.74185,0.000182672,1,0.000249938
fanbody_rate_hz,self,conf50,10,2.436,2.96772,-0.531725,-0.591034,-0.472416,0.820831,-8.65085,-11.4714,-5.83032,-8.28532,-19.3439,13.1652,4.70718e-11,,0,-3.74185,0.000182672,1,0.000249938
fanbody_rate_hz,self,conf75,10,2.436,3.24542,-0.809426,-0.867349,-0.751503,0.750595,-13.4628,-17.726,-9.19965,-12.894,-30.1038,13.373,1.11658e-13,,0,-3.74185,0.000182672,1,0.000249938
fanbody_rate_hz,shuffle,randmat,10,3.38159,2.30222,1.07937,1.03994,1.11879,1.46884,25.9063,17.8303,33.9823,24.8117,57.9283,16.3801,2.19175e-20,,100,3.74185,0.000182672,-1,
fanbody_rate_hz,shuffle,decorr,10,3.38159,3.4081,-0.026512,-0.0942709,0.0412469,0.992221,-0.383086,-1.26761,0.50144,-0.366899,-0.856607,11.503,0.409153,,41,-0.64254,0.520523,0.18,
fanbody_rate_hz,shuffle,conf25,10,3.38159,2.74187,0.639713,0.599379,0.680047,1.23331,15.0287,10.2896,19.7678,14.3937,33.6051,16.103,2.41346e-16,,100,3.74185,0.000182672,-1,
fanbody_rate_hz,shuffle,conf50,10,3.38159,2.96772,0.413864,0.355377,0.472351,1.13946,6.8704,4.56791,9.17289,6.5801,15.3627,12.3996,1.92915e-09,,100,3.74185,0.000182672,-1,
fanbody_rate_hz,shuffle,conf75,10,3.38159,3.24542,0.136163,0.0790923,0.193234,1.04196,2.31299,1.1807,3.44528,2.21526,5.17201,12.5773,0.00019977,,94,3.28829,0.00100798,-0.88,
fanbody_rate_hz,randmat,decorr,10,2.30222,3.4081,-1.10588,-1.17616,-1.0356,0.675514,-15.1399,-19.9129,-10.3669,-14.5002,-33.8538,13.5587,1.7046e-14,,0,-3.74185,0.000182672,1,
fanbody_rate_hz,randmat,conf25,10,2.30222,2.74187,-0.439654,-0.48528,-0.394028,0.839652,-9.05439,-11.994,-6.11474,-8.67181,-20.2462,17.9813,7.96368e-14,,0,-3.74185,0.000182672,1,
fanbody_rate_hz,randmat,conf50,10,2.30222,2.96772,-0.665503,-0.727116,-0.60389,0.775753,-10.3001,-13.6103,-6.98998,-9.86491,-23.0318,14.9306,4.44038e-13,,0,-3.74185,0.000182672,1,
fanbody_rate_hz,randmat,conf75,10,2.30222,3.24542,-0.943204,-1.00351,-0.882893,0.709374,-14.8921,-19.5896,-10.1946,-14.2629,-33.2997,15.1782,1.31358e-15,,0,-3.74185,0.000182672,1,
fanbody_rate_hz,decorr,conf25,10,3.4081,2.74187,0.666225,0.595578,0.736872,1.24298,9.05662,6.11631,11.9969,8.67395,20.2512,13.8166,1.14357e-11,,100,3.74185,0.000182672,-1,
fanbody_rate_hz,decorr,conf50,10,3.4081,2.96772,0.440376,0.360348,0.520404,1.14839,5.17974,3.35083,7.00865,4.96088,11.5823,17.5474,1.19842e-09,,100,3.74185,0.000182672,-1,
fanbody_rate_hz,decorr,conf75,10,3.4081,3.24542,0.162675,0.083502,0.241848,1.05012,1.93537,0.873288,2.99744,1.85359,4.32761,17.3893,0.000435761,,91.5,3.10047,0.00193211,-0.83,
fanbody_rate_hz,conf25,conf50,10,2.74187,2.96772,-0.225849,-0.287917,-0.163781,0.923898,-3.46413,-4.85004,-2.07822,-3.31776,-7.74603,15.2195,1.16366e-06,,0,-3.74185,0.000182672,1,
fanbody_rate_hz,conf25,conf75,10,2.74187,3.24542,-0.50355,-0.564331,-0.442769,0.844843,-7.87624,-10.4697,-5.2828,-7.54344,-17.6118,15.4682,1.18847e-11,,0,-3.74185,0.000182672,1,
fanbody_rate_hz,conf50,conf75,10,2.96772,3.24542,-0.277701,-0.3499,-0.205502,0.914433,-3.61407,-5.03627,-2.19186,-3.46136,-8.0813,17.9863,2.13298e-07,,0,-3.74185,0.000182672,1,
other_rate_hz,rest,flow,10,1.41779,11.0033,-9.58554,-9.75964,-9.41145,0.128851,-55.6494,-72.9173,-38.3815,-53.298,-124.436,9.05747,5.88242e-16,,0,-3.74326,0.000181651,1,
other_rate_hz,rest,self,10,1.41779,9.41174,-7.99395,-8.26831,-7.71959,0.150641,-29.4651,-38.6383,-20.292,-28.2201,-65.886,9.02312,2.03008e-13,,0,-3.74326,0.000181651,1,0.000249938
other_rate_hz,rest,shuffle,10,1.41779,10.9341,-9.51626,-9.67979,-9.35272,0.129668,-58.8067,-77.0518,-40.5616,-56.3219,-131.496,9.06514,3.47936e-16,,0,-3.74326,0.000181651,1,
other_rate_hz,rest,randmat,10,1.41779,8.93893,-7.52114,-7.68417,-7.3581,0.158609,-46.6193,-61.093,-32.1455,-44.6495,-104.244,9.06554,2.84923e-15,,0,-3.74326,0.000181651,1,
other_rate_hz,rest,decorr,10,1.41779,11.161,-9.74319,-9.86779,-9.61858,0.127031,-78.9566,-103.441,-54.4724,-75.6204,-176.552,9.11231,2.03105e-17,,0,-3.74326,0.000181651,1,
other_rate_hz,rest,conf25,10,1.41779,10.1085,-8.69069,-8.91161,-8.46977,0.140258,-39.7738,-52.1307,-27.4168,-38.0932,-88.9368,9.03567,1.31083e-14,,0,-3.74326,0.000181651,1,
other_rate_hz,rest,conf50,10,1.41779,10.4739,-9.05611,-9.2037,-8.90851,0.135365,-61.9894,-81.2198,-42.7591,-59.3702,-138.613,9.07999,2.05247e-16,,0,-3.74326,0.000181651,1,
other_rate_hz,rest,conf75,10,1.41779,11.0381,-9.62031,-9.85048,-9.39015,0.128445,-42.261,-55.3868,-29.1351,-40.4753,-94.4984,9.03286,7.6457e-15,,0,-3.74326,0.000181651,1,
other_rate_hz,flow,self,10,11.0033,9.41174,1.5916,1.28596,1.89724,1.16911,4.95717,3.18848,6.72585,4.74771,11.0846,15.233,1.08049e-08,3.14528e-08,100,3.74185,0.000182672,-1,0.000249938
other_rate_hz,flow,shuffle,10,11.0033,10.9341,0.06929,-0.152452,0.291032,1.00634,0.293677,-0.587558,1.17491,0.281268,0.656682,17.9298,0.519726,,57,0.491354,0.623176,-0.14,
other_rate_hz,flow,randmat,10,11.0033,8.93893,2.06441,1.84298,2.28584,1.23095,8.76225,5.90888,11.6156,8.39201,19.593,17.9228,1.49513e-13,,100,3.74185,0.000182672,-1,
other_rate_hz,flow,decorr,10,11.0033,11.161,-0.15764,-0.3578,0.0425202,0.985876,-0.745543,-1.652,0.160918,-0.714041,-1.66709,16.2992,0.114594,,28,-1.62525,0.10411,0.44,
other_rate_hz,flow,conf25,10,11.0033,10.1085,0.894855,0.632729,1.15698,1.08853,3.22014,1.89194,4.54835,3.08408,7.20046,17.0652,1.45134e-06,,99,3.66626,0.000246128,-0.98,
other_rate_hz,flow,conf50,10,11.0033,10.4739,0.52944,0.317217,0.741663,1.05055,2.34847,1.20919,3.48775,2.24924,5.25134,17.5294,5.88663e-05,,97,3.51507,0.000439639,-0.94,
other_rate_hz,flow,conf75,10,11.0033,11.0381,-0.03477,-0.304103,0.234563,0.99685,-0.121943,-0.99928,0.755394,-0.11679,-0.272673,16.7562,0.788437,,47,-0.188982,0.850107,0.06,
other_rate_hz,self,shuffle,10,9.41174,10.9341,-1.52231,-1.82372,-1.22089,0.860774,-4.82355,-6.55639,-3.09071,-4.61974,-10.7858,14.6741,2.28121e-08,3.14528e-08,0,-3.74185,0.000182672,1,0.000249938
other_rate_hz,self,randmat,10,9.41174,8.93893,0.472811,0.171586,0.774036,1.05289,1.49934,0.507276,2.4914,1.43598,3.35262,14.6473,0.00448729,,94,3.28829,0.00100798,-0.88,0.00099975
other_rate_hz,self,decorr,10,9.41174,11.161,-1.74924,-2.03793,-1.46054,0.843272,-5.87524,-7.89596,-3.85451,-5.62699,-13.1374,12.5549,1.04843e-08,3.14528e-08,0,-3.74185,0.000182672,1,0.000249938
other_rate_hz,self,conf25,10,9.41174,10.1085,-0.696741,-1.02485,-0.368627,0.931074,-2.00167,-3.07548,-0.927854,-1.91709,-4.47587,17.2157,0.000323077,,10,-2.98592,0.00282727,0.8,0.00099975
other_rate_hz,self,conf50,10,9.41174,10.4739,-1.06216,-1.35782,-0.766495,0.89859,-3.45048,-4.83311,-2.06784,-3.30468,-7.7155,13.8017,2.27855e-06,,0,-3.74185,0.000182672,1,0.000249938
other_rate_hz,self,conf75,10,9.41174,11.0381,-1.62637,-1.95959,-1.29314,0.852659,-4.59572,-6.26803,-2.9234,-4.40153,-10.2763,17.4714,7.90173e-09,,0,-3.74185,0.000182672,1,0.000249938
other_rate_hz,shuffle,randmat,10,10.9341,8.93893,1.99512,1.78081,2.20942,1.22319,8.74703,5.89815,11.5959,8.37743,19.5589,17.9998,1.41528e-13,,100,3.74185,0.000182672,-1,
other_rate_hz,shuffle,decorr,10,10.9341,11.161,-0.22693,-0.418669,-0.0351909,0.979668,-1.11766,-2.06014,-0.175189,-1.07044,-2.49917,16.8119,0.0231164,,19,-2.30558,0.0211339,0.62,
other_rate_hz,shuffle,conf25,10,10.9341,10.1085,0.825565,0.568852,1.08228,1.08167,3.04015,1.75333,4.32698,2.9117,6.79799,16.5829,3.54337e-06,,98,3.59066,0.000329839,-0.96,
other_rate_hz,shuffle,conf50,10,10.9341,10.4739,0.46015,0.255568,0.664732,1.04393,2.11487,1.02042,3.20933,2.02551,4.72899,17.8135,0.000171982,,94,3.28829,0.00100798,-0.88,
other_rate_hz,shuffle,conf75,10,10.9341,11.0381,-0.10406,-0.368212,0.160092,0.990573,-0.37303,-1.25714,0.511083,-0.357268,-0.83412,16.238,0.416316,,40,-0.718132,0.472676,0.2,
other_rate_hz,randmat,decorr,10,8.93893,11.161,-2.22205,-2.4134,-2.0307,0.800909,-10.9651,-14.4743,-7.45578,-10.5017,-24.5186,16.8355,1.30604e-14,,0,-3.74185,0.000182672,1,
other_rate_hz,randmat,conf25,10,8.93893,10.1085,-1.16955,-1.42602,-0.913085,0.8843,-4.31154,-5.90952,-2.71356,-4.12936,-9.64089,16.5578,3.35068e-08,,0,-3.74185,0.000182672,1,
other_rate_hz,randmat,conf50,10,8.93893,10.4739,-1.53497,-1.7392,-1.33074,0.853448,-7.06665,-9.42548,-4.70781,-6.76805,-15.8015,17.8242,6.31185e-12,,0,-3.74185,0.000182672,1,
other_rate_hz,randmat,conf75,10,8.93893,11.0381,-2.09918,-2.36309,-1.83526,0.809825,-7.53274,-10.0262,-5.03922,-7.21445,-16.8437,16.2117,1.07019e-11,,0,-3.74185,0.000182672,1,
other_rate_hz,decorr,conf25,10,11.161,10.1085,1.0525,0.812466,1.29252,1.10412,4.20051,2.63118,5.76984,4.02302,9.39262,14.1929,1.80149e-07,,100,3.74185,0.000182672,-1,
other_rate_hz,decorr,conf50,10,11.161,10.4739,0.68708,0.507506,0.866654,1.0656,3.60221,2.1829,5.02152,3.45,8.05479,17.5054,2.70681e-07,,100,3.74185,0.000182672,-1,
other_rate_hz,decorr,conf75,10,11.161,11.0381,0.12287,-0.125396,0.371136,1.01113,0.475189,-0.413618,1.364,0.455111,1.06256,13.8509,0.306159,,61,0.793725,0.427355,-0.22,
other_rate_hz,conf25,conf50,10,10.1085,10.4739,-0.365415,-0.614655,-0.116175,0.965112,-1.39215,-2.36909,-0.415204,-1.33332,-3.11293,15.6953,0.00681997,,14,-2.68355,0.00728456,0.72,
other_rate_hz,conf25,conf75,10,10.1085,11.0381,-0.929625,-1.22585,-0.633404,0.91578,-2.94896,-4.21524,-1.68268,-2.82436,-6.59408,17.9698,3.44582e-06,,2,-3.59066,0.000329839,0.96,
other_rate_hz,conf50,conf75,10,10.4739,11.0381,-0.56421,-0.821231,-0.307189,0.948885,-2.08861,-3.17821,-0.999006,-2.00036,-4.67027,15.3266,0.000285689,,7.5,-3.1761,0.00149272,0.85,
ring_active_fraction,rest,flow,10,0,0.880882,-0.880882,-0.888645,-0.87312,0,-114.805,-150.394,-79.2166,-109.954,-256.712,9,1.05102e-18,,0,-4.04166,5.30746e-05,1,
ring_active_fraction,rest,self,10,0,0.848529,-0.848529,-0.861697,-0.835362,0,-65.1936,-85.4159,-44.9712,-62.4389,-145.777,9,1.70967e-16,,0,-4.01881,5.84931e-05,1,0.000249938
ring_active_fraction,rest,shuffle,10,0,0.873529,-0.873529,-0.880885,-0.866174,0,-120.141,-157.383,-82.8996,-115.065,-268.644,9,6.9831e-19,,0,-4.05055,5.10973e-05,1,
ring_active_fraction,rest,randmat,10,0,0.844117,-0.844117,-0.860714,-0.827521,0,-51.4545,-67.4243,-35.4848,-49.2804,-115.056,9,1.43709e-15,,0,-4.0223,5.76329e-05,1,
ring_active_fraction,rest,decorr,10,0,0.833823,-0.833823,-0.852412,-0.815235,0,-45.3804,-59.471,-31.2898,-43.4629,-101.474,9,4.44774e-15,,0,-4.01012,6.06871e-05,1,
ring_active_fraction,rest,conf25,10,0,0.855882,-0.855882,-0.869732,-0.842032,0,-62.5163,-81.9098,-43.1228,-59.8748,-139.791,9,2.49314e-16,,0,-4.01012,6.06871e-05,1,
ring_active_fraction,rest,conf50,10,0,0.836764,-0.836764,-0.8503,-0.823229,0,-62.5397,-81.9404,-43.139,-59.8971,-139.843,9,2.48478e-16,,0,-4.0223,5.76329e-05,1,
ring_active_fraction,rest,conf75,10,0,0.844117,-0.844117,-0.856466,-0.831769,0,-69.1566,-90.606,-47.7072,-66.2345,-154.639,9,1.00539e-16,,0,-4.01533,5.93632e-05,1,
ring_active_fraction,flow,self,10,0.880882,0.848529,0.0323531,0.0179151,0.0467911,1.03813,2.14134,1.04195,3.24072,2.05086,4.78817,14.5814,0.000258522,0.000775565,95.5,3.4866,0.000489198,-0.91,0.000499875
ring_active_fraction,flow,shuffle,10,0.880882,0.873529,0.007353,-0.00258078,0.0172868,1.00842,0.695608,-0.207033,1.59825,0.666216,1.55543,17.9481,0.137301,,66.5,1.32513,0.18513,-0.33,
ring_active_fraction,flow,randmat,10,0.880882,0.844117,0.0367649,0.0192334,0.0542964,1.04355,2.03,0.95109,3.10891,1.94423,4.53922,12.7577,0.000582554,,94,3.39324,0.000690706,-0.88,
ring_active_fraction,flow,decorr,10,0.880882,0.833823,0.047059,0.0276653,0.0664527,1.05644,2.36337,1.22114,3.50561,2.26351,5.28466,12.0462,0.00019065,,97,3.57887,0.000345078,-0.94,
ring_active_fraction,flow,conf25,10,0.880882,0.855882,0.0250002,0.00996138,0.040039,1.02921,1.59297,0.586995,2.59895,1.52566,3.56199,14.1461,0.00308012,,86,2.77031,0.00560035,-0.72,
ring_active_fraction,flow,conf50,10,0.880882,0.836764,0.0441179,0.0293569,0.0588789,1.05272,2.8604,1.61378,4.10702,2.73954,6.39605,14.3418,1.48642e-05,,98.5,3.69145,0.000222983,-0.97,
ring_active_fraction,flow,conf75,10,0.880882,0.844117,0.036765,0.0230343,0.0504957,1.04355,2.55008,1.3699,3.73025,2.44233,5.70214,15.1522,4.03204e-05,,97,3.58307,0.000339585,-0.94,
ring_active_fraction,self,shuffle,10,0.848529,0.873529,-0.0250001,-0.0392889,-0.0107113,0.97138,-1.67688,-2.69587,-0.65789,-1.60603,-3.74962,14.1187,0.00212619,0.00425237,10.5,-3.05324,0.00226387,0.79,0.00324919
ring_active_fraction,self,randmat,10,0.848529,0.844117,0.0044118,-0.0153369,0.0241605,1.00523,0.210676,-0.668275,1.08963,0.201774,0.471086,17.115,0.643528,,54.5,0.312022,0.755024,-0.09,0.687828
ring_active_fraction,self,decorr,10,0.848529,0.833823,0.0147059,-0.00661825,0.0360301,1.01764,0.653105,-0.246482,1.55269,0.625509,1.46039,16.2153,0.163288,0.163288,68,1.35751,0.174619,-0.36,0.167708
ring_active_fraction,self,conf25,10,0.848529,0.855882,-0.0073529,-0.0251045,0.0103987,0.991409,-0.389247,-1.27403,0.495537,-0.3728,-0.870382,17.9542,0.39558,,40.5,-0.700649,0.483522,0.19,0.497876
ring_active_fraction,self,conf50,10,0.848529,0.836764,0.0117648,-0.00577406,0.0293037,1.01406,0.630278,-0.267744,1.5283,0.603646,1.40934,17.9863,0.175789,,68,1.35697,0.17479,-0.36,0.171707
ring_active_fraction,self,conf75,10,0.848529,0.844117,0.0044119,-0.012358,0.0211818,1.00523,0.247256,-0.632609,1.12712,0.236809,0.552882,17.9263,0.587173,,58.5,0.623545,0.532926,-0.17,0.541615
ring_active_fraction,shuffle,randmat,10,0.873529,0.844117,0.0294119,0.0119902,0.0468336,1.03484,1.63908,0.626014,2.65214,1.56982,3.66509,12.4044,0.00307077,,87.5,2.91911,0.00351031,-0.75,
ring_active_fraction,shuffle,decorr,10,0.873529,0.833823,0.039706,0.0204063,0.0590057,1.04762,2.00938,0.934179,3.08457,1.92447,4.4931,11.7511,0.000774312,,93.5,3.32901,0.00087154,-0.87,
ring_active_fraction,shuffle,conf25,10,0.873529,0.855882,0.0176472,0.00274821,0.0325462,1.02062,1.13842,0.193563,2.08328,1.09032,2.54558,13.7028,0.023619,,77.5,2.12408,0.0336632,-0.55,
ring_active_fraction,shuffle,conf50,10,0.873529,0.836764,0.0367649,0.0221479,0.0513819,1.04394,2.41435,1.26192,3.56677,2.31233,5.39864,13.8892,9.64687e-05,,95.5,3.48111,0.000499345,-0.91,
ring_active_fraction,shuffle,conf75,10,0.873529,0.844117,0.029412,0.015843,0.042981,1.03484,2.0702,0.983975,3.15642,1.98272,4.6291,14.6728,0.00034633,,92.5,3.2619,0.00110668,-0.85,
ring_active_fraction,randmat,decorr,10,0.844117,0.833823,0.0102941,-0.0128703,0.0334585,1.01235,0.417916,-0.468123,1.30395,0.400258,0.934488,17.7736,0.362575,,60,0.736934,0.461162,-0.2,
ring_active_fraction,randmat,conf25,10,0.844117,0.855882,-0.0117647,-0.0318867,0.00835729,0.986254,-0.550595,-1.44357,0.34238,-0.527331,-1.23117,17.4415,0.234604,,36,-1.04433,0.296332,0.28,
ring_active_fraction,randmat,conf50,10,0.844117,0.836764,0.007353,-0.0125948,0.0273008,1.00879,0.34734,-0.535767,1.23045,0.332664,0.776677,17.3005,0.447839,,60.5,0.782251,0.434067,-0.21,
ring_active_fraction,randmat,conf75,10,0.844117,0.844117,1e-07,-0.0193262,0.0193264,1,4.89051e-06,-0.876518,0.876527,4.68387e-06,1.09355e-05,16.6271,0.999991,,51,0.0390497,0.968851,-0.02,
ring_active_fraction,decorr,conf25,10,0.833823,0.855882,-0.0220588,-0.0437146,-0.000403027,0.974227,-0.96269,-1.88859,-0.0367875,-0.922013,-2.15264,16.6387,0.0463323,,25.5,-1.84644,0.0648281,0.49,
ring_active_fraction,decorr,conf50,10,0.833823,0.836764,-0.0029411,-0.0244419,0.0185597,0.996485,-0.129396,-1.00684,0.748043,-0.123929,-0.289339,16.4499,0.775937,,49,-0.038679,0.969146,0.02,
ring_active_fraction,decorr,conf75,10,0.833823,0.844117,-0.010294,-0.0312451,0.0106571,0.987805,-0.466662,-1.35503,0.421711,-0.446944,-1.04349,15.6485,0.312576,,39.5,-0.773884,0.438999,0.21,
ring_active_fraction,conf25,conf50,10,0.855882,0.836764,0.0191177,0.00113116,0.0371042,1.02285,0.998687,0.0691297,1.92824,0.956489,2.23313,17.9905,0.0384825,,75.5,1.937,0.0527452,-0.51,
ring_active_fraction,conf25,conf75,10,0.855882,0.844117,0.0117648,-0.0054844,0.029014,1.01394,0.641427,-0.257352,1.54021,0.614324,1.43427,17.7679,0.16886,,67,1.27943,0.200745,-0.34,
ring_active_fraction,conf50,conf75,10,0.836764,0.844117,-0.0073529,-0.0243793,0.00967353,0.991289,-0.405995,-1.2915,0.479511,-0.388841,-0.907833,17.8503,0.37606,,38.5,-0.864312,0.387417,0.23,
columnar_active_fraction,rest,flow,10,0,0.0939189,-0.0939189,-0.0990662,-0.0887717,0,-18.4593,-24.2465,-12.672,-17.6793,-41.2762,9,1.4329e-11,,0,-4.00149,6.29439e-05,1,
columnar_active_fraction,rest,self,10,0,0.0576255,-0.0576255,-0.0627932,-0.0524578,0,-11.2811,-14.8853,-7.67693,-10.8045,-25.2254,9,1.16246e-09,,0,-4.00149,6.29439e-05,1,0.000249938
columnar_active_fraction,rest,shuffle,10,0,0.102413,-0.102413,-0.106215,-0.0986109,0,-27.2494,-35.7393,-18.7595,-26.098,-60.9315,9,4.35503e-13,,0,-4.00149,6.29439e-05,1,
columnar_active_fraction,rest,randmat,10,0,0.0504826,-0.0504826,-0.052237,-0.0487282,0,-29.1102,-38.1739,-20.0465,-27.8802,-65.0924,9,2.40619e-13,,0,-4.00839,6.11334e-05,1,
columnar_active_fraction,rest,decorr,10,0,0.073166,-0.073166,-0.0813413,-0.0649908,0,-9.0541,-11.9937,-6.11453,-8.67153,-20.2456,9,8.15277e-09,,0,-3.99806,6.38644e-05,1,
columnar_active_fraction,rest,conf25,10,0,0.0646718,-0.0646718,-0.0716834,-0.0576602,0,-9.3312,-12.3528,-6.30956,-8.93692,-20.8652,9,6.24757e-09,,0,-3.99806,6.38644e-05,1,
columnar_active_fraction,rest,conf50,10,0,0.065251,-0.065251,-0.0715644,-0.0589375,0,-10.4558,-13.8125,-7.09913,-10.014,-23.3799,9,2.28173e-09,,0,-3.99977,6.34029e-05,1,
columnar_active_fraction,rest,conf75,10,0,0.0715251,-0.0715251,-0.0793876,-0.0636627,0,-9.20318,-12.1869,-6.21949,-8.81431,-20.5789,9,7.05825e-09,,0,-4.00149,6.29439e-05,1,
columnar_active_fraction,flow,self,10,0.0939189,0.0576255,0.0362934,0.0295195,0.0430674,1.62982,5.03397,3.24458,6.82337,4.82127,11.2563,17.9997,1.4037e-09,2.8074e-09,100,3.74749,0.000178614,-1,0.000249938
columnar_active_fraction,flow,shuffle,10,0.0939189,0.102413,-0.00849417,-0.0144744,-0.00251395,0.91706,-1.34284,-2.31314,-0.372552,-1.2861,-3.00269,16.5684,0.00818389,,16,-2.53618,0.011207,0.68,
columnar_active_fraction,flow,randmat,10,0.0939189,0.0504826,0.0434363,0.038149,0.0487236,1.86042,8.08068,5.42753,10.7338,7.73925,18.069,11.0633,1.46158e-09,,100,3.75315,0.000174624,-1,
columnar_active_fraction,flow,decorr,10,0.0939189,0.073166,0.0207529,0.0116591,0.0298467,1.28364,2.17324,1.06786,3.27862,2.08141,4.85951,15.1664,0.000201843,,91.5,3.10281,0.00191693,-0.83,
columnar_active_fraction,flow,conf25,10,0.0939189,0.0646718,0.0292471,0.0211167,0.0373775,1.45224,3.40171,2.03073,4.7727,3.25798,7.60646,16.5173,8.65974e-07,,100,3.74466,0.000180635,-1,
columnar_active_fraction,flow,conf50,10,0.0939189,0.065251,0.028668,0.0210807,0.0362552,1.43935,3.56042,2.15127,4.96957,3.40998,7.96134,17.2982,3.45811e-07,,100,3.74608,0.000179623,-1,
columnar_active_fraction,flow,conf75,10,0.0939189,0.0715251,0.0223938,0.013565,0.0312227,1.31309,2.41076,1.25906,3.56247,2.3089,5.39063,15.5174,6.6728e-05,,97.5,3.55956,0.000371472,-0.95,
columnar_active_fraction,self,shuffle,10,0.0576255,0.102413,-0.0447876,-0.0507842,-0.0387911,0.562677,-7.0623,-9.41989,-4.70471,-6.76389,-15.7918,16.5358,2.1127e-11,6.33811e-11,0,-3.74749,0.000178614,1,0.000249938
columnar_active_fraction,self,randmat,10,0.0576255,0.0504826,0.00714288,0.00183581,0.0124499,1.14149,1.32411,0.356292,2.29193,1.26816,2.9608,11.0474,0.0129016,,84,2.54676,0.0108727,-0.68,0.00474881
columnar_active_fraction,self,decorr,10,0.0576255,0.073166,-0.0155406,-0.0246428,-0.00643828,0.787599,-1.62556,-2.63654,-0.614593,-1.55688,-3.63487,15.2021,0.00239766,0.00239766,9,-3.06613,0.00216852,0.82,0.00099975
columnar_active_fraction,self,conf25,10,0.0576255,0.0646718,-0.00704633,-0.0151868,0.00109416,0.891045,-0.818413,-1.73089,0.0940655,-0.783832,-1.83003,16.55,0.0853168,,28.5,-1.59285,0.111194,0.43,0.0854786
columnar_active_fraction,self,conf50,10,0.0576255,0.065251,-0.00762548,-0.015224,-2.69876e-05,0.883136,-0.945544,-1.86975,-0.0213399,-0.905592,-2.1143,17.3235,0.0492768,,22,-2.08272,0.0372765,0.56,0.055986
columnar_active_fraction,self,conf75,10,0.0576255,0.0715251,-0.0138996,-0.0227373,-0.00506193,0.805668,-1.49455,-2.48592,-0.503185,-1.4314,-3.34192,15.553,0.00427423,,14.5,-2.65074,0.0080316,0.71,0.00449888
columnar_active_fraction,shuffle,randmat,10,0.102413,0.0504826,0.0519305,0.0479207,0.0559403,2.02868,12.5461,8.56054,16.5317,12.016,28.054,12.6662,8.78454e-13,,100,3.75315,0.000174624,-1,
columnar_active_fraction,shuffle,decorr,10,0.102413,0.073166,0.0292471,0.0206172,0.0378769,1.39974,3.28168,1.93909,4.62427,3.14302,7.33806,12.7195,6.44438e-06,,98,3.59337,0.000326434,-0.96,
columnar_active_fraction,shuffle,conf25,10,0.102413,0.0646718,0.0377413,0.0301724,0.0453102,1.58358,4.78697,3.0639,6.51005,4.58471,10.704,13.8719,4.36921e-08,,100,3.74466,0.000180635,-1,
columnar_active_fraction,shuffle,conf50,10,0.102413,0.065251,0.0371621,0.0302086,0.0441157,1.56953,5.10121,3.29362,6.9088,4.88566,11.4066,14.7695,1.01695e-08,,100,3.74608,0.000179623,-1,
columnar_active_fraction,shuffle,conf75,10,0.102413,0.0715251,0.030888,0.0225468,0.0392292,1.43185,3.57797,2.16455,4.99138,3.42678,8.00058,12.9912,2.24435e-06,,100,3.74749,0.000178614,-1,
columnar_active_fraction,randmat,decorr,10,0.0504826,0.073166,-0.0226834,-0.0309388,-0.0144281,0.689973,-2.74453,-3.96587,-1.52318,-2.62856,-6.13695,9.82721,0.000118617,,0.5,-3.71384,0.00020414,0.99,
columnar_active_fraction,randmat,conf25,10,0.0504826,0.0646718,-0.0141892,-0.0212966,-0.00708183,0.780597,-1.98607,-3.0571,-0.915037,-1.90215,-4.44098,10.1226,0.00121589,,2,-3.59879,0.000319702,0.96,
columnar_active_fraction,randmat,conf50,10,0.0504826,0.065251,-0.0147684,-0.0211905,-0.00834625,0.773668,-2.28009,-3.40595,-1.15422,-2.18374,-5.09843,10.3817,0.000413549,,0.5,-3.71524,0.000203009,0.99,
columnar_active_fraction,randmat,conf75,10,0.0504826,0.0715251,-0.0210425,-0.0289887,-0.0130963,0.705803,-2.64256,-3.84212,-1.44301,-2.53091,-5.90895,9.89402,0.000155726,,1,-3.67733,0.000235686,0.98,
columnar_active_fraction,decorr,conf25,10,0.073166,0.0646718,0.00849422,-0.00152501,0.0185134,1.13134,0.79788,-0.112851,1.70861,0.764166,1.78411,17.5917,0.0916637,,70.5,1.51243,0.130425,-0.41,
columnar_active_fraction,decorr,conf50,10,0.073166,0.065251,0.00791507,-0.00172216,0.0175523,1.1213,0.775213,-0.133635,1.68406,0.742458,1.73343,16.9185,0.101204,,69,1.4011,0.161183,-0.38,
columnar_active_fraction,decorr,conf75,10,0.073166,0.0715251,0.00164093,-0.00889432,0.0121762,1.02294,0.146358,-0.731337,1.02405,0.140174,0.327267,17.9727,0.747247,,52.5,0.151528,0.879559,-0.05,
columnar_active_fraction,conf25,conf50,10,0.0646718,0.065251,-0.00057915,-0.00934866,0.00819036,0.991124,-0.0620984,-0.938832,0.814635,-0.0594746,-0.138856,17.8056,0.891122,,46,-0.265074,0.790953,0.08,
columnar_active_fraction,conf25,conf75,10,0.0646718,0.0715251,-0.00685329,-0.0166463,0.0029397,0.904183,-0.658133,-1.55807,0.241805,-0.630325,-1.47163,17.7689,0.15861,,30.5,-1.43952,0.150004,0.39,
columnar_active_fraction,conf50,conf75,10,0.065251,0.0715251,-0.00627414,-0.0156704,0.00312211,0.912281,-0.629475,-1.52744,0.268492,-0.602878,-1.40755,17.1979,0.177082,,33.5,-1.21406,0.224725,0.33,
fanbody_active_fraction,rest,flow,10,0,0.184692,-0.184692,-0.187383,-0.182001,0,-69.4345,-90.9699,-47.899,-66.5006,-155.26,9,9.69767e-17,,0,-4.00322,6.24874e-05,1,
fanbody_active_fraction,rest,self,10,0,0.124792,-0.124792,-0.127598,-0.121986,0,-44.9971,-58.9691,-31.0251,-43.0958,-100.617,9,4.80026e-15,,0,-4.01707,5.89269e-05,1,0.000249938
fanbody_active_fraction,rest,shuffle,10,0,0.176872,-0.176872,-0.180553,-0.17319,0,-48.6044,-63.6923,-33.5165,-46.5507,-108.683,9,2.39923e-15,,0,-4.00666,6.15822e-05,1,
fanbody_active_fraction,rest,randmat,10,0,0.118303,-0.118303,-0.12084,-0.115766,0,-47.1711,-61.8156,-32.5267,-45.178,-105.478,9,3.14038e-15,,0,-4.01359,5.9802e-05,1,
fanbody_active_fraction,rest,decorr,10,0,0.165058,-0.165058,-0.170071,-0.160046,0,-33.3142,-43.6753,-22.9531,-31.9066,-74.4928,9,7.1608e-14,,0,-3.99977,6.34029e-05,1,
fanbody_active_fraction,rest,conf25,10,0,0.130616,-0.130616,-0.133752,-0.127479,0,-42.1283,-55.2131,-29.0434,-40.3482,-94.2017,9,8.68042e-15,,0,-4.00494,6.20335e-05,1,
fanbody_active_fraction,rest,conf50,10,0,0.13827,-0.13827,-0.142372,-0.134167,0,-34.0991,-44.7027,-23.4956,-32.6583,-76.248,9,5.80856e-14,,0,-4.00149,6.29439e-05,1,
fanbody_active_fraction,rest,conf75,10,0,0.152746,-0.152746,-0.157467,-0.148024,0,-32.7302,-42.911,-22.5494,-31.3472,-73.1869,9,8.39441e-14,,0,-4.00149,6.29439e-05,1,
fanbody_active_fraction,flow,self,10,0.184692,0.124792,0.0599001,0.0562892,0.063511,1.48,15.5878,10.6783,20.4973,14.9292,34.8555,17.9687,5.92407e-18,1.77722e-17,100,3.7617,0.000168763,-1,0.000249938
fanbody_active_fraction,flow,shuffle,10,0.184692,0.176872,0.0078203,0.00355707,0.0120835,1.04421,1.73495,0.706664,2.76323,1.66164,3.87946,16.4815,0.00126662,,89,2.92799,0.00341159,-0.78,
fanbody_active_fraction,flow,randmat,10,0.184692,0.118303,0.0663893,0.0629536,0.069825,1.56118,18.1598,12.4643,23.8553,17.3925,40.6066,17.938,4.15949e-19,,100,3.75884,0.0001707,-1,
fanbody_active_fraction,flow,decorr,10,0.184692,0.165058,0.0196339,0.0142323,0.0250355,1.11895,3.49143,2.09895,4.8839,3.3439,7.80707,13.7901,2.00286e-06,,100,3.74749,0.000178614,-1,
fanbody_active_fraction,flow,conf25,10,0.184692,0.130616,0.0540764,0.0502318,0.057921,1.41401,13.2375,9.04263,17.4324,12.6782,29.5999,17.5933,1.8666e-16,,100,3.75173,0.000175616,-1,
fanbody_active_fraction,flow,conf50,10,0.184692,0.13827,0.0464225,0.0418137,0.0510313,1.33574,9.57261,6.4793,12.6659,9.16813,21.405,15.5354,5.98344e-13,,100,3.7489,0.000177611,-1,
fanbody_active_fraction,flow,conf75,10,0.184692,0.152746,0.0319466,0.026804,0.0370892,1.20915,5.94728,3.90642,7.98814,5.69598,13.2985,14.2894,1.92419e-09,,100,3.7489,0.000177611,-1,
fanbody_active_fraction,self,shuffle,10,0.124792,0.176872,-0.0520798,-0.0564004,-0.0477592,0.705551,-11.3827,-15.0175,-7.74797,-10.9018,-25.4525,16.8175,7.24834e-15,1.44967e-14,0,-3.76456,0.000166842,1,0.000249938
fanbody_active_fraction,self,randmat,10,0.124792,0.118303,0.0064892,0.00297352,0.0100049,1.05485,1.73548,0.707109,2.76385,1.66215,3.88065,17.8209,0.00111326,,91.5,3.14577,0.00165648,-0.83,0.00149963
fanbody_active_fraction,self,decorr,10,0.124792,0.165058,-0.0402662,-0.0457075,-0.0348249,0.756048,-7.09166,-9.45769,-4.72562,-6.79201,-15.8574,14.1356,2.11732e-10,2.11732e-10,0,-3.75884,0.0001707,1,0.000249938
fanbody_active_fraction,self,conf25,10,0.124792,0.130616,-0.0058237,-0.00973555,-0.00191185,0.955413,-1.39999,-2.37801,-0.421973,-1.34084,-3.13048,17.7808,0.00584535,,15,-2.63383,0.00844287,0.7,0.00674831
fanbody_active_fraction,self,conf50,10,0.124792,0.13827,-0.0134776,-0.0181372,-0.00881801,0.902527,-2.74346,-3.96458,-1.52235,-2.62754,-6.13457,15.9083,1.47485e-05,,3,-3.53641,0.000405611,0.94,0.000249938
fanbody_active_fraction,self,conf75,10,0.124792,0.152746,-0.0279535,-0.0331389,-0.0227681,0.816993,-5.14923,-6.96985,-3.32861,-4.93166,-11.514,14.6519,9.77864e-09,,0,-3.76027,0.00016973,1,0.000249938
fanbody_active_fraction,shuffle,randmat,10,0.176872,0.118303,0.058569,0.0543786,0.0627594,1.49508,13.2523,9.05297,17.4517,12.6924,29.6331,15.9758,2.16101e-15,,100,3.7617,0.000168763,-1,
fanbody_active_fraction,shuffle,decorr,10,0.176872,0.165058,0.0118136,0.00600048,0.0176267,1.07157,1.92173,0.862031,2.98143,1.84053,4.29711,16.5213,0.000517906,,90.5,3.03745,0.00238589,-0.81,
fanbody_active_fraction,shuffle,conf25,10,0.176872,0.130616,0.0462561,0.0417562,0.050756,1.35414,9.67561,6.55167,12.7995,9.26678,21.6353,17.5572,4.19931e-14,,100,3.75457,0.000173637,-1,
fanbody_active_fraction,shuffle,conf50,10,0.176872,0.13827,0.0386022,0.0334788,0.0437256,1.27918,7.08508,4.72094,9.44922,6.78571,15.8427,17.7932,6.21731e-12,,100,3.75173,0.000175616,-1,
fanbody_active_fraction,shuffle,conf75,10,0.176872,0.152746,0.0241263,0.0185423,0.0297103,1.15795,4.07684,2.53915,5.61452,3.90458,9.11608,16.9905,5.93261e-08,,100,3.75173,0.000175616,-1,
fanbody_active_fraction,randmat,decorr,10,0.118303,0.165058,-0.0467554,-0.0521072,-0.0414036,0.716734,-8.41958,-11.1721,-5.66708,-8.06382,-18.8267,13.3279,5.45524e-11,,0,-3.756,0.000172654,1,
fanbody_active_fraction,randmat,conf25,10,0.118303,0.130616,-0.0123129,-0.0160714,-0.00855437,0.905732,-3.08765,-4.38529,-1.79001,-2.95719,-6.9042,17.247,2.35804e-06,,0,-3.76027,0.00016973,1,
fanbody_active_fraction,randmat,conf50,10,0.118303,0.13827,-0.0199668,-0.0245114,-0.0154222,0.855595,-4.18781,-5.75387,-2.62175,-4.01086,-9.36423,15.0067,1.17304e-07,,0,-3.75742,0.000171675,1,
fanbody_active_fraction,randmat,conf75,10,0.118303,0.152746,-0.0344427,-0.0395314,-0.029354,0.774509,-6.50106,-8.69814,-4.30398,-6.22637,-14.5368,13.7982,9.34051e-10,,0,-3.75742,0.000171675,1,
fanbody_active_fraction,decorr,conf25,10,0.165058,0.130616,0.0344425,0.0288748,0.0400102,1.26369,5.89294,3.86727,7.9186,5.64394,13.177,15.1114,1.08561e-09,,100,3.7489,0.000177611,-1,
fanbody_active_fraction,decorr,conf50,10,0.165058,0.13827,0.0267886,0.0207563,0.0328209,1.19374,4.18417,2.61904,5.74929,4.00737,9.35608,17.3227,3.45262e-08,,100,3.74608,0.000179623,-1,
fanbody_active_fraction,decorr,conf75,10,0.165058,0.152746,0.0123127,0.00591603,0.0187094,1.08061,1.80899,0.768524,2.84945,1.73255,4.04502,17.9359,0.00076451,,91.5,3.11103,0.00186438,-0.83,
fanbody_active_fraction,conf25,conf50,10,0.130616,0.13827,-0.0076539,-0.0124735,-0.00283425,0.944645,-1.49946,-2.49154,-0.507386,-1.43611,-3.35291,16.8427,0.00381284,,14,-2.69881,0.00695879,0.72,
fanbody_active_fraction,conf25,conf75,10,0.130616,0.152746,-0.0221298,-0.0274513,-0.0168083,0.85512,-3.94975,-5.45524,-2.44426,-3.78286,-8.83191,15.6493,1.78944e-07,,0,-3.75032,0.000176611,1,
fanbody_active_fraction,conf50,conf75,10,0.13827,0.152746,-0.0144759,-0.0202927,-0.00865907,0.905229,-2.34148,-3.47938,-1.20358,-2.24255,-5.23572,17.6558,5.94523e-05,,5,-3.3715,0.000747608,0.9,
other_active_fraction,rest,flow,10,0.0758808,0.478591,-0.40271,-0.408006,-0.397414,0.15855,-75.1402,-98.4425,-51.838,-71.9653,-168.019,10.6626,1.34497e-19,,0,-3.77607,0.00015932,1,
other_active_fraction,rest,self,10,0.0758808,0.444716,-0.368835,-0.378536,-0.359133,0.170628,-38.1649,-50.0245,-26.3052,-36.5523,-85.3392,9.48416,5.21494e-15,,0,-3.77463,0.000160246,1,0.000249938
other_active_fraction,rest,shuffle,10,0.0758808,0.478591,-0.40271,-0.411354,-0.394067,0.15855,-46.6817,-61.1748,-32.1886,-44.7093,-104.384,9.61156,5.22967e-16,,0,-3.7703,0.000163049,1,
other_active_fraction,rest,randmat,10,0.0758808,0.417615,-0.341734,-0.347917,-0.335551,0.1817,-54.9189,-71.9607,-37.8771,-52.5984,-122.802,10.2094,1.60902e-17,,0,-3.77463,0.000160246,1,
other_active_fraction,rest,decorr,10,0.0758808,0.470732,-0.394851,-0.402569,-0.387133,0.161197,-51.1417,-67.0146,-35.2688,-48.9808,-114.356,9.76949,1.32304e-16,,0,-3.77607,0.00015932,1,
other_active_fraction,rest,conf25,10,0.0758808,0.459892,-0.384011,-0.392933,-0.37509,0.164997,-43.1512,-56.5524,-29.7501,-41.3279,-96.4891,9.57359,1.24669e-15,,0,-3.77463,0.000160246,1,
other_active_fraction,rest,conf50,10,0.0758808,0.457724,-0.381843,-0.390155,-0.373532,0.165779,-45.9967,-60.2779,-31.7155,-44.0532,-102.852,9.66208,5.16663e-16,,0,-3.7703,0.000163049,1,
other_active_fraction,rest,conf75,10,0.0758808,0.471003,-0.395122,-0.401462,-0.388783,0.161105,-61.9824,-81.2106,-42.7542,-59.3634,-138.597,10.1492,5.71716e-18,,0,-3.7703,0.000163049,1,
other_active_fraction,flow,self,10,0.478591,0.444716,0.0338754,0.0234762,0.0442746,1.07617,3.12877,1.82171,4.43583,2.99657,6.99615,13.7996,6.79963e-06,2.03989e-05,100,3.75742,0.000171675,-1,0.000249938
other_active_fraction,flow,shuffle,10,0.478591,0.478591,0,-0.00945946,0.00945946,1,0,-0.876523,0.876523,0,0,14.7986,1,,58.5,0.611681,0.540749,-0.17,
other_active_fraction,flow,randmat,10,0.478591,0.417615,0.060976,0.0535317,0.0684203,1.14601,7.71001,5.16499,10.255,7.38423,17.2401,17.5517,1.91718e-12,,100,3.75742,0.000171675,-1,
other_active_fraction,flow,decorr,10,0.478591,0.470732,0.007859,-0.000808396,0.0165264,1.0167,0.860375,-0.0558034,1.77655,0.824021,1.92386,15.8308,0.0725435,,74,1.792,0.0731337,-0.48,
other_active_fraction,flow,conf25,10,0.478591,0.459892,0.0186991,0.00899578,0.0284024,1.04066,1.84227,0.796213,2.88833,1.76443,4.11944,14.516,0.000969991,,90,3.00978,0.00261441,-0.8,
other_active_fraction,flow,conf50,10,0.478591,0.457724,0.0208672,0.0116956,0.0300388,1.04559,2.16682,1.06265,3.271,2.07527,4.84517,15.154,0.000208096,,95.5,3.41713,0.000632849,-0.91,
other_active_fraction,flow,conf75,10,0.478591,0.471003,0.007588,2.57524e-05,0.0151502,1.01611,0.945074,0.0209158,1.86923,0.905141,2.11325,17.4055,0.0493061,,77.5,2.05184,0.0401856,-0.55,
other_active_fraction,self,shuffle,10,0.444716,0.478591,-0.0338754,-0.0458797,-0.0218711,0.929218,-2.65396,-3.85593,-1.45199,-2.54182,-5.93444,17.759,1.36294e-05,2.72587e-05,0,-3.75173,0.000175616,1,0.000249938
other_active_fraction,self,randmat,10,0.444716,0.417615,0.0271006,0.016361,0.0378402,1.06489,2.4027,1.25261,3.55279,2.30117,5.37259,15.1935,7.42671e-05,,93,3.22484,0.00126041,-0.86,0.000499875
other_active_fraction,self,decorr,10,0.444716,0.470732,-0.0260164,-0.0374938,-0.014539,0.944732,-2.13773,-3.23644,-1.03902,-2.0474,-4.78011,17.1096,0.000171095,0.000171095,2,-3.6056,0.000311428,0.96,0.000249938
other_active_fraction,self,conf25,10,0.444716,0.459892,-0.0151763,-0.0273497,-0.00300292,0.967,-1.17193,-2.12072,-0.22315,-1.12242,-2.62052,17.8718,0.0174032,,22,-2.11161,0.0347202,0.56,0.0114971
other_active_fraction,self,conf50,10,0.444716,0.457724,-0.0130082,-0.024817,-0.00119944,0.971581,-1.03679,-1.97035,-0.103236,-0.992983,-2.31834,17.5749,0.0327086,,22,-2.09222,0.0364189,0.56,0.0322419
other_active_fraction,self,conf75,10,0.444716,0.471003,-0.0262874,-0.0370937,-0.0154811,0.944188,-2.31323,-3.44557,-1.18089,-2.21549,-5.17254,15.4253,0.000103924,,0.5,-3.71524,0.000203009,0.99,0.000249938
other_active_fraction,shuffle,randmat,10,0.478591,0.417615,0.060976,0.051124,0.070828,1.14601,5.8608,3.84411,7.8775,5.61317,13.1052,16.2341,4.71493e-10,,100,3.75173,0.000175616,-1,
other_active_fraction,shuffle,decorr,10,0.478591,0.470732,0.007859,-0.00282797,0.018546,1.0167,0.691588,-0.210756,1.59393,0.662366,1.54644,17.7663,0.139626,,69,1.40803,0.159122,-0.38,
other_active_fraction,shuffle,conf25,10,0.478591,0.459892,0.0186991,0.00724024,0.030158,1.04066,1.53333,0.536295,2.53037,1.46854,3.42864,17.9815,0.00299889,,86.5,2.73578,0.00622324,-0.73,
other_active_fraction,shuffle,conf50,10,0.478591,0.457724,0.0208672,0.00981104,0.0319234,1.04559,1.77351,0.73893,2.80809,1.69857,3.96569,17.9716,0.00090893,,92.5,3.18811,0.00143205,-0.85,
other_active_fraction,shuffle,conf75,10,0.478591,0.471003,0.007588,-0.00234033,0.0175163,1.01611,0.722957,-0.181746,1.62766,0.692409,1.61658,16.4527,0.124979,,74.5,1.82316,0.0682789,-0.49,
other_active_fraction,randmat,decorr,10,0.417615,0.470732,-0.053117,-0.0622315,-0.0440025,0.887161,-5.49519,-7.41048,-3.57991,-5.263,-12.2876,17.143,6.31322e-10,,0,-3.75742,0.000171675,1,
other_active_fraction,randmat,conf25,10,0.417615,0.459892,-0.0422769,-0.052358,-0.0321958,0.908072,-3.97674,-5.48904,-2.46444,-3.80871,-8.89226,15.9538,1.40259e-07,,0,-3.756,0.000172654,1,
other_active_fraction,randmat,conf50,10,0.417615,0.457724,-0.0401088,-0.0496915,-0.0305261,0.912373,-3.95705,-5.46439,-2.44972,-3.78985,-8.84824,16.5688,1.10853e-07,,0,-3.75173,0.000175616,1,
other_active_fraction,randmat,conf75,10,0.417615,0.471003,-0.053388,-0.0614959,-0.0452801,0.88665,-6.18699,-8.29517,-4.0788,-5.92556,-13.8345,17.9881,4.99647e-11,,0,-3.75173,0.000175616,1,
other_active_fraction,decorr,conf25,10,0.470732,0.459892,0.0108401,-4.9112e-05,0.0217293,1.02357,0.93676,0.0134149,1.8601,0.897178,2.09466,17.623,0.050934,,76,1.93784,0.0526421,-0.52,
other_active_fraction,decorr,conf50,10,0.470732,0.457724,0.0130082,0.00255711,0.0234593,1.02842,1.16992,0.221377,2.11847,1.12049,2.61603,17.8986,0.017554,,80,2.25211,0.0243152,-0.6,
other_active_fraction,decorr,conf75,10,0.470732,0.471003,-0.000271,-0.00947171,0.00892971,0.999425,-0.0277528,-0.904318,0.848812,-0.0265802,-0.0620572,17.3145,0.951228,,46.5,-0.228242,0.819458,0.07,
other_active_fraction,conf25,conf50,10,0.459892,0.457724,0.0021681,-0.00908001,0.0134162,1.00474,0.18117,-0.697149,1.05949,0.173514,0.405107,17.9077,0.690197,,52,0.114078,0.909176,-0.04,
other_active_fraction,conf25,conf75,10,0.459892,0.471003,-0.0111111,-0.0212659,-0.000956321,0.97641,-1.0364,-1.96991,-0.102887,-0.992608,-2.31746,16.1792,0.033895,,26,-1.7879,0.0737928,0.48,
other_active_fraction,conf50,conf75,10,0.457724,0.471003,-0.0132792,-0.0229416,-0.00361677,0.971807,-1.29804,-2.26246,-0.333622,-1.24319,-2.90251,16.7753,0.0100112,,20,-2.23757,0.0252488,0.6,
pair_corr,rest,flow,10,0,0.00336319,-0.00336319,-0.00440736,-0.00231902,0,-3.25851,-4.59567,-1.92135,-3.12083,-7.28625,9,4.63238e-05,,0,-3.99806,6.38644e-05,1,
pair_corr,rest,self,10,0,0.00197988,-0.00197988,-0.00306846,-0.000891296,0,-1.83999,-2.88566,-0.794317,-1.76224,-4.11434,9,0.00261998,,0,-3.99806,6.38644e-05,1,0.000249938
pair_corr,rest,shuffle,10,0,0.00359297,-0.00359297,-0.00493345,-0.00225249,0,-2.71164,-3.9259,-1.49737,-2.59706,-6.06341,9,0.000187399,,0,-3.99806,6.38644e-05,1,
pair_corr,rest,randmat,10,0,0.00186961,-0.00186961,-0.00259473,-0.0011445,0,-2.60845,-3.80081,-1.41609,-2.49823,-5.83267,9,0.000249084,,0,-3.99806,6.38644e-05,1,
pair_corr,rest,decorr,10,0,0.00201784,-0.00201784,-0.00316595,-0.000869735,0,-1.77804,-2.81337,-0.742716,-1.70292,-3.97583,9,0.00322608,,10,-3.19037,0.00142091,0.8,
pair_corr,rest,conf25,10,0,0.00161093,-0.00161093,-0.0024592,-0.00076267,0,-1.92125,-2.98087,-0.861638,-1.84007,-4.29605,9,0.00200221,,0,-3.99806,6.38644e-05,1,
pair_corr,rest,conf50,10,0,0.00224446,-0.00224446,-0.00318605,-0.00130288,0,-2.41152,-3.56338,-1.25966,-2.30962,-5.39231,9,0.000437383,,0,-3.99806,6.38644e-05,1,
pair_corr,rest,conf75,10,0,0.00267405,-0.00267405,-0.00389462,-0.00145349,0,-2.21639,-3.32997,-1.10281,-2.12274,-4.95599,9,0.000784822,,10,-3.19037,0.00142091,0.8,
pair_corr,flow,self,10,0.00336319,0.00197988,0.00138331,-1.77596e-05,0.00278438,1.69869,0.927767,0.0052942,1.85024,0.888565,2.07455,17.9689,0.0526712,0.148288,73,1.70084,0.088973,-0.46,0.0452387
pair_corr,flow,shuffle,10,0.00336319,0.00359297,-0.000229784,-0.00181465,0.00135508,0.936046,-0.136811,-1.01436,0.740736,-0.13103,-0.305919,16.9828,0.763385,,45,-0.340168,0.73373,0.1,
pair_corr,flow,randmat,10,0.00336319,0.00186961,0.00149357,0.000302522,0.00268463,1.79887,1.18859,0.237822,2.13937,1.13837,2.65778,16.0426,0.0171658,,79,2.1544,0.031209,-0.58,
pair_corr,flow,decorr,10,0.00336319,0.00201784,0.00134535,-9.68809e-05,0.00278757,1.66672,0.877009,-0.0406825,1.7947,0.839952,1.96105,17.8403,0.0656744,,78,2.0788,0.0376353,-0.56,
pair_corr,flow,conf25,10,0.00336319,0.00161093,0.00175225,0.000499071,0.00300544,2.08773,1.3177,0.35072,2.28467,1.26202,2.94646,17.2751,0.00891325,,85,2.60795,0.0091085,-0.7,
pair_corr,flow,conf50,10,0.00336319,0.00224446,0.00111872,-0.00018807,0.00242552,1.49844,0.804955,-0.106373,1.71628,0.770942,1.79993,17.8109,0.0888335,,72,1.62525,0.10411,-0.44,
pair_corr,flow,conf75,10,0.00336319,0.00267405,0.000689134,-0.000805208,0.00218348,1.25771,0.434036,-0.452747,1.32082,0.415696,0.970534,17.5785,0.344946,,62,0.869318,0.384673,-0.24,
pair_corr,self,shuffle,10,0.00197988,0.00359297,-0.00161309,-0.00322169,-4.50351e-06,0.551042,-0.945043,-1.8692,-0.020888,-0.905112,-2.11318,17.2727,0.0494294,0.148288,24,-1.92762,0.0539026,0.52,0.0499875
pair_corr,self,randmat,10,0.00197988,0.00186961,0.000110264,-0.00111754,0.00133807,1.05898,0.0852848,-0.791636,0.962206,0.0816812,0.190703,15.6729,0.851207,,50,-0.0377964,0.96985,0,0.851037
pair_corr,self,decorr,10,0.00197988,0.00201784,-3.79653e-05,-0.00150763,0.0014317,0.981185,-0.0242762,-0.900831,0.852279,-0.0232504,-0.0542832,17.9492,0.957309,0.957309,43,-0.491354,0.623176,0.14,0.954761
pair_corr,self,conf25,10,0.00197988,0.00161093,0.000368944,-0.00091826,0.00165615,1.22902,0.270458,-0.610062,1.15098,0.259031,0.604763,16.9855,0.55333,,55,0.340168,0.73373,-0.1,0.548613
pair_corr,self,conf50,10,0.00197988,0.00224446,-0.000264587,-0.0016033,0.00107412,0.882116,-0.185975,-1.06439,0.69244,-0.178117,-0.415852,17.6341,0.682535,,44,-0.415761,0.677585,0.12,0.672332
pair_corr,self,conf75,10,0.00197988,0.00267405,-0.000694176,-0.0022145,0.00082615,0.740403,-0.4294,-1.31597,0.457166,-0.411257,-0.960168,17.7693,0.349855,,35,-1.0961,0.273036,0.3,0.35866
pair_corr,shuffle,randmat,10,0.00359297,0.00186961,0.00172336,0.000276946,0.00316977,1.92177,1.14398,0.19848,2.08948,1.09564,2.55802,13.8516,0.0229082,,78,2.0788,0.0376353,-0.56,
pair_corr,shuffle,decorr,10,0.00359297,0.00201784,0.00157513,-6.67997e-05,0.00321706,1.7806,0.902865,-0.0172318,1.82296,0.864715,2.01887,17.5847,0.0590154,,72,1.62525,0.10411,-0.44,
pair_corr,shuffle,conf25,10,0.00359297,0.00161093,0.00198204,0.00048918,0.0034749,2.23037,1.26403,0.303958,2.2241,1.21062,2.82645,15.2119,0.0126248,,82,2.38118,0.0172575,-0.64,
pair_corr,shuffle,conf50,10,0.00359297,0.00224446,0.00134851,-0.000185511,0.00288253,1.60081,0.832804,-0.0809241,1.74653,0.797615,1.86221,16.1424,0.0808787,,71,1.54965,0.121225,-0.42,
pair_corr,shuffle,conf75,10,0.00359297,0.00267405,0.000918918,-0.000765838,0.00260367,1.34364,0.512786,-0.378025,1.4036,0.491119,1.14663,17.8442,0.26668,,64,1.0205,0.307489,-0.28,
pair_corr,randmat,decorr,10,0.00186961,0.00201784,-0.000148229,-0.00142626,0.0011298,0.926541,-0.110433,-0.987623,0.766758,-0.105767,-0.246935,15.1944,0.808264,,44,-0.415761,0.677585,0.12,
pair_corr,randmat,conf25,10,0.00186961,0.00161093,0.00025868,-0.000779532,0.00129689,1.16058,0.234507,-0.645023,1.11404,0.224598,0.524373,17.5746,0.60657,,57,0.491354,0.623176,-0.14,
pair_corr,randmat,conf50,10,0.00186961,0.00224446,-0.000374851,-0.00148377,0.000734063,0.832989,-0.319096,-1.20118,0.562987,-0.305613,-0.71352,16.8974,0.485263,,46,-0.264575,0.791337,0.08,
pair_corr,randmat,conf75,10,0.00186961,0.00267405,-0.00080444,-0.00214492,0.000536036,0.699168,-0.573234,-1.46758,0.321109,-0.549013,-1.28179,14.6491,0.219833,,33,-1.24728,0.212294,0.34,
pair_corr,decorr,conf25,10,0.00201784,0.00161093,0.000406909,-0.000927077,0.00174089,1.25259,0.28838,-0.592687,1.16945,0.276195,0.644837,16.5701,0.527861,,63,0.944911,0.344704,-0.26,
pair_corr,decorr,conf50,10,0.00201784,0.00224446,-0.000226622,-0.00160942,0.00115618,0.899031,-0.154405,-1.03223,0.723423,-0.147881,-0.34526,17.3358,0.734053,,49,-0.0377964,0.96985,0.02,
pair_corr,decorr,conf75,10,0.00201784,0.00267405,-0.000656211,-0.00221288,0.000900461,0.754601,-0.396175,-1.28125,0.488904,-0.379436,-0.885875,17.933,0.38741,,38,-0.869318,0.384673,0.24,
pair_corr,conf25,conf50,10,0.00161093,0.00224446,-0.000633531,-0.00181145,0.000544388,0.717736,-0.505725,-1.39615,0.384699,-0.484356,-1.13084,17.8074,0.273125,,35,-1.0961,0.273036,0.3,
pair_corr,conf25,conf75,10,0.00161093,0.00267405,-0.00106312,-0.00245569,0.000329448,0.602431,-0.723584,-1.62833,0.181167,-0.69301,-1.61798,16.0493,0.125148,,31,-1.39847,0.161972,0.38,
pair_corr,conf50,conf75,10,0.00224446,0.00267405,-0.000429589,-0.0018679,0.00100873,0.839349,-0.281925,-1.16279,0.598941,-0.270013,-0.630404,16.9104,0.536857,,37,-0.944911,0.344704,0.26,
tau_ms,rest,flow,10,31.8467,223.23,-191.383,-202.154,-180.612,0.142663,-17.9103,-23.5294,-12.2911,-17.1535,-40.0486,9.22262,1.16544e-11,,0,-3.74185,0.000182672,1,
tau_ms,rest,self,10,31.8467,155.967,-124.121,-134.551,-113.69,0.204188,-11.9916,-15.8097,-8.17344,-11.4849,-26.814,9.23745,4.45971e-10,,0,-3.74185,0.000182672,1,0.000249938
tau_ms,rest,shuffle,10,31.8467,201.328,-169.482,-178.621,-160.343,0.158183,-18.6665,-24.5173,-12.8158,-17.8778,-41.7396,9.30978,6.59721e-12,,0,-3.74185,0.000182672,1,
tau_ms,rest,randmat,10,31.8467,105.068,-73.2212,-83.9215,-62.5209,0.303106,-6.89705,-9.20717,-4.58692,-6.60562,-15.4223,9.22557,6.73279e-08,,0,-3.74185,0.000182672,1,
tau_ms,rest,decorr,10,31.8467,143.521,-111.675,-129.842,-93.5071,0.221895,-6.21051,-8.32534,-4.09569,-5.9481,-13.8871,9.078,2.01452e-07,,0,-3.74185,0.000182672,1,
tau_ms,rest,conf25,10,31.8467,119.46,-87.613,-103.271,-71.9546,0.266589,-5.65062,-7.60885,-3.69238,-5.41186,-12.6352,9.10507,4.44399e-07,,0,-3.74185,0.000182672,1,
tau_ms,rest,conf50,10,31.8467,137.731,-105.885,-121.181,-90.588,0.231223,-6.98999,-9.32679,-4.65319,-6.69464,-15.6301,9.11011,6.88526e-08,,0,-3.74185,0.000182672,1,
tau_ms,rest,conf75,10,31.8467,135.929,-104.083,-120.931,-87.2341,0.234288,-6.24009,-8.36325,-4.11692,-5.97642,-13.9533,9.09072,1.90538e-07,,0,-3.74185,0.000182672,1,
tau_ms,flow,self,10,223.23,155.967,67.2621,53.3718,81.1524,1.43126,4.55005,2.88977,6.21033,4.35779,10.1742,17.9813,6.91286e-09,2.07386e-08,100,3.74185,0.000182672,-1,0.000249938
tau_ms,flow,shuffle,10,223.23,201.328,21.9011,8.79511,35.0071,1.10878,1.5731,0.570132,2.57607,1.50663,3.51756,17.5297,0.0025413,,88,2.83473,0.00458639,-0.76,
tau_ms,flow,randmat,10,223.23,105.068,118.162,104.096,132.227,2.12462,7.89327,5.29486,10.4917,7.55975,17.6499,17.9992,8.24328e-13,,100,3.74185,0.000182672,-1,
tau_ms,flow,decorr,10,223.23,143.521,79.7082,59.7881,99.6283,1.55538,3.82291,2.3492,5.29662,3.66138,8.54828,14.6167,4.57053e-07,,100,3.74185,0.000182672,-1,
tau_ms,flow,conf25,10,223.23,119.46,103.77,85.9831,121.557,1.86866,5.53253,3.60695,7.45812,5.29877,12.3711,15.9471,1.37556e-09,,100,3.74185,0.000182672,-1,
tau_ms,flow,conf50,10,223.23,137.731,85.4983,68.0086,102.988,1.62076,4.63098,2.94935,6.31261,4.4353,10.3552,16.1524,1.53681e-08,,100,3.74185,0.000182672,-1,
tau_ms,flow,conf75,10,223.23,135.929,87.3001,68.5162,106.084,1.64225,4.42285,2.79592,6.04979,4.23597,9.8898,15.2898,4.85847e-08,,100,3.74185,0.000182672,-1,
tau_ms,self,shuffle,10,155.967,201.328,-45.361,-58.2179,-32.5041,0.774691,-3.31906,-4.67044,-1.96767,-3.17882,-7.42164,17.6906,7.80954e-07,1.56191e-06,0,-3.74185,0.000182672,1,0.000249938
tau_ms,self,randmat,10,155.967,105.068,50.8996,37.0567,64.7425,1.48444,3.45487,2.07118,4.83856,3.30889,7.72533,17.9882,4.03362e-07,,100,3.74185,0.000182672,-1,0.000249938
tau_ms,self,decorr,10,155.967,143.521,12.4461,-7.34657,32.2388,1.08672,0.601829,-0.294316,1.49797,0.576399,1.34573,14.3364,0.199287,0.199287,68,1.32288,0.185877,-0.36,0.194951
tau_ms,self,conf25,10,155.967,119.46,36.5077,18.8737,54.1418,1.30561,1.96622,0.898711,3.03372,1.88314,4.3966,15.6599,0.000472499,,92,3.13711,0.00170625,-0.84,0.000499875
tau_ms,self,conf50,10,155.967,137.731,18.2362,0.903284,35.5691,1.1324,0.998127,0.0686276,1.92763,0.955952,2.23188,15.869,0.040399,,80,2.22999,0.0257481,-0.6,0.0384904
tau_ms,self,conf75,10,155.967,135.929,20.038,1.39405,38.682,1.14741,1.02449,0.0922359,1.95673,0.981197,2.29082,15.0003,0.0368722,,74,1.77643,0.0756616,-0.48,0.0369908
tau_ms,shuffle,randmat,10,201.328,105.068,96.2606,83.2065,109.315,1.91618,6.94065,4.61802,9.26328,6.64738,15.5198,17.565,1.07612e-11,,100,3.74185,0.000182672,-1,
tau_ms,shuffle,decorr,10,201.328,143.521,57.8071,38.451,77.1632,1.40278,2.87964,1.62878,4.1305,2.75797,6.43907,13.2611,2.00597e-05,,97,3.51507,0.000439639,-0.94,
tau_ms,shuffle,conf25,10,201.328,119.46,81.8687,64.7616,98.9759,1.68533,4.57623,2.90905,6.24341,4.38287,10.2328,14.4739,5.15603e-08,,100,3.74185,0.000182672,-1,
tau_ms,shuffle,conf50,10,201.328,137.731,63.5972,46.8063,80.3881,1.46175,3.61728,2.19429,5.04027,3.46444,8.08849,14.679,8.72212e-07,,99,3.66626,0.000246128,-0.98,
tau_ms,shuffle,conf75,10,201.328,135.929,65.399,47.2361,83.5619,1.48112,3.45713,2.0729,4.84136,3.31105,7.73038,13.8537,2.17675e-06,,100,3.74185,0.000182672,-1,
tau_ms,randmat,decorr,10,105.068,143.521,-38.4535,-58.3468,-18.5601,0.732071,-1.84742,-2.89435,-0.80049,-1.76936,-4.13095,14.559,0.000942501,,8,-3.13711,0.00170625,0.84,
tau_ms,randmat,conf25,10,105.068,119.46,-14.3918,-32.1465,3.36283,0.879526,-0.768922,-1.67726,0.139413,-0.736432,-1.71936,15.8888,0.104965,,30,-1.47406,0.140465,0.4,
tau_ms,randmat,conf50,10,105.068,137.731,-32.6634,-50.1202,-15.2065,0.762847,-1.77304,-2.80755,-0.738537,-1.69812,-3.96464,16.095,0.00110027,,8,-3.13711,0.00170625,0.84,
tau_ms,randmat,conf75,10,105.068,135.929,-30.8616,-49.616,-12.1071,0.772959,-1.5665,-2.56848,-0.564523,-1.50031,-3.5028,15.2305,0.00314124,,15,-2.60795,0.0091085,0.7,
tau_ms,decorr,conf25,10,143.521,119.46,24.0616,1.77377,46.3495,1.20142,1.01593,0.0845776,1.94728,0.973001,2.27168,17.615,0.0358951,,77,2.00321,0.0451546,-0.54,
tau_ms,decorr,conf50,10,143.521,137.731,5.7901,-16.2908,27.871,1.04204,0.246889,-0.632967,1.12674,0.236457,0.55206,17.4905,0.587893,,58,0.566947,0.57075,-0.16,
tau_ms,decorr,conf75,10,143.521,135.929,7.5919,-15.4081,30.5919,1.05585,0.310259,-0.571521,1.19204,0.29715,0.693761,17.8983,0.496738,,59,0.64254,0.520523,-0.18,
tau_ms,conf25,conf50,10,119.46,137.731,-18.2715,-38.5781,2.03504,0.867339,-0.845435,-1.76028,0.0694062,-0.809713,-1.89045,17.9901,0.0749175,,25,-1.85203,0.0640221,0.5,
tau_ms,conf25,conf75,10,119.46,135.929,-16.4697,-37.8171,4.87764,0.878836,-0.725161,-1.63003,0.179711,-0.69452,-1.62151,17.9038,0.122386,,32,-1.32288,0.185877,0.36,
tau_ms,conf50,conf75,10,137.731,135.929,1.8018,-19.3239,22.9275,1.01326,0.0801882,-0.796686,0.957063,0.0768,0.179306,17.8337,0.859719,,53,0.188982,0.850107,-0.06,
dim,rest,flow,10,25.2512,51.002,-25.7508,-28.7286,-22.773,0.495101,-8.66354,-11.4878,-5.83927,-8.29748,-19.3723,9.61813,4.99219e-09,,0,-3.74185,0.000182672,1,
dim,rest,self,10,25.2512,52.2263,-26.9752,-32.1188,-21.8315,0.483495,-5.28752,-7.14581,-3.42922,-5.0641,-11.8232,9.20538,7.14877e-07,,0,-3.74185,0.000182672,1,0.000249938
dim,rest,shuffle,10,25.2512,53.4177,-28.1666,-30.3194,-26.0138,0.472711,-13.0034,-17.1274,-8.87948,-12.454,-29.0766,10.1964,3.81137e-11,,0,-3.74185,0.000182672,1,
dim,rest,randmat,10,25.2512,53.7501,-28.4989,-31.6894,-25.3085,0.469788,-8.95981,-11.8715,-6.04812,-8.58123,-20.0347,9.53759,4.08597e-09,,0,-3.74185,0.000182672,1,
dim,rest,decorr,10,25.2512,59.0749,-33.8237,-38.4498,-29.1976,0.427444,-7.366,-9.81121,-4.92079,-7.05476,-16.4709,9.25417,3.60787e-08,,0,-3.74185,0.000182672,1,
dim,rest,conf25,10,25.2512,50.774,-25.5228,-30.3862,-20.6594,0.497325,-5.28906,-7.14778,-3.43035,-5.06558,-11.8267,9.22985,6.9632e-07,,0,-3.74185,0.000182672,1,
dim,rest,conf50,10,25.2512,58.2234,-32.9723,-35.3058,-30.6387,0.433694,-14.0767,-18.5263,-9.62721,-13.4819,-31.4765,10.0146,2.39575e-11,,0,-3.74185,0.000182672,1,
dim,rest,conf75,10,25.2512,58.0783,-32.8272,-38.4002,-27.2541,0.434778,-5.94185,-7.98119,-3.90251,-5.69078,-13.2864,9.17484,2.66474e-07,,0,-3.74185,0.000182672,1,
dim,flow,self,10,51.002,52.2263,-1.22431,-6.82581,4.37719,0.976558,-0.209125,-1.08804,0.66979,-0.200289,-0.467618,14.3815,0.647065,1,38,-0.869318,0.384673,0.24,0.650837
dim,flow,shuffle,10,51.002,53.4177,-2.41574,-5.82047,0.988986,0.954776,-0.671575,-1.57247,0.229317,-0.643198,-1.50169,16.3264,0.152271,,31,-1.39847,0.161972,0.38,
dim,flow,randmat,10,51.002,53.7501,-2.74809,-6.77588,1.2797,0.948873,-0.641269,-1.54004,0.257499,-0.614173,-1.43392,17.9126,0.168821,,32,-1.32288,0.185877,0.36,
dim,flow,decorr,10,51.002,59.0749,-8.07286,-13.2259,-2.91986,0.863345,-1.49057,-2.48136,-0.499778,-1.42759,-3.33301,15.3266,0.00442854,,14,-2.68355,0.00728456,0.72,
dim,flow,conf25,10,51.002,50.774,0.22801,-5.12864,5.58466,1.00449,0.0406038,-0.836009,0.917217,0.0388881,0.0907929,14.8757,0.928868,,54,0.264575,0.791337,-0.08,
dim,flow,conf50,10,51.002,58.2234,-7.22142,-10.7183,-3.72459,0.875971,-1.94862,-3.01302,-0.884213,-1.86628,-4.35724,16.9902,0.000429337,,5,-3.36388,0.000768539,0.9,
dim,flow,conf75,10,51.002,58.0783,-7.07631,-13.0606,-1.09204,0.878159,-1.13647,-2.0811,-0.191839,-1.08845,-2.54123,13.7098,0.0238106,,17,-2.45677,0.0140193,0.66,
dim,self,shuffle,10,52.2263,53.4177,-1.19143,-6.54064,4.15778,0.977696,-0.217049,-1.09615,0.662051,-0.207878,-0.485336,11.9892,0.636186,1,49,-0.0377964,0.96985,0.02,0.668833
dim,self,randmat,10,52.2263,53.7501,-1.52378,-7.20784,4.16028,0.971651,-0.255541,-1.13563,0.624552,-0.244743,-0.571407,14.9974,0.576188,,46,-0.264575,0.791337,0.08,0.602849
dim,self,decorr,10,52.2263,59.0749,-6.84855,-13.2624,-0.434693,0.88407,-1.00405,-1.93416,-0.073939,-0.961626,-2.24513,17.7992,0.0377124,0.113137,22,-2.0788,0.0376353,0.56,0.0317421
dim,self,conf25,10,52.2263,50.774,1.45232,-5.10768,8.01232,1.0286,0.208057,-0.670834,1.08695,0.199266,0.465229,17.9432,0.647364,,58,0.566947,0.57075,-0.16,0.653587
dim,self,conf50,10,52.2263,58.2234,-5.99711,-11.3924,-0.601864,0.896998,-1.0784,-2.01647,-0.140327,-1.03283,-2.41137,12.4902,0.0321034,,22,-2.0788,0.0376353,0.56,0.0207448
dim,self,conf75,10,52.2263,58.0783,-5.852,-12.8839,1.17992,0.89924,-0.782269,-1.6917,0.12716,-0.749215,-1.74921,17.8846,0.0973958,,26,-1.77643,0.0756616,0.48,0.0972257
dim,shuffle,randmat,10,53.4177,53.7501,-0.33235,-3.91293,3.24823,0.993817,-0.0881289,-0.965077,0.788819,-0.0844051,-0.197062,15.7134,0.846305,,48,-0.113389,0.909722,0.04,
dim,shuffle,decorr,10,53.4177,59.0749,-5.65712,-10.5201,-0.79419,0.904238,-1.12715,-2.07071,-0.183593,-1.07953,-2.52039,12.6446,0.0260232,,21,-2.1544,0.031209,0.58,
dim,shuffle,conf25,10,53.4177,50.774,2.64375,-2.44115,7.72865,1.05207,0.505146,-0.385245,1.39554,0.483802,1.12954,12.3217,0.28018,,67,1.24728,0.212294,-0.34,
dim,shuffle,conf50,10,53.4177,58.2234,-4.80568,-7.71689,-1.89447,0.917461,-1.55175,-2.55152,-0.551976,-1.48618,-3.46981,17.8773,0.00275638,,10,-2.98592,0.00282727,0.8,
dim,shuffle,conf75,10,53.4177,58.0783,-4.66057,-10.4184,1.09729,0.919754,-0.792008,-1.70225,0.11823,-0.758542,-1.77098,11.5647,0.102887,,23,-2.00321,0.0451546,0.54,
dim,randmat,decorr,10,53.7501,59.0749,-5.32477,-10.5717,-0.0778493,0.909864,-0.96235,-1.88822,-0.0364809,-0.921687,-2.15188,15.9525,0.0470699,,26,-1.77643,0.0756616,0.48,
dim,randmat,conf25,10,53.7501,50.774,2.9761,-2.46902,8.42122,1.05861,0.519522,-0.371664,1.41071,0.49757,1.16169,15.5033,0.262936,,66,1.17169,0.241322,-0.32,
dim,randmat,conf50,10,53.7501,58.2234,-4.47333,-8.13919,-0.807466,0.92317,-1.15438,-2.10109,-0.207665,-1.1056,-2.58127,16.4369,0.019785,,20,-2.22999,0.0257481,0.6,
dim,randmat,conf75,10,53.7501,58.0783,-4.32822,-10.387,1.73058,0.925476,-0.683902,-1.58568,0.21788,-0.655005,-1.52925,14.2907,0.148032,,25,-1.85203,0.0640221,0.5,
dim,decorr,conf25,10,59.0749,50.774,8.30087,2.0827,14.519,1.16349,1.25448,0.295616,2.21335,1.20148,2.80511,17.9546,0.0117277,,80,2.22999,0.0257481,-0.6,
dim,decorr,conf50,10,59.0749,58.2234,0.85144,-4.06473,5.76761,1.01462,0.167031,-0.711018,1.04508,0.159974,0.373493,13.2316,0.714697,,53,0.188982,0.850107,-0.06,
dim,decorr,conf75,10,59.0749,58.0783,0.99655,-5.73111,7.72421,1.01716,0.139517,-0.738072,1.0171,0.133622,0.311969,17.4045,0.758771,,53,0.188982,0.850107,-0.06,
dim,conf25,conf50,10,50.774,58.2234,-7.44943,-12.5841,-2.31481,0.872054,-1.40317,-2.38163,-0.424715,-1.34388,-3.13759,12.868,0.00794346,,18,-2.38118,0.0172575,0.64,
dim,conf25,conf75,10,50.774,58.0783,-7.30432,-14.1678,-0.440828,0.874233,-1.00123,-1.93105,-0.0714136,-0.958928,-2.23883,17.6733,0.0382879,,24,-1.92762,0.0539026,0.52,
dim,conf50,conf75,10,58.2234,58.0783,0.14511,-5.65394,5.94416,1.0025,0.0243816,-0.852174,0.900937,0.0233514,0.0545188,12.0035,0.957419,,45,-0.340168,0.73373,0.1,
pop_rate_sd_hz,rest,flow,10,0.0483088,0.997115,-0.948806,-0.969863,-0.927749,0.0484486,-45.536,-59.6747,-31.3973,-43.6119,-101.822,9.06429,3.53901e-15,,0,-3.74185,0.000182672,1,
pop_rate_sd_hz,rest,self,10,0.0483088,0.778863,-0.730554,-0.756226,-0.704883,0.0620248,-28.7692,-37.7277,-19.8107,-27.5536,-64.3299,9.04324,2.38848e-13,,0,-3.74185,0.000182672,1,0.000249938
pop_rate_sd_hz,rest,shuffle,10,0.0483088,0.943555,-0.895246,-0.91008,-0.880412,0.0511987,-60.9242,-79.8248,-42.0236,-58.35,-136.231,9.12974,2.03212e-16,,0,-3.74185,0.000182672,1,
pop_rate_sd_hz,rest,randmat,10,0.0483088,0.724847,-0.676538,-0.701697,-0.651379,0.0666469,-27.1839,-35.6535,-18.7142,-26.0352,-60.7849,9.04502,3.96543e-13,,0,-3.74185,0.000182672,1,
pop_rate_sd_hz,rest,decorr,10,0.0483088,0.855132,-0.806824,-0.834433,-0.779214,0.0564928,-29.5453,-38.7432,-20.3474,-28.2969,-66.0654,9.03738,1.90769e-13,,0,-3.74185,0.000182672,1,
pop_rate_sd_hz,rest,conf25,10,0.0483088,0.814064,-0.765755,-0.794835,-0.736676,0.0593428,-26.6253,-34.9228,-18.3277,-25.5002,-59.5359,9.03369,4.92228e-13,,0,-3.74185,0.000182672,1,
pop_rate_sd_hz,rest,conf50,10,0.0483088,0.806887,-0.758578,-0.783396,-0.733761,0.0598706,-30.8991,-40.5147,-21.2835,-29.5935,-69.0926,9.04627,1.24336e-13,,0,-3.74185,0.000182672,1,
pop_rate_sd_hz,rest,conf75,10,0.0483088,0.849232,-0.800923,-0.834587,-0.767259,0.0568853,-24.059,-31.5662,-16.5518,-23.0424,-53.7975,9.02513,1.25269e-12,,0,-3.74185,0.000182672,1,
pop_rate_sd_hz,flow,self,10,0.997115,0.778863,0.218252,0.187348,0.249155,1.28022,6.65383,4.41326,8.8944,6.37268,14.8784,17.3353,2.62446e-11,7.87338e-11,100,3.74185,0.000182672,-1,0.000249938
pop_rate_sd_hz,flow,shuffle,10,0.997115,0.943555,0.0535601,0.029465,0.0776552,1.05676,2.10568,1.01293,3.19843,2.01671,4.70844,16.1613,0.00023066,,94,3.28829,0.00100798,-0.88,
pop_rate_sd_hz,flow,randmat,10,0.997115,0.724847,0.272268,0.241748,0.302788,1.37562,8.40057,5.65366,11.1475,8.04562,18.7842,17.4572,5.06875e-13,,100,3.74185,0.000182672,-1,
pop_rate_sd_hz,flow,decorr,10,0.997115,0.855132,0.141983,0.109589,0.174376,1.16604,4.1389,2.58538,5.69243,3.96402,9.25487,16.8209,5.21044e-08,,100,3.74185,0.000182672,-1,
pop_rate_sd_hz,flow,conf25,10,0.997115,0.814064,0.183051,0.149488,0.216613,1.22486,5.16049,3.33681,6.98417,4.94245,11.5392,16.4,2.74573e-09,,100,3.74185,0.000182672,-1,
pop_rate_sd_hz,flow,conf50,10,0.997115,0.806887,0.190228,0.159961,0.220495,1.23576,5.91645,3.88421,7.94868,5.66646,13.2296,17.5339,1.47496e-10,,100,3.74185,0.000182672,-1,
pop_rate_sd_hz,flow,conf75,10,0.997115,0.849232,0.147883,0.110507,0.185258,1.17414,3.76927,2.30889,5.22966,3.61001,8.42835,15.1037,4.28234e-07,,100,3.74185,0.000182672,-1,
pop_rate_sd_hz,self,shuffle,10,0.778863,0.943555,-0.164692,-0.192709,-0.136674,0.825456,-5.62356,-7.5743,-3.67282,-5.38594,-12.5747,14.399,3.69021e-09,7.38042e-09,0,-3.74185,0.000182672,1,0.000249938
pop_rate_sd_hz,self,randmat,10,0.778863,0.724847,0.0540165,0.0206494,0.0873836,1.07452,1.52106,0.525829,2.51629,1.45679,3.40119,17.9927,0.00318456,,87,2.75914,0.00579536,-0.74,0.003999
pop_rate_sd_hz,self,decorr,10,0.778863,0.855132,-0.0762692,-0.11128,-0.0412584,0.91081,-2.04756,-3.12966,-0.965469,-1.96105,-4.57849,17.9053,0.000235945,0.000235945,6,-3.28829,0.00100798,0.88,0.000499875
pop_rate_sd_hz,self,conf25,10,0.778863,0.814064,-0.035201,-0.0712508,0.000848769,0.956759,-0.918454,-1.84003,0.00312313,-0.879646,-2.05373,17.7269,0.0550563,,26,-1.77643,0.0756616,0.48,0.0522369
pop_rate_sd_hz,self,conf50,10,0.778863,0.806887,-0.0280239,-0.0611714,0.00512356,0.965269,-0.7944,-1.70484,0.116039,-0.760833,-1.77633,17.9794,0.0926035,,30,-1.47406,0.140465,0.4,0.0932267
pop_rate_sd_hz,self,conf75,10,0.778863,0.849232,-0.070369,-0.109872,-0.0308662,0.917138,-1.68216,-2.70198,-0.662332,-1.61108,-3.76142,16.8206,0.00158094,,12,-2.83473,0.00458639,0.76,0.00174956
pop_rate_sd_hz,shuffle,randmat,10,0.943555,0.724847,0.218708,0.191139,0.246277,1.30173,7.58133,5.07371,10.0889,7.26099,16.9524,14.5745,5.36444e-11,,100,3.74185,0.000182672,-1,
pop_rate_sd_hz,shuffle,decorr,10,0.943555,0.855132,0.0884224,0.0586827,0.118162,1.1034,2.85596,1.61032,4.1016,2.73529,6.38612,13.788,1.81882e-05,,98,3.59066,0.000329839,-0.96,
pop_rate_sd_hz,shuffle,conf25,10,0.943555,0.814064,0.129491,0.0984227,0.160558,1.15907,4.01533,2.49327,5.53739,3.84567,8.97855,13.3787,4.96184e-07,,100,3.74185,0.000182672,-1,
pop_rate_sd_hz,shuffle,conf50,10,0.943555,0.806887,0.136668,0.109397,0.163939,1.16938,4.78566,3.06294,6.50838,4.58345,10.7011,14.6948,2.49496e-08,,100,3.74185,0.000182672,-1,
pop_rate_sd_hz,shuffle,conf75,10,0.943555,0.849232,0.0943226,0.0590212,0.129624,1.11107,2.5951,1.40554,3.78467,2.48545,5.80283,12.3608,7.50434e-05,,100,3.74185,0.000182672,-1,
pop_rate_sd_hz,randmat,decorr,10,0.724847,0.855132,-0.130286,-0.164982,-0.0955892,0.847643,-3.53024,-4.93208,-2.1284,-3.38108,-7.89386,17.8464,3.14163e-07,,1,-3.66626,0.000246128,0.98,
pop_rate_sd_hz,randmat,conf25,10,0.724847,0.814064,-0.0892175,-0.124967,-0.0534677,0.890405,-2.34827,-3.48751,-1.20902,-2.24904,-5.25088,17.6346,5.77991e-05,,4,-3.43948,0.00058284,0.92,
pop_rate_sd_hz,randmat,conf50,10,0.724847,0.806887,-0.0820404,-0.114845,-0.0492359,0.898325,-2.34977,-3.48931,-1.21023,-2.25048,-5.25424,17.9966,5.37606e-05,,3,-3.51507,0.000439639,0.94,
pop_rate_sd_hz,randmat,conf75,10,0.724847,0.849232,-0.124386,-0.163629,-0.0851421,0.853532,-2.99527,-4.27194,-1.71859,-2.86871,-6.69762,16.6613,4.15782e-06,,2,-3.59066,0.000329839,0.96,
pop_rate_sd_hz,decorr,conf25,10,0.855132,0.814064,0.0410682,0.00383494,0.0783015,1.05045,1.03653,0.103006,1.97006,0.992736,2.31776,17.9517,0.0324736,,79,2.1544,0.031209,-0.58,
pop_rate_sd_hz,decorr,conf50,10,0.855132,0.806887,0.0482453,0.0137553,0.0827353,1.05979,1.31534,0.348672,2.28201,1.25976,2.94119,17.7989,0.00880742,,83,2.45677,0.0140193,-0.66,
pop_rate_sd_hz,decorr,conf75,10,0.855132,0.849232,0.0059002,-0.0346326,0.046433,1.00695,0.137145,-0.740407,1.0147,0.13135,0.306666,17.3351,0.762751,,49,-0.0377964,0.96985,0.02,
pop_rate_sd_hz,conf25,conf50,10,0.814064,0.806887,0.0071771,-0.0283758,0.04273,1.00889,0.190007,-0.688491,1.06851,0.181979,0.424869,17.5653,0.676091,,53,0.188982,0.850107,-0.06,
pop_rate_sd_hz,conf25,conf75,10,0.814064,0.849232,-0.035168,-0.0765319,0.00619585,0.958588,-0.800038,-1.71095,0.110874,-0.766234,-1.78894,17.6271,0.0908231,,26,-1.77643,0.0756616,0.48,
pop_rate_sd_hz,conf50,conf75,10,0.806887,0.849232,-0.0423451,-0.0814187,-0.00327148,0.950137,-1.02466,-1.95693,-0.0923913,-0.981363,-2.29121,16.55,0.0353709,,23,-2.00321,0.0451546,0.54,
bumpR,rest,flow,10,0,0.326875,-0.326875,-0.342373,-0.311378,0,-21.3388,-28.0094,-14.6681,-20.4371,-47.7149,9,3.90815e-12,,0,-3.99806,6.38644e-05,1,
bumpR,rest,self,10,0,0.343423,-0.343423,-0.375413,-0.311434,0,-10.8607,-14.3387,-7.38276,-10.4018,-24.2853,9,1.62878e-09,,0,-3.99806,6.38644e-05,1,0.000249938
bumpR,rest,shuffle,10,0,0.307932,-0.307932,-0.329391,-0.286474,0,-14.5175,-19.101,-9.93396,-13.9041,-32.4621,9,1.2285e-10,,0,-3.99806,6.38644e-05,1,
bumpR,rest,randmat,10,0,0.341417,-0.341417,-0.361377,-0.321456,0,-17.3043,-22.7381,-11.8706,-16.5732,-38.6937,9,2.55543e-11,,0,-3.99806,6.38644e-05,1,
bumpR,rest,decorr,10,0,0.28417,-0.28417,-0.301095,-0.267244,0,-16.9853,-22.3215,-11.6491,-16.2676,-37.9803,9,3.01852e-11,,0,-3.99806,6.38644e-05,1,
bumpR,rest,conf25,10,0,0.317314,-0.317314,-0.336626,-0.298003,0,-16.6228,-21.8481,-11.3974,-15.9204,-37.1696,9,3.66136e-11,,0,-3.99806,6.38644e-05,1,
bumpR,rest,conf50,10,0,0.289013,-0.289013,-0.304135,-0.273892,0,-19.3354,-25.3911,-13.2796,-18.5184,-43.2352,9,9.45792e-12,,0,-3.99806,6.38644e-05,1,
bumpR,rest,conf75,10,0,0.286132,-0.286132,-0.309263,-0.263002,0,-12.5147,-16.4908,-8.5386,-11.9859,-27.9837,9,4.61765e-10,,0,-3.99806,6.38644e-05,1,
bumpR,flow,self,10,0.326875,0.343423,-0.016548,-0.0504932,0.0173972,0.951815,-0.470974,-1.35956,0.417617,-0.451073,-1.05313,13.0038,0.311458,0.311458,36,-1.0205,0.307489,0.28,0.305924
bumpR,flow,shuffle,10,0.326875,0.307932,0.018943,-0.00581527,0.0437013,1.06152,0.724004,-0.180779,1.62879,0.693412,1.61892,16.3804,0.124555,,70,1.47406,0.140465,-0.4,
bumpR,flow,randmat,10,0.326875,0.341417,-0.0145413,-0.038114,0.00903137,0.957409,-0.58215,-1.47705,0.312746,-0.557552,-1.30173,16.9585,0.210416,,35,-1.0961,0.273036,0.3,
bumpR,flow,decorr,10,0.326875,0.28417,0.0427058,0.0213811,0.0640305,1.15028,1.88265,0.829713,2.93559,1.8031,4.20974,17.8619,0.000534647,,90,2.98592,0.00282727,-0.8,
bumpR,flow,conf25,10,0.326875,0.317314,0.009561,-0.0135128,0.0326348,1.03013,0.390636,-0.494207,1.27548,0.37413,0.873488,17.1935,0.394434,,56,0.415761,0.677585,-0.12,
bumpR,flow,conf50,10,0.326875,0.289013,0.0378622,0.0177522,0.0579722,1.13101,1.76904,0.73519,2.80288,1.69429,3.95568,17.9892,0.000927892,,90,2.98592,0.00282727,-0.8,
bumpR,flow,conf75,10,0.326875,0.286132,0.0407432,0.0146148,0.0668716,1.14239,1.48044,0.491112,2.46977,1.41789,3.31037,15.7249,0.00450835,,85,2.60795,0.0091085,-0.7,
bumpR,self,shuffle,10,0.343423,0.307932,0.035491,-0.00065627,0.0716383,1.11526,0.93211,0.00921765,1.855,0.892726,2.08426,15.7357,0.0538064,0.107613,75,1.85203,0.0640221,-0.5,0.0467383
bumpR,self,randmat,10,0.343423,0.341417,0.0020067,-0.0335032,0.0375166,1.00588,0.0538405,-0.822841,0.930522,0.0515655,0.120391,15.0855,0.905762,,53,0.188982,0.850107,-0.06,0.900525
bumpR,self,decorr,10,0.343423,0.28417,0.0592538,0.0248631,0.0936445,1.20852,1.65634,0.640585,2.6721,1.58636,3.7037,13.6728,0.00244858,0.00734573,88,2.83473,0.00458639,-0.76,0.00174956
bumpR,self,conf25,10,0.343423,0.317314,0.026109,-0.00914221,0.0613602,1.08228,0.706873,-0.196608,1.61035,0.677005,1.58062,14.7909,0.13511,,67,1.24728,0.212294,-0.34,0.125969
bumpR,self,conf50,10,0.343423,0.289013,0.0544102,0.0205734,0.088247,1.18826,1.55566,0.555309,2.55602,1.48993,3.47857,12.8309,0.00415235,,83,2.45677,0.0140193,-0.66,0.00299925
bumpR,self,conf75,10,0.343423,0.286132,0.0572912,0.0203691,0.0942133,1.20023,1.46823,0.480645,2.45581,1.40619,3.28305,16.3906,0.00456249,,85,2.60795,0.0091085,-0.7,0.00574856
bumpR,shuffle,randmat,10,0.307932,0.341417,-0.0334843,-0.0607124,-0.00625616,0.901925,-1.15587,-2.10276,-0.208984,-1.10703,-2.58461,17.9065,0.018746,,20,-2.22999,0.0257481,0.6,
bumpR,shuffle,decorr,10,0.307932,0.28417,0.0237628,-0.00171864,0.0492442,1.08362,0.879611,-0.0383197,1.79754,0.842444,1.96687,17.0735,0.0656676,,75,1.85203,0.0640221,-0.5,
bumpR,shuffle,conf25,10,0.307932,0.317314,-0.009382,-0.0362146,0.0174506,0.970433,-0.328776,-1.2112,0.553648,-0.314884,-0.735166,17.8036,0.471812,,38,-0.869318,0.384673,0.24,
bumpR,shuffle,conf50,10,0.307932,0.289013,0.0189192,-0.00566046,0.0434989,1.06546,0.729099,-0.176077,1.63427,0.698292,1.63031,16.1704,0.122356,,67,1.24728,0.212294,-0.34,
bumpR,shuffle,conf75,10,0.307932,0.286132,0.0218002,-0.00751418,0.0511146,1.07619,0.699003,-0.20389,1.6019,0.669468,1.56302,17.8996,0.135555,,71,1.54965,0.121225,-0.42,
bumpR,randmat,decorr,10,0.341417,0.28417,0.0572471,0.0328954,0.0815988,1.20145,2.213,1.10007,3.32593,2.11949,4.94842,17.5317,0.000111853,,93,3.2127,0.00131494,-0.86,
bumpR,randmat,conf25,10,0.341417,0.317314,0.0241023,-0.00169361,0.0498982,1.07596,0.877943,-0.0398338,1.79572,0.840847,1.96314,17.9804,0.0652888,,71,1.54965,0.121225,-0.42,
bumpR,randmat,conf50,10,0.341417,0.289013,0.0524035,0.029024,0.075783,1.18132,2.11707,1.02221,3.21194,2.02762,4.73392,16.7711,0.000198756,,95,3.36388,0.000768539,-0.9,
bumpR,randmat,conf75,10,0.341417,0.286132,0.0552845,0.0268663,0.0837027,1.19321,1.83062,0.786533,2.87472,1.75327,4.0934,17.6226,0.000708996,,89,2.91033,0.00361051,-0.78,
bumpR,decorr,conf25,10,0.28417,0.317314,-0.0331448,-0.0570232,-0.00926643,0.895546,-1.30578,-2.27121,-0.340361,-1.25061,-2.91982,17.6957,0.0092634,,15,-2.60795,0.0091085,0.7,
bumpR,decorr,conf50,10,0.28417,0.289013,-0.0048436,-0.0259417,0.0162545,0.983241,-0.215895,-1.09497,0.663177,-0.206773,-0.482756,17.7762,0.63516,,39,-0.793725,0.427355,0.22,
bumpR,decorr,conf75,10,0.28417,0.286132,-0.0019626,-0.0287572,0.024832,0.993141,-0.0692736,-0.946059,0.807512,-0.0663465,-0.1549,16.4905,0.87878,,52,0.113389,0.909722,-0.04,
bumpR,conf25,conf50,10,0.317314,0.289013,0.0283012,0.00542727,0.0511751,1.09792,1.1673,0.219065,2.11554,1.11798,2.61016,17.021,0.0182785,,79,2.1544,0.031209,-0.58,
bumpR,conf25,conf75,10,0.317314,0.286132,0.0311822,0.00313333,0.0592311,1.10898,1.04691,0.112271,1.98155,1.00267,2.34096,17.4442,0.0313425,,75,1.85203,0.0640221,-0.5,
bumpR,conf50,conf75,10,0.289013,0.286132,0.002881,-0.0230835,0.0288455,1.01007,0.105469,-0.771663,0.9826,0.101012,0.235835,15.505,0.816648,,55,0.340168,0.73373,-0.1,
patch_drive_fraction,rest,flow,10,0,0.249275,-0.249275,-0.249276,-0.249274,0,-286778,-375650,-197906,-274661,-641255,9,2.77711e-49,,0,-4.01881,5.84931e-05,1,
patch_drive_fraction,rest,self,10,0,0.124588,-0.124588,-0.124628,-0.124549,0,-3158.64,-4137.5,-2179.79,-3025.18,-7062.94,9,1.16413e-31,,0,-3.99806,6.38644e-05,1,0.000249938
patch_drive_fraction,rest,shuffle,10,0,0.124588,-0.124588,-0.124628,-0.124549,0,-3158.64,-4137.5,-2179.79,-3025.18,-7062.94,9,1.16413e-31,,0,-3.99806,6.38644e-05,1,
patch_drive_fraction,rest,randmat,10,0,0.122717,-0.122717,-0.122756,-0.122678,0,-3167.95,-4149.7,-2186.21,-3034.1,-7083.76,9,1.13369e-31,,0,-3.99806,6.38644e-05,1,
patch_drive_fraction,rest,decorr,10,0,0.232054,-0.232054,-0.234504,-0.229604,0,-95.8203,-125.528,-66.1129,-91.7716,-214.261,9,5.34612e-18,,0,-3.99806,6.38644e-05,1,
patch_drive_fraction,rest,conf25,10,0,0.147437,-0.147437,-0.148309,-0.146565,0,-171.033,-224.042,-118.023,-163.806,-382.44,9,2.90863e-20,,0,-3.99806,6.38644e-05,1,
patch_drive_fraction,rest,conf50,10,0,0.176659,-0.176659,-0.177847,-0.175471,0,-150.386,-196.998,-103.773,-144.031,-336.273,9,9.25777e-20,,0,-3.99806,6.38644e-05,1,
patch_drive_fraction,rest,conf75,10,0,0.204859,-0.204859,-0.206632,-0.203085,0,-116.869,-153.097,-80.641,-111.931,-261.327,9,8.95321e-19,,0,-3.99806,6.38644e-05,1,
patch_drive_fraction,flow,self,10,0.249275,0.124588,0.124687,0.124647,0.124727,2.00079,3160.36,2180.97,4139.75,3026.83,7066.79,9.00874,1.08666e-31,3.25999e-31,100,3.75884,0.0001707,-1,0.000249938
patch_drive_fraction,flow,shuffle,10,0.249275,0.124588,0.124687,0.124647,0.124727,2.00079,3160.36,2180.97,4139.75,3026.83,7066.79,9.00874,1.08666e-31,,100,3.75884,0.0001707,-1,
patch_drive_fraction,flow,randmat,10,0.249275,0.122717,0.126558,0.126519,0.126597,2.0313,3266.28,2254.07,4278.49,3128.27,7303.62,9.00906,8.0556e-32,,100,3.75884,0.0001707,-1,
patch_drive_fraction,flow,decorr,10,0.249275,0.232054,0.017221,0.014771,0.019671,1.07421,7.11093,4.73935,9.48252,6.81047,15.9005,9,6.79212e-08,,100,3.75884,0.0001707,-1,
patch_drive_fraction,flow,conf25,10,0.249275,0.147437,0.101838,0.100966,0.10271,1.69072,118.136,81.5151,154.756,113.144,264.159,9.00002,8.12493e-19,,100,3.75884,0.0001707,-1,
patch_drive_fraction,flow,conf50,10,0.249275,0.176659,0.0726162,0.0714278,0.0738046,1.41105,61.8165,42.6396,80.9933,59.2045,138.226,9.00001,2.75878e-16,,100,3.75884,0.0001707,-1,
patch_drive_fraction,flow,conf75,10,0.249275,0.204859,0.0444165,0.0426432,0.0461898,1.21682,25.339,17.4377,33.2402,24.2683,56.6597,9,8.36422e-13,,100,3.75884,0.0001707,-1,
patch_drive_fraction,self,shuffle,10,0.124588,0.124588,0,-5.24104e-05,5.24104e-05,1,0,-0.876523,0.876523,0,0,18,1,1,50,-0.0379393,0.969736,0,1
patch_drive_fraction,self,randmat,10,0.124588,0.122717,0.0018712,0.00181926,0.00192314,1.01525,33.8468,23.3212,44.3724,32.4166,75.6837,17.9941,5.47255e-24,,100,3.74185,0.000182672,-1,0.000249938
patch_drive_fraction,self,decorr,10,0.124588,0.232054,-0.107466,-0.109916,-0.105016,0.536894,-44.3691,-58.1469,-30.5913,-42.4943,-99.2123,9.00477,5.36821e-15,1.07364e-14,0,-3.74185,0.000182672,1,0.000249938
patch_drive_fraction,self,conf25,10,0.124588,0.147437,-0.0228488,-0.0237213,-0.0219763,0.845027,-26.4777,-34.7298,-18.2257,-25.3589,-59.206,9.03769,5.12291e-13,,0,-3.74185,0.000182672,1,0.000249938
patch_drive_fraction,self,conf50,10,0.124588,0.176659,-0.0520705,-0.0532592,-0.0508818,0.705249,-44.3014,-58.0583,-30.5446,-42.4295,-99.061,9.02029,5.19083e-15,,0,-3.74185,0.000182672,1,0.000249938
patch_drive_fraction,self,conf75,10,0.124588,0.204859,-0.0802702,-0.0820437,-0.0784967,0.608168,-45.7814,-59.996,-31.5668,-43.847,-102.37,9.00911,3.99553e-15,,0,-3.74185,0.000182672,1,0.000249938
patch_drive_fraction,shuffle,randmat,10,0.124588,0.122717,0.0018712,0.00181926,0.00192314,1.01525,33.8468,23.3212,44.3724,32.4166,75.6837,17.9941,5.47255e-24,,100,3.74185,0.000182672,-1,
patch_drive_fraction,shuffle,decorr,10,0.124588,0.232054,-0.107466,-0.109916,-0.105016,0.536894,-44.3691,-58.1469,-30.5913,-42.4943,-99.2123,9.00477,5.36821e-15,,0,-3.74185,0.000182672,1,
patch_drive_fraction,shuffle,conf25,10,0.124588,0.147437,-0.0228488,-0.0237213,-0.0219763,0.845027,-26.4777,-34.7298,-18.2257,-25.3589,-59.206,9.03769,5.12291e-13,,0,-3.74185,0.000182672,1,
patch_drive_fraction,shuffle,conf50,10,0.124588,0.176659,-0.0520705,-0.0532592,-0.0508818,0.705249,-44.3014,-58.0583,-30.5446,-42.4295,-99.061,9.02029,5.19083e-15,,0,-3.74185,0.000182672,1,
patch_drive_fraction,shuffle,conf75,10,0.124588,0.204859,-0.0802702,-0.0820437,-0.0784967,0.608168,-45.7814,-59.996,-31.5668,-43.847,-102.37,9.00911,3.99553e-15,,0,-3.74185,0.000182672,1,
patch_drive_fraction,randmat,decorr,10,0.122717,0.232054,-0.109337,-0.111787,-0.106887,0.52883,-45.1419,-59.1586,-31.1251,-43.2345,-100.94,9.00461,4.59816e-15,,0,-3.74185,0.000182672,1,
patch_drive_fraction,randmat,conf25,10,0.122717,0.147437,-0.02472,-0.0255924,-0.0238476,0.832336,-28.6472,-37.568,-19.7263,-27.4367,-64.057,9.03635,2.527e-13,,0,-3.74185,0.000182672,1,
patch_drive_fraction,randmat,conf50,10,0.122717,0.176659,-0.0539417,-0.0551304,-0.052753,0.694656,-45.8944,-60.1439,-31.6448,-43.9552,-102.623,9.01957,3.7838e-15,,0,-3.74185,0.000182672,1,
patch_drive_fraction,randmat,conf75,10,0.122717,0.204859,-0.0821414,-0.0839149,-0.0803679,0.599034,-46.8491,-61.3939,-32.3042,-44.8695,-104.758,9.00879,3.25e-15,,0,-3.74185,0.000182672,1,
patch_drive_fraction,decorr,conf25,10,0.232054,0.147437,0.0846169,0.0820933,0.0871405,1.57392,32.917,22.6785,43.1555,31.5261,73.6046,11.2447,1.8976e-16,,100,3.74185,0.000182672,-1,
patch_drive_fraction,decorr,conf50,10,0.232054,0.176659,0.0553952,0.052795,0.0579954,1.31357,20.5805,14.1427,27.0183,19.7109,46.0195,13.013,8.5332e-16,,100,3.74185,0.000182672,-1,
patch_drive_fraction,decorr,conf75,10,0.232054,0.204859,0.0271955,0.0243668,0.0300242,1.13275,9.09677,6.14458,12.049,8.7124,20.341,16.3993,4.58945e-13,,100,3.74185,0.000182672,-1,
patch_drive_fraction,conf25,conf50,10,0.147437,0.176659,-0.0292217,-0.0305996,-0.0278438,0.834587,-20.0551,-26.3317,-13.7786,-19.2077,-44.8446,16.5142,1.09147e-18,,0,-3.74185,0.000182672,1,
patch_drive_fraction,conf25,conf75,10,0.147437,0.204859,-0.0574214,-0.059307,-0.0555358,0.719702,-29.3957,-38.5474,-20.244,-28.1536,-65.7308,13.1127,6.58927e-18,,0,-3.74185,0.000182672,1,
patch_drive_fraction,conf50,conf75,10,0.176659,0.204859,-0.0281997,-0.030203,-0.0261964,0.862346,-13.3641,-17.5973,-9.13085,-12.7994,-29.883,15.7271,2.79405e-15,,0,-3.74185,0.000182672,1,
patch_level_ratio,rest,flow,10,0,0.996632,-0.996632,-0.996636,-0.996627,0,-225244,-295046,-155441,-215727,-503661,9,2.44135e-48,,0,-3.99806,6.38644e-05,1,
patch_level_ratio,rest,self,10,0,0.427172,-0.427172,-0.427328,-0.427016,0,-2768.7,-3626.71,-1910.68,-2651.71,-6190.99,9,3.81091e-31,,0,-3.99806,6.38644e-05,1,0.000249938
patch_level_ratio,rest,shuffle,10,0,0.427172,-0.427172,-0.427328,-0.427016,0,-2768.7,-3626.71,-1910.68,-2651.71,-6190.99,9,3.81091e-31,,0,-3.99806,6.38644e-05,1,
patch_level_ratio,rest,randmat,10,0,0.428314,-0.428314,-0.42847,-0.428158,0,-2774.6,-3634.44,-1914.76,-2657.36,-6204.19,9,3.73855e-31,,0,-3.99806,6.38644e-05,1,
patch_level_ratio,rest,decorr,10,0,0.907046,-0.907046,-0.919559,-0.894533,0,-73.3326,-96.0751,-50.5901,-70.234,-163.977,9,5.93251e-17,,0,-3.99806,6.38644e-05,1,
patch_level_ratio,rest,conf25,10,0,0.519066,-0.519066,-0.522668,-0.515465,0,-145.807,-191,-100.613,-139.646,-326.033,9,1.22282e-19,,0,-3.99806,6.38644e-05,1,
patch_level_ratio,rest,conf50,10,0,0.644024,-0.644024,-0.64929,-0.638757,0,-123.712,-162.059,-85.3636,-118.484,-276.627,9,5.36544e-19,,0,-3.99806,6.38644e-05,1,
patch_level_ratio,rest,conf75,10,0,0.77333,-0.77333,-0.78177,-0.764891,0,-92.7066,-121.45,-63.9637,-88.7894,-207.298,9,7.19676e-18,,0,-3.99806,6.38644e-05,1,
patch_level_ratio,flow,self,10,0.996632,0.427172,0.56946,0.569304,0.569616,2.33309,3689.41,2546.07,4832.75,3533.52,8249.77,9.0148,2.57547e-32,7.72641e-32,100,3.74185,0.000182672,-1,0.000249938
patch_level_ratio,flow,shuffle,10,0.996632,0.427172,0.56946,0.569304,0.569616,2.33309,3689.41,2546.07,4832.75,3533.52,8249.77,9.0148,2.57547e-32,,100,3.74185,0.000182672,-1,
patch_level_ratio,flow,randmat,10,0.996632,0.428314,0.568318,0.568162,0.568474,2.32687,3680.03,2539.6,4820.46,3524.53,8228.79,9.01479,2.63559e-32,,100,3.74185,0.000182672,-1,
patch_level_ratio,flow,decorr,10,0.996632,0.907046,0.0895855,0.0770722,0.102099,1.09877,7.24278,4.83318,9.65238,6.93675,16.1953,9,5.78632e-08,,100,3.74185,0.000182672,-1,
patch_level_ratio,flow,conf25,10,0.996632,0.519066,0.477565,0.473964,0.481167,1.92005,134.149,92.5671,175.73,128.48,299.966,9.00003,2.5882e-19,,100,3.74185,0.000182672,-1,
patch_level_ratio,flow,conf50,10,0.996632,0.644024,0.352608,0.347341,0.357875,1.54751,67.733,46.7244,88.7416,64.8711,151.456,9.00001,1.21223e-16,,100,3.74185,0.000182672,-1,
patch_level_ratio,flow,conf75,10,0.996632,0.77333,0.223301,0.214862,0.23174,1.28875,26.7693,18.4274,35.1112,25.6382,59.8579,9.00001,5.10876e-13,,100,3.74185,0.000182672,-1,
patch_level_ratio,self,shuffle,10,0.427172,0.427172,0,-0.000205006,0.000205006,1,0,-0.876523,0.876523,0,0,18,1,1,50,-0.0379393,0.969736,0,1
patch_level_ratio,self,randmat,10,0.427172,0.428314,-0.0011419,-0.00134696,-0.000936838,0.997334,-5.23201,-7.07515,-3.38886,-5.01094,-11.6991,18,7.58664e-10,,0,-3.74185,0.000182672,1,0.000249938
patch_level_ratio,self,decorr,10,0.427172,0.907046,-0.479874,-0.492388,-0.467361,0.470948,-38.7937,-50.8477,-26.7397,-37.1545,-86.7454,9.0028,1.8071e-14,3.6142e-14,0,-3.74185,0.000182672,1,0.000249938
patch_level_ratio,self,conf25,10,0.427172,0.519066,-0.0918944,-0.0954972,-0.0882916,0.822962,-25.7891,-33.829,-17.7492,-24.6994,-57.6661,9.03381,6.56034e-13,,0,-3.74185,0.000182672,1,0.000249938
patch_level_ratio,self,conf50,10,0.427172,0.644024,-0.216852,-0.222119,-0.211584,0.663286,-41.6371,-54.5701,-28.7041,-39.8778,-93.1034,9.01581,9.20067e-15,,0,-3.74185,0.000182672,1,0.000249938
patch_level_ratio,self,conf75,10,0.427172,0.77333,-0.346159,-0.354598,-0.337719,0.552379,-41.4903,-54.3779,-28.6027,-39.7372,-92.7751,9.00616,9.77572e-15,,0,-3.74185,0.000182672,1,0.000249938
patch_level_ratio,shuffle,randmat,10,0.427172,0.428314,-0.0011419,-0.00134696,-0.000936838,0.997334,-5.23201,-7.07515,-3.38886,-5.01094,-11.6991,18,7.58664e-10,,0,-3.74185,0.000182672,1,
patch_level_ratio,shuffle,decorr,10,0.427172,0.907046,-0.479874,-0.492388,-0.467361,0.470948,-38.7937,-50.8477,-26.7397,-37.1545,-86.7454,9.0028,1.8071e-14,,0,-3.74185,0.000182672,1,
patch_level_ratio,shuffle,conf25,10,0.427172,0.519066,-0.0918944,-0.0954972,-0.0882916,0.822962,-25.7891,-33.829,-17.7492,-24.6994,-57.6661,9.03381,6.56034e-13,,0,-3.74185,0.000182672,1,
patch_level_ratio,shuffle,conf50,10,0.427172,0.644024,-0.216852,-0.222119,-0.211584,0.663286,-41.6371,-54.5701,-28.7041,-39.8778,-93.1034,9.01581,9.20067e-15,,0,-3.74185,0.000182672,1,
patch_level_ratio,shuffle,conf75,10,0.427172,0.77333,-0.346159,-0.354598,-0.337719,0.552379,-41.4903,-54.3779,-28.6027,-39.7372,-92.7751,9.00616,9.77572e-15,,0,-3.74185,0.000182672,1,
patch_level_ratio,randmat,decorr,10,0.428314,0.907046,-0.478732,-0.491246,-0.466219,0.472207,-38.7014,-50.7268,-26.6759,-37.0661,-86.5389,9.0028,1.84622e-14,,0,-3.74185,0.000182672,1,
patch_level_ratio,randmat,conf25,10,0.428314,0.519066,-0.0907525,-0.0943553,-0.0871497,0.825162,-25.4686,-33.4098,-17.5274,-24.3925,-56.9495,9.03385,7.34219e-13,,0,-3.74185,0.000182672,1,
patch_level_ratio,randmat,conf50,10,0.428314,0.644024,-0.21571,-0.220977,-0.210442,0.665059,-41.4178,-54.283,-28.5527,-39.6678,-92.6131,9.01583,9.64833e-15,,0,-3.74185,0.000182672,1,
patch_level_ratio,randmat,conf75,10,0.428314,0.77333,-0.345017,-0.353456,-0.336577,0.553856,-41.3534,-54.1987,-28.5082,-39.6061,-92.469,9.00616,1.00705e-14,,0,-3.74185,0.000182672,1,
patch_level_ratio,decorr,conf25,10,0.907046,0.519066,0.38798,0.375234,0.400726,1.74746,30.1436,20.7611,39.5261,28.8699,67.4031,10.4809,3.61155e-15,,100,3.74185,0.000182672,-1,
patch_level_ratio,decorr,conf50,10,0.907046,0.644024,0.263023,0.249957,0.276088,1.40841,19.5996,13.4628,25.7363,18.7714,43.8259,12.0915,1.07105e-14,,100,3.74185,0.000182672,-1,
patch_level_ratio,decorr,conf75,10,0.907046,0.77333,0.133716,0.119556,0.147875,1.17291,8.96281,6.05024,11.8754,8.5841,20.0415,15.7836,1.1972e-12,,100,3.74185,0.000182672,-1,
patch_level_ratio,conf25,conf50,10,0.519066,0.644024,-0.124957,-0.130939,-0.118975,0.805974,-19.8135,-26.0159,-13.6111,-18.9763,-44.3043,15.907,4.31336e-18,,0,-3.74185,0.000182672,1,
patch_level_ratio,conf25,conf75,10,0.519066,0.77333,-0.254264,-0.263088,-0.245441,0.671209,-28.0348,-36.7669,-19.3028,-26.8503,-62.6878,12.1731,1.17977e-16,,0,-3.74185,0.000182672,1,
patch_level_ratio,conf50,conf75,10,0.644024,0.77333,-0.129307,-0.138675,-0.119939,0.832792,-13.1505,-17.319,-8.982,-12.5949,-29.4054,15.0871,9.74156e-15,,0,-3.74185,0.000182672,1,
anat_gain_integral,rest,flow,10,0,2.55975,-2.55975,-4.31696,-0.80253,0,-1.4737,-2.46207,-0.485337,-1.41143,-3.2953,9,0.00929942,,0,-3.99806,6.38644e-05,1,
anat_gain_integral,rest,self,10,0,4.17319,-4.17319,-6.11555,-2.23082,0,-2.17358,-3.27902,-1.06813,-2.08174,-4.86027,9,0.000895504,,0,-3.99806,6.38644e-05,1,0.000249938
anat_gain_integral,rest,shuffle,10,0,5.52661,-5.52661,-7.74652,-3.30669,0,-2.51861,-3.69227,-1.34494,-2.41219,-5.63178,9,0.000320971,,0,-3.99806,6.38644e-05,1,
anat_gain_integral,rest,randmat,10,0,3.93386,-3.93386,-6.06387,-1.80384,0,-1.86842,-2.91892,-0.817916,-1.78947,-4.17791,9,0.00238347,,0,-3.99806,6.38644e-05,1,
anat_gain_integral,rest,decorr,10,0,4.06999,-4.06999,-6.34253,-1.79745,0,-1.81184,-2.85278,-0.7709,-1.73528,-4.0514,9,0.00287888,,0,-3.99806,6.38644e-05,1,
anat_gain_integral,rest,conf25,10,0,4.73803,-4.73803,-8.50341,-0.972656,0,-1.273,-2.23421,-0.311789,-1.21921,-2.84651,9,0.0191982,,0,-3.99806,6.38644e-05,1,
anat_gain_integral,rest,conf50,10,0,2.9608,-2.9608,-4.96562,-0.955967,0,-1.49406,-2.48536,-0.502768,-1.43093,-3.34083,9,0.00864879,,0,-3.99806,6.38644e-05,1,
anat_gain_integral,rest,conf75,10,0,3.53897,-3.53897,-5.65526,-1.42269,0,-1.69177,-2.71312,-0.67042,-1.62029,-3.78291,9,0.00432957,,0,-3.99806,6.38644e-05,1,
anat_gain_integral,flow,self,10,2.55975,4.17319,-1.61344,-4.04776,0.820885,0.61338,-0.623174,-1.52072,0.274371,-0.596843,-1.39346,17.8223,0.180616,0.541849,32,-1.32288,0.185877,0.36,0.181205
anat_gain_integral,flow,shuffle,10,2.55975,5.52661,-2.96686,-5.60626,-0.327464,0.463168,-1.06013,-1.9962,-0.124065,-1.01534,-2.37053,17.0988,0.0297758,,20,-2.22999,0.0257481,0.6,
anat_gain_integral,flow,randmat,10,2.55975,3.93386,-1.37411,-3.94525,1.19703,0.650697,-0.503437,-1.39374,0.386862,-0.482165,-1.12572,17.3725,0.275596,,33,-1.24728,0.212294,0.34,
anat_gain_integral,flow,decorr,10,2.55975,4.06999,-1.51024,-4.19032,1.16984,0.628932,-0.531861,-1.42375,0.360024,-0.509388,-1.18928,16.928,0.250745,,37,-0.944911,0.344704,0.26,
anat_gain_integral,flow,conf25,10,2.55975,4.73803,-2.17828,-6.1547,1.79813,0.540255,-0.530345,-1.42214,0.361453,-0.507936,-1.18589,12.7427,0.257309,,31,-1.39847,0.161972,0.38,
anat_gain_integral,flow,conf50,10,2.55975,2.9608,-0.401048,-2.88001,2.07791,0.864547,-0.15219,-1.02998,0.7256,-0.14576,-0.340307,17.696,0.737631,,46,-0.264575,0.791337,0.08,
anat_gain_integral,flow,conf75,10,2.55975,3.53897,-0.979227,-3.54009,1.58164,0.723302,-0.360143,-1.24374,0.523457,-0.344925,-0.805303,17.4117,0.431505,,37,-0.944911,0.344704,0.26,
anat_gain_integral,self,shuffle,10,4.17319,5.52661,-1.35342,-4.09636,1.38951,0.755108,-0.464186,-1.35243,0.424062,-0.444572,-1.03795,17.6882,0.313275,0.626549,37,-0.944911,0.344704,0.26,0.301175
anat_gain_integral,self,randmat,10,4.17319,3.93386,0.23933,-2.43949,2.91815,1.06084,0.0839928,-0.792916,0.960902,0.0804438,0.187814,17.8491,0.853141,,56,0.415761,0.677585,-0.12,0.860785
anat_gain_integral,self,decorr,10,4.17319,4.06999,0.103198,-2.67807,2.88447,1.02536,0.0349227,-0.841667,0.911512,0.0334471,0.0780896,17.5739,0.938639,0.938639,51,0.0377964,0.96985,-0.02,0.938765
anat_gain_integral,self,conf25,10,4.17319,4.73803,-0.564846,-4.59665,3.46696,0.880785,-0.134873,-1.01239,0.742645,-0.129174,-0.301586,13.4731,0.767573,,56,0.415761,0.677585,-0.12,0.846038
anat_gain_integral,self,conf50,10,4.17319,2.9608,1.21239,-1.38027,3.80505,1.40948,0.439393,-0.447644,1.32643,0.420827,0.982512,17.982,0.338883,,65,1.0961,0.273036,-0.3,0.337416
anat_gain_integral,self,conf75,10,4.17319,3.53897,0.634212,-2.03498,3.3034,1.17921,0.223361,-0.65589,1.10261,0.213923,0.499451,17.8692,0.623556,,57,0.491354,0.623176,-0.14,0.620345
anat_gain_integral,shuffle,randmat,10,5.52661,3.93386,1.59275,-1.26484,4.45034,1.40488,0.523753,-0.367671,1.41518,0.501623,1.17115,17.9693,0.256836,,63,0.944911,0.344704,-0.26,
anat_gain_integral,shuffle,decorr,10,5.52661,4.06999,1.45662,-1.49393,4.40717,1.35789,0.463859,-0.424373,1.35209,0.444259,1.03722,17.9901,0.313374,,65,1.0961,0.273036,-0.3,
anat_gain_integral,shuffle,conf25,10,5.52661,4.73803,0.788577,-3.34022,4.91737,1.16644,0.182514,-0.695832,1.06086,0.174802,0.408114,14.5821,0.68912,,63,0.944911,0.344704,-0.26,
anat_gain_integral,shuffle,conf50,10,5.52661,2.9608,2.56581,-0.214256,5.34588,1.8666,0.867792,-0.0490579,1.78464,0.831124,1.94044,17.8162,0.0683201,,73,1.70084,0.088973,-0.46,
anat_gain_integral,shuffle,conf75,10,5.52661,3.53897,1.98763,-0.861259,4.83653,1.56164,0.655626,-0.244136,1.55539,0.627924,1.46602,17.959,0.159932,,68,1.32288,0.185877,-0.36,
anat_gain_integral,randmat,decorr,10,3.93386,4.06999,-0.136132,-3.0297,2.75744,0.966552,-0.0442163,-0.920846,0.832413,-0.042348,-0.0988707,17.925,0.922338,,48,-0.113389,0.909722,0.04,
anat_gain_integral,randmat,conf25,10,3.93386,4.73803,-0.804176,-4.89973,3.29138,0.830272,-0.188059,-1.06652,0.690399,-0.180113,-0.420513,14.2249,0.680394,,50,-0.0377964,0.96985,0,
anat_gain_integral,randmat,conf50,10,3.93386,2.9608,0.97306,-1.74428,3.6904,1.32865,0.336539,-0.546167,1.21924,0.322319,0.752523,17.9344,0.4615,,61,0.793725,0.427355,-0.22,
anat_gain_integral,randmat,conf75,10,3.93386,3.53897,0.394882,-2.39372,3.18348,1.11158,0.133048,-0.744444,1.01054,0.127426,0.297504,17.9992,0.769488,,57,0.491354,0.623176,-0.14,
anat_gain_integral,decorr,conf25,10,4.06999,4.73803,-0.668044,-4.8171,3.48101,0.859004,-0.153669,-1.03148,0.724146,-0.147176,-0.343615,14.7886,0.735973,,48,-0.113389,0.909722,0.04,
anat_gain_integral,decorr,conf50,10,4.06999,2.9608,1.10919,-1.70842,3.92681,1.37463,0.370284,-0.513718,1.25429,0.354638,0.827979,17.7244,0.418692,,61,0.793725,0.427355,-0.22,
anat_gain_integral,decorr,conf75,10,4.06999,3.53897,0.531014,-2.35403,3.41606,1.15005,0.172996,-0.705165,1.05116,0.165686,0.386831,17.9094,0.703439,,54,0.264575,0.791337,-0.08,
anat_gain_integral,conf25,conf50,10,4.73803,2.9608,1.77724,-2.27494,5.82941,1.60026,0.421481,-0.46472,1.30768,0.403672,0.942461,13.7232,0.362253,,63,0.944911,0.344704,-0.26,
anat_gain_integral,conf25,conf75,10,4.73803,3.53897,1.19906,-2.89157,5.28969,1.33882,0.280841,-0.599992,1.16167,0.268974,0.62798,14.1701,0.540007,,60,0.718132,0.472676,-0.2,
anat_gain_integral,conf50,conf75,10,2.9608,3.53897,-0.578179,-3.2861,2.12974,0.836625,-0.200651,-1.07938,0.678074,-0.192173,-0.44867,17.9476,0.65904,,41,-0.64254,0.520523,0.18,
anat_resid_deg,flow,self,10,195.609,218.394,-22.7855,-103.19,57.6189,0.895668,-0.267586,-1.14802,0.61285,-0.25628,-0.598341,16.834,0.557578,1,46,-0.264575,0.791337,0.08,0.564609
anat_resid_deg,flow,shuffle,10,195.609,238.008,-42.3995,-129.549,44.7501,0.821857,-0.46156,-1.34968,0.426557,-0.442057,-1.03208,15.8646,0.317513,,39,-0.793725,0.427355,0.22,
anat_resid_deg,flow,randmat,10,195.609,208.051,-12.4418,-70.9413,46.0577,0.940198,-0.202291,-1.08105,0.676471,-0.193743,-0.452336,15.3844,0.65734,,41,-0.64254,0.520523,0.18,
anat_resid_deg,flow,decorr,10,195.609,284.57,-88.9613,-162.041,-15.882,0.687384,-1.14484,-2.09044,-0.199239,-1.09647,-2.55994,17.7642,0.0198218,,20,-2.22999,0.0257481,0.6,
anat_resid_deg,flow,conf25,10,195.609,234.402,-38.7935,-122.638,45.0512,0.8345,-0.437916,-1.32488,0.44905,-0.419412,-0.979209,16.3355,0.341757,,34,-1.17169,0.241322,0.32,
anat_resid_deg,flow,conf50,10,195.609,303.133,-107.524,-200.801,-14.2472,0.645291,-1.09847,-2.03877,-0.158163,-1.05205,-2.45625,15.0536,0.026662,,19,-2.30558,0.0211339,0.62,
anat_resid_deg,flow,conf75,10,195.609,203.198,-7.58917,-74.6852,59.5069,0.962651,-0.10629,-0.983432,0.770851,-0.101799,-0.237672,17.9587,0.814826,,43,-0.491354,0.623176,0.14,
anat_resid_deg,self,shuffle,10,218.394,238.008,-19.614,-115.276,76.0476,0.917591,-0.192825,-1.07138,0.685732,-0.184678,-0.43117,17.7659,0.671531,1,44,-0.415761,0.677585,0.12,0.683579
anat_resid_deg,self,randmat,10,218.394,208.051,10.3437,-62.4707,83.1581,1.04972,0.137113,-0.740439,1.01466,0.13132,0.306594,13.1258,0.763962,,45,-0.340168,0.73373,0.1,0.76006
anat_resid_deg,self,decorr,10,218.394,284.57,-66.1758,-150.071,17.7198,0.767453,-0.742353,-1.64856,0.163857,-0.710986,-1.65995,17.5904,0.114645,0.343936,29,-1.54965,0.121225,0.42,0.110472
anat_resid_deg,self,conf25,10,218.394,234.402,-16.008,-108.835,76.819,0.931707,-0.162071,-1.04003,0.71589,-0.155223,-0.362401,17.9329,0.721288,,42,-0.566947,0.57075,0.16,0.724069
anat_resid_deg,self,conf50,10,218.394,303.133,-84.7385,-185.749,16.2715,0.720458,-0.79054,-1.70066,0.119576,-0.757137,-1.7677,17.2886,0.0947547,,26,-1.77643,0.0756616,0.48,0.0877281
anat_resid_deg,self,conf75,10,218.394,203.198,15.1963,-63.984,94.3766,1.07479,0.181549,-0.696777,1.05988,0.173878,0.405956,16.4472,0.690008,,51,0.0377964,0.96985,-0.02,0.694076
anat_resid_deg,shuffle,randmat,10,238.008,208.051,29.9577,-50.6071,110.522,1.14399,0.361205,-0.522436,1.24485,0.345943,0.80768,12.3449,0.434562,,57,0.491354,0.623176,-0.14,
anat_resid_deg,shuffle,decorr,10,238.008,284.57,-46.5618,-136.805,43.6814,0.836378,-0.487186,-1.37662,0.402244,-0.4666,-1.08938,16.8374,0.291333,,31,-1.39847,0.161972,0.38,
anat_resid_deg,shuffle,conf25,10,238.008,234.402,3.60597,-94.7033,101.915,1.01538,0.0344701,-0.842117,0.911058,0.0330137,0.0770776,17.9477,0.939415,,49,-0.0377964,0.96985,0.02,
anat_resid_deg,shuffle,conf50,10,238.008,303.133,-65.1245,-170.975,40.7265,0.785162,-0.578399,-1.47306,0.316263,-0.55396,-1.29334,17.8548,0.212377,,27,-1.70084,0.088973,0.46,
anat_resid_deg,shuffle,conf75,10,238.008,203.198,34.8103,-51.2638,120.884,1.17131,0.384557,-0.50003,1.26914,0.368308,0.859896,15.4347,0.403005,,59,0.64254,0.520523,-0.18,
anat_resid_deg,randmat,decorr,10,208.051,284.57,-76.5195,-140.559,-12.4798,0.731105,-1.14342,-2.08886,-0.197984,-1.09511,-2.55677,14.3583,0.0224725,,23,-2.00321,0.0451546,0.54,
anat_resid_deg,randmat,conf25,10,208.051,234.402,-26.3517,-103.151,50.4474,0.887579,-0.332321,-1.21487,0.55023,-0.31828,-0.743093,12.6948,0.470954,,43,-0.491354,0.623176,0.14,
anat_resid_deg,randmat,conf50,10,208.051,303.133,-95.0822,-182.499,-7.66527,0.686335,-1.06161,-1.99783,-0.125376,-1.01675,-2.37382,11.8223,0.0354433,,22,-2.0788,0.0376353,0.56,
anat_resid_deg,randmat,conf75,10,208.051,203.198,4.8526,-51.5942,61.2994,1.02388,0.0815793,-0.795308,0.958466,0.0781323,0.182417,15.8148,0.857573,,54,0.264575,0.791337,-0.08,
anat_resid_deg,decorr,conf25,10,284.57,234.402,50.1678,-36.9559,137.291,1.21402,0.542765,-0.34975,1.43528,0.519831,1.21366,17.2273,0.241255,,66,1.17169,0.241322,-0.32,
anat_resid_deg,decorr,conf50,10,284.57,303.133,-18.5627,-114.63,77.5051,0.938764,-0.183106,-1.06146,0.695251,-0.175369,-0.409437,16.0877,0.687618,,48,-0.113389,0.909722,0.04,
anat_resid_deg,decorr,conf75,10,284.57,203.198,81.3721,9.72081,153.023,1.40046,1.06905,0.132005,2.00609,1.02388,2.39046,17.5381,0.0282839,,77,2.00321,0.0451546,-0.54,
anat_resid_deg,conf25,conf50,10,234.402,303.133,-68.7305,-172.178,34.7166,0.773266,-0.625168,-1.52285,0.27251,-0.598753,-1.39792,17.637,0.179472,,29,-1.54965,0.121225,0.42,
anat_resid_deg,conf25,conf75,10,234.402,203.198,31.2043,-51.496,113.905,1.15357,0.357866,-0.525644,1.24138,0.342745,0.800213,15.9181,0.435368,,58,0.566947,0.57075,-0.16,
anat_resid_deg,conf50,conf75,10,303.133,203.198,99.9348,7.62257,192.247,1.49181,1.03422,0.100938,1.9675,0.99052,2.31258,14.6272,0.0357504,,81,2.30558,0.0211339,-0.62,
anat_gain_yaw,rest,flow,10,0,5.60242,-5.60242,-8.60244,-2.60241,0,-1.88926,-2.94333,-0.835181,-1.80943,-4.2245,9,0.0022246,,0,-3.99806,6.38644e-05,1,
anat_gain_yaw,rest,self,10,0,7.16751,-7.16751,-12.0129,-2.32218,0,-1.49652,-2.48817,-0.504868,-1.43329,-3.34632,9,0.00857358,,0,-3.99806,6.38644e-05,1,0.000249938
anat_gain_yaw,rest,shuffle,10,0,7.65129,-7.65129,-12.0937,-3.20883,0,-1.7424,-2.7719,-0.712911,-1.66878,-3.89613,9,0.00364078,,0,-3.99806,6.38644e-05,1,
anat_gain_yaw,rest,randmat,10,0,4.83723,-4.83723,-6.96813,-2.70632,0,-2.29652,-3.42559,-1.16746,-2.19949,-5.13518,9,0.000615272,,0,-3.99806,6.38644e-05,1,
anat_gain_yaw,rest,decorr,10,0,8.01628,-8.01628,-12.3845,-3.64802,0,-1.85653,-2.90501,-0.808056,-1.77809,-4.15133,9,0.00247947,,0,-3.99806,6.38644e-05,1,
anat_gain_yaw,rest,conf25,10,0,8.12624,-8.12624,-14.4802,-1.77232,0,-1.29386,-2.25773,-0.329976,-1.23919,-2.89315,9,0.0177928,,0,-3.99806,6.38644e-05,1,
anat_gain_yaw,rest,conf50,10,0,9.30998,-9.30998,-13.7903,-4.82966,0,-2.10222,-3.19433,-1.01011,-2.01339,-4.7007,9,0.00111906,,0,-3.99806,6.38644e-05,1,
anat_gain_yaw,rest,conf75,10,0,5.32671,-5.32671,-9.85168,-0.80173,0,-1.19091,-2.14196,-0.239862,-1.14059,-2.66296,9,0.0259196,,0,-3.99806,6.38644e-05,1,
anat_gain_yaw,flow,self,10,5.60242,7.16751,-1.56509,-6.9342,3.80401,0.781641,-0.277835,-1.15858,0.602906,-0.266095,-0.621258,15.0162,0.543747,1,45,-0.340168,0.73373,0.1,0.535116
anat_gain_yaw,flow,shuffle,10,5.60242,7.65129,-2.04886,-7.07762,2.97989,0.73222,-0.386671,-1.27135,0.498005,-0.370332,-0.864622,15.7954,0.400187,,41,-0.64254,0.520523,0.18,
anat_gain_yaw,flow,randmat,10,5.60242,4.83723,0.765198,-2.67907,4.20947,1.15819,0.210373,-0.668571,1.08932,0.201484,0.470407,16.2388,0.64432,,60,0.718132,0.472676,-0.2,
anat_gain_yaw,flow,decorr,10,5.60242,8.01628,-2.41386,-7.38124,2.55353,0.698881,-0.460826,-1.34891,0.427254,-0.441355,-1.03044,15.9449,0.318182,,42,-0.566947,0.57075,0.16,
anat_gain_yaw,flow,conf25,10,5.60242,8.12624,-2.52381,-9.24363,4.19601,0.689424,-0.363373,-1.2471,0.520353,-0.34802,-0.812528,12.8227,0.431316,,49,-0.0377964,0.96985,0.02,
anat_gain_yaw,flow,conf50,10,5.60242,9.30998,-3.70756,-8.76779,1.35268,0.601765,-0.69563,-1.59827,0.207013,-0.666237,-1.55548,15.7197,0.139734,,34,-1.17169,0.241322,0.32,
anat_gain_yaw,flow,conf75,10,5.60242,5.32671,0.275718,-4.8218,5.37323,1.05176,0.0513775,-0.82529,0.928045,0.0492066,0.114884,15.6309,0.91,,58,0.566947,0.57075,-0.16,
anat_gain_yaw,self,shuffle,10,7.16751,7.65129,-0.483772,-6.59216,5.62461,0.936772,-0.0744514,-0.951278,0.802375,-0.0713056,-0.166478,17.866,0.86965,1,39,-0.793725,0.427355,0.22,0.873282
anat_gain_yaw,self,randmat,10,7.16751,4.83723,2.33029,-2.75167,7.41224,1.48174,0.445378,-0.441945,1.3327,0.426559,0.995895,12.3558,0.338405,,54,0.264575,0.791337,-0.08,0.326668
anat_gain_yaw,self,decorr,10,7.16751,8.01628,-0.848767,-6.91215,5.21462,0.89412,-0.131623,-1.00909,0.745848,-0.126061,-0.294317,17.81,0.771918,1,47,-0.188982,0.850107,0.06,0.766308
anat_gain_yaw,self,conf25,10,7.16751,8.12624,-0.958723,-8.41721,6.49976,0.882021,-0.121381,-0.998711,0.755948,-0.116253,-0.271417,16.8222,0.789373,,53,0.188982,0.850107,-0.06,0.808048
anat_gain_yaw,self,conf50,10,7.16751,9.30998,-2.14247,-8.27407,3.98914,0.769874,-0.328439,-1.21085,0.553973,-0.314561,-0.734412,17.8907,0.472214,,41,-0.64254,0.520523,0.18,0.48138
anat_gain_yaw,self,conf75,10,7.16751,5.32671,1.84081,-4.3184,8.00002,1.34558,0.280901,-0.599933,1.16174,0.269032,0.628114,17.9164,0.537854,,55,0.340168,0.73373,-0.1,0.536116
anat_gain_yaw,shuffle,randmat,10,7.65129,4.83723,2.81406,-1.8938,7.52192,1.58175,0.577805,-0.316821,1.47243,0.55339,1.29201,12.9332,0.218964,,58,0.566947,0.57075,-0.16,
anat_gain_yaw,shuffle,decorr,10,7.65129,8.01628,-0.364995,-6.15138,5.42139,0.954468,-0.059267,-0.935982,0.817448,-0.0567628,-0.132525,17.9949,0.89604,,48,-0.113389,0.909722,0.04,
anat_gain_yaw,shuffle,conf25,10,7.65129,8.12624,-0.474951,-7.7366,6.7867,0.941553,-0.0619757,-0.938709,0.814757,-0.059357,-0.138582,16.102,0.891499,,53,0.188982,0.850107,-0.06,
anat_gain_yaw,shuffle,conf50,10,7.65129,9.30998,-1.65869,-7.51843,4.20105,0.821837,-0.265959,-1.14635,0.61443,-0.254721,-0.594703,17.9987,0.559445,,39,-0.793725,0.427355,0.22,
anat_gain_yaw,shuffle,conf75,10,7.65129,5.32671,2.32458,-3.5648,8.21396,1.4364,0.370861,-0.513164,1.25489,0.355191,0.82927,17.9939,0.417817,,66,1.17169,0.241322,-0.32,
anat_gain_yaw,randmat,decorr,10,4.83723,8.01628,-3.17906,-7.81871,1.4606,0.603425,-0.661719,-1.56191,0.238472,-0.633759,-1.47965,13.0538,0.162692,,35,-1.0961,0.273036,0.3,
anat_gain_yaw,randmat,conf25,10,4.83723,8.12624,-3.28901,-9.80956,3.23154,0.59526,-0.496497,-1.38642,0.393427,-0.475519,-1.1102,10.9992,0.290593,,42,-0.566947,0.57075,0.16,
anat_gain_yaw,randmat,conf50,10,4.83723,9.30998,-4.47275,-9.2155,0.269994,0.519574,-0.912056,-1.83302,0.00891015,-0.873519,-2.03942,12.8735,0.0624826,,25,-1.85203,0.0640221,0.5,
anat_gain_yaw,randmat,conf75,10,4.83723,5.32671,-0.489479,-5.27346,4.2945,0.908108,-0.0990061,-0.976065,0.778053,-0.0948227,-0.221384,12.8047,0.828284,,59,0.64254,0.520523,-0.18,
anat_gain_yaw,decorr,conf25,10,8.01628,8.12624,-0.109956,-7.33741,7.1175,0.986469,-0.0144267,-0.890961,0.862107,-0.0138171,-0.0322591,15.9541,0.974666,,57,0.491354,0.623176,-0.14,
anat_gain_yaw,decorr,conf50,10,8.01628,9.30998,-1.2937,-7.10536,4.51796,0.861042,-0.209159,-1.08808,0.669756,-0.200322,-0.467695,17.9885,0.645619,,45,-0.340168,0.73373,0.1,
anat_gain_yaw,decorr,conf75,10,8.01628,5.32671,2.68958,-3.15211,8.53126,1.50492,0.432623,-0.454094,1.31934,0.414343,0.967374,17.9777,0.346192,,66,1.17169,0.241322,-0.32,
anat_gain_yaw,conf25,conf50,10,8.12624,9.30998,-1.18374,-8.46309,6.0956,0.872852,-0.154033,-1.03185,0.723789,-0.147524,-0.344428,16.1757,0.734962,,39,-0.793725,0.427355,0.22,
anat_gain_yaw,conf25,conf75,10,8.12624,5.32671,2.79953,-4.50091,10.1,1.52557,0.363079,-0.520636,1.24679,0.347738,0.811869,16.2613,0.428592,,55,0.340168,0.73373,-0.1,
anat_gain_yaw,conf50,conf75,10,9.30998,5.32671,3.98327,-1.93069,9.89724,1.74779,0.632834,-0.26536,1.53103,0.606094,1.41506,17.9982,0.174121,,76,1.92762,0.0539026,-0.52,
turned_deg,rest,flow,10,0,-60.8996,60.8996,60.7591,61.0402,-0,438.419,302.551,574.287,419.895,980.335,9,6.08811e-24,,100,3.99806,6.38644e-05,-1,
turned_deg,rest,self,10,0,-60.8996,60.8996,60.7591,61.0402,-0,438.419,302.551,574.287,419.895,980.335,9,6.08811e-24,,100,3.99806,6.38644e-05,-1,0.000249938
turned_deg,rest,shuffle,10,0,-60.8996,60.8996,60.7591,61.0402,-0,438.419,302.551,574.287,419.895,980.335,9,6.08811e-24,,100,3.99806,6.38644e-05,-1,
turned_deg,rest,randmat,10,0,-60.8996,60.8996,60.7591,61.0402,-0,438.419,302.551,574.287,419.895,980.335,9,6.08811e-24,,100,3.99806,6.38644e-05,-1,
turned_deg,rest,decorr,10,0,-60.8996,60.8996,60.7591,61.0402,-0,438.419,302.551,574.287,419.895,980.335,9,6.08811e-24,,100,3.99806,6.38644e-05,-1,
turned_deg,rest,conf25,10,0,-60.8996,60.8996,60.7591,61.0402,-0,438.419,302.551,574.287,419.895,980.335,9,6.08811e-24,,100,3.99806,6.38644e-05,-1,
turned_deg,rest,conf50,10,0,-60.8996,60.8996,60.7591,61.0402,-0,438.419,302.551,574.287,419.895,980.335,9,6.08811e-24,,100,3.99806,6.38644e-05,-1,
turned_deg,rest,conf75,10,0,-60.8996,60.8996,60.7591,61.0402,-0,438.419,302.551,574.287,419.895,980.335,9,6.08811e-24,,100,3.99806,6.38644e-05,-1,
turned_deg,flow,self,10,-60.8996,-60.8996,0,-0.184572,0.184572,1,0,-0.876523,0.876523,0,0,18,1,1,50,-0.0379393,0.969736,0,1
turned_deg,flow,shuffle,10,-60.8996,-60.8996,0,-0.184572,0.184572,1,0,-0.876523,0.876523,0,0,18,1,,50,-0.0379393,0.969736,0,
turned_deg,flow,randmat,10,-60.8996,-60.8996,0,-0.184572,0.184572,1,0,-0.876523,0.876523,0,0,18,1,,50,-0.0379393,0.969736,0,
turned_deg,flow,decorr,10,-60.8996,-60.8996,0,-0.184572,0.184572,1,0,-0.876523,0.876523,0,0,18,1,,50,-0.0379393,0.969736,0,
turned_deg,flow,conf25,10,-60.8996,-60.8996,0,-0.184572,0.184572,1,0,-0.876523,0.876523,0,0,18,1,,50,-0.0379393,0.969736,0,
turned_deg,flow,conf50,10,-60.8996,-60.8996,0,-0.184572,0.184572,1,0,-0.876523,0.876523,0,0,18,1,,50,-0.0379393,0.969736,0,
turned_deg,flow,conf75,10,-60.8996,-60.8996,0,-0.184572,0.184572,1,0,-0.876523,0.876523,0,0,18,1,,50,-0.0379393,0.969736,0,
turned_deg,self,shuffle,10,-60.8996,-60.8996,0,-0.184572,0.184572,1,0,-0.876523,0.876523,0,0,18,1,1,50,-0.0379393,0.969736,0,1
turned_deg,self,randmat,10,-60.8996,-60.8996,0,-0.184572,0.184572,1,0,-0.876523,0.876523,0,0,18,1,,50,-0.0379393,0.969736,0,1
turned_deg,self,decorr,10,-60.8996,-60.8996,0,-0.184572,0.184572,1,0,-0.876523,0.876523,0,0,18,1,1,50,-0.0379393,0.969736,0,1
turned_deg,self,conf25,10,-60.8996,-60.8996,0,-0.184572,0.184572,1,0,-0.876523,0.876523,0,0,18,1,,50,-0.0379393,0.969736,0,1
turned_deg,self,conf50,10,-60.8996,-60.8996,0,-0.184572,0.184572,1,0,-0.876523,0.876523,0,0,18,1,,50,-0.0379393,0.969736,0,1
turned_deg,self,conf75,10,-60.8996,-60.8996,0,-0.184572,0.184572,1,0,-0.876523,0.876523,0,0,18,1,,50,-0.0379393,0.969736,0,1
turned_deg,shuffle,randmat,10,-60.8996,-60.8996,0,-0.184572,0.184572,1,0,-0.876523,0.876523,0,0,18,1,,50,-0.0379393,0.969736,0,
turned_deg,shuffle,decorr,10,-60.8996,-60.8996,0,-0.184572,0.184572,1,0,-0.876523,0.876523,0,0,18,1,,50,-0.0379393,0.969736,0,
turned_deg,shuffle,conf25,10,-60.8996,-60.8996,0,-0.184572,0.184572,1,0,-0.876523,0.876523,0,0,18,1,,50,-0.0379393,0.969736,0,
turned_deg,shuffle,conf50,10,-60.8996,-60.8996,0,-0.184572,0.184572,1,0,-0.876523,0.876523,0,0,18,1,,50,-0.0379393,0.969736,0,
turned_deg,shuffle,conf75,10,-60.8996,-60.8996,0,-0.184572,0.184572,1,0,-0.876523,0.876523,0,0,18,1,,50,-0.0379393,0.969736,0,
turned_deg,randmat,decorr,10,-60.8996,-60.8996,0,-0.184572,0.184572,1,0,-0.876523,0.876523,0,0,18,1,,50,-0.0379393,0.969736,0,
turned_deg,randmat,conf25,10,-60.8996,-60.8996,0,-0.184572,0.184572,1,0,-0.876523,0.876523,0,0,18,1,,50,-0.0379393,0.969736,0,
turned_deg,randmat,conf50,10,-60.8996,-60.8996,0,-0.184572,0.184572,1,0,-0.876523,0.876523,0,0,18,1,,50,-0.0379393,0.969736,0,
turned_deg,randmat,conf75,10,-60.8996,-60.8996,0,-0.184572,0.184572,1,0,-0.876523,0.876523,0,0,18,1,,50,-0.0379393,0.969736,0,
turned_deg,decorr,conf25,10,-60.8996,-60.8996,0,-0.184572,0.184572,1,0,-0.876523,0.876523,0,0,18,1,,50,-0.0379393,0.969736,0,
turned_deg,decorr,conf50,10,-60.8996,-60.8996,0,-0.184572,0.184572,1,0,-0.876523,0.876523,0,0,18,1,,50,-0.0379393,0.969736,0,
turned_deg,decorr,conf75,10,-60.8996,-60.8996,0,-0.184572,0.184572,1,0,-0.876523,0.876523,0,0,18,1,,50,-0.0379393,0.969736,0,
turned_deg,conf25,conf50,10,-60.8996,-60.8996,0,-0.184572,0.184572,1,0,-0.876523,0.876523,0,0,18,1,,50,-0.0379393,0.969736,0,
turned_deg,conf25,conf75,10,-60.8996,-60.8996,0,-0.184572,0.184572,1,0,-0.876523,0.876523,0,0,18,1,,50,-0.0379393,0.969736,0,
turned_deg,conf50,conf75,10,-60.8996,-60.8996,0,-0.184572,0.184572,1,0,-0.876523,0.876523,0,0,18,1,,50,-0.0379393,0.969736,0,
ring_pc12_var,rest,flow,10,0,0.421521,-0.421521,-0.433885,-0.409158,0,-34.4918,-45.2167,-23.767,-33.0344,-77.1261,9,5.24049e-14,,0,-3.99806,6.38644e-05,1,
ring_pc12_var,rest,self,10,0,0.409487,-0.409487,-0.42767,-0.391305,0,-22.7836,-29.8984,-15.6688,-21.8209,-50.9457,9,2.17148e-12,,0,-3.99806,6.38644e-05,1,0.000249938
ring_pc12_var,rest,shuffle,10,0,0.418381,-0.418381,-0.433494,-0.403269,0,-28.0073,-36.7309,-19.2838,-26.8239,-62.6263,9,3.40401e-13,,0,-3.99806,6.38644e-05,1,
ring_pc12_var,rest,randmat,10,0,0.410719,-0.410719,-0.443345,-0.378093,0,-12.7356,-16.7784,-8.69267,-12.1974,-28.4776,9,3.95127e-10,,0,-3.99806,6.38644e-05,1,
ring_pc12_var,rest,decorr,10,0,0.411064,-0.411064,-0.434041,-0.388087,0,-18.0991,-23.7761,-12.4222,-17.3344,-40.4708,9,1.70944e-11,,0,-3.99806,6.38644e-05,1,
ring_pc12_var,rest,conf25,10,0,0.451078,-0.451078,-0.483631,-0.418525,0,-14.0183,-18.4501,-9.58652,-13.426,-31.3459,9,1.67898e-10,,0,-3.99806,6.38644e-05,1,
ring_pc12_var,rest,conf50,10,0,0.404404,-0.404404,-0.424185,-0.384623,0,-20.6827,-27.1519,-14.2136,-19.8088,-46.248,9,5.17098e-12,,0,-3.99806,6.38644e-05,1,
ring_pc12_var,rest,conf75,10,0,0.417081,-0.417081,-0.444189,-0.389973,0,-15.5654,-20.468,-10.6627,-14.9077,-34.8052,9,6.59051e-11,,0,-3.99806,6.38644e-05,1,
ring_pc12_var,flow,self,10,0.421521,0.409487,0.0120342,-0.00858607,0.0326545,1.02939,0.553699,-0.339461,1.44686,0.530303,1.23811,15.8566,0.233695,0.701084,64,1.0205,0.307489,-0.28,0.227443
ring_pc12_var,flow,shuffle,10,0.421521,0.418381,0.00314,-0.015045,0.021325,1.00751,0.162692,-0.71528,1.04066,0.155817,0.363789,17.3201,0.720418,,56,0.415761,0.677585,-0.12,
ring_pc12_var,flow,randmat,10,0.421521,0.410719,0.0108025,-0.0229538,0.0445588,1.0263,0.313228,-0.568653,1.19511,0.299993,0.700399,11.5326,0.497565,,73,1.70084,0.088973,-0.46,
ring_pc12_var,flow,decorr,10,0.421521,0.411064,0.010457,-0.0143134,0.0352274,1.02544,0.405451,-0.480032,1.29093,0.388319,0.906615,13.8085,0.380159,,59,0.64254,0.520523,-0.18,
ring_pc12_var,flow,conf25,10,0.421521,0.451078,-0.0295565,-0.0632432,0.0041302,0.934476,-0.858693,-1.77472,0.0573334,-0.82241,-1.9201,11.5435,0.0798896,,26,-1.77643,0.0756616,0.48,
ring_pc12_var,flow,conf50,10,0.421521,0.404404,0.0171171,-0.00484909,0.0390833,1.04233,0.742358,-0.163852,1.64857,0.710991,1.65996,15.1007,0.11754,,70,1.47406,0.140465,-0.4,
ring_pc12_var,flow,conf75,10,0.421521,0.417081,0.0044405,-0.024108,0.032989,1.01065,0.150777,-0.72699,1.02854,0.144406,0.337148,12.5889,0.74156,,58,0.566947,0.57075,-0.16,
ring_pc12_var,self,shuffle,10,0.409487,0.418381,-0.0088942,-0.0309049,0.0131165,0.978741,-0.380575,-1.265,0.503847,-0.364494,-0.850991,17.4176,0.406322,0.812644,39,-0.793725,0.427355,0.22,0.40065
ring_pc12_var,self,randmat,10,0.409487,0.410719,-0.0012317,-0.0366211,0.0341577,0.997001,-0.0333615,-0.909945,0.843222,-0.0319518,-0.0745985,14.0987,0.941582,,58,0.566947,0.57075,-0.16,0.941015
ring_pc12_var,self,decorr,10,0.409487,0.411064,-0.0015772,-0.0288931,0.0257387,0.996163,-0.0544558,-0.931141,0.822229,-0.0521548,-0.121767,17.0968,0.904504,0.904504,49,-0.0377964,0.96985,0.02,0.902524
ring_pc12_var,self,conf25,10,0.409487,0.451078,-0.0415907,-0.0769155,-0.00626594,0.907797,-1.12844,-2.07214,-0.18473,-1.08076,-2.52326,14.1175,0.0242284,,21,-2.1544,0.031209,0.58,0.0192452
ring_pc12_var,self,conf50,10,0.409487,0.404404,0.0050829,-0.0198827,0.0300485,1.01257,0.191388,-0.687139,1.06991,0.183301,0.427956,17.8737,0.673795,,55,0.340168,0.73373,-0.1,0.668833
ring_pc12_var,self,conf75,10,0.409487,0.417081,-0.0075937,-0.0382243,0.0230369,0.981793,-0.235355,-1.11491,0.644197,-0.225411,-0.52627,15.735,0.60604,,43,-0.491354,0.623176,0.14,0.59985
ring_pc12_var,shuffle,randmat,10,0.418381,0.410719,0.0076625,-0.0267607,0.0420857,1.01866,0.215593,-0.663472,1.09466,0.206483,0.48208,12.6921,0.637956,,66,1.17169,0.241322,-0.32,
ring_pc12_var,shuffle,decorr,10,0.418381,0.411064,0.007317,-0.0185144,0.0331484,1.0178,0.269164,-0.611319,1.14965,0.257791,0.601868,15.5594,0.555931,,57,0.491354,0.623176,-0.14,
ring_pc12_var,shuffle,conf25,10,0.418381,0.451078,-0.0326965,-0.0670522,0.00165916,0.927515,-0.921646,-1.84353,0.000236974,-0.882703,-2.06086,12.7072,0.0603985,,27,-1.70084,0.088973,0.46,
ring_pc12_var,shuffle,conf50,10,0.418381,0.404404,0.0139771,-0.00925691,0.0372111,1.03456,0.568033,-0.325991,1.46206,0.544032,1.27016,16.8366,0.221301,,65,1.0961,0.273036,-0.3,
ring_pc12_var,shuffle,conf75,10,0.418381,0.417081,0.0013005,-0.0281054,0.0307064,1.00312,0.0423918,-0.834229,0.919013,0.0406006,0.0947909,14.1016,0.925815,,53,0.188982,0.850107,-0.06,
ring_pc12_var,randmat,decorr,10,0.410719,0.411064,-0.0003455,-0.03771,0.037019,0.999159,-0.00875912,-0.885286,0.867768,-0.00838902,-0.019586,16.1649,0.984613,,45,-0.340168,0.73373,0.1,
ring_pc12_var,randmat,conf25,10,0.410719,0.451078,-0.040359,-0.0831628,0.00244477,0.910528,-0.885898,-1.80441,0.0326135,-0.848465,-1.98093,17.9999,0.0630891,,23,-2.00321,0.0451546,0.54,
ring_pc12_var,randmat,conf50,10,0.410719,0.404404,0.0063146,-0.0296712,0.0423004,1.01561,0.167433,-0.710624,1.04549,0.160358,0.374392,14.829,0.713412,,46,-0.264575,0.791337,0.08,
ring_pc12_var,randmat,conf75,10,0.410719,0.417081,-0.006362,-0.0458519,0.0331279,0.984746,-0.151733,-1.02952,0.72605,-0.145321,-0.339284,17.4156,0.738452,,40,-0.718132,0.472676,0.2,
ring_pc12_var,decorr,conf25,10,0.411064,0.451078,-0.0400135,-0.0773186,-0.00270836,0.911294,-1.01594,-1.94729,-0.084588,-0.973012,-2.27171,16.1843,0.0370876,,24,-1.92762,0.0539026,0.52,
ring_pc12_var,decorr,conf50,10,0.411064,0.404404,0.0066601,-0.0215422,0.0348624,1.01647,0.222233,-0.656991,1.10146,0.212843,0.496929,17.6108,0.625386,,57,0.491354,0.623176,-0.14,
ring_pc12_var,decorr,conf75,10,0.411064,0.417081,-0.0060165,-0.039083,0.02705,0.985575,-0.171284,-1.04941,0.706844,-0.164047,-0.383003,17.5294,0.706322,,45,-0.340168,0.73373,0.1,
ring_pc12_var,conf25,conf50,10,0.451078,0.404404,0.0466736,0.0107508,0.0825964,1.11541,1.23959,0.28258,2.19659,1.18721,2.7718,14.8488,0.014352,,84,2.53236,0.0113297,-0.68,
ring_pc12_var,conf25,conf75,10,0.451078,0.417081,0.033997,-0.00543848,0.0734325,1.08151,0.811895,-0.100024,1.72381,0.777589,1.81545,17.4288,0.0867001,,74,1.77643,0.0756616,-0.48,
ring_pc12_var,conf50,conf75,10,0.404404,0.417081,-0.0126766,-0.0440519,0.0186987,0.969606,-0.382161,-1.26665,0.502326,-0.366013,-0.854538,16.4673,0.405068,,44,-0.415761,0.677585,0.12,
ring_loop,rest,flow,10,1,0.133333,0.866667,0.830139,0.903195,7.5,24.0029,16.513,31.4928,22.9887,53.6722,9,1.36015e-12,,100,4.00494,6.20335e-05,-1,
ring_loop,rest,self,10,1,0.166667,0.833333,0.800832,0.865834,6,25.9393,17.8531,34.0254,24.8432,58.0019,9,6.77863e-13,,100,4.00149,6.29439e-05,-1,0.000249938
ring_loop,rest,shuffle,10,1,0.0986667,0.901333,0.873635,0.929032,10.1351,32.9202,22.6807,43.1597,31.5292,73.6118,9,7.96887e-14,,100,3.99977,6.34029e-05,-1,
ring_loop,rest,randmat,10,1,0.154667,0.845333,0.822874,0.867792,6.46552,38.0782,26.2454,49.9111,36.4693,85.1455,9,2.15382e-14,,100,4.00839,6.11334e-05,-1,
ring_loop,rest,decorr,10,1,0.116,0.884,0.865571,0.902429,8.62069,48.5266,33.4628,63.5903,46.4761,108.509,9,2.43407e-15,,100,4.00149,6.29439e-05,-1,
ring_loop,rest,conf25,10,1,0.145333,0.854667,0.827521,0.881812,6.88074,31.8517,21.9421,41.7613,30.5059,71.2226,9,1.07192e-13,,100,4.00149,6.29439e-05,-1,
ring_loop,rest,conf50,10,1,0.118,0.882,0.853647,0.910353,8.47458,31.4713,21.6791,41.2635,30.1415,70.3719,9,1.19413e-13,,100,4.00149,6.29439e-05,-1,
ring_loop,rest,conf75,10,1,0.104,0.896,0.86435,0.92765,9.61539,28.6397,19.7212,37.5583,27.4296,64.0404,9,2.78541e-13,,100,3.99977,6.34029e-05,-1,
ring_loop,flow,self,10,0.133333,0.166667,-0.0333334,-0.0787865,0.0121197,0.8,-0.689703,-1.59191,0.212503,-0.660561,-1.54222,17.7599,0.140649,0.140649,29,-1.55434,0.120104,0.42,0.132717
ring_loop,flow,shuffle,10,0.133333,0.0986667,0.0346666,-0.00813156,0.0774648,1.35135,0.765038,-0.142982,1.67306,0.732712,1.71068,16.7783,0.105565,,67.5,1.29141,0.196563,-0.35,
ring_loop,flow,randmat,10,0.133333,0.154667,-0.0213334,-0.0617467,0.0190799,0.862069,-0.503318,-1.39361,0.386975,-0.482051,-1.12545,14.9537,0.278137,,30,-1.48357,0.137922,0.4,
ring_loop,flow,decorr,10,0.133333,0.116,0.0173334,-0.0216491,0.0563159,1.14943,0.428599,-0.45793,1.31513,0.410489,0.958377,13.303,0.354968,,57,0.492838,0.622127,-0.14,
ring_loop,flow,conf25,10,0.133333,0.145333,-0.012,-0.05452,0.03052,0.917431,-0.266753,-1.14716,0.61366,-0.255481,-0.596477,16.6175,0.558896,,41.5,-0.610977,0.541215,0.17,
ring_loop,flow,conf50,10,0.133333,0.118,0.0153333,-0.0278014,0.058468,1.12994,0.33547,-0.547196,1.21814,0.321295,0.750134,16.9565,0.463456,,59.5,0.682134,0.495155,-0.19,
ring_loop,flow,conf75,10,0.133333,0.104,0.0293334,-0.0156195,0.0742863,1.28205,0.61399,-0.282947,1.51093,0.588046,1.37292,17.6425,0.186977,,65.5,1.13861,0.254865,-0.31,
ring_loop,self,shuffle,10,0.166667,0.0986667,0.068,0.0282691,0.107731,1.68919,1.61097,0.602246,2.6197,1.5429,3.60224,17.5587,0.00210501,0.00631504,86,2.68861,0.0071751,-0.72,0.00324919
ring_loop,self,randmat,10,0.166667,0.154667,0.012,-0.0250219,0.049022,1.07759,0.307296,-0.574385,1.18898,0.294311,0.687134,15.9992,0.501838,,69,1.40642,0.159599,-0.38,0.495376
ring_loop,self,decorr,10,0.166667,0.116,0.0506668,0.0152998,0.0860337,1.43678,1.3719,0.397714,2.34609,1.31393,3.06767,14.2453,0.00821199,0.016424,82,2.38657,0.0170066,-0.64,0.00749813
ring_loop,self,conf25,10,0.166667,0.145333,0.0213334,-0.0180844,0.0607512,1.14679,0.509662,-0.380977,1.4003,0.488127,1.13964,17.4464,0.269843,,67.5,1.2875,0.19792,-0.35,0.250187
ring_loop,self,conf50,10,0.166667,0.118,0.0486667,0.0085579,0.0887755,1.41243,1.14154,0.196321,2.08676,1.09331,2.55256,17.6745,0.0201824,,79,2.16009,0.0307657,-0.58,0.0197451
ring_loop,self,conf75,10,0.166667,0.104,0.0626668,0.0205322,0.104801,1.60257,1.39748,0.419807,2.37516,1.33843,3.12486,17.9873,0.00585574,,80.5,2.27378,0.0229793,-0.61,0.00649838
ring_loop,shuffle,randmat,10,0.0986667,0.154667,-0.056,-0.0892199,-0.0227801,0.637931,-1.58872,-2.59405,-0.583385,-1.52159,-3.55248,17.2626,0.00240065,,11,-2.92688,0.00342383,0.78,
ring_loop,shuffle,decorr,10,0.0986667,0.116,-0.0173333,-0.0485654,0.0138989,0.850575,-0.527073,-1.41868,0.364538,-0.504803,-1.17857,15.6627,0.256164,,34,-1.17657,0.239369,0.32,
ring_loop,shuffle,conf25,10,0.0986667,0.145333,-0.0466666,-0.0826863,-0.0106469,0.678899,-1.21732,-2.17157,-0.263061,-1.16588,-2.722,17.9927,0.0139856,,21,-2.15927,0.030829,0.58,
ring_loop,shuffle,conf50,10,0.0986667,0.118,-0.0193333,-0.0561466,0.01748,0.836158,-0.49345,-1.38321,0.396311,-0.4726,-1.10339,17.9902,0.2844,,36.5,-0.986423,0.323926,0.27,
ring_loop,shuffle,conf75,10,0.0986667,0.104,-0.00533323,-0.0444437,0.0337773,0.948719,-0.128283,-1.00571,0.749141,-0.122863,-0.28685,17.6891,0.77756,,46.5,-0.227464,0.820063,0.07,
ring_loop,randmat,decorr,10,0.154667,0.116,0.0386667,0.0116111,0.0657224,1.33333,1.34646,0.375684,2.31723,1.28956,3.01077,17.3393,0.00774258,,85,2.62578,0.00864497,-0.7,
ring_loop,randmat,conf25,10,0.154667,0.145333,0.0093334,-0.0234699,0.0421367,1.06422,0.268003,-0.612445,1.14845,0.256679,0.599274,17.39,0.556718,,60.5,0.759939,0.447291,-0.21,
ring_loop,randmat,conf50,10,0.154667,0.118,0.0366667,0.00294809,0.0703853,1.31073,1.02556,0.0931966,1.95792,0.982226,2.29322,17.1038,0.0347718,,80,2.23927,0.0251384,-0.6,
ring_loop,randmat,conf75,10,0.154667,0.104,0.0506668,0.0143401,0.0869934,1.48718,1.32077,0.353395,2.28815,1.26497,2.95334,16.2303,0.00923606,,88.5,2.88121,0.00396154,-0.77,
ring_loop,decorr,conf25,10,0.116,0.145333,-0.0293333,-0.0601055,0.00143882,0.798165,-0.904452,-1.8247,0.0157942,-0.866236,-2.02242,15.8427,0.0603522,,27,-1.70662,0.0878919,0.46,
ring_loop,decorr,conf50,10,0.116,0.118,-0.00200004,-0.0337808,0.0297807,0.983051,-0.0598352,-0.936554,0.816883,-0.057307,-0.133796,15.4532,0.895291,,52,0.114252,0.909038,-0.04,
ring_loop,decorr,conf75,10,0.116,0.104,0.012,-0.0226182,0.0466183,1.11539,0.33147,-0.551051,1.21399,0.317465,0.74119,14.4737,0.470434,,62,0.874595,0.381794,-0.24,
ring_loop,conf25,conf50,10,0.145333,0.118,0.0273333,-0.00912642,0.063793,1.23164,0.70447,-0.198831,1.60777,0.674704,1.57524,17.9661,0.132645,,72.5,1.66996,0.0949265,-0.45,
ring_loop,conf25,conf75,10,0.145333,0.104,0.0413334,0.00254394,0.0801228,1.39744,1.00285,0.0728612,1.93284,0.960475,2.24244,17.5918,0.0380763,,78.5,2.12219,0.0338215,-0.57,
ring_loop,conf50,conf75,10,0.118,0.104,0.0140001,-0.0254977,0.0534978,1.13462,0.333317,-0.549271,1.2159,0.319233,0.745319,17.7864,0.465815,,58.5,0.607721,0.543373,-0.17,
ring_track_gain_yaw,rest,flow,10,0,2.69116,-2.69116,-3.01637,-2.36595,0,-8.37172,-11.1102,-5.63328,-8.01799,-18.7197,9,1.62596e-08,,0,-3.99806,6.38644e-05,1,
ring_track_gain_yaw,rest,self,10,0,2.41066,-2.41066,-2.70847,-2.11286,0,-8.18919,-10.8741,-5.50428,-7.84317,-18.3116,9,1.97365e-08,,0,-3.99806,6.38644e-05,1,0.000249938
ring_track_gain_yaw,rest,shuffle,10,0,2.29372,-2.29372,-2.60258,-1.98485,0,-7.51284,-10.0006,-5.0251,-7.1954,-16.7992,9,4.20224e-08,,0,-3.99806,6.38644e-05,1,
ring_track_gain_yaw,rest,randmat,10,0,2.29103,-2.29103,-2.76944,-1.81262,0,-4.84474,-6.58324,-3.10623,-4.64003,-10.8332,9,1.83117e-06,,0,-3.99806,6.38644e-05,1,
ring_track_gain_yaw,rest,decorr,10,0,2.18613,-2.18613,-2.76878,-1.60349,0,-3.79588,-5.26287,-2.32889,-3.63549,-8.48784,9,1.37524e-05,,0,-3.99806,6.38644e-05,1,
ring_track_gain_yaw,rest,conf25,10,0,1.97052,-1.97052,-2.48735,-1.45369,0,-3.85716,-5.33943,-2.3749,-3.69419,-8.62488,9,1.20786e-05,,0,-3.99806,6.38644e-05,1,
ring_track_gain_yaw,rest,conf50,10,0,2.27081,-2.27081,-2.83771,-1.7039,0,-4.05235,-5.5838,-2.52089,-3.88112,-9.06133,9,8.07639e-06,,0,-3.99806,6.38644e-05,1,
ring_track_gain_yaw,rest,conf75,10,0,2.32497,-2.32497,-2.70295,-1.947,0,-6.22298,-8.34131,-4.10464,-5.96004,-13.915,9,2.16161e-07,,0,-3.99806,6.38644e-05,1,
ring_track_gain_yaw,flow,self,10,2.69116,2.41066,0.280493,-0.129267,0.690253,1.11636,0.643513,-0.25541,1.54243,0.616322,1.43894,17.8623,0.167461,0.502384,65,1.0961,0.273036,-0.3,0.164459
ring_track_gain_yaw,flow,shuffle,10,2.69116,2.29372,0.397441,-0.0191796,0.814062,1.17327,0.896478,-0.0230187,1.81597,0.858598,2.00459,17.9524,0.0603286,,71,1.54965,0.121225,-0.42,
ring_track_gain_yaw,flow,randmat,10,2.69116,2.29103,0.400127,-0.142379,0.942633,1.17465,0.699761,-0.203188,1.60271,0.670194,1.56471,15.8541,0.137389,,69,1.39847,0.161972,-0.38,
ring_track_gain_yaw,flow,decorr,10,2.69116,2.18613,0.505024,-0.127144,1.13719,1.23101,0.765695,-0.142378,1.67377,0.733342,1.71215,14.1117,0.108747,,65,1.0961,0.273036,-0.3,
ring_track_gain_yaw,flow,conf25,10,2.69116,1.97052,0.720636,0.145813,1.29546,1.36571,1.19391,0.242496,2.14532,1.14346,2.66966,15.161,0.0173691,,80,2.22999,0.0257481,-0.6,
ring_track_gain_yaw,flow,conf50,10,2.69116,2.27081,0.42035,-0.197909,1.03861,1.18511,0.650672,-0.248746,1.55009,0.623178,1.45495,14.3446,0.167217,,68,1.32288,0.185877,-0.36,
ring_track_gain_yaw,flow,conf75,10,2.69116,2.32497,0.366182,-0.0976395,0.830003,1.1575,0.742959,-0.163299,1.64922,0.711566,1.66131,17.6079,0.114352,,70,1.47406,0.140465,-0.4,
ring_track_gain_yaw,self,shuffle,10,2.41066,2.29372,0.116948,-0.281564,0.51546,1.05099,0.275752,-0.604927,1.15643,0.2641,0.616599,17.9761,0.54523,0.902181,57,0.491354,0.623176,-0.14,0.548613
ring_track_gain_yaw,self,randmat,10,2.41066,2.29103,0.119634,-0.411135,0.650403,1.05222,0.214772,-0.664274,1.09382,0.205697,0.480245,15.0644,0.637952,,59,0.64254,0.520523,-0.18,0.629343
ring_track_gain_yaw,self,decorr,10,2.41066,2.18613,0.224531,-0.398466,0.847527,1.10271,0.347145,-0.535955,1.23024,0.332476,0.776239,13.4021,0.45109,0.902181,57,0.491354,0.623176,-0.14,0.474131
ring_track_gain_yaw,self,conf25,10,2.41066,1.97052,0.440143,-0.123993,1.00428,1.22336,0.746492,-0.160044,1.65303,0.714951,1.66921,14.383,0.11669,,71,1.54965,0.121225,-0.42,0.105224
ring_track_gain_yaw,self,conf50,10,2.41066,2.27081,0.139857,-0.468898,0.748611,1.06159,0.220949,-0.658244,1.10014,0.211613,0.494057,13.6158,0.629141,,62,0.869318,0.384673,-0.24,0.619595
ring_track_gain_yaw,self,conf75,10,2.41066,2.32497,0.085689,-0.36297,0.534348,1.03686,0.180153,-0.698146,1.05845,0.17254,0.402833,17.0659,0.692072,,51,0.0377964,0.96985,-0.02,0.686328
ring_track_gain_yaw,shuffle,randmat,10,2.29372,2.29103,0.002686,-0.532673,0.538045,1.00117,0.00477186,-0.871752,0.881296,0.00457023,0.0106702,15.3922,0.991624,,49,-0.0377964,0.96985,0.02,
ring_track_gain_yaw,shuffle,decorr,10,2.29372,2.18613,0.107583,-0.518989,0.734155,1.04921,0.165044,-0.712969,1.04306,0.15807,0.36905,13.6882,0.717736,,49,-0.0377964,0.96985,0.02,
ring_track_gain_yaw,shuffle,conf25,10,2.29372,1.97052,0.323195,-0.245115,0.891505,1.16401,0.543048,-0.349483,1.43558,0.520103,1.21429,14.7014,0.243782,,66,1.17169,0.241322,-0.32,
ring_track_gain_yaw,shuffle,conf50,10,2.29372,2.27081,0.0229088,-0.589552,0.63537,1.01009,0.0358993,-0.840694,0.912492,0.0343824,0.0802732,13.9105,0.937163,,55,0.340168,0.73373,-0.1,
ring_track_gain_yaw,shuffle,conf75,10,2.29372,2.32497,-0.031259,-0.485881,0.423363,0.986555,-0.0647868,-0.941539,0.811966,-0.0620493,-0.144868,17.313,0.886489,,43,-0.491354,0.623176,0.14,
ring_track_gain_yaw,randmat,decorr,10,2.29103,2.18613,0.104897,-0.597163,0.806956,1.04798,0.140765,-0.736843,1.01837,0.134817,0.314759,17.3433,0.7567,,51,0.0377964,0.96985,-0.02,
ring_track_gain_yaw,randmat,conf25,10,2.29103,1.97052,0.320509,-0.33384,0.974858,1.16265,0.460406,-0.427653,1.34847,0.440952,1.0295,17.8936,0.316961,,65,1.0961,0.273036,-0.3,
ring_track_gain_yaw,randmat,conf50,10,2.29103,2.27081,0.0202228,-0.670097,0.710543,1.00891,0.0275801,-0.848984,0.904144,0.0264148,0.061671,17.5052,0.951523,,51,0.0377964,0.96985,-0.02,
ring_track_gain_yaw,randmat,conf75,10,2.29103,2.32497,-0.033945,-0.602371,0.534481,0.9854,-0.0563244,-0.933021,0.820372,-0.0539445,-0.125945,17.0853,0.901246,,52,0.113389,0.909722,-0.04,
ring_track_gain_yaw,decorr,conf25,10,2.18613,1.97052,0.215612,-0.508453,0.939677,1.10942,0.280068,-0.600741,1.16088,0.268234,0.626252,17.7475,0.539122,,61,0.793725,0.427355,-0.22,
ring_track_gain_yaw,decorr,conf50,10,2.18613,2.27081,-0.084674,-0.839703,0.670355,0.962712,-0.105374,-0.982505,0.771756,-0.100922,-0.235624,17.9865,0.816386,,53,0.188982,0.850107,-0.06,
ring_track_gain_yaw,decorr,conf75,10,2.18613,2.32497,-0.138842,-0.791612,0.513929,0.940282,-0.202248,-1.08101,0.676513,-0.193702,-0.45224,15.4353,0.657387,,46,-0.264575,0.791337,0.08,
ring_track_gain_yaw,conf25,conf50,10,1.97052,2.27081,-0.300286,-1.01318,0.412608,0.867762,-0.396004,-1.28108,0.489067,-0.379272,-0.885493,17.8482,0.387665,,40,-0.718132,0.472676,0.2,
ring_track_gain_yaw,conf25,conf75,10,1.97052,2.32497,-0.354454,-0.953052,0.244144,0.847545,-0.560038,-1.45358,0.333502,-0.536374,-1.25228,16.4857,0.227942,,33,-1.24728,0.212294,0.34,
ring_track_gain_yaw,conf50,conf75,10,2.27081,2.32497,-0.0541678,-0.693733,0.585398,0.976702,-0.0804277,-0.957305,0.796449,-0.0770293,-0.179842,15.6812,0.85958,,41,-0.64254,0.520523,0.18,
ring_lag_yaw_deg,rest,flow,10,0,-59.1298,59.1298,49.8967,68.363,-0,6.47878,4.28803,8.66954,6.20503,14.487,9,1.5256e-07,,100,3.99806,6.38644e-05,-1,
ring_lag_yaw_deg,rest,self,10,0,-71.6145,71.6145,63.6664,79.5625,-0,9.11545,6.15773,12.0732,8.73029,20.3828,9,7.68104e-09,,100,3.99806,6.38644e-05,-1,0.000249938
ring_lag_yaw_deg,rest,shuffle,10,0,-57.8053,57.8053,52.4567,63.154,-0,10.9336,7.43376,14.4334,10.4716,24.4483,9,1.53491e-09,,100,3.99806,6.38644e-05,-1,
ring_lag_yaw_deg,rest,randmat,10,0,-63.7923,63.7923,50.1021,77.4825,-0,4.71408,3.01042,6.41775,4.5149,10.541,9,2.30398e-06,,100,3.99806,6.38644e-05,-1,
ring_lag_yaw_deg,rest,decorr,10,0,-64.6235,64.6235,47.089,82.158,-0,3.72851,2.27821,5.17881,3.57097,8.3372,9,1.58921e-05,,100,3.99806,6.38644e-05,-1,
ring_lag_yaw_deg,rest,conf25,10,0,-70.2884,70.2884,56.5307,84.0461,-0,5.16864,3.34274,6.99453,4.95024,11.5574,9,1.05979e-06,,100,3.99806,6.38644e-05,-1,
ring_lag_yaw_deg,rest,conf50,10,0,-64.7366,64.7366,51.5311,77.9421,-0,4.95944,3.19015,6.72874,4.74989,11.0896,9,1.50337e-06,,100,3.99806,6.38644e-05,-1,
ring_lag_yaw_deg,rest,conf75,10,0,-73.5935,73.5935,56.7059,90.4812,-0,4.40867,2.78544,6.03191,4.22239,9.85809,9,4.02977e-06,,100,3.99806,6.38644e-05,-1,
ring_lag_yaw_deg,flow,self,10,-59.1298,-71.6145,12.4846,1.1521,23.8172,0.825669,1.03672,0.103176,1.97027,0.992919,2.31818,17.6103,0.0326924,0.0653848,78,2.0788,0.0376353,-0.56,0.0354911
ring_lag_yaw_deg,flow,shuffle,10,-59.1298,-57.8053,-1.32449,-11.4132,8.76422,1.02291,-0.125575,-1.00296,0.751811,-0.120269,-0.280794,14.4289,0.782855,,43,-0.491354,0.623176,0.14,
ring_lag_yaw_deg,flow,randmat,10,-59.1298,-63.7923,4.66246,-10.8292,20.1541,0.926912,0.285649,-0.595332,1.16663,0.273579,0.63873,15.784,0.532158,,61,0.793725,0.427355,-0.22,
ring_lag_yaw_deg,flow,decorr,10,-59.1298,-64.6235,5.4937,-13.3424,24.3298,0.914989,0.280457,-0.600364,1.16128,0.268607,0.627121,13.6347,0.540939,,57,0.491354,0.623176,-0.14,
ring_lag_yaw_deg,flow,conf25,10,-59.1298,-70.2884,11.1586,-4.3892,26.7063,0.841246,0.681326,-0.220268,1.58292,0.652538,1.52349,15.7401,0.147473,,67,1.24728,0.212294,-0.34,
ring_lag_yaw_deg,flow,conf50,10,-59.1298,-64.7366,5.60679,-9.48542,20.699,0.913391,0.352021,-0.531264,1.23531,0.337147,0.787144,16.1022,0.44263,,62,0.869318,0.384673,-0.24,
ring_lag_yaw_deg,flow,conf75,10,-59.1298,-73.5935,14.4637,-3.79208,32.7195,0.803465,0.760249,-0.147385,1.66788,0.728126,1.69997,13.9393,0.111331,,68,1.32288,0.185877,-0.36,
ring_lag_yaw_deg,self,shuffle,10,-71.6145,-57.8053,-13.8091,-22.7978,-4.82048,1.23889,-1.45825,-2.44441,-0.472088,-1.39663,-3.26074,15.7643,0.00498783,0.0149635,14,-2.68355,0.00728456,0.72,0.00549863
ring_lag_yaw_deg,self,randmat,10,-71.6145,-63.7923,-7.82217,-22.7874,7.14304,1.12262,-0.499898,-1.39001,0.390209,-0.478776,-1.11781,14.4481,0.281893,,36,-1.0205,0.307489,0.28,0.273182
ring_lag_yaw_deg,self,decorr,10,-71.6145,-64.6235,-6.99093,-25.4439,11.462,1.10818,-0.367369,-1.25125,0.516516,-0.351846,-0.821462,12.5485,0.426715,0.426715,39,-0.793725,0.427355,0.22,0.406148
ring_lag_yaw_deg,self,conf25,10,-71.6145,-70.2884,-1.32606,-16.3505,13.6984,1.01887,-0.084434,-0.961347,0.792479,-0.0808663,-0.1888,14.4055,0.852884,,41,-0.64254,0.520523,0.18,0.857536
ring_lag_yaw_deg,self,conf50,10,-71.6145,-64.7366,-6.87784,-21.4204,7.66471,1.10624,-0.451446,-1.33906,0.436171,-0.432371,-1.00946,14.7641,0.32901,,41,-0.64254,0.520523,0.18,0.332167
ring_lag_yaw_deg,self,conf75,10,-71.6145,-73.5935,1.97908,-15.8739,19.832,0.973108,0.107271,-0.769881,0.984424,0.102739,0.239866,12.8006,0.814232,,49,-0.0377964,0.96985,0.02,0.807798
ring_lag_yaw_deg,shuffle,randmat,10,-57.8053,-63.7923,5.98695,-8.21189,20.1858,0.906149,0.412086,-0.473691,1.29786,0.394674,0.921452,11.685,0.375447,,64,1.0205,0.307489,-0.28,
ring_lag_yaw_deg,shuffle,decorr,10,-57.8053,-64.6235,6.81819,-11.0878,24.7241,0.894494,0.376265,-0.507979,1.26051,0.360367,0.841355,10.6605,0.418622,,60,0.718132,0.472676,-0.2,
ring_lag_yaw_deg,shuffle,conf25,10,-57.8053,-70.2884,12.4831,-1.78007,26.7462,0.822402,0.855556,-0.0601888,1.7713,0.819406,1.91308,11.6599,0.080605,,73,1.70084,0.088973,-0.46,
ring_lag_yaw_deg,shuffle,conf50,10,-57.8053,-64.7366,6.93128,-6.80734,20.6699,0.892931,0.492165,-0.397529,1.38186,0.471369,1.10051,11.8755,0.292916,,66,1.17169,0.241322,-0.32,
ring_lag_yaw_deg,shuffle,conf75,10,-57.8053,-73.5935,15.7882,-1.48871,33.0651,0.785468,0.90166,-0.0183225,1.82164,0.863562,2.01617,10.7876,0.0693722,,74,1.77643,0.0756616,-0.48,
ring_lag_yaw_deg,randmat,decorr,10,-63.7923,-64.6235,0.83124,-19.9165,21.579,0.987137,0.037802,-0.838799,0.914403,0.0362047,0.0845278,16.9998,0.933624,,52,0.113389,0.909722,-0.04,
ring_lag_yaw_deg,randmat,conf25,10,-63.7923,-70.2884,6.49611,-11.5292,24.5214,0.907579,0.338607,-0.544174,1.22139,0.3243,0.757149,17.9996,0.458758,,57,0.491354,0.623176,-0.14,
ring_lag_yaw_deg,randmat,conf50,10,-63.7923,-64.7366,0.94433,-16.7228,18.6114,0.985413,0.0502254,-0.826435,0.926886,0.0481032,0.112307,17.9767,0.911824,,51,0.0377964,0.96985,-0.02,
ring_lag_yaw_deg,randmat,conf75,10,-63.7923,-73.5935,9.80125,-10.4511,30.0536,0.866819,0.456106,-0.43174,1.34395,0.436834,1.01988,17.2613,0.321866,,61,0.793725,0.427355,-0.22,
ring_lag_yaw_deg,decorr,conf25,10,-64.6235,-70.2884,5.66487,-15.1184,26.4481,0.919405,0.257138,-0.622999,1.13728,0.246273,0.574978,17.0356,0.572822,,58,0.566947,0.57075,-0.16,
ring_lag_yaw_deg,decorr,conf50,10,-64.6235,-64.7366,0.11309,-20.3853,20.6115,0.998253,0.00521205,-0.871312,0.881736,0.00499182,0.0116545,16.7244,0.990839,,53,0.188982,0.850107,-0.06,
ring_lag_yaw_deg,decorr,conf75,10,-64.6235,-73.5935,8.97001,-13.6416,31.5816,0.878114,0.372761,-0.511341,1.25686,0.357011,0.83352,17.9746,0.415491,,60,0.718132,0.472676,-0.2,
ring_lag_yaw_deg,conf25,conf50,10,-70.2884,-64.7366,-5.55178,-23.2646,12.161,1.08576,-0.294525,-1.17579,0.586737,-0.282081,-0.658579,17.9699,0.518516,,45,-0.340168,0.73373,0.1,
ring_lag_yaw_deg,conf25,conf75,10,-70.2884,-73.5935,3.30514,-16.984,23.5943,0.955089,0.153506,-0.724307,1.03132,0.14702,0.343249,17.2932,0.735549,,53,0.188982,0.850107,-0.06,
ring_lag_yaw_deg,conf50,conf75,10,-64.7366,-73.5935,8.85692,-11.1362,28.85,0.879651,0.417966,-0.468076,1.30401,0.400305,0.934599,17.0111,0.363073,,61,0.793725,0.427355,-0.22,
ring_track_gain_head,rest,flow,10,0,0.541596,-0.541596,-0.60563,-0.477562,0,-8.55667,-11.3495,-5.76387,-8.19512,-19.1333,9,1.34154e-08,,0,-3.99806,6.38644e-05,1,
ring_track_gain_head,rest,self,10,0,0.485377,-0.485377,-0.544311,-0.426442,0,-8.33192,-11.0587,-5.60516,-7.97987,-18.6307,9,1.69556e-08,,0,-3.99806,6.38644e-05,1,0.000249938
ring_track_gain_head,rest,shuffle,10,0,0.461447,-0.461447,-0.522106,-0.400789,0,-7.69602,-10.237,-5.15507,-7.37084,-17.2088,9,3.40336e-08,,0,-3.99806,6.38644e-05,1,
ring_track_gain_head,rest,randmat,10,0,0.461545,-0.461545,-0.558159,-0.36493,0,-4.83291,-6.56825,-3.09756,-4.6287,-10.8067,9,1.86923e-06,,0,-3.99806,6.38644e-05,1,
ring_track_gain_head,rest,decorr,10,0,0.440647,-0.440647,-0.557796,-0.323497,0,-3.8053,-5.27463,-2.33597,-3.64451,-8.5089,9,1.34794e-05,,0,-3.99806,6.38644e-05,1,
ring_track_gain_head,rest,conf25,10,0,0.397462,-0.397462,-0.502327,-0.292598,0,-3.83446,-5.31105,-2.35787,-3.67244,-8.57412,9,1.2671e-05,,0,-3.99806,6.38644e-05,1,
ring_track_gain_head,rest,conf50,10,0,0.455805,-0.455805,-0.566858,-0.344752,0,-4.15227,-5.70922,-2.59532,-3.97682,-9.28476,9,6.61278e-06,,0,-3.99806,6.38644e-05,1,
ring_track_gain_head,rest,conf75,10,0,0.468223,-0.468223,-0.544573,-0.391873,0,-6.20413,-8.31715,-4.09111,-5.94198,-13.8729,9,2.21898e-07,,0,-3.99806,6.38644e-05,1,
ring_track_gain_head,flow,self,10,0.541596,0.485377,0.0562195,-0.024644,0.137083,1.11583,0.653541,-0.246076,1.55316,0.625927,1.46136,17.8775,0.161271,0.483812,67,1.24728,0.212294,-0.34,0.15946
ring_track_gain_head,flow,shuffle,10,0.541596,0.461447,0.0801487,-0.00178498,0.162082,1.17369,0.919285,-0.00237174,1.84094,0.880442,2.05558,17.9475,0.0546695,,71,1.54965,0.121225,-0.42,
ring_track_gain_head,flow,randmat,10,0.541596,0.461545,0.0800515,-0.0287786,0.188882,1.17344,0.698704,-0.204167,1.60157,0.669181,1.56235,15.6279,0.138226,,71,1.54965,0.121225,-0.42,
ring_track_gain_head,flow,decorr,10,0.541596,0.440647,0.100949,-0.0256848,0.227584,1.22909,0.764955,-0.143059,1.67297,0.732633,1.71049,13.9372,0.109332,,67,1.24728,0.212294,-0.34,
ring_track_gain_head,flow,conf25,10,0.541596,0.397462,0.144134,0.0282906,0.259977,1.36263,1.18675,0.236198,2.1373,1.1366,2.65365,14.8924,0.018143,,80,2.22999,0.0257481,-0.6,
ring_track_gain_head,flow,conf50,10,0.541596,0.455805,0.085791,-0.0354422,0.207024,1.18822,0.677048,-0.224237,1.57833,0.64844,1.51392,14.3888,0.151699,,69,1.39847,0.161972,-0.38,
ring_track_gain_head,flow,conf75,10,0.541596,0.468223,0.0733729,-0.0193739,0.16612,1.1567,0.744914,-0.161497,1.65133,0.713439,1.66568,17.4703,0.113606,,69,1.39847,0.161972,-0.38,
ring_track_gain_head,self,shuffle,10,0.485377,0.461447,0.0239292,-0.0546217,0.10248,1.05186,0.286239,-0.594761,1.16724,0.274144,0.640049,17.9851,0.530211,0.907726,58,0.566947,0.57075,-0.16,0.534366
ring_track_gain_head,self,randmat,10,0.485377,0.461545,0.023832,-0.082873,0.130537,1.05164,0.213041,-0.665965,1.09205,0.204039,0.476374,14.8832,0.640726,,57,0.491354,0.623176,-0.14,0.630092
ring_track_gain_head,self,decorr,10,0.485377,0.440647,0.0447299,-0.0802386,0.169698,1.10151,0.345069,-0.537952,1.22809,0.330489,0.771598,13.2813,0.453863,0.907726,58,0.566947,0.57075,-0.16,0.477631
ring_track_gain_head,self,conf25,10,0.485377,0.397462,0.0879141,-0.0260077,0.201836,1.22119,0.739372,-0.166604,1.64535,0.708131,1.65329,14.1696,0.120249,,70,1.47406,0.140465,-0.4,0.105224
ring_track_gain_head,self,conf50,10,0.485377,0.455805,0.0295715,-0.0898759,0.149019,1.06488,0.237957,-0.641662,1.11758,0.227902,0.532088,13.6968,0.60319,,63,0.944911,0.344704,-0.26,0.597601
ring_track_gain_head,self,conf75,10,0.485377,0.468223,0.0171534,-0.072836,0.107143,1.03664,0.179922,-0.698372,1.05822,0.17232,0.402318,16.915,0.692488,,53,0.188982,0.850107,-0.06,0.688578
ring_track_gain_head,shuffle,randmat,10,0.461447,0.461545,-9.72e-05,-0.107497,0.107303,0.999789,-0.000861987,-0.877385,0.875661,-0.000825565,-0.00192746,15.1411,0.998487,,49,-0.0377964,0.96985,0.02,
ring_track_gain_head,shuffle,decorr,10,0.461447,0.440647,0.0208007,-0.104711,0.146312,1.04721,0.159514,-0.718401,1.03743,0.152774,0.356684,13.5023,0.726841,,47,-0.188982,0.850107,0.06,
ring_track_gain_head,shuffle,conf25,10,0.461447,0.397462,0.0639849,-0.0505641,0.178534,1.16098,0.53433,-0.357696,1.42636,0.511753,1.1948,14.4164,0.251452,,66,1.17169,0.241322,-0.32,
ring_track_gain_head,shuffle,conf50,10,0.461447,0.455805,0.0056423,-0.114388,0.125672,1.01238,0.0451094,-0.831525,0.921743,0.0432034,0.100868,13.9313,0.921093,,54,0.264575,0.791337,-0.08,
ring_track_gain_head,shuffle,conf75,10,0.461447,0.468223,-0.0067758,-0.0976718,0.0841202,0.985529,-0.0702967,-0.94709,0.806497,-0.0673264,-0.157188,17.1246,0.876935,,45,-0.340168,0.73373,0.1,
ring_track_gain_head,randmat,decorr,10,0.461545,0.440647,0.0208979,-0.120496,0.162292,1.04743,0.139228,-0.738356,1.01681,0.133345,0.311323,17.3705,0.75926,,51,0.0377964,0.96985,-0.02,
ring_track_gain_head,randmat,conf25,10,0.461545,0.397462,0.0640821,-0.0684054,0.19657,1.16123,0.454669,-0.433107,1.34244,0.435457,1.01667,17.8805,0.322871,,65,1.0961,0.273036,-0.3,
ring_track_gain_head,randmat,conf50,10,0.461545,0.455805,0.0057395,-0.131155,0.142634,1.01259,0.0394467,-0.837161,0.916054,0.0377799,0.0882054,17.6618,0.930706,,51,0.0377964,0.96985,-0.02,
ring_track_gain_head,randmat,conf75,10,0.461545,0.468223,-0.0066786,-0.121482,0.108125,0.985736,-0.0548681,-0.931556,0.821819,-0.0525497,-0.122689,17.0871,0.903785,,51,0.0377964,0.96985,-0.02,
ring_track_gain_head,decorr,conf25,10,0.440647,0.397462,0.0431842,-0.102965,0.189333,1.10865,0.277864,-0.602878,1.15861,0.266124,0.621324,17.7835,0.54227,,60,0.718132,0.472676,-0.2,
ring_track_gain_head,decorr,conf50,10,0.440647,0.455805,-0.0151584,-0.165105,0.134788,0.966744,-0.0950017,-0.972019,0.782015,-0.0909876,-0.21243,17.9488,0.834165,,55,0.340168,0.73373,-0.1,
ring_track_gain_head,decorr,conf75,10,0.440647,0.468223,-0.0275765,-0.158977,0.103824,0.941104,-0.199511,-1.07821,0.679189,-0.191081,-0.446121,15.477,0.661688,,46,-0.264575,0.791337,0.08,
ring_track_gain_head,conf25,conf50,10,0.397462,0.455805,-0.0583426,-0.200229,0.083544,0.872001,-0.38643,-1.2711,0.498235,-0.370102,-0.864085,17.9411,0.398947,,40,-0.718132,0.472676,0.2,
ring_track_gain_head,conf25,conf75,10,0.397462,0.468223,-0.0707607,-0.19205,0.0505284,0.848874,-0.551874,-1.44493,0.341178,-0.528555,-1.23403,16.4487,0.234534,,31,-1.39847,0.161972,0.38,
ring_track_gain_head,conf50,conf75,10,0.455805,0.468223,-0.0124181,-0.13874,0.113904,0.973478,-0.09322,-0.970218,0.783778,-0.0892811,-0.208446,15.9543,0.837518,,42,-0.566947,0.57075,0.16,
ring_lag_head_deg,rest,flow,10,0,-131.658,131.658,122.389,140.928,-0,14.3693,9.83083,18.9077,13.7621,32.1307,9,1.34638e-10,,100,3.99806,6.38644e-05,-1,
ring_lag_head_deg,rest,self,10,0,-144.143,144.143,136.194,152.091,-0,18.3462,12.5936,24.0988,17.571,41.0234,9,1.51395e-11,,100,3.99806,6.38644e-05,-1,0.000249938
ring_lag_head_deg,rest,shuffle,10,0,-130.334,130.334,124.537,136.131,-0,22.7458,15.6427,29.849,21.7847,50.8612,9,2.20405e-12,,100,3.99806,6.38644e-05,-1,
ring_lag_head_deg,rest,randmat,10,0,-136.321,136.321,122.864,149.778,-0,10.2485,6.95379,13.5432,9.81548,22.9164,9,2.72499e-09,,100,3.99806,6.38644e-05,-1,
ring_lag_head_deg,rest,decorr,10,0,-137.152,137.152,119.47,154.834,-0,7.84692,5.26203,10.4318,7.51536,17.5462,9,2.87086e-08,,100,3.99806,6.38644e-05,-1,
ring_lag_head_deg,rest,conf25,10,0,-142.817,142.817,129.324,156.309,-0,10.7085,7.27616,14.1409,10.256,23.945,9,1.84616e-09,,100,3.99806,6.38644e-05,-1,
ring_lag_head_deg,rest,conf50,10,0,-137.265,137.265,124.031,150.499,-0,10.4931,7.12524,13.8609,10.0497,23.4633,9,2.21086e-09,,100,3.99806,6.38644e-05,-1,
ring_lag_head_deg,rest,conf75,10,0,-146.122,146.122,129.084,163.16,-0,8.67637,5.84832,11.5044,8.30977,19.401,9,1.18706e-08,,100,3.99806,6.38644e-05,-1,
ring_lag_head_deg,flow,self,10,-131.658,-144.143,12.4847,1.12543,23.844,0.913387,1.03437,0.101076,1.96767,0.990667,2.31293,17.5907,0.0330555,0.0661109,78,2.0788,0.0376353,-0.56,0.0357411
ring_lag_head_deg,flow,shuffle,10,-131.658,-130.334,-1.3245,-11.6193,8.97027,1.01016,-0.122563,-0.999908,0.754782,-0.117385,-0.27406,15.1058,0.787751,,44,-0.415761,0.677585,0.12,
ring_lag_head_deg,flow,randmat,10,-131.658,-136.321,4.6626,-10.6524,19.9776,0.965797,0.288673,-0.592403,1.16975,0.276476,0.645493,15.9713,0.527773,,61,0.793725,0.427355,-0.22,
ring_lag_head_deg,flow,decorr,10,-131.658,-137.152,5.49382,-13.4875,24.4751,0.959944,0.278388,-0.60237,1.15915,0.266625,0.622494,13.5991,0.543915,,56,0.415761,0.677585,-0.12,
ring_lag_head_deg,flow,conf25,10,-131.658,-142.817,11.1585,-4.18583,26.5028,0.921868,0.689612,-0.212587,1.59181,0.660473,1.54202,15.9479,0.142677,,67,1.24728,0.212294,-0.34,
ring_lag_head_deg,flow,conf50,10,-131.658,-137.265,5.60692,-9.52552,20.7394,0.959153,0.351067,-0.532182,1.23432,0.336233,0.785009,16.1175,0.443835,,62,0.869318,0.384673,-0.24,
ring_lag_head_deg,flow,conf75,10,-131.658,-146.122,14.4639,-3.93849,32.8663,0.901015,0.75441,-0.152755,1.66158,0.722534,1.68691,13.8986,0.113925,,69,1.39847,0.161972,-0.38,
ring_lag_head_deg,self,shuffle,10,-144.143,-130.334,-13.8092,-23.0073,-4.61106,1.10595,-1.42007,-2.40086,-0.439272,-1.36006,-3.17537,16.4627,0.00570983,0.0171295,14,-2.68355,0.00728456,0.72,0.00699825
ring_lag_head_deg,self,randmat,10,-144.143,-136.321,-7.8221,-22.5833,6.93908,1.05738,-0.50633,-1.39679,0.384127,-0.484936,-1.13219,14.5986,0.27581,,35,-1.0961,0.273036,0.3,0.269433
ring_lag_head_deg,self,decorr,10,-144.143,-137.152,-6.99088,-25.5817,11.6,1.05097,-0.364809,-1.24859,0.518975,-0.349394,-0.815737,12.4945,0.429928,0.429928,40,-0.718132,0.472676,0.2,0.409898
ring_lag_head_deg,self,conf25,10,-144.143,-142.817,-1.3262,-16.1185,13.4661,1.00929,-0.0856775,-0.962602,0.791247,-0.0820574,-0.191581,14.5754,0.850714,,41,-0.64254,0.520523,0.18,0.849788
ring_lag_head_deg,self,conf50,10,-144.143,-137.265,-6.87778,-21.4453,7.68975,1.05011,-0.450719,-1.3383,0.436863,-0.431674,-1.00784,14.7455,0.329785,,44,-0.415761,0.677585,0.12,0.332667
ring_lag_head_deg,self,conf75,10,-144.143,-146.122,1.9792,-16.0128,19.9712,0.986455,0.106501,-0.770643,0.983644,0.102001,0.238143,12.7403,0.815557,,50,-0.0377964,0.96985,0,0.806548
ring_lag_head_deg,shuffle,randmat,10,-130.334,-136.321,5.9871,-8.096,20.0702,0.956081,0.413382,-0.472453,1.29922,0.395915,0.92435,12.2291,0.373184,,64,1.0205,0.307489,-0.28,
ring_lag_head_deg,shuffle,decorr,10,-130.334,-137.152,6.81832,-11.3046,24.9412,0.950286,0.370687,-0.513331,1.25471,0.355024,0.828881,10.9124,0.424931,,59,0.64254,0.520523,-0.18,
ring_lag_head_deg,shuffle,conf25,10,-130.334,-142.817,12.483,-1.63357,26.5996,0.912594,0.859973,-0.0561688,1.77611,0.823636,1.92296,12.2132,0.0781122,,71,1.54965,0.121225,-0.42,
ring_lag_head_deg,shuffle,conf50,10,-130.334,-137.265,6.93142,-6.94298,20.8058,0.949503,0.485346,-0.403987,1.37468,0.464839,1.08527,12.331,0.298565,,66,1.17169,0.241322,-0.32,
ring_lag_head_deg,shuffle,conf75,10,-130.334,-146.122,15.7884,-1.71112,33.2879,0.891951,0.887514,-0.0311468,1.80618,0.850014,1.98454,11.0561,0.0725707,,74,1.77643,0.0756616,-0.48,
ring_lag_head_deg,randmat,decorr,10,-136.321,-137.152,0.83122,-19.9111,21.5735,0.993939,0.0378443,-0.838757,0.914445,0.0362452,0.0846224,16.8064,0.933561,,53,0.188982,0.850107,-0.06,
ring_lag_head_deg,randmat,conf25,10,-136.321,-142.817,6.4959,-11.2018,24.1936,0.954516,0.344864,-0.53815,1.22788,0.330292,0.77114,17.9999,0.450629,,57,0.491354,0.623176,-0.14,
ring_lag_head_deg,randmat,conf50,10,-136.321,-137.265,0.94432,-16.5847,18.4733,0.99312,0.0506168,-0.826046,0.92728,0.0484781,0.113183,17.995,0.911139,,51,0.0377964,0.96985,-0.02,
ring_lag_head_deg,randmat,conf75,10,-136.321,-146.122,9.8013,-10.4402,30.0428,0.932924,0.456709,-0.431167,1.34458,0.437411,1.02123,17.0831,0.32139,,61,0.793725,0.427355,-0.22,
ring_lag_head_deg,decorr,conf25,10,-137.152,-142.817,5.66468,-15.0958,26.4252,0.960336,0.257654,-0.622497,1.13781,0.246768,0.576133,16.8269,0.572152,,57,0.491354,0.623176,-0.14,
ring_lag_head_deg,decorr,conf50,10,-137.152,-137.265,0.1131,-20.5166,20.7428,0.999176,0.00518055,-0.871343,0.881705,0.00496165,0.0115841,16.6747,0.990895,,51,0.0377964,0.96985,-0.02,
ring_lag_head_deg,decorr,conf75,10,-137.152,-146.122,8.97008,-13.8372,31.7773,0.938612,0.369565,-0.514408,1.25354,0.35395,0.826373,17.9752,0.419427,,60,0.718132,0.472676,-0.2,
ring_lag_head_deg,conf25,conf50,10,-142.817,-137.265,-5.55158,-23.1043,12.0012,1.04044,-0.297172,-1.17852,0.584175,-0.284615,-0.664497,17.9933,0.514799,,46,-0.264575,0.791337,0.08,
ring_lag_head_deg,conf25,conf75,10,-142.817,-146.122,3.3054,-16.955,23.5658,0.977379,0.153864,-0.723954,1.03168,0.147363,0.344051,17.1018,0.735002,,54,0.264575,0.791337,-0.08,
ring_lag_head_deg,conf50,conf75,10,-137.265,-146.122,8.85698,-11.2675,28.9814,0.939386,0.415333,-0.47059,1.30125,0.397783,0.928712,16.9618,0.366067,,61,0.793725,0.427355,-0.22,
cx_yaw_modulation_hz,rest,flow,10,0,1.91946,-1.91946,-1.9854,-1.85353,0,-29.451,-38.6198,-20.2822,-28.2066,-65.8544,9,2.16733e-13,,0,-3.99806,6.38644e-05,1,
cx_yaw_modulation_hz,rest,self,10,0,1.066,-1.066,-1.18043,-0.951581,0,-9.42495,-12.4744,-6.37549,-9.02671,-21.0748,9,5.71936e-09,,0,-3.99806,6.38644e-05,1,0.000249938
cx_yaw_modulation_hz,rest,shuffle,10,0,1.65881,-1.65881,-1.73444,-1.58318,0,-22.1894,-29.1215,-15.2573,-21.2519,-49.6171,9,2.75237e-12,,0,-3.99806,6.38644e-05,1,
cx_yaw_modulation_hz,rest,randmat,10,0,0.835293,-0.835293,-0.917074,-0.753512,0,-10.3329,-13.6529,-7.01299,-9.89633,-23.1051,9,2.53388e-09,,0,-3.99806,6.38644e-05,1,
cx_yaw_modulation_hz,rest,decorr,10,0,0.868981,-0.868981,-1.02549,-0.712473,0,-5.61708,-7.56603,-3.66813,-5.37974,-12.5602,9,5.21553e-07,,0,-3.99806,6.38644e-05,1,
cx_yaw_modulation_hz,rest,conf25,10,0,0.919948,-0.919948,-1.02559,-0.814308,0,-8.80997,-11.6774,-5.94253,-8.43772,-19.6997,9,1.03752e-08,,0,-3.99806,6.38644e-05,1,
cx_yaw_modulation_hz,rest,conf50,10,0,0.908405,-0.908405,-1.00817,-0.80864,0,-9.21173,-12.198,-6.2255,-8.8225,-20.598,9,7.00065e-09,,0,-3.99806,6.38644e-05,1,
cx_yaw_modulation_hz,rest,conf75,10,0,0.913061,-0.913061,-1.0241,-0.802022,0,-8.31885,-11.0418,-5.59593,-7.96735,-18.6015,9,1.71912e-08,,0,-3.99806,6.38644e-05,1,
cx_yaw_modulation_hz,flow,self,10,1.91946,1.066,0.85346,0.728563,0.978358,1.80062,6.53798,4.3304,8.74555,6.26172,14.6194,14.3833,4.96378e-10,1.48913e-09,100,3.74185,0.000182672,-1,0.000249938
cx_yaw_modulation_hz,flow,shuffle,10,1.91946,1.65881,0.260655,0.167347,0.353963,1.15713,2.62814,1.43164,3.82465,2.5171,5.87671,17.6716,1.56435e-05,,98,3.59066,0.000329839,-0.96,
cx_yaw_modulation_hz,flow,randmat,10,1.91946,0.835293,1.08417,0.986293,1.18205,2.29795,10.4409,7.08866,13.7931,9.99973,23.3465,17.2251,1.76185e-14,,100,3.74185,0.000182672,-1,
cx_yaw_modulation_hz,flow,decorr,10,1.91946,0.868981,1.05048,0.887056,1.21391,2.20887,6.25766,4.12953,8.38578,5.99325,13.9925,12.0972,7.79609e-09,,100,3.74185,0.000182672,-1,
cx_yaw_modulation_hz,flow,conf25,10,1.91946,0.919948,0.999517,0.882244,1.11679,2.08649,8.1201,5.45541,10.7848,7.777,18.1571,15.0883,1.15442e-11,,100,3.74185,0.000182672,-1,
cx_yaw_modulation_hz,flow,conf50,10,1.91946,0.908405,1.01106,0.898763,1.12336,2.11301,8.55342,5.76158,11.3453,8.19201,19.126,15.6027,2.99688e-12,,100,3.74185,0.000182672,-1,
cx_yaw_modulation_hz,flow,conf75,10,1.91946,0.913061,1.0064,0.884469,1.12834,2.10223,7.88407,5.28835,10.4798,7.55095,17.6293,14.645,2.8751e-11,,100,3.74185,0.000182672,-1,
cx_yaw_modulation_hz,self,shuffle,10,1.066,1.65881,-0.592805,-0.721606,-0.464005,0.642632,-4.37245,-5.98625,-2.75865,-4.1877,-9.7771,15.6033,4.7151e-08,9.43021e-08,0,-3.74185,0.000182672,1,0.000249938
cx_yaw_modulation_hz,self,randmat,10,1.066,0.835293,0.230712,0.0991026,0.362321,1.2762,1.65952,0.643265,2.67578,1.5894,3.7108,16.292,0.00184832,,87,2.75914,0.00579536,-0.74,0.00449888
cx_yaw_modulation_hz,self,decorr,10,1.066,0.868981,0.197023,0.0157711,0.378275,1.22673,1.02809,0.0954614,1.96072,0.984651,2.29888,16.4833,0.0348941,0.0348941,82,2.38118,0.0172575,-0.64,0.0307423
cx_yaw_modulation_hz,self,conf25,10,1.066,0.919948,0.146057,0.00135812,0.290755,1.15877,0.948812,0.0242858,1.87334,0.908721,2.12161,17.8864,0.048103,,79,2.1544,0.031209,-0.58,0.0469883
cx_yaw_modulation_hz,self,conf50,10,1.066,0.908405,0.1576,0.0164234,0.298776,1.17349,1.05026,0.11526,1.98526,1.00588,2.34845,17.672,0.0307065,,74,1.77643,0.0756616,-0.48,0.0307423
cx_yaw_modulation_hz,self,conf75,10,1.066,0.913061,0.152944,0.00485448,0.301033,1.16751,0.970423,0.0437455,1.8971,0.929419,2.16993,17.9838,0.0436533,,79,2.1544,0.031209,-0.58,0.0464884
cx_yaw_modulation_hz,shuffle,randmat,10,1.65881,0.835293,0.823517,0.72002,0.927014,1.9859,7.47931,5.00129,9.95733,7.16328,16.7242,17.891,2.28718e-12,,100,3.74185,0.000182672,-1,
cx_yaw_modulation_hz,shuffle,decorr,10,1.65881,0.868981,0.789829,0.623808,0.955849,1.90891,4.59687,2.92425,6.26949,4.40264,10.2789,12.9858,1.3193e-07,,100,3.74185,0.000182672,-1,
cx_yaw_modulation_hz,shuffle,conf25,10,1.65881,0.919948,0.738862,0.617296,0.860428,1.80316,5.75336,3.7666,7.74012,5.51026,12.8649,16.3063,5.8704e-10,,100,3.74185,0.000182672,-1,
cx_yaw_modulation_hz,shuffle,conf50,10,1.65881,0.908405,0.750405,0.633526,0.867284,1.82607,6.06403,3.99044,8.13763,5.80781,13.5596,16.7761,1.81971e-10,,100,3.74185,0.000182672,-1,
cx_yaw_modulation_hz,shuffle,conf75,10,1.65881,0.913061,0.745749,0.619767,0.871732,1.81676,5.61565,3.6671,7.56421,5.37837,12.557,15.8715,1.17358e-09,,100,3.74185,0.000182672,-1,
cx_yaw_modulation_hz,randmat,decorr,10,0.835293,0.868981,-0.0336885,-0.201608,0.134231,0.961232,-0.193001,-1.07156,0.685559,-0.184846,-0.431564,13.5738,0.672834,,38,-0.869318,0.384673,0.24,
cx_yaw_modulation_hz,randmat,conf25,10,0.835293,0.919948,-0.084655,-0.209289,0.0399795,0.907978,-0.641058,-1.53981,0.257696,-0.613971,-1.43345,16.9369,0.169932,,29,-1.54965,0.121225,0.42,
cx_yaw_modulation_hz,randmat,conf50,10,0.835293,0.908405,-0.073112,-0.193249,0.0470253,0.919516,-0.57337,-1.46772,0.320981,-0.549143,-1.2821,17.3328,0.216693,,32,-1.32288,0.185877,0.36,
cx_yaw_modulation_hz,randmat,conf75,10,0.835293,0.913061,-0.0777678,-0.206656,0.0511204,0.914827,-0.570504,-1.46468,0.323672,-0.546398,-1.27568,16.5442,0.219688,,36,-1.0205,0.307489,0.28,
cx_yaw_modulation_hz,decorr,conf25,10,0.868981,0.919948,-0.0509665,-0.228107,0.126174,0.944598,-0.273064,-1.15366,0.607534,-0.261526,-0.61059,15.7911,0.550159,,45,-0.340168,0.73373,0.1,
cx_yaw_modulation_hz,decorr,conf50,10,0.868981,0.908405,-0.0394235,-0.214024,0.135177,0.956601,-0.214888,-1.09394,0.664161,-0.205808,-0.480504,15.2775,0.637677,,51,0.0377964,0.96985,-0.02,
cx_yaw_modulation_hz,decorr,conf75,10,0.868981,0.913061,-0.0440793,-0.223703,0.135545,0.951724,-0.232383,-1.11186,0.647093,-0.222564,-0.519624,16.2288,0.61034,,48,-0.113389,0.909722,0.04,
cx_yaw_modulation_hz,conf25,conf50,10,0.919948,0.908405,0.011543,-0.123434,0.14652,1.01271,0.0803683,-0.796508,0.957245,0.0769724,0.179709,17.9414,0.859395,,56,0.415761,0.677585,-0.12,
cx_yaw_modulation_hz,conf25,conf75,10,0.919948,0.913061,0.0068872,-0.135477,0.149251,1.00754,0.0454617,-0.831174,0.922097,0.0435408,0.101655,17.9555,0.920157,,54,0.264575,0.791337,-0.08,
cx_yaw_modulation_hz,conf50,conf75,10,0.908405,0.913061,-0.0046558,-0.143403,0.134091,0.994901,-0.0315537,-0.908131,0.845023,-0.0302204,-0.0705561,17.7975,0.944538,,51,0.0377964,0.96985,-0.02,
cx_tuning_wire_corr,rest,flow,10,0,0.309309,-0.309309,-0.316756,-0.301862,0,-42.0193,-55.0705,-28.9682,-40.2438,-93.958,9,8.88496e-15,,0,-3.99806,6.38644e-05,1,
cx_tuning_wire_corr,rest,self,10,0,0.285869,-0.285869,-0.317554,-0.254184,0,-9.12754,-12.0888,-6.16624,-8.74187,-20.4098,9,7.59173e-09,,0,-3.99806,6.38644e-05,1,0.000249938
cx_tuning_wire_corr,rest,shuffle,10,0,0.337614,-0.337614,-0.349317,-0.32591,0,-29.1843,-38.2708,-20.0978,-27.9511,-65.258,9,2.35188e-13,,0,-3.99806,6.38644e-05,1,
cx_tuning_wire_corr,rest,randmat,10,0,0.243212,-0.243212,-0.264817,-0.221608,0,-11.3888,-15.0254,-7.75224,-10.9076,-25.4662,9,1.06833e-09,,0,-3.99806,6.38644e-05,1,
cx_tuning_wire_corr,rest,decorr,10,0,0.31509,-0.31509,-0.341271,-0.288908,0,-12.1752,-16.0488,-8.30169,-11.6608,-27.2247,9,5.89879e-10,,0,-3.99806,6.38644e-05,1,
cx_tuning_wire_corr,rest,conf25,10,0,0.317564,-0.317564,-0.353928,-0.2812,0,-8.83477,-11.7095,-5.96001,-8.46147,-19.7552,9,1.01212e-08,,0,-3.99806,6.38644e-05,1,
cx_tuning_wire_corr,rest,conf50,10,0,0.315795,-0.315795,-0.346483,-0.285107,0,-10.4105,-13.7537,-7.06737,-9.97064,-23.2786,9,2.3713e-09,,0,-3.99806,6.38644e-05,1,
cx_tuning_wire_corr,rest,conf75,10,0,0.313617,-0.313617,-0.341235,-0.285999,0,-11.4881,-15.1545,-7.82165,-11.0027,-25.6882,9,9.89019e-10,,0,-3.99806,6.38644e-05,1,
cx_tuning_wire_corr,flow,self,10,0.309309,0.285869,0.0234405,-0.008622,0.055503,1.082,0.728581,-0.176555,1.63372,0.697796,1.62916,9.99131,0.134362,0.251588,73,1.70084,0.088973,-0.46,0.124719
cx_tuning_wire_corr,flow,shuffle,10,0.309309,0.337614,-0.0283043,-0.0413551,-0.0152535,0.916164,-2.06423,-3.14936,-0.979103,-1.97701,-4.61577,15.2616,0.000322052,,6,-3.28829,0.00100798,0.88,
cx_tuning_wire_corr,flow,randmat,10,0.309309,0.243212,0.066097,0.0438895,0.0883045,1.27177,2.92615,1.66496,4.18733,2.80251,6.54306,11.1089,3.98438e-05,,99,3.66626,0.000246128,-0.98,
cx_tuning_wire_corr,flow,decorr,10,0.309309,0.31509,-0.0057804,-0.0324364,0.0208756,0.981655,-0.214836,-1.09388,0.664211,-0.205759,-0.480388,10.4468,0.640853,,49,-0.0377964,0.96985,0.02,
cx_tuning_wire_corr,flow,conf25,10,0.309309,0.317564,-0.0082544,-0.0449406,0.0284318,0.974007,-0.224972,-1.10426,0.654319,-0.215466,-0.503053,9.75358,0.626091,,47,-0.188982,0.850107,0.06,
cx_tuning_wire_corr,flow,conf50,10,0.309309,0.315795,-0.0064858,-0.0375661,0.0245945,0.979462,-0.207781,-1.08667,0.671104,-0.199001,-0.464612,10.0563,0.652105,,44,-0.415761,0.677585,0.12,
cx_tuning_wire_corr,flow,conf75,10,0.309309,0.313617,-0.0043079,-0.0323705,0.0237547,0.986264,-0.152361,-1.03015,0.725433,-0.145923,-0.340689,10.3019,0.740184,,47,-0.188982,0.850107,0.06,
cx_tuning_wire_corr,self,shuffle,10,0.285869,0.337614,-0.0517448,-0.0844647,-0.0190249,0.846734,-1.54982,-2.54931,-0.550339,-1.48434,-3.46551,11.4109,0.00501239,0.0150372,14,-2.68355,0.00728456,0.72,0.003999
cx_tuning_wire_corr,self,randmat,10,0.285869,0.243212,0.0426565,0.00669673,0.0786163,1.17539,1.12529,0.181943,2.06863,1.07774,2.51622,15.8813,0.023005,,82,2.38118,0.0172575,-0.64,0.0164959
cx_tuning_wire_corr,self,decorr,10,0.285869,0.31509,-0.0292209,-0.0674911,0.00904927,0.907262,-0.719226,-1.62364,0.185191,-0.688836,-1.60824,17.3823,0.125794,0.251588,25,-1.85203,0.0640221,0.5,0.122969
cx_tuning_wire_corr,self,conf25,10,0.285869,0.317564,-0.0316949,-0.0765489,0.0131591,0.900194,-0.664808,-1.56522,0.235601,-0.636718,-1.48656,17.6689,0.154759,,31,-1.39847,0.161972,0.38,0.150212
cx_tuning_wire_corr,self,conf50,10,0.285869,0.315795,-0.0299263,-0.0708953,0.0110427,0.905235,-0.686363,-1.58832,0.215598,-0.657362,-1.53475,17.9816,0.142252,,28,-1.62525,0.10411,0.44,0.141715
cx_tuning_wire_corr,self,conf75,10,0.285869,0.313617,-0.0277484,-0.0668366,0.0113398,0.911521,-0.667879,-1.56851,0.232749,-0.639659,-1.49342,17.6707,0.152967,,26,-1.77643,0.0756616,0.48,0.147213
cx_tuning_wire_corr,shuffle,randmat,10,0.337614,0.243212,0.0944013,0.0710838,0.117719,1.38814,3.88684,2.39716,5.37653,3.72261,8.69125,13.8633,5.5446e-07,,100,3.74185,0.000182672,-1,
cx_tuning_wire_corr,shuffle,decorr,10,0.337614,0.31509,0.0225239,-0.00498536,0.0500332,1.07148,0.794565,-0.115887,1.70502,0.760992,1.7767,12.4586,0.100023,,74,1.77643,0.0756616,-0.48,
cx_tuning_wire_corr,shuffle,conf25,10,0.337614,0.317564,0.0200499,-0.0171832,0.057283,1.06314,0.530976,-0.360858,1.42281,0.508541,1.1873,10.8446,0.260466,,76,1.92762,0.0539026,-0.52,
cx_tuning_wire_corr,shuffle,conf50,10,0.337614,0.315795,0.0218185,-0.00994837,0.0535854,1.06909,0.672057,-0.228869,1.57298,0.64366,1.50277,11.5636,0.159708,,67,1.24728,0.212294,-0.34,
cx_tuning_wire_corr,shuffle,conf75,10,0.337614,0.313617,0.0239964,-0.00485906,0.0528519,1.07651,0.809342,-0.102359,1.72104,0.775144,1.80974,12.1313,0.095163,,78,2.0788,0.0376353,-0.56,
cx_tuning_wire_corr,randmat,decorr,10,0.243212,0.31509,-0.0718774,-0.103484,-0.0402707,0.771883,-2.14221,-3.24176,-1.04266,-2.05169,-4.79012,17.374,0.000160837,,5,-3.36388,0.000768539,0.9,
cx_tuning_wire_corr,randmat,conf25,10,0.243212,0.317564,-0.0743514,-0.114288,-0.0344144,0.765869,-1.77832,-2.81369,-0.742943,-1.70318,-3.97644,14.6496,0.00126915,,6,-3.28829,0.00100798,0.88,
cx_tuning_wire_corr,randmat,conf50,10,0.243212,0.315795,-0.0725828,-0.107724,-0.0374412,0.770159,-1.95655,-3.02235,-0.890749,-1.87388,-4.37497,16.1619,0.000460813,,6,-3.28829,0.00100798,0.88,
cx_tuning_wire_corr,randmat,conf75,10,0.243212,0.313617,-0.0704049,-0.103106,-0.0377041,0.775507,-2.03131,-3.11046,-0.952163,-1.94548,-4.54215,17.0139,0.000287998,,6,-3.28829,0.00100798,0.88,
cx_tuning_wire_corr,decorr,conf25,10,0.31509,0.317564,-0.002474,-0.0443911,0.0394431,0.992209,-0.0558567,-0.93255,0.820837,-0.0534965,-0.124899,16.3545,0.902126,,50,-0.0377964,0.96985,0,
cx_tuning_wire_corr,decorr,conf50,10,0.31509,0.315795,-0.0007054,-0.038236,0.0368252,0.997766,-0.0176908,-0.894231,0.858849,-0.0169433,-0.0395579,17.5643,0.968892,,49,-0.0377964,0.96985,0.02,
cx_tuning_wire_corr,decorr,conf75,10,0.31509,0.313617,0.0014725,-0.0338777,0.0368227,1.0047,0.039145,-0.837461,0.915751,0.037491,0.0875309,17.9489,0.931219,,49,-0.0377964,0.96985,0.02,
cx_tuning_wire_corr,conf25,conf50,10,0.317564,0.315795,0.0017686,-0.0425123,0.0460495,1.0056,0.0376026,-0.838997,0.914203,0.0360138,0.0840821,17.5054,0.933945,,51,0.0377964,0.96985,-0.02,
cx_tuning_wire_corr,conf25,conf75,10,0.317564,0.313617,0.0039465,-0.0386817,0.0465747,1.01258,0.0874353,-0.789506,0.964377,0.0837409,0.195511,16.7906,0.847339,,51,0.0377964,0.96985,-0.02,
cx_tuning_wire_corr,conf50,conf75,10,0.315795,0.313617,0.0021779,-0.0361955,0.0405513,1.00694,0.0533674,-0.823311,0.930046,0.0511125,0.119333,17.8036,0.906348,,52,0.113389,0.909722,-0.04,
ring_tuning_wire_corr,rest,flow,10,0,0.200366,-0.200366,-0.212051,-0.18868,0,-17.3463,-22.7929,-11.8998,-16.6134,-38.7876,9,2.50057e-11,,0,-3.99806,6.38644e-05,1,
ring_tuning_wire_corr,rest,self,10,0,0.187182,-0.187182,-0.21085,-0.163513,0,-8.00075,-10.6305,-5.37096,-7.66269,-17.8902,9,2.42131e-08,,0,-3.99806,6.38644e-05,1,0.000249938
ring_tuning_wire_corr,rest,shuffle,10,0,0.203403,-0.203403,-0.223667,-0.183139,0,-10.1549,-13.4216,-6.88812,-9.7258,-22.707,9,2.95586e-09,,0,-3.99806,6.38644e-05,1,
ring_tuning_wire_corr,rest,randmat,10,0,0.171464,-0.171464,-0.188629,-0.1543,0,-10.1059,-13.3581,-6.85377,-9.67891,-22.5975,9,3.08517e-09,,0,-3.99806,6.38644e-05,1,
ring_tuning_wire_corr,rest,decorr,10,0,0.200579,-0.200579,-0.237771,-0.163386,0,-5.45588,-7.36034,-3.55142,-5.22535,-12.1997,9,6.6891e-07,,0,-3.99806,6.38644e-05,1,
ring_tuning_wire_corr,rest,conf25,10,0,0.198803,-0.198803,-0.222153,-0.175453,0,-8.61337,-11.4229,-5.80387,-8.24942,-19.2601,9,1.26576e-08,,0,-3.99806,6.38644e-05,1,
ring_tuning_wire_corr,rest,conf50,10,0,0.218224,-0.218224,-0.232563,-0.203886,0,-15.3971,-20.2484,-10.5457,-14.7465,-34.4289,9,7.26307e-11,,0,-3.99806,6.38644e-05,1,
ring_tuning_wire_corr,rest,conf75,10,0,0.22248,-0.22248,-0.251533,-0.193426,0,-7.74687,-10.3026,-5.19113,-7.41954,-17.3225,9,3.21258e-08,,0,-3.99806,6.38644e-05,1,
ring_tuning_wire_corr,flow,self,10,0.200366,0.187182,0.0131838,-0.011997,0.0383646,1.07043,0.505288,-0.385112,1.39569,0.483938,1.12986,13.1416,0.278737,0.763829,63,0.944911,0.344704,-0.26,0.276431
ring_tuning_wire_corr,flow,shuffle,10,0.200366,0.203403,-0.0030374,-0.0251593,0.0190845,0.985067,-0.131364,-1.00883,0.746103,-0.125813,-0.293739,14.3899,0.773152,,48,-0.113389,0.909722,0.04,
ring_tuning_wire_corr,flow,randmat,10,0.200366,0.171464,0.0289014,0.00942905,0.0483737,1.16856,1.40808,0.428945,2.38721,1.34858,3.14856,15.8675,0.00626486,,85,2.60795,0.0091085,-0.7,
ring_tuning_wire_corr,flow,decorr,10,0.200366,0.200579,-0.000213,-0.0382477,0.0378217,0.998938,-0.00552735,-0.882052,0.870997,-0.0052938,-0.0123595,10.7598,0.990365,,63,0.944911,0.344704,-0.26,
ring_tuning_wire_corr,flow,conf25,10,0.200366,0.198803,0.0015628,-0.0233269,0.0264525,1.00786,0.0605507,-0.816173,0.937274,0.0579922,0.135396,13.2421,0.894336,,51,0.0377964,0.96985,-0.02,
ring_tuning_wire_corr,flow,conf50,10,0.200366,0.218224,-0.0178588,-0.0350879,-0.000629714,0.918163,-0.976751,-1.90407,-0.0494354,-0.93548,-2.18408,17.2958,0.0430023,,22,-2.0788,0.0376353,0.56,
ring_tuning_wire_corr,flow,conf75,10,0.200366,0.22248,-0.022114,-0.0523219,0.0080939,0.900602,-0.714402,-1.61845,0.189648,-0.684216,-1.59745,11.8376,0.136499,,33,-1.24728,0.212294,0.34,
ring_tuning_wire_corr,self,shuffle,10,0.187182,0.203403,-0.0162212,-0.0452077,0.0127653,0.920251,-0.526686,-1.41828,0.364904,-0.504431,-1.17771,17.5826,0.25461,0.763829,33,-1.24728,0.212294,0.34,0.254436
ring_tuning_wire_corr,self,randmat,10,0.187182,0.171464,0.0157176,-0.011625,0.0430602,1.09167,0.543858,-0.348721,1.43644,0.520878,1.2161,16.4156,0.241144,,62,0.869318,0.384673,-0.24,0.23994
ring_tuning_wire_corr,self,decorr,10,0.187182,0.200579,-0.0133968,-0.0548725,0.0280789,0.933209,-0.307431,-1.18912,0.574255,-0.294441,-0.687436,15.2625,0.502122,0.763829,44,-0.415761,0.677585,0.12,0.537366
ring_tuning_wire_corr,self,conf25,10,0.187182,0.198803,-0.011621,-0.0424996,0.0192576,0.941545,-0.353604,-1.23695,0.529742,-0.338663,-0.790682,17.9967,0.439425,,40,-0.718132,0.472676,0.2,0.430392
ring_tuning_wire_corr,self,conf50,10,0.187182,0.218224,-0.0310426,-0.0571439,-0.0049413,0.857749,-1.13486,-2.0793,-0.190411,-1.0869,-2.53762,14.8218,0.022905,,22,-2.0788,0.0376353,0.56,0.0222444
ring_tuning_wire_corr,self,conf75,10,0.187182,0.22248,-0.0352978,-0.0702033,-0.000392297,0.841344,-0.952912,-1.87784,-0.0279812,-0.912648,-2.13078,17.2931,0.0477447,,23,-2.00321,0.0451546,0.54,0.0529868
ring_tuning_wire_corr,shuffle,randmat,10,0.203403,0.171464,0.0319388,0.00722721,0.0566504,1.18627,1.21671,0.262525,2.17089,1.1653,2.72064,17.5259,0.0142573,,80,2.22999,0.0257481,-0.6,
ring_tuning_wire_corr,shuffle,decorr,10,0.203403,0.200579,0.0028244,-0.037357,0.0430058,1.01408,0.0674625,-0.809309,0.944234,0.064612,0.150851,13.9105,0.882259,,59,0.64254,0.520523,-0.18,
ring_tuning_wire_corr,shuffle,conf25,10,0.203403,0.198803,0.0046002,-0.0241538,0.0333542,1.02314,0.150529,-0.727234,1.02829,0.144169,0.336593,17.65,0.740392,,53,0.188982,0.850107,-0.06,
ring_tuning_wire_corr,shuffle,conf50,10,0.203403,0.218224,-0.0148214,-0.03806,0.00841724,0.932082,-0.604034,-1.50032,0.292253,-0.578512,-1.35066,16.2059,0.195363,,33,-1.24728,0.212294,0.34,
ring_tuning_wire_corr,shuffle,conf75,10,0.203403,0.22248,-0.0190766,-0.0522579,0.0141047,0.914255,-0.544831,-1.43747,0.347805,-0.52181,-1.21828,16.0806,0.240691,,36,-1.0205,0.307489,0.28,
ring_tuning_wire_corr,randmat,decorr,10,0.171464,0.200579,-0.0291144,-0.0683384,0.0101096,0.854848,-0.719051,-1.62345,0.185353,-0.688668,-1.60785,12.6674,0.132496,,30,-1.47406,0.140465,0.4,
ring_tuning_wire_corr,randmat,conf25,10,0.171464,0.198803,-0.0273386,-0.054426,-0.00025119,0.862484,-0.954362,-1.87944,-0.0292876,-0.914037,-2.13402,16.5284,0.0481419,,24,-1.92762,0.0539026,0.52,
ring_tuning_wire_corr,randmat,conf50,10,0.171464,0.218224,-0.0467602,-0.0675789,-0.0259415,0.785724,-2.11512,-3.20962,-1.02062,-2.02575,-4.72955,17.4473,0.00018116,,6,-3.28829,0.00100798,0.88,
ring_tuning_wire_corr,randmat,conf75,10,0.171464,0.22248,-0.0510154,-0.0828869,-0.0191439,0.770696,-1.52942,-2.52588,-0.532957,-1.46479,-3.41988,14.6003,0.00393034,,16,-2.53236,0.0113297,0.68,
ring_tuning_wire_corr,decorr,conf25,10,0.200579,0.198803,0.0017758,-0.0395683,0.0431199,1.00893,0.0409091,-0.835705,0.917523,0.0391805,0.0914754,15.1407,0.928314,,46,-0.264575,0.791337,0.08,
ring_tuning_wire_corr,decorr,conf50,10,0.200579,0.218224,-0.0176458,-0.0561788,0.0208872,0.919139,-0.44785,-1.33529,0.439593,-0.428926,-1.00142,11.6174,0.337025,,25,-1.85203,0.0640221,0.5,
ring_tuning_wire_corr,decorr,conf75,10,0.200579,0.22248,-0.021901,-0.0659175,0.0221155,0.90156,-0.469463,-1.35798,0.419052,-0.449626,-1.04975,17.0037,0.308525,,33,-1.24728,0.212294,0.34,
ring_tuning_wire_corr,conf25,conf50,10,0.198803,0.218224,-0.0194216,-0.0452481,0.00640485,0.911002,-0.717061,-1.62131,0.187191,-0.686763,-1.6034,14.9425,0.129771,,33,-1.24728,0.212294,0.34,
ring_tuning_wire_corr,conf25,conf75,10,0.198803,0.22248,-0.0236768,-0.0584092,0.0110556,0.893578,-0.642623,-1.54148,0.256239,-0.61547,-1.43695,17.2038,0.168671,,33,-1.24728,0.212294,0.34,
ring_tuning_wire_corr,conf50,conf75,10,0.218224,0.22248,-0.0042552,-0.0351635,0.0266531,0.980874,-0.132869,-1.01036,0.74462,-0.127255,-0.297104,13.1385,0.771033,,40,-0.718132,0.472676,0.2,
ring_ang_diffusion_deg,rest,flow,10,0,196.935,-196.935,-250.4,-143.47,0,-3.72641,-5.1762,-2.27663,-3.56896,-8.33252,9,1.59642e-05,,0,-3.99806,6.38644e-05,1,
ring_ang_diffusion_deg,rest,self,10,0,181.542,-181.542,-204.64,-158.444,0,-7.95128,-10.5666,-5.33594,-7.61531,-17.7796,9,2.55674e-08,,0,-3.99806,6.38644e-05,1,0.000249938
ring_ang_diffusion_deg,rest,shuffle,10,0,189.305,-189.305,-239.416,-139.194,0,-3.82179,-5.29523,-2.34836,-3.66031,-8.54579,9,1.30154e-05,,0,-3.99806,6.38644e-05,1,
ring_ang_diffusion_deg,rest,randmat,10,0,223.11,-223.11,-262.005,-184.214,0,-5.80303,-7.80362,-3.80245,-5.55783,-12.976,9,3.94513e-07,,0,-3.99806,6.38644e-05,1,
ring_ang_diffusion_deg,rest,decorr,10,0,243.407,-243.407,-325.121,-161.694,0,-3.01355,-4.29434,-1.73275,-2.88621,-6.7385,9,8.47469e-05,,0,-3.99806,6.38644e-05,1,
ring_ang_diffusion_deg,rest,conf25,10,0,197.198,-197.198,-246.219,-148.176,0,-4.06963,-5.60548,-2.53378,-3.89767,-9.09996,9,7.79967e-06,,0,-3.99806,6.38644e-05,1,
ring_ang_diffusion_deg,rest,conf50,10,0,256.993,-256.993,-306.115,-207.87,0,-5.29269,-7.15239,-3.43298,-5.06905,-11.8348,9,8.66417e-07,,0,-3.99806,6.38644e-05,1,
ring_ang_diffusion_deg,rest,conf75,10,0,187.744,-187.744,-219.767,-155.721,0,-5.93119,-7.96755,-3.89483,-5.68058,-13.2625,9,3.26996e-07,,0,-3.99806,6.38644e-05,1,
ring_ang_diffusion_deg,flow,self,10,196.935,181.542,15.3933,-40.5771,71.3637,1.08479,0.267387,-0.613044,1.14782,0.256088,0.597894,12.2465,0.560805,1,49,-0.0377964,0.96985,0.02,0.563859
ring_ang_diffusion_deg,flow,shuffle,10,196.935,189.305,7.6297,-60.4456,75.705,1.0403,0.105335,-0.771795,0.982465,0.100884,0.235537,17.925,0.816462,,49,-0.0377964,0.96985,0.02,
ring_ang_diffusion_deg,flow,randmat,10,196.935,223.11,-26.1745,-87.9982,35.6492,0.882683,-0.400504,-1.28577,0.484762,-0.383581,-0.895554,16.442,0.383415,,39,-0.793725,0.427355,0.22,
ring_ang_diffusion_deg,flow,decorr,10,196.935,243.407,-46.4722,-138.216,45.2719,0.809076,-0.481457,-1.37059,0.407674,-0.461113,-1.07657,15.5124,0.298131,,36,-1.0205,0.307489,0.28,
ring_ang_diffusion_deg,flow,conf25,10,196.935,197.198,-0.26246,-67.6654,67.1405,0.998669,-0.00366052,-0.880184,0.872863,-0.00350585,-0.00818516,17.8661,0.99356,,44,-0.415761,0.677585,0.12,
ring_ang_diffusion_deg,flow,conf50,10,196.935,256.993,-60.0574,-127.522,7.4076,0.766307,-0.836826,-1.75091,0.0772547,-0.801467,-1.8712,17.8724,0.0777808,,27,-1.70084,0.088973,0.46,
ring_ang_diffusion_deg,flow,conf75,10,196.935,187.744,9.1907,-49.627,68.0084,1.04895,0.149193,-0.728548,1.02693,0.142889,0.333605,14.7211,0.743382,,50,-0.0377964,0.96985,0,
ring_ang_diffusion_deg,self,shuffle,10,181.542,189.305,-7.7636,-60.6036,45.0764,0.958989,-0.142342,-1.01997,0.73529,-0.136327,-0.318286,12.6592,0.755458,1,57,0.491354,0.623176,-0.14,0.76081
ring_ang_diffusion_deg,self,randmat,10,181.542,223.11,-41.5678,-84.2811,1.14549,0.813689,-0.929608,-1.85226,-0.00695792,-0.890329,-2.07867,14.6457,0.0556618,,26,-1.77643,0.0756616,0.48,0.0527368
ring_ang_diffusion_deg,self,decorr,10,181.542,243.407,-61.8655,-145.04,21.3087,0.745835,-0.737056,-1.64285,0.168739,-0.705913,-1.64811,10.4291,0.129092,0.387275,35,-1.0961,0.273036,0.3,0.0899775
ring_ang_diffusion_deg,self,conf25,10,181.542,197.198,-15.6558,-67.4866,36.1751,0.920609,-0.292273,-1.17346,0.588917,-0.279923,-0.653542,12.8086,0.524966,,46,-0.264575,0.791337,0.08,0.508873
ring_ang_diffusion_deg,self,conf50,10,181.542,256.993,-75.4507,-127.375,-23.5261,0.706409,-1.40619,-2.38506,-0.427315,-1.34677,-3.14433,12.7943,0.00789014,,19,-2.30558,0.0211339,0.62,0.00674831
ring_ang_diffusion_deg,self,conf75,10,181.542,187.744,-6.2026,-43.1361,30.7309,0.966963,-0.158924,-1.03683,0.718982,-0.152208,-0.355364,16.37,0.726855,,41,-0.64254,0.520523,0.18,0.712072
ring_ang_diffusion_deg,shuffle,randmat,10,189.305,223.11,-33.8042,-92.9787,25.3703,0.848486,-0.539113,-1.43142,0.353189,-0.516334,-1.20549,16.9565,0.244566,,32,-1.32288,0.185877,0.36,
ring_ang_diffusion_deg,shuffle,decorr,10,189.305,243.407,-54.1019,-144.455,36.2512,0.777731,-0.570999,-1.4652,0.323207,-0.546872,-1.27679,14.9306,0.221177,,35,-1.0961,0.273036,0.3,
ring_ang_diffusion_deg,shuffle,conf25,10,189.305,197.198,-7.89216,-72.9993,57.215,0.959978,-0.113896,-0.991129,0.763337,-0.109083,-0.254678,17.9913,0.80186,,42,-0.566947,0.57075,0.16,
ring_ang_diffusion_deg,shuffle,conf50,10,189.305,256.993,-67.6871,-132.86,-2.51446,0.736618,-0.975838,-1.90306,-0.0486147,-0.934606,-2.18204,17.9929,0.0426098,,23,-2.00321,0.0451546,0.54,
ring_ang_diffusion_deg,shuffle,conf75,10,189.305,187.744,1.561,-54.3766,57.4986,1.00831,0.0265551,-0.850006,0.903116,0.0254331,0.059379,15.3001,0.953419,,44,-0.415761,0.677585,0.12,
ring_ang_diffusion_deg,randmat,decorr,10,223.11,243.407,-20.2977,-106.806,66.211,0.91661,-0.226905,-1.10624,0.652434,-0.217317,-0.507375,12.8792,0.620468,,49,-0.0377964,0.96985,0.02,
ring_ang_diffusion_deg,randmat,conf25,10,223.11,197.198,25.912,-32.4214,84.2455,1.1314,0.41891,-0.467174,1.30499,0.401209,0.936711,17.1155,0.361938,,60,0.718132,0.472676,-0.2,
ring_ang_diffusion_deg,randmat,conf50,10,223.11,256.993,-33.8829,-92.2942,24.5284,0.868156,-0.547077,-1.43984,0.345691,-0.523961,-1.2233,17.1009,0.237806,,33,-1.24728,0.212294,0.34,
ring_ang_diffusion_deg,randmat,conf75,10,223.11,187.744,35.3652,-11.5498,82.2802,1.18837,0.710131,-0.193596,1.61386,0.680125,1.5879,17.36,0.130355,,71,1.54965,0.121225,-0.42,
ring_ang_diffusion_deg,decorr,conf25,10,243.407,197.198,46.2097,-43.715,136.134,1.23433,0.490596,-0.399014,1.38021,0.469867,1.09701,14.7353,0.290243,,59,0.64254,0.520523,-0.18,
ring_ang_diffusion_deg,decorr,conf50,10,243.407,256.993,-13.5852,-103.549,76.3789,0.947138,-0.144151,-1.02181,0.733509,-0.138061,-0.322332,14.7536,0.751723,,37,-0.944911,0.344704,0.26,
ring_ang_diffusion_deg,decorr,conf75,10,243.407,187.744,55.6629,-29.1082,140.434,1.29648,0.641632,-0.257161,1.54043,0.614521,1.43473,11.7008,0.177548,,69,1.39847,0.161972,-0.38,
ring_ang_diffusion_deg,conf25,conf50,10,197.198,256.993,-59.7949,-124.247,4.65702,0.767328,-0.871673,-1.78888,0.0455305,-0.834841,-1.94912,17.9999,0.0670396,,25,-1.85203,0.0640221,0.5,
ring_ang_diffusion_deg,conf25,conf75,10,197.198,187.744,9.45316,-45.5635,64.4699,1.05035,0.163327,-0.714655,1.04131,0.156426,0.365211,15.4979,0.71989,,57,0.491354,0.623176,-0.14,
ring_ang_diffusion_deg,conf50,conf75,10,256.993,187.744,69.2481,14.146,124.35,1.36884,1.1947,0.243196,2.14621,1.14422,2.67144,15.4793,0.0170764,,81,2.30558,0.0211339,-0.62,
ring_ang_ac1,rest,flow,10,0,0.816798,-0.816798,-0.888821,-0.744774,0,-11.473,-15.135,-7.81112,-10.9883,-25.6545,9,1.00062e-09,,0,-3.99806,6.38644e-05,1,
ring_ang_ac1,rest,self,10,0,0.811532,-0.811532,-0.87191,-0.751154,0,-13.5976,-17.9017,-9.29357,-13.0231,-30.4053,9,2.20352e-10,,0,-3.99806,6.38644e-05,1,0.000249938
ring_ang_ac1,rest,shuffle,10,0,0.793136,-0.793136,-0.865865,-0.720408,0,-11.0326,-14.5622,-7.50309,-10.5665,-24.6697,9,1.41679e-09,,0,-3.99806,6.38644e-05,1,
ring_ang_ac1,rest,randmat,10,0,0.866419,-0.866419,-0.911584,-0.821255,0,-19.4076,-25.4856,-13.3297,-18.5876,-43.3968,9,9.14704e-12,,0,-3.99806,6.38644e-05,1,
ring_ang_ac1,rest,decorr,10,0,0.844093,-0.844093,-0.910114,-0.778072,0,-12.9343,-17.0374,-8.83129,-12.3878,-28.922,9,3.44189e-10,,0,-3.99806,6.38644e-05,1,
ring_ang_ac1,rest,conf25,10,0,0.737541,-0.737541,-0.949148,-0.525934,0,-3.52609,-4.92693,-2.12526,-3.3771,-7.88459,9,2.48551e-05,,10,-3.19037,0.00142091,0.8,
ring_ang_ac1,rest,conf50,10,0,0.876643,-0.876643,-0.936823,-0.816463,0,-14.737,-19.3874,-10.0867,-14.1143,-32.953,9,1.07436e-10,,0,-3.99806,6.38644e-05,1,
ring_ang_ac1,rest,conf75,10,0,0.787324,-0.787324,-0.863069,-0.711578,0,-10.5156,-13.8902,-7.14105,-10.0713,-23.5137,9,2.16917e-09,,0,-3.99806,6.38644e-05,1,
ring_ang_ac1,flow,self,10,0.816798,0.811532,0.0052657,-0.0822101,0.0927415,1.00649,0.0566816,-0.820017,0.93338,0.0542866,0.126744,17.4677,0.900591,1,52,0.113389,0.909722,-0.04,0.894276
ring_ang_ac1,flow,shuffle,10,0.816798,0.793136,0.0236613,-0.0714003,0.118723,1.02983,0.233863,-0.645651,1.11338,0.223981,0.522933,17.9983,0.607399,,54,0.264575,0.791337,-0.08,
ring_ang_ac1,flow,randmat,10,0.816798,0.866419,-0.0496219,-0.129663,0.0304188,0.942728,-0.59051,-1.48593,0.304912,-0.565559,-1.32042,15.1301,0.206322,,40,-0.718132,0.472676,0.2,
ring_ang_ac1,flow,decorr,10,0.816798,0.844093,-0.0272954,-0.118085,0.0634943,0.967663,-0.282626,-1.16351,0.598262,-0.270684,-0.631971,17.8654,0.53541,,46,-0.264575,0.791337,0.08,
ring_ang_ac1,flow,conf25,10,0.816798,0.737541,0.0792563,-0.138089,0.296602,1.10746,0.358707,-0.524837,1.24225,0.34355,0.802092,11.0576,0.439398,,56,0.415761,0.677585,-0.12,
ring_ang_ac1,flow,conf50,10,0.816798,0.876643,-0.0598456,-0.14721,0.0275188,0.931733,-0.645071,-1.5441,0.253959,-0.617814,-1.44242,17.4487,0.166894,,31,-1.39847,0.161972,0.38,
ring_ang_ac1,flow,conf75,10,0.816798,0.787324,0.0294741,-0.0676151,0.126563,1.03744,0.285281,-0.595688,1.16625,0.273227,0.637908,17.9545,0.531586,,62,0.869318,0.384673,-0.24,
ring_ang_ac1,self,shuffle,10,0.811532,0.793136,0.0183956,-0.0696057,0.106397,1.02319,0.196881,-0.681762,1.07552,0.188563,0.44024,17.4106,0.66518,1,60,0.718132,0.472676,-0.2,0.661085
ring_ang_ac1,self,randmat,10,0.811532,0.866419,-0.0548876,-0.125317,0.0155418,0.93665,-0.736436,-1.64218,0.16931,-0.705319,-1.64672,16.6702,0.118335,,23,-2.00321,0.0451546,0.54,0.106223
ring_ang_ac1,self,decorr,10,0.811532,0.844093,-0.0325611,-0.115699,0.0505764,0.961425,-0.368192,-1.25211,0.515726,-0.352634,-0.823302,17.8582,0.421195,1,37,-0.944911,0.344704,0.26,0.420645
ring_ang_ac1,self,conf25,10,0.811532,0.737541,0.0739907,-0.141479,0.28946,1.10032,0.340164,-0.542675,1.223,0.325791,0.76063,10.4558,0.463686,,53,0.188982,0.850107,-0.06,0.63859
ring_ang_ac1,self,conf50,10,0.811532,0.876643,-0.0651113,-0.144283,0.0140602,0.925727,-0.772704,-1.68135,0.135939,-0.740054,-1.72782,17.9998,0.101138,,24,-1.92762,0.0539026,0.52,0.099975
ring_ang_ac1,self,conf75,10,0.811532,0.787324,0.0242084,-0.0660743,0.114491,1.03075,0.252835,-0.627183,1.13285,0.242151,0.565355,17.1477,0.579155,,48,-0.113389,0.909722,0.04,0.567858
ring_ang_ac1,shuffle,randmat,10,0.793136,0.866419,-0.0732832,-0.153928,0.00736133,0.915418,-0.865988,-1.78267,0.0506975,-0.829397,-1.93641,15.0428,0.0718357,,28,-1.62525,0.10411,0.44,
ring_ang_ac1,shuffle,decorr,10,0.793136,0.844093,-0.0509567,-0.142242,0.0403288,0.939631,-0.524824,-1.41631,0.36666,-0.502649,-1.17354,17.8341,0.256013,,37,-0.944911,0.344704,0.26,
ring_ang_ac1,shuffle,conf25,10,0.793136,0.737541,0.0555951,-0.161879,0.273069,1.07538,0.251361,-0.628616,1.13134,0.24074,0.562061,11.097,0.585249,,47,-0.188982,0.850107,0.06,
ring_ang_ac1,shuffle,conf50,10,0.793136,0.876643,-0.0835069,-0.171398,0.00438398,0.904742,-0.894943,-1.8143,0.0244101,-0.857128,-2.00115,17.3908,0.0612325,,29,-1.54965,0.121225,0.42,
ring_ang_ac1,shuffle,conf75,10,0.793136,0.787324,0.0058128,-0.0917229,0.103348,1.00738,0.0560013,-0.820693,0.932696,0.0536351,0.125223,17.9704,0.901737,,49,-0.0377964,0.96985,0.02,
ring_ang_ac1,randmat,decorr,10,0.866419,0.844093,0.0223265,-0.0526691,0.0973221,1.02645,0.282368,-0.598512,1.16325,0.270437,0.631394,15.9102,0.536749,,56,0.415761,0.677585,-0.12,
ring_ang_ac1,randmat,conf25,10,0.866419,0.737541,0.128878,-0.084777,0.342533,1.17474,0.602579,-0.293614,1.49877,0.577118,1.34741,9.81827,0.208119,,62,0.869318,0.384673,-0.24,
ring_ang_ac1,randmat,conf50,10,0.866419,0.876643,-0.0102237,-0.0804962,0.0600488,0.988338,-0.137462,-1.01502,0.740095,-0.131654,-0.307375,16.6966,0.762359,,35,-1.0961,0.273036,0.3,
ring_ang_ac1,randmat,conf75,10,0.866419,0.787324,0.079096,-0.00415387,0.162346,1.10046,0.907366,-0.0131554,1.82789,0.869027,2.02893,14.6814,0.0610036,,75,1.85203,0.0640221,-0.5,
ring_ang_ac1,decorr,conf25,10,0.844093,0.737541,0.106552,-0.109771,0.322874,1.14447,0.486292,-0.403091,1.37567,0.465744,1.08738,10.7357,0.300678,,57,0.491354,0.623176,-0.14,
ring_ang_ac1,decorr,conf50,10,0.844093,0.876643,-0.0325502,-0.115567,0.0504666,0.96287,-0.36862,-1.25255,0.515315,-0.353044,-0.824259,17.8477,0.420672,,33,-1.24728,0.212294,0.34,
ring_ang_ac1,decorr,conf75,10,0.844093,0.787324,0.0567695,-0.0366733,0.150212,1.0721,0.571577,-0.322664,1.46582,0.547426,1.27809,17.6706,0.217754,,67,1.24728,0.212294,-0.34,
ring_ang_ac1,conf25,conf50,10,0.737541,0.876643,-0.139102,-0.354543,0.0763392,0.841324,-0.639664,-1.53832,0.258994,-0.612636,-1.43033,10.4464,0.181844,,27,-1.70084,0.088973,0.46,
ring_ang_ac1,conf25,conf75,10,0.737541,0.787324,-0.0497823,-0.267824,0.16826,0.93677,-0.22408,-1.10335,0.655189,-0.214612,-0.501058,11.2691,0.625974,,57,0.491354,0.623176,-0.14,
ring_ang_ac1,conf50,conf75,10,0.876643,0.787324,0.0893197,-0.000856923,0.179496,1.11345,0.934053,0.010972,1.85713,0.894586,2.08861,17.1248,0.0519801,,80,2.22999,0.0257481,-0.6,
steer_corr_yaw,rest,flow,10,0,0.786017,-0.786017,-0.798245,-0.77379,0,-65.0318,-85.204,-44.8595,-62.2839,-145.415,9,1.74832e-16,,0,-3.99806,6.38644e-05,1,
steer_corr_yaw,rest,self,10,0,0.726828,-0.726828,-0.740349,-0.713307,0,-54.3822,-71.2579,-37.5065,-52.0844,-121.602,9,8.736e-16,,0,-3.99806,6.38644e-05,1,0.000249938
steer_corr_yaw,rest,shuffle,10,0,0.756666,-0.756666,-0.768897,-0.744434,0,-62.5822,-81.9961,-43.1684,-59.9379,-139.938,9,2.46962e-16,,0,-3.99806,6.38644e-05,1,
steer_corr_yaw,rest,randmat,10,0,0.792016,-0.792016,-0.804342,-0.77969,0,-65.0069,-85.1714,-44.8424,-62.2601,-145.36,9,1.75435e-16,,0,-3.99806,6.38644e-05,1,
steer_corr_yaw,rest,decorr,10,0,0.612189,-0.612189,-0.637002,-0.587375,0,-24.9597,-32.7441,-17.1752,-23.905,-55.8115,9,9.57708e-13,,0,-3.99806,6.38644e-05,1,
steer_corr_yaw,rest,conf25,10,0,0.708292,-0.708292,-0.725143,-0.691442,0,-42.5233,-55.7303,-29.3163,-40.7265,-95.085,9,7.98169e-15,,0,-3.99806,6.38644e-05,1,
steer_corr_yaw,rest,conf50,10,0,0.661659,-0.661659,-0.679729,-0.643589,0,-37.0435,-48.5566,-25.5304,-35.4783,-82.8319,9,2.75909e-14,,0,-3.99806,6.38644e-05,1,
steer_corr_yaw,rest,conf75,10,0,0.633798,-0.633798,-0.668679,-0.598916,0,-18.3819,-24.1454,-12.6183,-17.6052,-41.1031,9,1.48784e-11,,0,-3.99806,6.38644e-05,1,
steer_corr_yaw,flow,self,10,0.786017,0.726828,0.059189,0.042246,0.076132,1.08143,3.28465,1.94136,4.62794,3.14586,7.34471,17.821,8.60319e-07,1.72064e-06,100,3.74185,0.000182672,-1,0.000249938
steer_corr_yaw,flow,shuffle,10,0.786017,0.756666,0.0293516,0.0132889,0.0454143,1.03879,1.71687,0.691504,2.74223,1.64432,3.83903,18,0.00120213,,89,2.91033,0.00361051,-0.78,
steer_corr_yaw,flow,randmat,10,0.786017,0.792016,-0.0059986,-0.0221232,0.010126,0.992426,-0.349532,-1.23272,0.533658,-0.334763,-0.781578,17.9989,0.444623,,28,-1.62525,0.10411,0.44,
steer_corr_yaw,flow,decorr,10,0.786017,0.612189,0.173828,0.147437,0.20022,1.28395,6.35721,4.20093,8.51348,6.08859,14.2151,13.1277,2.36388e-09,,100,3.74185,0.000182672,-1,
steer_corr_yaw,flow,conf25,10,0.786017,0.708292,0.0777247,0.0582545,0.0971949,1.10974,3.77674,2.31451,5.23898,3.61716,8.44506,16.4205,2.24827e-07,,100,3.74185,0.000182672,-1,
steer_corr_yaw,flow,conf50,10,0.786017,0.661659,0.124358,0.103892,0.144824,1.18795,5.76617,3.77585,7.7565,5.52253,12.8936,15.8136,8.36558e-10,,100,3.74185,0.000182672,-1,
steer_corr_yaw,flow,conf75,10,0.786017,0.633798,0.15222,0.116326,0.188113,1.24017,4.16622,2.6057,5.72675,3.99019,9.31596,11.179,1.32167e-06,,100,3.74185,0.000182672,-1,
steer_corr_yaw,self,shuffle,10,0.726828,0.756666,-0.0298374,-0.0467828,-0.012892,0.960567,-1.65555,-2.67119,-0.63992,-1.5856,-3.70193,17.8222,0.00165469,0.00165469,13,-2.75914,0.00579536,0.74,0.00099975
steer_corr_yaw,self,randmat,10,0.726828,0.792016,-0.0651876,-0.0821899,-0.0481853,0.917694,-3.60451,-5.02439,-2.18464,-3.45221,-8.05993,17.8479,2.3396e-07,,2,-3.59066,0.000329839,0.96,0.000249938
steer_corr_yaw,self,decorr,10,0.726828,0.612189,0.114639,0.0878315,0.141447,1.18726,4.1042,2.55954,5.64886,3.93078,9.17727,13.9117,2.81591e-07,8.44774e-07,100,3.74185,0.000182672,-1,0.000249938
steer_corr_yaw,self,conf25,10,0.726828,0.708292,0.0185357,-0.00159709,0.0386685,1.02617,0.867948,-0.0489162,1.78481,0.831274,1.94079,17.1929,0.0688615,,71,1.54965,0.121225,-0.42,0.0637341
steer_corr_yaw,self,conf50,10,0.726828,0.661659,0.0651689,0.0440885,0.0862493,1.09849,2.92126,1.66117,4.18136,2.79783,6.53215,16.6728,5.63721e-06,,97,3.51507,0.000439639,-0.94,0.000249938
steer_corr_yaw,self,conf75,10,0.726828,0.633798,0.0930306,0.056876,0.129185,1.14678,2.51575,1.34268,3.68883,2.40945,5.6254,11.6449,0.000124807,,100,3.74185,0.000182672,-1,0.000249938
steer_corr_yaw,shuffle,randmat,10,0.756666,0.792016,-0.0353502,-0.0514775,-0.0192229,0.955367,-2.05948,-3.14374,-0.975214,-1.97246,-4.60513,17.9989,0.000219788,,9,-3.06151,0.00220222,0.82,
steer_corr_yaw,shuffle,decorr,10,0.756666,0.612189,0.144477,0.118084,0.17087,1.236,5.28342,3.42624,7.1406,5.06018,11.8141,13.1302,2.26883e-08,,100,3.74185,0.000182672,-1,
steer_corr_yaw,shuffle,conf25,10,0.756666,0.708292,0.0483731,0.0289009,0.0678453,1.0683,2.35024,1.21061,3.48987,2.25093,5.25529,16.4234,7.20982e-05,,100,3.74185,0.000182672,-1,
steer_corr_yaw,shuffle,conf50,10,0.756666,0.661659,0.0950063,0.0745384,0.115474,1.14359,4.40474,2.78253,6.02696,4.21863,9.84931,15.8166,3.76988e-08,,100,3.74185,0.000182672,-1,
steer_corr_yaw,shuffle,conf75,10,0.756666,0.633798,0.122868,0.086974,0.158762,1.19386,3.36275,2.00103,4.72447,3.22066,7.51934,11.1804,1.06623e-05,,100,3.74185,0.000182672,-1,
steer_corr_yaw,randmat,decorr,10,0.792016,0.612189,0.179827,0.153406,0.206248,1.29374,6.56627,4.35064,8.78189,6.28882,14.6826,13.1866,1.49283e-09,,100,3.74185,0.000182672,-1,
steer_corr_yaw,randmat,conf25,10,0.792016,0.708292,0.0837233,0.0642054,0.103241,1.1182,4.05698,2.52434,5.58961,3.88555,9.07167,16.4873,8.16879e-08,,100,3.74185,0.000182672,-1,
steer_corr_yaw,randmat,conf50,10,0.792016,0.661659,0.130356,0.109846,0.150867,1.19701,6.02909,3.96531,8.09288,5.77434,13.4815,15.8845,4.11936e-10,,100,3.74185,0.000182672,-1,
steer_corr_yaw,randmat,conf75,10,0.792016,0.633798,0.158218,0.122306,0.19413,1.24964,4.32659,2.72471,5.92848,4.14378,9.67456,11.213,8.83058e-07,,100,3.74185,0.000182672,-1,
steer_corr_yaw,decorr,conf25,10,0.612189,0.708292,-0.0961037,-0.124234,-0.0679733,0.864316,-3.24146,-4.57463,-1.90828,-3.10449,-7.24812,15.8454,2.06133e-06,,1,-3.66626,0.000246128,0.98,
steer_corr_yaw,decorr,conf50,10,0.612189,0.661659,-0.0494705,-0.0781721,-0.0207689,0.925233,-1.63045,-2.64217,-0.618719,-1.56155,-3.64579,16.4505,0.00209402,,9,-3.06151,0.00220222,0.82,
steer_corr_yaw,decorr,conf75,10,0.612189,0.633798,-0.0216088,-0.0616735,0.0184559,0.965906,-0.510686,-1.40138,0.380009,-0.489108,-1.14193,16.2516,0.27003,,32,-1.32288,0.185877,0.36,
steer_corr_yaw,conf25,conf50,10,0.708292,0.661659,0.0466332,0.0236783,0.0695881,1.07048,1.9094,0.851846,2.96696,1.82872,4.26955,17.9129,0.000465735,,91,3.06151,0.00220222,-0.82,
steer_corr_yaw,conf25,conf75,10,0.708292,0.633798,0.0744949,0.0374945,0.111495,1.11754,1.94544,0.881599,3.00929,1.86324,4.35014,12.9837,0.000789024,,94,3.28829,0.00100798,-0.88,
steer_corr_yaw,conf50,conf75,10,0.661659,0.633798,0.0278617,-0.00951268,0.0652361,1.04396,0.717505,-0.18678,1.62179,0.687188,1.60439,13.506,0.131748,,65,1.0961,0.273036,-0.3,
steer_asym_sd_hz,rest,flow,10,182.105,501.949,-319.844,-330.123,-309.565,0.362796,-29.8221,-39.1053,-20.5388,-28.562,-66.6842,14.1264,4.63642e-19,,0,-3.74185,0.000182672,1,
steer_asym_sd_hz,rest,self,10,182.105,426.56,-244.455,-254.56,-234.351,0.426915,-23.1591,-30.3894,-15.9289,-22.1806,-51.7854,14.3051,1.10628e-17,,0,-3.74185,0.000182672,1,0.000249938
steer_asym_sd_hz,rest,shuffle,10,182.105,480.94,-298.835,-307.381,-290.289,0.378644,-33.11,-43.408,-22.8119,-31.7109,-74.0361,16.2577,5.38955e-22,,0,-3.74185,0.000182672,1,
steer_asym_sd_hz,rest,randmat,10,182.105,484.701,-302.596,-311.321,-293.871,0.375705,-32.8781,-43.1046,-22.6516,-31.4889,-73.5176,16.0041,1.12124e-21,,0,-3.74185,0.000182672,1,
steer_asym_sd_hz,rest,decorr,10,182.105,428.101,-245.996,-258.071,-233.921,0.425378,-19.7328,-25.9105,-13.5552,-18.8991,-44.124,12.6835,2.89277e-15,,0,-3.74185,0.000182672,1,
steer_asym_sd_hz,rest,conf25,10,182.105,432.067,-249.963,-266.093,-233.832,0.421473,-15.2502,-20.0567,-10.4436,-14.6058,-34.1004,11.018,1.59684e-12,,0,-3.74185,0.000182672,1,
steer_asym_sd_hz,rest,conf50,10,182.105,422.761,-240.657,-247.792,-233.521,0.430751,-31.6958,-41.5573,-21.8343,-30.3565,-70.874,17.9559,1.94361e-23,,0,-3.74185,0.000182672,1,
steer_asym_sd_hz,rest,conf75,10,182.105,423.331,-241.226,-252.68,-229.772,0.430171,-20.3299,-26.6907,-13.969,-19.4709,-45.459,13.1089,8.19409e-16,,0,-3.74185,0.000182672,1,
steer_asym_sd_hz,flow,self,10,501.949,426.56,75.3886,63.0785,87.6987,1.17674,5.75415,3.76717,7.74113,5.51102,12.8667,17.992,1.63882e-10,4.91645e-10,100,3.74185,0.000182672,-1,0.000249938
steer_asym_sd_hz,flow,shuffle,10,501.949,480.94,21.0089,9.77962,32.2382,1.04368,1.76493,0.731755,2.7981,1.69035,3.9465,17.0435,0.00103673,,90,2.98592,0.00282727,-0.8,
steer_asym_sd_hz,flow,randmat,10,501.949,484.701,17.2477,5.90063,28.5948,1.03558,1.43264,0.45009,2.41519,1.3721,3.20348,17.2453,0.00513505,,86,2.68355,0.00728456,-0.72,
steer_asym_sd_hz,flow,decorr,10,501.949,428.101,73.848,60.016,87.68,1.1725,5.02887,3.24085,6.81689,4.81639,11.2449,17.3902,2.09965e-09,,100,3.74185,0.000182672,-1,
steer_asym_sd_hz,flow,conf25,10,501.949,432.067,69.8811,52.5713,87.1909,1.16174,3.85329,2.372,5.33458,3.69048,8.61622,14.7759,3.82185e-07,,100,3.74185,0.000182672,-1,
steer_asym_sd_hz,flow,conf50,10,501.949,422.761,79.1874,68.8102,89.5646,1.18731,7.2934,4.86918,9.71761,6.98522,16.3085,14.5524,9.39813e-11,,100,3.74185,0.000182672,-1,
steer_asym_sd_hz,flow,conf75,10,501.949,423.331,78.6177,65.2805,91.9549,1.18571,5.54489,3.6159,7.47389,5.3106,12.3988,17.7091,3.65667e-10,,100,3.74185,0.000182672,-1,
steer_asym_sd_hz,self,shuffle,10,426.56,480.94,-54.3797,-65.4578,-43.3016,0.88693,-4.62768,-6.30844,-2.94692,-4.43214,-10.3478,17.1909,8.37016e-09,1.67403e-08,0,-3.74185,0.000182672,1,0.000249938
steer_asym_sd_hz,self,randmat,10,426.56,484.701,-58.1409,-69.3393,-46.9425,0.880048,-4.89061,-6.64141,-3.13981,-4.68397,-10.9357,17.3792,3.24262e-09,,0,-3.74185,0.000182672,1,0.000249938
steer_asym_sd_hz,self,decorr,10,426.56,428.101,-1.5406,-15.2642,12.183,0.996401,-0.1058,-0.982936,0.771335,-0.10133,-0.236577,17.2572,0.81577,0.81577,46,-0.264575,0.791337,0.08,0.820295
steer_asym_sd_hz,self,conf25,10,426.56,432.067,-5.5075,-22.7414,11.7264,0.987253,-0.305368,-1.18698,0.576249,-0.292465,-0.682823,14.5906,0.505417,,40,-0.718132,0.472676,0.2,0.509873
steer_asym_sd_hz,self,conf50,10,426.56,422.761,3.7988,-6.4068,14.0044,1.00899,0.355364,-0.52805,1.23878,0.340348,0.794617,14.7373,0.439446,,62,0.869318,0.384673,-0.24,0.430392
steer_asym_sd_hz,self,conf75,10,426.56,423.331,3.2291,-9.99321,16.4514,1.00763,0.22982,-0.649591,1.10923,0.22011,0.513894,17.6101,0.613714,,59,0.64254,0.520523,-0.18,0.5996
steer_asym_sd_hz,shuffle,randmat,10,480.94,484.701,-3.7612,-13.6773,6.15493,0.99224,-0.356398,-1.23985,0.527055,-0.341339,-0.796931,17.9847,0.435886,,38,-0.869318,0.384673,0.24,
steer_asym_sd_hz,shuffle,decorr,10,480.94,428.101,52.8391,40.0095,65.6687,1.12343,3.91587,2.4189,5.41284,3.75041,8.75616,15.4513,2.21294e-07,,100,3.74185,0.000182672,-1,
steer_asym_sd_hz,shuffle,conf25,10,480.94,432.067,48.8722,32.2479,65.4965,1.11311,2.84387,1.60089,4.08685,2.72371,6.3591,12.8407,2.64623e-05,,100,3.74185,0.000182672,-1,
steer_asym_sd_hz,shuffle,conf50,10,480.94,422.761,58.1785,49.5015,66.8555,1.13762,6.33587,4.18564,8.4861,6.06816,14.1674,16.6705,1.00854e-10,,100,3.74185,0.000182672,-1,
steer_asym_sd_hz,shuffle,conf75,10,480.94,423.331,57.6088,45.34,69.8776,1.13608,4.45178,2.81728,6.08627,4.26367,9.95447,15.9924,2.93976e-08,,100,3.74185,0.000182672,-1,
steer_asym_sd_hz,randmat,decorr,10,484.701,428.101,56.6003,43.675,69.5256,1.13221,4.15772,2.59937,5.71606,3.98204,9.29694,15.7129,8.7456e-08,,100,3.74185,0.000182672,-1,
steer_asym_sd_hz,randmat,conf25,10,484.701,432.067,52.6334,35.9453,69.3215,1.12182,3.04605,1.75789,4.33421,2.91734,6.81116,13.0473,1.21813e-05,,100,3.74185,0.000182672,-1,
steer_asym_sd_hz,randmat,conf50,10,484.701,422.761,61.9397,53.0872,70.7922,1.14651,6.61928,4.38856,8.85,6.33959,14.8012,16.4311,6.3318e-11,,100,3.74185,0.000182672,-1,
steer_asym_sd_hz,randmat,conf75,10,484.701,423.331,61.37,48.9985,73.7415,1.14497,4.69712,2.99797,6.39628,4.49865,10.5031,16.2462,1.18613e-08,,100,3.74185,0.000182672,-1,
steer_asym_sd_hz,decorr,conf25,10,428.101,432.067,-3.9669,-22.1445,14.2107,0.990819,-0.206431,-1.08529,0.672422,-0.197709,-0.461595,16.4526,0.650416,,43,-0.491354,0.623176,0.14,
steer_asym_sd_hz,decorr,conf50,10,428.101,422.761,5.3394,-6.81232,17.4911,1.01263,0.424424,-0.461912,1.31076,0.40649,0.94904,13.0288,0.359873,,70,1.47406,0.140465,-0.4,
steer_asym_sd_hz,decorr,conf75,10,428.101,423.331,4.7697,-9.83241,19.3718,1.01127,0.306983,-0.574687,1.18865,0.294012,0.686435,17.9343,0.501218,,58,0.566947,0.57075,-0.16,
steer_asym_sd_hz,conf25,conf50,10,432.067,422.761,9.3063,-6.87382,25.4864,1.02201,0.56478,-0.329046,1.45861,0.540916,1.26289,11.2221,0.232239,,65,1.0961,0.273036,-0.3,
steer_asym_sd_hz,conf25,conf75,10,432.067,423.331,8.7366,-9.1239,26.5971,1.02064,0.463913,-0.424321,1.35215,0.444311,1.03734,15.9294,0.315068,,65,1.0961,0.273036,-0.3,
steer_asym_sd_hz,conf50,conf75,10,422.761,423.331,-0.5697,-12.1073,10.9679,0.998654,-0.047533,-0.924179,0.829113,-0.0455246,-0.106287,13.4831,0.91692,,45,-0.340168,0.73373,0.1,
dn_rate_hz,rest,flow,10,1060.43,2071.6,-1011.17,-1022.27,-1000.06,0.511891,-88.4368,-115.857,-61.0165,-84.7001,-197.751,12.3555,5.27229e-23,,0,-3.74185,0.000182672,1,
dn_rate_hz,rest,self,10,1060.43,1993.1,-932.668,-938.647,-926.689,0.532052,-146.592,-192.029,-101.155,-140.398,-327.789,17.9608,2.2404e-35,,0,-3.74185,0.000182672,1,0.000249938
dn_rate_hz,rest,shuffle,10,1060.43,2088.23,-1027.8,-1035.96,-1019.64,0.507814,-119.952,-157.135,-82.7686,-114.883,-268.22,15.2692,1.81584e-29,,0,-3.74185,0.000182672,1,
dn_rate_hz,rest,randmat,10,1060.43,2039.8,-979.366,-988.69,-970.042,0.519871,-100.878,-132.153,-69.6042,-96.6159,-225.571,13.8142,4.90729e-26,,0,-3.74326,0.000181651,1,
dn_rate_hz,rest,decorr,10,1060.43,2081.9,-1021.47,-1033.66,-1009.28,0.509358,-81.8279,-107.201,-56.4545,-78.3704,-182.973,11.7637,1.09479e-21,,0,-3.74185,0.000182672,1,
dn_rate_hz,rest,conf25,10,1060.43,2019.23,-958.801,-967.924,-949.678,0.525166,-100.783,-132.028,-69.5385,-96.5249,-225.358,14.031,2.2598e-26,,0,-3.74185,0.000182672,1,
dn_rate_hz,rest,conf50,10,1060.43,2035.63,-975.199,-985.94,-964.458,0.520936,-88.007,-115.294,-60.7197,-84.2884,-196.79,12.5968,2.37233e-23,,0,-3.74185,0.000182672,1,
dn_rate_hz,rest,conf75,10,1060.43,2056.03,-995.599,-1004.74,-986.46,0.515767,-104.48,-136.87,-72.0898,-100.065,-233.624,14.0132,1.45572e-26,,0,-3.74185,0.000182672,1,
dn_rate_hz,flow,self,10,2071.6,1993.1,78.499,67.4464,89.5516,1.03939,6.91572,4.60024,9.2312,6.62351,15.464,12.075,2.52839e-09,5.05678e-09,100,3.74185,0.000182672,-1,0.000249938
dn_rate_hz,flow,shuffle,10,2071.6,2088.23,-16.633,-28.6919,-4.57406,0.992035,-1.3077,-2.27337,-0.342029,-1.25245,-2.92411,15.9928,0.00993467,,16.5,-2.4955,0.0125778,0.67,
dn_rate_hz,flow,randmat,10,2071.6,2039.8,31.801,19.0679,44.5341,1.01559,2.35328,1.21305,3.49352,2.25385,5.2621,17.3093,5.99513e-05,,95,3.36515,0.000765023,-0.9,
dn_rate_hz,flow,decorr,10,2071.6,2081.9,-10.301,-24.9942,4.39224,0.995052,-0.659198,-1.55921,0.240816,-0.631344,-1.47401,17.8118,0.157933,,33.5,-1.20994,0.226301,0.33,
dn_rate_hz,flow,conf25,10,2071.6,2019.23,52.366,39.7545,64.9775,1.02593,3.91547,2.4186,5.41233,3.75002,8.75525,17.1335,9.83345e-08,,100,3.74185,0.000182672,-1,
dn_rate_hz,flow,conf50,10,2071.6,2035.63,35.968,22.3139,49.6221,1.01767,2.47527,1.31049,3.64005,2.37068,5.53487,17.9746,2.97687e-05,,98,3.59066,0.000329839,-0.96,
dn_rate_hz,flow,conf75,10,2071.6,2056.03,15.568,2.94681,28.1892,1.00757,1.16307,0.215334,2.11081,1.11393,2.6007,17.1484,0.0185621,,80,2.22999,0.0257481,-0.6,
dn_rate_hz,self,shuffle,10,1993.1,2088.23,-95.132,-103.201,-87.0632,0.954444,-11.2484,-14.8427,-7.654,-10.7731,-25.1521,14.8507,1.37881e-13,4.13644e-13,0,-3.74185,0.000182672,1,0.000249938
dn_rate_hz,self,randmat,10,1993.1,2039.8,-46.698,-55.9521,-37.4439,0.977107,-4.85905,-6.60139,-3.11671,-4.65374,-10.8652,13.4433,4.92874e-08,,0,-3.74326,0.000181651,1,0.000249938
dn_rate_hz,self,decorr,10,1993.1,2081.9,-88.8,-100.945,-76.6553,0.957347,-7.15715,-9.54205,-4.77225,-6.85473,-16.0039,11.5275,3.14385e-09,5.05678e-09,0,-3.74185,0.000182672,1,0.000249938
dn_rate_hz,self,conf25,10,1993.1,2019.23,-26.133,-35.1841,-17.0819,0.987058,-2.77609,-4.00426,-1.54791,-2.65879,-6.20752,13.6498,2.55883e-05,,0,-3.74185,0.000182672,1,0.000249938
dn_rate_hz,self,conf50,10,1993.1,2035.63,-42.531,-53.2159,-31.8461,0.979107,-3.86811,-5.35311,-2.38311,-3.70467,-8.64935,12.2993,1.40602e-06,,0,-3.74185,0.000182672,1,0.000249938
dn_rate_hz,self,conf75,10,1993.1,2056.03,-62.931,-71.9984,-53.8636,0.969392,-6.67392,-8.92022,-4.42762,-6.39192,-14.9233,13.6327,7.81184e-10,,0,-3.74185,0.000182672,1,0.000249938
dn_rate_hz,shuffle,randmat,10,2088.23,2039.8,48.434,37.8959,58.9721,1.02374,4.32686,2.72491,5.92882,4.14404,9.67515,17.5157,1.90569e-08,,100,3.74326,0.000181651,-1,
dn_rate_hz,shuffle,decorr,10,2088.23,2081.9,6.332,-6.69348,19.3575,1.00304,0.463194,-0.425004,1.35139,0.443622,1.03573,15.0695,0.316662,,64,1.0205,0.307489,-0.28,
dn_rate_hz,shuffle,conf25,10,2088.23,2019.23,68.999,58.6255,79.3725,1.03417,6.2583,4.13,8.38661,5.99387,13.994,17.6512,5.42856e-11,,100,3.74185,0.000182672,-1,
dn_rate_hz,shuffle,conf50,10,2088.23,2035.63,52.601,40.861,64.341,1.02584,4.24098,2.66123,5.82072,4.06178,9.48311,16.3193,4.80917e-08,,100,3.74185,0.000182672,-1,
dn_rate_hz,shuffle,conf75,10,2088.23,2056.03,32.201,21.8143,42.5877,1.01566,2.91711,1.65793,4.17628,2.79385,6.52285,17.6409,4.34358e-06,,98,3.59066,0.000329839,-0.96,
dn_rate_hz,randmat,decorr,10,2039.8,2081.9,-42.102,-55.7289,-28.4751,0.979777,-2.92128,-4.18138,-1.66118,-2.79784,-6.53217,16.5459,5.85351e-06,,0,-3.74326,0.000181651,1,
dn_rate_hz,randmat,conf25,10,2039.8,2019.23,20.565,9.35295,31.777,1.01018,1.72342,0.696998,2.74984,1.6506,3.85368,17.9875,0.0011648,,90,2.98704,0.00281691,-0.8,
dn_rate_hz,randmat,conf50,10,2039.8,2035.63,4.167,-8.27428,16.6083,1.00205,0.315293,-0.566658,1.19724,0.301971,0.705017,17.5321,0.490061,,63,0.945267,0.344523,-0.26,
dn_rate_hz,randmat,conf75,10,2039.8,2056.03,-16.233,-27.4567,-5.00933,0.992105,-1.35896,-2.33141,-0.386516,-1.30154,-3.03873,17.9895,0.00706739,,16,-2.53522,0.0112376,0.68,
dn_rate_hz,decorr,conf25,10,2081.9,2019.23,62.667,49.1492,76.1848,1.03104,4.38794,2.77011,6.00578,4.20254,9.81174,16.3255,2.97298e-08,,100,3.74185,0.000182672,-1,
dn_rate_hz,decorr,conf50,10,2081.9,2035.63,46.269,31.8074,60.7306,1.02273,3.01029,1.73023,4.29035,2.88309,6.73121,17.6547,2.88951e-06,,100,3.74185,0.000182672,-1,
dn_rate_hz,decorr,conf75,10,2081.9,2056.03,25.869,12.3425,39.3955,1.01258,1.81003,0.76939,2.85067,1.73355,4.04734,16.3437,0.000898681,,91,3.06151,0.00220222,-0.82,
dn_rate_hz,conf25,conf50,10,2019.23,2035.63,-16.398,-28.7131,-4.08292,0.991945,-1.25427,-2.21311,-0.295427,-1.20127,-2.80463,17.3801,0.0120018,,14,-2.68355,0.00728456,0.72,
dn_rate_hz,conf25,conf75,10,2019.23,2056.03,-36.798,-47.8729,-25.7231,0.982102,-3.12183,-4.4273,-1.81637,-2.98993,-6.98063,17.9999,1.61229e-06,,0,-3.74185,0.000182672,1,
dn_rate_hz,conf50,conf75,10,2035.63,2056.03,-20.4,-32.7251,-8.07489,0.990078,-1.55902,-2.55988,-0.558164,-1.49315,-3.48607,17.3931,0.0027495,,12,-2.83473,0.00458639,0.76,
loop_err_rms,rest,flow,10,0,0,0,nan,nan,nan,nan,nan,nan,nan,nan,nan,nan,,50,nan,nan,0,
loop_err_rms,rest,self,10,0,0,0,nan,nan,nan,nan,nan,nan,nan,nan,nan,nan,,50,nan,nan,0,1
loop_err_rms,rest,shuffle,10,0,0,0,nan,nan,nan,nan,nan,nan,nan,nan,nan,nan,,50,nan,nan,0,
loop_err_rms,rest,randmat,10,0,0,0,nan,nan,nan,nan,nan,nan,nan,nan,nan,nan,,50,nan,nan,0,
loop_err_rms,rest,decorr,10,0,0,0,nan,nan,nan,nan,nan,nan,nan,nan,nan,nan,,50,nan,nan,0,
loop_err_rms,rest,conf25,10,0,0,0,nan,nan,nan,nan,nan,nan,nan,nan,nan,nan,,50,nan,nan,0,
loop_err_rms,rest,conf50,10,0,0,0,nan,nan,nan,nan,nan,nan,nan,nan,nan,nan,,50,nan,nan,0,
loop_err_rms,rest,conf75,10,0,0,0,nan,nan,nan,nan,nan,nan,nan,nan,nan,nan,,50,nan,nan,0,
loop_err_rms,flow,self,10,0,0,0,nan,nan,nan,nan,nan,nan,nan,nan,nan,nan,1,50,nan,nan,0,1
loop_err_rms,flow,shuffle,10,0,0,0,nan,nan,nan,nan,nan,nan,nan,nan,nan,nan,,50,nan,nan,0,
loop_err_rms,flow,randmat,10,0,0,0,nan,nan,nan,nan,nan,nan,nan,nan,nan,nan,,50,nan,nan,0,
loop_err_rms,flow,decorr,10,0,0,0,nan,nan,nan,nan,nan,nan,nan,nan,nan,nan,,50,nan,nan,0,
loop_err_rms,flow,conf25,10,0,0,0,nan,nan,nan,nan,nan,nan,nan,nan,nan,nan,,50,nan,nan,0,
loop_err_rms,flow,conf50,10,0,0,0,nan,nan,nan,nan,nan,nan,nan,nan,nan,nan,,50,nan,nan,0,
loop_err_rms,flow,conf75,10,0,0,0,nan,nan,nan,nan,nan,nan,nan,nan,nan,nan,,50,nan,nan,0,
loop_err_rms,self,shuffle,10,0,0,0,nan,nan,nan,nan,nan,nan,nan,nan,nan,nan,1,50,nan,nan,0,1
loop_err_rms,self,randmat,10,0,0,0,nan,nan,nan,nan,nan,nan,nan,nan,nan,nan,,50,nan,nan,0,1
loop_err_rms,self,decorr,10,0,0,0,nan,nan,nan,nan,nan,nan,nan,nan,nan,nan,1,50,nan,nan,0,1
loop_err_rms,self,conf25,10,0,0,0,nan,nan,nan,nan,nan,nan,nan,nan,nan,nan,,50,nan,nan,0,1
loop_err_rms,self,conf50,10,0,0,0,nan,nan,nan,nan,nan,nan,nan,nan,nan,nan,,50,nan,nan,0,1
loop_err_rms,self,conf75,10,0,0,0,nan,nan,nan,nan,nan,nan,nan,nan,nan,nan,,50,nan,nan,0,1
loop_err_rms,shuffle,randmat,10,0,0,0,nan,nan,nan,nan,nan,nan,nan,nan,nan,nan,,50,nan,nan,0,
loop_err_rms,shuffle,decorr,10,0,0,0,nan,nan,nan,nan,nan,nan,nan,nan,nan,nan,,50,nan,nan,0,
loop_err_rms,shuffle,conf25,10,0,0,0,nan,nan,nan,nan,nan,nan,nan,nan,nan,nan,,50,nan,nan,0,
loop_err_rms,shuffle,conf50,10,0,0,0,nan,nan,nan,nan,nan,nan,nan,nan,nan,nan,,50,nan,nan,0,
loop_err_rms,shuffle,conf75,10,0,0,0,nan,nan,nan,nan,nan,nan,nan,nan,nan,nan,,50,nan,nan,0,
loop_err_rms,randmat,decorr,10,0,0,0,nan,nan,nan,nan,nan,nan,nan,nan,nan,nan,,50,nan,nan,0,
loop_err_rms,randmat,conf25,10,0,0,0,nan,nan,nan,nan,nan,nan,nan,nan,nan,nan,,50,nan,nan,0,
loop_err_rms,randmat,conf50,10,0,0,0,nan,nan,nan,nan,nan,nan,nan,nan,nan,nan,,50,nan,nan,0,
loop_err_rms,randmat,conf75,10,0,0,0,nan,nan,nan,nan,nan,nan,nan,nan,nan,nan,,50,nan,nan,0,
loop_err_rms,decorr,conf25,10,0,0,0,nan,nan,nan,nan,nan,nan,nan,nan,nan,nan,,50,nan,nan,0,
loop_err_rms,decorr,conf50,10,0,0,0,nan,nan,nan,nan,nan,nan,nan,nan,nan,nan,,50,nan,nan,0,
loop_err_rms,decorr,conf75,10,0,0,0,nan,nan,nan,nan,nan,nan,nan,nan,nan,nan,,50,nan,nan,0,
loop_err_rms,conf25,conf50,10,0,0,0,nan,nan,nan,nan,nan,nan,nan,nan,nan,nan,,50,nan,nan,0,
loop_err_rms,conf25,conf75,10,0,0,0,nan,nan,nan,nan,nan,nan,nan,nan,nan,nan,,50,nan,nan,0,
loop_err_rms,conf50,conf75,10,0,0,0,nan,nan,nan,nan,nan,nan,nan,nan,nan,nan,,50,nan,nan,0,
loop_err_mean,rest,flow,10,0,0,0,nan,nan,nan,nan,nan,nan,nan,nan,nan,nan,,50,nan,nan,0,
loop_err_mean,rest,self,10,0,0,0,nan,nan,nan,nan,nan,nan,nan,nan,nan,nan,,50,nan,nan,0,1
loop_err_mean,rest,shuffle,10,0,0,0,nan,nan,nan,nan,nan,nan,nan,nan,nan,nan,,50,nan,nan,0,
loop_err_mean,rest,randmat,10,0,0,0,nan,nan,nan,nan,nan,nan,nan,nan,nan,nan,,50,nan,nan,0,
loop_err_mean,rest,decorr,10,0,0,0,nan,nan,nan,nan,nan,nan,nan,nan,nan,nan,,50,nan,nan,0,
loop_err_mean,rest,conf25,10,0,0,0,nan,nan,nan,nan,nan,nan,nan,nan,nan,nan,,50,nan,nan,0,
loop_err_mean,rest,conf50,10,0,0,0,nan,nan,nan,nan,nan,nan,nan,nan,nan,nan,,50,nan,nan,0,
loop_err_mean,rest,conf75,10,0,0,0,nan,nan,nan,nan,nan,nan,nan,nan,nan,nan,,50,nan,nan,0,
loop_err_mean,flow,self,10,0,0,0,nan,nan,nan,nan,nan,nan,nan,nan,nan,nan,1,50,nan,nan,0,1
loop_err_mean,flow,shuffle,10,0,0,0,nan,nan,nan,nan,nan,nan,nan,nan,nan,nan,,50,nan,nan,0,
loop_err_mean,flow,randmat,10,0,0,0,nan,nan,nan,nan,nan,nan,nan,nan,nan,nan,,50,nan,nan,0,
loop_err_mean,flow,decorr,10,0,0,0,nan,nan,nan,nan,nan,nan,nan,nan,nan,nan,,50,nan,nan,0,
loop_err_mean,flow,conf25,10,0,0,0,nan,nan,nan,nan,nan,nan,nan,nan,nan,nan,,50,nan,nan,0,
loop_err_mean,flow,conf50,10,0,0,0,nan,nan,nan,nan,nan,nan,nan,nan,nan,nan,,50,nan,nan,0,
loop_err_mean,flow,conf75,10,0,0,0,nan,nan,nan,nan,nan,nan,nan,nan,nan,nan,,50,nan,nan,0,
loop_err_mean,self,shuffle,10,0,0,0,nan,nan,nan,nan,nan,nan,nan,nan,nan,nan,1,50,nan,nan,0,1
loop_err_mean,self,randmat,10,0,0,0,nan,nan,nan,nan,nan,nan,nan,nan,nan,nan,,50,nan,nan,0,1
loop_err_mean,self,decorr,10,0,0,0,nan,nan,nan,nan,nan,nan,nan,nan,nan,nan,1,50,nan,nan,0,1
loop_err_mean,self,conf25,10,0,0,0,nan,nan,nan,nan,nan,nan,nan,nan,nan,nan,,50,nan,nan,0,1
loop_err_mean,self,conf50,10,0,0,0,nan,nan,nan,nan,nan,nan,nan,nan,nan,nan,,50,nan,nan,0,1
loop_err_mean,self,conf75,10,0,0,0,nan,nan,nan,nan,nan,nan,nan,nan,nan,nan,,50,nan,nan,0,1
loop_err_mean,shuffle,randmat,10,0,0,0,nan,nan,nan,nan,nan,nan,nan,nan,nan,nan,,50,nan,nan,0,
loop_err_mean,shuffle,decorr,10,0,0,0,nan,nan,nan,nan,nan,nan,nan,nan,nan,nan,,50,nan,nan,0,
loop_err_mean,shuffle,conf25,10,0,0,0,nan,nan,nan,nan,nan,nan,nan,nan,nan,nan,,50,nan,nan,0,
loop_err_mean,shuffle,conf50,10,0,0,0,nan,nan,nan,nan,nan,nan,nan,nan,nan,nan,,50,nan,nan,0,
loop_err_mean,shuffle,conf75,10,0,0,0,nan,nan,nan,nan,nan,nan,nan,nan,nan,nan,,50,nan,nan,0,
loop_err_mean,randmat,decorr,10,0,0,0,nan,nan,nan,nan,nan,nan,nan,nan,nan,nan,,50,nan,nan,0,
loop_err_mean,randmat,conf25,10,0,0,0,nan,nan,nan,nan,nan,nan,nan,nan,nan,nan,,50,nan,nan,0,
loop_err_mean,randmat,conf50,10,0,0,0,nan,nan,nan,nan,nan,nan,nan,nan,nan,nan,,50,nan,nan,0,
loop_err_mean,randmat,conf75,10,0,0,0,nan,nan,nan,nan,nan,nan,nan,nan,nan,nan,,50,nan,nan,0,
loop_err_mean,decorr,conf25,10,0,0,0,nan,nan,nan,nan,nan,nan,nan,nan,nan,nan,,50,nan,nan,0,
loop_err_mean,decorr,conf50,10,0,0,0,nan,nan,nan,nan,nan,nan,nan,nan,nan,nan,,50,nan,nan,0,
loop_err_mean,decorr,conf75,10,0,0,0,nan,nan,nan,nan,nan,nan,nan,nan,nan,nan,,50,nan,nan,0,
loop_err_mean,conf25,conf50,10,0,0,0,nan,nan,nan,nan,nan,nan,nan,nan,nan,nan,,50,nan,nan,0,
loop_err_mean,conf25,conf75,10,0,0,0,nan,nan,nan,nan,nan,nan,nan,nan,nan,nan,,50,nan,nan,0,
loop_err_mean,conf50,conf75,10,0,0,0,nan,nan,nan,nan,nan,nan,nan,nan,nan,nan,,50,nan,nan,0,
