index,body_id,pop,pop_name,cx_family,cx_name,x,y,z,cell_type,in_pool,is_lptc,is_relay,in_body_patch,positive_side,no_soma
0,129802,1,sensory,0,not-CX,0.0,0.0,0.0,dorsal_tpGRN,0,0,0,0,0,1
1,146047,1,sensory,0,not-CX,0.0,0.0,0.0,dorsal_tpGRN,0,0,0,0,0,1
2,146756,1,sensory,0,not-CX,0.0,0.0,0.0,claw_tpGRN,0,0,0,0,0,1
3,146880,1,sensory,0,not-CX,0.0,0.0,0.0,claw_tpGRN,0,0,0,0,0,1
4,149384,1,sensory,0,not-CX,0.0,0.0,0.0,claw_tpGRN,0,0,0,0,0,1
5,151220,1,sensory,0,not-CX,0.0,0.0,0.0,claw_tpGRN,0,0,0,0,0,1
6,152432,1,sensory,0,not-CX,0.0,0.0,0.0,dorsal_tpGRN,0,0,0,0,0,1
7,156079,1,sensory,0,not-CX,0.0,0.0,0.0,claw_tpGRN,0,0,0,0,0,1
8,156512,1,sensory,0,not-CX,0.0,0.0,0.0,claw_tpGRN,0,0,0,0,0,1
9,157030,1,sensory,0,not-CX,0.0,0.0,0.0,claw_tpGRN,0,0,0,0,0,1
10,157131,1,sensory,0,not-CX,0.0,0.0,0.0,claw_tpGRN,0,0,0,0,0,1
11,157398,1,sensory,0,not-CX,0.0,0.0,0.0,claw_tpGRN,0,0,0,0,0,1
12,158200,1,sensory,0,not-CX,0.0,0.0,0.0,claw_tpGRN,0,0,0,0,0,1
13,159466,1,sensory,0,not-CX,0.0,0.0,0.0,claw_tpGRN,0,0,0,0,0,1
14,159854,1,sensory,0,not-CX,0.0,0.0,0.0,claw_tpGRN,0,0,0,0,0,1
15,160114,1,sensory,0,not-CX,0.0,0.0,0.0,claw_tpGRN,0,0,0,0,0,1
16,160450,1,sensory,0,not-CX,0.0,0.0,0.0,claw_tpGRN,0,0,0,0,0,1
17,160475,1,sensory,0,not-CX,0.0,0.0,0.0,claw_tpGRN,0,0,0,0,0,1
18,161040,1,sensory,0,not-CX,0.0,0.0,0.0,claw_tpGRN,0,0,0,0,0,1
19,161485,1,sensory,0,not-CX,0.0,0.0,0.0,claw_tpGRN,0,0,0,0,0,1
20,163001,1,sensory,0,not-CX,0.0,0.0,0.0,claw_tpGRN,0,0,0,0,0,1
21,163239,1,sensory,0,not-CX,0.0,0.0,0.0,claw_tpGRN,0,0,0,0,0,1
22,163469,1,sensory,0,not-CX,0.0,0.0,0.0,claw_tpGRN,0,0,0,0,0,1
23,164437,1,sensory,0,not-CX,0.0,0.0,0.0,claw_tpGRN,0,0,0,0,0,1
24,166316,1,sensory,0,not-CX,0.0,0.0,0.0,claw_tpGRN,0,0,0,0,0,1
25,166816,1,sensory,0,not-CX,0.0,0.0,0.0,claw_tpGRN,0,0,0,0,0,1
26,167313,1,sensory,0,not-CX,0.0,0.0,0.0,claw_tpGRN,0,0,0,0,0,1
27,169896,1,sensory,0,not-CX,0.0,0.0,0.0,claw_tpGRN,0,0,0,0,0,1
28,170350,1,sensory,0,not-CX,0.0,0.0,0.0,claw_tpGRN,0,0,0,0,0,1
29,170643,1,sensory,0,not-CX,0.0,0.0,0.0,claw_tpGRN,0,0,0,0,0,1
30,170947,1,sensory,0,not-CX,0.0,0.0,0.0,dorsal_tpGRN,0,0,0,0,0,1
31,171047,1,sensory,0,not-CX,0.0,0.0,0.0,claw_tpGRN,0,0,0,0,0,1
32,173010,1,sensory,0,not-CX,0.0,0.0,0.0,claw_tpGRN,0,0,0,0,0,1
33,175078,1,sensory,0,not-CX,0.0,0.0,0.0,claw_tpGRN,0,0,0,0,0,1
34,176139,1,sensory,0,not-CX,0.0,0.0,0.0,claw_tpGRN,0,0,0,0,0,1
35,178033,1,sensory,0,not-CX,0.0,0.0,0.0,claw_tpGRN,0,0,0,0,0,1
36,181374,1,sensory,0,not-CX,0.0,0.0,0.0,claw_tpGRN,0,0,0,0,0,1
37,182830,1,sensory,0,not-CX,0.0,0.0,0.0,dorsal_tpGRN,0,0,0,0,0,1
38,183009,1,sensory,0,not-CX,0.0,0.0,0.0,claw_tpGRN,0,0,0,0,0,1
39,192172,1,sensory,0,not-CX,0.0,0.0,0.0,dorsal_tpGRN,0,0,0,0,0,1
40,194906,1,sensory,0,not-CX,0.0,0.0,0.0,claw_tpGRN,0,0,0,0,0,1
41,202063,1,sensory,0,not-CX,0.0,0.0,0.0,dorsal_tpGRN,0,0,0,0,0,1
42,270082,1,sensory,0,not-CX,0.0,0.0,0.0,claw_tpGRN,0,0,0,0,0,1
43,284701,1,sensory,0,not-CX,0.0,0.0,0.0,claw_tpGRN,0,0,0,0,0,1
44,305187,1,sensory,0,not-CX,0.0,0.0,0.0,claw_tpGRN,0,0,0,0,0,1
45,426555,1,sensory,0,not-CX,0.0,0.0,0.0,dorsal_tpGRN,0,0,0,0,0,1
46,516644,1,sensory,0,not-CX,0.0,0.0,0.0,claw_tpGRN,0,0,0,0,0,1
47,104018476,1,sensory,0,not-CX,0.0,0.0,0.0,dorsal_tpGRN,0,0,0,0,0,1
48,139536760,1,sensory,0,not-CX,0.0,0.0,0.0,claw_tpGRN,0,0,0,0,0,1
49,208587231,1,sensory,0,not-CX,0.0,0.0,0.0,claw_tpGRN,0,0,0,0,0,1
50,274780241,1,sensory,0,not-CX,0.0,0.0,0.0,dorsal_tpGRN,0,0,0,0,0,1
51,372711713,1,sensory,0,not-CX,0.0,0.0,0.0,claw_tpGRN,0,0,0,0,0,1
52,380771816,1,sensory,0,not-CX,0.0,0.0,0.0,claw_tpGRN,0,0,0,0,0,1
53,427340616,1,sensory,0,not-CX,0.0,0.0,0.0,claw_tpGRN,0,0,0,0,0,1
54,433166791,1,sensory,0,not-CX,0.0,0.0,0.0,claw_tpGRN,0,0,0,0,0,1
55,466363045,1,sensory,0,not-CX,0.0,0.0,0.0,claw_tpGRN,0,0,0,0,0,1
56,641453735,1,sensory,0,not-CX,0.0,0.0,0.0,claw_tpGRN,0,0,0,0,0,1
57,646393090,1,sensory,0,not-CX,0.0,0.0,0.0,claw_tpGRN,0,0,0,0,0,1
58,777730219,1,sensory,0,not-CX,0.0,0.0,0.0,claw_tpGRN,0,0,0,0,0,1
59,934523007,1,sensory,0,not-CX,0.0,0.0,0.0,claw_tpGRN,0,0,0,0,0,1
60,10006,10,LPTC (self-motion),0,not-CX,556.8,226.9,339.7,VS,1,1,0,0,1,0
61,10012,10,LPTC (self-motion),0,not-CX,187.2,221.7,348.1,VS,1,1,0,0,0,0
62,10015,10,LPTC (self-motion),0,not-CX,255.2,211.9,309.6,HSN,1,1,0,0,0,0
63,10016,10,LPTC (self-motion),0,not-CX,252.7,197.4,306.2,HSE,1,1,0,0,0,0
64,10019,10,LPTC (self-motion),0,not-CX,493.0,168.3,282.9,H2,1,1,0,1,1,0
65,10023,10,LPTC (self-motion),0,not-CX,225.0,243.0,345.1,HSS,1,1,0,0,0,0
66,10025,10,LPTC (self-motion),0,not-CX,258.2,184.8,297.4,H2,1,1,0,1,0,0
67,10034,10,LPTC (self-motion),0,not-CX,553.4,241.5,337.2,HSE,1,1,0,0,1,0
68,10037,10,LPTC (self-motion),0,not-CX,223.0,230.4,339.9,VS,1,1,0,0,0,0
69,10039,2,antennal,0,not-CX,312.9,244.9,91.4,VL2a_adPN,0,0,0,0,0,0
70,10049,0,unnamed,0,not-CX,513.5,188.0,120.6,VA7m_lPN,0,0,0,0,1,0
71,10073,10,LPTC (self-motion),0,not-CX,561.4,233.9,338.9,VS,1,1,0,0,1,0
72,10075,0,unnamed,0,not-CX,505.8,217.5,107.3,DA1_lPN,0,0,0,0,1,0
73,10084,2,antennal,0,not-CX,327.0,276.0,118.3,DP1m_adPN,0,0,0,0,0,0
74,10096,0,unnamed,0,not-CX,488.8,211.7,141.7,lLN2F_a,0,0,0,0,1,0
75,10111,2,antennal,0,not-CX,409.2,171.4,106.1,DM3_adPN,0,0,0,0,1,0
76,10112,10,LPTC (self-motion),0,not-CX,218.5,226.7,344.0,VS,1,1,0,0,0,0
77,10126,2,antennal,0,not-CX,444.5,255.2,96.3,DP1m_adPN,0,0,0,0,1,0
78,10133,0,unnamed,0,not-CX,498.6,208.4,105.5,lLN2F_b,0,0,0,0,1,0
79,10134,2,antennal,0,not-CX,452.9,162.3,89.3,VL2a_adPN,0,0,0,0,1,0
80,10140,0,unnamed,0,not-CX,272.6,207.0,106.6,lLN1_bc,0,0,0,0,0,0
81,10161,10,LPTC (self-motion),0,not-CX,565.1,201.6,334.2,VS,1,1,0,0,1,0
82,10169,0,unnamed,0,not-CX,274.6,221.8,114.8,lLN2F_b,0,0,0,0,0,0
83,10176,0,unnamed,0,not-CX,266.9,214.0,119.4,DM1_lPN,0,0,0,0,0,0
84,10181,10,LPTC (self-motion),0,not-CX,528.6,194.2,303.0,HSN,1,1,0,0,1,0
85,10198,2,antennal,0,not-CX,341.4,273.9,101.8,VA7l_adPN,0,0,0,0,0,0
86,10201,0,unnamed,0,not-CX,274.8,210.3,122.2,lLN2T_c,0,0,0,0,0,0
87,10206,10,LPTC (self-motion),0,not-CX,215.5,234.3,346.5,VS,1,1,0,0,0,0
88,10208,0,unnamed,0,not-CX,498.6,201.1,123.6,DM1_lPN,0,0,0,0,1,0
89,10209,10,LPTC (self-motion),0,not-CX,329.8,209.5,304.8,LHPV12a1,1,1,0,1,0,0
90,10254,0,unnamed,0,not-CX,283.5,249.9,129.0,lLN2F_a,0,0,0,0,0,0
91,10262,0,unnamed,0,not-CX,0.0,0.0,0.0,V_ilPN,1,0,1,0,0,1
92,10284,10,LPTC (self-motion),0,not-CX,211.3,240.6,349.6,VS,1,1,0,0,0,0
93,10305,10,LPTC (self-motion),0,not-CX,475.4,195.5,295.0,LHPV12a1,1,1,0,1,1,0
94,10311,10,LPTC (self-motion),0,not-CX,205.2,238.0,349.2,VS,1,1,0,0,0,0
95,10321,2,antennal,0,not-CX,429.8,255.1,100.6,VL2p_adPN,0,0,0,0,1,0
96,10347,10,LPTC (self-motion),0,not-CX,580.6,110.8,263.1,LHPV6q1,1,1,0,0,1,0
97,10356,10,LPTC (self-motion),0,not-CX,523.4,87.2,258.2,LHPV5e3,1,1,0,1,1,0
98,10359,2,antennal,0,not-CX,457.3,158.3,90.4,DL1_adPN,0,0,0,0,1,0
99,10376,0,unnamed,0,not-CX,506.2,202.9,108.0,lLN2F_b,0,0,0,0,1,0
100,10390,2,antennal,0,not-CX,336.2,212.0,93.8,VA2_adPN,0,0,0,0,0,0
101,10397,0,unnamed,0,not-CX,503.8,199.6,127.3,lLN2T_a,0,0,0,0,1,0
102,10403,10,LPTC (self-motion),0,not-CX,211.2,226.7,345.5,VS,1,1,0,0,0,0
103,10419,10,LPTC (self-motion),0,not-CX,551.7,234.9,339.1,HSS,1,1,0,0,1,0
104,10423,2,antennal,0,not-CX,274.8,263.6,124.5,DP1l_adPN,0,0,0,0,0,0
105,10429,2,antennal,0,not-CX,421.8,176.9,93.7,VM6_adPN,0,0,0,0,1,0
106,10456,0,unnamed,0,not-CX,279.4,222.7,123.7,lLN2F_a,0,0,0,0,0,0
107,10459,0,unnamed,0,not-CX,481.5,176.7,114.0,lLN2F_a,0,0,0,0,1,0
108,10463,0,unnamed,0,not-CX,492.4,190.7,97.5,lLN1_bc,0,0,0,0,1,0
109,10470,2,antennal,0,not-CX,391.9,140.9,96.0,DC1_adPN,0,0,0,0,1,0
110,10486,10,LPTC (self-motion),0,not-CX,349.6,152.3,287.1,LHPV10b1,1,1,0,1,0,0
111,10515,0,unnamed,0,not-CX,276.1,246.4,126.7,lLN2F_b,0,0,0,0,0,0
112,10522,2,antennal,0,not-CX,331.2,279.0,110.7,VL2p_adPN,1,0,1,0,0,0
113,10524,2,antennal,0,not-CX,497.0,243.9,115.5,DP1l_adPN,0,0,0,0,1,0
114,10530,0,unnamed,0,not-CX,479.5,316.2,208.2,VL1_ilPN,0,0,0,0,1,0
115,10537,0,unnamed,0,not-CX,334.3,291.1,135.6,LNO2,0,0,0,0,0,0
116,10561,2,antennal,0,not-CX,450.5,176.1,87.2,VA2_adPN,0,0,0,0,1,0
117,10569,2,antennal,0,not-CX,370.6,165.8,109.1,DC1_adPN,0,0,0,0,0,0
118,10613,2,antennal,0,not-CX,333.7,167.8,107.9,DM4_adPN,0,0,0,0,0,0
119,10632,0,unnamed,0,not-CX,514.6,187.8,110.8,lLN1_bc,0,0,0,0,1,0
120,10647,0,unnamed,0,not-CX,260.1,239.3,129.2,lLN8,0,0,0,0,0,0
121,10650,0,unnamed,0,not-CX,277.3,196.1,116.1,lLN2T_c,0,0,0,0,0,0
122,10653,0,unnamed,0,not-CX,505.3,199.6,116.4,VA5_lPN,0,0,0,0,1,0
123,10670,2,antennal,0,not-CX,433.0,225.5,87.2,DM4_adPN,0,0,0,0,1,0
124,10697,10,LPTC (self-motion),0,not-CX,584.7,140.8,192.2,LHAV3b12,1,1,0,0,1,0
125,10716,2,antennal,0,not-CX,440.1,168.0,88.6,DC3_adPN,0,0,0,0,1,0
126,10736,2,antennal,0,not-CX,437.1,241.7,89.3,VP2_adPN,0,0,0,0,1,0
127,10755,10,LPTC (self-motion),0,not-CX,222.5,161.1,167.4,H1,1,1,0,0,0,0
128,10756,0,unnamed,0,not-CX,276.3,229.7,108.4,VC2_lPN,0,0,0,0,0,0
129,10766,10,LPTC (self-motion),0,not-CX,218.8,210.9,336.4,VS,1,1,0,0,0,0
130,10767,2,antennal,0,not-CX,415.2,173.0,98.5,DL5_adPN,0,0,0,0,1,0
131,10786,2,antennal,0,not-CX,302.1,252.7,160.1,VC5_lvPN,0,0,0,0,0,0
132,10808,0,unnamed,0,not-CX,501.6,215.2,111.5,VC1_lPN,0,0,0,0,1,0
133,10854,10,LPTC (self-motion),0,not-CX,405.0,122.8,266.5,V1,1,1,0,1,1,0
134,10865,10,LPTC (self-motion),0,not-CX,558.9,144.8,161.5,H1,1,1,0,0,1,0
135,10877,2,antennal,0,not-CX,402.1,145.7,93.7,VA6_adPN,0,0,0,0,1,0
136,10904,0,unnamed,0,not-CX,269.7,225.5,127.9,VC1_lPN,0,0,0,0,0,0
137,10905,0,unnamed,0,not-CX,506.5,184.6,106.4,lLN1_bc,0,0,0,0,1,0
138,10906,2,antennal,0,not-CX,363.2,172.9,120.4,VM3_adPN,0,0,0,0,0,0
139,10929,0,unnamed,0,not-CX,265.4,246.3,118.9,lLN2T_a,0,0,0,0,0,0
140,10942,0,unnamed,0,not-CX,262.4,232.5,117.4,lLN2T_a,0,0,0,0,0,0
141,10973,0,unnamed,0,not-CX,0.0,0.0,0.0,VP1m+VP5_ilPN,1,0,1,0,0,1
142,10996,0,unnamed,0,not-CX,268.5,227.5,111.5,VA4_lPN,0,0,0,0,0,0
143,11010,10,LPTC (self-motion),0,not-CX,382.4,132.1,271.3,V1,1,1,0,1,0,0
144,11080,0,unnamed,0,not-CX,501.5,222.9,111.8,DM2_lPN,0,0,0,0,1,0
145,11082,2,antennal,0,not-CX,496.1,242.0,159.5,WEDPN4,1,0,1,1,1,0
146,11092,0,unnamed,0,not-CX,492.9,230.7,104.1,DM2_lPN,0,0,0,0,1,0
147,11099,0,unnamed,0,not-CX,498.8,192.2,119.8,lLN1_bc,0,0,0,0,1,0
148,11105,0,unnamed,0,not-CX,496.8,225.8,103.1,VC2_lPN,0,0,0,0,1,0
149,11134,10,LPTC (self-motion),0,not-CX,201.6,227.8,348.2,VSm,1,1,0,0,0,0
150,11135,2,antennal,0,not-CX,427.5,249.7,98.2,DA4m_adPN,0,0,0,0,1,0
151,11151,1,sensory,0,not-CX,0.0,0.0,0.0,ORN_VA1v,0,0,0,0,0,1
152,11229,0,unnamed,0,not-CX,301.7,328.8,202.3,V_ilPN,1,0,1,0,0,0
153,11244,0,unnamed,0,not-CX,270.6,204.3,110.3,lLN1_bc,0,0,0,0,0,0
154,11262,0,unnamed,0,not-CX,484.7,168.6,99.4,lLN1_bc,0,0,0,0,1,0
155,11281,0,unnamed,0,not-CX,261.9,211.9,110.4,lLN1_bc,0,0,0,0,0,0
156,11283,2,antennal,0,not-CX,435.2,169.2,90.1,VA1v_adPN,0,0,0,0,1,0
157,11289,0,unnamed,0,not-CX,260.6,201.3,114.1,lLN1_bc,0,0,0,0,0,0
158,11292,0,unnamed,0,not-CX,505.1,184.8,112.1,lLN1_bc,0,0,0,0,1,0
159,11294,0,unnamed,0,not-CX,503.1,187.0,120.4,lLN2T_e,0,0,0,0,1,0
160,11323,10,LPTC (self-motion),0,not-CX,587.0,170.9,185.0,LHAV1e1,1,1,0,0,1,0
161,11342,0,unnamed,0,not-CX,282.7,248.5,120.5,lLN2X04,0,0,0,0,0,0
162,11345,0,unnamed,0,not-CX,254.6,209.3,126.1,lLN2X11,0,0,0,0,0,0
163,11355,2,antennal,0,not-CX,319.8,183.1,105.9,VA1d_adPN,0,0,0,0,0,0
164,11359,0,unnamed,0,not-CX,497.4,194.1,125.6,lLN2T_e,0,0,0,0,1,0
165,11379,0,unnamed,0,not-CX,271.4,213.9,110.5,lLN2T_e,0,0,0,0,0,0
166,11382,10,LPTC (self-motion),0,not-CX,571.0,223.6,342.2,VSm,1,1,0,0,1,0
167,11390,0,unnamed,0,not-CX,302.9,331.7,195.6,VL1_ilPN,1,0,1,0,0,0
168,11399,0,unnamed,0,not-CX,503.6,188.3,105.2,lLN2T_d,0,0,0,0,1,0
169,11400,0,unnamed,0,not-CX,511.9,196.1,106.7,lLN1_bc,0,0,0,0,1,0
170,11418,10,LPTC (self-motion),0,not-CX,590.5,115.2,256.1,LHPV4a10,1,1,0,0,1,0
171,11467,0,unnamed,0,not-CX,490.2,207.5,99.5,VA4_lPN,0,0,0,0,1,0
172,11469,2,antennal,0,not-CX,346.2,212.4,96.4,DM3_adPN,0,0,0,0,0,0
173,11471,2,antennal,0,not-CX,414.0,166.5,99.4,VA1d_adPN,0,0,0,0,1,0
174,11477,10,LPTC (self-motion),0,not-CX,190.3,110.1,267.0,LHPV6q1,1,1,0,0,0,0
175,11478,0,unnamed,0,not-CX,254.7,199.6,115.4,lLN1_bc,0,0,0,0,0,0
176,11497,0,unnamed,0,not-CX,476.6,280.4,134.2,LNO2,0,0,0,0,1,0
177,11501,0,unnamed,0,not-CX,260.8,198.3,120.3,lLN1_bc,0,0,0,0,0,0
178,11514,2,antennal,0,not-CX,334.7,267.9,99.5,DL4_adPN,0,0,0,0,0,0
179,11517,0,unnamed,0,not-CX,491.9,198.9,101.0,lLN2T_c,0,0,0,0,1,0
180,11523,0,unnamed,0,not-CX,510.7,188.5,116.4,lLN1_bc,0,0,0,0,1,0
181,11531,0,unnamed,0,not-CX,494.1,198.6,129.8,lLN1_bc,0,0,0,0,1,0
182,11551,10,LPTC (self-motion),0,not-CX,208.2,232.7,348.3,VS,1,1,0,0,0,0
183,11556,0,unnamed,0,not-CX,491.8,183.2,97.8,lLN2T_d,0,0,0,0,1,0
184,11564,0,unnamed,0,not-CX,501.8,203.0,114.4,DA1_lPN,0,0,0,0,1,0
185,11594,0,unnamed,0,not-CX,495.6,185.4,102.0,lLN2X11,0,0,0,0,1,0
186,11603,0,unnamed,0,not-CX,280.4,215.4,130.2,lLN2P_a,0,0,0,0,0,0
187,11615,10,LPTC (self-motion),0,not-CX,577.5,110.7,267.6,LHPV6l2,1,1,0,0,1,0
188,11620,0,unnamed,0,not-CX,266.7,211.0,108.2,lLN1_bc,0,0,0,0,0,0
189,11624,2,antennal,0,not-CX,330.2,178.4,105.3,DC2_adPN,0,0,0,0,0,0
190,11688,10,LPTC (self-motion),0,not-CX,586.4,124.2,228.0,LHPV3c1,1,1,0,0,1,0
191,11695,10,LPTC (self-motion),0,not-CX,567.2,114.9,265.7,LHPV6j1,1,1,0,0,1,0
192,11703,0,unnamed,0,not-CX,500.0,219.0,104.9,VM1_lPN,0,0,0,0,1,0
193,11721,0,unnamed,0,not-CX,515.1,196.7,113.4,DA1_lPN,0,0,0,0,1,0
194,11725,0,unnamed,0,not-CX,257.2,205.0,119.6,lLN1_bc,0,0,0,0,0,0
195,11736,0,unnamed,0,not-CX,271.6,223.4,107.4,lLN1_bc,0,0,0,0,0,0
196,11744,0,unnamed,0,not-CX,266.2,199.4,121.1,lLN1_bc,0,0,0,0,0,0
197,11780,0,unnamed,0,not-CX,270.9,230.4,122.3,DA1_lPN,0,0,0,0,0,0
198,11783,0,unnamed,0,not-CX,498.7,189.2,109.4,lLN1_bc,0,0,0,0,1,0
199,11788,0,unnamed,0,not-CX,250.7,214.9,124.3,lLN2T_d,0,0,0,0,0,0
200,11793,10,LPTC (self-motion),0,not-CX,556.6,215.0,337.2,HST,1,1,0,0,1,0
201,11816,0,unnamed,0,not-CX,275.8,237.5,115.5,DA1_lPN,0,0,0,0,0,0
202,11817,0,unnamed,0,not-CX,507.0,192.9,119.1,VA5_lPN,0,0,0,0,1,0
203,11828,0,unnamed,0,not-CX,262.0,193.5,115.0,lLN1_bc,0,0,0,0,0,0
204,11829,2,antennal,0,not-CX,453.4,226.2,83.4,DL4_adPN,0,0,0,0,1,0
205,11837,0,unnamed,0,not-CX,476.0,169.9,92.7,lLN2X05,0,0,0,0,1,0
206,11840,10,LPTC (self-motion),0,not-CX,578.9,104.2,257.1,LHPV5i1,1,1,0,0,1,0
207,11847,10,LPTC (self-motion),0,not-CX,588.4,144.0,182.8,LHAV2n1,1,1,0,0,1,0
208,11870,0,unnamed,0,not-CX,499.2,192.3,103.2,lLN1_bc,0,0,0,0,1,0
209,11903,10,LPTC (self-motion),0,not-CX,202.1,150.6,250.9,LHPV3c1,1,1,0,0,0,0
210,11914,0,unnamed,0,not-CX,253.5,208.6,120.5,lLN2X05,0,0,0,0,0,0
211,11922,0,unnamed,0,not-CX,266.2,203.2,117.9,lLN1_bc,0,0,0,0,0,0
212,11952,0,unnamed,0,not-CX,502.6,200.6,102.7,lLN2X11,0,0,0,0,1,0
213,11956,10,LPTC (self-motion),0,not-CX,539.1,271.0,220.9,LHAV2d1,1,1,0,0,1,0
214,11971,10,LPTC (self-motion),0,not-CX,593.8,157.9,199.8,LHAV2p1,1,1,0,0,1,0
215,11975,0,unnamed,0,not-CX,458.8,168.7,87.7,lLN1_a,0,0,0,0,1,0
216,11991,0,unnamed,0,not-CX,458.5,165.0,92.7,lLN2X05,0,0,0,0,1,0
217,11992,0,unnamed,0,not-CX,247.5,208.0,122.6,lLN1_a,0,0,0,0,0,0
218,11993,0,unnamed,0,not-CX,261.1,204.1,123.7,lLN2X05,0,0,0,0,0,0
219,11996,0,unnamed,0,not-CX,270.9,232.6,110.7,DA1_lPN,0,0,0,0,0,0
220,12023,2,antennal,0,not-CX,431.0,173.3,91.2,VA3_adPN,0,0,0,0,1,0
221,12031,2,antennal,0,not-CX,476.7,169.8,112.9,DC4_adPN,0,0,0,0,1,0
222,12050,2,antennal,0,not-CX,420.7,166.5,102.4,VA1d_adPN,0,0,0,0,1,0
223,12057,2,antennal,0,not-CX,412.9,175.6,103.1,VM3_adPN,0,0,0,0,1,0
224,12061,2,antennal,0,not-CX,442.8,163.2,87.5,DL1_adPN,0,0,0,0,1,0
225,12111,0,unnamed,0,not-CX,277.3,200.3,121.7,lLN1_bc,0,0,0,0,0,0
226,12121,2,antennal,0,not-CX,292.0,256.7,155.4,VC5_lvPN,0,0,0,0,0,0
227,12122,0,unnamed,0,not-CX,262.1,227.0,120.4,DA1_lPN,0,0,0,0,0,0
228,12152,2,antennal,0,not-CX,420.9,160.9,93.3,DC2_adPN,0,0,0,0,1,0
229,12160,2,antennal,0,not-CX,371.2,170.7,113.3,DC4_adPN,0,0,0,0,0,0
230,12163,0,unnamed,0,not-CX,275.1,228.4,133.0,VA5_lPN,0,0,0,0,0,0
231,12164,2,antennal,0,not-CX,360.6,167.0,115.6,VM3_adPN,0,0,0,0,0,0
232,12168,2,antennal,0,not-CX,261.2,300.5,192.4,WEDPN9,1,0,1,0,0,0
233,12171,0,unnamed,0,not-CX,267.6,216.7,132.6,DM2_lPN,0,0,0,0,0,0
234,12190,10,LPTC (self-motion),0,not-CX,573.7,238.6,346.3,VS,1,1,0,0,1,0
235,12207,2,antennal,0,not-CX,517.0,211.7,128.4,WEDPN7A,1,0,1,0,1,0
236,12309,2,antennal,0,not-CX,312.8,183.3,107.4,DC3_adPN,0,0,0,0,0,0
237,12312,2,antennal,0,not-CX,439.5,173.3,88.4,DC3_adPN,0,0,0,0,1,0
238,12314,0,unnamed,0,not-CX,509.7,197.8,113.1,DA1_lPN,0,0,0,0,1,0
239,12320,0,unnamed,0,not-CX,250.2,202.2,120.7,lLN2X11,0,0,0,0,0,0
240,12338,0,unnamed,0,not-CX,503.3,178.9,110.5,lLN1_bc,0,0,0,0,1,0
241,12340,0,unnamed,0,not-CX,267.7,226.8,118.8,DA1_lPN,0,0,0,0,0,0
242,12354,0,unnamed,0,not-CX,272.4,216.6,130.1,lLN2T_e,0,0,0,0,0,0
243,12367,2,antennal,0,not-CX,450.3,213.6,81.2,VM3_adPN,0,0,0,0,1,0
244,12387,2,antennal,0,not-CX,314.5,264.1,97.9,D_adPN,0,0,0,0,0,0
245,12460,2,antennal,0,not-CX,425.5,166.0,98.2,VA1d_adPN,0,0,0,0,1,0
246,12509,2,antennal,0,not-CX,434.3,163.5,90.7,VA3_adPN,0,0,0,0,1,0
247,12511,0,unnamed,0,not-CX,277.1,251.2,111.5,LN60,0,0,0,0,0,0
248,12521,10,LPTC (self-motion),0,not-CX,232.9,244.7,340.2,HST,1,1,0,0,0,0
249,12534,0,unnamed,0,not-CX,276.1,216.0,103.6,lLN2X02,0,0,0,0,0,0
250,12541,0,unnamed,0,not-CX,268.7,244.8,113.5,LN60,0,0,0,0,0,0
251,12545,2,antennal,0,not-CX,467.5,278.2,120.8,VP4+_vPN,0,0,0,0,1,0
252,12571,10,LPTC (self-motion),0,not-CX,554.4,163.3,227.4,LHAV3k1,1,1,0,0,1,0
253,12603,2,antennal,0,not-CX,465.1,263.8,96.0,DA1_vPN,0,0,0,0,1,0
254,12606,10,LPTC (self-motion),0,not-CX,498.9,265.4,269.9,LHPV1c2,1,1,0,0,1,0
255,12653,0,unnamed,0,not-CX,505.5,194.5,104.3,DA1_lPN,0,0,0,0,1,0
256,12667,2,antennal,0,not-CX,317.9,180.4,110.0,VA1v_adPN,0,0,0,0,0,0
257,12702,10,LPTC (self-motion),0,not-CX,220.7,121.3,277.4,LHPV5e1,1,1,0,0,0,0
258,12711,2,antennal,0,not-CX,459.8,263.4,98.7,VA1v_vPN,0,0,0,0,1,0
259,12715,2,antennal,0,not-CX,410.9,154.9,93.5,VP5+Z_adPN,0,0,0,0,1,0
260,12717,0,unnamed,0,not-CX,507.2,181.3,116.5,lLN2X12,0,0,0,0,1,0
261,12728,2,antennal,0,not-CX,325.2,181.5,105.0,DC3_adPN,0,0,0,0,0,0
262,12756,0,unnamed,0,not-CX,487.2,174.6,113.3,VA5_lPN,0,0,0,0,1,0
263,12765,2,antennal,0,not-CX,269.7,269.9,120.3,VA1v_vPN,0,0,0,0,0,0
264,12782,2,antennal,0,not-CX,324.8,270.1,101.3,DL1_adPN,0,0,0,0,0,0
265,12840,2,antennal,0,not-CX,457.3,252.9,93.6,DA4l_adPN,0,0,0,0,1,0
266,12890,0,unnamed,0,not-CX,295.5,327.5,200.4,VP1l+VP3_ilPN,1,0,1,0,0,0
267,12915,2,antennal,0,not-CX,304.6,282.9,111.8,Z_vPNml1,0,0,0,0,0,0
268,12958,2,antennal,0,not-CX,448.4,161.6,92.5,DL2d_adPN,0,0,0,0,1,0
269,12977,0,unnamed,0,not-CX,483.7,169.9,104.4,lLN2X12,0,0,0,0,1,0
270,12994,0,unnamed,0,not-CX,491.1,176.4,108.6,lLN2X12,0,0,0,0,1,0
271,13005,2,antennal,0,not-CX,563.7,128.0,268.7,WEDPN12,1,0,1,0,1,0
272,13018,10,LPTC (self-motion),0,not-CX,422.0,101.3,251.6,LHPV10d1,1,1,0,1,1,0
273,13024,2,antennal,0,not-CX,282.5,238.0,153.6,WEDPN4,1,0,1,1,0,0
274,13027,2,antennal,0,not-CX,476.8,241.0,153.2,VC5_lvPN,0,0,0,0,1,0
275,13046,2,antennal,0,not-CX,455.9,273.2,103.5,M_vPNml65,0,0,0,0,1,0
276,13064,0,unnamed,0,not-CX,267.5,206.7,125.6,DA1_lPN,0,0,0,0,0,0
277,13095,10,LPTC (self-motion),0,not-CX,583.0,159.1,172.9,LHAV2b2_b,1,1,0,0,1,0
278,13127,2,antennal,0,not-CX,451.1,273.2,101.2,VA1v_vPN,0,0,0,0,1,0
279,13143,2,antennal,0,not-CX,435.7,167.4,96.2,VA1v_adPN,0,0,0,0,1,0
280,13172,2,antennal,0,not-CX,305.2,275.9,102.4,VA1v_vPN,0,0,0,0,0,0
281,13198,2,antennal,0,not-CX,325.9,176.1,107.9,VA1v_adPN,0,0,0,0,0,0
282,13209,2,antennal,0,not-CX,299.8,289.3,113.7,DA1_vPN,0,0,0,0,0,0
283,13225,2,antennal,0,not-CX,339.0,181.5,108.1,VM7d_adPN,0,0,0,0,0,0
284,13230,2,antennal,0,not-CX,483.3,243.5,149.2,VC5_lvPN,0,0,0,0,1,0
285,13252,10,LPTC (self-motion),0,not-CX,584.8,149.0,204.9,LHAV3j1,1,1,0,0,1,0
286,13283,0,unnamed,0,not-CX,263.6,222.0,115.3,VM1_lPN,0,0,0,0,0,0
287,13290,0,unnamed,0,not-CX,579.1,148.9,186.0,LNd_b,1,0,1,0,1,0
288,13314,2,antennal,0,not-CX,450.3,267.6,99.5,M_vPNml50,0,0,0,0,1,0
289,13315,0,unnamed,0,not-CX,289.9,190.0,121.5,lLN2P_b,0,0,0,0,0,0
290,13334,0,unnamed,0,not-CX,299.0,327.7,216.5,VP1m+VP5_ilPN,1,0,1,0,0,0
291,13356,2,antennal,0,not-CX,449.2,221.1,82.3,VM4_adPN,0,0,0,0,1,0
292,13361,10,LPTC (self-motion),0,not-CX,590.2,118.8,184.6,LHAV5a8,1,1,0,0,1,0
293,13375,10,LPTC (self-motion),0,not-CX,587.8,111.4,238.4,LHAV3f1,1,1,0,0,1,0
294,13379,2,antennal,0,not-CX,326.0,177.8,113.4,VA1v_adPN,0,0,0,0,0,0
295,13384,10,LPTC (self-motion),0,not-CX,424.3,138.2,275.4,LHPV10b1,1,1,0,1,1,0
296,13386,2,antennal,0,not-CX,349.9,187.2,109.0,VM7v_adPN,0,0,0,0,0,0
297,13389,2,antennal,0,not-CX,294.6,287.8,111.9,M_vPNml50,0,0,0,0,0,0
298,13390,10,LPTC (self-motion),0,not-CX,597.9,155.0,192.3,LHAV3p1,1,1,0,0,1,0
299,13423,2,antennal,0,not-CX,427.7,159.0,91.3,D_adPN,0,0,0,0,1,0
300,13431,0,unnamed,0,not-CX,501.5,195.0,113.0,lLN2T_b,0,0,0,0,1,0
301,13470,2,antennal,0,not-CX,406.7,158.8,96.6,DC3_adPN,0,0,0,0,1,0
302,13479,2,antennal,0,not-CX,415.9,151.7,91.9,DC2_adPN,0,0,0,0,1,0
303,13480,2,antennal,0,not-CX,334.9,179.0,113.2,VC3_adPN,0,0,0,0,0,0
304,13483,0,unnamed,0,not-CX,509.4,191.1,107.4,DA1_lPN,0,0,0,0,1,0
305,13500,10,LPTC (self-motion),0,not-CX,185.3,203.4,189.3,LHAV2p1,1,1,0,0,0,0
306,13550,0,unnamed,0,not-CX,464.5,166.9,94.0,lLN2X12,0,0,0,0,1,0
307,13563,2,antennal,0,not-CX,263.9,166.3,298.4,WEDPN12,1,0,1,1,0,0
308,13582,2,antennal,0,not-CX,429.8,165.1,90.9,VA1v_adPN,0,0,0,0,1,0
309,13583,0,unnamed,0,not-CX,516.2,201.6,109.8,DA1_lPN,0,0,0,0,1,0
310,13613,10,LPTC (self-motion),0,not-CX,245.1,106.8,270.3,LHPV5e3,1,1,0,1,0,0
311,13664,10,LPTC (self-motion),0,not-CX,194.6,181.4,201.5,LHAV3k1,1,1,0,0,0,0
312,13683,2,antennal,0,not-CX,459.3,265.9,106.7,M_vPNml55,0,0,0,0,1,0
313,13684,2,antennal,0,not-CX,420.5,166.8,95.8,VC3_adPN,0,0,0,0,1,0
314,13725,2,antennal,0,not-CX,340.9,225.1,93.6,VA1d_adPN,0,0,0,0,0,0
315,13735,10,LPTC (self-motion),0,not-CX,587.6,161.9,180.2,LHAV3k2,1,1,0,0,1,0
316,13761,10,LPTC (self-motion),0,not-CX,583.5,82.7,230.0,LHPV6g1,1,1,0,0,1,0
317,13767,0,unnamed,0,not-CX,492.1,313.1,208.6,VP1l+VP3_ilPN,1,0,1,0,1,0
318,13804,10,LPTC (self-motion),0,not-CX,565.3,78.1,251.3,LHPV6a10,1,1,0,0,1,0
319,13821,0,unnamed,0,not-CX,285.5,189.0,110.0,lLN2X12,0,0,0,0,0,0
320,13832,2,antennal,0,not-CX,299.1,284.9,108.2,M_vPNml50,1,0,1,0,0,0
321,13886,10,LPTC (self-motion),0,not-CX,178.2,196.5,179.6,LHAV2d1,1,1,0,0,0,0
322,13906,2,antennal,0,not-CX,311.8,282.2,116.6,M_vPNml63,1,0,1,0,0,0
323,13936,10,LPTC (self-motion),0,not-CX,510.1,208.7,303.1,LHPV2g1,1,1,0,0,1,0
324,13944,0,unnamed,0,not-CX,298.8,188.8,101.8,lLN2X02,0,0,0,0,0,0
325,13946,10,LPTC (self-motion),0,not-CX,403.8,114.4,263.0,LHPV10c1,1,1,0,1,1,0
326,13951,2,antennal,0,not-CX,456.5,267.2,98.9,M_vPNml50,0,0,0,0,1,0
327,13972,2,antennal,0,not-CX,430.2,168.0,97.5,VM7v_adPN,0,0,0,0,1,0
328,14019,0,unnamed,0,not-CX,277.4,254.2,116.7,lLN10,0,0,0,0,0,0
329,14066,10,LPTC (self-motion),0,not-CX,185.3,180.5,212.1,LHAV3f1,1,1,0,0,0,0
330,14139,10,LPTC (self-motion),0,not-CX,480.3,176.3,294.0,LHPV8a1,1,1,0,1,1,0
331,14161,0,unnamed,0,not-CX,489.6,180.9,107.8,lLN2X12,0,0,0,0,1,0
332,14243,0,unnamed,0,not-CX,492.1,214.6,98.7,lLN2T_b,0,0,0,0,1,0
333,14250,10,LPTC (self-motion),0,not-CX,594.6,147.9,180.0,LHAV3m1,1,1,0,0,1,0
334,14275,10,LPTC (self-motion),0,not-CX,274.1,199.6,299.5,LHPV7c1,1,1,0,1,0,0
335,14287,0,unnamed,0,not-CX,188.3,159.0,203.3,LNd_b,1,0,1,0,0,0
336,14339,2,antennal,0,not-CX,445.5,170.5,88.8,VA1v_adPN,0,0,0,0,1,0
337,14343,0,unnamed,0,not-CX,489.7,172.6,100.9,lLN2R_a,0,0,0,0,1,0
338,14381,10,LPTC (self-motion),0,not-CX,595.0,158.2,190.4,LHAV2k8,1,1,0,0,1,0
339,14416,10,LPTC (self-motion),0,not-CX,206.4,218.4,346.2,VST2,1,1,0,0,0,0
340,14423,10,LPTC (self-motion),0,not-CX,204.4,128.6,268.2,LHPV5l1,1,1,0,0,0,0
341,14427,2,antennal,0,not-CX,410.7,161.0,102.7,VM5v_adPN,0,0,0,0,1,0
342,14430,2,antennal,0,not-CX,412.9,157.7,96.8,VM7d_adPN,0,0,0,0,1,0
343,14437,2,antennal,0,not-CX,399.1,348.7,160.1,VP3+VP1l_ivPN,1,0,1,0,1,0
344,14442,2,antennal,0,not-CX,401.7,151.9,94.3,VC3_adPN,0,0,0,0,1,0
345,14497,10,LPTC (self-motion),0,not-CX,344.3,88.6,240.9,LHPV9b1,1,1,0,1,0,0
346,14510,2,antennal,0,not-CX,320.4,178.8,113.7,VA1v_adPN,0,0,0,0,0,0
347,14514,10,LPTC (self-motion),0,not-CX,284.6,150.9,285.7,LHPV8a1,1,1,0,1,0,0
348,14530,2,antennal,0,not-CX,337.6,272.0,107.1,DA4l_adPN,0,0,0,0,0,0
349,14601,10,LPTC (self-motion),0,not-CX,588.5,113.5,226.9,LHPV2h1,1,1,0,0,1,0
350,14607,2,antennal,0,not-CX,428.6,163.5,94.8,VM5v_adPN,0,0,0,0,1,0
351,14661,2,antennal,0,not-CX,415.5,147.5,91.0,D_adPN,0,0,0,0,1,0
352,14665,2,antennal,0,not-CX,425.7,171.3,93.4,VM2_adPN,0,0,0,0,1,0
353,14685,2,antennal,0,not-CX,417.1,162.8,95.7,VC3_adPN,0,0,0,0,1,0
354,14710,10,LPTC (self-motion),0,not-CX,565.3,128.3,274.4,LHPV6m1,1,1,0,0,1,0
355,14711,0,unnamed,0,not-CX,501.0,117.4,279.8,LPN_a,0,0,0,0,1,0
356,14771,10,LPTC (self-motion),0,not-CX,586.7,155.4,167.7,LHAV2b3,1,1,0,0,1,0
357,14799,10,LPTC (self-motion),0,not-CX,183.7,164.8,196.2,LHAV3m1,1,1,0,0,0,0
358,14802,0,unnamed,0,not-CX,277.5,234.3,108.5,VA7m_lPN,0,0,0,0,0,0
359,14821,10,LPTC (self-motion),0,not-CX,198.9,177.1,201.1,LHAV3h1,1,1,0,0,0,0
360,14843,10,LPTC (self-motion),0,not-CX,573.3,144.3,208.2,LHAV3h1,1,1,0,0,1,0
361,14849,0,unnamed,0,not-CX,264.2,215.1,124.7,DM5_lPN,0,0,0,0,0,0
362,14874,2,antennal,0,not-CX,453.3,167.5,91.5,D_adPN,0,0,0,0,1,0
363,14893,10,LPTC (self-motion),0,not-CX,582.3,157.0,169.2,LHAV2b2_a,1,1,0,0,1,0
364,14895,2,antennal,0,not-CX,401.4,158.3,99.7,VM7d_adPN,0,0,0,0,1,0
365,14897,10,LPTC (self-motion),0,not-CX,189.4,124.6,225.7,LHAV4a1_b,1,1,0,0,0,0
366,14961,2,antennal,0,not-CX,218.0,146.2,271.7,WEDPN11,1,0,1,0,0,0
367,14962,2,antennal,0,not-CX,277.8,290.2,135.1,VC5_lvPN,0,0,0,0,0,0
368,14985,0,unnamed,0,not-CX,272.6,230.1,128.0,VA5_lPN,0,0,0,0,0,0
369,15005,2,antennal,0,not-CX,342.9,188.3,103.0,DM6_adPN,0,0,0,0,0,0
370,15039,10,LPTC (self-motion),0,not-CX,188.4,101.4,247.6,LHPV6g1,1,1,0,0,0,0
371,15044,10,LPTC (self-motion),0,not-CX,599.8,124.5,166.6,LHAV3e3_b,1,1,0,0,1,0
372,15122,10,LPTC (self-motion),0,not-CX,190.8,174.5,184.4,LHAV2g2_a,1,1,0,0,0,0
373,15133,2,antennal,0,not-CX,476.8,288.2,122.2,VP4_vPN,0,0,0,0,1,0
374,15142,2,antennal,0,not-CX,280.0,285.3,119.6,VA1d_vPN,0,0,0,0,0,0
375,15164,2,antennal,0,not-CX,317.1,267.2,102.3,DC3_adPN,0,0,0,0,0,0
376,15184,2,antennal,0,not-CX,424.3,160.6,96.6,DM6_adPN,0,0,0,0,1,0
377,15216,10,LPTC (self-motion),0,not-CX,588.3,145.9,196.4,LHAV3n1,1,1,0,0,1,0
378,15276,2,antennal,0,not-CX,458.8,268.3,103.6,VA1d_vPN,0,0,0,0,1,0
379,15294,2,antennal,0,not-CX,453.6,262.8,101.6,M_vPNml63,0,0,0,0,1,0
380,15295,10,LPTC (self-motion),0,not-CX,199.4,145.3,253.4,LHAV3k5,1,1,0,0,0,0
381,15313,2,antennal,0,not-CX,0.0,0.0,0.0,VA1d_adPN,0,0,0,0,0,1
382,15353,2,antennal,0,not-CX,344.7,273.7,107.1,M_adPNm3,1,0,1,0,0,0
383,15421,10,LPTC (self-motion),0,not-CX,594.0,139.6,162.4,LHAV3e3_a,1,1,0,0,1,0
384,15422,10,LPTC (self-motion),0,not-CX,209.3,214.5,344.9,VST2,1,1,0,0,0,0
385,15431,2,antennal,0,not-CX,318.8,171.0,108.2,VM5d_adPN,0,0,0,0,0,0
386,15478,2,antennal,0,not-CX,577.4,127.7,278.7,WEDPN6B,1,0,1,0,1,0
387,15501,10,LPTC (self-motion),0,not-CX,176.7,162.1,182.9,LHAV2b2_a,1,1,0,0,0,0
388,15506,10,LPTC (self-motion),0,not-CX,556.9,150.4,158.3,LHAV6g1,1,1,0,0,1,0
389,15507,0,unnamed,0,not-CX,283.4,194.8,121.6,lLN2R_a,0,0,0,0,0,0
390,15517,2,antennal,0,not-CX,317.7,282.4,125.8,M_vPNml63,0,0,0,0,0,0
391,15541,2,antennal,0,not-CX,510.7,251.3,141.1,WEDPN3,1,0,1,0,1,0
392,15543,2,antennal,0,not-CX,520.4,266.1,148.1,WEDPN5,1,0,1,0,1,0
393,15634,0,unnamed,0,not-CX,252.8,121.1,279.0,LPN_b,1,0,1,1,0,0
394,15647,10,LPTC (self-motion),0,not-CX,595.3,135.3,183.0,LHAV2m1,1,1,0,0,1,0
395,15662,0,unnamed,0,not-CX,486.7,172.5,107.5,lLN2R_a,0,0,0,0,1,0
396,15674,0,unnamed,0,not-CX,460.9,268.6,126.3,LNOa,0,0,0,0,1,0
397,15678,10,LPTC (self-motion),0,not-CX,193.2,179.4,207.8,LHAV3j1,1,1,0,0,0,0
398,15717,10,LPTC (self-motion),0,not-CX,184.8,189.7,195.7,LHAV2k8,1,1,0,0,0,0
399,15725,10,LPTC (self-motion),0,not-CX,219.4,119.8,273.6,LHPV5i1,1,1,0,0,0,0
400,15753,10,LPTC (self-motion),0,not-CX,579.5,154.7,164.4,LHAV2b2_d,1,1,0,0,1,0
401,15823,0,unnamed,0,not-CX,508.5,205.5,117.8,DM5_lPN,0,0,0,0,1,0
402,15864,10,LPTC (self-motion),0,not-CX,180.8,125.6,270.1,LHPV4j3,1,1,0,0,0,0
403,15897,10,LPTC (self-motion),0,not-CX,187.3,131.8,272.4,LHPV6m1,1,1,0,0,0,0
404,15920,10,LPTC (self-motion),0,not-CX,184.8,181.6,184.8,LHAV2b2_d,1,1,0,0,0,0
405,15962,10,LPTC (self-motion),0,not-CX,555.3,135.9,261.5,LHPV4m1,1,1,0,0,1,0
406,15992,2,antennal,0,not-CX,391.5,153.0,98.4,VM2_adPN,0,0,0,0,1,0
407,16005,2,antennal,0,not-CX,330.1,187.2,100.6,D_adPN,0,0,0,0,0,0
408,16011,0,unnamed,0,not-CX,198.2,161.9,199.8,LNd_c,0,0,0,0,0,0
409,16029,10,LPTC (self-motion),0,not-CX,219.3,80.7,257.8,LHPV6c1,1,1,0,0,0,0
410,16031,0,unnamed,0,not-CX,201.2,145.4,212.9,LNd_b,1,0,1,0,0,0
411,16042,2,antennal,0,not-CX,532.7,278.0,175.4,WEDPN2B_b,1,0,1,0,1,0
412,16083,2,antennal,0,not-CX,354.9,154.1,105.1,VM2_adPN,0,0,0,0,0,0
413,16084,10,LPTC (self-motion),0,not-CX,224.5,152.5,290.7,LHPV2g1,1,1,0,0,0,0
414,16141,2,antennal,0,not-CX,339.8,270.4,99.1,VM4_adPN,0,0,0,0,0,0
415,16188,0,unnamed,0,not-CX,476.2,177.6,116.8,lLN2R_a,0,0,0,0,1,0
416,16206,0,unnamed,0,not-CX,516.5,192.0,112.8,VA7m_lPN,0,0,0,0,1,0
417,16207,2,antennal,0,not-CX,478.6,244.3,147.6,VC5_lvPN,0,0,0,0,1,0
418,16210,2,antennal,0,not-CX,247.8,240.6,132.6,WEDPN16_d,1,0,1,0,0,0
419,16228,0,unnamed,0,not-CX,497.3,214.7,100.9,DL3_lPN,0,0,0,0,1,0
420,16236,2,antennal,0,not-CX,260.2,301.6,187.6,VP1m+VP2_lvPN1,0,0,0,0,0,0
421,16264,10,LPTC (self-motion),0,not-CX,234.3,158.7,292.7,LHPV2g1,1,1,0,0,0,0
422,16276,10,LPTC (self-motion),0,not-CX,600.1,120.2,167.2,LHAV3e1,1,1,0,0,1,0
423,16281,2,antennal,0,not-CX,393.3,166.7,111.5,WEDPN10A,1,0,1,1,1,0
424,16320,0,unnamed,0,not-CX,200.5,152.1,212.7,LNd_c,0,0,0,0,0,0
425,16328,10,LPTC (self-motion),0,not-CX,516.1,193.1,287.2,LHPV7c1,1,1,0,1,1,0
426,16416,10,LPTC (self-motion),0,not-CX,579.3,119.8,195.9,LHAV4a2,1,1,0,0,1,0
427,16422,10,LPTC (self-motion),0,not-CX,192.6,138.8,223.2,LHAV4a2,1,1,0,0,0,0
428,16426,2,antennal,0,not-CX,350.8,183.0,116.9,VM5v_adPN,0,0,0,0,0,0
429,16433,2,antennal,0,not-CX,398.9,154.2,96.4,VC4_adPN,0,0,0,0,1,0
430,16437,2,antennal,0,not-CX,307.2,282.9,117.2,M_vPNml63,0,0,0,0,0,0
431,16460,0,unnamed,0,not-CX,273.1,218.5,123.5,lLN2T_b,0,0,0,0,0,0
432,16511,0,unnamed,0,not-CX,482.8,214.2,89.6,lLN8,0,0,0,0,1,0
433,16513,10,LPTC (self-motion),0,not-CX,186.5,130.8,278.0,LHPV4j4,1,1,0,0,0,0
434,16524,2,antennal,0,not-CX,416.3,163.8,104.6,VM7v_adPN,0,0,0,0,1,0
435,16562,10,LPTC (self-motion),0,not-CX,203.6,108.6,269.7,LHPV6j1,1,1,0,0,0,0
436,16570,10,LPTC (self-motion),0,not-CX,244.5,186.0,303.7,VST2,1,1,0,0,0,0
437,16606,10,LPTC (self-motion),0,not-CX,212.6,211.0,341.9,VST2,1,1,0,0,0,0
438,16610,0,unnamed,0,not-CX,263.1,224.3,124.0,VA7m_lPN,0,0,0,0,0,0
439,16636,10,LPTC (self-motion),0,not-CX,213.9,160.8,175.4,LHAV6g1,1,1,0,0,0,0
440,16649,10,LPTC (self-motion),0,not-CX,171.6,161.8,191.8,LHAV2b2_b,1,1,0,0,0,0
441,16651,2,antennal,0,not-CX,452.6,262.3,111.0,M_vPNml63,0,0,0,0,1,0
442,16706,10,LPTC (self-motion),0,not-CX,230.9,161.8,279.2,LHPV2a1_e,1,1,0,0,0,0
443,16715,10,LPTC (self-motion),0,not-CX,574.5,145.3,161.0,LHAV6e1,1,1,0,0,1,0
444,16724,10,LPTC (self-motion),0,not-CX,591.0,113.0,267.7,LHPV4j4,1,1,0,0,1,0
445,16736,10,LPTC (self-motion),0,not-CX,194.7,124.5,270.0,LHPV4m1,1,1,0,0,0,0
446,16769,10,LPTC (self-motion),0,not-CX,193.5,183.4,205.1,LHAV3q1,1,1,0,0,0,0
447,16774,2,antennal,0,not-CX,369.4,168.3,123.3,WEDPN10A,1,0,1,1,0,0
448,16956,2,antennal,0,not-CX,249.2,226.8,126.2,WEDPN5,1,0,1,0,0,0
449,16969,10,LPTC (self-motion),0,not-CX,188.7,178.5,194.2,LHAV1e1,1,1,0,0,0,0
450,16979,10,LPTC (self-motion),0,not-CX,586.5,149.5,197.4,LHAV3j1,1,1,0,0,1,0
451,16993,10,LPTC (self-motion),0,not-CX,590.4,139.5,182.7,LHAV2m1,1,1,0,0,1,0
452,17016,0,unnamed,0,not-CX,264.3,191.8,108.1,LNO1,0,0,0,0,0,0
453,17027,2,antennal,0,not-CX,449.6,157.2,89.4,DL2v_adPN,0,0,0,0,1,0
454,17052,0,unnamed,0,not-CX,501.9,213.5,116.7,DM5_lPN,0,0,0,0,1,0
455,17105,10,LPTC (self-motion),0,not-CX,559.1,147.9,257.2,LHPV2a1_e,1,1,0,0,1,0
456,17150,10,LPTC (self-motion),0,not-CX,184.9,191.9,188.6,LHAV3k2,1,1,0,0,0,0
457,17156,10,LPTC (self-motion),0,not-CX,202.3,141.6,267.5,LHPV6o1,1,1,0,0,0,0
458,17170,10,LPTC (self-motion),0,not-CX,191.8,169.6,177.2,LHAV6e1,1,1,0,0,0,0
459,17175,10,LPTC (self-motion),0,not-CX,303.6,189.8,299.2,LHPV7a2,1,1,0,1,0,0
460,17189,10,LPTC (self-motion),0,not-CX,581.5,123.6,212.1,LHAV4d1,1,1,0,0,1,0
461,17219,0,unnamed,0,not-CX,573.5,138.1,199.1,LNd_c,1,0,1,0,1,0
462,17225,2,antennal,0,not-CX,492.5,281.3,132.4,VP3+_vPN,0,0,0,0,1,0
463,17325,0,unnamed,0,not-CX,489.5,201.3,105.2,lLN2P_a,0,0,0,0,1,0
464,17350,2,antennal,0,not-CX,396.1,149.9,95.7,DM6_adPN,0,0,0,0,1,0
465,17371,2,antennal,0,not-CX,314.9,285.5,117.7,M_vPNml65,1,0,1,0,0,0
466,17484,2,antennal,0,not-CX,311.8,194.8,100.3,DC2_adPN,0,0,0,0,0,0
467,17540,2,antennal,0,not-CX,435.2,158.2,89.8,DL2v_adPN,0,0,0,0,1,0
468,17569,2,antennal,0,not-CX,414.7,159.4,101.2,VC3_adPN,0,0,0,0,1,0
469,17570,2,antennal,0,not-CX,439.9,167.2,93.7,VM5d_adPN,0,0,0,0,1,0
470,17573,10,LPTC (self-motion),0,not-CX,181.8,191.5,191.7,LHAV2k6,1,1,0,0,0,0
471,17620,0,unnamed,0,not-CX,264.8,120.0,278.5,LPN_a,0,0,0,0,0,0
472,17650,2,antennal,0,not-CX,344.2,183.3,107.9,VC3_adPN,0,0,0,0,0,0
473,17705,2,antennal,0,not-CX,455.3,265.2,108.3,M_vPNml65,0,0,0,0,1,0
474,17722,2,antennal,0,not-CX,285.4,290.7,125.6,VP3+_vPN,0,0,0,0,0,0
475,17812,10,LPTC (self-motion),0,not-CX,186.7,181.2,199.7,LHAV3k6,1,1,0,0,0,0
476,17817,2,antennal,0,not-CX,308.8,279.9,106.0,M_vPNml79,0,0,0,0,0,0
477,17825,10,LPTC (self-motion),0,not-CX,472.4,193.4,297.7,LHPV7a2,1,1,0,1,1,0
478,17904,10,LPTC (self-motion),0,not-CX,569.6,151.3,162.1,LHAV2b5,1,1,0,0,1,0
479,17924,2,antennal,0,not-CX,406.9,148.8,93.0,DA3_adPN,0,0,0,0,1,0
480,18007,10,LPTC (self-motion),0,not-CX,591.2,112.8,221.5,LHPV2i1,1,1,0,0,1,0
481,18015,2,antennal,0,not-CX,414.0,158.1,92.7,DM6_adPN,0,0,0,0,1,0
482,18016,0,unnamed,0,not-CX,275.1,205.9,125.9,lLN2P_c,0,0,0,0,0,0
483,18043,10,LPTC (self-motion),0,not-CX,179.1,166.9,214.1,LHAV3a1_c,1,1,0,0,0,0
484,18044,10,LPTC (self-motion),0,not-CX,575.8,136.0,266.0,LHPV2a1_e,1,1,0,0,1,0
485,18084,2,antennal,0,not-CX,338.3,184.4,103.4,VM7d_adPN,0,0,0,0,0,0
486,18102,10,LPTC (self-motion),0,not-CX,581.8,138.7,203.2,LHAV3b13,1,1,0,0,1,0
487,18108,10,LPTC (self-motion),0,not-CX,179.2,164.7,186.7,LHAV2b2_a,1,1,0,0,0,0
488,18109,10,LPTC (self-motion),0,not-CX,294.8,181.2,300.0,LHPV7a2,1,1,0,1,0,0
489,18141,2,antennal,0,not-CX,529.9,280.1,169.3,WEDPN1A,1,0,1,0,1,0
490,18147,1,sensory,0,not-CX,0.0,0.0,0.0,ORN_VA2,0,0,0,0,0,1
491,18165,0,unnamed,0,not-CX,487.4,181.0,115.2,lLN2P_b,0,0,0,0,1,0
492,18179,10,LPTC (self-motion),0,not-CX,181.3,187.3,195.4,LHAV2n1,1,1,0,0,0,0
493,18222,0,unnamed,0,not-CX,575.4,143.6,188.0,LNd_c,1,0,1,0,1,0
494,18235,10,LPTC (self-motion),0,not-CX,186.7,183.7,195.5,LHAV3k3,1,1,0,0,0,0
495,18249,10,LPTC (self-motion),0,not-CX,176.5,170.8,189.7,LHAV2b5,1,1,0,0,0,0
496,18262,10,LPTC (self-motion),0,not-CX,184.2,120.0,256.5,LHPV6i2_a,1,1,0,0,0,0
497,18297,10,LPTC (self-motion),0,not-CX,217.2,125.0,271.4,LHPV4e1,1,1,0,0,0,0
498,18305,10,LPTC (self-motion),0,not-CX,579.2,167.4,202.0,LHAV3k6,1,1,0,0,1,0
499,18351,2,antennal,0,not-CX,514.6,265.4,147.5,VP2+Z_lvPN,0,0,0,0,1,0
500,18416,0,unnamed,0,not-CX,253.0,213.7,117.5,DA2_lPN,0,0,0,0,0,0
501,18417,2,antennal,0,not-CX,315.0,176.1,111.3,DM6_adPN,0,0,0,0,0,0
502,18453,10,LPTC (self-motion),0,not-CX,592.9,147.0,160.8,LHAV2g5,1,1,0,0,1,0
503,18463,10,LPTC (self-motion),0,not-CX,181.1,120.8,224.3,LHAV4l1,1,1,0,0,0,0
504,18466,2,antennal,0,not-CX,449.6,267.7,104.8,M_vPNml51,0,0,0,0,1,0
505,18484,10,LPTC (self-motion),0,not-CX,591.1,145.2,210.6,LHAV3a1_c,1,1,0,0,1,0
506,18493,0,unnamed,0,not-CX,266.5,209.9,122.2,DM5_lPN,0,0,0,0,0,0
507,18536,2,antennal,0,not-CX,326.0,212.9,94.1,D_adPN,0,0,0,0,0,0
508,18575,10,LPTC (self-motion),0,not-CX,193.5,177.2,204.5,LHAV3b12,1,1,0,0,0,0
509,18637,10,LPTC (self-motion),0,not-CX,193.9,176.2,194.2,LHAV2m1,1,1,0,0,0,0
510,18657,10,LPTC (self-motion),0,not-CX,574.9,112.5,167.6,LHAV6b3,1,1,0,0,1,0
511,18668,0,unnamed,0,not-CX,263.1,127.9,282.9,LPN_a,0,0,0,0,0,0
512,18678,10,LPTC (self-motion),0,not-CX,204.0,105.0,266.5,LHPV6p1,1,1,0,0,0,0
513,18695,10,LPTC (self-motion),0,not-CX,178.9,176.5,200.2,LHAV3k4,1,1,0,0,0,0
514,18726,0,unnamed,0,not-CX,496.0,183.9,109.4,lLN2P_c,0,0,0,0,1,0
515,18730,0,unnamed,0,not-CX,488.1,186.0,117.5,lLN2P_b,0,0,0,0,1,0
516,18764,10,LPTC (self-motion),0,not-CX,587.2,107.7,183.4,LHAV5a4_a,1,1,0,0,1,0
517,18770,10,LPTC (self-motion),0,not-CX,205.3,135.3,197.1,LHAV6h1,1,1,0,0,0,0
518,18776,0,unnamed,0,not-CX,508.4,209.7,116.5,DA2_lPN,0,0,0,0,1,0
519,18790,2,antennal,0,not-CX,243.8,228.5,130.9,WEDPN16_d,0,0,0,0,0,0
520,18798,2,antennal,0,not-CX,394.0,155.1,105.3,WEDPN10B,1,0,1,1,1,0
521,18807,10,LPTC (self-motion),0,not-CX,559.4,248.2,345.8,VST2,1,1,0,0,1,0
522,18814,2,antennal,0,not-CX,516.9,268.9,146.6,VP2+Z_lvPN,0,0,0,0,1,0
523,18828,10,LPTC (self-motion),0,not-CX,600.2,116.1,178.1,LHAV4g17,1,1,0,0,1,0
524,18834,2,antennal,0,not-CX,405.7,162.7,101.2,VM7d_adPN,0,0,0,0,1,0
525,18840,0,unnamed,0,not-CX,520.3,198.1,113.2,DL3_lPN,0,0,0,0,1,0
526,18843,10,LPTC (self-motion),0,not-CX,188.2,171.0,202.0,LHAV3b13,1,1,0,0,0,0
527,18854,10,LPTC (self-motion),0,not-CX,189.1,190.0,193.7,LHAV2m1,1,1,0,0,0,0
528,18867,2,antennal,0,not-CX,406.2,158.9,105.0,VM5d_adPN,0,0,0,0,1,0
529,18884,10,LPTC (self-motion),0,not-CX,291.0,238.7,310.7,LHPV6l2,1,1,0,0,0,0
530,18909,0,unnamed,0,not-CX,273.6,242.7,109.3,lLN8,0,0,0,0,0,0
531,18937,10,LPTC (self-motion),0,not-CX,240.8,191.4,288.5,LHPV2a1_d,1,1,0,0,0,0
532,18939,10,LPTC (self-motion),0,not-CX,180.0,136.9,227.4,LHPV2i2_b,1,1,0,0,0,0
533,18968,10,LPTC (self-motion),0,not-CX,172.7,176.6,185.3,LHAV2b2_a,1,1,0,0,0,0
534,18988,10,LPTC (self-motion),0,not-CX,591.1,139.5,196.7,LHAV3k4,1,1,0,0,1,0
535,18989,10,LPTC (self-motion),0,not-CX,592.6,159.0,194.1,LHAV2k6,1,1,0,0,1,0
536,19018,10,LPTC (self-motion),0,not-CX,196.1,167.3,177.8,LHAV2o1,1,1,0,0,0,0
537,19064,10,LPTC (self-motion),0,not-CX,175.4,156.4,183.0,LHAV3e4_b,1,1,0,0,0,0
538,19067,2,antennal,0,not-CX,242.0,278.3,163.3,WEDPN7B,0,0,0,0,0,0
539,19086,0,unnamed,0,not-CX,569.3,151.2,183.7,LNd_c,1,0,1,0,1,0
540,19143,10,LPTC (self-motion),0,not-CX,589.4,97.9,206.3,LHAV4a1_b,1,1,0,0,1,0
541,19183,10,LPTC (self-motion),0,not-CX,589.3,153.0,166.0,LHAV2b2_a,1,1,0,0,1,0
542,19234,10,LPTC (self-motion),0,not-CX,183.1,185.8,183.3,LHAV2b5,1,1,0,0,0,0
543,19274,10,LPTC (self-motion),0,not-CX,584.3,106.3,252.0,LHPV6o1,1,1,0,0,1,0
544,19314,10,LPTC (self-motion),0,not-CX,514.2,193.3,291.5,LHPV7b1,1,1,0,1,1,0
545,19333,10,LPTC (self-motion),0,not-CX,184.0,187.1,208.0,LHAV3p1,1,1,0,0,0,0
546,19339,0,unnamed,0,not-CX,512.9,202.5,112.0,DA2_lPN,0,0,0,0,1,0
547,19364,10,LPTC (self-motion),0,not-CX,587.3,161.8,172.6,LHAV2b2_a,1,1,0,0,1,0
548,19391,10,LPTC (self-motion),0,not-CX,174.0,172.0,185.2,LHAV2b2_a,1,1,0,0,0,0
549,19469,0,unnamed,0,not-CX,584.2,140.8,184.5,LNd_b,0,0,0,0,1,0
550,19579,2,antennal,0,not-CX,452.2,170.4,88.4,VC4_adPN,0,0,0,0,1,0
551,19588,10,LPTC (self-motion),0,not-CX,570.3,194.9,332.0,VS,1,1,0,0,1,0
552,19647,2,antennal,0,not-CX,296.8,258.5,157.0,VP1m+_lvPN,0,0,0,0,0,0
553,19690,10,LPTC (self-motion),0,not-CX,594.1,143.9,180.4,LHAV2f2_b,1,1,0,0,1,0
554,19694,10,LPTC (self-motion),0,not-CX,182.6,176.6,180.0,LHAV2b2_a,1,1,0,0,0,0
555,19743,0,unnamed,0,not-CX,497.6,201.0,103.7,VA7m_lPN,0,0,0,0,1,0
556,19746,10,LPTC (self-motion),0,not-CX,580.0,85.9,251.7,LHPV6i2_a,1,1,0,0,1,0
557,19767,0,unnamed,0,not-CX,491.4,190.5,120.5,lLN2P_b,0,0,0,0,1,0
558,19768,10,LPTC (self-motion),0,not-CX,581.6,208.8,163.9,LHAV3i1,1,1,0,0,1,0
559,19845,2,antennal,0,not-CX,404.1,363.3,177.2,VP3+VP1l_ivPN,1,0,1,0,1,0
560,19859,10,LPTC (self-motion),0,not-CX,589.1,119.9,171.3,LHAV5b2,1,1,0,0,1,0
561,19921,0,unnamed,0,not-CX,488.4,192.7,113.5,lLN2P_a,0,0,0,0,1,0
562,19949,10,LPTC (self-motion),0,not-CX,185.5,131.4,220.5,LHAV4g17,1,1,0,0,0,0
563,19953,2,antennal,0,not-CX,349.1,151.8,104.6,DM6_adPN,0,0,0,0,0,0
564,20001,2,antennal,0,not-CX,344.1,179.1,109.8,VM5v_adPN,0,0,0,0,0,0
565,20029,2,antennal,0,not-CX,315.4,274.7,99.4,CB2004,0,0,0,0,0,0
566,20033,10,LPTC (self-motion),0,not-CX,590.1,160.9,206.1,LHAV3k3,1,1,0,0,1,0
567,20059,10,LPTC (self-motion),0,not-CX,589.2,105.6,265.7,LHPV4j3,1,1,0,0,1,0
568,20084,2,antennal,0,not-CX,525.3,282.3,166.8,WEDPN2A,1,0,1,0,1,0
569,20105,0,unnamed,0,not-CX,517.7,191.4,117.7,DA2_lPN,0,0,0,0,1,0
570,20132,10,LPTC (self-motion),0,not-CX,572.6,151.5,166.1,LHAV2b2_b,1,1,0,0,1,0
571,20141,10,LPTC (self-motion),0,not-CX,561.9,239.1,175.1,LHAV1a1,1,1,0,0,1,0
572,20195,10,LPTC (self-motion),0,not-CX,554.8,252.2,187.8,LHAV1f1,1,1,0,0,1,0
573,20197,10,LPTC (self-motion),0,not-CX,585.1,156.8,176.7,LHAV2b3,1,1,0,0,1,0
574,20270,10,LPTC (self-motion),0,not-CX,258.1,165.7,141.1,LHAV8a1,1,1,0,1,0,0
575,20278,2,antennal,0,not-CX,444.9,267.0,101.1,M_vPNml65,0,0,0,0,1,0
576,20287,10,LPTC (self-motion),0,not-CX,193.7,155.9,179.9,LHAV6b1,1,1,0,0,0,0
577,20311,0,unnamed,0,not-CX,260.6,216.4,113.5,DA2_lPN,0,0,0,0,0,0
578,20397,10,LPTC (self-motion),0,not-CX,192.9,192.3,217.8,LHAV3d1,1,1,0,0,0,0
579,20402,0,unnamed,0,not-CX,490.9,188.2,110.4,lLN2P_b,0,0,0,0,1,0
580,20445,2,antennal,0,not-CX,364.6,170.7,115.4,VM5v_adPN,0,0,0,0,0,0
581,20496,0,unnamed,0,not-CX,256.3,212.6,121.8,DL3_lPN,0,0,0,0,0,0
582,20503,10,LPTC (self-motion),0,not-CX,183.1,140.4,227.8,LHPV2i2_a,1,1,0,0,0,0
583,20581,0,unnamed,0,not-CX,494.3,189.8,105.5,lLN2P_c,0,0,0,0,1,0
584,20591,2,antennal,0,not-CX,275.9,150.8,126.7,WEDPN8C,1,0,1,1,0,0
585,20598,10,LPTC (self-motion),0,not-CX,249.1,173.8,137.7,LHAV7a1,1,1,0,1,0,0
586,20620,0,unnamed,0,not-CX,494.8,196.7,109.0,lLN2P_b,0,0,0,0,1,0
587,20634,10,LPTC (self-motion),0,not-CX,255.9,203.3,308.5,VST1,1,1,0,0,0,0
588,20707,2,antennal,0,not-CX,311.2,277.2,110.8,M_vPNml55,0,0,0,0,0,0
589,20739,2,antennal,0,not-CX,341.4,179.3,112.6,DL2v_adPN,0,0,0,0,0,0
590,20819,10,LPTC (self-motion),0,not-CX,212.9,83.7,254.6,LHPV6a10,1,1,0,0,0,0
591,20910,0,unnamed,0,not-CX,505.0,228.7,108.3,M_lPNm11D,0,0,0,0,1,0
592,20912,10,LPTC (self-motion),0,not-CX,566.4,129.4,152.1,LHAV6h1,1,1,0,0,1,0
593,20926,2,antennal,0,not-CX,515.8,285.0,163.4,VP1m+VP2_lvPN1,0,0,0,0,1,0
594,20960,2,antennal,0,not-CX,303.4,287.6,110.0,VL1_vPN,1,0,1,0,0,0
595,20995,0,unnamed,0,not-CX,513.2,201.3,116.2,DA2_lPN,0,0,0,0,1,0
596,21073,10,LPTC (self-motion),0,not-CX,174.8,166.4,184.1,LHAV2b3,1,1,0,0,0,0
597,21100,0,unnamed,0,not-CX,500.5,205.0,118.8,M_lPNm11A,0,0,0,0,1,0
598,21115,10,LPTC (self-motion),0,not-CX,225.1,135.7,276.9,LHPV4l1,1,1,0,0,0,0
599,21132,2,antennal,0,not-CX,405.8,150.5,96.9,VC4_adPN,0,0,0,0,1,0
600,21166,10,LPTC (self-motion),0,not-CX,219.4,260.8,186.3,LHAV1a1,1,1,0,0,0,0
601,21191,10,LPTC (self-motion),0,not-CX,175.9,176.3,203.4,LHAV3o1,1,1,0,0,0,0
602,21207,10,LPTC (self-motion),0,not-CX,594.9,146.2,165.2,LHAV2b7_b,1,1,0,0,1,0
603,21263,10,LPTC (self-motion),0,not-CX,224.6,155.1,277.6,LHPV2a1_d,1,1,0,0,0,0
604,21267,0,unnamed,0,not-CX,271.6,198.6,116.0,lLN2R_a,0,0,0,0,0,0
605,21335,2,antennal,0,not-CX,288.6,244.7,161.6,WEDPN2B_a,1,0,1,1,0,0
606,21358,10,LPTC (self-motion),0,not-CX,586.5,177.9,168.3,LHAV2i4,1,1,0,0,1,0
607,21362,10,LPTC (self-motion),0,not-CX,589.1,109.1,228.6,LHPV2i2_a,1,1,0,0,1,0
608,21397,10,LPTC (self-motion),0,not-CX,596.4,162.3,194.2,LHAV3d1,1,1,0,0,1,0
609,21409,10,LPTC (self-motion),0,not-CX,272.0,196.7,289.9,LHPV7a1,1,1,0,1,0,0
610,21452,2,antennal,0,not-CX,521.0,272.4,161.0,WEDPN3,1,0,1,0,1,0
611,21496,2,antennal,0,not-CX,551.3,269.0,157.9,WEDPN16_d,0,0,0,0,1,0
612,21557,0,unnamed,0,not-CX,278.2,238.6,110.5,DL3_lPN,0,0,0,0,0,0
613,21567,0,unnamed,0,not-CX,292.4,184.6,111.9,lLN2P_c,0,0,0,0,0,0
614,21572,10,LPTC (self-motion),0,not-CX,558.0,243.0,344.6,VST1,1,1,0,0,1,0
615,21584,0,unnamed,0,not-CX,270.1,235.2,115.0,DL3_lPN,0,0,0,0,0,0
616,21600,10,LPTC (self-motion),0,not-CX,269.2,193.3,286.8,LHPV7a1,1,1,0,1,0,0
617,21709,10,LPTC (self-motion),0,not-CX,191.9,129.8,222.9,LHAV4j1,1,1,0,0,0,0
618,21725,2,antennal,0,not-CX,263.6,295.7,182.7,VP1l+_lvPN,0,0,0,0,0,0
619,21741,10,LPTC (self-motion),0,not-CX,203.6,252.4,184.9,LHAV2h1,1,1,0,0,0,0
620,21772,10,LPTC (self-motion),0,not-CX,224.6,264.0,185.2,LHAV1a1,1,1,0,0,0,0
621,21822,10,LPTC (self-motion),0,not-CX,210.9,148.9,273.7,LHPV2a1_d,1,1,0,0,0,0
622,21826,10,LPTC (self-motion),0,not-CX,183.9,129.7,235.8,LHPV2h1,1,1,0,0,0,0
623,21860,10,LPTC (self-motion),0,not-CX,168.9,162.7,184.4,LHAV2b2_c,1,1,0,0,0,0
624,21876,0,unnamed,0,not-CX,263.6,225.5,112.6,DA2_lPN,0,0,0,0,0,0
625,21889,10,LPTC (self-motion),0,not-CX,175.7,152.4,179.7,LHAV3e3_a,1,1,0,0,0,0
626,21898,10,LPTC (self-motion),0,not-CX,593.1,150.2,167.2,LHAV2b2_a,1,1,0,0,1,0
627,21919,10,LPTC (self-motion),0,not-CX,274.3,239.5,295.2,LHPV1d1,1,1,0,0,0,0
628,22026,2,antennal,0,not-CX,448.1,263.8,105.1,M_vPNml52,0,0,0,0,1,0
629,22040,10,LPTC (self-motion),0,not-CX,584.9,154.0,163.5,LHAV2b2_c,1,1,0,0,1,0
630,22119,10,LPTC (self-motion),0,not-CX,584.7,133.7,233.4,LHPV3b1_b,1,1,0,0,1,0
631,22166,0,unnamed,0,not-CX,500.2,189.6,114.6,lLN2P_c,0,0,0,0,1,0
632,22224,2,antennal,0,not-CX,463.7,265.1,110.9,VL2a_vPN,0,0,0,0,1,0
633,22243,0,unnamed,0,not-CX,493.3,185.8,117.4,lLN2P_c,0,0,0,0,1,0
634,22276,0,unnamed,0,not-CX,495.7,194.7,114.6,lLN2P_a,0,0,0,0,1,0
635,22306,2,antennal,0,not-CX,532.6,279.1,166.5,WEDPN2A,0,0,0,0,1,0
636,22338,10,LPTC (self-motion),0,not-CX,226.5,161.2,284.1,LHPV2a1_c,1,1,0,0,0,0
637,22417,10,LPTC (self-motion),0,not-CX,556.6,251.2,182.3,LHAV1a1,1,1,0,0,1,0
638,22443,10,LPTC (self-motion),0,not-CX,185.0,179.3,176.7,LHAV2b3,1,1,0,0,0,0
639,22473,2,antennal,0,not-CX,302.9,259.8,155.4,VM4_lvPN,0,0,0,0,0,0
640,22494,2,antennal,0,not-CX,418.3,156.0,95.1,VM5d_adPN,0,0,0,0,1,0
641,22551,10,LPTC (self-motion),0,not-CX,576.9,117.9,169.7,LHAV6a7,1,1,0,0,1,0
642,22569,2,antennal,0,not-CX,410.6,163.0,98.2,VM5d_adPN,0,0,0,0,1,0
643,22571,10,LPTC (self-motion),0,not-CX,587.6,162.6,183.7,LHAV2a3,1,1,0,0,1,0
644,22585,10,LPTC (self-motion),0,not-CX,175.7,182.5,194.7,LHAV3o1,1,1,0,0,0,0
645,22665,2,antennal,0,not-CX,309.4,287.8,116.6,M_vPNml63,1,0,1,0,0,0
646,22671,10,LPTC (self-motion),0,not-CX,190.7,188.2,188.8,LHAV3i1,1,1,0,0,0,0
647,22695,10,LPTC (self-motion),0,not-CX,586.3,115.0,251.3,LHPV4e1,1,1,0,0,1,0
648,22708,10,LPTC (self-motion),0,not-CX,174.8,178.3,196.9,LHAV3o1,1,1,0,0,0,0
649,22717,0,unnamed,0,not-CX,510.0,213.8,108.9,M_lPNm11D,1,0,1,0,1,0
650,22787,2,antennal,0,not-CX,359.7,161.3,111.8,DL2d_adPN,0,0,0,0,0,0
651,22833,10,LPTC (self-motion),0,not-CX,203.4,156.7,179.6,LHAV6b4,1,1,0,0,0,0
652,22852,10,LPTC (self-motion),0,not-CX,567.2,130.0,263.3,LHPV2a1_d,1,1,0,0,1,0
653,22899,10,LPTC (self-motion),0,not-CX,567.8,129.8,258.5,LHPV2a1_c,1,1,0,0,1,0
654,22917,10,LPTC (self-motion),0,not-CX,185.6,122.8,263.6,LHPV4a7_d,1,1,0,0,0,0
655,22977,2,antennal,0,not-CX,322.7,276.5,114.2,VL2a_vPN,0,0,0,0,0,0
656,23012,10,LPTC (self-motion),0,not-CX,199.1,134.6,279.8,LHPV4j2,1,1,0,0,0,0
657,23045,0,unnamed,0,not-CX,516.9,194.3,108.0,DL3_lPN,0,0,0,0,1,0
658,23076,10,LPTC (self-motion),0,not-CX,220.7,255.9,189.5,LHAV1a1,1,1,0,0,0,0
659,23132,2,antennal,0,not-CX,489.8,245.9,139.8,VM4_lvPN,0,0,0,0,1,0
660,23162,2,antennal,0,not-CX,262.0,303.2,183.2,VP2+Z_lvPN,0,0,0,0,0,0
661,23189,10,LPTC (self-motion),0,not-CX,562.5,241.8,180.9,LHAV1a3,1,1,0,0,1,0
662,23190,10,LPTC (self-motion),0,not-CX,414.6,138.3,285.9,LHPV10a1a,1,1,0,1,1,0
663,23200,2,antennal,0,not-CX,365.2,167.2,112.8,DL2d_adPN,0,0,0,0,0,0
664,23241,10,LPTC (self-motion),0,not-CX,189.6,115.8,222.7,LHAV4a1_b,1,1,0,0,0,0
665,23339,2,antennal,0,not-CX,420.9,154.7,92.2,VM5d_adPN,0,0,0,0,1,0
666,23401,0,unnamed,0,not-CX,507.7,190.9,112.7,lLN1_bc,0,0,0,0,1,0
667,23477,0,unnamed,0,not-CX,493.4,215.7,139.4,lLN2X04,0,0,0,0,1,0
668,23494,2,antennal,0,not-CX,445.2,249.3,89.8,DA3_adPN,0,0,0,0,1,0
669,23496,10,LPTC (self-motion),0,not-CX,589.0,116.9,189.3,LHAV4g12,1,1,0,0,1,0
670,23517,2,antennal,0,not-CX,479.3,242.1,156.9,VM4_lvPN,0,0,0,0,1,0
671,23533,10,LPTC (self-motion),0,not-CX,179.3,123.5,261.5,LHPV4a11,1,1,0,0,0,0
672,23648,10,LPTC (self-motion),0,not-CX,512.2,234.4,296.7,LHPV1d1,1,1,0,0,1,0
673,23652,10,LPTC (self-motion),0,not-CX,578.5,87.0,254.9,LHPV6a3,1,1,0,0,1,0
674,23696,2,antennal,0,not-CX,527.3,296.0,182.0,WEDPN1B,0,0,0,0,1,0
675,23718,0,unnamed,0,not-CX,497.0,201.5,117.4,DM5_lPN,0,0,0,0,1,0
676,23743,10,LPTC (self-motion),0,not-CX,563.9,239.1,183.6,LHAV1a1,1,1,0,0,1,0
677,23780,10,LPTC (self-motion),0,not-CX,577.0,136.6,235.1,LHPV3a3_b,1,1,0,0,1,0
678,23790,10,LPTC (self-motion),0,not-CX,596.2,120.2,170.1,LHAV3e1,1,1,0,0,1,0
679,23814,2,antennal,0,not-CX,287.9,253.2,156.8,WEDPN3,1,0,1,1,0,0
680,23854,0,unnamed,0,not-CX,279.8,216.2,125.7,lLN2P_a,0,0,0,0,0,0
681,23897,10,LPTC (self-motion),0,not-CX,560.4,210.7,337.3,VST1,1,1,0,0,1,0
682,23958,0,unnamed,0,not-CX,257.2,217.8,113.8,DA2_lPN,0,0,0,0,0,0
683,24064,10,LPTC (self-motion),0,not-CX,572.4,136.4,257.8,LHPV2a1_c,1,1,0,0,1,0
684,24067,10,LPTC (self-motion),0,not-CX,519.1,189.7,284.7,LHPV7a1,1,1,0,1,1,0
685,24094,10,LPTC (self-motion),0,not-CX,596.4,141.9,185.8,LHAV3o1,1,1,0,0,1,0
686,24306,2,antennal,0,not-CX,284.2,247.5,161.0,WEDPN3,1,0,1,1,0,0
687,24307,0,unnamed,0,not-CX,197.8,151.9,205.5,LNd_c,1,0,1,0,0,0
688,24315,10,LPTC (self-motion),0,not-CX,558.2,258.4,175.3,LHAV1a1,1,1,0,0,1,0
689,24334,10,LPTC (self-motion),0,not-CX,527.3,93.7,259.4,LHPV6a1,1,1,0,1,1,0
690,24352,0,unnamed,0,not-CX,510.5,197.9,119.1,DM5_lPN,0,0,0,0,1,0
691,24394,10,LPTC (self-motion),0,not-CX,212.2,246.2,189.5,LHAV1a1,1,1,0,0,0,0
692,24399,0,unnamed,0,not-CX,504.9,203.4,131.6,LNO1,0,0,0,0,1,0
693,24407,2,antennal,0,not-CX,261.3,298.5,184.3,VP2+Z_lvPN,0,0,0,0,0,0
694,24442,10,LPTC (self-motion),0,not-CX,214.7,144.6,267.0,LHPV6k2,1,1,0,0,0,0
695,24502,0,unnamed,0,not-CX,508.5,208.9,109.4,M_lPNm11D,0,0,0,0,1,0
696,24584,11,CX,4,other CX,249.0,280.2,164.9,LAL064,0,0,0,0,0,0
697,24660,0,unnamed,0,not-CX,260.0,212.9,124.3,DL3_lPN,0,0,0,0,0,0
698,24713,10,LPTC (self-motion),0,not-CX,194.6,131.9,264.4,LHPV4i4,1,1,0,0,0,0
699,24816,2,antennal,0,not-CX,566.5,137.7,276.8,WEDPN6C,1,0,1,0,1,0
700,24828,0,unnamed,0,not-CX,286.5,202.2,131.3,lLN2P_b,0,0,0,0,0,0
701,24841,2,antennal,0,not-CX,436.7,164.2,87.7,DL2v_adPN,0,0,0,0,1,0
702,24866,10,LPTC (self-motion),0,not-CX,224.0,153.8,283.7,LHPV2a1_a,1,1,0,0,0,0
703,24867,10,LPTC (self-motion),0,not-CX,238.6,252.2,331.8,VST1,1,1,0,0,0,0
704,24941,0,unnamed,0,not-CX,504.0,224.4,107.8,M_lPNm13,1,0,1,0,1,0
705,24979,10,LPTC (self-motion),0,not-CX,173.2,159.2,179.0,LHAV3e2,1,1,0,0,0,0
706,24985,10,LPTC (self-motion),0,not-CX,583.4,113.3,201.9,LHAV4j1,1,1,0,0,1,0
707,25039,2,antennal,0,not-CX,314.7,292.3,113.4,M_vPNml65,1,0,1,0,0,0
708,25087,2,antennal,0,not-CX,461.3,275.2,111.8,M_vPNml60,0,0,0,0,1,0
709,25091,2,antennal,0,not-CX,252.1,239.8,128.0,WEDPN2A,1,0,1,0,0,0
710,25142,2,antennal,0,not-CX,278.2,256.7,150.9,WEDPN3,1,0,1,0,0,0
711,25154,2,antennal,0,not-CX,261.9,234.2,136.6,WEDPN2A,1,0,1,0,0,0
712,25166,2,antennal,0,not-CX,346.4,174.0,117.6,VC4_adPN,0,0,0,0,0,0
713,25288,10,LPTC (self-motion),0,not-CX,190.2,161.6,181.0,LHAV5d1,1,1,0,0,0,0
714,25332,0,unnamed,0,not-CX,506.2,212.7,112.3,M_lPNm11B,0,0,0,0,1,0
715,25338,10,LPTC (self-motion),0,not-CX,186.0,131.4,189.7,LHAV6a8,1,1,0,0,0,0
716,25416,10,LPTC (self-motion),0,not-CX,217.7,253.7,192.3,LHAV1a3,1,1,0,0,0,0
717,25422,10,LPTC (self-motion),0,not-CX,170.7,131.4,187.1,LHAV4c1,1,1,0,0,0,0
718,25433,2,antennal,0,not-CX,314.5,271.3,97.0,CB2004,0,0,0,0,0,0
719,25439,10,LPTC (self-motion),0,not-CX,196.4,135.3,265.0,LHPV4h3,1,1,0,0,0,0
720,25614,2,antennal,0,not-CX,531.7,290.2,172.5,WEDPN1A,0,0,0,0,1,0
721,25637,10,LPTC (self-motion),0,not-CX,212.6,250.2,189.9,LHAV1a3,1,1,0,0,0,0
722,25644,10,LPTC (self-motion),0,not-CX,204.5,134.0,266.2,LHPV4a1,1,1,0,0,0,0
723,25659,10,LPTC (self-motion),0,not-CX,180.0,114.6,256.6,LHAV6i2_b,1,1,0,0,0,0
724,25893,10,LPTC (self-motion),0,not-CX,232.4,235.5,336.9,VST1,1,1,0,0,0,0
725,25927,2,antennal,0,not-CX,459.0,270.2,111.4,VL2a_vPN,0,0,0,0,1,0
726,25931,2,antennal,0,not-CX,264.5,297.0,175.0,VP1m+VP2_lvPN2,0,0,0,0,0,0
727,25941,10,LPTC (self-motion),0,not-CX,199.2,99.1,260.9,LHPV6c2,1,1,0,0,0,0
728,25963,10,LPTC (self-motion),0,not-CX,196.9,148.0,223.9,LHAV4g13,1,1,0,0,0,0
729,26047,2,antennal,0,not-CX,469.5,280.1,116.8,M_VPNml66,0,0,0,0,1,0
730,26060,10,LPTC (self-motion),0,not-CX,206.6,132.7,273.8,LHPV4b1,1,1,0,0,0,0
731,26071,0,unnamed,0,not-CX,259.8,216.8,122.6,M_lPNm11D,0,0,0,0,0,0
732,26102,2,antennal,0,not-CX,343.5,174.9,114.1,DL2v_adPN,0,0,0,0,0,0
733,26129,2,antennal,0,not-CX,513.2,269.4,148.8,VP1m+VP2_lvPN2,0,0,0,0,1,0
734,26220,2,antennal,0,not-CX,267.4,280.0,136.1,WEDPN1A,0,0,0,0,0,0
735,26223,0,unnamed,0,not-CX,258.9,228.7,125.1,M_lPNm11D,0,0,0,0,0,0
736,26225,1,sensory,0,not-CX,0.0,0.0,0.0,ORN_VM6v,0,0,0,0,0,1
737,26257,10,LPTC (self-motion),0,not-CX,544.2,132.4,269.8,LHPV4l1,1,1,0,0,1,0
738,26286,1,sensory,0,not-CX,0.0,0.0,0.0,ORN_VM6v,0,0,0,0,0,1
739,26292,10,LPTC (self-motion),0,not-CX,195.1,144.8,222.9,LHAV4g14,1,1,0,0,0,0
740,26294,10,LPTC (self-motion),0,not-CX,182.8,167.0,183.9,LHAV2b2_b,1,1,0,0,0,0
741,26305,10,LPTC (self-motion),0,not-CX,166.6,150.7,184.9,LHAV3e2,1,1,0,0,0,0
742,26338,10,LPTC (self-motion),0,not-CX,568.9,138.1,272.3,LHPV2a3,1,1,0,0,1,0
743,26387,2,antennal,0,not-CX,327.0,173.2,110.4,VC4_adPN,0,0,0,0,0,0
744,26423,0,unnamed,0,not-CX,515.5,194.6,118.8,DA2_lPN,0,0,0,0,1,0
745,26504,2,antennal,0,not-CX,524.4,216.0,125.3,WEDPN17_a1,1,0,1,0,1,0
746,26551,2,antennal,0,not-CX,305.4,288.1,116.9,M_vPNml51,0,0,0,0,0,0
747,26602,10,LPTC (self-motion),0,not-CX,183.4,123.2,198.0,LHAV4a1_b,1,1,0,0,0,0
748,26628,0,unnamed,0,not-CX,259.5,221.3,112.0,DL3_lPN,0,0,0,0,0,0
749,26642,10,LPTC (self-motion),0,not-CX,565.6,137.0,261.5,LHPV2b5,1,1,0,0,1,0
750,26689,2,antennal,0,not-CX,531.3,286.2,173.6,WEDPN1A,1,0,1,0,1,0
751,26705,2,antennal,0,not-CX,260.1,261.7,131.6,WEDPN1A,0,0,0,0,0,0
752,26711,2,antennal,0,not-CX,285.4,250.7,158.8,WEDPN2B_b,1,0,1,1,0,0
753,26731,2,antennal,0,not-CX,525.3,279.3,170.3,WEDPN1A,0,0,0,0,1,0
754,26752,2,antennal,0,not-CX,254.4,282.8,162.1,WEDPN17_a1,1,0,1,0,0,0
755,26757,10,LPTC (self-motion),0,not-CX,580.1,102.9,207.0,LHAV4i1,1,1,0,0,1,0
756,26762,0,unnamed,0,not-CX,258.8,223.0,118.5,DL3_lPN,0,0,0,0,0,0
757,26766,2,antennal,0,not-CX,312.8,287.5,113.1,M_vPNml65,1,0,1,0,0,0
758,26845,2,antennal,0,not-CX,463.5,159.8,100.3,DL2v_adPN,0,0,0,0,1,0
759,26922,10,LPTC (self-motion),0,not-CX,177.9,155.0,177.3,LHAV3e1,1,1,0,0,0,0
760,26930,10,LPTC (self-motion),0,not-CX,182.8,152.6,188.7,LHAV5b2,1,1,0,0,0,0
761,26977,2,antennal,0,not-CX,412.0,147.4,93.5,M_adPNm7,0,0,0,0,1,0
762,26989,10,LPTC (self-motion),0,not-CX,582.8,84.7,212.0,LHAV4c2,1,1,0,0,1,0
763,26997,2,antennal,0,not-CX,279.1,146.2,132.4,WEDPN8C,1,0,1,1,0,0
764,27024,2,antennal,0,not-CX,335.3,186.8,101.1,VM5d_adPN,0,0,0,0,0,0
765,27057,10,LPTC (self-motion),0,not-CX,416.9,136.8,282.8,LHPV10a1b,1,1,0,1,1,0
766,27059,10,LPTC (self-motion),0,not-CX,184.7,154.8,185.9,LHAV5c1,1,1,0,0,0,0
767,27074,2,antennal,0,not-CX,477.9,285.0,117.3,CB2004,0,0,0,0,1,0
768,27153,1,sensory,0,not-CX,0.0,0.0,0.0,ORN_VA1v,0,0,0,0,0,1
769,27158,10,LPTC (self-motion),0,not-CX,562.8,247.8,173.9,LHAV1a3,1,1,0,0,1,0
770,27202,2,antennal,0,not-CX,271.7,154.6,113.7,WEDPN8C,1,0,1,1,0,0
771,27284,10,LPTC (self-motion),0,not-CX,186.4,207.5,191.7,LHAV2k12_a,1,1,0,0,0,0
772,27315,10,LPTC (self-motion),0,not-CX,189.1,193.4,206.6,LHAV2k9,1,1,0,0,0,0
773,27333,0,unnamed,0,not-CX,516.9,187.3,116.9,DL3_lPN,0,0,0,0,1,0
774,27379,0,unnamed,0,not-CX,256.5,229.8,117.4,M_lPNm11D,0,0,0,0,0,0
775,27416,0,unnamed,0,not-CX,277.7,209.7,130.8,lLN2P_b,0,0,0,0,0,0
776,27470,10,LPTC (self-motion),0,not-CX,261.1,162.2,298.7,LHPV6l1,1,1,0,1,0,0
777,27507,10,LPTC (self-motion),0,not-CX,177.4,120.9,200.2,LHAV4c2,1,1,0,0,0,0
778,27589,10,LPTC (self-motion),0,not-CX,186.8,122.5,268.2,LHPV4a9,1,1,0,0,0,0
779,27594,10,LPTC (self-motion),0,not-CX,179.0,123.1,204.5,LHAV4e4,1,1,0,0,0,0
780,27614,0,unnamed,0,not-CX,282.9,203.6,128.0,lLN2P_b,0,0,0,0,0,0
781,27694,10,LPTC (self-motion),0,not-CX,181.2,147.0,200.1,LHAV5a8,1,1,0,0,0,0
782,27697,10,LPTC (self-motion),0,not-CX,591.6,114.2,190.1,LHAV4g13,1,1,0,0,1,0
783,27760,10,LPTC (self-motion),0,not-CX,591.0,154.7,169.8,LHAV2b11,1,1,0,0,1,0
784,27774,10,LPTC (self-motion),0,not-CX,169.6,172.0,184.0,LHAV2b7_a,1,1,0,0,0,0
785,27775,2,antennal,0,not-CX,317.8,175.0,109.2,VM5d_adPN,0,0,0,0,0,0
786,27934,10,LPTC (self-motion),0,not-CX,564.5,132.9,261.6,LHPV2b4,1,1,0,0,1,0
787,27947,2,antennal,0,not-CX,259.2,257.8,130.5,WEDPN1A,0,0,0,0,0,0
788,28019,10,LPTC (self-motion),0,not-CX,186.8,196.0,197.4,LHAV2k13,1,1,0,0,0,0
789,28037,2,antennal,0,not-CX,459.7,263.0,110.1,M_vPNml72,0,0,0,0,1,0
790,28094,10,LPTC (self-motion),0,not-CX,189.4,121.9,217.8,LHAV4c2,1,1,0,0,0,0
791,28121,2,antennal,0,not-CX,250.8,235.9,126.5,WEDPN1B,0,0,0,0,0,0
792,28159,10,LPTC (self-motion),0,not-CX,171.0,178.5,178.5,LHAV2g5,1,1,0,0,0,0
793,28184,10,LPTC (self-motion),0,not-CX,596.9,114.4,178.4,LHAV4l1,1,1,0,0,1,0
794,28200,10,LPTC (self-motion),0,not-CX,183.5,172.6,177.8,LHAV2g3,1,1,0,0,0,0
795,28223,10,LPTC (self-motion),0,not-CX,184.4,125.2,243.3,LHPV3a2,1,1,0,0,0,0
796,28293,10,LPTC (self-motion),0,not-CX,566.4,148.3,166.6,LHAV6b4,1,1,0,0,1,0
797,28406,0,unnamed,0,not-CX,476.9,168.0,99.8,lLN2P_c,0,0,0,0,1,0
798,28438,10,LPTC (self-motion),0,not-CX,165.9,159.2,182.9,LHAV3e1,1,1,0,0,0,0
799,28509,10,LPTC (self-motion),0,not-CX,573.3,119.7,265.9,LHPV4b1,1,1,0,0,1,0
800,28525,0,unnamed,0,not-CX,280.8,218.4,136.3,lLN2P_b,0,0,0,0,0,0
801,28544,10,LPTC (self-motion),0,not-CX,181.5,166.0,191.3,LHAV2c1,1,1,0,0,0,0
802,28588,10,LPTC (self-motion),0,not-CX,197.3,152.7,217.7,LHAV4g12,1,1,0,0,0,0
803,28640,0,unnamed,0,not-CX,256.4,221.7,115.2,M_lPNm12,1,0,1,0,0,0
804,28644,10,LPTC (self-motion),0,not-CX,190.7,229.4,180.0,LHAV2k12_b,1,1,0,0,0,0
805,28680,2,antennal,0,not-CX,425.3,153.0,91.2,VM5d_adPN,0,0,0,0,1,0
806,28691,10,LPTC (self-motion),0,not-CX,177.3,178.0,186.5,LHAV2g5,1,1,0,0,0,0
807,28793,10,LPTC (self-motion),0,not-CX,223.6,262.0,188.2,LHAV1a3,1,1,0,0,0,0
808,28803,2,antennal,0,not-CX,292.8,260.7,155.0,VM4_lvPN,0,0,0,0,0,0
809,28855,10,LPTC (self-motion),0,not-CX,201.1,155.6,215.0,LHAV4g13,1,1,0,0,0,0
810,28910,10,LPTC (self-motion),0,not-CX,553.8,258.4,182.0,LHAV1f1,1,1,0,0,1,0
811,28938,2,antennal,0,not-CX,262.3,272.6,141.5,WEDPN1A,0,0,0,0,0,0
812,28968,10,LPTC (self-motion),0,not-CX,172.5,111.2,210.4,LHAV4e4,1,1,0,0,0,0
813,28992,10,LPTC (self-motion),0,not-CX,182.5,140.5,196.8,LHAV5a8,1,1,0,0,0,0
814,28997,2,antennal,0,not-CX,520.8,210.1,123.8,WEDPN17_b,1,0,1,0,1,0
815,29090,2,antennal,0,not-CX,455.6,264.8,112.4,DP1l_vPN,0,0,0,0,1,0
816,29129,2,antennal,0,not-CX,257.6,284.8,160.9,WEDPN16_d,0,0,0,0,0,0
817,29157,10,LPTC (self-motion),0,not-CX,588.3,150.0,153.1,LHAV2b1,1,1,0,0,1,0
818,29166,10,LPTC (self-motion),0,not-CX,196.4,144.6,287.7,LHPV2d1,1,1,0,0,0,0
819,29176,2,antennal,0,not-CX,369.5,158.7,105.6,DL2v_adPN,0,0,0,0,0,0
820,29217,2,antennal,0,not-CX,448.6,167.3,92.7,DL2d_adPN,0,0,0,0,1,0
821,29248,10,LPTC (self-motion),0,not-CX,586.6,104.3,212.0,LHAV4d1,1,1,0,0,1,0
822,29272,10,LPTC (self-motion),0,not-CX,200.2,239.5,188.2,LHAV2k11_a,1,1,0,0,0,0
823,29387,10,LPTC (self-motion),0,not-CX,588.9,163.9,196.2,LHAV3g2,1,1,0,0,1,0
824,29462,10,LPTC (self-motion),0,not-CX,169.4,114.2,200.4,LHAV4c2,1,1,0,0,0,0
825,29521,1,sensory,0,not-CX,0.0,0.0,0.0,ORN_DP1m,0,0,0,0,0,1
826,29535,2,antennal,0,not-CX,531.0,216.7,126.2,WEDPN16_d,1,0,1,0,1,0
827,29541,10,LPTC (self-motion),0,not-CX,594.0,152.8,189.6,LHAV2k11_a,1,1,0,0,1,0
828,29607,10,LPTC (self-motion),0,not-CX,179.6,180.2,177.5,LHAV1d2,1,1,0,0,0,0
829,29608,10,LPTC (self-motion),0,not-CX,165.5,167.9,177.4,LHAV2b11,1,1,0,0,0,0
830,29612,0,unnamed,0,not-CX,493.0,183.4,113.1,lLN15,0,0,0,0,1,0
831,29614,10,LPTC (self-motion),0,not-CX,165.3,147.5,190.5,LHAV3e5,1,1,0,0,0,0
832,29626,2,antennal,0,not-CX,279.4,153.5,119.1,WEDPN8C,0,0,0,0,0,0
833,29677,10,LPTC (self-motion),0,not-CX,558.6,253.3,186.6,LHAV1a3,1,1,0,0,1,0
834,29737,10,LPTC (self-motion),0,not-CX,365.1,143.5,279.0,LHPV10a1b,1,1,0,1,0,0
835,29750,2,antennal,0,not-CX,300.4,256.6,154.6,VM4_lvPN,0,0,0,0,0,0
836,29784,10,LPTC (self-motion),0,not-CX,586.8,109.3,176.4,LHAV5c1,1,1,0,0,1,0
837,29824,2,antennal,0,not-CX,406.3,154.0,93.1,M_adPNm4,0,0,0,0,1,0
838,29826,2,antennal,0,not-CX,318.0,273.9,108.4,VL2p_vPN,0,0,0,0,0,0
839,29851,10,LPTC (self-motion),0,not-CX,556.4,261.5,190.8,LHAV1a4,1,1,0,0,1,0
840,29861,10,LPTC (self-motion),0,not-CX,183.2,125.7,259.4,LHPV4a9,1,1,0,0,0,0
841,29883,10,LPTC (self-motion),0,not-CX,204.3,152.1,183.5,LHAV6b3,1,1,0,0,0,0
842,29885,10,LPTC (self-motion),0,not-CX,177.2,148.4,186.1,LHAV5b2,1,1,0,0,0,0
843,29890,10,LPTC (self-motion),0,not-CX,166.0,130.9,188.8,LHAV4c1,1,1,0,0,0,0
844,30021,0,unnamed,0,not-CX,510.2,206.0,113.7,M_lPNm11C,1,0,1,0,1,0
845,30102,10,LPTC (self-motion),0,not-CX,169.0,117.3,198.2,LHAV4i1,1,1,0,0,0,0
846,30120,2,antennal,0,not-CX,182.7,130.2,280.0,WEDPN6A,1,0,1,0,0,0
847,30253,10,LPTC (self-motion),0,not-CX,183.1,171.6,181.1,LHAV2g1,1,1,0,0,0,0
848,30279,10,LPTC (self-motion),0,not-CX,585.5,118.5,256.7,LHPV4i1,1,1,0,0,1,0
849,30291,10,LPTC (self-motion),0,not-CX,599.9,123.8,177.5,LHAV3e5,1,1,0,0,1,0
850,30349,10,LPTC (self-motion),0,not-CX,594.7,108.4,209.3,LHAV4c1,1,1,0,0,1,0
851,30375,10,LPTC (self-motion),0,not-CX,169.4,147.7,183.8,LHAV3e3_b,1,1,0,0,0,0
852,30395,10,LPTC (self-motion),0,not-CX,183.9,134.7,242.7,LHPV3a1,1,1,0,0,0,0
853,30404,2,antennal,0,not-CX,265.0,267.4,134.5,WEDPN1A,1,0,1,0,0,0
854,30421,0,unnamed,0,not-CX,284.0,210.3,129.6,lLN2P_b,0,0,0,0,0,0
855,30455,10,LPTC (self-motion),0,not-CX,179.2,119.1,197.0,LHAV4c2,1,1,0,0,0,0
856,30525,10,LPTC (self-motion),0,not-CX,576.8,151.1,165.0,LHAV2b9,1,1,0,0,1,0
857,30586,10,LPTC (self-motion),0,not-CX,179.2,169.8,178.7,LHAV2g1,1,1,0,0,0,0
858,30613,10,LPTC (self-motion),0,not-CX,167.0,143.1,193.2,LHAV3e4_a,1,1,0,0,0,0
859,30631,10,LPTC (self-motion),0,not-CX,582.4,117.5,260.7,LHPV4a9,1,1,0,0,1,0
860,30637,10,LPTC (self-motion),0,not-CX,219.2,257.7,184.2,LHAV1a3,1,1,0,0,0,0
861,30651,10,LPTC (self-motion),0,not-CX,178.4,152.0,183.6,LHAV5c1,1,1,0,0,0,0
862,30855,10,LPTC (self-motion),0,not-CX,592.8,103.0,204.7,LHAV4e1_b,1,1,0,0,1,0
863,30872,2,antennal,0,not-CX,238.6,292.4,176.2,WEDPN17_a2,1,0,1,0,0,0
864,30885,2,antennal,0,not-CX,306.5,284.7,108.0,M_vPNml52,0,0,0,0,0,0
865,30906,10,LPTC (self-motion),0,not-CX,177.2,174.2,208.2,LHAV3b13,1,1,0,0,0,0
866,30914,2,antennal,0,not-CX,264.5,296.6,178.8,VP1m+VP2_lvPN2,0,0,0,0,0,0
867,30943,10,LPTC (self-motion),0,not-CX,179.8,181.3,185.5,LHAV2g2_b,1,1,0,0,0,0
868,30967,2,antennal,0,not-CX,484.6,281.2,118.4,CB2004,0,0,0,0,1,0
869,30976,10,LPTC (self-motion),0,not-CX,180.2,131.2,241.4,LHPV3b1_a,1,1,0,0,0,0
870,30992,10,LPTC (self-motion),0,not-CX,194.8,142.9,216.0,LHAV4g12,1,1,0,0,0,0
871,31023,10,LPTC (self-motion),0,not-CX,188.9,168.6,213.6,LHAV3n1,1,1,0,0,0,0
872,31028,10,LPTC (self-motion),0,not-CX,562.6,88.4,257.3,LHPV6a1,1,1,0,0,1,0
873,31066,10,LPTC (self-motion),0,not-CX,578.9,153.3,209.4,LHAV3n1,1,1,0,0,1,0
874,31068,10,LPTC (self-motion),0,not-CX,170.8,127.3,189.2,LHAV4i1,1,1,0,0,0,0
875,31117,0,unnamed,0,not-CX,254.9,222.7,121.0,M_lPNm11D,0,0,0,0,0,0
876,31119,10,LPTC (self-motion),0,not-CX,221.4,150.7,289.4,LHPV2b5,1,1,0,0,0,0
877,31125,10,LPTC (self-motion),0,not-CX,558.1,263.5,186.2,LHAV1f1,1,1,0,0,1,0
878,31161,10,LPTC (self-motion),0,not-CX,178.1,168.9,186.7,LHAV2b11,1,1,0,0,0,0
879,31166,0,unnamed,0,not-CX,500.2,229.1,106.1,M_lPNm13,1,0,1,0,1,0
880,31196,10,LPTC (self-motion),0,not-CX,587.4,114.3,263.3,LHPV4j2,1,1,0,0,1,0
881,31205,10,LPTC (self-motion),0,not-CX,552.1,267.4,186.1,LHAV1f1,1,1,0,0,1,0
882,31206,10,LPTC (self-motion),0,not-CX,194.6,135.3,288.9,LHPV2b5,1,1,0,0,0,0
883,31215,10,LPTC (self-motion),0,not-CX,222.6,257.4,192.5,LHAV1a3,1,1,0,0,0,0
884,31216,10,LPTC (self-motion),0,not-CX,586.3,112.6,169.3,LHAV6a5,1,1,0,0,1,0
885,31247,10,LPTC (self-motion),0,not-CX,183.0,133.4,216.8,LHAV4b4,1,1,0,0,0,0
886,31285,2,antennal,0,not-CX,575.0,124.6,275.1,WEDPN6B,1,0,1,0,1,0
887,31320,10,LPTC (self-motion),0,not-CX,588.8,110.7,265.6,LHPV4a9,1,1,0,0,1,0
888,31323,10,LPTC (self-motion),0,not-CX,220.8,261.3,194.0,LHAV1f1,1,1,0,0,0,0
889,31331,10,LPTC (self-motion),0,not-CX,197.5,143.7,276.2,LHPV2b5,1,1,0,0,0,0
890,31348,0,unnamed,0,not-CX,508.2,221.4,110.6,M_lPNm11D,0,0,0,0,1,0
891,31376,10,LPTC (self-motion),0,not-CX,580.4,112.0,200.4,LHAV4a1_b,1,1,0,0,1,0
892,31397,2,antennal,0,not-CX,464.6,277.3,115.1,VL2p_vPN,0,0,0,0,1,0
893,31426,10,LPTC (self-motion),0,not-CX,574.1,125.0,269.3,LHPV2b4,1,1,0,0,1,0
894,31550,10,LPTC (self-motion),0,not-CX,171.3,174.5,177.8,LHAV2g6,1,1,0,0,0,0
895,31652,2,antennal,0,not-CX,282.2,153.9,128.1,WEDPN8D,1,0,1,1,0,0
896,31731,10,LPTC (self-motion),0,not-CX,233.2,272.8,193.0,LHAV1f1,1,1,0,0,0,0
897,31800,1,sensory,0,not-CX,0.0,0.0,0.0,ORN_DP1m,0,0,0,0,0,1
898,31844,2,antennal,0,not-CX,233.8,273.9,158.7,WEDPN17_a2,1,0,1,0,0,0
899,31910,10,LPTC (self-motion),0,not-CX,597.4,142.6,165.4,LHAV2g2_a,1,1,0,0,1,0
900,31934,10,LPTC (self-motion),0,not-CX,579.0,131.0,273.2,LHPV2b5,1,1,0,0,1,0
901,32047,10,LPTC (self-motion),0,not-CX,224.8,278.5,188.0,LHAV1f1,1,1,0,0,0,0
902,32054,10,LPTC (self-motion),0,not-CX,189.0,157.2,186.1,LHAV5a10_b,1,1,0,0,0,0
903,32095,10,LPTC (self-motion),0,not-CX,531.8,101.9,266.9,LHPV5a1,1,1,0,0,1,0
904,32157,10,LPTC (self-motion),0,not-CX,573.8,121.0,271.9,LHPV4c1_b,1,1,0,0,1,0
905,32218,10,LPTC (self-motion),0,not-CX,227.2,270.9,194.3,LHAV1f1,1,1,0,0,0,0
906,32250,10,LPTC (self-motion),0,not-CX,183.7,125.1,267.4,LHPV4a2,1,1,0,0,0,0
907,32276,10,LPTC (self-motion),0,not-CX,181.2,170.6,194.7,LHAV2f2_b,1,1,0,0,0,0
908,32293,10,LPTC (self-motion),0,not-CX,191.6,162.3,215.9,LHAV3n1,1,1,0,0,0,0
909,32344,10,LPTC (self-motion),0,not-CX,189.2,179.0,184.7,LHAV2g2_b,1,1,0,0,0,0
910,32379,10,LPTC (self-motion),0,not-CX,572.0,132.7,170.1,LHAV6b3,1,1,0,0,1,0
911,32441,10,LPTC (self-motion),0,not-CX,193.0,135.3,263.8,LHPV4a1,1,1,0,0,0,0
912,32543,10,LPTC (self-motion),0,not-CX,178.8,181.6,169.9,LHAV1d2,1,1,0,0,0,0
913,32617,10,LPTC (self-motion),0,not-CX,585.9,110.9,261.3,LHPV4a2,1,1,0,0,1,0
914,32714,10,LPTC (self-motion),0,not-CX,192.1,223.7,180.0,LHAV2j1,1,1,0,0,0,0
915,32742,2,antennal,0,not-CX,253.6,274.3,153.2,WEDPN17_c,1,0,1,0,0,0
916,32752,10,LPTC (self-motion),0,not-CX,165.0,137.6,186.8,LHAV3e4_a,1,1,0,0,0,0
917,32771,10,LPTC (self-motion),0,not-CX,169.9,125.9,204.0,LHAV4e1_b,1,1,0,0,0,0
918,32795,2,antennal,0,not-CX,465.2,274.6,103.9,M_vPNml73,0,0,0,0,1,0
919,32815,2,antennal,0,not-CX,462.9,270.6,113.9,VL2a_vPN,0,0,0,0,1,0
920,32838,10,LPTC (self-motion),0,not-CX,172.8,171.1,194.2,LHAV2f2_b,1,1,0,0,0,0
921,32864,1,sensory,0,not-CX,0.0,0.0,0.0,ORN_DP1m,0,0,0,0,0,1
922,32880,2,antennal,0,not-CX,486.2,245.0,160.4,VP1m+_lvPN,0,0,0,0,1,0
923,32890,10,LPTC (self-motion),0,not-CX,186.7,122.4,274.3,LHPV4b1,1,1,0,0,0,0
924,32892,10,LPTC (self-motion),0,not-CX,199.9,235.3,175.6,LHAV2k1,1,1,0,0,0,0
925,32902,10,LPTC (self-motion),0,not-CX,592.8,133.2,189.8,LHAV3a1_b,1,1,0,0,1,0
926,32912,0,unnamed,0,not-CX,0.0,0.0,0.0,JO-EV6,0,0,0,0,0,1
927,32958,10,LPTC (self-motion),0,not-CX,570.8,131.3,254.9,LHPV2a1_c,1,1,0,0,1,0
928,32988,10,LPTC (self-motion),0,not-CX,586.9,145.3,204.0,LHAV3b2_b,1,1,0,0,1,0
929,33002,10,LPTC (self-motion),0,not-CX,591.6,148.6,163.8,LHAV2g3,1,1,0,0,1,0
930,33119,10,LPTC (self-motion),0,not-CX,187.4,133.1,241.5,LHPV3a1,1,1,0,0,0,0
931,33130,10,LPTC (self-motion),0,not-CX,187.2,169.8,185.2,LHAV2c1,1,1,0,0,0,0
932,33165,2,antennal,0,not-CX,313.1,275.9,115.2,VL2a_vPN,0,0,0,0,0,0
933,33190,10,LPTC (self-motion),0,not-CX,182.0,109.2,248.4,LHPV6h1,1,1,0,0,0,0
934,33229,10,LPTC (self-motion),0,not-CX,183.6,116.3,264.0,LHPV4a2,1,1,0,0,0,0
935,33296,2,antennal,0,not-CX,474.7,278.2,115.2,VL2p_vPN,0,0,0,0,1,0
936,33302,10,LPTC (self-motion),0,not-CX,199.7,178.5,161.6,LHAV1d2,1,1,0,0,0,0
937,33340,10,LPTC (self-motion),0,not-CX,192.5,232.0,186.6,LHAV2k9,1,1,0,0,0,0
938,33365,2,antennal,0,not-CX,282.1,150.4,116.2,WEDPN14,0,0,0,0,0,0
939,33503,10,LPTC (self-motion),0,not-CX,175.6,120.3,203.3,LHAV4c2,1,1,0,0,0,0
940,33536,10,LPTC (self-motion),0,not-CX,600.5,141.0,178.4,LHAV3o1,1,1,0,0,1,0
941,33591,2,antennal,0,not-CX,260.3,296.7,180.8,VP1m+VP2_lvPN2,0,0,0,0,0,0
942,33630,10,LPTC (self-motion),0,not-CX,539.3,73.4,255.4,LHAV6i2_b,1,1,0,0,1,0
943,33633,10,LPTC (self-motion),0,not-CX,591.6,161.5,185.6,LHAV2k1,1,1,0,0,1,0
944,33636,2,antennal,0,not-CX,545.6,270.7,158.6,WEDPN2A,1,0,1,0,1,0
945,33657,2,antennal,0,not-CX,504.7,148.0,133.5,WEDPN8D,1,0,1,1,1,0
946,33659,10,LPTC (self-motion),0,not-CX,209.7,253.9,189.6,LHAV2a3,1,1,0,0,0,0
947,33672,10,LPTC (self-motion),0,not-CX,189.7,175.8,201.2,LHAV3b2_c,1,1,0,0,0,0
948,33922,10,LPTC (self-motion),0,not-CX,592.1,116.8,193.7,LHAV4g4_b,1,1,0,0,1,0
949,33957,10,LPTC (self-motion),0,not-CX,168.5,174.5,174.7,LHAV2b9,1,1,0,0,0,0
950,33970,0,unnamed,0,not-CX,0.0,0.0,0.0,JO-EV1,0,0,0,0,0,1
951,33974,10,LPTC (self-motion),0,not-CX,590.6,93.8,207.7,LHAV4e1_a,1,1,0,0,1,0
952,33987,2,antennal,0,not-CX,295.2,257.1,165.2,VP1m+_lvPN,0,0,0,0,0,0
953,34042,10,LPTC (self-motion),0,not-CX,210.7,243.2,183.1,LHAV2a5,1,1,0,0,0,0
954,34063,10,LPTC (self-motion),0,not-CX,223.3,265.0,193.1,LHAV1a4,1,1,0,0,0,0
955,34068,0,unnamed,0,not-CX,494.4,205.8,98.0,DL3_lPN,0,0,0,0,1,0
956,34084,2,antennal,0,not-CX,455.9,258.5,103.1,M_vPNml79,0,0,0,0,1,0
957,34136,10,LPTC (self-motion),0,not-CX,209.8,250.1,192.1,LHAV2a3,1,1,0,0,0,0
958,34205,10,LPTC (self-motion),0,not-CX,577.2,127.1,241.2,LHPV3b1_a,1,1,0,0,1,0
959,34256,10,LPTC (self-motion),0,not-CX,596.0,124.0,186.1,LHAV3e4_b,1,1,0,0,1,0
960,34301,0,unnamed,0,not-CX,265.2,217.6,111.0,DA2_lPN,0,0,0,0,0,0
961,34378,10,LPTC (self-motion),0,not-CX,194.9,173.2,212.2,LHAV3n1,1,1,0,0,0,0
962,34385,2,antennal,0,not-CX,333.2,173.7,105.1,VM5d_adPN,0,0,0,0,0,0
963,34388,0,unnamed,0,not-CX,0.0,0.0,0.0,JO-EV1,0,0,0,0,0,1
964,34430,10,LPTC (self-motion),0,not-CX,200.7,239.4,192.9,LHAV2a2,1,1,0,0,0,0
965,34475,2,antennal,0,not-CX,574.5,127.7,274.5,WEDPN6A,1,0,1,0,1,0
966,34495,10,LPTC (self-motion),0,not-CX,169.5,169.5,186.6,LHAV2b6,1,1,0,0,0,0
967,34521,10,LPTC (self-motion),0,not-CX,572.7,124.9,168.1,LHAV6a1,1,1,0,0,1,0
968,34526,10,LPTC (self-motion),0,not-CX,184.4,186.5,165.1,LHAV1d1,1,1,0,0,0,0
969,34533,10,LPTC (self-motion),0,not-CX,168.1,119.2,203.5,LHAV4e1_a,1,1,0,0,0,0
970,34535,10,LPTC (self-motion),0,not-CX,224.7,261.1,192.5,LHAV1a4,1,1,0,0,0,0
971,34575,10,LPTC (self-motion),0,not-CX,553.9,265.9,182.4,LHAV1b3,1,1,0,0,1,0
972,34592,10,LPTC (self-motion),0,not-CX,196.4,231.6,185.1,LHAV2e4_b,1,1,0,0,0,0
973,34620,10,LPTC (self-motion),0,not-CX,597.8,137.6,182.8,LHAV3o1,1,1,0,0,1,0
974,34627,2,antennal,0,not-CX,461.3,275.7,108.3,M_vPNml67,0,0,0,0,1,0
975,34635,10,LPTC (self-motion),0,not-CX,584.8,158.4,187.8,LHAV2k9,1,1,0,0,1,0
976,34676,0,unnamed,0,not-CX,273.8,204.8,116.1,lLN15,0,0,0,0,0,0
977,34677,10,LPTC (self-motion),0,not-CX,206.7,148.7,268.0,LHPV2a1_c,1,1,0,0,0,0
978,34698,10,LPTC (self-motion),0,not-CX,587.0,175.0,177.8,LHAV2h1,1,1,0,0,1,0
979,34712,10,LPTC (self-motion),0,not-CX,194.3,138.4,272.4,LHPV6k1,1,1,0,0,0,0
980,34717,10,LPTC (self-motion),0,not-CX,186.3,134.6,212.4,LHAV4g4_b,1,1,0,0,0,0
981,34775,10,LPTC (self-motion),0,not-CX,179.1,141.6,197.1,LHAV5a4_a,1,1,0,0,0,0
982,34866,10,LPTC (self-motion),0,not-CX,174.7,181.7,185.4,LHAV2b4,1,1,0,0,0,0
983,34904,10,LPTC (self-motion),0,not-CX,180.7,191.9,163.3,LHAV1d2,1,1,0,0,0,0
984,34907,10,LPTC (self-motion),0,not-CX,207.4,117.8,271.2,LHPV5a1,1,1,0,0,0,0
985,34989,10,LPTC (self-motion),0,not-CX,191.3,139.8,247.2,LHPV3a3_b,1,1,0,0,0,0
986,35083,10,LPTC (self-motion),0,not-CX,170.1,170.2,180.7,LHAV2g2_a,1,1,0,0,0,0
987,35108,10,LPTC (self-motion),0,not-CX,197.3,104.1,261.5,LHPV6h2,1,1,0,0,0,0
988,35109,10,LPTC (self-motion),0,not-CX,566.9,140.4,261.0,LHPV2a1_a,1,1,0,0,1,0
989,35121,10,LPTC (self-motion),0,not-CX,186.6,137.0,267.5,LHPV2b4,1,1,0,0,0,0
990,35144,10,LPTC (self-motion),0,not-CX,185.6,144.0,241.6,LHPV3a3_b,1,1,0,0,0,0
991,35155,10,LPTC (self-motion),0,not-CX,183.1,116.4,272.6,LHPV4b1,1,1,0,0,0,0
992,35182,2,antennal,0,not-CX,476.3,245.7,152.0,VP1m+_lvPN,0,0,0,0,1,0
993,35187,10,LPTC (self-motion),0,not-CX,598.7,112.6,182.5,LHAV4b4,1,1,0,0,1,0
994,35196,0,unnamed,0,not-CX,481.6,182.4,117.4,lLN2P_a,0,0,0,0,1,0
995,35208,10,LPTC (self-motion),0,not-CX,197.6,141.8,266.4,LHPV2b4,1,1,0,0,0,0
996,35265,10,LPTC (self-motion),0,not-CX,579.2,147.1,160.7,LHAV2b6,1,1,0,0,1,0
997,35332,0,unnamed,0,not-CX,0.0,0.0,0.0,JO-EV2,0,0,0,0,0,1
998,35420,0,unnamed,0,not-CX,494.9,177.9,110.1,lLN15,0,0,0,0,1,0
999,35436,10,LPTC (self-motion),0,not-CX,174.3,177.7,181.1,LHAV2b4,1,1,0,0,0,0
1000,35439,10,LPTC (self-motion),0,not-CX,174.4,172.2,169.5,LHAV2b4,1,1,0,0,0,0
1001,35477,10,LPTC (self-motion),0,not-CX,573.1,131.7,263.4,LHPV2a3,1,1,0,0,1,0
1002,35514,10,LPTC (self-motion),0,not-CX,184.1,134.1,201.6,LHAV4a1_b,1,1,0,0,0,0
1003,35520,2,antennal,0,not-CX,506.2,141.3,125.1,WEDPN8B,0,0,0,0,1,0
1004,35564,10,LPTC (self-motion),0,not-CX,177.5,172.5,198.5,LHAV2f2_b,1,1,0,0,0,0
1005,35593,10,LPTC (self-motion),0,not-CX,174.6,204.7,168.0,LHAV2b7_b,1,1,0,0,0,0
1006,35639,10,LPTC (self-motion),0,not-CX,183.8,97.2,230.5,LHPV6a9_b,1,1,0,0,0,0
1007,35715,10,LPTC (self-motion),0,not-CX,228.6,268.1,188.8,LHAV1b1,1,1,0,0,0,0
1008,35737,10,LPTC (self-motion),0,not-CX,587.4,105.3,200.8,LHAV4a5,1,1,0,0,1,0
1009,35863,10,LPTC (self-motion),0,not-CX,586.2,136.5,190.4,LHAV3n1,1,1,0,0,1,0
1010,35878,10,LPTC (self-motion),0,not-CX,181.6,120.2,245.3,LHPV3a2,1,1,0,0,0,0
1011,35906,10,LPTC (self-motion),0,not-CX,181.9,179.9,182.6,LHAV2g3,1,1,0,0,0,0
1012,35927,10,LPTC (self-motion),0,not-CX,170.1,139.3,208.9,LHAV4b4,1,1,0,0,0,0
1013,36040,10,LPTC (self-motion),0,not-CX,586.2,155.0,189.8,LHAV2k9,1,1,0,0,1,0
1014,36062,10,LPTC (self-motion),0,not-CX,201.9,132.3,273.3,LHPV4a1,1,1,0,0,0,0
1015,36063,2,antennal,0,not-CX,466.7,286.4,110.7,M_vPNml60,0,0,0,0,1,0
1016,36149,10,LPTC (self-motion),0,not-CX,582.4,117.4,274.3,LHPV4g1,1,1,0,0,1,0
1017,36207,10,LPTC (self-motion),0,not-CX,588.5,115.5,209.6,LHAV4d5,1,1,0,0,1,0
1018,36233,10,LPTC (self-motion),0,not-CX,170.6,136.0,189.1,LHAV4c1,1,1,0,0,0,0
1019,36279,2,antennal,0,not-CX,510.6,255.9,138.1,VP1l+_lvPN,0,0,0,0,1,0
1020,36288,10,LPTC (self-motion),0,not-CX,209.1,157.9,158.1,LHAV7b1,1,1,0,0,0,0
1021,36290,10,LPTC (self-motion),0,not-CX,587.2,125.2,243.1,LHPV3a1,1,1,0,0,1,0
1022,36420,10,LPTC (self-motion),0,not-CX,230.0,274.4,194.4,LHAV1b1,1,1,0,0,0,0
1023,36550,1,sensory,0,not-CX,0.0,0.0,0.0,ORN_VM7d,0,0,0,0,0,1
1024,36569,2,antennal,0,not-CX,503.5,148.2,124.1,WEDPN8C,1,0,1,1,1,0
1025,36584,10,LPTC (self-motion),0,not-CX,186.3,116.8,274.9,LHPV4b3,1,1,0,0,0,0
1026,36589,10,LPTC (self-motion),0,not-CX,186.5,123.8,271.3,LHPV4i3,1,1,0,0,0,0
1027,36594,10,LPTC (self-motion),0,not-CX,195.4,234.9,193.3,LHAV2a2,1,1,0,0,0,0
1028,36725,10,LPTC (self-motion),0,not-CX,226.4,268.0,185.1,LHAV1a4,1,1,0,0,0,0
1029,36774,2,antennal,0,not-CX,508.1,274.8,151.7,VP1m+VP2_lvPN2,0,0,0,0,1,0
1030,36939,10,LPTC (self-motion),0,not-CX,183.2,193.5,195.6,LHAV2k9,1,1,0,0,0,0
1031,36957,10,LPTC (self-motion),0,not-CX,188.7,226.1,180.7,LHAV2k9,1,1,0,0,0,0
1032,37018,10,LPTC (self-motion),0,not-CX,183.8,138.8,240.4,LHPV3a3_b,1,1,0,0,0,0
1033,37110,2,antennal,0,not-CX,241.6,288.4,171.3,WEDPN17_c,1,0,1,0,0,0
1034,37119,10,LPTC (self-motion),0,not-CX,204.1,248.6,183.5,LHAV2i4,1,1,0,0,0,0
1035,37128,10,LPTC (self-motion),0,not-CX,176.8,180.9,174.2,LHAV1d2,1,1,0,0,0,0
1036,37177,10,LPTC (self-motion),0,not-CX,582.6,145.7,206.9,LHAV3b2_c,1,1,0,0,1,0
1037,37202,0,unnamed,0,not-CX,491.0,177.6,97.7,lLN15,0,0,0,0,1,0
1038,37238,10,LPTC (self-motion),0,not-CX,597.8,136.2,173.1,LHAV2f2_b,1,1,0,0,1,0
1039,37289,10,LPTC (self-motion),0,not-CX,586.5,103.4,254.6,LHPV6i1_a,1,1,0,0,1,0
1040,37471,10,LPTC (self-motion),0,not-CX,183.9,135.9,246.1,LHPV3b1_a,1,1,0,0,0,0
1041,37522,10,LPTC (self-motion),0,not-CX,586.6,83.7,213.5,LHAV4c2,1,1,0,0,1,0
1042,37544,10,LPTC (self-motion),0,not-CX,196.3,155.5,176.6,LHAV6b3,1,1,0,0,0,0
1043,37558,10,LPTC (self-motion),0,not-CX,581.3,114.2,272.7,LHPV4b4,1,1,0,0,1,0
1044,37570,1,sensory,0,not-CX,0.0,0.0,0.0,ORN_D,0,0,0,0,0,1
1045,37584,10,LPTC (self-motion),0,not-CX,584.6,114.5,189.1,LHAV4a7,1,1,0,0,1,0
1046,37601,10,LPTC (self-motion),0,not-CX,578.4,191.0,155.5,LHAV1d2,1,1,0,0,1,0
1047,37608,2,antennal,0,not-CX,191.4,135.6,290.8,WEDPN6A,1,0,1,0,0,0
1048,37694,10,LPTC (self-motion),0,not-CX,581.0,181.8,155.0,LHAV1d1,1,1,0,0,1,0
1049,37880,2,antennal,0,not-CX,196.8,139.5,281.9,WEDPN6B,1,0,1,0,0,0
1050,37912,2,antennal,0,not-CX,240.7,284.9,180.9,WEDPN18,0,0,0,0,0,0
1051,37937,10,LPTC (self-motion),0,not-CX,575.6,92.7,259.7,LHPV6h1,1,1,0,0,1,0
1052,37949,2,antennal,0,not-CX,261.9,260.4,138.9,WEDPN7C,1,0,1,0,0,0
1053,37950,10,LPTC (self-motion),0,not-CX,585.0,109.1,207.4,LHAV4a7,1,1,0,0,1,0
1054,37994,2,antennal,0,not-CX,320.5,275.8,98.1,CB2004,0,0,0,0,0,0
1055,38022,10,LPTC (self-motion),0,not-CX,584.4,104.7,205.9,LHAV4a1_a,1,1,0,0,1,0
1056,38046,10,LPTC (self-motion),0,not-CX,587.5,174.8,186.2,LHAV2a5,1,1,0,0,1,0
1057,38051,10,LPTC (self-motion),0,not-CX,189.6,133.8,277.2,LHPV6k1,1,1,0,0,0,0
1058,38067,10,LPTC (self-motion),0,not-CX,186.8,171.3,210.8,LHAV3n1,1,1,0,0,0,0
1059,38075,10,LPTC (self-motion),0,not-CX,570.5,117.8,191.3,LHAV5e1,1,1,0,0,1,0
1060,38151,10,LPTC (self-motion),0,not-CX,174.4,171.1,178.0,LHAV2g3,1,1,0,0,0,0
1061,38188,1,sensory,0,not-CX,0.0,0.0,0.0,ORN_DP1l,0,0,0,0,0,1
1062,38204,10,LPTC (self-motion),0,not-CX,571.2,127.3,200.7,LHAV4a1_b,1,1,0,0,1,0
1063,38446,10,LPTC (self-motion),0,not-CX,178.1,121.8,264.6,LHPV4a10,1,1,0,0,0,0
1064,38510,2,antennal,0,not-CX,321.4,177.7,109.5,VM5d_adPN,0,0,0,0,0,0
1065,38573,10,LPTC (self-motion),0,not-CX,185.7,135.3,208.4,LHAV4a5,1,1,0,0,0,0
1066,38587,10,LPTC (self-motion),0,not-CX,169.8,167.8,177.2,LHAV2b6,1,1,0,0,0,0
1067,38623,10,LPTC (self-motion),0,not-CX,592.2,174.1,182.6,LHAV2h1,1,1,0,0,1,0
1068,38630,2,antennal,0,not-CX,200.2,135.6,286.8,WEDPN6A,1,0,1,0,0,0
1069,38652,2,antennal,0,not-CX,465.4,273.9,108.1,M_vPNml75,0,0,0,0,1,0
1070,38688,10,LPTC (self-motion),0,not-CX,589.5,112.1,187.6,LHAV4g13,1,1,0,0,1,0
1071,38707,10,LPTC (self-motion),0,not-CX,171.8,175.4,170.2,LHAV2g2_a,1,1,0,0,0,0
1072,38727,0,unnamed,0,not-CX,0.0,0.0,0.0,JO-EV3,0,0,0,0,0,1
1073,38797,10,LPTC (self-motion),0,not-CX,590.7,163.6,187.9,LHAV2a3,1,1,0,0,1,0
1074,38819,2,antennal,0,not-CX,473.6,283.6,120.8,M_VPNml66,0,0,0,0,1,0
1075,38821,10,LPTC (self-motion),0,not-CX,180.7,126.0,277.8,LHPV2a3,1,1,0,0,0,0
1076,38860,10,LPTC (self-motion),0,not-CX,174.9,131.7,212.3,LHAV4b4,1,1,0,0,0,0
1077,38921,0,unnamed,0,not-CX,265.0,204.2,112.6,lLN9,0,0,0,0,0,0
1078,38946,10,LPTC (self-motion),0,not-CX,169.3,184.6,172.0,LHAV2b4,1,1,0,0,0,0
1079,38998,10,LPTC (self-motion),0,not-CX,184.4,137.2,278.7,LHPV2a3,1,1,0,0,0,0
1080,39002,10,LPTC (self-motion),0,not-CX,195.4,236.6,182.3,LHAV2i4,1,1,0,0,0,0
1081,39005,10,LPTC (self-motion),0,not-CX,595.6,97.2,192.9,LHAV4a4,1,1,0,0,1,0
1082,39009,10,LPTC (self-motion),0,not-CX,593.8,98.3,257.7,LHPV4a10,1,1,0,0,1,0
1083,39106,10,LPTC (self-motion),0,not-CX,197.4,120.2,267.6,LHPV5d1,1,1,0,0,0,0
1084,39139,10,LPTC (self-motion),0,not-CX,592.7,98.2,250.0,LHPV6f5,1,1,0,0,1,0
1085,39217,10,LPTC (self-motion),0,not-CX,191.5,191.2,209.2,LHAV3g2,1,1,0,0,0,0
1086,39285,10,LPTC (self-motion),0,not-CX,191.6,158.1,182.6,LHAV6b3,1,1,0,0,0,0
1087,39303,10,LPTC (self-motion),0,not-CX,217.5,132.1,279.1,LHPV4b9,1,1,0,0,0,0
1088,39320,10,LPTC (self-motion),0,not-CX,227.1,275.5,186.1,LHAV1b3,1,1,0,0,0,0
1089,39488,2,antennal,0,not-CX,191.6,133.7,283.5,WEDPN6A,1,0,1,0,0,0
1090,39522,10,LPTC (self-motion),0,not-CX,172.1,140.5,185.2,LHAV5a4_a,1,1,0,0,0,0
1091,39557,10,LPTC (self-motion),0,not-CX,173.5,193.2,169.8,LHAV2b1,1,1,0,0,0,0
1092,39578,10,LPTC (self-motion),0,not-CX,585.2,109.0,180.0,LHAV5a6_b,1,1,0,0,1,0
1093,39668,2,antennal,0,not-CX,575.8,130.6,275.2,WEDPN6A,1,0,1,0,1,0
1094,39719,0,unnamed,0,not-CX,258.7,216.8,117.8,M_lPNm11B,1,0,1,0,0,0
1095,39742,10,LPTC (self-motion),0,not-CX,181.3,133.0,248.1,LHPV3b1_b,1,1,0,0,0,0
1096,39825,10,LPTC (self-motion),0,not-CX,558.7,119.9,259.8,LHPV6k1,1,1,0,0,1,0
1097,39893,10,LPTC (self-motion),0,not-CX,218.5,257.6,193.8,LHAV1a4,1,1,0,0,0,0
1098,39922,0,unnamed,0,not-CX,514.3,206.8,110.6,M_lPNm11D,0,0,0,0,1,0
1099,39969,10,LPTC (self-motion),0,not-CX,590.1,155.0,188.3,LHAV2a3,1,1,0,0,1,0
1100,40059,10,LPTC (self-motion),0,not-CX,197.8,232.9,181.5,LHAV2h1,1,1,0,0,0,0
1101,40089,10,LPTC (self-motion),0,not-CX,197.7,117.6,264.7,LHPV6h2,1,1,0,0,0,0
1102,40160,10,LPTC (self-motion),0,not-CX,191.9,158.8,219.1,LHAV3b2_c,1,1,0,0,0,0
1103,40182,2,antennal,0,not-CX,255.9,287.8,186.4,VP1l+_lvPN,0,0,0,0,0,0
1104,40260,10,LPTC (self-motion),0,not-CX,174.1,164.0,180.0,LHAV2b7_a,1,1,0,0,0,0
1105,40261,10,LPTC (self-motion),0,not-CX,179.8,127.5,281.3,LHPV2a1_a,1,1,0,0,0,0
1106,40307,10,LPTC (self-motion),0,not-CX,209.7,135.8,272.8,LHPV4d7,1,1,0,0,0,0
1107,40311,10,LPTC (self-motion),0,not-CX,181.0,150.7,191.5,LHAV5b1,1,1,0,0,0,0
1108,40318,10,LPTC (self-motion),0,not-CX,221.1,149.2,276.1,LHPV2e1_a,1,1,0,0,0,0
1109,40359,10,LPTC (self-motion),0,not-CX,183.2,132.1,238.8,LHPV3b1_a,1,1,0,0,0,0
1110,40368,2,antennal,0,not-CX,206.4,140.1,284.8,WEDPN6B,1,0,1,0,0,0
1111,40393,10,LPTC (self-motion),0,not-CX,218.7,262.8,196.7,LHAV2a3,1,1,0,0,0,0
1112,40409,10,LPTC (self-motion),0,not-CX,214.0,145.3,276.9,LHPV2e1_a,1,1,0,0,0,0
1113,40435,10,LPTC (self-motion),0,not-CX,226.7,157.0,284.9,LHPV2a1_c,1,1,0,0,0,0
1114,40440,10,LPTC (self-motion),0,not-CX,186.9,108.3,258.8,LHPV6a3,1,1,0,0,0,0
1115,40444,2,antennal,0,not-CX,202.3,145.1,279.5,WEDPN6A,1,0,1,0,0,0
1116,40465,10,LPTC (self-motion),0,not-CX,192.8,125.7,281.6,LHPV5h2_a,1,1,0,0,0,0
1117,40473,10,LPTC (self-motion),0,not-CX,171.5,155.9,187.0,LHAV3e6,1,1,0,0,0,0
1118,40478,10,LPTC (self-motion),0,not-CX,589.8,164.7,174.9,LHAV2i4,1,1,0,0,1,0
1119,40490,10,LPTC (self-motion),0,not-CX,570.0,106.5,259.2,LHPV6a1,1,1,0,0,1,0
1120,40528,10,LPTC (self-motion),0,not-CX,177.5,164.4,190.4,LHAV2c1,1,1,0,0,0,0
1121,40568,0,unnamed,0,not-CX,493.1,179.9,113.8,lLN13,0,0,0,0,1,0
1122,40593,0,unnamed,0,not-CX,497.6,177.5,103.9,lLN12A,0,0,0,0,1,0
1123,40699,10,LPTC (self-motion),0,not-CX,192.5,234.6,183.2,LHAV2k5,1,1,0,0,0,0
1124,40702,10,LPTC (self-motion),0,not-CX,586.3,103.6,270.1,LHPV4c1_c,1,1,0,0,1,0
1125,40733,0,unnamed,0,not-CX,258.0,205.9,111.4,lLN15,0,0,0,0,0,0
1126,40743,0,unnamed,0,not-CX,0.0,0.0,0.0,LN-DN1,0,0,0,0,0,1
1127,40757,10,LPTC (self-motion),0,not-CX,589.2,116.0,170.1,LHAV5c1,1,1,0,0,1,0
1128,40761,10,LPTC (self-motion),0,not-CX,175.3,187.1,195.7,LHAV3g1,1,1,0,0,0,0
1129,40838,2,antennal,0,not-CX,447.5,261.8,96.4,M_adPNm3,1,0,1,0,1,0
1130,40849,10,LPTC (self-motion),0,not-CX,183.1,174.8,207.9,LHAV3n1,1,1,0,0,0,0
1131,40909,10,LPTC (self-motion),0,not-CX,184.2,167.4,187.7,LHAV2c1,1,1,0,0,0,0
1132,41174,10,LPTC (self-motion),0,not-CX,176.7,169.4,207.4,LHAV3b1,1,1,0,0,0,0
1133,41175,10,LPTC (self-motion),0,not-CX,198.7,139.4,273.7,LHPV6k1,1,1,0,0,0,0
1134,41204,10,LPTC (self-motion),0,not-CX,563.8,237.4,179.7,LHAV1a3,1,1,0,0,1,0
1135,41213,0,unnamed,0,not-CX,501.1,185.3,101.3,lLN12A,0,0,0,0,1,0
1136,41221,10,LPTC (self-motion),0,not-CX,582.5,128.6,239.7,LHPV3a3_b,1,1,0,0,1,0
1137,41238,2,antennal,0,not-CX,330.2,275.1,107.6,M_vPNml53,0,0,0,0,0,0
1138,41244,10,LPTC (self-motion),0,not-CX,594.7,159.2,185.0,LHAV2k13,1,1,0,0,1,0
1139,41258,2,antennal,0,not-CX,239.1,290.4,173.4,WEDPN17_c,1,0,1,0,0,0
1140,41259,10,LPTC (self-motion),0,not-CX,578.8,107.6,178.2,LHAV6a8,1,1,0,0,1,0
1141,41270,10,LPTC (self-motion),0,not-CX,512.5,180.0,108.7,LHAV9a1_b,1,1,0,0,1,0
1142,41289,2,antennal,0,not-CX,466.0,256.6,97.6,Z_vPNml1,0,0,0,0,1,0
1143,41329,10,LPTC (self-motion),0,not-CX,554.9,264.1,186.0,LHAV1b1,1,1,0,0,1,0
1144,41339,10,LPTC (self-motion),0,not-CX,170.2,172.4,172.0,LHAV2b1,1,1,0,0,0,0
1145,41345,2,antennal,0,not-CX,267.8,294.0,168.8,VP1m+VP2_lvPN2,0,0,0,0,0,0
1146,41357,2,antennal,0,not-CX,258.3,259.2,136.5,WEDPN7B,1,0,1,0,0,0
1147,41393,10,LPTC (self-motion),0,not-CX,205.8,135.2,271.3,LHPV4a2,1,1,0,0,0,0
1148,41420,10,LPTC (self-motion),0,not-CX,589.3,97.5,201.9,LHAV4a7,1,1,0,0,1,0
1149,41489,10,LPTC (self-motion),0,not-CX,229.8,141.9,282.3,LHPV8c1,1,1,0,0,0,0
1150,41517,2,antennal,0,not-CX,258.2,293.3,189.6,VP1l+_lvPN,0,0,0,0,0,0
1151,41551,10,LPTC (self-motion),0,not-CX,175.8,125.4,200.9,LHAV4g7_b,1,1,0,0,0,0
1152,41571,10,LPTC (self-motion),0,not-CX,172.1,126.2,208.1,LHAV4g4_b,1,1,0,0,0,0
1153,41583,10,LPTC (self-motion),0,not-CX,592.1,148.4,170.2,LHAV2b11,1,1,0,0,1,0
1154,41608,2,antennal,0,not-CX,574.5,133.9,276.1,WEDPN6B,1,0,1,0,1,0
1155,41653,10,LPTC (self-motion),0,not-CX,589.7,108.7,273.9,LHPV4c1_c,1,1,0,0,1,0
1156,41684,10,LPTC (self-motion),0,not-CX,590.3,112.5,213.9,LHAV4d1,1,1,0,0,1,0
1157,41720,10,LPTC (self-motion),0,not-CX,177.0,199.8,172.8,LHAV2b7_b,1,1,0,0,0,0
1158,41740,10,LPTC (self-motion),0,not-CX,176.7,144.4,196.6,LHAV5a9_a,1,1,0,0,0,0
1159,41754,10,LPTC (self-motion),0,not-CX,601.1,108.8,186.5,LHAV4g4_b,1,1,0,0,1,0
1160,41840,2,antennal,0,not-CX,509.4,271.0,145.3,VP1m+VP2_lvPN2,1,0,1,0,1,0
1161,41872,10,LPTC (self-motion),0,not-CX,585.1,151.9,151.6,LHAV2b4,1,1,0,0,1,0
1162,41873,10,LPTC (self-motion),0,not-CX,171.1,171.2,175.5,LHAV2b1,1,1,0,0,0,0
1163,41888,2,antennal,0,not-CX,262.4,266.8,144.3,WEDPN7C,1,0,1,0,0,0
1164,41890,10,LPTC (self-motion),0,not-CX,175.1,167.4,178.3,LHAV2b4,1,1,0,0,0,0
1165,42074,10,LPTC (self-motion),0,not-CX,190.7,135.0,273.1,LHPV4g1,1,1,0,0,0,0
1166,42101,2,antennal,0,not-CX,467.1,270.9,114.6,M_vPNml83,0,0,0,0,1,0
1167,42113,10,LPTC (self-motion),0,not-CX,202.0,165.3,163.6,LHAV7b1,1,1,0,0,0,0
1168,42135,2,antennal,0,not-CX,264.4,262.5,141.5,WEDPN7B,0,0,0,0,0,0
1169,42156,10,LPTC (self-motion),0,not-CX,592.6,111.5,263.8,LHPV4a10,1,1,0,0,1,0
1170,42162,10,LPTC (self-motion),0,not-CX,570.2,122.9,270.7,LHPV4c2,1,1,0,0,1,0
1171,42181,10,LPTC (self-motion),0,not-CX,187.9,111.1,254.9,LHPV6h1,1,1,0,0,0,0
1172,42306,11,CX,4,other CX,253.6,243.5,132.1,LAL064,0,0,0,0,0,0
1173,42307,10,LPTC (self-motion),0,not-CX,185.3,134.3,275.1,LHPV2a1_a,1,1,0,0,0,0
1174,42308,10,LPTC (self-motion),0,not-CX,588.3,145.0,169.0,LHAV2g1,1,1,0,0,1,0
1175,42311,10,LPTC (self-motion),0,not-CX,166.7,128.6,202.7,LHAV4g1,1,1,0,0,0,0
1176,42364,10,LPTC (self-motion),0,not-CX,549.5,111.7,269.0,LHPV5g1_b,1,1,0,0,1,0
1177,42373,10,LPTC (self-motion),0,not-CX,179.7,133.3,203.6,LHAV4g7_a,1,1,0,0,0,0
1178,42387,10,LPTC (self-motion),0,not-CX,225.3,150.8,276.8,LHPV2e1_a,1,1,0,0,0,0
1179,42426,0,unnamed,0,not-CX,506.1,176.6,110.7,lLN9,0,0,0,0,1,0
1180,42430,10,LPTC (self-motion),0,not-CX,183.8,160.4,211.4,LHAV3a1_b,1,1,0,0,0,0
1181,42441,10,LPTC (self-motion),0,not-CX,578.7,97.6,257.0,LHPV6a3,1,1,0,0,1,0
1182,42463,10,LPTC (self-motion),0,not-CX,218.0,92.0,263.0,LHPV6d1,1,1,0,0,0,0
1183,42499,10,LPTC (self-motion),0,not-CX,192.7,103.1,262.5,LHPV6a3,1,1,0,0,0,0
1184,42539,10,LPTC (self-motion),0,not-CX,184.9,155.6,208.1,LHAV3b6_b,1,1,0,0,0,0
1185,42540,2,antennal,0,not-CX,245.9,284.5,167.0,WEDPN17_c,1,0,1,0,0,0
1186,42581,10,LPTC (self-motion),0,not-CX,182.2,123.0,281.2,LHPV4c1_c,1,1,0,0,0,0
1187,42583,10,LPTC (self-motion),0,not-CX,589.1,121.9,242.2,LHPV3a3_b,1,1,0,0,1,0
1188,42604,10,LPTC (self-motion),0,not-CX,187.0,199.6,195.0,LHAV2k1,1,1,0,0,0,0
1189,42608,10,LPTC (self-motion),0,not-CX,196.2,228.5,175.8,LHAV2k12_a,1,1,0,0,0,0
1190,42648,10,LPTC (self-motion),0,not-CX,588.5,148.8,189.8,LHAV2k9,1,1,0,0,1,0
1191,42659,10,LPTC (self-motion),0,not-CX,186.2,165.2,170.0,LHAV6a7,1,1,0,0,0,0
1192,42746,10,LPTC (self-motion),0,not-CX,582.0,118.3,183.0,LHAV5a6_a,1,1,0,0,1,0
1193,42747,10,LPTC (self-motion),0,not-CX,188.2,173.6,205.3,LHAV3b2_a,1,1,0,0,0,0
1194,42858,10,LPTC (self-motion),0,not-CX,206.6,143.4,277.7,LHPV2e1_a,1,1,0,0,0,0
1195,42919,10,LPTC (self-motion),0,not-CX,220.7,144.2,277.4,LHPV2e1_a,1,1,0,0,0,0
1196,42932,11,CX,4,other CX,517.4,227.2,131.6,LAL064,0,0,0,0,1,0
1197,42946,10,LPTC (self-motion),0,not-CX,201.5,145.8,185.5,LHAV6b3,1,1,0,0,0,0
1198,42965,2,antennal,0,not-CX,247.8,289.9,183.3,WEDPN7A,1,0,1,0,0,0
1199,42981,10,LPTC (self-motion),0,not-CX,209.2,251.2,185.1,LHAV2a3,1,1,0,0,0,0
1200,43065,10,LPTC (self-motion),0,not-CX,182.4,110.7,254.0,LHPV6i1_a,1,1,0,0,0,0
1201,43140,10,LPTC (self-motion),0,not-CX,182.8,121.7,272.8,LHPV4a10,1,1,0,0,0,0
1202,43183,2,antennal,0,not-CX,256.1,292.7,193.0,VP1l+_lvPN,0,0,0,0,0,0
1203,43186,10,LPTC (self-motion),0,not-CX,193.9,157.8,174.5,LHAV6b3,1,1,0,0,0,0
1204,43250,10,LPTC (self-motion),0,not-CX,589.2,159.1,176.5,LHAV2i4,1,1,0,0,1,0
1205,43295,10,LPTC (self-motion),0,not-CX,166.9,162.2,180.7,LHAV2b6,1,1,0,0,0,0
1206,43312,10,LPTC (self-motion),0,not-CX,180.4,101.4,246.8,LHPV6i1_a,1,1,0,0,0,0
1207,43315,10,LPTC (self-motion),0,not-CX,599.1,144.0,180.4,LHAV2f2_b,1,1,0,0,1,0
1208,43383,10,LPTC (self-motion),0,not-CX,570.9,118.1,264.2,LHPV4a7,1,1,0,0,1,0
1209,43489,2,antennal,0,not-CX,318.3,275.9,115.2,M_vPNml67,0,0,0,0,0,0
1210,43544,10,LPTC (self-motion),0,not-CX,189.3,225.4,185.2,LHAV2k1,1,1,0,0,0,0
1211,43635,10,LPTC (self-motion),0,not-CX,171.2,186.6,175.3,LHAV2b1,1,1,0,0,0,0
1212,43659,0,unnamed,0,not-CX,268.8,200.4,111.5,lLN9,0,0,0,0,0,0
1213,43701,10,LPTC (self-motion),0,not-CX,584.9,127.8,173.9,LHAV5a10_b,1,1,0,0,1,0
1214,43717,10,LPTC (self-motion),0,not-CX,588.1,90.4,207.7,LHAV4a5,1,1,0,0,1,0
1215,43744,10,LPTC (self-motion),0,not-CX,560.7,258.5,178.5,LHAV1f1,1,1,0,0,1,0
1216,43749,10,LPTC (self-motion),0,not-CX,184.0,154.1,211.2,LHAV3a1_b,1,1,0,0,0,0
1217,43776,10,LPTC (self-motion),0,not-CX,594.6,145.9,188.4,LHAV2k1,1,1,0,0,1,0
1218,43799,10,LPTC (self-motion),0,not-CX,179.7,106.4,260.2,LHPV4b4,1,1,0,0,0,0
1219,43833,10,LPTC (self-motion),0,not-CX,178.3,117.7,205.1,LHAV4a7,1,1,0,0,0,0
1220,43837,10,LPTC (self-motion),0,not-CX,585.4,141.7,165.1,LHAV2b4,1,1,0,0,1,0
1221,43847,10,LPTC (self-motion),0,not-CX,201.4,131.8,283.7,LHPV2c2,1,1,0,0,0,0
1222,43882,10,LPTC (self-motion),0,not-CX,578.3,117.3,252.6,LHPV6k2,1,1,0,0,1,0
1223,43894,10,LPTC (self-motion),0,not-CX,568.7,87.7,256.6,LHPV6h2,1,1,0,0,1,0
1224,43976,10,LPTC (self-motion),0,not-CX,571.9,128.9,171.3,LHAV6a3,1,1,0,0,1,0
1225,43988,10,LPTC (self-motion),0,not-CX,176.4,118.0,269.8,LHPV4c1_c,1,1,0,0,0,0
1226,44000,10,LPTC (self-motion),0,not-CX,195.6,136.8,213.4,LHAV4a7,1,1,0,0,0,0
1227,44092,10,LPTC (self-motion),0,not-CX,196.0,117.2,274.2,LHPV5h2_a,1,1,0,0,0,0
1228,44147,0,unnamed,0,not-CX,264.0,202.6,107.9,lLN15,0,0,0,0,0,0
1229,44171,0,unnamed,0,not-CX,496.5,175.1,107.1,lLN12A,0,0,0,0,1,0
1230,44236,10,LPTC (self-motion),0,not-CX,583.8,114.6,257.4,LHPV4a1,1,1,0,0,1,0
1231,44302,2,antennal,0,not-CX,302.4,281.5,106.8,M_vPNml72,0,0,0,0,0,0
1232,44349,10,LPTC (self-motion),0,not-CX,174.3,167.6,204.9,LHAV3b1,1,1,0,0,0,0
1233,44466,10,LPTC (self-motion),0,not-CX,583.0,131.6,185.7,LHAV5a2_a2,1,1,0,0,1,0
1234,44477,10,LPTC (self-motion),0,not-CX,197.9,162.1,167.4,LHAV6a7,1,1,0,0,0,0
1235,44484,2,antennal,0,not-CX,251.8,280.1,159.4,WEDPN17_a1,1,0,1,0,0,0
1236,44490,10,LPTC (self-motion),0,not-CX,588.2,113.8,246.8,LHPV3a3_b,1,1,0,0,1,0
1237,44568,10,LPTC (self-motion),0,not-CX,582.6,116.8,206.2,LHAV4d1,1,1,0,0,1,0
1238,44706,10,LPTC (self-motion),0,not-CX,199.3,240.6,197.2,LHAV2a2,1,1,0,0,0,0
1239,44745,10,LPTC (self-motion),0,not-CX,184.5,107.2,250.7,LHPV6h1_b,1,1,0,0,0,0
1240,44781,10,LPTC (self-motion),0,not-CX,565.7,137.0,272.9,LHPV2d1,1,1,0,0,1,0
1241,44893,10,LPTC (self-motion),0,not-CX,549.8,138.5,277.6,LHPV2c4,1,1,0,0,1,0
1242,44926,10,LPTC (self-motion),0,not-CX,213.8,109.5,273.9,LHPV5h2_b,1,1,0,0,0,0
1243,44957,10,LPTC (self-motion),0,not-CX,183.7,117.6,267.6,LHPV4b3,1,1,0,0,0,0
1244,44959,10,LPTC (self-motion),0,not-CX,189.6,155.6,216.6,LHAV3n1,1,1,0,0,0,0
1245,44975,10,LPTC (self-motion),0,not-CX,576.9,124.9,208.5,LHAV4d1,1,1,0,0,1,0
1246,44983,1,sensory,0,not-CX,0.0,0.0,0.0,ORN_DP1m,0,0,0,0,0,1
1247,44995,0,unnamed,0,not-CX,258.7,236.2,118.4,M_lPNm11D,0,0,0,0,0,0
1248,45017,10,LPTC (self-motion),0,not-CX,546.4,146.8,275.6,LHPV2e1_a,1,1,0,0,1,0
1249,45045,10,LPTC (self-motion),0,not-CX,578.6,108.9,270.9,LHPV4d10,1,1,0,0,1,0
1250,45142,10,LPTC (self-motion),0,not-CX,200.8,115.4,273.1,LHPV5h2_c,1,1,0,0,0,0
1251,45149,2,antennal,0,not-CX,465.5,282.0,110.2,M_vPNml80,0,0,0,0,1,0
1252,45187,10,LPTC (self-motion),0,not-CX,190.2,228.3,183.6,LHAV2k5,1,1,0,0,0,0
1253,45400,10,LPTC (self-motion),0,not-CX,591.0,148.8,155.4,LHAV2b10,1,1,0,0,1,0
1254,45404,2,antennal,0,not-CX,283.0,139.7,123.3,WEDPN14,1,0,1,1,0,0
1255,45430,0,unnamed,0,not-CX,260.8,212.8,119.4,M_lPNm11C,1,0,1,0,0,0
1256,45451,2,antennal,0,not-CX,465.1,275.8,111.5,CB3447,0,0,0,0,1,0
1257,45595,10,LPTC (self-motion),0,not-CX,591.5,115.7,263.9,LHPV4b2,1,1,0,0,1,0
1258,45596,10,LPTC (self-motion),0,not-CX,188.9,161.3,171.6,LHAV6a5,1,1,0,0,0,0
1259,45641,10,LPTC (self-motion),0,not-CX,168.3,126.1,191.6,LHAV4a4,1,1,0,0,0,0
1260,45661,10,LPTC (self-motion),0,not-CX,192.0,120.6,276.5,LHPV4b7,1,1,0,0,0,0
1261,45668,10,LPTC (self-motion),0,not-CX,592.9,142.6,165.3,LHAV2g3,1,1,0,0,1,0
1262,45689,10,LPTC (self-motion),0,not-CX,179.7,121.2,275.2,LHPV4c1_c,1,1,0,0,0,0
1263,45708,10,LPTC (self-motion),0,not-CX,181.9,121.2,277.8,LHPV4b4,1,1,0,0,0,0
1264,45795,10,LPTC (self-motion),0,not-CX,237.0,167.1,139.1,LHAV7b1,1,1,0,0,0,0
1265,45809,10,LPTC (self-motion),0,not-CX,588.0,148.6,168.8,LHAV2c1,1,1,0,0,1,0
1266,45827,10,LPTC (self-motion),0,not-CX,177.6,172.8,175.1,LHAV2b10,1,1,0,0,0,0
1267,45840,10,LPTC (self-motion),0,not-CX,582.1,123.2,216.0,LHAV4d1,1,1,0,0,1,0
1268,45869,10,LPTC (self-motion),0,not-CX,217.7,129.4,271.6,LHPV5a2,1,1,0,0,0,0
1269,45872,10,LPTC (self-motion),0,not-CX,586.5,128.3,239.0,LHPV3a2,1,1,0,0,1,0
1270,45905,2,antennal,0,not-CX,252.7,287.1,166.6,WEDPN17_a1,1,0,1,0,0,0
1271,45920,10,LPTC (self-motion),0,not-CX,190.1,111.4,258.8,LHPV6d1,1,1,0,0,0,0
1272,45927,10,LPTC (self-motion),0,not-CX,172.0,162.6,186.7,LHAV2b8,1,1,0,0,0,0
1273,45958,10,LPTC (self-motion),0,not-CX,191.5,158.9,170.6,LHAV6a7,1,1,0,0,0,0
1274,46194,2,antennal,0,not-CX,492.1,138.0,133.5,WEDPN8C,0,0,0,0,1,0
1275,46199,2,antennal,0,not-CX,238.7,284.5,168.7,WEDPN17_b,1,0,1,0,0,0
1276,46293,1,sensory,0,not-CX,0.0,0.0,0.0,ORN_VM6v,0,0,0,0,0,1
1277,46299,10,LPTC (self-motion),0,not-CX,195.9,235.0,178.3,LHAV2h1,1,1,0,0,0,0
1278,46300,1,sensory,0,not-CX,0.0,0.0,0.0,ORN_DP1m,0,0,0,0,0,1
1279,46309,10,LPTC (self-motion),0,not-CX,579.1,150.9,161.8,LHAV2g2_a,1,1,0,0,1,0
1280,46332,10,LPTC (self-motion),0,not-CX,181.8,99.4,243.6,LHPV6h1,1,1,0,0,0,0
1281,46356,10,LPTC (self-motion),0,not-CX,217.2,135.7,279.9,LHPV5j1,1,1,0,0,0,0
1282,46446,10,LPTC (self-motion),0,not-CX,215.6,120.5,277.7,LHPV5j1,1,1,0,0,0,0
1283,46500,0,unnamed,0,not-CX,272.6,201.9,113.8,lLN12A,0,0,0,0,0,0
1284,46528,10,LPTC (self-motion),0,not-CX,576.6,145.7,213.0,LHAV3b2_b,1,1,0,0,1,0
1285,46565,10,LPTC (self-motion),0,not-CX,192.6,153.7,215.8,LHAV3b2_a,1,1,0,0,0,0
1286,46678,10,LPTC (self-motion),0,not-CX,550.1,142.1,281.0,LHPV2e1_a,1,1,0,0,1,0
1287,46711,10,LPTC (self-motion),0,not-CX,191.5,139.4,240.1,LHPV3a3_b,1,1,0,0,0,0
1288,46762,10,LPTC (self-motion),0,not-CX,591.8,153.5,181.4,LHAV2k5,1,1,0,0,1,0
1289,46790,0,unnamed,0,not-CX,267.2,220.4,117.6,M_lPNm11A,0,0,0,0,0,0
1290,46894,10,LPTC (self-motion),0,not-CX,582.5,132.0,240.8,LHPV3b1_a,1,1,0,0,1,0
1291,46907,10,LPTC (self-motion),0,not-CX,199.4,137.5,267.0,LHPV4k1,1,1,0,0,0,0
1292,46929,2,antennal,0,not-CX,522.6,215.0,121.7,WEDPN17_a2,1,0,1,0,1,0
1293,46954,10,LPTC (self-motion),0,not-CX,207.0,123.0,274.1,LHPV4a7,1,1,0,0,0,0
1294,47002,10,LPTC (self-motion),0,not-CX,176.2,139.5,209.1,LHAV4g6_a,1,1,0,0,0,0
1295,47006,10,LPTC (self-motion),0,not-CX,589.1,125.8,233.4,LHPV3b1_b,1,1,0,0,1,0
1296,47019,10,LPTC (self-motion),0,not-CX,593.9,109.7,260.2,LHPV2g1,1,1,0,0,1,0
1297,47028,10,LPTC (self-motion),0,not-CX,590.4,105.5,253.3,LHPV4d3,1,1,0,0,1,0
1298,47063,10,LPTC (self-motion),0,not-CX,215.7,160.4,152.5,LHAV7b1,1,1,0,0,0,0
1299,47085,10,LPTC (self-motion),0,not-CX,198.8,136.8,270.6,LHPV4a10,1,1,0,0,0,0
1300,47089,10,LPTC (self-motion),0,not-CX,587.3,106.9,271.7,LHPV4c1_b,1,1,0,0,1,0
1301,47161,10,LPTC (self-motion),0,not-CX,581.5,122.2,199.5,LHAV4a5,1,1,0,0,1,0
1302,47214,10,LPTC (self-motion),0,not-CX,580.0,188.0,157.9,LHAV1d2,1,1,0,0,1,0
1303,47272,0,unnamed,0,not-CX,473.7,166.8,92.7,lLN12A,0,0,0,0,1,0
1304,47515,10,LPTC (self-motion),0,not-CX,176.4,138.3,216.7,LHAV4g1,1,1,0,0,0,0
1305,47530,10,LPTC (self-motion),0,not-CX,185.7,151.0,215.6,LHAV3b6_b,1,1,0,0,0,0
1306,47566,10,LPTC (self-motion),0,not-CX,181.9,182.8,202.6,LHAV3b8,1,1,0,0,0,0
1307,47587,10,LPTC (self-motion),0,not-CX,181.3,148.0,211.6,LHAV3b2_b,1,1,0,0,0,0
1308,47595,10,LPTC (self-motion),0,not-CX,580.0,124.0,266.3,LHPV2a3,1,1,0,0,1,0
1309,47631,10,LPTC (self-motion),0,not-CX,185.3,119.6,277.2,LHPV4b4,1,1,0,0,0,0
1310,47633,10,LPTC (self-motion),0,not-CX,576.0,157.7,163.5,LHAV2c1,1,1,0,0,1,0
1311,47728,2,antennal,0,not-CX,256.7,286.0,183.2,VP1l+_lvPN,0,0,0,0,0,0
1312,47746,10,LPTC (self-motion),0,not-CX,188.1,120.5,261.4,LHPV5d1,1,1,0,0,0,0
1313,47748,10,LPTC (self-motion),0,not-CX,178.9,118.5,267.5,LHPV4a10,1,1,0,0,0,0
1314,47839,2,antennal,0,not-CX,311.8,290.6,120.6,M_vPNml68,0,0,0,0,0,0
1315,47904,10,LPTC (self-motion),0,not-CX,192.6,126.1,266.4,LHPV4d3,1,1,0,0,0,0
1316,47909,10,LPTC (self-motion),0,not-CX,211.2,132.2,274.2,LHPV4d10,1,1,0,0,0,0
1317,47919,10,LPTC (self-motion),0,not-CX,189.8,152.7,191.7,LHAV5a1,1,1,0,0,0,0
1318,47932,10,LPTC (self-motion),0,not-CX,188.9,119.0,276.6,LHPV4g1,1,1,0,0,0,0
1319,48110,10,LPTC (self-motion),0,not-CX,181.1,102.8,250.6,LHPV6f5,1,1,0,0,0,0
1320,48131,10,LPTC (self-motion),0,not-CX,193.9,149.5,205.4,LHAV5e1,1,1,0,0,0,0
1321,48149,10,LPTC (self-motion),0,not-CX,180.5,188.2,163.9,LHAV1d1,1,1,0,0,0,0
1322,48163,0,unnamed,0,not-CX,0.0,0.0,0.0,LN-DN1,0,0,0,0,0,1
1323,48178,10,LPTC (self-motion),0,not-CX,176.0,112.9,202.6,LHAV4a1_a,1,1,0,0,0,0
1324,48195,10,LPTC (self-motion),0,not-CX,582.4,172.2,157.0,LHAV1d2,1,1,0,0,1,0
1325,48210,10,LPTC (self-motion),0,not-CX,188.4,119.5,272.0,LHPV4c1_a,1,1,0,0,0,0
1326,48231,10,LPTC (self-motion),0,not-CX,187.1,116.4,269.4,LHPV4b4,1,1,0,0,0,0
1327,48274,10,LPTC (self-motion),0,not-CX,573.6,121.8,253.8,LHPV4i1,1,1,0,0,1,0
1328,48287,10,LPTC (self-motion),0,not-CX,210.0,123.2,270.5,LHPV6a1,1,1,0,0,0,0
1329,48477,2,antennal,0,not-CX,481.9,284.1,117.7,M_vPNml67,0,0,0,0,1,0
1330,48496,10,LPTC (self-motion),0,not-CX,595.3,100.0,260.8,LHPV4a10,1,1,0,0,1,0
1331,48521,10,LPTC (self-motion),0,not-CX,190.3,134.7,209.5,LHAV4d1,1,1,0,0,0,0
1332,48530,0,unnamed,0,not-CX,483.8,201.2,90.0,lLN10,0,0,0,0,1,0
1333,48568,10,LPTC (self-motion),0,not-CX,188.7,122.3,278.4,LHPV4b4,1,1,0,0,0,0
1334,48649,2,antennal,0,not-CX,524.6,209.6,126.3,WEDPN7C,1,0,1,0,1,0
1335,48659,10,LPTC (self-motion),0,not-CX,181.6,170.0,202.9,LHAV3b8,1,1,0,0,0,0
1336,48709,10,LPTC (self-motion),0,not-CX,572.6,95.9,261.2,LHPV6d1,1,1,0,0,1,0
1337,48723,10,LPTC (self-motion),0,not-CX,177.1,135.9,213.4,LHAV4g7_a,1,1,0,0,0,0
1338,48774,10,LPTC (self-motion),0,not-CX,590.2,150.2,195.3,LHAV2h1,1,1,0,0,1,0
1339,48782,10,LPTC (self-motion),0,not-CX,163.1,137.1,190.9,LHAV4a4,1,1,0,0,0,0
1340,48817,2,antennal,0,not-CX,318.3,285.9,120.7,M_vPNml87,0,0,0,0,0,0
1341,48854,10,LPTC (self-motion),0,not-CX,585.4,161.6,187.5,LHAV2k9,1,1,0,0,1,0
1342,48870,10,LPTC (self-motion),0,not-CX,577.9,189.9,150.5,LHAV1d1,1,1,0,0,1,0
1343,48879,2,antennal,0,not-CX,253.9,277.6,154.6,WEDPN17_b,1,0,1,0,0,0
1344,48888,10,LPTC (self-motion),0,not-CX,202.4,238.2,181.0,LHAV2h1,1,1,0,0,0,0
1345,48976,10,LPTC (self-motion),0,not-CX,191.3,131.7,262.1,LHPV4d10,1,1,0,0,0,0
1346,48977,10,LPTC (self-motion),0,not-CX,190.0,128.5,276.1,LHPV4c3,1,1,0,0,0,0
1347,49011,10,LPTC (self-motion),0,not-CX,180.2,174.2,203.2,LHAV3b8,1,1,0,0,0,0
1348,49049,10,LPTC (self-motion),0,not-CX,545.6,138.3,278.5,LHPV2c2,1,1,0,0,1,0
1349,49102,10,LPTC (self-motion),0,not-CX,191.2,165.3,208.1,LHAV3b1,1,1,0,0,0,0
1350,49174,10,LPTC (self-motion),0,not-CX,588.0,101.5,200.5,LHAV4a5,1,1,0,0,1,0
1351,49205,10,LPTC (self-motion),0,not-CX,182.2,152.5,194.3,LHAV5b1,1,1,0,0,0,0
1352,49247,10,LPTC (self-motion),0,not-CX,594.1,172.3,179.2,LHAV2h1,1,1,0,0,1,0
1353,49255,10,LPTC (self-motion),0,not-CX,578.7,131.2,262.8,LHPV2a2,1,1,0,0,1,0
1354,49264,10,LPTC (self-motion),0,not-CX,588.1,152.0,156.0,LHAV2b4,1,1,0,0,1,0
1355,49307,10,LPTC (self-motion),0,not-CX,602.9,111.6,180.7,LHAV4g7_b,1,1,0,0,1,0
1356,49367,2,antennal,0,not-CX,464.1,269.6,107.2,M_vPNml68,0,0,0,0,1,0
1357,49373,1,sensory,0,not-CX,0.0,0.0,0.0,ORN_VM6v,0,0,0,0,0,1
1358,49463,10,LPTC (self-motion),0,not-CX,586.3,92.1,257.6,LHPV6a9_b,1,1,0,0,1,0
1359,49479,10,LPTC (self-motion),0,not-CX,168.3,132.5,203.9,LHAV4g1,1,1,0,0,0,0
1360,49532,10,LPTC (self-motion),0,not-CX,187.6,234.2,177.0,LHAV2h1,1,1,0,0,0,0
1361,49536,10,LPTC (self-motion),0,not-CX,585.1,156.1,201.0,LHAV3n1,1,1,0,0,1,0
1362,49554,10,LPTC (self-motion),0,not-CX,188.8,152.9,187.8,LHAV5a1,1,1,0,0,0,0
1363,49558,10,LPTC (self-motion),0,not-CX,185.8,126.4,213.3,LHAV4d1,1,1,0,0,0,0
1364,49591,10,LPTC (self-motion),0,not-CX,194.5,102.5,259.4,LHPV6h2,1,1,0,0,0,0
1365,49692,10,LPTC (self-motion),0,not-CX,267.6,98.4,265.5,LHPV5c1,1,1,0,1,0,0
1366,49696,10,LPTC (self-motion),0,not-CX,581.7,115.2,266.7,LHPV4c2,1,1,0,0,1,0
1367,49736,10,LPTC (self-motion),0,not-CX,177.2,114.4,268.9,LHPV4a10,1,1,0,0,0,0
1368,49777,10,LPTC (self-motion),0,not-CX,593.4,108.0,181.2,LHAV4g1,1,1,0,0,1,0
1369,49825,2,antennal,0,not-CX,472.5,284.9,114.2,CB2004,0,0,0,0,1,0
1370,49886,1,sensory,0,not-CX,0.0,0.0,0.0,ORN_DP1m,0,0,0,0,0,1
1371,49937,10,LPTC (self-motion),0,not-CX,167.3,176.0,171.2,LHAV2b10,1,1,0,0,0,0
1372,49945,10,LPTC (self-motion),0,not-CX,182.1,124.3,275.3,LHPV4b5,1,1,0,0,0,0
1373,49953,10,LPTC (self-motion),0,not-CX,593.5,102.8,176.9,LHAV4g1,1,1,0,0,1,0
1374,49983,10,LPTC (self-motion),0,not-CX,197.1,236.5,190.1,LHAV2a2,1,1,0,0,0,0
1375,50036,10,LPTC (self-motion),0,not-CX,197.0,154.0,182.2,LHAV6a3,1,1,0,0,0,0
1376,50042,10,LPTC (self-motion),0,not-CX,573.6,155.5,166.4,LHAV2b7_a,1,1,0,0,1,0
1377,50141,10,LPTC (self-motion),0,not-CX,585.4,115.6,266.7,LHPV4g2,1,1,0,0,1,0
1378,50176,10,LPTC (self-motion),0,not-CX,190.3,136.2,216.0,LHAV4d1,1,1,0,0,0,0
1379,50178,2,antennal,0,not-CX,454.0,267.1,103.5,M_vPNml76,0,0,0,0,1,0
1380,50252,10,LPTC (self-motion),0,not-CX,196.5,238.5,179.1,LHAV2h1,1,1,0,0,0,0
1381,50314,10,LPTC (self-motion),0,not-CX,162.9,132.5,194.2,LHAV4e2_b2,1,1,0,0,0,0
1382,50338,2,antennal,0,not-CX,278.5,147.0,122.9,WEDPN8C,1,0,1,1,0,0
1383,50417,2,antennal,0,not-CX,249.4,284.4,164.9,WEDPN7A,1,0,1,0,0,0
1384,50485,10,LPTC (self-motion),0,not-CX,184.4,129.1,260.3,LHPV4i1,1,1,0,0,0,0
1385,50497,10,LPTC (self-motion),0,not-CX,183.4,132.2,210.4,LHAV4a5,1,1,0,0,0,0
1386,50538,10,LPTC (self-motion),0,not-CX,176.0,132.4,187.7,LHAV5a9_a,1,1,0,0,0,0
1387,50541,10,LPTC (self-motion),0,not-CX,190.7,168.4,216.7,LHAV3b2_b,1,1,0,0,0,0
1388,50560,10,LPTC (self-motion),0,not-CX,556.6,145.1,274.8,LHPV2d1,1,1,0,0,1,0
1389,50576,10,LPTC (self-motion),0,not-CX,172.2,117.4,201.2,LHAV4e2_b1,1,1,0,0,0,0
1390,50640,10,LPTC (self-motion),0,not-CX,573.8,107.1,269.9,LHPV5g1_b,1,1,0,0,1,0
1391,50677,10,LPTC (self-motion),0,not-CX,591.9,166.9,188.0,LHAV2a3,1,1,0,0,1,0
1392,50718,10,LPTC (self-motion),0,not-CX,181.5,140.8,193.7,LHAV5a6_a,1,1,0,0,0,0
1393,50731,10,LPTC (self-motion),0,not-CX,588.6,135.2,194.0,LHAV3b8,1,1,0,0,1,0
1394,50775,2,antennal,0,not-CX,314.4,289.4,116.7,M_vPNml73,0,0,0,0,0,0
1395,50804,10,LPTC (self-motion),0,not-CX,204.4,113.4,268.9,LHPV6a1,1,1,0,0,0,0
1396,50907,10,LPTC (self-motion),0,not-CX,603.0,120.3,172.8,LHAV3e4_a,1,1,0,0,1,0
1397,50932,10,LPTC (self-motion),0,not-CX,594.6,105.9,198.7,LHAV4b2,1,1,0,0,1,0
1398,50981,2,antennal,0,not-CX,498.8,276.0,133.6,VP1l+_lvPN,0,0,0,0,1,0
1399,50996,2,antennal,0,not-CX,246.4,283.0,170.3,WEDPN7A,1,0,1,0,0,0
1400,51124,10,LPTC (self-motion),0,not-CX,183.4,171.1,184.4,LHAV2c1,1,1,0,0,0,0
1401,51138,10,LPTC (self-motion),0,not-CX,190.0,136.4,247.3,LHPV3b1_b,1,1,0,0,0,0
1402,51163,10,LPTC (self-motion),0,not-CX,183.4,100.9,229.4,LHPV6a9_b,1,1,0,0,0,0
1403,51209,2,antennal,0,not-CX,198.7,136.7,289.9,WEDPN6C,1,0,1,0,0,0
1404,51368,10,LPTC (self-motion),0,not-CX,192.1,127.1,271.9,LHPV4c1_b,1,1,0,0,0,0
1405,51477,10,LPTC (self-motion),0,not-CX,173.6,124.4,204.8,LHAV4e1_b,1,1,0,0,0,0
1406,51479,2,antennal,0,not-CX,309.9,284.5,113.0,M_VPNml66,0,0,0,0,0,0
1407,51489,10,LPTC (self-motion),0,not-CX,176.6,120.5,190.0,LHAV4a4,1,1,0,0,0,0
1408,51514,2,antennal,0,not-CX,194.8,136.4,283.4,WEDPN6B,1,0,1,0,0,0
1409,51533,10,LPTC (self-motion),0,not-CX,172.0,125.0,200.0,LHAV4g7_b,1,1,0,0,0,0
1410,51567,10,LPTC (self-motion),0,not-CX,189.7,109.9,261.9,LHPV6a3,1,1,0,0,0,0
1411,51613,10,LPTC (self-motion),0,not-CX,590.1,136.7,199.8,LHAV3b6_b,1,1,0,0,1,0
1412,51646,0,unnamed,0,not-CX,255.7,203.3,111.7,lLN13,0,0,0,0,0,0
1413,51735,10,LPTC (self-motion),0,not-CX,172.6,158.8,182.8,LHAV2c1,1,1,0,0,0,0
1414,51878,10,LPTC (self-motion),0,not-CX,585.1,88.6,207.2,LHAV4e1_b,1,1,0,0,1,0
1415,51982,10,LPTC (self-motion),0,not-CX,194.6,159.3,178.0,LHAV6a1,1,1,0,0,0,0
1416,52014,10,LPTC (self-motion),0,not-CX,199.2,156.6,183.0,LHAV6a4,1,1,0,0,0,0
1417,52099,0,unnamed,0,not-CX,274.3,235.1,119.7,M_lPNm11D,0,0,0,0,0,0
1418,52159,1,sensory,0,not-CX,0.0,0.0,0.0,ORN_DP1m,0,0,0,0,0,1
1419,52196,10,LPTC (self-motion),0,not-CX,218.7,106.4,270.1,LHPV6a1,1,1,0,0,0,0
1420,52223,2,antennal,0,not-CX,325.1,169.6,108.5,M_adPNm4,0,0,0,0,0,0
1421,52235,10,LPTC (self-motion),0,not-CX,183.0,122.4,260.1,LHPV4a5,1,1,0,0,0,0
1422,52326,10,LPTC (self-motion),0,not-CX,178.1,137.5,189.9,LHAV5a6_b,1,1,0,0,0,0
1423,52403,10,LPTC (self-motion),0,not-CX,180.6,123.8,220.5,LHAV4b2,1,1,0,0,0,0
1424,52415,10,LPTC (self-motion),0,not-CX,568.9,125.1,273.5,LHPV2c1_a,1,1,0,0,1,0
1425,52446,10,LPTC (self-motion),0,not-CX,233.9,91.4,261.4,LHPV6a1,1,1,0,0,0,0
1426,52465,10,LPTC (self-motion),0,not-CX,233.2,113.4,272.2,LHPV5a2,1,1,0,0,0,0
1427,52468,2,antennal,0,not-CX,494.0,132.1,128.6,WEDPN8D,0,0,0,0,1,0
1428,52536,2,antennal,0,not-CX,309.3,274.9,102.7,M_vPNml76,0,0,0,0,0,0
1429,52544,2,antennal,0,not-CX,309.2,280.3,113.1,M_vPNml76,0,0,0,0,0,0
1430,52556,10,LPTC (self-motion),0,not-CX,538.8,155.6,280.4,LHPV2c5,1,1,0,0,1,0
1431,52615,10,LPTC (self-motion),0,not-CX,596.9,90.0,203.1,LHAV4a4,1,1,0,0,1,0
1432,52616,2,antennal,0,not-CX,320.4,273.5,122.1,VL2a_vPN,0,0,0,0,0,0
1433,52622,1,sensory,0,not-CX,0.0,0.0,0.0,ORN_VM7v,0,0,0,0,0,1
1434,52641,10,LPTC (self-motion),0,not-CX,572.1,99.0,259.1,LHPV6c1,1,1,0,0,1,0
1435,52645,10,LPTC (self-motion),0,not-CX,584.3,112.1,209.7,LHAV4d1,1,1,0,0,1,0
1436,52702,10,LPTC (self-motion),0,not-CX,173.7,129.1,186.6,LHAV4a4,1,1,0,0,0,0
1437,52724,10,LPTC (self-motion),0,not-CX,223.1,152.1,280.6,LHPV2a5,1,1,0,0,0,0
1438,52771,10,LPTC (self-motion),0,not-CX,595.4,114.0,182.8,LHAV4g6_a,1,1,0,0,1,0
1439,52780,10,LPTC (self-motion),0,not-CX,187.7,131.7,265.2,LHPV4a8,1,1,0,0,0,0
1440,52825,10,LPTC (self-motion),0,not-CX,205.7,131.3,277.0,LHPV4c2,1,1,0,0,0,0
1441,52893,10,LPTC (self-motion),0,not-CX,531.0,164.4,281.4,LHPV2c5,1,1,0,0,1,0
1442,52965,10,LPTC (self-motion),0,not-CX,195.6,122.7,265.8,LHPV5a1,1,1,0,0,0,0
1443,52995,10,LPTC (self-motion),0,not-CX,571.1,117.7,273.9,LHPV4c1_b,1,1,0,0,1,0
1444,53139,10,LPTC (self-motion),0,not-CX,248.5,169.5,144.1,LHAV7a3,1,1,0,1,0,0
1445,53169,10,LPTC (self-motion),0,not-CX,595.2,151.6,178.6,LHAV2h1,1,1,0,0,1,0
1446,53253,10,LPTC (self-motion),0,not-CX,591.9,100.8,256.0,LHPV4d3,1,1,0,0,1,0
1447,53256,10,LPTC (self-motion),0,not-CX,231.8,97.0,266.0,LHPV6a1,1,1,0,0,0,0
1448,53283,10,LPTC (self-motion),0,not-CX,173.6,136.2,185.2,LHAV5a4_c,1,1,0,0,0,0
1449,53320,10,LPTC (self-motion),0,not-CX,593.1,137.2,194.5,LHAV3b2_c,1,1,0,0,1,0
1450,53334,2,antennal,0,not-CX,457.5,270.1,107.8,M_vPNml68,0,0,0,0,1,0
1451,53360,10,LPTC (self-motion),0,not-CX,197.9,156.8,179.6,LHAV6a3,1,1,0,0,0,0
1452,53362,10,LPTC (self-motion),0,not-CX,185.8,119.5,264.9,LHPV4a3,1,1,0,0,0,0
1453,53368,10,LPTC (self-motion),0,not-CX,266.4,88.7,263.0,LHPV5e2,1,1,0,1,0,0
1454,53416,10,LPTC (self-motion),0,not-CX,191.4,137.7,262.8,LHPV4i1,1,1,0,0,0,0
1455,53429,2,antennal,0,not-CX,447.5,161.7,87.0,M_adPNm5,0,0,0,0,1,0
1456,53447,10,LPTC (self-motion),0,not-CX,195.7,234.9,197.2,LHAV2a2,1,1,0,0,0,0
1457,53507,10,LPTC (self-motion),0,not-CX,580.1,105.4,268.8,LHPV4a10,1,1,0,0,1,0
1458,53812,10,LPTC (self-motion),0,not-CX,220.8,265.4,189.2,LHAV1a3,1,1,0,0,0,0
1459,53849,10,LPTC (self-motion),0,not-CX,196.0,146.4,268.6,LHPV2d1,1,1,0,0,0,0
1460,54057,10,LPTC (self-motion),0,not-CX,194.2,126.4,274.5,LHPV4c1_b,1,1,0,0,0,0
1461,54113,10,LPTC (self-motion),0,not-CX,188.2,149.8,182.6,LHAV6b3,1,1,0,0,0,0
1462,54258,10,LPTC (self-motion),0,not-CX,162.9,133.7,189.2,LHAV4a4,1,1,0,0,0,0
1463,54307,2,antennal,0,not-CX,308.0,291.9,122.6,M_vPNml68,0,0,0,0,0,0
1464,54309,10,LPTC (self-motion),0,not-CX,580.0,115.7,276.3,LHPV4c1_c,1,1,0,0,1,0
1465,54392,10,LPTC (self-motion),0,not-CX,579.2,112.5,182.8,LHAV5a9_a,1,1,0,0,1,0
1466,54545,10,LPTC (self-motion),0,not-CX,599.8,92.8,198.8,LHAV4c1,1,1,0,0,1,0
1467,54548,10,LPTC (self-motion),0,not-CX,231.5,87.6,263.3,LHPV5b3,1,1,0,0,0,0
1468,54559,1,sensory,0,not-CX,0.0,0.0,0.0,ORN_DP1m,0,0,0,0,0,1
1469,54621,10,LPTC (self-motion),0,not-CX,186.1,113.5,271.9,LHPV4c4,1,1,0,0,0,0
1470,54685,10,LPTC (self-motion),0,not-CX,167.3,128.4,189.7,LHAV4a4,1,1,0,0,0,0
1471,54723,10,LPTC (self-motion),0,not-CX,167.1,120.1,196.2,LHAV4a4,1,1,0,0,0,0
1472,54787,10,LPTC (self-motion),0,not-CX,181.7,121.8,267.1,LHPV4a5,1,1,0,0,0,0
1473,54892,2,antennal,0,not-CX,321.9,273.4,110.0,DP1m_vPN,0,0,0,0,0,0
1474,54952,10,LPTC (self-motion),0,not-CX,178.4,109.9,262.4,LHPV4a5,1,1,0,0,0,0
1475,55056,10,LPTC (self-motion),0,not-CX,191.3,117.1,265.2,LHPV5d3,1,1,0,0,0,0
1476,55061,10,LPTC (self-motion),0,not-CX,208.8,134.3,268.7,LHPV4h1,1,1,0,0,0,0
1477,55086,10,LPTC (self-motion),0,not-CX,189.7,125.7,263.0,LHPV4d3,1,1,0,0,0,0
1478,55175,10,LPTC (self-motion),0,not-CX,213.2,168.2,152.5,LHAV7b1,1,1,0,0,0,0
1479,55296,10,LPTC (self-motion),0,not-CX,583.6,113.3,171.7,LHAV6a4,1,1,0,0,1,0
1480,55306,10,LPTC (self-motion),0,not-CX,178.8,116.6,191.3,LHAV4a5,1,1,0,0,0,0
1481,55354,10,LPTC (self-motion),0,not-CX,175.4,117.0,265.9,LHPV4c1_c,1,1,0,0,0,0
1482,55362,10,LPTC (self-motion),0,not-CX,165.4,124.0,192.9,LHAV4e2_b2,1,1,0,0,0,0
1483,55393,10,LPTC (self-motion),0,not-CX,219.5,88.2,260.4,LHPV6d1,1,1,0,0,0,0
1484,55410,2,antennal,0,not-CX,523.5,211.8,124.1,WEDPN17_c,1,0,1,0,1,0
1485,55566,10,LPTC (self-motion),0,not-CX,598.9,107.6,189.4,LHAV4g7_b,1,1,0,0,1,0
1486,55646,10,LPTC (self-motion),0,not-CX,187.5,115.9,265.3,LHPV5d1,1,1,0,0,0,0
1487,55672,10,LPTC (self-motion),0,not-CX,194.0,142.7,266.8,LHPV2b4,1,1,0,0,0,0
1488,55759,0,unnamed,0,not-CX,0.0,0.0,0.0,JO-EV1,0,0,0,0,0,1
1489,55869,10,LPTC (self-motion),0,not-CX,177.9,129.6,214.2,LHAV4g7_b,1,1,0,0,0,0
1490,55927,10,LPTC (self-motion),0,not-CX,197.3,162.6,175.7,LHAV6a1,1,1,0,0,0,0
1491,55931,10,LPTC (self-motion),0,not-CX,212.8,95.4,266.1,LHPV5b4,1,1,0,0,0,0
1492,55990,10,LPTC (self-motion),0,not-CX,194.1,145.2,218.9,LHAV4g6_a,1,1,0,0,0,0
1493,56030,1,sensory,0,not-CX,0.0,0.0,0.0,ORN_VA1v,0,0,0,0,0,1
1494,56070,10,LPTC (self-motion),0,not-CX,167.8,161.2,189.6,LHAV2c1,1,1,0,0,0,0
1495,56207,0,unnamed,0,not-CX,260.8,203.5,110.5,lLN13,0,0,0,0,0,0
1496,56232,10,LPTC (self-motion),0,not-CX,249.8,171.8,141.5,LHAV7a7,1,1,0,1,0,0
1497,56305,10,LPTC (self-motion),0,not-CX,581.3,119.4,254.0,LHPV4d7,1,1,0,0,1,0
1498,56351,10,LPTC (self-motion),0,not-CX,595.8,100.5,200.1,LHAV4a4,1,1,0,0,1,0
1499,56364,2,antennal,0,not-CX,469.4,273.0,119.1,CB3447,0,0,0,0,1,0
1500,56390,2,antennal,0,not-CX,481.4,240.4,151.8,VM4_lvPN,0,0,0,0,1,0
1501,56411,10,LPTC (self-motion),0,not-CX,168.5,122.7,202.4,LHAV4e2_b1,1,1,0,0,0,0
1502,56437,10,LPTC (self-motion),0,not-CX,586.0,118.8,262.8,LHPV4b7,1,1,0,0,1,0
1503,56470,10,LPTC (self-motion),0,not-CX,589.7,138.5,202.6,LHAV3b6_b,1,1,0,0,1,0
1504,56474,10,LPTC (self-motion),0,not-CX,572.9,134.8,260.8,LHPV2b4,1,1,0,0,1,0
1505,56496,10,LPTC (self-motion),0,not-CX,167.6,172.8,178.6,LHAV2b10,1,1,0,0,0,0
1506,56510,2,antennal,0,not-CX,469.9,276.3,117.1,DP1m_vPN,0,0,0,0,1,0
1507,56522,10,LPTC (self-motion),0,not-CX,179.7,112.0,265.0,LHPV4a10,1,1,0,0,0,0
1508,56531,10,LPTC (self-motion),0,not-CX,190.5,99.7,251.6,LHPV6f3_b,1,1,0,0,0,0
1509,56609,10,LPTC (self-motion),0,not-CX,579.9,117.3,270.4,LHPV4g2,1,1,0,0,1,0
1510,56727,10,LPTC (self-motion),0,not-CX,573.5,230.6,344.1,VSm,1,1,0,0,1,0
1511,56802,10,LPTC (self-motion),0,not-CX,541.1,93.6,257.6,LHPV6a1,1,1,0,0,1,0
1512,56825,10,LPTC (self-motion),0,not-CX,189.1,126.3,217.1,LHAV4d1,1,1,0,0,0,0
1513,56888,2,antennal,0,not-CX,472.1,280.6,115.0,M_vPNml60,0,0,0,0,1,0
1514,56900,10,LPTC (self-motion),0,not-CX,190.7,124.0,274.4,LHPV4g2,1,1,0,0,0,0
1515,56966,10,LPTC (self-motion),0,not-CX,183.0,121.0,217.9,LHAV4d5,1,1,0,0,0,0
1516,57076,2,antennal,0,not-CX,532.5,209.4,127.9,WEDPN7C,1,0,1,0,1,0
1517,57110,10,LPTC (self-motion),0,not-CX,586.3,113.5,212.7,LHAV4d1,1,1,0,0,1,0
1518,57331,10,LPTC (self-motion),0,not-CX,197.6,129.6,276.4,LHPV4c2,1,1,0,0,0,0
1519,57342,2,antennal,0,not-CX,543.4,214.0,128.8,WEDPN17_a1,1,0,1,0,1,0
1520,57394,2,antennal,0,not-CX,310.1,284.3,103.7,M_vPNml53,1,0,1,0,0,0
1521,57415,1,sensory,0,not-CX,0.0,0.0,0.0,ORN_VM6v,0,0,0,0,0,1
1522,57493,10,LPTC (self-motion),0,not-CX,179.0,128.2,207.3,LHAV4a7,1,1,0,0,0,0
1523,57502,10,LPTC (self-motion),0,not-CX,581.7,118.8,210.6,LHAV4d5,1,1,0,0,1,0
1524,57528,10,LPTC (self-motion),0,not-CX,194.2,134.3,273.9,LHPV4b2,1,1,0,0,0,0
1525,57645,10,LPTC (self-motion),0,not-CX,204.9,129.1,272.2,LHPV4d3,1,1,0,0,0,0
1526,57675,10,LPTC (self-motion),0,not-CX,589.1,113.1,272.5,LHPV4c4,1,1,0,0,1,0
1527,57676,1,sensory,0,not-CX,0.0,0.0,0.0,ORN_DP1m,0,0,0,0,0,1
1528,57707,10,LPTC (self-motion),0,not-CX,571.9,88.5,258.7,LHPV6a3,1,1,0,0,1,0
1529,57783,0,unnamed,0,not-CX,268.8,204.0,114.3,lLN12A,0,0,0,0,0,0
1530,57792,2,antennal,0,not-CX,257.0,237.4,133.5,WEDPN2A,1,0,1,0,0,0
1531,57864,10,LPTC (self-motion),0,not-CX,169.4,129.4,193.6,LHAV4e2_b2,1,1,0,0,0,0
1532,57916,10,LPTC (self-motion),0,not-CX,215.6,120.2,271.2,LHPV5a1,1,1,0,0,0,0
1533,57923,10,LPTC (self-motion),0,not-CX,577.0,123.2,255.2,LHPV4a1,1,1,0,0,1,0
1534,57936,10,LPTC (self-motion),0,not-CX,174.7,120.2,197.5,LHAV4e7_b,1,1,0,0,0,0
1535,57956,10,LPTC (self-motion),0,not-CX,587.3,83.2,209.3,LHAV4c2,1,1,0,0,1,0
1536,57957,10,LPTC (self-motion),0,not-CX,173.3,143.4,180.6,LHAV5a2_a2,1,1,0,0,0,0
1537,57993,10,LPTC (self-motion),0,not-CX,600.8,112.3,191.4,LHAV4b2,1,1,0,0,1,0
1538,58009,2,antennal,0,not-CX,431.2,153.8,88.8,M_adPNm8,0,0,0,0,1,0
1539,58027,10,LPTC (self-motion),0,not-CX,178.8,116.4,272.7,LHPV4g2,1,1,0,0,0,0
1540,58040,10,LPTC (self-motion),0,not-CX,174.2,119.4,193.6,LHAV4e2_b1,1,1,0,0,0,0
1541,58053,10,LPTC (self-motion),0,not-CX,228.0,117.5,271.8,LHPV5a2,1,1,0,0,0,0
1542,58102,10,LPTC (self-motion),0,not-CX,587.1,80.8,238.2,LHPV5h2_a,1,1,0,0,1,0
1543,58159,10,LPTC (self-motion),0,not-CX,159.9,134.6,191.0,LHAV4a4,1,1,0,0,0,0
1544,58161,10,LPTC (self-motion),0,not-CX,569.6,134.6,256.6,LHPV2a5,1,1,0,0,1,0
1545,58163,2,antennal,0,not-CX,473.7,285.9,111.5,M_vPNml77,0,0,0,0,1,0
1546,58166,10,LPTC (self-motion),0,not-CX,185.3,122.7,215.3,LHAV4d1,1,1,0,0,0,0
1547,58226,2,antennal,0,not-CX,317.5,285.4,107.9,M_vPNml60,0,0,0,0,0,0
1548,58290,10,LPTC (self-motion),0,not-CX,257.2,100.3,267.6,LHPV5c1_a,1,1,0,1,0,0
1549,58291,10,LPTC (self-motion),0,not-CX,592.0,169.0,185.2,LHAV2a5,1,1,0,0,1,0
1550,58366,10,LPTC (self-motion),0,not-CX,269.6,192.4,120.1,LHAV9a1_c,1,1,0,1,0,0
1551,58433,10,LPTC (self-motion),0,not-CX,184.5,126.1,273.7,LHPV4b2,1,1,0,0,0,0
1552,58435,10,LPTC (self-motion),0,not-CX,254.9,172.7,285.3,LHPV2c5,1,1,0,1,0,0
1553,58500,2,antennal,0,not-CX,305.9,288.4,105.5,DC4_vPN,0,0,0,0,0,0
1554,58568,10,LPTC (self-motion),0,not-CX,186.5,125.3,260.2,LHPV4d10,1,1,0,0,0,0
1555,58600,10,LPTC (self-motion),0,not-CX,179.7,141.5,185.0,LHAV5a6_a,1,1,0,0,0,0
1556,58603,10,LPTC (self-motion),0,not-CX,188.4,129.8,261.8,LHPV4d4,1,1,0,0,0,0
1557,58622,2,antennal,0,not-CX,318.0,274.2,104.1,DP1l_vPN,0,0,0,0,0,0
1558,58623,10,LPTC (self-motion),0,not-CX,591.9,149.8,198.4,LHAV3b1,1,1,0,0,1,0
1559,58637,10,LPTC (self-motion),0,not-CX,186.8,158.0,172.6,LHAV6a3,1,1,0,0,0,0
1560,58708,2,antennal,0,not-CX,548.4,147.4,284.8,WEDPN6B,1,0,1,0,1,0
1561,58713,10,LPTC (self-motion),0,not-CX,589.7,116.6,180.1,LHAV5a2_a4,1,1,0,0,1,0
1562,58796,2,antennal,0,not-CX,532.1,212.6,125.1,WEDPN7B,1,0,1,0,1,0
1563,58810,10,LPTC (self-motion),0,not-CX,170.5,164.3,179.2,LHAV2c1,1,1,0,0,0,0
1564,58836,10,LPTC (self-motion),0,not-CX,189.6,114.8,273.2,LHPV4c4,1,1,0,0,0,0
1565,58838,10,LPTC (self-motion),0,not-CX,173.1,119.7,212.7,LHAV4b2,1,1,0,0,0,0
1566,58849,10,LPTC (self-motion),0,not-CX,202.8,108.1,273.7,LHPV5g1_b,1,1,0,0,0,0
1567,58939,10,LPTC (self-motion),0,not-CX,595.1,100.8,254.1,LHPV4a10,1,1,0,0,1,0
1568,58948,10,LPTC (self-motion),0,not-CX,596.7,88.6,200.1,LHAV4e2_b2,1,1,0,0,1,0
1569,58960,10,LPTC (self-motion),0,not-CX,175.1,147.2,194.3,LHAV3e6,1,1,0,0,0,0
1570,58971,10,LPTC (self-motion),0,not-CX,209.7,117.5,273.9,LHPV5a1,1,1,0,0,0,0
1571,58975,10,LPTC (self-motion),0,not-CX,182.1,124.8,263.2,LHPV4a5,1,1,0,0,0,0
1572,59037,10,LPTC (self-motion),0,not-CX,216.9,128.4,278.7,LHPV5h4,1,1,0,0,0,0
1573,59111,10,LPTC (self-motion),0,not-CX,583.1,129.7,265.8,LHPV2a1_c,1,1,0,0,1,0
1574,59130,10,LPTC (self-motion),0,not-CX,193.5,121.0,273.7,LHPV4c1_b,1,1,0,0,0,0
1575,59235,2,antennal,0,not-CX,545.3,151.1,285.7,WEDPN6A,1,0,1,0,1,0
1576,59257,10,LPTC (self-motion),0,not-CX,178.4,117.8,260.0,LHPV4a8,1,1,0,0,0,0
1577,59266,10,LPTC (self-motion),0,not-CX,182.5,136.3,214.5,LHAV4b1,1,1,0,0,0,0
1578,59317,10,LPTC (self-motion),0,not-CX,594.8,153.6,183.7,LHAV2k5,1,1,0,0,1,0
1579,59339,10,LPTC (self-motion),0,not-CX,583.9,99.4,266.6,LHPV4i3,1,1,0,0,1,0
1580,59422,10,LPTC (self-motion),0,not-CX,172.4,118.9,205.1,LHAV4a6,1,1,0,0,0,0
1581,59502,10,LPTC (self-motion),0,not-CX,216.0,153.9,281.3,LHPV2a4,1,1,0,0,0,0
1582,59518,2,antennal,0,not-CX,462.2,280.6,112.4,M_vPNml75,0,0,0,0,1,0
1583,59560,10,LPTC (self-motion),0,not-CX,576.0,153.7,168.4,LHAV2b7_a,1,1,0,0,1,0
1584,59601,10,LPTC (self-motion),0,not-CX,227.1,155.0,280.5,LHPV2a5,1,1,0,0,0,0
1585,59658,0,unnamed,0,not-CX,259.0,226.2,114.4,M_lPNm13,1,0,1,0,0,0
1586,59771,10,LPTC (self-motion),0,not-CX,598.5,112.8,174.9,LHAV4g1,1,1,0,0,1,0
1587,59772,10,LPTC (self-motion),0,not-CX,178.3,141.7,191.8,LHAV5a2_a2,1,1,0,0,0,0
1588,59796,0,unnamed,0,not-CX,255.0,225.3,117.1,M_lPNm13,1,0,1,0,0,0
1589,59836,10,LPTC (self-motion),0,not-CX,557.1,260.2,180.7,LHAV1a4,1,1,0,0,1,0
1590,59843,10,LPTC (self-motion),0,not-CX,222.2,90.9,265.7,LHPV5b3,1,1,0,0,0,0
1591,59919,10,LPTC (self-motion),0,not-CX,192.7,136.1,269.7,LHPV4b2,1,1,0,0,0,0
1592,59938,10,LPTC (self-motion),0,not-CX,197.6,158.4,173.2,LHAV6a5,1,1,0,0,0,0
1593,59961,10,LPTC (self-motion),0,not-CX,179.9,111.2,217.6,LHAV4d1,1,1,0,0,0,0
1594,60017,2,antennal,0,not-CX,477.2,282.8,120.6,DL2d_vPN,0,0,0,0,1,0
1595,60049,10,LPTC (self-motion),0,not-CX,594.5,132.1,174.9,LHAV3e6,1,1,0,0,1,0
1596,60105,10,LPTC (self-motion),0,not-CX,591.9,148.5,192.4,LHAV2k1,1,1,0,0,1,0
1597,60109,10,LPTC (self-motion),0,not-CX,573.7,125.7,164.1,LHAV6a3,1,1,0,0,1,0
1598,60253,10,LPTC (self-motion),0,not-CX,190.0,136.1,240.8,LHPV3b1_b,1,1,0,0,0,0
1599,60258,10,LPTC (self-motion),0,not-CX,244.7,94.1,266.8,LHPV5c2,1,1,0,1,0,0
1600,60292,10,LPTC (self-motion),0,not-CX,182.0,117.6,275.9,LHPV4b3,1,1,0,0,0,0
1601,60346,10,LPTC (self-motion),0,not-CX,588.6,111.1,209.2,LHAV4d5,1,1,0,0,1,0
1602,60429,10,LPTC (self-motion),0,not-CX,588.5,125.6,198.2,LHAV3b8,1,1,0,0,1,0
1603,60498,1,sensory,0,not-CX,0.0,0.0,0.0,ORN_DM1,0,0,0,0,0,1
1604,60532,10,LPTC (self-motion),0,not-CX,572.4,119.4,257.3,LHPV6k1,1,1,0,0,1,0
1605,60534,0,unnamed,0,not-CX,0.0,0.0,0.0,JO-EV3,0,0,0,0,0,1
1606,60547,10,LPTC (self-motion),0,not-CX,177.9,144.5,180.2,LHAV5a6_b,1,1,0,0,0,0
1607,60623,0,unnamed,0,not-CX,268.1,208.0,118.4,lLN9,0,0,0,0,0,0
1608,60784,10,LPTC (self-motion),0,not-CX,585.0,127.3,270.1,LHPV2a5,1,1,0,0,1,0
1609,60845,10,LPTC (self-motion),0,not-CX,198.6,160.5,178.9,LHAV6a3,1,1,0,0,0,0
1610,60910,10,LPTC (self-motion),0,not-CX,192.6,128.1,218.5,LHAV4d1,1,1,0,0,0,0
1611,61139,10,LPTC (self-motion),0,not-CX,543.4,77.2,251.9,LHPV6d1,1,1,0,0,1,0
1612,61152,10,LPTC (self-motion),0,not-CX,548.4,135.4,276.9,LHPV2c2,1,1,0,0,1,0
1613,61233,10,LPTC (self-motion),0,not-CX,172.4,140.1,181.4,LHAV5a8,1,1,0,0,0,0
1614,61272,10,LPTC (self-motion),0,not-CX,193.8,226.7,178.4,LHAV2k5,1,1,0,0,0,0
1615,61294,10,LPTC (self-motion),0,not-CX,237.3,132.3,284.8,LHPV2c2,1,1,0,1,0,0
1616,61322,2,antennal,0,not-CX,519.7,222.6,127.7,WEDPN7B,1,0,1,0,1,0
1617,61341,2,antennal,0,not-CX,515.7,214.8,126.0,WEDPN7C,1,0,1,0,1,0
1618,61531,10,LPTC (self-motion),0,not-CX,249.5,170.8,138.7,LHAV7a7,1,1,0,1,0,0
1619,61536,2,antennal,0,not-CX,529.4,209.0,127.3,WEDPN17_c,1,0,1,0,1,0
1620,61540,10,LPTC (self-motion),0,not-CX,596.1,154.5,158.4,LHAV2b10,1,1,0,0,1,0
1621,61577,10,LPTC (self-motion),0,not-CX,596.2,151.9,186.8,LHAV2h1,1,1,0,0,1,0
1622,61588,10,LPTC (self-motion),0,not-CX,588.2,106.4,196.2,LHAV4e2_b1,1,1,0,0,1,0
1623,61648,10,LPTC (self-motion),0,not-CX,183.2,104.0,254.0,LHPV6f3_b,1,1,0,0,0,0
1624,61790,10,LPTC (self-motion),0,not-CX,441.8,92.4,245.6,LHPV11a1,1,1,0,1,1,0
1625,61894,10,LPTC (self-motion),0,not-CX,216.3,113.9,273.1,LHPV5a1,1,1,0,0,0,0
1626,61908,10,LPTC (self-motion),0,not-CX,180.5,181.6,211.1,LHAV3g1,1,1,0,0,0,0
1627,61929,10,LPTC (self-motion),0,not-CX,194.4,117.9,265.0,LHPV6d1,1,1,0,0,0,0
1628,61941,2,antennal,0,not-CX,315.9,277.9,103.0,DP1l_vPN,0,0,0,0,0,0
1629,61982,10,LPTC (self-motion),0,not-CX,170.7,119.9,195.4,LHAV4a4,1,1,0,0,0,0
1630,62054,10,LPTC (self-motion),0,not-CX,177.2,128.9,217.6,LHAV4b2,1,1,0,0,0,0
1631,62113,1,sensory,0,not-CX,0.0,0.0,0.0,ORN_D,0,0,0,0,0,1
1632,62177,10,LPTC (self-motion),0,not-CX,586.6,146.5,154.4,LHAV2b4,1,1,0,0,1,0
1633,62281,10,LPTC (self-motion),0,not-CX,584.7,129.0,243.0,LHPV3a2,1,1,0,0,1,0
1634,62286,0,unnamed,0,not-CX,511.7,193.6,118.9,M_lPNm11A,0,0,0,0,1,0
1635,62367,10,LPTC (self-motion),0,not-CX,580.8,116.6,201.7,LHAV4a7,1,1,0,0,1,0
1636,62476,10,LPTC (self-motion),0,not-CX,208.0,107.2,269.8,LHPV6a1,1,1,0,0,0,0
1637,62526,10,LPTC (self-motion),0,not-CX,596.7,151.7,181.5,LHAV2h1,1,1,0,0,1,0
1638,62555,0,unnamed,0,not-CX,254.8,207.8,113.9,lLN9,0,0,0,0,0,0
1639,62576,0,unnamed,0,not-CX,494.1,175.6,99.6,lLN14,0,0,0,0,1,0
1640,62740,10,LPTC (self-motion),0,not-CX,199.1,130.8,280.9,LHPV5h4,1,1,0,0,0,0
1641,62751,10,LPTC (self-motion),0,not-CX,183.9,97.3,241.4,LHPV6f1,1,1,0,0,0,0
1642,62763,10,LPTC (self-motion),0,not-CX,575.8,119.7,175.1,LHAV6a3,1,1,0,0,1,0
1643,62771,10,LPTC (self-motion),0,not-CX,187.0,125.9,277.2,LHPV4g1,1,1,0,0,0,0
1644,62794,10,LPTC (self-motion),0,not-CX,206.5,137.5,268.9,LHPV4d4,1,1,0,0,0,0
1645,62837,2,antennal,0,not-CX,473.3,280.4,108.5,M_vPNml76,0,0,0,0,1,0
1646,62841,2,antennal,0,not-CX,527.0,207.2,126.4,WEDPN17_c,1,0,1,0,1,0
1647,62868,0,unnamed,0,not-CX,0.0,0.0,0.0,JO-EV3,0,0,0,0,0,1
1648,62879,10,LPTC (self-motion),0,not-CX,604.1,96.0,191.0,LHAV4e2_b1,1,1,0,0,1,0
1649,62909,10,LPTC (self-motion),0,not-CX,579.6,109.4,175.0,LHAV6a3,1,1,0,0,1,0
1650,63046,2,antennal,0,not-CX,323.0,275.0,105.7,VL2p_vPN,0,0,0,0,0,0
1651,63078,10,LPTC (self-motion),0,not-CX,198.0,112.5,264.9,LHPV6a1,1,1,0,0,0,0
1652,63266,10,LPTC (self-motion),0,not-CX,590.2,150.5,158.8,LHAV2g3,1,1,0,0,1,0
1653,63336,2,antennal,0,not-CX,457.0,274.4,108.1,M_VPNml66,0,0,0,0,1,0
1654,63411,10,LPTC (self-motion),0,not-CX,558.5,242.3,185.1,LHAV1a4,1,1,0,0,1,0
1655,63424,10,LPTC (self-motion),0,not-CX,579.8,120.3,266.3,LHPV4c3,1,1,0,0,1,0
1656,63681,10,LPTC (self-motion),0,not-CX,596.7,149.2,176.0,LHAV2f2_a,1,1,0,0,1,0
1657,63722,10,LPTC (self-motion),0,not-CX,180.5,120.9,208.0,LHAV4a7,1,1,0,0,0,0
1658,63798,10,LPTC (self-motion),0,not-CX,479.4,179.5,296.1,LHPV7a2,1,1,0,1,1,0
1659,63861,10,LPTC (self-motion),0,not-CX,532.6,142.4,278.9,LHPV2c2,1,1,0,0,1,0
1660,63883,2,antennal,0,not-CX,429.6,156.1,90.2,M_adPNm8,0,0,0,0,1,0
1661,63954,10,LPTC (self-motion),0,not-CX,205.2,139.0,288.0,LHPV2b3,1,1,0,0,0,0
1662,63981,10,LPTC (self-motion),0,not-CX,224.9,131.7,273.6,LHPV4i1,1,1,0,0,0,0
1663,64003,10,LPTC (self-motion),0,not-CX,578.4,121.3,253.7,LHPV4a5,1,1,0,0,1,0
1664,64107,10,LPTC (self-motion),0,not-CX,510.7,171.8,118.9,LHAV9a1_a,1,1,0,0,1,0
1665,64117,10,LPTC (self-motion),0,not-CX,595.9,101.0,263.8,LHPV4a5,1,1,0,0,1,0
1666,64153,10,LPTC (self-motion),0,not-CX,202.2,142.2,277.6,LHPV2c1_a,1,1,0,0,0,0
1667,64230,10,LPTC (self-motion),0,not-CX,209.6,130.2,270.9,LHPV4a3,1,1,0,0,0,0
1668,64329,10,LPTC (self-motion),0,not-CX,176.0,123.6,188.2,LHAV4e7_b,1,1,0,0,0,0
1669,64400,10,LPTC (self-motion),0,not-CX,206.2,120.0,268.8,LHPV6h1_b,1,1,0,0,0,0
1670,64407,10,LPTC (self-motion),0,not-CX,190.7,158.0,177.4,LHAV6a3,1,1,0,0,0,0
1671,64489,10,LPTC (self-motion),0,not-CX,247.2,168.5,141.7,LHAV7a7,1,1,0,1,0,0
1672,64506,10,LPTC (self-motion),0,not-CX,176.6,134.5,183.2,LHAV5a2_b,1,1,0,0,0,0
1673,64512,10,LPTC (self-motion),0,not-CX,509.0,132.3,278.6,LHPV8c1,1,1,0,1,1,0
1674,64569,2,antennal,0,not-CX,476.3,287.0,114.2,CB1296_a,0,0,0,0,1,0
1675,64683,10,LPTC (self-motion),0,not-CX,230.4,154.6,282.7,LHPV2c4,1,1,0,0,0,0
1676,64795,10,LPTC (self-motion),0,not-CX,567.2,121.2,268.4,LHPV4b3,1,1,0,0,1,0
1677,64835,10,LPTC (self-motion),0,not-CX,193.7,122.9,278.4,LHPV5g2,1,1,0,0,0,0
1678,64891,10,LPTC (self-motion),0,not-CX,582.8,115.5,195.9,LHAV4e2_b1,1,1,0,0,1,0
1679,64908,10,LPTC (self-motion),0,not-CX,176.2,134.5,209.8,LHAV4g1,1,1,0,0,0,0
1680,65103,10,LPTC (self-motion),0,not-CX,594.3,149.2,158.3,LHAV2b1,1,1,0,0,1,0
1681,65179,2,antennal,0,not-CX,462.3,270.8,102.6,M_vPNml57,0,0,0,0,1,0
1682,65316,10,LPTC (self-motion),0,not-CX,219.5,136.0,276.6,LHPV5h2_b,1,1,0,0,0,0
1683,65365,10,LPTC (self-motion),0,not-CX,212.5,109.6,270.5,LHPV6a1,1,1,0,0,0,0
1684,65381,10,LPTC (self-motion),0,not-CX,219.7,132.8,272.4,LHPV4h1,1,1,0,0,0,0
1685,65426,1,sensory,0,not-CX,0.0,0.0,0.0,ORN_VM6v,0,0,0,0,0,1
1686,65604,10,LPTC (self-motion),0,not-CX,219.5,137.6,283.5,LHPV2c2,1,1,0,0,0,0
1687,65769,10,LPTC (self-motion),0,not-CX,583.0,160.4,190.5,LHAV2k10,1,1,0,0,1,0
1688,65860,10,LPTC (self-motion),0,not-CX,587.0,155.1,197.1,LHAV2a2,1,1,0,0,1,0
1689,65932,10,LPTC (self-motion),0,not-CX,593.0,152.0,156.4,LHAV2b1,1,1,0,0,1,0
1690,66076,10,LPTC (self-motion),0,not-CX,195.1,134.4,216.7,LHAV4d5,1,1,0,0,0,0
1691,66087,2,antennal,0,not-CX,315.0,279.2,110.5,CB2589,0,0,0,0,0,0
1692,66146,10,LPTC (self-motion),0,not-CX,186.7,156.2,177.3,LHAV6a3,1,1,0,0,0,0
1693,66206,10,LPTC (self-motion),0,not-CX,214.5,150.7,279.8,LHPV2b3,1,1,0,0,0,0
1694,66244,2,antennal,0,not-CX,468.3,273.4,112.5,M_vPNml87,0,0,0,0,1,0
1695,66249,10,LPTC (self-motion),0,not-CX,198.7,140.4,278.8,LHPV2c1_a,1,1,0,0,0,0
1696,66302,0,unnamed,0,not-CX,0.0,0.0,0.0,JO-EV6,0,0,0,0,0,1
1697,66371,2,antennal,0,not-CX,470.0,281.8,107.1,M_vPNml53,1,0,1,0,1,0
1698,66383,10,LPTC (self-motion),0,not-CX,199.1,153.9,185.2,LHAV6a4,1,1,0,0,0,0
1699,66543,10,LPTC (self-motion),0,not-CX,219.2,116.5,270.9,LHPV6a1,1,1,0,0,0,0
1700,66590,10,LPTC (self-motion),0,not-CX,191.4,187.5,206.2,LHAV2k10,1,1,0,0,0,0
1701,66670,2,antennal,0,not-CX,532.6,203.6,122.7,WEDPN17_c,1,0,1,0,1,0
1702,66676,10,LPTC (self-motion),0,not-CX,545.7,144.2,280.4,LHPV2e1_a,1,1,0,0,1,0
1703,66740,10,LPTC (self-motion),0,not-CX,588.4,124.0,246.7,LHPV3b1_b,1,1,0,0,1,0
1704,66877,10,LPTC (self-motion),0,not-CX,553.7,84.5,260.2,LHPV5b4,1,1,0,0,1,0
1705,66882,10,LPTC (self-motion),0,not-CX,263.4,95.8,265.9,LHPV5c1_a,1,1,0,1,0,0
1706,66883,10,LPTC (self-motion),0,not-CX,557.4,97.6,265.6,LHPV5g1_b,1,1,0,0,1,0
1707,66946,10,LPTC (self-motion),0,not-CX,550.4,73.4,253.6,LHPV6a1,1,1,0,0,1,0
1708,66969,10,LPTC (self-motion),0,not-CX,256.4,165.7,149.6,LHAV7a4,1,1,0,1,0,0
1709,66970,2,antennal,0,not-CX,506.2,265.6,138.9,VP1m+VP2_lvPN2,0,0,0,0,1,0
1710,67052,0,unnamed,0,not-CX,285.2,222.5,146.3,lLN2T_b,0,0,0,0,0,0
1711,67186,0,unnamed,0,not-CX,0.0,0.0,0.0,JO-EV6,0,0,0,0,0,1
1712,67214,10,LPTC (self-motion),0,not-CX,567.7,126.8,266.6,LHPV4c3,1,1,0,0,1,0
1713,67490,10,LPTC (self-motion),0,not-CX,175.5,138.4,193.1,LHAV5a2_a4,1,1,0,0,0,0
1714,67497,10,LPTC (self-motion),0,not-CX,562.7,130.4,277.5,LHPV2a4,1,1,0,0,1,0
1715,67747,2,antennal,0,not-CX,470.7,285.4,117.2,DL2d_vPN,0,0,0,0,1,0
1716,67799,10,LPTC (self-motion),0,not-CX,204.7,146.5,274.7,LHPV2a4,1,1,0,0,0,0
1717,67822,10,LPTC (self-motion),0,not-CX,512.6,173.8,116.1,LHAV9a1_a,1,1,0,0,1,0
1718,67886,2,antennal,0,not-CX,529.8,212.9,128.2,WEDPN7B,0,0,0,0,1,0
1719,67900,2,antennal,0,not-CX,299.3,281.9,104.3,DL2d_vPN,0,0,0,0,0,0
1720,68031,10,LPTC (self-motion),0,not-CX,190.4,125.4,278.8,LHPV4g1,1,1,0,0,0,0
1721,68114,1,sensory,0,not-CX,0.0,0.0,0.0,ORN_DP1m,0,0,0,0,0,1
1722,68165,10,LPTC (self-motion),0,not-CX,242.3,157.6,286.2,LHPV2c5,1,1,0,1,0,0
1723,68227,2,antennal,0,not-CX,313.9,273.4,103.7,DP1m_vPN,0,0,0,0,0,0
1724,68257,1,sensory,0,not-CX,0.0,0.0,0.0,ORN_VM6v,0,0,0,0,0,1
1725,68319,10,LPTC (self-motion),0,not-CX,178.5,115.9,265.3,LHPV4a5,1,1,0,0,0,0
1726,68352,10,LPTC (self-motion),0,not-CX,263.7,86.9,258.1,LHPV5c1,1,1,0,1,0,0
1727,68372,10,LPTC (self-motion),0,not-CX,582.5,125.7,193.8,LHAV4b1,1,1,0,0,1,0
1728,68606,2,antennal,0,not-CX,469.0,278.6,105.7,M_vPNml53,1,0,1,0,1,0
1729,68686,10,LPTC (self-motion),0,not-CX,177.8,142.3,211.1,LHAV4g6_a,1,1,0,0,0,0
1730,68692,10,LPTC (self-motion),0,not-CX,193.0,127.4,278.4,LHPV4g1,1,1,0,0,0,0
1731,68734,1,sensory,0,not-CX,0.0,0.0,0.0,ORN_DP1m,0,0,0,0,0,1
1732,68736,10,LPTC (self-motion),0,not-CX,600.2,119.6,187.2,LHAV4g7_b,1,1,0,0,1,0
1733,68806,10,LPTC (self-motion),0,not-CX,192.4,128.9,263.8,LHPV4h1,1,1,0,0,0,0
1734,68820,10,LPTC (self-motion),0,not-CX,179.1,138.1,194.7,LHAV5a6_b,1,1,0,0,0,0
1735,68850,0,unnamed,0,not-CX,0.0,0.0,0.0,lLN8,0,0,0,0,0,1
1736,68856,10,LPTC (self-motion),0,not-CX,213.0,128.3,270.8,LHPV4k1,1,1,0,0,0,0
1737,68869,2,antennal,0,not-CX,312.4,281.3,101.6,M_vPNml53,1,0,1,0,0,0
1738,68950,10,LPTC (self-motion),0,not-CX,211.0,121.5,274.2,LHPV5a2,1,1,0,0,0,0
1739,68973,10,LPTC (self-motion),0,not-CX,193.3,141.4,196.8,LHAV6c1,1,1,0,0,0,0
1740,68996,10,LPTC (self-motion),0,not-CX,180.8,107.1,256.1,LHPV6f5,1,1,0,0,0,0
1741,68997,10,LPTC (self-motion),0,not-CX,228.6,158.6,280.8,LHPV2a1_c,1,1,0,0,0,0
1742,69008,1,sensory,0,not-CX,0.0,0.0,0.0,ORN_DL2v,0,0,0,0,0,1
1743,69020,10,LPTC (self-motion),0,not-CX,192.7,149.9,209.7,LHAV4b1,1,1,0,0,0,0
1744,69058,10,LPTC (self-motion),0,not-CX,582.1,121.4,179.3,LHAV5a1,1,1,0,0,1,0
1745,69076,1,sensory,0,not-CX,0.0,0.0,0.0,ORN_D,0,0,0,0,0,1
1746,69089,10,LPTC (self-motion),0,not-CX,183.6,128.1,277.0,LHPV4g1,1,1,0,0,0,0
1747,69140,10,LPTC (self-motion),0,not-CX,185.9,141.7,283.6,LHPV2b2_a,1,1,0,0,0,0
1748,69369,10,LPTC (self-motion),0,not-CX,563.2,139.2,275.9,LHPV2a5,1,1,0,0,1,0
1749,69382,2,antennal,0,not-CX,466.3,282.1,107.1,M_vPNml88,0,0,0,0,1,0
1750,69520,10,LPTC (self-motion),0,not-CX,561.3,105.0,268.0,LHPV5d1,1,1,0,0,1,0
1751,69527,10,LPTC (self-motion),0,not-CX,178.2,150.7,194.5,LHAV5a2_a4,1,1,0,0,0,0
1752,69595,10,LPTC (self-motion),0,not-CX,576.0,114.4,254.2,LHPV6k1,1,1,0,0,1,0
1753,69606,1,sensory,0,not-CX,0.0,0.0,0.0,ORN_VM6v,0,0,0,0,0,1
1754,69639,10,LPTC (self-motion),0,not-CX,588.3,111.3,251.5,LHPV4a5,1,1,0,0,1,0
1755,69646,0,unnamed,0,not-CX,517.9,201.9,117.0,M_lPNm13,1,0,1,0,1,0
1756,69766,10,LPTC (self-motion),0,not-CX,562.5,101.7,267.1,LHPV5d1,1,1,0,0,1,0
1757,69806,10,LPTC (self-motion),0,not-CX,579.8,113.7,269.6,LHPV4c1_b,1,1,0,0,1,0
1758,69837,10,LPTC (self-motion),0,not-CX,559.9,136.2,279.3,LHPV2a1_a,1,1,0,0,1,0
1759,69845,1,sensory,0,not-CX,0.0,0.0,0.0,ORN_VA1v,0,0,0,0,0,1
1760,69862,2,antennal,0,not-CX,255.8,274.8,156.5,WEDPN17_a1,1,0,1,0,0,0
1761,69942,10,LPTC (self-motion),0,not-CX,571.1,124.0,267.2,LHPV4c1_a,1,1,0,0,1,0
1762,70052,2,antennal,0,not-CX,475.0,281.0,111.7,M_vPNml77,0,0,0,0,1,0
1763,70264,2,antennal,0,not-CX,272.2,136.0,125.6,WEDPN8B,1,0,1,1,0,0
1764,70401,10,LPTC (self-motion),0,not-CX,189.6,125.7,270.0,LHPV4i3,1,1,0,0,0,0
1765,70487,10,LPTC (self-motion),0,not-CX,200.8,158.3,171.4,LHAV6a7,1,1,0,0,0,0
1766,70684,2,antennal,0,not-CX,316.9,275.6,132.4,M_vPNml83,0,0,0,0,0,0
1767,70784,10,LPTC (self-motion),0,not-CX,171.8,113.8,215.1,LHAV4b2,1,1,0,0,0,0
1768,70788,10,LPTC (self-motion),0,not-CX,592.9,123.4,170.4,LHAV3e2,1,1,0,0,1,0
1769,70865,1,sensory,0,not-CX,0.0,0.0,0.0,ORN_VM6v,0,0,0,0,0,1
1770,71051,10,LPTC (self-motion),0,not-CX,221.3,103.5,267.6,LHPV6a1,1,1,0,0,0,0
1771,71106,10,LPTC (self-motion),0,not-CX,535.2,146.9,136.2,LHAV7a1_b,1,1,0,0,1,0
1772,71167,10,LPTC (self-motion),0,not-CX,185.6,97.7,238.6,LHPV6f1,1,1,0,0,0,0
1773,71270,10,LPTC (self-motion),0,not-CX,578.5,91.8,258.0,LHPV6f1,1,1,0,0,1,0
1774,71284,1,sensory,0,not-CX,0.0,0.0,0.0,ORN_VM6v,0,0,0,0,0,1
1775,71299,10,LPTC (self-motion),0,not-CX,170.2,116.5,212.2,LHAV4b2,1,1,0,0,0,0
1776,71352,0,unnamed,0,not-CX,0.0,0.0,0.0,JO-EV2,0,0,0,0,0,1
1777,71418,0,unnamed,0,not-CX,263.1,207.1,120.6,M_lPNm11A,0,0,0,0,0,0
1778,71476,2,antennal,0,not-CX,462.3,268.4,110.0,DM4_vPN,0,0,0,0,1,0
1779,71525,10,LPTC (self-motion),0,not-CX,223.2,110.0,269.0,LHPV6h2,1,1,0,0,0,0
1780,71719,2,antennal,0,not-CX,313.1,278.0,100.0,M_vPNml53,0,0,0,0,0,0
1781,71764,1,sensory,0,not-CX,0.0,0.0,0.0,ORN_DP1l,0,0,0,0,0,1
1782,71830,10,LPTC (self-motion),0,not-CX,250.5,167.5,143.4,LHAV7a4,1,1,0,1,0,0
1783,71862,2,antennal,0,not-CX,310.6,275.2,98.9,M_vPNml84,0,0,0,0,0,0
1784,71900,10,LPTC (self-motion),0,not-CX,557.9,139.7,272.4,LHPV2b3,1,1,0,0,1,0
1785,71912,2,antennal,0,not-CX,274.4,155.0,111.4,WEDPN8C,1,0,1,1,0,0
1786,71925,1,sensory,0,not-CX,0.0,0.0,0.0,ORN_DP1m,0,0,0,0,0,1
1787,72102,10,LPTC (self-motion),0,not-CX,175.9,114.8,198.6,LHAV4a5,1,1,0,0,0,0
1788,72149,10,LPTC (self-motion),0,not-CX,210.9,120.1,277.1,LHPV5m1,1,1,0,0,0,0
1789,72151,10,LPTC (self-motion),0,not-CX,592.7,114.8,167.7,LHAV5a1,1,1,0,0,1,0
1790,72153,10,LPTC (self-motion),0,not-CX,249.0,164.4,144.0,LHAV7a1_a,1,1,0,1,0,0
1791,72267,10,LPTC (self-motion),0,not-CX,575.1,84.2,254.7,LHPV6h1,1,1,0,0,1,0
1792,72405,2,antennal,0,not-CX,313.4,287.1,121.1,DM3_vPN,0,0,0,0,0,0
1793,72540,10,LPTC (self-motion),0,not-CX,577.3,119.8,270.5,LHPV4b4,1,1,0,0,1,0
1794,72572,0,unnamed,0,not-CX,511.1,209.9,107.4,M_lPNm13,1,0,1,0,1,0
1795,72623,10,LPTC (self-motion),0,not-CX,173.9,132.6,185.0,LHAV5a2_a4,1,1,0,0,0,0
1796,72652,10,LPTC (self-motion),0,not-CX,199.8,118.2,270.3,LHPV5d1,1,1,0,0,0,0
1797,72708,1,sensory,0,not-CX,0.0,0.0,0.0,ORN_DL2v,0,0,0,0,0,1
1798,72743,10,LPTC (self-motion),0,not-CX,562.1,84.6,257.5,LHPV6h2,1,1,0,0,1,0
1799,73005,0,unnamed,0,not-CX,0.0,0.0,0.0,JO-EV3,0,0,0,0,0,1
1800,73011,10,LPTC (self-motion),0,not-CX,206.0,125.8,278.7,LHPV5h4,1,1,0,0,0,0
1801,73020,10,LPTC (self-motion),0,not-CX,177.2,148.8,178.8,LHAV5a2_a2,1,1,0,0,0,0
1802,73090,2,antennal,0,not-CX,513.6,138.7,128.6,WEDPN8C,1,0,1,1,1,0
1803,73279,10,LPTC (self-motion),0,not-CX,197.8,126.6,273.0,LHPV4g2,1,1,0,0,0,0
1804,73426,10,LPTC (self-motion),0,not-CX,557.6,138.8,280.9,LHPV2a4,1,1,0,0,1,0
1805,73491,10,LPTC (self-motion),0,not-CX,181.7,117.9,216.5,LHAV4d4,1,1,0,0,0,0
1806,73492,2,antennal,0,not-CX,304.2,284.1,115.8,DM4_vPN,0,0,0,0,0,0
1807,73504,10,LPTC (self-motion),0,not-CX,178.2,129.5,266.2,LHPV4a5,1,1,0,0,0,0
1808,73747,1,sensory,0,not-CX,0.0,0.0,0.0,ORN_VM6v,0,0,0,0,0,1
1809,73801,10,LPTC (self-motion),0,not-CX,546.3,117.8,272.0,LHPV5g2,1,1,0,0,1,0
1810,73863,2,antennal,0,not-CX,471.8,278.3,110.7,CB1296_a,0,0,0,0,1,0
1811,73927,10,LPTC (self-motion),0,not-CX,556.4,268.0,186.7,LHAV1b1,1,1,0,0,1,0
1812,74081,10,LPTC (self-motion),0,not-CX,177.9,135.0,192.1,LHAV5a2_a1,1,1,0,0,0,0
1813,74359,10,LPTC (self-motion),0,not-CX,205.1,126.8,274.4,LHPV4g2,1,1,0,0,0,0
1814,74384,0,unnamed,0,not-CX,0.0,0.0,0.0,JO-EV1,0,0,0,0,0,1
1815,74711,10,LPTC (self-motion),0,not-CX,590.6,100.7,259.1,LHPV4i3,1,1,0,0,1,0
1816,74785,10,LPTC (self-motion),0,not-CX,526.3,162.1,290.0,LHPV2b1,1,1,0,0,1,0
1817,74912,10,LPTC (self-motion),0,not-CX,178.3,104.5,256.7,LHPV4a7,1,1,0,0,0,0
1818,74954,10,LPTC (self-motion),0,not-CX,194.4,114.2,264.4,LHPV6h3,SLP276,1,1,0,0,0,0
1819,74977,2,antennal,0,not-CX,458.7,276.1,105.7,M_vPNml84,0,0,0,0,1,0
1820,75242,10,LPTC (self-motion),0,not-CX,543.6,157.9,279.9,LHPV2b3,1,1,0,0,1,0
1821,75278,1,sensory,0,not-CX,0.0,0.0,0.0,ORN_VA1v,0,0,0,0,0,1
1822,75302,10,LPTC (self-motion),0,not-CX,584.8,144.5,193.6,LHAV3n1,1,1,0,0,1,0
1823,75409,10,LPTC (self-motion),0,not-CX,194.3,164.3,171.6,LHAV6a5,1,1,0,0,0,0
1824,75421,1,sensory,0,not-CX,0.0,0.0,0.0,ORN_VA2,0,0,0,0,0,1
1825,75570,10,LPTC (self-motion),0,not-CX,255.6,172.4,144.2,LHAV7a4,1,1,0,1,0,0
1826,75621,2,antennal,0,not-CX,310.3,270.8,103.7,M_vPNml57,0,0,0,0,0,0
1827,75721,1,sensory,0,not-CX,0.0,0.0,0.0,ORN_DL2d,0,0,0,0,0,1
1828,75787,10,LPTC (self-motion),0,not-CX,201.4,130.9,276.4,LHPV4c1_b,1,1,0,0,0,0
1829,75897,2,antennal,0,not-CX,450.9,251.9,90.3,VP2+_adPN,1,0,1,0,1,0
1830,75932,1,sensory,0,not-CX,0.0,0.0,0.0,ORN_VM6v,0,0,0,0,0,1
1831,75950,1,sensory,0,not-CX,0.0,0.0,0.0,ORN_VA1v,0,0,0,0,0,1
1832,75970,0,unnamed,0,not-CX,0.0,0.0,0.0,JO-EV3,0,0,0,0,0,1
1833,76047,10,LPTC (self-motion),0,not-CX,229.7,80.9,266.5,LHPV5b3,1,1,0,0,0,0
1834,76087,1,sensory,0,not-CX,0.0,0.0,0.0,ORN_DP1l,0,0,0,0,0,1
1835,76172,2,antennal,0,not-CX,312.8,296.5,112.8,M_vPNml53,0,0,0,0,0,0
1836,76394,10,LPTC (self-motion),0,not-CX,202.4,134.3,277.3,LHPV4b2,1,1,0,0,0,0
1837,76425,10,LPTC (self-motion),0,not-CX,578.7,116.0,264.2,LHPV4a5,1,1,0,0,1,0
1838,76504,1,sensory,0,not-CX,0.0,0.0,0.0,ORN_DC1,0,0,0,0,0,1
1839,76634,10,LPTC (self-motion),0,not-CX,213.4,152.5,273.9,LHPV2b3,1,1,0,0,0,0
1840,76635,10,LPTC (self-motion),0,not-CX,525.3,169.6,122.8,LHAV9a1_b,1,1,0,0,1,0
1841,76738,2,antennal,0,not-CX,319.6,269.5,119.3,DL2d_vPN,0,0,0,0,0,0
1842,76878,10,LPTC (self-motion),0,not-CX,179.7,133.5,206.8,LHAV4g4_b,1,1,0,0,0,0
1843,77094,10,LPTC (self-motion),0,not-CX,602.4,112.2,184.3,LHAV4b2,1,1,0,0,1,0
1844,77122,10,LPTC (self-motion),0,not-CX,583.0,108.7,182.8,LHAV5a2_a1,1,1,0,0,1,0
1845,77185,0,unnamed,0,not-CX,0.0,0.0,0.0,JO-EV3,0,0,0,0,0,1
1846,77273,0,unnamed,0,not-CX,0.0,0.0,0.0,JO-EV3,0,0,0,0,0,1
1847,77370,0,unnamed,0,not-CX,0.0,0.0,0.0,JO-EV2,0,0,0,0,0,1
1848,77380,0,unnamed,0,not-CX,514.3,205.4,116.9,M_lPNm11A,0,0,0,0,1,0
1849,77438,2,antennal,0,not-CX,459.8,272.5,106.0,M_vPNml80,0,0,0,0,1,0
1850,77609,2,antennal,0,not-CX,324.4,278.0,109.6,CB3447,0,0,0,0,0,0
1851,77710,2,antennal,0,not-CX,453.9,271.6,107.3,DC4_vPN,0,0,0,0,1,0
1852,77841,10,LPTC (self-motion),0,not-CX,173.8,140.3,191.1,LHAV5a2_d,1,1,0,0,0,0
1853,77963,10,LPTC (self-motion),0,not-CX,178.1,145.4,192.5,LHAV5a2_a3,1,1,0,0,0,0
1854,77969,0,unnamed,0,not-CX,0.0,0.0,0.0,JO-EV1,0,0,0,0,0,1
1855,78143,2,antennal,0,not-CX,310.8,293.1,117.6,M_vPNml60,0,0,0,0,0,0
1856,78392,2,antennal,0,not-CX,210.3,144.1,288.9,WEDPN6B,1,0,1,0,0,0
1857,78460,2,antennal,0,not-CX,460.6,279.1,104.1,M_vPNml87,0,0,0,0,1,0
1858,78542,10,LPTC (self-motion),0,not-CX,201.2,144.9,275.6,LHPV2b1,1,1,0,0,0,0
1859,78573,2,antennal,0,not-CX,517.0,233.5,125.4,WEDPN16_d,0,0,0,0,1,0
1860,78574,10,LPTC (self-motion),0,not-CX,176.3,140.5,188.8,LHAV5a2_a3,1,1,0,0,0,0
1861,78583,10,LPTC (self-motion),0,not-CX,600.8,122.4,185.2,LHAV4g7_a,1,1,0,0,1,0
1862,78782,10,LPTC (self-motion),0,not-CX,212.1,131.9,282.1,LHPV5m1,1,1,0,0,0,0
1863,78929,1,sensory,0,not-CX,0.0,0.0,0.0,ORN_DC1,0,0,0,0,0,1
1864,78991,10,LPTC (self-motion),0,not-CX,577.6,117.4,161.7,LHAV6a7,1,1,0,0,1,0
1865,79193,10,LPTC (self-motion),0,not-CX,222.5,148.7,285.9,LHPV2a4,1,1,0,0,0,0
1866,79237,0,unnamed,0,not-CX,0.0,0.0,0.0,JO-EV1,0,0,0,0,0,1
1867,79317,2,antennal,0,not-CX,465.7,277.4,108.2,CB1296_a,0,0,0,0,1,0
1868,79370,2,antennal,0,not-CX,458.2,271.9,101.0,M_vPNml53,0,0,0,0,1,0
1869,79513,0,unnamed,0,not-CX,0.0,0.0,0.0,JO-EV3,0,0,0,0,0,1
1870,79541,10,LPTC (self-motion),0,not-CX,192.4,121.7,265.1,LHPV5a1,1,1,0,0,0,0
1871,79645,2,antennal,0,not-CX,320.5,281.3,115.0,M_vPNml87,0,0,0,0,0,0
1872,79944,10,LPTC (self-motion),0,not-CX,585.4,145.7,157.9,LHAV2b1,1,1,0,0,1,0
1873,79973,2,antennal,0,not-CX,312.3,287.9,104.1,CB1296_a,0,0,0,0,0,0
1874,80051,10,LPTC (self-motion),0,not-CX,591.4,110.6,177.4,LHAV4g6_a,1,1,0,0,1,0
1875,80066,2,antennal,0,not-CX,490.8,139.9,129.2,WEDPN8C,1,0,1,1,1,0
1876,80118,10,LPTC (self-motion),0,not-CX,570.8,123.3,263.5,LHPV4i3,1,1,0,0,1,0
1877,80438,10,LPTC (self-motion),0,not-CX,191.9,149.5,196.0,LHAV6c1,1,1,0,0,0,0
1878,80492,0,unnamed,0,not-CX,0.0,0.0,0.0,JO-EV1,0,0,0,0,0,1
1879,80679,1,sensory,0,not-CX,0.0,0.0,0.0,ORN_VC1,0,0,0,0,0,1
1880,80841,1,sensory,0,not-CX,0.0,0.0,0.0,ORN_DM2,0,0,0,0,0,1
1881,80954,2,antennal,0,not-CX,454.3,271.0,99.9,CB2589,0,0,0,0,1,0
1882,81362,10,LPTC (self-motion),0,not-CX,221.2,127.8,272.6,LHPV5a3,1,1,0,0,0,0
1883,81376,0,unnamed,0,not-CX,0.0,0.0,0.0,JO-EV1,0,0,0,0,0,1
1884,81505,1,sensory,0,not-CX,0.0,0.0,0.0,ORN_DP1l,0,0,0,0,0,1
1885,81542,10,LPTC (self-motion),0,not-CX,168.7,139.5,183.2,LHAV5a2_a3,1,1,0,0,0,0
1886,81565,10,LPTC (self-motion),0,not-CX,587.5,124.3,173.4,LHAV5b1,1,1,0,0,1,0
1887,81709,10,LPTC (self-motion),0,not-CX,240.6,166.4,143.1,LHAV7a1,1,1,0,1,0,0
1888,81783,2,antennal,0,not-CX,480.0,281.2,115.4,M_vPNml53,0,0,0,0,1,0
1889,81821,10,LPTC (self-motion),0,not-CX,583.0,156.1,197.6,LHAV2a2,1,1,0,0,1,0
1890,81886,1,sensory,0,not-CX,0.0,0.0,0.0,ORN_VM5v,0,0,0,0,0,1
1891,81929,1,sensory,0,not-CX,0.0,0.0,0.0,ORN_DL2v,0,0,0,0,0,1
1892,81952,10,LPTC (self-motion),0,not-CX,581.5,157.7,194.4,LHAV2e4_b,1,1,0,0,1,0
1893,82020,2,antennal,0,not-CX,510.7,218.3,129.6,WEDPN18,0,0,0,0,1,0
1894,82191,10,LPTC (self-motion),0,not-CX,587.1,83.8,240.7,LHPV5h2_b,1,1,0,0,1,0
1895,82238,10,LPTC (self-motion),0,not-CX,205.8,143.7,281.0,LHPV2b1,1,1,0,0,0,0
1896,82328,1,sensory,0,not-CX,0.0,0.0,0.0,ORN_DP1m,0,0,0,0,0,1
1897,82451,10,LPTC (self-motion),0,not-CX,587.7,92.8,241.2,LHPV5j1,1,1,0,0,1,0
1898,82571,10,LPTC (self-motion),0,not-CX,593.4,97.4,201.1,LHAV4e4,1,1,0,0,1,0
1899,82654,10,LPTC (self-motion),0,not-CX,589.4,115.1,166.1,LHAV5a6_a,1,1,0,0,1,0
1900,82712,2,antennal,0,not-CX,275.5,146.9,134.4,WEDPN14,1,0,1,1,0,0
1901,82739,10,LPTC (self-motion),0,not-CX,586.2,115.6,180.3,LHAV5a2_a2,1,1,0,0,1,0
1902,82811,1,sensory,0,not-CX,0.0,0.0,0.0,ORN_VA1v,0,0,0,0,0,1
1903,82960,10,LPTC (self-motion),0,not-CX,581.9,119.9,214.2,LHAV4d4,1,1,0,0,1,0
1904,82980,2,antennal,0,not-CX,474.5,287.1,118.2,M_vPNml54,0,0,0,0,1,0
1905,83002,10,LPTC (self-motion),0,not-CX,177.2,131.2,184.3,LHAV5a4_c,1,1,0,0,0,0
1906,83164,10,LPTC (self-motion),0,not-CX,202.2,123.7,273.7,LHPV4c3,1,1,0,0,0,0
1907,83192,2,antennal,0,not-CX,316.6,291.6,120.7,M_vPNml83,0,0,0,0,0,0
1908,83289,2,antennal,0,not-CX,320.8,282.7,111.4,M_VPNml66,0,0,0,0,0,0
1909,83299,10,LPTC (self-motion),0,not-CX,229.3,113.1,272.1,LHPV5a3,1,1,0,0,0,0
1910,83381,10,LPTC (self-motion),0,not-CX,192.6,132.0,218.2,LHAV4d5,1,1,0,0,0,0
1911,83514,10,LPTC (self-motion),0,not-CX,542.5,149.5,126.6,LHAV7b1,1,1,0,0,1,0
1912,83872,10,LPTC (self-motion),0,not-CX,588.7,93.9,251.6,LHPV6i1_a,1,1,0,0,1,0
1913,83886,10,LPTC (self-motion),0,not-CX,180.9,124.1,213.0,LHAV4d1,1,1,0,0,0,0
1914,84205,1,sensory,0,not-CX,0.0,0.0,0.0,ORN_VA1v,0,0,0,0,0,1
1915,84367,1,sensory,0,not-CX,0.0,0.0,0.0,ORN_DP1l,0,0,0,0,0,1
1916,84636,2,antennal,0,not-CX,468.6,284.7,108.4,CB2589,0,0,0,0,1,0
1917,84701,2,antennal,0,not-CX,309.0,281.5,109.4,CB1296_a,0,0,0,0,0,0
1918,85085,10,LPTC (self-motion),0,not-CX,549.9,89.8,257.5,LHPV6d1,1,1,0,0,1,0
1919,85150,10,LPTC (self-motion),0,not-CX,534.7,164.1,123.3,LHAV7b1,1,1,0,0,1,0
1920,85186,1,sensory,0,not-CX,0.0,0.0,0.0,ORN_DL2v,0,0,0,0,0,1
1921,85357,10,LPTC (self-motion),0,not-CX,583.3,112.5,167.5,LHAV6a5,1,1,0,0,1,0
1922,85408,10,LPTC (self-motion),0,not-CX,515.8,173.1,112.2,LHAV9a1_b,1,1,0,0,1,0
1923,85989,10,LPTC (self-motion),0,not-CX,236.5,81.9,263.0,LHPV5b2,1,1,0,0,0,0
1924,85994,1,sensory,0,not-CX,0.0,0.0,0.0,ORN_DP1l,0,0,0,0,0,1
1925,86031,1,sensory,0,not-CX,0.0,0.0,0.0,ORN_VA1v,0,0,0,0,0,1
1926,86133,0,unnamed,0,not-CX,0.0,0.0,0.0,JO-EV3,0,0,0,0,0,1
1927,86281,0,unnamed,0,not-CX,0.0,0.0,0.0,JO-EV5,0,0,0,0,0,1
1928,86427,10,LPTC (self-motion),0,not-CX,196.7,114.6,271.9,LHPV5g1_b,1,1,0,0,0,0
1929,86506,1,sensory,0,not-CX,0.0,0.0,0.0,ORN_DL2v,0,0,0,0,0,1
1930,86535,10,LPTC (self-motion),0,not-CX,176.2,140.6,180.1,LHAV5a2_a2,1,1,0,0,0,0
1931,86575,10,LPTC (self-motion),0,not-CX,581.0,142.6,206.3,LHAV3b2_a,1,1,0,0,1,0
1932,86577,10,LPTC (self-motion),0,not-CX,576.3,153.0,160.7,LHAV2c1,1,1,0,0,1,0
1933,86602,1,sensory,0,not-CX,0.0,0.0,0.0,ORN_VA1v,0,0,0,0,0,1
1934,86773,10,LPTC (self-motion),0,not-CX,224.5,83.9,261.7,LHPV5b2,1,1,0,0,0,0
1935,87115,10,LPTC (self-motion),0,not-CX,529.6,159.9,290.5,LHPV2b1,1,1,0,0,1,0
1936,87325,1,sensory,0,not-CX,0.0,0.0,0.0,ORN_VA1v,0,0,0,0,0,1
1937,87584,10,LPTC (self-motion),0,not-CX,192.7,134.8,213.3,LHAV4d4,1,1,0,0,0,0
1938,87594,0,unnamed,0,not-CX,0.0,0.0,0.0,JO-EV1,0,0,0,0,0,1
1939,87761,10,LPTC (self-motion),0,not-CX,173.2,139.2,187.9,LHAV5a2_a3,1,1,0,0,0,0
1940,87802,10,LPTC (self-motion),0,not-CX,243.2,178.1,139.9,LHAV7a4,1,1,0,1,0,0
1941,87929,2,antennal,0,not-CX,273.3,151.5,116.6,WEDPN8C,1,0,1,1,0,0
1942,87958,10,LPTC (self-motion),0,not-CX,211.8,148.3,277.1,LHPV2b3,1,1,0,0,0,0
1943,87970,2,antennal,0,not-CX,405.1,155.0,95.8,M_adPNm5,0,0,0,0,1,0
1944,87979,10,LPTC (self-motion),0,not-CX,579.6,149.2,170.0,LHAV2c1,1,1,0,0,1,0
1945,87987,1,sensory,0,not-CX,0.0,0.0,0.0,ORN_VA1v,0,0,0,0,0,1
1946,88008,10,LPTC (self-motion),0,not-CX,218.6,86.5,263.6,LHPV5b3,1,1,0,0,0,0
1947,88058,10,LPTC (self-motion),0,not-CX,610.3,114.6,184.2,LHAV4b2,1,1,0,0,1,0
1948,88262,2,antennal,0,not-CX,303.4,279.2,104.3,M_vPNml69,0,0,0,0,0,0
1949,88479,0,unnamed,0,not-CX,266.3,206.1,110.1,lLN12A,0,0,0,0,0,0
1950,88559,10,LPTC (self-motion),0,not-CX,566.6,125.7,277.8,LHPV2b3,1,1,0,0,1,0
1951,88912,10,LPTC (self-motion),0,not-CX,588.8,103.0,227.7,LHPV2i2_b,1,1,0,0,1,0
1952,88924,2,antennal,0,not-CX,316.3,280.0,114.3,M_vPNml87,0,0,0,0,0,0
1953,88995,10,LPTC (self-motion),0,not-CX,522.4,170.8,282.3,LHPV2c5,1,1,0,1,1,0
1954,89010,10,LPTC (self-motion),0,not-CX,180.2,166.8,204.2,LHAV3b1,1,1,0,0,0,0
1955,89017,0,unnamed,0,not-CX,0.0,0.0,0.0,JO-EV2,0,0,0,0,0,1
1956,89039,1,sensory,0,not-CX,0.0,0.0,0.0,ORN_DA1,0,0,0,0,0,1
1957,89060,1,sensory,0,not-CX,0.0,0.0,0.0,ORN_DA4l,0,0,0,0,0,1
1958,89103,0,unnamed,0,not-CX,0.0,0.0,0.0,JO-EV1,0,0,0,0,0,1
1959,89209,10,LPTC (self-motion),0,not-CX,565.5,93.3,259.4,LHPV6h1,1,1,0,0,1,0
1960,89229,10,LPTC (self-motion),0,not-CX,539.8,152.4,136.8,LHAV7a3,1,1,0,0,1,0
1961,89250,10,LPTC (self-motion),0,not-CX,192.9,138.9,212.5,LHAV4d5,1,1,0,0,0,0
1962,89274,10,LPTC (self-motion),0,not-CX,570.8,121.3,159.3,LHAV6a1,1,1,0,0,1,0
1963,89484,1,sensory,0,not-CX,0.0,0.0,0.0,ORN_D,0,0,0,0,0,1
1964,89594,10,LPTC (self-motion),0,not-CX,577.3,120.9,263.9,LHPV4d10,1,1,0,0,1,0
1965,89758,2,antennal,0,not-CX,320.1,277.6,125.8,M_vPNml83,0,0,0,0,0,0
1966,89818,1,sensory,0,not-CX,0.0,0.0,0.0,ORN_D,0,0,0,0,0,1
1967,89840,1,sensory,0,not-CX,0.0,0.0,0.0,ORN_VA1v,0,0,0,0,0,1
1968,89871,2,antennal,0,not-CX,409.2,151.4,91.5,M_adPNm5,0,0,0,0,1,0
1969,89908,10,LPTC (self-motion),0,not-CX,223.6,86.9,265.2,LHPV5b1,1,1,0,0,0,0
1970,89970,10,LPTC (self-motion),0,not-CX,596.8,92.4,197.9,LHAV4e2_b2,1,1,0,0,1,0
1971,90080,1,sensory,0,not-CX,0.0,0.0,0.0,ORN_D,0,0,0,0,0,1
1972,90299,10,LPTC (self-motion),0,not-CX,562.6,126.2,258.7,LHPV4d4,1,1,0,0,1,0
1973,90364,0,unnamed,0,not-CX,500.5,179.5,101.1,lLN13,0,0,0,0,1,0
1974,90388,1,sensory,0,not-CX,0.0,0.0,0.0,ORN_DL2d,0,0,0,0,0,1
1975,90391,10,LPTC (self-motion),0,not-CX,573.9,104.8,258.1,LHPV6a1,1,1,0,0,1,0
1976,90476,10,LPTC (self-motion),0,not-CX,199.4,143.5,272.8,LHPV2b3,1,1,0,0,0,0
1977,90549,2,antennal,0,not-CX,468.2,272.8,107.3,M_vPNml68,0,0,0,0,1,0
1978,90580,1,sensory,0,not-CX,0.0,0.0,0.0,ORN_VA1v,0,0,0,0,0,1
1979,90648,10,LPTC (self-motion),0,not-CX,598.0,118.9,175.0,LHAV5a2_a3,1,1,0,0,1,0
1980,90983,1,sensory,0,not-CX,0.0,0.0,0.0,ORN_DC1,0,0,0,0,0,1
1981,91027,2,antennal,0,not-CX,365.5,162.9,112.0,M_adPNm5,0,0,0,0,0,0
1982,91116,10,LPTC (self-motion),0,not-CX,189.5,145.2,199.6,LHAV6c1,1,1,0,0,0,0
1983,91123,10,LPTC (self-motion),0,not-CX,220.5,154.3,278.3,LHPV2b2_a,1,1,0,0,0,0
1984,91231,1,sensory,0,not-CX,0.0,0.0,0.0,ORN_DP1l,0,0,0,0,0,1
1985,91359,10,LPTC (self-motion),0,not-CX,538.1,155.7,137.0,LHAV7a7,1,1,0,0,1,0
1986,91417,1,sensory,0,not-CX,0.0,0.0,0.0,ORN_DL2v,0,0,0,0,0,1
1987,91461,1,sensory,0,not-CX,0.0,0.0,0.0,ORN_VC5,0,0,0,0,0,1
1988,91471,10,LPTC (self-motion),0,not-CX,170.3,145.6,180.2,LHAV5a2_a1,1,1,0,0,0,0
1989,91730,1,sensory,0,not-CX,0.0,0.0,0.0,ORN_DA4m,0,0,0,0,0,1
1990,91799,2,antennal,0,not-CX,359.2,155.8,105.6,M_adPNm8,0,0,0,0,0,0
1991,92035,0,unnamed,0,not-CX,0.0,0.0,0.0,JO-EV3,0,0,0,0,0,1
1992,92226,1,sensory,0,not-CX,0.0,0.0,0.0,ORN_DC2,0,0,0,0,0,1
1993,92261,1,sensory,0,not-CX,0.0,0.0,0.0,ORN_VA1v,0,0,0,0,0,1
1994,92594,10,LPTC (self-motion),0,not-CX,584.6,125.2,195.8,LHAV4b1,1,1,0,0,1,0
1995,92739,2,antennal,0,not-CX,447.6,166.1,88.2,M_adPNm5,0,0,0,0,1,0
1996,92866,10,LPTC (self-motion),0,not-CX,569.6,118.8,267.8,LHPV4b1,1,1,0,0,1,0
1997,92909,2,antennal,0,not-CX,310.0,275.5,106.8,M_vPNml67,0,0,0,0,0,0
1998,92951,10,LPTC (self-motion),0,not-CX,595.6,151.2,160.8,LHAV2g6,1,1,0,0,1,0
1999,93026,10,LPTC (self-motion),0,not-CX,591.2,103.1,184.1,LHAV5a2_a4,1,1,0,0,1,0
2000,93165,0,unnamed,0,not-CX,0.0,0.0,0.0,JO-EV3,0,0,0,0,0,1
2001,93267,10,LPTC (self-motion),0,not-CX,215.8,100.3,269.5,LHPV5b3,1,1,0,0,0,0
2002,93293,10,LPTC (self-motion),0,not-CX,591.6,133.4,185.0,LHAV3a1_b,1,1,0,0,1,0
2003,93298,1,sensory,0,not-CX,0.0,0.0,0.0,ORN_DP1l,0,0,0,0,0,1
2004,93383,0,unnamed,0,not-CX,0.0,0.0,0.0,JO-EV2,0,0,0,0,0,1
2005,93405,1,sensory,0,not-CX,0.0,0.0,0.0,ORN_DP1l,0,0,0,0,0,1
2006,93416,1,sensory,0,not-CX,0.0,0.0,0.0,ORN_VM6v,0,0,0,0,0,1
2007,93584,2,antennal,0,not-CX,505.0,210.3,135.2,WEDPN7A,1,0,1,1,1,0
2008,93854,10,LPTC (self-motion),0,not-CX,558.9,138.3,264.4,LHPV2b3,1,1,0,0,1,0
2009,94043,10,LPTC (self-motion),0,not-CX,217.3,156.4,276.6,LHPV2b2_a,1,1,0,0,0,0
2010,94119,2,antennal,0,not-CX,308.4,281.0,102.8,M_vPNml54,0,0,0,0,0,0
2011,94129,1,sensory,0,not-CX,0.0,0.0,0.0,ORN_VA1v,0,0,0,0,0,1
2012,94134,1,sensory,0,not-CX,0.0,0.0,0.0,ORN_DA1,0,0,0,0,0,1
2013,94259,10,LPTC (self-motion),0,not-CX,206.5,101.6,265.7,LHPV6f1,1,1,0,0,0,0
2014,94457,1,sensory,0,not-CX,0.0,0.0,0.0,ORN_D,0,0,0,0,0,1
2015,94467,10,LPTC (self-motion),0,not-CX,187.4,101.1,253.2,LHPV6f1,1,1,0,0,0,0
2016,94577,10,LPTC (self-motion),0,not-CX,178.5,98.3,239.9,LHPV6a9_b,1,1,0,0,0,0
2017,94617,0,unnamed,0,not-CX,245.7,204.2,119.3,lLN13,0,0,0,0,0,0
2018,94701,10,LPTC (self-motion),0,not-CX,213.0,116.9,276.8,LHPV5h4,1,1,0,0,0,0
2019,94705,10,LPTC (self-motion),0,not-CX,585.6,151.7,167.6,LHAV2c1,1,1,0,0,1,0
2020,94723,0,unnamed,0,not-CX,0.0,0.0,0.0,JO-EV6,0,0,0,0,0,1
2021,94752,10,LPTC (self-motion),0,not-CX,186.3,106.0,246.6,LHPV6h3,SLP276,1,1,0,0,0,0
2022,95144,0,unnamed,0,not-CX,0.0,0.0,0.0,JO-EV3,0,0,0,0,0,1
2023,95196,1,sensory,0,not-CX,0.0,0.0,0.0,ORN_DP1m,0,0,0,0,0,1
2024,95249,10,LPTC (self-motion),0,not-CX,243.4,168.5,142.4,LHAV7a5,1,1,0,1,0,0
2025,95269,10,LPTC (self-motion),0,not-CX,192.8,92.4,247.7,LHPV6f1,1,1,0,0,0,0
2026,95369,2,antennal,0,not-CX,316.7,281.9,101.7,M_vPNml69,0,0,0,0,0,0
2027,95371,10,LPTC (self-motion),0,not-CX,588.5,97.4,250.1,LHPV6f5,1,1,0,0,1,0
2028,95547,1,sensory,0,not-CX,0.0,0.0,0.0,ORN_DA1,0,0,0,0,0,1
2029,95638,10,LPTC (self-motion),0,not-CX,203.0,145.3,271.4,LHPV2b1,1,1,0,0,0,0
2030,95665,2,antennal,0,not-CX,452.6,267.8,107.7,M_vPNml72,0,0,0,0,1,0
2031,95674,10,LPTC (self-motion),0,not-CX,578.7,109.8,256.9,LHPV6f1,1,1,0,0,1,0
2032,95720,2,antennal,0,not-CX,364.8,161.0,108.5,M_adPNm5,0,0,0,0,0,0
2033,95835,2,antennal,0,not-CX,320.9,278.5,105.3,M_vPNml75,0,0,0,0,0,0
2034,95886,10,LPTC (self-motion),0,not-CX,568.5,103.4,268.2,LHPV5g1_a,1,1,0,0,1,0
2035,95994,0,unnamed,0,not-CX,0.0,0.0,0.0,JO-EV3,0,0,0,0,0,1
2036,96216,1,sensory,0,not-CX,0.0,0.0,0.0,ORN_VA6,0,0,0,0,0,1
2037,96311,1,sensory,0,not-CX,0.0,0.0,0.0,ORN_D,0,0,0,0,0,1
2038,96418,0,unnamed,0,not-CX,0.0,0.0,0.0,JO-EV5,0,0,0,0,0,1
2039,96549,10,LPTC (self-motion),0,not-CX,175.0,146.1,179.7,LHAV5a2_a1,1,1,0,0,0,0
2040,96557,10,LPTC (self-motion),0,not-CX,582.4,120.1,268.7,LHPV4b4,1,1,0,0,1,0
2041,97025,0,unnamed,0,not-CX,0.0,0.0,0.0,JO-EV2,0,0,0,0,0,1
2042,97032,1,sensory,0,not-CX,0.0,0.0,0.0,ORN_VM7d,0,0,0,0,0,1
2043,97057,2,antennal,0,not-CX,464.0,165.6,98.3,M_adPNm5,0,0,0,0,1,0
2044,97143,10,LPTC (self-motion),0,not-CX,577.9,119.9,258.2,LHPV4a8,1,1,0,0,1,0
2045,97172,1,sensory,0,not-CX,0.0,0.0,0.0,ORN_VM6v,0,0,0,0,0,1
2046,97302,10,LPTC (self-motion),0,not-CX,181.9,128.8,188.3,LHAV6c1,1,1,0,0,0,0
2047,97340,10,LPTC (self-motion),0,not-CX,168.8,142.4,181.7,LHAV5a2_b,1,1,0,0,0,0
2048,97547,1,sensory,0,not-CX,0.0,0.0,0.0,ORN_DP1l,0,0,0,0,0,1
2049,97619,1,sensory,0,not-CX,0.0,0.0,0.0,ORN_D,0,0,0,0,0,1
2050,98054,10,LPTC (self-motion),0,not-CX,261.7,88.6,260.0,LHPV5c1_a,1,1,0,1,0,0
2051,98057,10,LPTC (self-motion),0,not-CX,557.4,84.6,257.6,LHPV6h2,1,1,0,0,1,0
2052,98208,10,LPTC (self-motion),0,not-CX,583.9,118.5,180.0,LHAV5a2_a2,1,1,0,0,1,0
2053,98455,10,LPTC (self-motion),0,not-CX,567.9,126.0,269.8,LHPV4g1,1,1,0,0,1,0
2054,98499,10,LPTC (self-motion),0,not-CX,222.0,146.6,287.9,LHPV2b3,1,1,0,0,0,0
2055,98580,1,sensory,0,not-CX,0.0,0.0,0.0,ORN_VA1v,0,0,0,0,0,1
2056,98583,0,unnamed,0,not-CX,0.0,0.0,0.0,JO-EV3,0,0,0,0,0,1
2057,98634,10,LPTC (self-motion),0,not-CX,244.2,180.9,138.5,LHAV7a5,1,1,0,1,0,0
2058,98638,0,unnamed,0,not-CX,0.0,0.0,0.0,JO-EV1,0,0,0,0,0,1
2059,98652,10,LPTC (self-motion),0,not-CX,237.7,159.6,285.0,LHPV2c4,1,1,0,1,0,0
2060,98776,10,LPTC (self-motion),0,not-CX,576.8,117.5,256.0,LHPV4a8,1,1,0,0,1,0
2061,99014,10,LPTC (self-motion),0,not-CX,584.4,85.0,246.7,LHPV5h4,1,1,0,0,1,0
2062,99169,10,LPTC (self-motion),0,not-CX,199.5,109.6,272.5,LHPV5b1,1,1,0,0,0,0
2063,99373,0,unnamed,0,not-CX,498.4,176.4,113.3,lLN12A,0,0,0,0,1,0
2064,99523,1,sensory,0,not-CX,0.0,0.0,0.0,ORN_DL5,0,0,0,0,0,1
2065,99527,1,sensory,0,not-CX,0.0,0.0,0.0,ORN_DL2d,0,0,0,0,0,1
2066,99528,10,LPTC (self-motion),0,not-CX,527.1,102.9,268.2,LHPV5a1,1,1,0,1,1,0
2067,99589,10,LPTC (self-motion),0,not-CX,176.5,128.1,211.0,LHAV4g1,1,1,0,0,0,0
2068,99612,1,sensory,0,not-CX,0.0,0.0,0.0,ORN_DL2d,0,0,0,0,0,1
2069,99752,1,sensory,0,not-CX,0.0,0.0,0.0,ORN_D,0,0,0,0,0,1
2070,99960,2,antennal,0,not-CX,316.7,278.0,98.9,M_vPNml80,0,0,0,0,0,0
2071,100161,10,LPTC (self-motion),0,not-CX,585.3,182.6,153.7,LHAV1d2,1,1,0,0,1,0
2072,100172,10,LPTC (self-motion),0,not-CX,542.0,152.9,280.0,LHPV2e1_a,1,1,0,0,1,0
2073,100181,10,LPTC (self-motion),0,not-CX,572.9,103.9,267.5,LHPV5g1_a,1,1,0,0,1,0
2074,100333,10,LPTC (self-motion),0,not-CX,564.5,132.8,257.9,LHPV2b2_a,1,1,0,0,1,0
2075,100393,10,LPTC (self-motion),0,not-CX,175.5,140.9,195.7,LHAV5a2_a4,1,1,0,0,0,0
2076,100441,10,LPTC (self-motion),0,not-CX,586.8,115.2,270.4,LHPV4g1,1,1,0,0,1,0
2077,100500,10,LPTC (self-motion),0,not-CX,582.4,143.1,163.4,LHAV2c1,1,1,0,0,1,0
2078,100561,2,antennal,0,not-CX,253.3,269.2,146.0,WEDPN17_b,1,0,1,0,0,0
2079,100589,1,sensory,0,not-CX,0.0,0.0,0.0,ORN_V,0,0,0,0,0,1
2080,100766,1,sensory,0,not-CX,0.0,0.0,0.0,ORN_VL2a,0,0,0,0,0,1
2081,100972,10,LPTC (self-motion),0,not-CX,214.3,93.7,263.6,LHPV6d1,1,1,0,0,0,0
2082,100973,0,unnamed,0,not-CX,265.1,216.6,115.9,M_lPNm11A,0,0,0,0,0,0
2083,101101,10,LPTC (self-motion),0,not-CX,254.0,169.1,143.7,LHAV7a3,1,1,0,1,0,0
2084,101279,0,unnamed,0,not-CX,0.0,0.0,0.0,JO-EV5,0,0,0,0,0,1
2085,101539,1,sensory,0,not-CX,0.0,0.0,0.0,ORN_VM7d,0,0,0,0,0,1
2086,101548,0,unnamed,0,not-CX,0.0,0.0,0.0,JO-EV5,0,0,0,0,0,1
2087,101583,1,sensory,0,not-CX,0.0,0.0,0.0,ORN_VA1v,0,0,0,0,0,1
2088,101657,1,sensory,0,not-CX,0.0,0.0,0.0,ORN_VM7d,0,0,0,0,0,1
2089,101740,1,sensory,0,not-CX,0.0,0.0,0.0,ORN_DP1l,0,0,0,0,0,1
2090,101778,1,sensory,0,not-CX,0.0,0.0,0.0,ORN_VA4,0,0,0,0,0,1
2091,101797,0,unnamed,0,not-CX,0.0,0.0,0.0,JO-EV5,0,0,0,0,0,1
2092,101942,1,sensory,0,not-CX,0.0,0.0,0.0,ORN_DP1l,0,0,0,0,0,1
2093,101968,1,sensory,0,not-CX,0.0,0.0,0.0,ORN_VA1v,0,0,0,0,0,1
2094,102133,10,LPTC (self-motion),0,not-CX,590.6,98.2,212.5,LHAV4d4,1,1,0,0,1,0
2095,102431,1,sensory,0,not-CX,0.0,0.0,0.0,ORN_DA1,0,0,0,0,0,1
2096,102475,10,LPTC (self-motion),0,not-CX,196.4,143.1,213.1,LHAV4d5,1,1,0,0,0,0
2097,102583,1,sensory,0,not-CX,0.0,0.0,0.0,ORN_DA1,0,0,0,0,0,1
2098,102656,10,LPTC (self-motion),0,not-CX,216.7,135.5,272.4,LHPV4h1,1,1,0,0,0,0
2099,102946,1,sensory,0,not-CX,0.0,0.0,0.0,ORN_VA1v,0,0,0,0,0,1
2100,103414,2,antennal,0,not-CX,361.7,159.0,106.6,M_adPNm8,0,0,0,0,0,0
2101,103533,10,LPTC (self-motion),0,not-CX,546.8,149.3,278.2,LHPV2b3,1,1,0,0,1,0
2102,103621,2,antennal,0,not-CX,363.5,168.2,118.6,M_adPNm5,0,0,0,0,0,0
2103,103747,1,sensory,0,not-CX,0.0,0.0,0.0,ORN_VA1v,0,0,0,0,0,1
2104,103761,10,LPTC (self-motion),0,not-CX,585.0,97.3,259.1,LHPV6f1,1,1,0,0,1,0
2105,103762,2,antennal,0,not-CX,313.9,274.8,107.5,M_vPNml53,0,0,0,0,0,0
2106,104003,10,LPTC (self-motion),0,not-CX,528.7,146.5,139.8,LHAV7a4,1,1,0,0,1,0
2107,104023,1,sensory,0,not-CX,0.0,0.0,0.0,ORN_DL2d,0,0,0,0,0,1
2108,104136,1,sensory,0,not-CX,0.0,0.0,0.0,ORN_VM7d,0,0,0,0,0,1
2109,104154,1,sensory,0,not-CX,0.0,0.0,0.0,ORN_DC1,0,0,0,0,0,1
2110,104482,10,LPTC (self-motion),0,not-CX,591.4,114.4,177.6,LHAV5a2_a4,1,1,0,0,1,0
2111,104594,1,sensory,0,not-CX,0.0,0.0,0.0,ORN_DA1,0,0,0,0,0,1
2112,104730,1,sensory,0,not-CX,0.0,0.0,0.0,ORN_DL2v,0,0,0,0,0,1
2113,104939,10,LPTC (self-motion),0,not-CX,519.2,88.2,260.8,LHPV5c1_a,1,1,0,1,1,0
2114,105217,10,LPTC (self-motion),0,not-CX,593.2,106.3,178.2,LHAV4g7_a,1,1,0,0,1,0
2115,105225,1,sensory,0,not-CX,0.0,0.0,0.0,ORN_DL5,0,0,0,0,0,1
2116,105375,1,sensory,0,not-CX,0.0,0.0,0.0,ORN_VA1v,0,0,0,0,0,1
2117,105395,1,sensory,0,not-CX,0.0,0.0,0.0,ORN_DM1,0,0,0,0,0,1
2118,105426,2,antennal,0,not-CX,467.9,269.5,110.2,DM3_vPN,0,0,0,0,1,0
2119,105550,2,antennal,0,not-CX,305.5,279.0,107.7,M_vPNml76,0,0,0,0,0,0
2120,105612,1,sensory,0,not-CX,0.0,0.0,0.0,ORN_DL1,0,0,0,0,0,1
2121,105928,1,sensory,0,not-CX,0.0,0.0,0.0,ORN_D,0,0,0,0,0,1
2122,105961,10,LPTC (self-motion),0,not-CX,250.5,166.8,140.4,LHAV7a1,1,1,0,1,0,0
2123,106760,1,sensory,0,not-CX,0.0,0.0,0.0,ORN_DL2v,0,0,0,0,0,1
2124,106902,10,LPTC (self-motion),0,not-CX,444.4,89.8,252.9,LHPV11a1,1,1,0,1,1,0
2125,106984,2,antennal,0,not-CX,309.8,278.3,101.6,M_vPNml84,0,0,0,0,0,0
2126,107030,1,sensory,0,not-CX,0.0,0.0,0.0,ORN_DL5,0,0,0,0,0,1
2127,107071,10,LPTC (self-motion),0,not-CX,214.8,150.1,276.9,LHPV2b3,1,1,0,0,0,0
2128,107083,10,LPTC (self-motion),0,not-CX,601.5,95.2,201.2,LHAV4a4,1,1,0,0,1,0
2129,107233,10,LPTC (self-motion),0,not-CX,564.8,132.9,270.5,LHPV2b3,1,1,0,0,1,0
2130,107392,10,LPTC (self-motion),0,not-CX,581.7,126.0,196.7,LHAV4b1,1,1,0,0,1,0
2131,107449,1,sensory,0,not-CX,0.0,0.0,0.0,ORN_DA1,0,0,0,0,0,1
2132,107581,10,LPTC (self-motion),0,not-CX,218.3,97.7,267.2,LHPV5b3,1,1,0,0,0,0
2133,107629,2,antennal,0,not-CX,313.9,284.5,102.9,M_vPNml84,0,0,0,0,0,0
2134,107672,0,unnamed,0,not-CX,0.0,0.0,0.0,JO-EV5,0,0,0,0,0,1
2135,108403,2,antennal,0,not-CX,314.7,268.9,106.8,M_vPNml77,0,0,0,0,0,0
2136,108526,10,LPTC (self-motion),0,not-CX,182.6,108.4,260.7,LHPV5g2,1,1,0,0,0,0
2137,108654,0,unnamed,0,not-CX,265.9,209.6,114.5,lLN12A,0,0,0,0,0,0
2138,108694,10,LPTC (self-motion),0,not-CX,206.8,99.1,268.0,LHPV5b4,1,1,0,0,0,0
2139,108716,1,sensory,0,not-CX,0.0,0.0,0.0,ORN_DA1,0,0,0,0,0,1
2140,108825,1,sensory,0,not-CX,0.0,0.0,0.0,ORN_DL2v,0,0,0,0,0,1
2141,108966,2,antennal,0,not-CX,471.8,283.2,109.9,M_vPNml53,1,0,1,0,1,0
2142,109271,0,unnamed,0,not-CX,253.8,217.7,117.2,M_lPNm13,1,0,1,0,0,0
2143,109414,1,sensory,0,not-CX,0.0,0.0,0.0,ORN_DA1,0,0,0,0,0,1
2144,109459,10,LPTC (self-motion),0,not-CX,575.7,125.2,256.8,LHPV4h1,1,1,0,0,1,0
2145,109712,10,LPTC (self-motion),0,not-CX,251.9,171.1,287.2,LHPV2c5,1,1,0,1,0,0
2146,109761,1,sensory,0,not-CX,0.0,0.0,0.0,ORN_VM6v,0,0,0,0,0,1
2147,109788,10,LPTC (self-motion),0,not-CX,589.3,139.9,164.3,LHAV2g6,1,1,0,0,1,0
2148,109974,1,sensory,0,not-CX,0.0,0.0,0.0,ORN_DA1,0,0,0,0,0,1
2149,109982,2,antennal,0,not-CX,500.8,145.4,126.7,WEDPN8C,1,0,1,1,1,0
2150,110143,10,LPTC (self-motion),0,not-CX,552.8,78.6,254.0,LHPV6h3,SLP276,1,1,0,0,1,0
2151,110169,1,sensory,0,not-CX,0.0,0.0,0.0,ORN_V,0,0,0,0,0,1
2152,110431,10,LPTC (self-motion),0,not-CX,598.9,95.2,195.6,LHAV4e7_b,1,1,0,0,1,0
2153,110528,2,antennal,0,not-CX,306.4,283.8,104.4,M_vPNml86,0,0,0,0,0,0
2154,110716,10,LPTC (self-motion),0,not-CX,596.2,149.7,199.8,LHAV3b1,1,1,0,0,1,0
2155,110791,1,sensory,0,not-CX,0.0,0.0,0.0,ORN_VA1v,0,0,0,0,0,1
2156,110851,1,sensory,0,not-CX,0.0,0.0,0.0,ORN_DL2d,0,0,0,0,0,1
2157,110998,10,LPTC (self-motion),0,not-CX,592.5,86.8,206.5,LHAV4a6,1,1,0,0,1,0
2158,111210,1,sensory,0,not-CX,0.0,0.0,0.0,ORN_VA1v,0,0,0,0,0,1
2159,111220,2,antennal,0,not-CX,323.8,282.8,116.0,M_vPNml75,0,0,0,0,0,0
2160,111335,10,LPTC (self-motion),0,not-CX,223.1,152.2,286.6,LHPV2b2_a,1,1,0,0,0,0
2161,111345,10,LPTC (self-motion),0,not-CX,532.5,90.0,264.2,LHPV5a1,1,1,0,0,1,0
2162,111407,1,sensory,0,not-CX,0.0,0.0,0.0,ORN_VC5,0,0,0,0,0,1
2163,111512,10,LPTC (self-motion),0,not-CX,545.4,154.9,279.3,LHPV2b3,1,1,0,0,1,0
2164,111529,0,unnamed,0,not-CX,0.0,0.0,0.0,JO-EV1,0,0,0,0,0,1
2165,111689,1,sensory,0,not-CX,0.0,0.0,0.0,ORN_D,0,0,0,0,0,1
2166,111946,1,sensory,0,not-CX,0.0,0.0,0.0,ORN_DL2v,0,0,0,0,0,1
2167,112062,10,LPTC (self-motion),0,not-CX,222.0,87.1,262.0,LHPV5b2,1,1,0,0,0,0
2168,112110,2,antennal,0,not-CX,272.5,156.2,119.4,WEDPN8D,1,0,1,1,0,0
2169,112299,1,sensory,0,not-CX,0.0,0.0,0.0,ORN_DC1,0,0,0,0,0,1
2170,112569,2,antennal,0,not-CX,320.6,281.3,106.8,M_vPNml80,0,0,0,0,0,0
2171,112718,10,LPTC (self-motion),0,not-CX,559.2,78.5,256.2,LHPV6h1_b,1,1,0,0,1,0
2172,112956,10,LPTC (self-motion),0,not-CX,580.6,81.2,246.1,LHPV5m1,1,1,0,0,1,0
2173,113047,1,sensory,0,not-CX,0.0,0.0,0.0,ORN_DC1,0,0,0,0,0,1
2174,113302,1,sensory,0,not-CX,0.0,0.0,0.0,ORN_VM7d,0,0,0,0,0,1
2175,113345,0,unnamed,0,not-CX,0.0,0.0,0.0,JO-EV3,0,0,0,0,0,1
2176,113776,1,sensory,0,not-CX,0.0,0.0,0.0,ORN_DC2,0,0,0,0,0,1
2177,113866,10,LPTC (self-motion),0,not-CX,554.0,108.6,267.4,LHPV5a2,1,1,0,0,1,0
2178,113921,1,sensory,0,not-CX,0.0,0.0,0.0,ORN_DA4l,0,0,0,0,0,1
2179,113958,2,antennal,0,not-CX,477.1,283.0,113.3,M_vPNml53,0,0,0,0,1,0
2180,114432,10,LPTC (self-motion),0,not-CX,174.8,137.8,181.9,LHAV5a2_a3,1,1,0,0,0,0
2181,114727,10,LPTC (self-motion),0,not-CX,570.1,106.9,269.6,LHPV5d1,1,1,0,0,1,0
2182,114942,10,LPTC (self-motion),0,not-CX,252.8,170.4,140.7,LHAV7a4,1,1,0,1,0,0
2183,115000,2,antennal,0,not-CX,458.6,276.8,102.7,M_vPNml84,0,0,0,0,1,0
2184,115066,10,LPTC (self-motion),0,not-CX,525.5,152.3,141.4,LHAV7a7,1,1,0,1,1,0
2185,115182,10,LPTC (self-motion),0,not-CX,542.9,81.5,259.4,LHPV5b2,1,1,0,0,1,0
2186,115277,1,sensory,0,not-CX,0.0,0.0,0.0,ORN_VA1v,0,0,0,0,0,1
2187,115312,0,unnamed,0,not-CX,258.9,206.5,114.8,lLN12A,0,0,0,0,0,0
2188,115537,1,sensory,0,not-CX,0.0,0.0,0.0,ORN_DP1l,0,0,0,0,0,1
2189,115663,1,sensory,0,not-CX,0.0,0.0,0.0,ORN_DC2,0,0,0,0,0,1
2190,115885,10,LPTC (self-motion),0,not-CX,596.0,113.0,171.9,LHAV5a4_c,1,1,0,0,1,0
2191,115983,2,antennal,0,not-CX,496.0,143.4,130.8,WEDPN8C,1,0,1,1,1,0
2192,115985,2,antennal,0,not-CX,561.9,134.7,276.4,WEDPN6C,1,0,1,0,1,0
2193,116065,10,LPTC (self-motion),0,not-CX,592.3,88.4,234.5,LHPV5h4,1,1,0,0,1,0
2194,116085,1,sensory,0,not-CX,0.0,0.0,0.0,ORN_DP1l,0,0,0,0,0,1
2195,116133,2,antennal,0,not-CX,315.6,284.4,122.5,M_vPNml86,0,0,0,0,0,0
2196,116162,10,LPTC (self-motion),0,not-CX,582.4,113.5,276.1,LHPV4b3,1,1,0,0,1,0
2197,116618,1,sensory,0,not-CX,0.0,0.0,0.0,ORN_DM1,0,0,0,0,0,1
2198,116652,1,sensory,0,not-CX,0.0,0.0,0.0,ORN_DA1,0,0,0,0,0,1
2199,116750,10,LPTC (self-motion),0,not-CX,545.1,145.2,130.0,LHAV7b1,1,1,0,0,1,0
2200,116827,2,antennal,0,not-CX,292.9,283.7,108.4,M_vPNml78,0,0,0,0,0,0
2201,116859,2,antennal,0,not-CX,503.6,251.6,131.3,VP1l+_lvPN,0,0,0,0,1,0
2202,117129,10,LPTC (self-motion),0,not-CX,547.0,92.8,262.8,LHPV5a1,1,1,0,0,1,0
2203,117257,10,LPTC (self-motion),0,not-CX,583.3,111.9,180.8,LHAV5a2_b,1,1,0,0,1,0
2204,117316,10,LPTC (self-motion),0,not-CX,179.7,146.6,197.3,LHAV5a2_a1,1,1,0,0,0,0
2205,117318,2,antennal,0,not-CX,320.3,272.0,113.2,M_vPNml77,0,0,0,0,0,0
2206,117383,10,LPTC (self-motion),0,not-CX,233.5,99.8,267.7,LHPV6a1,1,1,0,0,0,0
2207,117519,1,sensory,0,not-CX,0.0,0.0,0.0,ORN_VA1v,0,0,0,0,0,1
2208,117583,2,antennal,0,not-CX,465.6,278.2,104.4,CB2589,0,0,0,0,1,0
2209,117635,2,antennal,0,not-CX,461.4,271.8,109.2,M_vPNml69,0,0,0,0,1,0
2210,117649,1,sensory,0,not-CX,0.0,0.0,0.0,ORN_VC1,0,0,0,0,0,1
2211,117698,0,unnamed,0,not-CX,0.0,0.0,0.0,JO-EV1,0,0,0,0,0,1
2212,117725,1,sensory,0,not-CX,0.0,0.0,0.0,ORN_DC4,0,0,0,0,0,1
2213,117824,1,sensory,0,not-CX,0.0,0.0,0.0,ORN_D,0,0,0,0,0,1
2214,118043,10,LPTC (self-motion),0,not-CX,209.6,124.8,272.8,LHPV5a3,1,1,0,0,0,0
2215,118088,1,sensory,0,not-CX,0.0,0.0,0.0,ORN_VC5,0,0,0,0,0,1
2216,118122,10,LPTC (self-motion),0,not-CX,530.7,82.0,260.7,LHPV5b1,1,1,0,0,1,0
2217,118367,1,sensory,0,not-CX,0.0,0.0,0.0,ORN_DA1,0,0,0,0,0,1
2218,118426,10,LPTC (self-motion),0,not-CX,565.7,105.6,269.4,LHPV5d1,1,1,0,0,1,0
2219,118587,1,sensory,0,not-CX,0.0,0.0,0.0,ORN_DL5,0,0,0,0,0,1
2220,118592,10,LPTC (self-motion),0,not-CX,597.9,99.5,189.6,LHAV4e2_b1,1,1,0,0,1,0
2221,118627,1,sensory,0,not-CX,0.0,0.0,0.0,ORN_DC1,0,0,0,0,0,1
2222,118846,1,sensory,0,not-CX,0.0,0.0,0.0,ORN_V,0,0,0,0,0,1
2223,118920,1,sensory,0,not-CX,0.0,0.0,0.0,ORN_VA1v,0,0,0,0,0,1
2224,118965,2,antennal,0,not-CX,506.2,143.4,133.7,WEDPN8D,0,0,0,0,1,0
2225,118983,1,sensory,0,not-CX,0.0,0.0,0.0,ORN_DA1,0,0,0,0,0,1
2226,119029,1,sensory,0,not-CX,0.0,0.0,0.0,ORN_DL2d,0,0,0,0,0,1
2227,119181,1,sensory,0,not-CX,0.0,0.0,0.0,ORN_DM1,0,0,0,0,0,1
2228,119378,0,unnamed,0,not-CX,0.0,0.0,0.0,JO-EV1,0,0,0,0,0,1
2229,119531,0,unnamed,0,not-CX,0.0,0.0,0.0,JO-EV6,0,0,0,0,0,1
2230,119792,1,sensory,0,not-CX,0.0,0.0,0.0,ORN_VM7d,0,0,0,0,0,1
2231,120055,1,sensory,0,not-CX,0.0,0.0,0.0,ORN_DP1l,0,0,0,0,0,1
2232,120209,1,sensory,0,not-CX,0.0,0.0,0.0,ORN_DA1,0,0,0,0,0,1
2233,120265,1,sensory,0,not-CX,0.0,0.0,0.0,ORN_VA1v,0,0,0,0,0,1
2234,120384,1,sensory,0,not-CX,0.0,0.0,0.0,ORN_VM7d,0,0,0,0,0,1
2235,120405,10,LPTC (self-motion),0,not-CX,225.7,81.0,259.7,LHPV5b2,1,1,0,0,0,0
2236,120627,1,sensory,0,not-CX,0.0,0.0,0.0,ORN_VA2,0,0,0,0,0,1
2237,120777,1,sensory,0,not-CX,0.0,0.0,0.0,ORN_DP1l,0,0,0,0,0,1
2238,121323,2,antennal,0,not-CX,303.0,286.5,105.1,CB2589,0,0,0,0,0,0
2239,121369,2,antennal,0,not-CX,317.2,271.7,136.4,M_vPNml83,0,0,0,0,0,0
2240,121378,1,sensory,0,not-CX,0.0,0.0,0.0,ORN_V,0,0,0,0,0,1
2241,121401,1,sensory,0,not-CX,0.0,0.0,0.0,ORN_DL2d,0,0,0,0,0,1
2242,121413,10,LPTC (self-motion),0,not-CX,518.7,171.8,117.6,LHAV9a1_c,1,1,0,0,1,0
2243,121744,10,LPTC (self-motion),0,not-CX,590.2,103.4,178.2,LHAV5a2_a2,1,1,0,0,1,0
2244,122004,10,LPTC (self-motion),0,not-CX,564.9,128.1,259.0,LHPV4a3,1,1,0,0,1,0
2245,122271,10,LPTC (self-motion),0,not-CX,575.5,125.9,179.4,LHAV6c1,1,1,0,0,1,0
2246,122707,1,sensory,0,not-CX,0.0,0.0,0.0,ORN_DA1,0,0,0,0,0,1
2247,122715,10,LPTC (self-motion),0,not-CX,561.7,93.8,260.0,LHPV6a1,1,1,0,0,1,0
2248,122717,1,sensory,0,not-CX,0.0,0.0,0.0,ORN_DP1m,0,0,0,0,0,1
2249,122731,0,unnamed,0,not-CX,0.0,0.0,0.0,JO-EV3,0,0,0,0,0,1
2250,122769,1,sensory,0,not-CX,0.0,0.0,0.0,ORN_DC3,0,0,0,0,0,1
2251,122844,10,LPTC (self-motion),0,not-CX,587.1,104.9,174.7,LHAV5a2_a4,1,1,0,0,1,0
2252,123123,1,sensory,0,not-CX,0.0,0.0,0.0,ORN_DM1,0,0,0,0,0,1
2253,123308,10,LPTC (self-motion),0,not-CX,544.5,105.5,265.7,LHPV5a2,1,1,0,0,1,0
2254,123618,10,LPTC (self-motion),0,not-CX,265.4,187.1,117.3,LHAV9a1_a,1,1,0,1,0,0
2255,123879,0,unnamed,0,not-CX,0.0,0.0,0.0,JO-EV1,0,0,0,0,0,1
2256,123960,10,LPTC (self-motion),0,not-CX,532.6,147.3,138.6,LHAV7a4,1,1,0,0,1,0
2257,123968,1,sensory,0,not-CX,0.0,0.0,0.0,ORN_DM4,0,0,0,0,0,1
2258,124019,10,LPTC (self-motion),0,not-CX,583.1,118.6,166.8,LHAV6a5,1,1,0,0,1,0
2259,124058,1,sensory,0,not-CX,0.0,0.0,0.0,ORN_VC2,0,0,0,0,0,1
2260,124107,10,LPTC (self-motion),0,not-CX,566.9,119.9,264.0,LHPV4h1,1,1,0,0,1,0
2261,124364,2,antennal,0,not-CX,366.6,156.8,106.7,M_adPNm7,0,0,0,0,0,0
2262,124378,1,sensory,0,not-CX,0.0,0.0,0.0,ORN_VM7d,0,0,0,0,0,1
2263,124404,10,LPTC (self-motion),0,not-CX,216.1,151.8,283.6,LHPV2b2_a,1,1,0,0,0,0
2264,124423,10,LPTC (self-motion),0,not-CX,506.3,104.0,270.1,LHPV5c1,1,1,0,1,1,0
2265,124591,1,sensory,0,not-CX,0.0,0.0,0.0,ORN_DA1,0,0,0,0,0,1
2266,124594,10,LPTC (self-motion),0,not-CX,254.6,165.8,139.1,LHAV7a3,1,1,0,1,0,0
2267,124621,1,sensory,0,not-CX,0.0,0.0,0.0,ORN_DP1m,0,0,0,0,0,1
2268,124790,10,LPTC (self-motion),0,not-CX,581.4,110.5,273.0,LHPV4g2,1,1,0,0,1,0
2269,124791,1,sensory,0,not-CX,0.0,0.0,0.0,ORN_DL2d,0,0,0,0,0,1
2270,124936,10,LPTC (self-motion),0,not-CX,587.7,94.6,259.7,LHPV6a9_b,1,1,0,0,1,0
2271,125091,1,sensory,0,not-CX,0.0,0.0,0.0,ORN_DA1,0,0,0,0,0,1
2272,125253,1,sensory,0,not-CX,0.0,0.0,0.0,ORN_D,0,0,0,0,0,1
2273,125324,1,sensory,0,not-CX,0.0,0.0,0.0,ORN_VL2a,0,0,0,0,0,1
2274,125395,1,sensory,0,not-CX,0.0,0.0,0.0,ORN_VA7l,0,0,0,0,0,1
2275,125525,1,sensory,0,not-CX,0.0,0.0,0.0,ORN_VL2a,0,0,0,0,0,1
2276,125636,10,LPTC (self-motion),0,not-CX,516.1,175.9,118.6,LHAV9a1_c,1,1,0,0,1,0
2277,125782,1,sensory,0,not-CX,0.0,0.0,0.0,ORN_VA1v,0,0,0,0,0,1
2278,125880,1,sensory,0,not-CX,0.0,0.0,0.0,ORN_VA1v,0,0,0,0,0,1
2279,125976,10,LPTC (self-motion),0,not-CX,590.0,107.0,176.1,LHAV5a6_b,1,1,0,0,1,0
2280,126030,1,sensory,0,not-CX,0.0,0.0,0.0,ORN_DA1,0,0,0,0,0,1
2281,126081,0,unnamed,0,not-CX,0.0,0.0,0.0,JO-EV1,0,0,0,0,0,1
2282,126165,2,antennal,0,not-CX,514.1,134.7,126.9,WEDPN8B,1,0,1,1,1,0
2283,126201,1,sensory,0,not-CX,0.0,0.0,0.0,ORN_VC1,0,0,0,0,0,1
2284,126247,10,LPTC (self-motion),0,not-CX,565.6,140.1,258.3,LHPV2b2_a,1,1,0,0,1,0
2285,126302,1,sensory,0,not-CX,0.0,0.0,0.0,ORN_VM7d,0,0,0,0,0,1
2286,126313,1,sensory,0,not-CX,0.0,0.0,0.0,ORN_DA1,0,0,0,0,0,1
2287,126418,1,sensory,0,not-CX,0.0,0.0,0.0,ORN_VM5v,0,0,0,0,0,1
2288,126511,0,unnamed,0,not-CX,0.0,0.0,0.0,JO-EV5,0,0,0,0,0,1
2289,126654,0,unnamed,0,not-CX,0.0,0.0,0.0,JO-EV6,0,0,0,0,0,1
2290,126689,0,unnamed,0,not-CX,0.0,0.0,0.0,JO-EV1,0,0,0,0,0,1
2291,126736,1,sensory,0,not-CX,0.0,0.0,0.0,ORN_VM5v,0,0,0,0,0,1
2292,126824,1,sensory,0,not-CX,0.0,0.0,0.0,ORN_DM4,0,0,0,0,0,1
2293,126837,1,sensory,0,not-CX,0.0,0.0,0.0,ORN_DL2v,0,0,0,0,0,1
2294,126989,10,LPTC (self-motion),0,not-CX,597.2,143.2,168.7,LHAV2b10,1,1,0,0,1,0
2295,127116,1,sensory,0,not-CX,0.0,0.0,0.0,ORN_DC4,0,0,0,0,0,1
2296,127200,10,LPTC (self-motion),0,not-CX,570.6,121.7,260.0,LHPV4h1,1,1,0,0,1,0
2297,127290,1,sensory,0,not-CX,0.0,0.0,0.0,ORN_VC1,0,0,0,0,0,1
2298,127519,10,LPTC (self-motion),0,not-CX,502.6,174.7,113.7,LHAV9a1_c,1,1,0,1,1,0
2299,127697,10,LPTC (self-motion),0,not-CX,528.2,87.7,258.4,LHPV5c1_d,1,1,0,0,1,0
2300,127708,1,sensory,0,not-CX,0.0,0.0,0.0,ORN_VM7d,0,0,0,0,0,1
2301,127807,1,sensory,0,not-CX,0.0,0.0,0.0,ORN_DC1,0,0,0,0,0,1
2302,127985,10,LPTC (self-motion),0,not-CX,220.6,83.7,262.4,LHPV5b1,1,1,0,0,0,0
2303,127988,10,LPTC (self-motion),0,not-CX,584.5,103.0,267.4,LHPV4d3,1,1,0,0,1,0
2304,128088,1,sensory,0,not-CX,0.0,0.0,0.0,ORN_DA1,0,0,0,0,0,1
2305,128090,10,LPTC (self-motion),0,not-CX,566.5,112.4,271.0,LHPV4b2,1,1,0,0,1,0
2306,128150,10,LPTC (self-motion),0,not-CX,553.0,104.7,266.6,LHPV5a2,1,1,0,0,1,0
2307,128233,1,sensory,0,not-CX,0.0,0.0,0.0,ORN_DA1,0,0,0,0,0,1
2308,128351,1,sensory,0,not-CX,0.0,0.0,0.0,ORN_DP1l,0,0,0,0,0,1
2309,128363,1,sensory,0,not-CX,0.0,0.0,0.0,ORN_DC1,0,0,0,0,0,1
2310,128389,10,LPTC (self-motion),0,not-CX,206.8,102.6,270.1,LHPV5b2,1,1,0,0,0,0
2311,128482,2,antennal,0,not-CX,527.3,203.8,127.2,WEDPN7A,1,0,1,0,1,0
2312,128573,10,LPTC (self-motion),0,not-CX,260.6,94.0,264.1,LHPV5c1_a,1,1,0,1,0,0
2313,128729,0,unnamed,0,not-CX,0.0,0.0,0.0,JO-EV3,0,0,0,0,0,1
2314,128752,1,sensory,0,not-CX,0.0,0.0,0.0,ORN_DA1,0,0,0,0,0,1
2315,128777,1,sensory,0,not-CX,0.0,0.0,0.0,ORN_DA1,0,0,0,0,0,1
2316,128923,1,sensory,0,not-CX,0.0,0.0,0.0,ORN_VA1v,0,0,0,0,0,1
2317,129264,10,LPTC (self-motion),0,not-CX,592.8,114.9,171.9,LHAV5a2_a3,1,1,0,0,1,0
2318,129472,10,LPTC (self-motion),0,not-CX,572.4,123.7,256.1,LHPV4a3,1,1,0,0,1,0
2319,129584,1,sensory,0,not-CX,0.0,0.0,0.0,ORN_VC1,0,0,0,0,0,1
2320,129617,1,sensory,0,not-CX,0.0,0.0,0.0,ORN_V,0,0,0,0,0,1
2321,129684,10,LPTC (self-motion),0,not-CX,505.7,96.1,267.3,LHPV5c1_a,1,1,0,1,1,0
2322,129812,2,antennal,0,not-CX,502.6,222.8,138.9,WEDPN7B,1,0,1,0,1,0
2323,129852,10,LPTC (self-motion),0,not-CX,590.0,80.9,235.0,LHPV5h4,1,1,0,0,1,0
2324,129886,2,antennal,0,not-CX,267.1,145.7,133.7,WEDPN8B,0,0,0,0,0,0
2325,129895,10,LPTC (self-motion),0,not-CX,544.2,99.5,266.2,LHPV5a1,1,1,0,0,1,0
2326,129973,1,sensory,0,not-CX,0.0,0.0,0.0,ORN_VA1v,0,0,0,0,0,1
2327,130031,10,LPTC (self-motion),0,not-CX,602.2,94.4,194.2,LHAV4a4,1,1,0,0,1,0
2328,130080,10,LPTC (self-motion),0,not-CX,266.8,94.8,265.4,LHPV5c1,1,1,0,1,0,0
2329,130093,1,sensory,0,not-CX,0.0,0.0,0.0,ORN_VM5v,0,0,0,0,0,1
2330,130279,0,unnamed,0,not-CX,284.5,209.4,134.0,lLN2P_b,0,0,0,0,0,0
2331,130435,10,LPTC (self-motion),0,not-CX,545.1,73.6,253.6,LHPV6a1,1,1,0,0,1,0
2332,130608,1,sensory,0,not-CX,0.0,0.0,0.0,ORN_VM7d,0,0,0,0,0,1
2333,130622,0,unnamed,0,not-CX,0.0,0.0,0.0,JO-EV4,0,0,0,0,0,1
2334,130656,10,LPTC (self-motion),0,not-CX,585.7,108.8,274.6,LHPV4b3,1,1,0,0,1,0
2335,130673,1,sensory,0,not-CX,0.0,0.0,0.0,ORN_DC2,0,0,0,0,0,1
2336,130700,1,sensory,0,not-CX,0.0,0.0,0.0,ORN_VM7d,0,0,0,0,0,1
2337,130701,10,LPTC (self-motion),0,not-CX,535.3,154.8,139.2,LHAV7a6,1,1,0,0,1,0
2338,130821,10,LPTC (self-motion),0,not-CX,229.8,78.7,264.2,LHPV5b1,1,1,0,0,0,0
2339,131182,1,sensory,0,not-CX,0.0,0.0,0.0,ORN_VM7d,0,0,0,0,0,1
2340,131195,1,sensory,0,not-CX,0.0,0.0,0.0,ORN_DA1,0,0,0,0,0,1
2341,131401,10,LPTC (self-motion),0,not-CX,582.4,154.4,160.2,LHAV2b7_b,1,1,0,0,1,0
2342,131459,1,sensory,0,not-CX,0.0,0.0,0.0,ORN_DL5,0,0,0,0,0,1
2343,131568,2,antennal,0,not-CX,468.4,265.7,111.8,M_vPNml83,0,0,0,0,1,0
2344,131707,10,LPTC (self-motion),0,not-CX,564.4,109.3,269.7,LHPV5d1,1,1,0,0,1,0
2345,131786,10,LPTC (self-motion),0,not-CX,569.7,79.5,250.1,LHPV6h3,SLP276,1,1,0,0,1,0
2346,131871,10,LPTC (self-motion),0,not-CX,587.1,148.7,157.2,LHAV2b6,1,1,0,0,1,0
2347,131890,1,sensory,0,not-CX,0.0,0.0,0.0,ORN_VM7d,0,0,0,0,0,1
2348,131995,10,LPTC (self-motion),0,not-CX,224.8,83.3,265.2,LHPV5c3,1,1,0,0,0,0
2349,132188,1,sensory,0,not-CX,0.0,0.0,0.0,ORN_VM7d,0,0,0,0,0,1
2350,132350,10,LPTC (self-motion),0,not-CX,591.1,116.6,174.6,LHAV5a2_a3,1,1,0,0,1,0
2351,132497,1,sensory,0,not-CX,0.0,0.0,0.0,ORN_DA1,0,0,0,0,0,1
2352,132713,1,sensory,0,not-CX,0.0,0.0,0.0,ORN_DA1,0,0,0,0,0,1
2353,132720,1,sensory,0,not-CX,0.0,0.0,0.0,ORN_DM4,0,0,0,0,0,1
2354,132821,1,sensory,0,not-CX,0.0,0.0,0.0,ORN_VA7l,0,0,0,0,0,1
2355,132980,1,sensory,0,not-CX,0.0,0.0,0.0,ORN_VM7d,0,0,0,0,0,1
2356,133027,1,sensory,0,not-CX,0.0,0.0,0.0,ORN_VM7d,0,0,0,0,0,1
2357,133192,10,LPTC (self-motion),0,not-CX,249.1,189.9,118.8,LHAV9a1_b,1,1,0,0,0,0
2358,133385,1,sensory,0,not-CX,0.0,0.0,0.0,ORN_VC1,0,0,0,0,0,1
2359,133491,2,antennal,0,not-CX,271.3,137.3,128.2,WEDPN8B,0,0,0,0,0,0
2360,133664,10,LPTC (self-motion),0,not-CX,571.9,85.7,256.1,LHPV6h1_b,1,1,0,0,1,0
2361,133686,1,sensory,0,not-CX,0.0,0.0,0.0,ORN_DA1,0,0,0,0,0,1
2362,133692,1,sensory,0,not-CX,0.0,0.0,0.0,ORN_VA4,0,0,0,0,0,1
2363,134120,1,sensory,0,not-CX,0.0,0.0,0.0,ORN_DL5,0,0,0,0,0,1
2364,134208,1,sensory,0,not-CX,0.0,0.0,0.0,ORN_VC1,0,0,0,0,0,1
2365,134573,10,LPTC (self-motion),0,not-CX,504.1,99.8,267.4,LHPV5c1,1,1,0,1,1,0
2366,134658,1,sensory,0,not-CX,0.0,0.0,0.0,ORN_DA1,0,0,0,0,0,1
2367,134922,1,sensory,0,not-CX,0.0,0.0,0.0,ORN_VC5,0,0,0,0,0,1
2368,135080,10,LPTC (self-motion),0,not-CX,590.9,103.8,174.2,LHAV5a2_a4,1,1,0,0,1,0
2369,135248,1,sensory,0,not-CX,0.0,0.0,0.0,ORN_DA1,0,0,0,0,0,1
2370,135249,1,sensory,0,not-CX,0.0,0.0,0.0,ORN_DC4,0,0,0,0,0,1
2371,135434,10,LPTC (self-motion),0,not-CX,598.8,153.6,161.2,LHAV2b4,1,1,0,0,1,0
2372,135568,1,sensory,0,not-CX,0.0,0.0,0.0,ORN_DA1,0,0,0,0,0,1
2373,135594,1,sensory,0,not-CX,0.0,0.0,0.0,ORN_DA1,0,0,0,0,0,1
2374,135957,1,sensory,0,not-CX,0.0,0.0,0.0,ORN_VA2,0,0,0,0,0,1
2375,136147,0,unnamed,0,not-CX,510.1,214.7,114.3,M_lPNm12,1,0,1,0,1,0
2376,136182,2,antennal,0,not-CX,535.0,209.6,125.1,WEDPN17_a1,1,0,1,0,1,0
2377,136213,2,antennal,0,not-CX,320.5,285.3,115.5,CB3447,0,0,0,0,0,0
2378,136513,1,sensory,0,not-CX,0.0,0.0,0.0,ORN_VC1,0,0,0,0,0,1
2379,136640,1,sensory,0,not-CX,0.0,0.0,0.0,ORN_VM7d,0,0,0,0,0,1
2380,137027,1,sensory,0,not-CX,0.0,0.0,0.0,ORN_D,0,0,0,0,0,1
2381,137038,1,sensory,0,not-CX,0.0,0.0,0.0,ORN_DC4,0,0,0,0,0,1
2382,137039,10,LPTC (self-motion),0,not-CX,259.9,97.9,266.2,LHPV5c1_d,1,1,0,1,0,0
2383,137073,1,sensory,0,not-CX,0.0,0.0,0.0,ORN_VA7l,0,0,0,0,0,1
2384,137398,1,sensory,0,not-CX,0.0,0.0,0.0,ORN_D,0,0,0,0,0,1
2385,137428,1,sensory,0,not-CX,0.0,0.0,0.0,ORN_DC1,0,0,0,0,0,1
2386,137465,1,sensory,0,not-CX,0.0,0.0,0.0,ORN_DC4,0,0,0,0,0,1
2387,137598,10,LPTC (self-motion),0,not-CX,222.5,81.1,261.0,LHPV5b1,1,1,0,0,0,0
2388,137600,2,antennal,0,not-CX,527.6,195.5,122.0,WEDPN7A,1,0,1,0,1,0
2389,137668,2,antennal,0,not-CX,319.7,280.7,100.5,CB2589,0,0,0,0,0,0
2390,137726,10,LPTC (self-motion),0,not-CX,199.8,105.4,263.5,LHPV6h1_b,1,1,0,0,0,0
2391,137731,10,LPTC (self-motion),0,not-CX,208.4,146.4,276.5,LHPV2a2,1,1,0,0,0,0
2392,137786,10,LPTC (self-motion),0,not-CX,548.7,129.6,266.0,LHPV4d4,1,1,0,0,1,0
2393,137788,1,sensory,0,not-CX,0.0,0.0,0.0,ORN_VA2,0,0,0,0,0,1
2394,137847,1,sensory,0,not-CX,0.0,0.0,0.0,ORN_VC1,0,0,0,0,0,1
2395,137984,1,sensory,0,not-CX,0.0,0.0,0.0,ORN_DC2,0,0,0,0,0,1
2396,138009,10,LPTC (self-motion),0,not-CX,577.3,134.0,178.2,LHAV6c1,1,1,0,0,1,0
2397,138085,1,sensory,0,not-CX,0.0,0.0,0.0,ORN_VA7l,0,0,0,0,0,1
2398,138101,1,sensory,0,not-CX,0.0,0.0,0.0,ORN_DP1m,0,0,0,0,0,1
2399,138213,1,sensory,0,not-CX,0.0,0.0,0.0,ORN_VM7d,0,0,0,0,0,1
2400,138215,1,sensory,0,not-CX,0.0,0.0,0.0,ORN_VA7l,0,0,0,0,0,1
2401,138403,0,unnamed,0,not-CX,0.0,0.0,0.0,JO-EV2,0,0,0,0,0,1
2402,138423,1,sensory,0,not-CX,0.0,0.0,0.0,ORN_VA2,0,0,0,0,0,1
2403,138780,10,LPTC (self-motion),0,not-CX,533.7,163.0,119.9,LHAV7b1,1,1,0,0,1,0
2404,138786,1,sensory,0,not-CX,0.0,0.0,0.0,ORN_VL2a,0,0,0,0,0,1
2405,139002,10,LPTC (self-motion),0,not-CX,592.1,109.9,172.2,LHAV5a2_b,1,1,0,0,1,0
2406,139337,1,sensory,0,not-CX,0.0,0.0,0.0,ORN_VM7v,0,0,0,0,0,1
2407,139347,10,LPTC (self-motion),0,not-CX,252.1,171.4,144.3,LHAV7a1_b,1,1,0,1,0,0
2408,139352,1,sensory,0,not-CX,0.0,0.0,0.0,ORN_DL5,0,0,0,0,0,1
2409,139472,1,sensory,0,not-CX,0.0,0.0,0.0,ORN_DL2d,0,0,0,0,0,1
2410,139877,1,sensory,0,not-CX,0.0,0.0,0.0,ORN_DP1l,0,0,0,0,0,1
2411,139899,1,sensory,0,not-CX,0.0,0.0,0.0,ORN_VA6,0,0,0,0,0,1
2412,139937,1,sensory,0,not-CX,0.0,0.0,0.0,ORN_DL2v,0,0,0,0,0,1
2413,140055,1,sensory,0,not-CX,0.0,0.0,0.0,ORN_DA1,0,0,0,0,0,1
2414,140278,10,LPTC (self-motion),0,not-CX,585.6,114.2,276.4,LHPV4b5,1,1,0,0,1,0
2415,140347,1,sensory,0,not-CX,0.0,0.0,0.0,ORN_DA1,0,0,0,0,0,1
2416,140755,1,sensory,0,not-CX,0.0,0.0,0.0,ORN_VL1,0,0,0,0,0,1
2417,140776,2,antennal,0,not-CX,463.2,281.7,105.4,M_vPNml84,0,0,0,0,1,0
2418,140899,1,sensory,0,not-CX,0.0,0.0,0.0,ORN_VA1v,0,0,0,0,0,1
2419,140946,1,sensory,0,not-CX,0.0,0.0,0.0,ORN_DC1,0,0,0,0,0,1
2420,141105,10,LPTC (self-motion),0,not-CX,539.7,139.7,140.7,LHAV7a1,1,1,0,0,1,0
2421,141107,10,LPTC (self-motion),0,not-CX,260.7,90.8,262.3,LHPV5c1,1,1,0,1,0,0
2422,141116,10,LPTC (self-motion),0,not-CX,575.0,101.3,265.3,LHPV5g1_a,1,1,0,0,1,0
2423,141122,1,sensory,0,not-CX,0.0,0.0,0.0,ORN_VC1,0,0,0,0,0,1
2424,141308,1,sensory,0,not-CX,0.0,0.0,0.0,ORN_VA2,0,0,0,0,0,1
2425,141372,1,sensory,0,not-CX,0.0,0.0,0.0,ORN_DM1,0,0,0,0,0,1
2426,141464,10,LPTC (self-motion),0,not-CX,173.2,147.5,181.9,LHAV5a2_a1,1,1,0,0,0,0
2427,141578,10,LPTC (self-motion),0,not-CX,547.3,83.8,259.2,LHPV5b3,1,1,0,0,1,0
2428,141661,1,sensory,0,not-CX,0.0,0.0,0.0,ORN_VA2,0,0,0,0,0,1
2429,141823,10,LPTC (self-motion),0,not-CX,527.6,151.2,138.9,LHAV7a5,1,1,0,0,1,0
2430,141877,10,LPTC (self-motion),0,not-CX,534.2,159.0,135.3,LHAV7a1,1,1,0,0,1,0
2431,141991,1,sensory,0,not-CX,0.0,0.0,0.0,ORN_VM7d,0,0,0,0,0,1
2432,142052,2,antennal,0,not-CX,319.7,276.8,101.9,M_VPNml66,0,0,0,0,0,0
2433,142147,10,LPTC (self-motion),0,not-CX,544.3,90.6,259.6,LHPV5b6,1,1,0,0,1,0
2434,142187,1,sensory,0,not-CX,0.0,0.0,0.0,ORN_VC5,0,0,0,0,0,1
2435,142188,1,sensory,0,not-CX,0.0,0.0,0.0,ORN_DC3,0,0,0,0,0,1
2436,142330,1,sensory,0,not-CX,0.0,0.0,0.0,ORN_DL5,0,0,0,0,0,1
2437,142379,1,sensory,0,not-CX,0.0,0.0,0.0,ORN_VC5,0,0,0,0,0,1
2438,142440,1,sensory,0,not-CX,0.0,0.0,0.0,ORN_VC1,0,0,0,0,0,1
2439,142605,2,antennal,0,not-CX,538.5,208.6,126.8,WEDPN17_b,1,0,1,0,1,0
2440,142731,1,sensory,0,not-CX,0.0,0.0,0.0,ORN_DA1,0,0,0,0,0,1
2441,142804,0,unnamed,0,not-CX,0.0,0.0,0.0,JO-EV6,0,0,0,0,0,1
2442,142951,1,sensory,0,not-CX,0.0,0.0,0.0,ORN_DA1,0,0,0,0,0,1
2443,142962,1,sensory,0,not-CX,0.0,0.0,0.0,ORN_VA2,0,0,0,0,0,1
2444,143077,1,sensory,0,not-CX,0.0,0.0,0.0,ORN_VM7v,0,0,0,0,0,1
2445,143391,1,sensory,0,not-CX,0.0,0.0,0.0,ORN_DC2,0,0,0,0,0,1
2446,143472,1,sensory,0,not-CX,0.0,0.0,0.0,ORN_VA1v,0,0,0,0,0,1
2447,143631,2,antennal,0,not-CX,469.0,267.5,116.3,M_vPNml83,0,0,0,0,1,0
2448,143752,10,LPTC (self-motion),0,not-CX,574.8,117.0,272.9,LHPV4c4,1,1,0,0,1,0
2449,143764,1,sensory,0,not-CX,0.0,0.0,0.0,ORN_DC1,0,0,0,0,0,1
2450,143780,1,sensory,0,not-CX,0.0,0.0,0.0,ORN_DA1,0,0,0,0,0,1
2451,143821,10,LPTC (self-motion),0,not-CX,532.2,79.3,259.3,LHPV5b1,1,1,0,0,1,0
2452,143859,10,LPTC (self-motion),0,not-CX,209.6,92.4,261.7,LHPV6f1,1,1,0,0,0,0
2453,143937,1,sensory,0,not-CX,0.0,0.0,0.0,ORN_VM7v,0,0,0,0,0,1
2454,143987,1,sensory,0,not-CX,0.0,0.0,0.0,ORN_VA1v,0,0,0,0,0,1
2455,144184,1,sensory,0,not-CX,0.0,0.0,0.0,ORN_VC5,0,0,0,0,0,1
2456,144349,10,LPTC (self-motion),0,not-CX,562.4,81.3,256.0,LHPV6h1_b,1,1,0,0,1,0
2457,144497,10,LPTC (self-motion),0,not-CX,591.4,112.2,174.7,LHAV5a2_d,1,1,0,0,1,0
2458,144524,1,sensory,0,not-CX,0.0,0.0,0.0,ORN_VC1,0,0,0,0,0,1
2459,144591,10,LPTC (self-motion),0,not-CX,560.8,87.2,260.0,LHPV6h1,1,1,0,0,1,0
2460,144724,1,sensory,0,not-CX,0.0,0.0,0.0,ORN_VM7d,0,0,0,0,0,1
2461,144792,1,sensory,0,not-CX,0.0,0.0,0.0,ORN_VM7v,0,0,0,0,0,1
2462,144851,10,LPTC (self-motion),0,not-CX,530.9,144.3,138.5,LHAV7a4,1,1,0,0,1,0
2463,144865,10,LPTC (self-motion),0,not-CX,593.0,104.0,181.4,LHAV5a2_a1,1,1,0,0,1,0
2464,145019,1,sensory,0,not-CX,0.0,0.0,0.0,ORN_DC3,0,0,0,0,0,1
2465,145123,10,LPTC (self-motion),0,not-CX,599.4,114.4,171.9,LHAV5a2_b,1,1,0,0,1,0
2466,145155,10,LPTC (self-motion),0,not-CX,564.9,86.7,255.3,LHPV6a1,1,1,0,0,1,0
2467,145198,0,unnamed,0,not-CX,0.0,0.0,0.0,JO-EV6,0,0,0,0,0,1
2468,145253,1,sensory,0,not-CX,0.0,0.0,0.0,ORN_VA2,0,0,0,0,0,1
2469,145367,1,sensory,0,not-CX,0.0,0.0,0.0,ORN_VA1v,0,0,0,0,0,1
2470,145394,1,sensory,0,not-CX,0.0,0.0,0.0,ORN_VA1v,0,0,0,0,0,1
2471,145847,1,sensory,0,not-CX,0.0,0.0,0.0,ORN_VA2,0,0,0,0,0,1
2472,146212,1,sensory,0,not-CX,0.0,0.0,0.0,ORN_DC1,0,0,0,0,0,1
2473,146241,10,LPTC (self-motion),0,not-CX,539.5,150.1,139.9,LHAV7a7,1,1,0,0,1,0
2474,146273,2,antennal,0,not-CX,313.4,282.8,112.3,CB3447,0,0,0,0,0,0
2475,146328,1,sensory,0,not-CX,0.0,0.0,0.0,ORN_VA1v,0,0,0,0,0,1
2476,146374,2,antennal,0,not-CX,520.4,135.4,126.3,WEDPN8B,1,0,1,0,1,0
2477,146413,1,sensory,0,not-CX,0.0,0.0,0.0,ORN_DC1,0,0,0,0,0,1
2478,146547,1,sensory,0,not-CX,0.0,0.0,0.0,ORN_VM7v,0,0,0,0,0,1
2479,146635,1,sensory,0,not-CX,0.0,0.0,0.0,ORN_DL5,0,0,0,0,0,1
2480,146697,1,sensory,0,not-CX,0.0,0.0,0.0,ORN_VC5,0,0,0,0,0,1
2481,146728,1,sensory,0,not-CX,0.0,0.0,0.0,ORN_DL5,0,0,0,0,0,1
2482,146755,10,LPTC (self-motion),0,not-CX,519.4,175.1,280.9,LHPV2e1_a,1,1,0,1,1,0
2483,146931,10,LPTC (self-motion),0,not-CX,561.6,118.6,271.4,LHPV4b3,1,1,0,0,1,0
2484,146935,10,LPTC (self-motion),0,not-CX,585.3,88.6,247.2,LHPV5h4,1,1,0,0,1,0
2485,147029,0,unnamed,0,not-CX,0.0,0.0,0.0,JO-EV2,0,0,0,0,0,1
2486,147123,1,sensory,0,not-CX,0.0,0.0,0.0,ORN_DC1,0,0,0,0,0,1
2487,147221,1,sensory,0,not-CX,0.0,0.0,0.0,ORN_DC3,0,0,0,0,0,1
2488,147261,1,sensory,0,not-CX,0.0,0.0,0.0,ORN_VL2a,0,0,0,0,0,1
2489,147337,1,sensory,0,not-CX,0.0,0.0,0.0,ORN_DL5,0,0,0,0,0,1
2490,147530,10,LPTC (self-motion),0,not-CX,529.3,84.9,261.9,LHPV5b3,1,1,0,0,1,0
2491,147637,10,LPTC (self-motion),0,not-CX,579.5,154.3,169.5,LHAV2b6,1,1,0,0,1,0
2492,147977,1,sensory,0,not-CX,0.0,0.0,0.0,ORN_DC3,0,0,0,0,0,1
2493,147992,10,LPTC (self-motion),0,not-CX,529.7,81.2,257.4,LHPV5b6,1,1,0,0,1,0
2494,148152,10,LPTC (self-motion),0,not-CX,568.5,143.0,178.0,LHAV6a4,1,1,0,0,1,0
2495,148236,10,LPTC (self-motion),0,not-CX,212.2,125.2,275.8,LHPV5g1_a,1,1,0,0,0,0
2496,148268,1,sensory,0,not-CX,0.0,0.0,0.0,ORN_DC4,0,0,0,0,0,1
2497,148333,10,LPTC (self-motion),0,not-CX,577.3,102.7,267.3,LHPV5g2,1,1,0,0,1,0
2498,148334,10,LPTC (self-motion),0,not-CX,558.8,101.6,266.8,LHPV5a5,1,1,0,0,1,0
2499,148445,1,sensory,0,not-CX,0.0,0.0,0.0,ORN_VA2,0,0,0,0,0,1
2500,148484,10,LPTC (self-motion),0,not-CX,510.8,135.1,283.8,LHPV2c1_a,1,1,0,1,1,0
2501,148609,1,sensory,0,not-CX,0.0,0.0,0.0,ORN_VA1d,0,0,0,0,0,1
2502,148621,1,sensory,0,not-CX,0.0,0.0,0.0,ORN_VC2,0,0,0,0,0,1
2503,148931,1,sensory,0,not-CX,0.0,0.0,0.0,ORN_VL1,0,0,0,0,0,1
2504,149089,1,sensory,0,not-CX,0.0,0.0,0.0,ORN_DA4l,0,0,0,0,0,1
2505,149131,1,sensory,0,not-CX,0.0,0.0,0.0,ORN_DM4,0,0,0,0,0,1
2506,149145,1,sensory,0,not-CX,0.0,0.0,0.0,ORN_VC5,0,0,0,0,0,1
2507,149192,1,sensory,0,not-CX,0.0,0.0,0.0,ORN_VC3,0,0,0,0,0,1
2508,149264,10,LPTC (self-motion),0,not-CX,579.1,99.7,260.4,LHPV6f1,1,1,0,0,1,0
2509,149430,10,LPTC (self-motion),0,not-CX,561.6,98.3,265.6,LHPV5d3,1,1,0,0,1,0
2510,149435,1,sensory,0,not-CX,0.0,0.0,0.0,ORN_VA1v,0,0,0,0,0,1
2511,149599,10,LPTC (self-motion),0,not-CX,586.2,116.7,245.1,LHPV3a2,1,1,0,0,1,0
2512,149658,1,sensory,0,not-CX,0.0,0.0,0.0,ORN_VC3,0,0,0,0,0,1
2513,149976,10,LPTC (self-motion),0,not-CX,532.3,87.7,258.5,LHPV5b3,1,1,0,0,1,0
2514,150200,10,LPTC (self-motion),0,not-CX,529.1,84.4,259.0,LHPV5b6,1,1,0,0,1,0
2515,150217,1,sensory,0,not-CX,0.0,0.0,0.0,ORN_VL2a,0,0,0,0,0,1
2516,150625,1,sensory,0,not-CX,0.0,0.0,0.0,ORN_DA1,0,0,0,0,0,1
2517,150864,10,LPTC (self-motion),0,not-CX,530.2,149.3,140.6,LHAV7a4,1,1,0,0,1,0
2518,150881,10,LPTC (self-motion),0,not-CX,181.0,110.4,258.8,LHPV5g2,1,1,0,0,0,0
2519,150947,1,sensory,0,not-CX,0.0,0.0,0.0,ORN_DM1,0,0,0,0,0,1
2520,151217,10,LPTC (self-motion),0,not-CX,577.3,147.9,163.4,LHAV2b8,1,1,0,0,1,0
2521,151445,10,LPTC (self-motion),0,not-CX,216.1,89.6,264.4,LHPV5b2,1,1,0,0,0,0
2522,151472,1,sensory,0,not-CX,0.0,0.0,0.0,ORN_VA7l,0,0,0,0,0,1
2523,151544,10,LPTC (self-motion),0,not-CX,527.0,80.2,259.6,LHPV5c1,1,1,0,0,1,0
2524,151915,1,sensory,0,not-CX,0.0,0.0,0.0,ORN_DC2,0,0,0,0,0,1
2525,151943,10,LPTC (self-motion),0,not-CX,546.2,87.4,260.0,LHPV5b2,1,1,0,0,1,0
2526,152141,10,LPTC (self-motion),0,not-CX,581.4,83.4,248.3,LHPV5m1,1,1,0,0,1,0
2527,152383,10,LPTC (self-motion),0,not-CX,535.9,148.9,139.4,LHAV7a3,1,1,0,0,1,0
2528,152540,10,LPTC (self-motion),0,not-CX,576.1,108.3,259.2,LHPV6f1,1,1,0,0,1,0
2529,152556,2,antennal,0,not-CX,462.6,277.1,106.1,M_vPNml84,0,0,0,0,1,0
2530,152643,1,sensory,0,not-CX,0.0,0.0,0.0,ORN_DA1,0,0,0,0,0,1
2531,152651,1,sensory,0,not-CX,0.0,0.0,0.0,ORN_VL2a,0,0,0,0,0,1
2532,152699,1,sensory,0,not-CX,0.0,0.0,0.0,ORN_VA1v,0,0,0,0,0,1
2533,152840,1,sensory,0,not-CX,0.0,0.0,0.0,ORN_VL2a,0,0,0,0,0,1
2534,152842,1,sensory,0,not-CX,0.0,0.0,0.0,ORN_V,0,0,0,0,0,1
2535,152946,1,sensory,0,not-CX,0.0,0.0,0.0,ORN_DA1,0,0,0,0,0,1
2536,153046,1,sensory,0,not-CX,0.0,0.0,0.0,ORN_DM1,0,0,0,0,0,1
2537,153106,10,LPTC (self-motion),0,not-CX,541.8,89.0,261.4,LHPV5b3,1,1,0,0,1,0
2538,153442,10,LPTC (self-motion),0,not-CX,249.6,84.6,259.1,LHPV5c1_d,1,1,0,1,0,0
2539,153554,1,sensory,0,not-CX,0.0,0.0,0.0,ORN_DA1,0,0,0,0,0,1
2540,153577,10,LPTC (self-motion),0,not-CX,535.1,85.0,258.2,LHPV5b3,1,1,0,0,1,0
2541,153662,10,LPTC (self-motion),0,not-CX,537.8,149.4,136.5,LHAV7a5,1,1,0,0,1,0
2542,153706,1,sensory,0,not-CX,0.0,0.0,0.0,ORN_VC5,0,0,0,0,0,1
2543,153770,10,LPTC (self-motion),0,not-CX,577.6,118.9,261.4,LHPV4h1,1,1,0,0,1,0
2544,153849,1,sensory,0,not-CX,0.0,0.0,0.0,ORN_VA2,0,0,0,0,0,1
2545,153904,1,sensory,0,not-CX,0.0,0.0,0.0,ORN_VC5,0,0,0,0,0,1
2546,153935,10,LPTC (self-motion),0,not-CX,531.6,150.4,138.0,LHAV7a5,1,1,0,0,1,0
2547,153948,1,sensory,0,not-CX,0.0,0.0,0.0,ORN_DL1,0,0,0,0,0,1
2548,153979,1,sensory,0,not-CX,0.0,0.0,0.0,ORN_DC4,0,0,0,0,0,1
2549,154082,10,LPTC (self-motion),0,not-CX,174.3,144.0,183.6,LHAV5a2_a3,1,1,0,0,0,0
2550,154260,1,sensory,0,not-CX,0.0,0.0,0.0,ORN_DL5,0,0,0,0,0,1
2551,154416,1,sensory,0,not-CX,0.0,0.0,0.0,ORN_VA2,0,0,0,0,0,1
2552,154593,1,sensory,0,not-CX,0.0,0.0,0.0,ORN_VC5,0,0,0,0,0,1
2553,154649,10,LPTC (self-motion),0,not-CX,579.9,126.8,210.7,LHAV4d5,1,1,0,0,1,0
2554,154846,10,LPTC (self-motion),0,not-CX,576.0,114.0,178.3,LHAV6c1,1,1,0,0,1,0
2555,154902,10,LPTC (self-motion),0,not-CX,498.6,89.9,271.6,LHPV5c1,1,1,0,1,1,0
2556,155002,1,sensory,0,not-CX,0.0,0.0,0.0,ORN_DA4m,0,0,0,0,0,1
2557,155059,1,sensory,0,not-CX,0.0,0.0,0.0,ORN_DL2d,0,0,0,0,0,1
2558,155069,1,sensory,0,not-CX,0.0,0.0,0.0,ORN_VM5v,0,0,0,0,0,1
2559,155162,10,LPTC (self-motion),0,not-CX,583.3,122.5,164.4,LHAV6a7,1,1,0,0,1,0
2560,155166,1,sensory,0,not-CX,0.0,0.0,0.0,ORN_VC5,0,0,0,0,0,1
2561,155227,1,sensory,0,not-CX,0.0,0.0,0.0,ORN_V,0,0,0,0,0,1
2562,155228,1,sensory,0,not-CX,0.0,0.0,0.0,ORN_VA1d,0,0,0,0,0,1
2563,155294,2,antennal,0,not-CX,363.6,158.2,109.6,M_adPNm7,0,0,0,0,0,0
2564,155433,1,sensory,0,not-CX,0.0,0.0,0.0,ORN_VL1,0,0,0,0,0,1
2565,155531,1,sensory,0,not-CX,0.0,0.0,0.0,ORN_VA1v,0,0,0,0,0,1
2566,155537,10,LPTC (self-motion),0,not-CX,575.2,128.1,176.7,LHAV6c1,1,1,0,0,1,0
2567,155588,1,sensory,0,not-CX,0.0,0.0,0.0,ORN_VM5v,0,0,0,0,0,1
2568,155912,0,unnamed,0,not-CX,0.0,0.0,0.0,JO-EV2,0,0,0,0,0,1
2569,155960,1,sensory,0,not-CX,0.0,0.0,0.0,ORN_VC2,0,0,0,0,0,1
2570,156066,10,LPTC (self-motion),0,not-CX,538.9,83.7,258.8,LHPV5b4,1,1,0,0,1,0
2571,156091,1,sensory,0,not-CX,0.0,0.0,0.0,ORN_DA1,0,0,0,0,0,1
2572,156151,1,sensory,0,not-CX,0.0,0.0,0.0,ORN_VA2,0,0,0,0,0,1
2573,156304,10,LPTC (self-motion),0,not-CX,533.1,82.7,258.8,LHPV5b2,1,1,0,0,1,0
2574,156492,1,sensory,0,not-CX,0.0,0.0,0.0,ORN_DC2,0,0,0,0,0,1
2575,156551,1,sensory,0,not-CX,0.0,0.0,0.0,ORN_DA1,0,0,0,0,0,1
2576,156821,1,sensory,0,not-CX,0.0,0.0,0.0,ORN_VM7d,0,0,0,0,0,1
2577,156889,10,LPTC (self-motion),0,not-CX,534.6,166.7,120.4,LHAV7b1,1,1,0,0,1,0
2578,156929,0,unnamed,0,not-CX,0.0,0.0,0.0,JO-EV1,0,0,0,0,0,1
2579,157048,1,sensory,0,not-CX,0.0,0.0,0.0,ORN_DA4m,0,0,0,0,0,1
2580,157068,1,sensory,0,not-CX,0.0,0.0,0.0,ORN_VM7v,0,0,0,0,0,1
2581,157159,1,sensory,0,not-CX,0.0,0.0,0.0,ORN_VC5,0,0,0,0,0,1
2582,157253,1,sensory,0,not-CX,0.0,0.0,0.0,ORN_DA1,0,0,0,0,0,1
2583,157408,1,sensory,0,not-CX,0.0,0.0,0.0,ORN_VL1,0,0,0,0,0,1
2584,157469,1,sensory,0,not-CX,0.0,0.0,0.0,ORN_DA1,0,0,0,0,0,1
2585,157520,1,sensory,0,not-CX,0.0,0.0,0.0,ORN_DM1,0,0,0,0,0,1
2586,157524,1,sensory,0,not-CX,0.0,0.0,0.0,ORN_DC2,0,0,0,0,0,1
2587,157770,2,antennal,0,not-CX,532.8,207.3,124.0,WEDPN17_b,1,0,1,0,1,0
2588,157794,1,sensory,0,not-CX,0.0,0.0,0.0,ORN_DA1,0,0,0,0,0,1
2589,157828,1,sensory,0,not-CX,0.0,0.0,0.0,ORN_VC3,0,0,0,0,0,1
2590,157834,10,LPTC (self-motion),0,not-CX,576.0,133.5,271.4,LHPV2b2_a,1,1,0,0,1,0
2591,157928,1,sensory,0,not-CX,0.0,0.0,0.0,ORN_DM6,0,0,0,0,0,1
2592,157933,1,sensory,0,not-CX,0.0,0.0,0.0,ORN_VA1v,0,0,0,0,0,1
2593,157976,1,sensory,0,not-CX,0.0,0.0,0.0,ORN_VM5v,0,0,0,0,0,1
2594,158029,1,sensory,0,not-CX,0.0,0.0,0.0,ORN_DL5,0,0,0,0,0,1
2595,158137,1,sensory,0,not-CX,0.0,0.0,0.0,ORN_DM4,0,0,0,0,0,1
2596,158232,2,antennal,0,not-CX,470.6,277.0,113.6,M_vPNml69,0,0,0,0,1,0
2597,158302,1,sensory,0,not-CX,0.0,0.0,0.0,ORN_VM7v,0,0,0,0,0,1
2598,158305,1,sensory,0,not-CX,0.0,0.0,0.0,ORN_VA1d,0,0,0,0,0,1
2599,158307,1,sensory,0,not-CX,0.0,0.0,0.0,ORN_DA1,0,0,0,0,0,1
2600,158370,1,sensory,0,not-CX,0.0,0.0,0.0,ORN_VA1d,0,0,0,0,0,1
2601,158428,10,LPTC (self-motion),0,not-CX,531.1,87.9,262.4,LHPV5c3,1,1,0,0,1,0
2602,158617,1,sensory,0,not-CX,0.0,0.0,0.0,ORN_VA2,0,0,0,0,0,1
2603,158649,1,sensory,0,not-CX,0.0,0.0,0.0,ORN_VA2,0,0,0,0,0,1
2604,158788,1,sensory,0,not-CX,0.0,0.0,0.0,ORN_VA5,0,0,0,0,0,1
2605,158847,1,sensory,0,not-CX,0.0,0.0,0.0,ORN_VM5d,0,0,0,0,0,1
2606,158912,10,LPTC (self-motion),0,not-CX,536.4,80.9,259.6,LHPV5b6,1,1,0,0,1,0
2607,159036,10,LPTC (self-motion),0,not-CX,233.3,92.3,265.2,LHPV5b6,1,1,0,0,0,0
2608,159055,1,sensory,0,not-CX,0.0,0.0,0.0,ORN_DM6,0,0,0,0,0,1
2609,159132,1,sensory,0,not-CX,0.0,0.0,0.0,ORN_VA4,0,0,0,0,0,1
2610,159153,1,sensory,0,not-CX,0.0,0.0,0.0,ORN_DM6,0,0,0,0,0,1
2611,159185,1,sensory,0,not-CX,0.0,0.0,0.0,ORN_VA7m,0,0,0,0,0,1
2612,159250,10,LPTC (self-motion),0,not-CX,536.2,84.4,261.2,LHPV5b1,1,1,0,0,1,0
2613,159263,1,sensory,0,not-CX,0.0,0.0,0.0,ORN_DA1,0,0,0,0,0,1
2614,159368,10,LPTC (self-motion),0,not-CX,236.8,82.1,259.8,LHPV5c3,1,1,0,0,0,0
2615,159384,10,LPTC (self-motion),0,not-CX,525.9,83.0,261.5,LHPV5b2,1,1,0,0,1,0
2616,159458,10,LPTC (self-motion),0,not-CX,532.6,85.1,261.1,LHPV5c3,1,1,0,0,1,0
2617,159524,1,sensory,0,not-CX,0.0,0.0,0.0,ORN_VA2,0,0,0,0,0,1
2618,159530,10,LPTC (self-motion),0,not-CX,268.6,101.0,271.0,LHPV5c1,1,1,0,1,0,0
2619,159579,1,sensory,0,not-CX,0.0,0.0,0.0,ORN_VM7v,0,0,0,0,0,1
2620,159650,1,sensory,0,not-CX,0.0,0.0,0.0,ORN_VA1v,0,0,0,0,0,1
2621,159738,1,sensory,0,not-CX,0.0,0.0,0.0,ORN_VA6,0,0,0,0,0,1
2622,159755,10,LPTC (self-motion),0,not-CX,579.8,119.1,273.1,LHPV4b4,1,1,0,0,1,0
2623,159782,10,LPTC (self-motion),0,not-CX,575.8,110.6,271.6,LHPV4g1,1,1,0,0,1,0
2624,159821,1,sensory,0,not-CX,0.0,0.0,0.0,ORN_VA1d,0,0,0,0,0,1
2625,159969,1,sensory,0,not-CX,0.0,0.0,0.0,ORN_VA1v,0,0,0,0,0,1
2626,160011,1,sensory,0,not-CX,0.0,0.0,0.0,ORN_VM5v,0,0,0,0,0,1
2627,160077,1,sensory,0,not-CX,0.0,0.0,0.0,ORN_VA1v,0,0,0,0,0,1
2628,160194,1,sensory,0,not-CX,0.0,0.0,0.0,ORN_VA1d,0,0,0,0,0,1
2629,160233,1,sensory,0,not-CX,0.0,0.0,0.0,ORN_VM7v,0,0,0,0,0,1
2630,160284,1,sensory,0,not-CX,0.0,0.0,0.0,ORN_VA4,0,0,0,0,0,1
2631,160311,1,sensory,0,not-CX,0.0,0.0,0.0,ORN_VL1,0,0,0,0,0,1
2632,160357,1,sensory,0,not-CX,0.0,0.0,0.0,ORN_DM1,0,0,0,0,0,1
2633,160438,1,sensory,0,not-CX,0.0,0.0,0.0,ORN_VC2,0,0,0,0,0,1
2634,160483,1,sensory,0,not-CX,0.0,0.0,0.0,ORN_DM2,0,0,0,0,0,1
2635,160643,1,sensory,0,not-CX,0.0,0.0,0.0,ORN_DM1,0,0,0,0,0,1
2636,160712,1,sensory,0,not-CX,0.0,0.0,0.0,ORN_VA1d,0,0,0,0,0,1
2637,160729,1,sensory,0,not-CX,0.0,0.0,0.0,ORN_VA1v,0,0,0,0,0,1
2638,160731,1,sensory,0,not-CX,0.0,0.0,0.0,ORN_DA1,0,0,0,0,0,1
2639,160759,1,sensory,0,not-CX,0.0,0.0,0.0,ORN_VA1v,0,0,0,0,0,1
2640,160795,1,sensory,0,not-CX,0.0,0.0,0.0,ORN_VA4,0,0,0,0,0,1
2641,160830,1,sensory,0,not-CX,0.0,0.0,0.0,ORN_VA1v,0,0,0,0,0,1
2642,160862,10,LPTC (self-motion),0,not-CX,220.0,89.2,264.5,LHPV5b3,1,1,0,0,0,0
2643,160953,1,sensory,0,not-CX,0.0,0.0,0.0,ORN_VM7v,0,0,0,0,0,1
2644,160961,1,sensory,0,not-CX,0.0,0.0,0.0,ORN_VL2a,0,0,0,0,0,1
2645,161003,1,sensory,0,not-CX,0.0,0.0,0.0,ORN_DC3,0,0,0,0,0,1
2646,161065,10,LPTC (self-motion),0,not-CX,557.1,91.1,262.8,LHPV5b1,1,1,0,0,1,0
2647,161188,10,LPTC (self-motion),0,not-CX,525.5,168.4,282.9,LHPV2c5,1,1,0,1,1,0
2648,161241,1,sensory,0,not-CX,0.0,0.0,0.0,ORN_DC2,0,0,0,0,0,1
2649,161261,10,LPTC (self-motion),0,not-CX,535.1,80.6,257.0,LHPV5b2,1,1,0,0,1,0
2650,161413,1,sensory,0,not-CX,0.0,0.0,0.0,ORN_DM2,0,0,0,0,0,1
2651,161550,1,sensory,0,not-CX,0.0,0.0,0.0,ORN_VL1,0,0,0,0,0,1
2652,161551,1,sensory,0,not-CX,0.0,0.0,0.0,ORN_VM7v,0,0,0,0,0,1
2653,161795,1,sensory,0,not-CX,0.0,0.0,0.0,ORN_VA1v,0,0,0,0,0,1
2654,161922,1,sensory,0,not-CX,0.0,0.0,0.0,ORN_DM1,0,0,0,0,0,1
2655,162264,1,sensory,0,not-CX,0.0,0.0,0.0,ORN_DC3,0,0,0,0,0,1
2656,162554,1,sensory,0,not-CX,0.0,0.0,0.0,ORN_VC5,0,0,0,0,0,1
2657,162611,1,sensory,0,not-CX,0.0,0.0,0.0,ORN_DM1,0,0,0,0,0,1
2658,162635,1,sensory,0,not-CX,0.0,0.0,0.0,ORN_VA2,0,0,0,0,0,1
2659,162684,0,unnamed,0,not-CX,0.0,0.0,0.0,JO-EV1,0,0,0,0,0,1
2660,162687,1,sensory,0,not-CX,0.0,0.0,0.0,ORN_VL2p,0,0,0,0,0,1
2661,162742,1,sensory,0,not-CX,0.0,0.0,0.0,ORN_VA7l,0,0,0,0,0,1
2662,162790,1,sensory,0,not-CX,0.0,0.0,0.0,ORN_VA1v,0,0,0,0,0,1
2663,162830,1,sensory,0,not-CX,0.0,0.0,0.0,ORN_VL2p,0,0,0,0,0,1
2664,162905,1,sensory,0,not-CX,0.0,0.0,0.0,ORN_VL2a,0,0,0,0,0,1
2665,162999,1,sensory,0,not-CX,0.0,0.0,0.0,ORN_VA7m,0,0,0,0,0,1
2666,163037,10,LPTC (self-motion),0,not-CX,262.0,81.3,256.2,LHPV5c1_d,1,1,0,1,0,0
2667,163129,1,sensory,0,not-CX,0.0,0.0,0.0,ORN_DC4,0,0,0,0,0,1
2668,163139,10,LPTC (self-motion),0,not-CX,538.3,87.6,259.0,LHPV5c1_d,1,1,0,0,1,0
2669,163423,10,LPTC (self-motion),0,not-CX,518.4,90.5,264.7,LHPV5c1_d,1,1,0,1,1,0
2670,163519,1,sensory,0,not-CX,0.0,0.0,0.0,ORN_VA1v,0,0,0,0,0,1
2671,163625,0,unnamed,0,not-CX,0.0,0.0,0.0,JO-EV2,0,0,0,0,0,1
2672,163657,1,sensory,0,not-CX,0.0,0.0,0.0,ORN_VA2,0,0,0,0,0,1
2673,163672,1,sensory,0,not-CX,0.0,0.0,0.0,ORN_VC2,0,0,0,0,0,1
2674,163687,1,sensory,0,not-CX,0.0,0.0,0.0,ORN_VA1d,0,0,0,0,0,1
2675,163773,1,sensory,0,not-CX,0.0,0.0,0.0,ORN_VA1v,0,0,0,0,0,1
2676,163887,10,LPTC (self-motion),0,not-CX,586.0,102.3,264.2,LHPV5g2,1,1,0,0,1,0
2677,163936,1,sensory,0,not-CX,0.0,0.0,0.0,ORN_VA7m,0,0,0,0,0,1
2678,163950,1,sensory,0,not-CX,0.0,0.0,0.0,ORN_VC2,0,0,0,0,0,1
2679,163983,1,sensory,0,not-CX,0.0,0.0,0.0,ORN_VM7d,0,0,0,0,0,1
2680,164026,1,sensory,0,not-CX,0.0,0.0,0.0,ORN_VM5v,0,0,0,0,0,1
2681,164039,1,sensory,0,not-CX,0.0,0.0,0.0,ORN_DP1l,0,0,0,0,0,1
2682,164269,1,sensory,0,not-CX,0.0,0.0,0.0,ORN_VA2,0,0,0,0,0,1
2683,164308,1,sensory,0,not-CX,0.0,0.0,0.0,ORN_VA1v,0,0,0,0,0,1
2684,164384,1,sensory,0,not-CX,0.0,0.0,0.0,ORN_VA2,0,0,0,0,0,1
2685,164441,1,sensory,0,not-CX,0.0,0.0,0.0,ORN_DA1,0,0,0,0,0,1
2686,164459,1,sensory,0,not-CX,0.0,0.0,0.0,ORN_DA1,0,0,0,0,0,1
2687,164471,1,sensory,0,not-CX,0.0,0.0,0.0,ORN_VA7l,0,0,0,0,0,1
2688,164497,1,sensory,0,not-CX,0.0,0.0,0.0,ORN_DA1,0,0,0,0,0,1
2689,164505,1,sensory,0,not-CX,0.0,0.0,0.0,ORN_VA4,0,0,0,0,0,1
2690,164575,1,sensory,0,not-CX,0.0,0.0,0.0,ORN_VL1,0,0,0,0,0,1
2691,164697,10,LPTC (self-motion),0,not-CX,593.3,112.1,169.7,LHAV5a2_a3,1,1,0,0,1,0
2692,164719,1,sensory,0,not-CX,0.0,0.0,0.0,ORN_VC3,0,0,0,0,0,1
2693,164774,10,LPTC (self-motion),0,not-CX,562.1,94.4,264.3,LHPV5b1,1,1,0,0,1,0
2694,164818,1,sensory,0,not-CX,0.0,0.0,0.0,ORN_VC2,0,0,0,0,0,1
2695,164841,1,sensory,0,not-CX,0.0,0.0,0.0,ORN_VM7v,0,0,0,0,0,1
2696,164908,1,sensory,0,not-CX,0.0,0.0,0.0,ORN_VA1d,0,0,0,0,0,1
2697,164931,1,sensory,0,not-CX,0.0,0.0,0.0,ORN_VA6,0,0,0,0,0,1
2698,164962,1,sensory,0,not-CX,0.0,0.0,0.0,ORN_VL2a,0,0,0,0,0,1
2699,165072,1,sensory,0,not-CX,0.0,0.0,0.0,ORN_VL2a,0,0,0,0,0,1
2700,165121,1,sensory,0,not-CX,0.0,0.0,0.0,ORN_VL1,0,0,0,0,0,1
2701,165179,1,sensory,0,not-CX,0.0,0.0,0.0,ORN_DM6,0,0,0,0,0,1
2702,165202,2,antennal,0,not-CX,520.1,132.8,128.3,WEDPN8B,0,0,0,0,1,0
2703,165285,1,sensory,0,not-CX,0.0,0.0,0.0,ORN_VA1d,0,0,0,0,0,1
2704,165319,1,sensory,0,not-CX,0.0,0.0,0.0,ORN_VA4,0,0,0,0,0,1
2705,165341,1,sensory,0,not-CX,0.0,0.0,0.0,ORN_VA2,0,0,0,0,0,1
2706,165487,1,sensory,0,not-CX,0.0,0.0,0.0,ORN_VL1,0,0,0,0,0,1
2707,165599,10,LPTC (self-motion),0,not-CX,546.6,80.9,257.6,LHPV5b2,1,1,0,0,1,0
2708,165653,10,LPTC (self-motion),0,not-CX,588.4,110.4,173.0,LHAV5a2_b,1,1,0,0,1,0
2709,165676,1,sensory,0,not-CX,0.0,0.0,0.0,ORN_VL2p,0,0,0,0,0,1
2710,165678,1,sensory,0,not-CX,0.0,0.0,0.0,ORN_VA1v,0,0,0,0,0,1
2711,165687,1,sensory,0,not-CX,0.0,0.0,0.0,ORN_VA7m,0,0,0,0,0,1
2712,165693,1,sensory,0,not-CX,0.0,0.0,0.0,ORN_DM2,0,0,0,0,0,1
2713,165795,1,sensory,0,not-CX,0.0,0.0,0.0,ORN_VL1,0,0,0,0,0,1
2714,165800,10,LPTC (self-motion),0,not-CX,544.0,84.6,259.6,LHPV5b2,1,1,0,0,1,0
2715,165830,10,LPTC (self-motion),0,not-CX,248.4,81.5,257.9,LHPV5c1_d,1,1,0,1,0,0
2716,165901,10,LPTC (self-motion),0,not-CX,253.6,166.1,142.6,LHAV7a1_a,1,1,0,1,0,0
2717,165949,1,sensory,0,not-CX,0.0,0.0,0.0,ORN_DM6,0,0,0,0,0,1
2718,166059,1,sensory,0,not-CX,0.0,0.0,0.0,ORN_VC2,0,0,0,0,0,1
2719,166238,10,LPTC (self-motion),0,not-CX,555.9,87.9,262.1,LHPV5c3,1,1,0,0,1,0
2720,166260,1,sensory,0,not-CX,0.0,0.0,0.0,ORN_VA1v,0,0,0,0,0,1
2721,166286,10,LPTC (self-motion),0,not-CX,233.3,81.0,264.7,LHPV5c3,1,1,0,0,0,0
2722,166304,1,sensory,0,not-CX,0.0,0.0,0.0,ORN_DA1,0,0,0,0,0,1
2723,166510,1,sensory,0,not-CX,0.0,0.0,0.0,ORN_VL1,0,0,0,0,0,1
2724,166594,10,LPTC (self-motion),0,not-CX,226.5,94.4,267.8,LHPV5b3,1,1,0,0,0,0
2725,166688,1,sensory,0,not-CX,0.0,0.0,0.0,ORN_DM4,0,0,0,0,0,1
2726,166768,1,sensory,0,not-CX,0.0,0.0,0.0,ORN_VA1v,0,0,0,0,0,1
2727,166888,10,LPTC (self-motion),0,not-CX,537.8,88.3,261.7,LHPV5b2,1,1,0,0,1,0
2728,166946,1,sensory,0,not-CX,0.0,0.0,0.0,ORN_DC2,0,0,0,0,0,1
2729,166950,1,sensory,0,not-CX,0.0,0.0,0.0,ORN_DC2,0,0,0,0,0,1
2730,167083,10,LPTC (self-motion),0,not-CX,558.6,124.3,264.8,LHPV4h1,1,1,0,0,1,0
2731,167121,1,sensory,0,not-CX,0.0,0.0,0.0,ORN_VA1v,0,0,0,0,0,1
2732,167207,10,LPTC (self-motion),0,not-CX,553.2,95.6,266.2,LHPV5a3,1,1,0,0,1,0
2733,167280,1,sensory,0,not-CX,0.0,0.0,0.0,ORN_VC2,0,0,0,0,0,1
2734,167295,1,sensory,0,not-CX,0.0,0.0,0.0,ORN_VM7d,0,0,0,0,0,1
2735,167320,1,sensory,0,not-CX,0.0,0.0,0.0,ORN_DC4,0,0,0,0,0,1
2736,167377,1,sensory,0,not-CX,0.0,0.0,0.0,ORN_DA1,0,0,0,0,0,1
2737,167414,10,LPTC (self-motion),0,not-CX,547.0,95.7,265.0,LHPV5a1,1,1,0,0,1,0
2738,167423,1,sensory,0,not-CX,0.0,0.0,0.0,ORN_DA1,0,0,0,0,0,1
2739,167456,1,sensory,0,not-CX,0.0,0.0,0.0,ORN_VA1d,0,0,0,0,0,1
2740,167497,10,LPTC (self-motion),0,not-CX,239.6,82.4,257.2,LHPV5c3,1,1,0,1,0,0
2741,167511,1,sensory,0,not-CX,0.0,0.0,0.0,ORN_DA1,0,0,0,0,0,1
2742,167513,1,sensory,0,not-CX,0.0,0.0,0.0,ORN_VC2,0,0,0,0,0,1
2743,167598,10,LPTC (self-motion),0,not-CX,214.9,97.2,267.7,LHPV5b1,1,1,0,0,0,0
2744,167640,1,sensory,0,not-CX,0.0,0.0,0.0,ORN_DM1,0,0,0,0,0,1
2745,167653,1,sensory,0,not-CX,0.0,0.0,0.0,ORN_VL2a,0,0,0,0,0,1
2746,167898,1,sensory,0,not-CX,0.0,0.0,0.0,ORN_VL2a,0,0,0,0,0,1
2747,167934,1,sensory,0,not-CX,0.0,0.0,0.0,ORN_DA4m,0,0,0,0,0,1
2748,168233,1,sensory,0,not-CX,0.0,0.0,0.0,ORN_VA6,0,0,0,0,0,1
2749,168373,1,sensory,0,not-CX,0.0,0.0,0.0,ORN_DC1,0,0,0,0,0,1
2750,168415,1,sensory,0,not-CX,0.0,0.0,0.0,ORN_DC4,0,0,0,0,0,1
2751,168463,1,sensory,0,not-CX,0.0,0.0,0.0,ORN_VM3,0,0,0,0,0,1
2752,168674,1,sensory,0,not-CX,0.0,0.0,0.0,ORN_VA1v,0,0,0,0,0,1
2753,168693,10,LPTC (self-motion),0,not-CX,534.8,77.7,257.8,LHPV5b1,1,1,0,0,1,0
2754,168753,1,sensory,0,not-CX,0.0,0.0,0.0,ORN_VA1d,0,0,0,0,0,1
2755,168808,1,sensory,0,not-CX,0.0,0.0,0.0,ORN_VM7v,0,0,0,0,0,1
2756,168860,1,sensory,0,not-CX,0.0,0.0,0.0,ORN_VA1d,0,0,0,0,0,1
2757,168906,1,sensory,0,not-CX,0.0,0.0,0.0,ORN_VA4,0,0,0,0,0,1
2758,168914,1,sensory,0,not-CX,0.0,0.0,0.0,ORN_VM5v,0,0,0,0,0,1
2759,169134,1,sensory,0,not-CX,0.0,0.0,0.0,ORN_VC5,0,0,0,0,0,1
2760,169187,1,sensory,0,not-CX,0.0,0.0,0.0,ORN_VA2,0,0,0,0,0,1
2761,169199,10,LPTC (self-motion),0,not-CX,538.4,77.9,257.9,LHPV5b3,1,1,0,0,1,0
2762,169217,1,sensory,0,not-CX,0.0,0.0,0.0,ORN_VL1,0,0,0,0,0,1
2763,169407,0,unnamed,0,not-CX,0.0,0.0,0.0,JO-EV1,0,0,0,0,0,1
2764,169422,1,sensory,0,not-CX,0.0,0.0,0.0,ORN_VA2,0,0,0,0,0,1
2765,169543,1,sensory,0,not-CX,0.0,0.0,0.0,ORN_DA1,0,0,0,0,0,1
2766,169617,1,sensory,0,not-CX,0.0,0.0,0.0,ORN_VA1v,0,0,0,0,0,1
2767,169631,10,LPTC (self-motion),0,not-CX,556.8,104.3,266.7,LHPV5a3,1,1,0,0,1,0
2768,169682,10,LPTC (self-motion),0,not-CX,534.8,87.4,262.8,LHPV5a3,1,1,0,0,1,0
2769,169977,1,sensory,0,not-CX,0.0,0.0,0.0,ORN_VM5d,0,0,0,0,0,1
2770,170057,10,LPTC (self-motion),0,not-CX,520.1,87.2,264.1,LHPV5c1_d,1,1,0,1,1,0
2771,170146,1,sensory,0,not-CX,0.0,0.0,0.0,ORN_DA1,0,0,0,0,0,1
2772,170158,1,sensory,0,not-CX,0.0,0.0,0.0,ORN_VA1v,0,0,0,0,0,1
2773,170322,1,sensory,0,not-CX,0.0,0.0,0.0,ORN_VA2,0,0,0,0,0,1
2774,170403,1,sensory,0,not-CX,0.0,0.0,0.0,ORN_DM1,0,0,0,0,0,1
2775,170442,1,sensory,0,not-CX,0.0,0.0,0.0,ORN_VL1,0,0,0,0,0,1
2776,170735,1,sensory,0,not-CX,0.0,0.0,0.0,ORN_VA2,0,0,0,0,0,1
2777,170747,1,sensory,0,not-CX,0.0,0.0,0.0,ORN_VL2a,0,0,0,0,0,1
2778,170854,1,sensory,0,not-CX,0.0,0.0,0.0,ORN_VC5,0,0,0,0,0,1
2779,170904,1,sensory,0,not-CX,0.0,0.0,0.0,ORN_DA1,0,0,0,0,0,1
2780,170916,1,sensory,0,not-CX,0.0,0.0,0.0,ORN_VL1,0,0,0,0,0,1
2781,170950,1,sensory,0,not-CX,0.0,0.0,0.0,ORN_VA2,0,0,0,0,0,1
2782,170999,1,sensory,0,not-CX,0.0,0.0,0.0,ORN_VA1v,0,0,0,0,0,1
2783,171087,1,sensory,0,not-CX,0.0,0.0,0.0,ORN_VC3,0,0,0,0,0,1
2784,171120,1,sensory,0,not-CX,0.0,0.0,0.0,ORN_DM2,0,0,0,0,0,1
2785,171158,1,sensory,0,not-CX,0.0,0.0,0.0,ORN_VA1v,0,0,0,0,0,1
2786,171201,1,sensory,0,not-CX,0.0,0.0,0.0,ORN_DM4,0,0,0,0,0,1
2787,171264,1,sensory,0,not-CX,0.0,0.0,0.0,ORN_V,0,0,0,0,0,1
2788,171505,1,sensory,0,not-CX,0.0,0.0,0.0,ORN_DM2,0,0,0,0,0,1
2789,171518,1,sensory,0,not-CX,0.0,0.0,0.0,ORN_DM3,0,0,0,0,0,1
2790,171550,1,sensory,0,not-CX,0.0,0.0,0.0,ORN_VA1v,0,0,0,0,0,1
2791,171625,10,LPTC (self-motion),0,not-CX,535.7,90.0,259.2,LHPV5c1_c,1,1,0,0,1,0
2792,171751,1,sensory,0,not-CX,0.0,0.0,0.0,ORN_VA1v,0,0,0,0,0,1
2793,171811,10,LPTC (self-motion),0,not-CX,560.3,90.5,261.7,LHPV5b1,1,1,0,0,1,0
2794,171940,1,sensory,0,not-CX,0.0,0.0,0.0,ORN_VM5d,0,0,0,0,0,1
2795,172117,1,sensory,0,not-CX,0.0,0.0,0.0,ORN_DL5,0,0,0,0,0,1
2796,172119,1,sensory,0,not-CX,0.0,0.0,0.0,ORN_VA1d,0,0,0,0,0,1
2797,172211,1,sensory,0,not-CX,0.0,0.0,0.0,ORN_VC5,0,0,0,0,0,1
2798,172358,1,sensory,0,not-CX,0.0,0.0,0.0,ORN_DA1,0,0,0,0,0,1
2799,172481,10,LPTC (self-motion),0,not-CX,534.4,90.1,261.6,LHPV5c3,1,1,0,0,1,0
2800,172518,1,sensory,0,not-CX,0.0,0.0,0.0,ORN_DM2,0,0,0,0,0,1
2801,172532,1,sensory,0,not-CX,0.0,0.0,0.0,ORN_DA1,0,0,0,0,0,1
2802,172598,1,sensory,0,not-CX,0.0,0.0,0.0,ORN_DA1,0,0,0,0,0,1
2803,172632,1,sensory,0,not-CX,0.0,0.0,0.0,ORN_VA7l,0,0,0,0,0,1
2804,172699,1,sensory,0,not-CX,0.0,0.0,0.0,ORN_VL2a,0,0,0,0,0,1
2805,172726,1,sensory,0,not-CX,0.0,0.0,0.0,ORN_VA1v,0,0,0,0,0,1
2806,172754,1,sensory,0,not-CX,0.0,0.0,0.0,ORN_VL2a,0,0,0,0,0,1
2807,172817,1,sensory,0,not-CX,0.0,0.0,0.0,ORN_VM5v,0,0,0,0,0,1
2808,172823,1,sensory,0,not-CX,0.0,0.0,0.0,ORN_VA1d,0,0,0,0,0,1
2809,172880,1,sensory,0,not-CX,0.0,0.0,0.0,ORN_DA2,0,0,0,0,0,1
2810,172902,1,sensory,0,not-CX,0.0,0.0,0.0,ORN_VA1v,0,0,0,0,0,1
2811,173031,1,sensory,0,not-CX,0.0,0.0,0.0,ORN_DM1,0,0,0,0,0,1
2812,173091,1,sensory,0,not-CX,0.0,0.0,0.0,ORN_VA5,0,0,0,0,0,1
2813,173273,1,sensory,0,not-CX,0.0,0.0,0.0,ORN_VA7m,0,0,0,0,0,1
2814,173387,1,sensory,0,not-CX,0.0,0.0,0.0,ORN_DM1,0,0,0,0,0,1
2815,173392,1,sensory,0,not-CX,0.0,0.0,0.0,ORN_VA1v,0,0,0,0,0,1
2816,173601,1,sensory,0,not-CX,0.0,0.0,0.0,ORN_DL5,0,0,0,0,0,1
2817,173622,1,sensory,0,not-CX,0.0,0.0,0.0,ORN_DC1,0,0,0,0,0,1
2818,173743,1,sensory,0,not-CX,0.0,0.0,0.0,ORN_DL5,0,0,0,0,0,1
2819,173751,1,sensory,0,not-CX,0.0,0.0,0.0,ORN_DM1,0,0,0,0,0,1
2820,173792,1,sensory,0,not-CX,0.0,0.0,0.0,ORN_VA6,0,0,0,0,0,1
2821,173837,1,sensory,0,not-CX,0.0,0.0,0.0,ORN_VM3,0,0,0,0,0,1
2822,173838,1,sensory,0,not-CX,0.0,0.0,0.0,ORN_DA3,0,0,0,0,0,1
2823,173874,1,sensory,0,not-CX,0.0,0.0,0.0,ORN_VA7m,0,0,0,0,0,1
2824,173910,1,sensory,0,not-CX,0.0,0.0,0.0,ORN_VA1v,0,0,0,0,0,1
2825,173912,1,sensory,0,not-CX,0.0,0.0,0.0,ORN_VA2,0,0,0,0,0,1
2826,173919,1,sensory,0,not-CX,0.0,0.0,0.0,ORN_VM5d,0,0,0,0,0,1
2827,173986,1,sensory,0,not-CX,0.0,0.0,0.0,ORN_VA7l,0,0,0,0,0,1
2828,174114,1,sensory,0,not-CX,0.0,0.0,0.0,ORN_DA1,0,0,0,0,0,1
2829,174167,1,sensory,0,not-CX,0.0,0.0,0.0,ORN_VA7l,0,0,0,0,0,1
2830,174172,1,sensory,0,not-CX,0.0,0.0,0.0,ORN_DA1,0,0,0,0,0,1
2831,174215,1,sensory,0,not-CX,0.0,0.0,0.0,ORN_VA7m,0,0,0,0,0,1
2832,174237,1,sensory,0,not-CX,0.0,0.0,0.0,ORN_VA2,0,0,0,0,0,1
2833,174242,1,sensory,0,not-CX,0.0,0.0,0.0,ORN_DC3,0,0,0,0,0,1
2834,174309,1,sensory,0,not-CX,0.0,0.0,0.0,ORN_VA1v,0,0,0,0,0,1
2835,174312,1,sensory,0,not-CX,0.0,0.0,0.0,ORN_DC1,0,0,0,0,0,1
2836,174471,1,sensory,0,not-CX,0.0,0.0,0.0,ORN_VC5,0,0,0,0,0,1
2837,174566,1,sensory,0,not-CX,0.0,0.0,0.0,ORN_VA6,0,0,0,0,0,1
2838,174595,1,sensory,0,not-CX,0.0,0.0,0.0,ORN_VL2a,0,0,0,0,0,1
2839,174731,1,sensory,0,not-CX,0.0,0.0,0.0,ORN_VC5,0,0,0,0,0,1
2840,174815,1,sensory,0,not-CX,0.0,0.0,0.0,ORN_DC4,0,0,0,0,0,1
2841,174829,1,sensory,0,not-CX,0.0,0.0,0.0,ORN_VA6,0,0,0,0,0,1
2842,174836,1,sensory,0,not-CX,0.0,0.0,0.0,ORN_VA4,0,0,0,0,0,1
2843,174849,10,LPTC (self-motion),0,not-CX,528.1,154.8,141.8,LHAV7a3,1,1,0,0,1,0
2844,174859,1,sensory,0,not-CX,0.0,0.0,0.0,ORN_DC4,0,0,0,0,0,1
2845,174888,1,sensory,0,not-CX,0.0,0.0,0.0,ORN_VA1d,0,0,0,0,0,1
2846,174893,1,sensory,0,not-CX,0.0,0.0,0.0,ORN_DA2,0,0,0,0,0,1
2847,174920,1,sensory,0,not-CX,0.0,0.0,0.0,ORN_VL2a,0,0,0,0,0,1
2848,175009,1,sensory,0,not-CX,0.0,0.0,0.0,ORN_VC2,0,0,0,0,0,1
2849,175022,1,sensory,0,not-CX,0.0,0.0,0.0,ORN_VM7v,0,0,0,0,0,1
2850,175056,1,sensory,0,not-CX,0.0,0.0,0.0,ORN_VA4,0,0,0,0,0,1
2851,175062,1,sensory,0,not-CX,0.0,0.0,0.0,ORN_VC5,0,0,0,0,0,1
2852,175087,1,sensory,0,not-CX,0.0,0.0,0.0,ORN_DL5,0,0,0,0,0,1
2853,175211,1,sensory,0,not-CX,0.0,0.0,0.0,ORN_DL2d,0,0,0,0,0,1
2854,175274,1,sensory,0,not-CX,0.0,0.0,0.0,ORN_VC4,0,0,0,0,0,1
2855,175277,1,sensory,0,not-CX,0.0,0.0,0.0,ORN_VC3,0,0,0,0,0,1
2856,175290,1,sensory,0,not-CX,0.0,0.0,0.0,ORN_DA1,0,0,0,0,0,1
2857,175330,1,sensory,0,not-CX,0.0,0.0,0.0,ORN_VL1,0,0,0,0,0,1
2858,175388,1,sensory,0,not-CX,0.0,0.0,0.0,ORN_DM6,0,0,0,0,0,1
2859,175401,1,sensory,0,not-CX,0.0,0.0,0.0,ORN_VA1v,0,0,0,0,0,1
2860,175516,1,sensory,0,not-CX,0.0,0.0,0.0,ORN_VA1v,0,0,0,0,0,1
2861,175593,1,sensory,0,not-CX,0.0,0.0,0.0,ORN_VA1v,0,0,0,0,0,1
2862,175597,1,sensory,0,not-CX,0.0,0.0,0.0,ORN_VA1v,0,0,0,0,0,1
2863,175652,1,sensory,0,not-CX,0.0,0.0,0.0,ORN_VL2a,0,0,0,0,0,1
2864,175781,10,LPTC (self-motion),0,not-CX,542.4,87.6,259.2,LHPV5c3,1,1,0,0,1,0
2865,175868,1,sensory,0,not-CX,0.0,0.0,0.0,ORN_DC1,0,0,0,0,0,1
2866,175933,1,sensory,0,not-CX,0.0,0.0,0.0,ORN_VM3,0,0,0,0,0,1
2867,176004,0,unnamed,0,not-CX,0.0,0.0,0.0,JO-EV3,0,0,0,0,0,1
2868,176133,1,sensory,0,not-CX,0.0,0.0,0.0,ORN_DL1,0,0,0,0,0,1
2869,176180,1,sensory,0,not-CX,0.0,0.0,0.0,ORN_VM5d,0,0,0,0,0,1
2870,176213,1,sensory,0,not-CX,0.0,0.0,0.0,ORN_VA1d,0,0,0,0,0,1
2871,176260,1,sensory,0,not-CX,0.0,0.0,0.0,ORN_DM1,0,0,0,0,0,1
2872,176311,1,sensory,0,not-CX,0.0,0.0,0.0,ORN_V,0,0,0,0,0,1
2873,176490,10,LPTC (self-motion),0,not-CX,574.4,120.9,259.0,LHPV4d10,1,1,0,0,1,0
2874,176575,1,sensory,0,not-CX,0.0,0.0,0.0,ORN_VL2a,0,0,0,0,0,1
2875,176609,1,sensory,0,not-CX,0.0,0.0,0.0,ORN_VA1d,0,0,0,0,0,1
2876,176823,1,sensory,0,not-CX,0.0,0.0,0.0,ORN_DP1m,0,0,0,0,0,1
2877,177056,1,sensory,0,not-CX,0.0,0.0,0.0,ORN_VA6,0,0,0,0,0,1
2878,177204,1,sensory,0,not-CX,0.0,0.0,0.0,ORN_VM3,0,0,0,0,0,1
2879,177212,1,sensory,0,not-CX,0.0,0.0,0.0,ORN_VA1d,0,0,0,0,0,1
2880,177417,1,sensory,0,not-CX,0.0,0.0,0.0,ORN_DP1m,0,0,0,0,0,1
2881,177450,1,sensory,0,not-CX,0.0,0.0,0.0,ORN_VM5d,0,0,0,0,0,1
2882,177456,1,sensory,0,not-CX,0.0,0.0,0.0,ORN_VA6,0,0,0,0,0,1
2883,177549,1,sensory,0,not-CX,0.0,0.0,0.0,ORN_V,0,0,0,0,0,1
2884,177554,1,sensory,0,not-CX,0.0,0.0,0.0,ORN_VA7m,0,0,0,0,0,1
2885,177720,1,sensory,0,not-CX,0.0,0.0,0.0,ORN_D,0,0,0,0,0,1
2886,177814,1,sensory,0,not-CX,0.0,0.0,0.0,ORN_VA7m,0,0,0,0,0,1
2887,177845,1,sensory,0,not-CX,0.0,0.0,0.0,ORN_VA1v,0,0,0,0,0,1
2888,178014,10,LPTC (self-motion),0,not-CX,548.4,107.6,267.8,LHPV5a2,1,1,0,0,1,0
2889,178284,1,sensory,0,not-CX,0.0,0.0,0.0,ORN_VL1,0,0,0,0,0,1
2890,178293,1,sensory,0,not-CX,0.0,0.0,0.0,ORN_VL2a,0,0,0,0,0,1
2891,178301,1,sensory,0,not-CX,0.0,0.0,0.0,ORN_VA7l,0,0,0,0,0,1
2892,178407,1,sensory,0,not-CX,0.0,0.0,0.0,ORN_V,0,0,0,0,0,1
2893,178445,1,sensory,0,not-CX,0.0,0.0,0.0,ORN_DA1,0,0,0,0,0,1
2894,178454,1,sensory,0,not-CX,0.0,0.0,0.0,ORN_VM2,0,0,0,0,0,1
2895,178532,1,sensory,0,not-CX,0.0,0.0,0.0,ORN_VA2,0,0,0,0,0,1
2896,178618,1,sensory,0,not-CX,0.0,0.0,0.0,ORN_VA6,0,0,0,0,0,1
2897,178728,1,sensory,0,not-CX,0.0,0.0,0.0,ORN_VC2,0,0,0,0,0,1
2898,178763,1,sensory,0,not-CX,0.0,0.0,0.0,ORN_VM5v,0,0,0,0,0,1
2899,178826,10,LPTC (self-motion),0,not-CX,537.0,83.6,256.2,LHPV5c3,1,1,0,0,1,0
2900,178860,10,LPTC (self-motion),0,not-CX,202.6,124.2,270.7,LHPV4i3,1,1,0,0,0,0
2901,178936,1,sensory,0,not-CX,0.0,0.0,0.0,ORN_VL2a,0,0,0,0,0,1
2902,178950,1,sensory,0,not-CX,0.0,0.0,0.0,ORN_DL1,0,0,0,0,0,1
2903,179013,2,antennal,0,not-CX,514.0,146.4,126.2,WEDPN8B,0,0,0,0,1,0
2904,179108,1,sensory,0,not-CX,0.0,0.0,0.0,ORN_DM1,0,0,0,0,0,1
2905,179122,1,sensory,0,not-CX,0.0,0.0,0.0,ORN_D,0,0,0,0,0,1
2906,179212,1,sensory,0,not-CX,0.0,0.0,0.0,ORN_VM3,0,0,0,0,0,1
2907,179264,1,sensory,0,not-CX,0.0,0.0,0.0,ORN_VA3,0,0,0,0,0,1
2908,179461,1,sensory,0,not-CX,0.0,0.0,0.0,ORN_DC4,0,0,0,0,0,1
2909,179507,1,sensory,0,not-CX,0.0,0.0,0.0,ORN_VL2a,0,0,0,0,0,1
2910,179677,1,sensory,0,not-CX,0.0,0.0,0.0,ORN_DM2,0,0,0,0,0,1
2911,179704,1,sensory,0,not-CX,0.0,0.0,0.0,ORN_VA1v,0,0,0,0,0,1
2912,179786,1,sensory,0,not-CX,0.0,0.0,0.0,ORN_VA2,0,0,0,0,0,1
2913,179999,1,sensory,0,not-CX,0.0,0.0,0.0,ORN_VL1,0,0,0,0,0,1
2914,180217,1,sensory,0,not-CX,0.0,0.0,0.0,ORN_VM5v,0,0,0,0,0,1
2915,180317,1,sensory,0,not-CX,0.0,0.0,0.0,ORN_DM1,0,0,0,0,0,1
2916,180327,1,sensory,0,not-CX,0.0,0.0,0.0,ORN_VA7l,0,0,0,0,0,1
2917,180333,1,sensory,0,not-CX,0.0,0.0,0.0,ORN_VL2a,0,0,0,0,0,1
2918,180465,1,sensory,0,not-CX,0.0,0.0,0.0,ORN_VA2,0,0,0,0,0,1
2919,180696,1,sensory,0,not-CX,0.0,0.0,0.0,ORN_DA1,0,0,0,0,0,1
2920,180771,1,sensory,0,not-CX,0.0,0.0,0.0,ORN_VA2,0,0,0,0,0,1
2921,180838,1,sensory,0,not-CX,0.0,0.0,0.0,ORN_DA1,0,0,0,0,0,1
2922,180940,10,LPTC (self-motion),0,not-CX,534.3,90.0,257.0,LHPV6a1,1,1,0,0,1,0
2923,181166,1,sensory,0,not-CX,0.0,0.0,0.0,ORN_DM4,0,0,0,0,0,1
2924,181207,1,sensory,0,not-CX,0.0,0.0,0.0,ORN_DM1,0,0,0,0,0,1
2925,181265,1,sensory,0,not-CX,0.0,0.0,0.0,ORN_DM2,0,0,0,0,0,1
2926,181425,1,sensory,0,not-CX,0.0,0.0,0.0,ORN_VA1v,0,0,0,0,0,1
2927,181625,1,sensory,0,not-CX,0.0,0.0,0.0,ORN_DM1,0,0,0,0,0,1
2928,181663,1,sensory,0,not-CX,0.0,0.0,0.0,ORN_DA1,0,0,0,0,0,1
2929,181683,1,sensory,0,not-CX,0.0,0.0,0.0,ORN_VC4,0,0,0,0,0,1
2930,181726,1,sensory,0,not-CX,0.0,0.0,0.0,ORN_VM7v,0,0,0,0,0,1
2931,181755,1,sensory,0,not-CX,0.0,0.0,0.0,ORN_DC1,0,0,0,0,0,1
2932,181864,1,sensory,0,not-CX,0.0,0.0,0.0,ORN_VM1,0,0,0,0,0,1
2933,182016,1,sensory,0,not-CX,0.0,0.0,0.0,ORN_DM2,0,0,0,0,0,1
2934,182050,1,sensory,0,not-CX,0.0,0.0,0.0,ORN_DM2,0,0,0,0,0,1
2935,182223,0,unnamed,0,not-CX,493.9,179.2,98.8,lLN14,0,0,0,0,1,0
2936,182235,1,sensory,0,not-CX,0.0,0.0,0.0,ORN_DA1,0,0,0,0,0,1
2937,182351,1,sensory,0,not-CX,0.0,0.0,0.0,ORN_VM5v,0,0,0,0,0,1
2938,182463,1,sensory,0,not-CX,0.0,0.0,0.0,ORN_DA1,0,0,0,0,0,1
2939,182595,1,sensory,0,not-CX,0.0,0.0,0.0,ORN_DA1,0,0,0,0,0,1
2940,182779,1,sensory,0,not-CX,0.0,0.0,0.0,ORN_DL2v,0,0,0,0,0,1
2941,182862,1,sensory,0,not-CX,0.0,0.0,0.0,ORN_VC2,0,0,0,0,0,1
2942,182888,1,sensory,0,not-CX,0.0,0.0,0.0,ORN_DM1,0,0,0,0,0,1
2943,182914,1,sensory,0,not-CX,0.0,0.0,0.0,ORN_VC4,0,0,0,0,0,1
2944,182918,1,sensory,0,not-CX,0.0,0.0,0.0,ORN_VA1v,0,0,0,0,0,1
2945,183161,1,sensory,0,not-CX,0.0,0.0,0.0,ORN_VA6,0,0,0,0,0,1
2946,183205,10,LPTC (self-motion),0,not-CX,250.0,198.0,115.3,LHAV9a1_b,1,1,0,0,0,0
2947,183267,1,sensory,0,not-CX,0.0,0.0,0.0,ORN_VA6,0,0,0,0,0,1
2948,183320,1,sensory,0,not-CX,0.0,0.0,0.0,ORN_D,0,0,0,0,0,1
2949,183425,1,sensory,0,not-CX,0.0,0.0,0.0,ORN_DM1,0,0,0,0,0,1
2950,183495,1,sensory,0,not-CX,0.0,0.0,0.0,ORN_VL1,0,0,0,0,0,1
2951,183595,1,sensory,0,not-CX,0.0,0.0,0.0,ORN_VM7v,0,0,0,0,0,1
2952,183849,1,sensory,0,not-CX,0.0,0.0,0.0,ORN_DM4,0,0,0,0,0,1
2953,183882,1,sensory,0,not-CX,0.0,0.0,0.0,ORN_VC3,0,0,0,0,0,1
2954,183950,1,sensory,0,not-CX,0.0,0.0,0.0,ORN_DM2,0,0,0,0,0,1
2955,183973,1,sensory,0,not-CX,0.0,0.0,0.0,ORN_VA2,0,0,0,0,0,1
2956,183980,1,sensory,0,not-CX,0.0,0.0,0.0,ORN_VA4,0,0,0,0,0,1
2957,184021,1,sensory,0,not-CX,0.0,0.0,0.0,ORN_VA7m,0,0,0,0,0,1
2958,184224,1,sensory,0,not-CX,0.0,0.0,0.0,ORN_DA1,0,0,0,0,0,1
2959,184230,1,sensory,0,not-CX,0.0,0.0,0.0,ORN_DM1,0,0,0,0,0,1
2960,184468,1,sensory,0,not-CX,0.0,0.0,0.0,ORN_VA2,0,0,0,0,0,1
2961,184538,1,sensory,0,not-CX,0.0,0.0,0.0,ORN_DM6,0,0,0,0,0,1
2962,184729,1,sensory,0,not-CX,0.0,0.0,0.0,ORN_VA2,0,0,0,0,0,1
2963,185057,1,sensory,0,not-CX,0.0,0.0,0.0,ORN_VM5v,0,0,0,0,0,1
2964,185133,1,sensory,0,not-CX,0.0,0.0,0.0,ORN_DC4,0,0,0,0,0,1
2965,185253,1,sensory,0,not-CX,0.0,0.0,0.0,ORN_DM4,0,0,0,0,0,1
2966,185263,1,sensory,0,not-CX,0.0,0.0,0.0,ORN_VA4,0,0,0,0,0,1
2967,185343,1,sensory,0,not-CX,0.0,0.0,0.0,ORN_VA1v,0,0,0,0,0,1
2968,185437,1,sensory,0,not-CX,0.0,0.0,0.0,ORN_DA1,0,0,0,0,0,1
2969,185469,2,antennal,0,not-CX,274.1,151.6,122.7,WEDPN8B,0,0,0,0,0,0
2970,185499,1,sensory,0,not-CX,0.0,0.0,0.0,ORN_VA6,0,0,0,0,0,1
2971,185543,1,sensory,0,not-CX,0.0,0.0,0.0,ORN_DM2,0,0,0,0,0,1
2972,185676,1,sensory,0,not-CX,0.0,0.0,0.0,ORN_VA1d,0,0,0,0,0,1
2973,185970,1,sensory,0,not-CX,0.0,0.0,0.0,ORN_VA7l,0,0,0,0,0,1
2974,185978,1,sensory,0,not-CX,0.0,0.0,0.0,ORN_DA4l,0,0,0,0,0,1
2975,186020,1,sensory,0,not-CX,0.0,0.0,0.0,ORN_VM5v,0,0,0,0,0,1
2976,186029,1,sensory,0,not-CX,0.0,0.0,0.0,ORN_VA2,0,0,0,0,0,1
2977,186039,1,sensory,0,not-CX,0.0,0.0,0.0,ORN_VC3,0,0,0,0,0,1
2978,186200,1,sensory,0,not-CX,0.0,0.0,0.0,ORN_VA2,0,0,0,0,0,1
2979,186228,1,sensory,0,not-CX,0.0,0.0,0.0,ORN_VA1v,0,0,0,0,0,1
2980,186294,1,sensory,0,not-CX,0.0,0.0,0.0,ORN_DC3,0,0,0,0,0,1
2981,186296,1,sensory,0,not-CX,0.0,0.0,0.0,ORN_DC3,0,0,0,0,0,1
2982,186397,1,sensory,0,not-CX,0.0,0.0,0.0,ORN_DM1,0,0,0,0,0,1
2983,186422,1,sensory,0,not-CX,0.0,0.0,0.0,ORN_VM1,0,0,0,0,0,1
2984,186492,1,sensory,0,not-CX,0.0,0.0,0.0,ORN_VA1v,0,0,0,0,0,1
2985,186654,1,sensory,0,not-CX,0.0,0.0,0.0,ORN_DA4m,0,0,0,0,0,1
2986,186663,1,sensory,0,not-CX,0.0,0.0,0.0,ORN_V,0,0,0,0,0,1
2987,186688,1,sensory,0,not-CX,0.0,0.0,0.0,ORN_VM5v,0,0,0,0,0,1
2988,186878,1,sensory,0,not-CX,0.0,0.0,0.0,ORN_V,0,0,0,0,0,1
2989,186879,1,sensory,0,not-CX,0.0,0.0,0.0,ORN_VM5d,0,0,0,0,0,1
2990,186893,1,sensory,0,not-CX,0.0,0.0,0.0,ORN_VA1v,0,0,0,0,0,1
2991,186894,1,sensory,0,not-CX,0.0,0.0,0.0,ORN_VC4,0,0,0,0,0,1
2992,186936,1,sensory,0,not-CX,0.0,0.0,0.0,ORN_DA1,0,0,0,0,0,1
2993,186942,1,sensory,0,not-CX,0.0,0.0,0.0,ORN_DM2,0,0,0,0,0,1
2994,186987,10,LPTC (self-motion),0,not-CX,225.6,80.4,263.7,LHPV5b1,1,1,0,0,0,0
2995,187108,1,sensory,0,not-CX,0.0,0.0,0.0,ORN_VA6,0,0,0,0,0,1
2996,187178,1,sensory,0,not-CX,0.0,0.0,0.0,ORN_DL1,0,0,0,0,0,1
2997,187330,1,sensory,0,not-CX,0.0,0.0,0.0,ORN_DM4,0,0,0,0,0,1
2998,187603,1,sensory,0,not-CX,0.0,0.0,0.0,ORN_VM6v,0,0,0,0,0,1
2999,187625,1,sensory,0,not-CX,0.0,0.0,0.0,ORN_VL1,0,0,0,0,0,1
3000,187840,1,sensory,0,not-CX,0.0,0.0,0.0,ORN_DL1,0,0,0,0,0,1
3001,187880,1,sensory,0,not-CX,0.0,0.0,0.0,ORN_DM6,0,0,0,0,0,1
3002,187926,1,sensory,0,not-CX,0.0,0.0,0.0,ORN_VL1,0,0,0,0,0,1
3003,187949,1,sensory,0,not-CX,0.0,0.0,0.0,ORN_DM1,0,0,0,0,0,1
3004,187958,1,sensory,0,not-CX,0.0,0.0,0.0,ORN_VA1d,0,0,0,0,0,1
3005,187984,1,sensory,0,not-CX,0.0,0.0,0.0,ORN_VL2p,0,0,0,0,0,1
3006,188007,1,sensory,0,not-CX,0.0,0.0,0.0,ORN_VA2,0,0,0,0,0,1
3007,188020,1,sensory,0,not-CX,0.0,0.0,0.0,ORN_DC3,0,0,0,0,0,1
3008,188063,1,sensory,0,not-CX,0.0,0.0,0.0,ORN_DC3,0,0,0,0,0,1
3009,188158,1,sensory,0,not-CX,0.0,0.0,0.0,ORN_VL2a,0,0,0,0,0,1
3010,188238,1,sensory,0,not-CX,0.0,0.0,0.0,ORN_VA3,0,0,0,0,0,1
3011,188343,1,sensory,0,not-CX,0.0,0.0,0.0,ORN_VA4,0,0,0,0,0,1
3012,188500,1,sensory,0,not-CX,0.0,0.0,0.0,ORN_DA1,0,0,0,0,0,1
3013,188609,1,sensory,0,not-CX,0.0,0.0,0.0,ORN_DM2,0,0,0,0,0,1
3014,188763,1,sensory,0,not-CX,0.0,0.0,0.0,ORN_VM1,0,0,0,0,0,1
3015,188821,1,sensory,0,not-CX,0.0,0.0,0.0,ORN_VM1,0,0,0,0,0,1
3016,188926,1,sensory,0,not-CX,0.0,0.0,0.0,ORN_VM5v,0,0,0,0,0,1
3017,188938,1,sensory,0,not-CX,0.0,0.0,0.0,ORN_DL1,0,0,0,0,0,1
3018,189020,1,sensory,0,not-CX,0.0,0.0,0.0,ORN_VC5,0,0,0,0,0,1
3019,189046,1,sensory,0,not-CX,0.0,0.0,0.0,ORN_VL1,0,0,0,0,0,1
3020,189075,1,sensory,0,not-CX,0.0,0.0,0.0,ORN_DM1,0,0,0,0,0,1
3021,189107,1,sensory,0,not-CX,0.0,0.0,0.0,ORN_VA6,0,0,0,0,0,1
3022,189294,1,sensory,0,not-CX,0.0,0.0,0.0,ORN_VA6,0,0,0,0,0,1
3023,189355,1,sensory,0,not-CX,0.0,0.0,0.0,ORN_VA2,0,0,0,0,0,1
3024,189360,1,sensory,0,not-CX,0.0,0.0,0.0,ORN_VA4,0,0,0,0,0,1
3025,189406,1,sensory,0,not-CX,0.0,0.0,0.0,ORN_VA1v,0,0,0,0,0,1
3026,189443,1,sensory,0,not-CX,0.0,0.0,0.0,ORN_DA1,0,0,0,0,0,1
3027,189502,1,sensory,0,not-CX,0.0,0.0,0.0,ORN_VM5v,0,0,0,0,0,1
3028,189518,1,sensory,0,not-CX,0.0,0.0,0.0,ORN_DM1,0,0,0,0,0,1
3029,189605,1,sensory,0,not-CX,0.0,0.0,0.0,ORN_DM1,0,0,0,0,0,1
3030,189610,1,sensory,0,not-CX,0.0,0.0,0.0,ORN_VM1,0,0,0,0,0,1
3031,189737,1,sensory,0,not-CX,0.0,0.0,0.0,ORN_VA1d,0,0,0,0,0,1
3032,189921,1,sensory,0,not-CX,0.0,0.0,0.0,ORN_VL2a,0,0,0,0,0,1
3033,190022,1,sensory,0,not-CX,0.0,0.0,0.0,ORN_VA6,0,0,0,0,0,1
3034,190032,1,sensory,0,not-CX,0.0,0.0,0.0,ORN_DM1,0,0,0,0,0,1
3035,190058,1,sensory,0,not-CX,0.0,0.0,0.0,ORN_DM6,0,0,0,0,0,1
3036,190279,1,sensory,0,not-CX,0.0,0.0,0.0,ORN_DM6,0,0,0,0,0,1
3037,190290,1,sensory,0,not-CX,0.0,0.0,0.0,ORN_DA1,0,0,0,0,0,1
3038,190294,1,sensory,0,not-CX,0.0,0.0,0.0,ORN_DM1,0,0,0,0,0,1
3039,190342,1,sensory,0,not-CX,0.0,0.0,0.0,ORN_DM3,0,0,0,0,0,1
3040,190785,1,sensory,0,not-CX,0.0,0.0,0.0,ORN_DM2,0,0,0,0,0,1
3041,190909,1,sensory,0,not-CX,0.0,0.0,0.0,ORN_DC3,0,0,0,0,0,1
3042,190954,1,sensory,0,not-CX,0.0,0.0,0.0,ORN_VA2,0,0,0,0,0,1
3043,190976,1,sensory,0,not-CX,0.0,0.0,0.0,ORN_DC3,0,0,0,0,0,1
3044,191048,1,sensory,0,not-CX,0.0,0.0,0.0,ORN_DC2,0,0,0,0,0,1
3045,191144,1,sensory,0,not-CX,0.0,0.0,0.0,ORN_DM1,0,0,0,0,0,1
3046,191158,1,sensory,0,not-CX,0.0,0.0,0.0,ORN_DA1,0,0,0,0,0,1
3047,191303,1,sensory,0,not-CX,0.0,0.0,0.0,ORN_VC2,0,0,0,0,0,1
3048,191334,10,LPTC (self-motion),0,not-CX,568.5,137.7,257.9,LHPV2b2_a,1,1,0,0,1,0
3049,191403,1,sensory,0,not-CX,0.0,0.0,0.0,ORN_VM5d,0,0,0,0,0,1
3050,191418,1,sensory,0,not-CX,0.0,0.0,0.0,ORN_DA1,0,0,0,0,0,1
3051,191562,1,sensory,0,not-CX,0.0,0.0,0.0,ORN_DC1,0,0,0,0,0,1
3052,191684,1,sensory,0,not-CX,0.0,0.0,0.0,ORN_VA7l,0,0,0,0,0,1
3053,191734,1,sensory,0,not-CX,0.0,0.0,0.0,ORN_DM6,0,0,0,0,0,1
3054,191753,1,sensory,0,not-CX,0.0,0.0,0.0,ORN_VM5d,0,0,0,0,0,1
3055,192012,1,sensory,0,not-CX,0.0,0.0,0.0,ORN_DM6,0,0,0,0,0,1
3056,192055,1,sensory,0,not-CX,0.0,0.0,0.0,ORN_VA5,0,0,0,0,0,1
3057,192077,1,sensory,0,not-CX,0.0,0.0,0.0,ORN_VA1v,0,0,0,0,0,1
3058,192351,1,sensory,0,not-CX,0.0,0.0,0.0,ORN_DA1,0,0,0,0,0,1
3059,192449,1,sensory,0,not-CX,0.0,0.0,0.0,ORN_DM6,0,0,0,0,0,1
3060,192465,0,unnamed,0,not-CX,0.0,0.0,0.0,LN-DN2,0,0,0,0,0,1
3061,192525,1,sensory,0,not-CX,0.0,0.0,0.0,ORN_VA6,0,0,0,0,0,1
3062,192555,1,sensory,0,not-CX,0.0,0.0,0.0,ORN_VA2,0,0,0,0,0,1
3063,192631,1,sensory,0,not-CX,0.0,0.0,0.0,ORN_DM1,0,0,0,0,0,1
3064,192651,10,LPTC (self-motion),0,not-CX,239.8,85.5,259.5,LHPV5c3,1,1,0,1,0,0
3065,192978,0,unnamed,0,not-CX,274.4,192.9,106.9,lLN2X12,0,0,0,0,0,0
3066,193094,1,sensory,0,not-CX,0.0,0.0,0.0,ORN_VC3,0,0,0,0,0,1
3067,193128,1,sensory,0,not-CX,0.0,0.0,0.0,ORN_VA1v,0,0,0,0,0,1
3068,193139,1,sensory,0,not-CX,0.0,0.0,0.0,ORN_VA6,0,0,0,0,0,1
3069,193203,1,sensory,0,not-CX,0.0,0.0,0.0,ORN_VC3,0,0,0,0,0,1
3070,193295,1,sensory,0,not-CX,0.0,0.0,0.0,ORN_VA6,0,0,0,0,0,1
3071,193356,1,sensory,0,not-CX,0.0,0.0,0.0,ORN_DC3,0,0,0,0,0,1
3072,193373,1,sensory,0,not-CX,0.0,0.0,0.0,ORN_DL5,0,0,0,0,0,1
3073,193476,1,sensory,0,not-CX,0.0,0.0,0.0,ORN_VL2a,0,0,0,0,0,1
3074,193625,1,sensory,0,not-CX,0.0,0.0,0.0,ORN_DP1l,0,0,0,0,0,1
3075,193701,1,sensory,0,not-CX,0.0,0.0,0.0,ORN_VL2p,0,0,0,0,0,1
3076,193726,1,sensory,0,not-CX,0.0,0.0,0.0,ORN_VC2,0,0,0,0,0,1
3077,193727,1,sensory,0,not-CX,0.0,0.0,0.0,ORN_VA1v,0,0,0,0,0,1
3078,193957,1,sensory,0,not-CX,0.0,0.0,0.0,ORN_DA1,0,0,0,0,0,1
3079,194150,1,sensory,0,not-CX,0.0,0.0,0.0,ORN_VM5d,0,0,0,0,0,1
3080,194348,0,unnamed,0,not-CX,0.0,0.0,0.0,JO-EV2,0,0,0,0,0,1
3081,194695,1,sensory,0,not-CX,0.0,0.0,0.0,ORN_DM2,0,0,0,0,0,1
3082,194870,1,sensory,0,not-CX,0.0,0.0,0.0,ORN_VA1v,0,0,0,0,0,1
3083,194874,1,sensory,0,not-CX,0.0,0.0,0.0,ORN_VA2,0,0,0,0,0,1
3084,194882,1,sensory,0,not-CX,0.0,0.0,0.0,ORN_DL1,0,0,0,0,0,1
3085,195103,1,sensory,0,not-CX,0.0,0.0,0.0,ORN_DA1,0,0,0,0,0,1
3086,195270,1,sensory,0,not-CX,0.0,0.0,0.0,ORN_DA3,0,0,0,0,0,1
3087,195280,1,sensory,0,not-CX,0.0,0.0,0.0,ORN_DM1,0,0,0,0,0,1
3088,195369,1,sensory,0,not-CX,0.0,0.0,0.0,ORN_VM5d,0,0,0,0,0,1
3089,195421,1,sensory,0,not-CX,0.0,0.0,0.0,ORN_VL2a,0,0,0,0,0,1
3090,195498,1,sensory,0,not-CX,0.0,0.0,0.0,ORN_VA6,0,0,0,0,0,1
3091,195524,1,sensory,0,not-CX,0.0,0.0,0.0,ORN_VL2a,0,0,0,0,0,1
3092,195591,2,antennal,0,not-CX,526.5,210.1,122.7,WEDPN17_c,1,0,1,0,1,0
3093,195652,1,sensory,0,not-CX,0.0,0.0,0.0,ORN_VM5v,0,0,0,0,0,1
3094,195752,1,sensory,0,not-CX,0.0,0.0,0.0,ORN_DA1,0,0,0,0,0,1
3095,195781,1,sensory,0,not-CX,0.0,0.0,0.0,ORN_VC3,0,0,0,0,0,1
3096,195820,1,sensory,0,not-CX,0.0,0.0,0.0,ORN_DA1,0,0,0,0,0,1
3097,195837,1,sensory,0,not-CX,0.0,0.0,0.0,ORN_VM1,0,0,0,0,0,1
3098,195896,1,sensory,0,not-CX,0.0,0.0,0.0,ORN_VC4,0,0,0,0,0,1
3099,196143,1,sensory,0,not-CX,0.0,0.0,0.0,ORN_VM1,0,0,0,0,0,1
3100,196208,1,sensory,0,not-CX,0.0,0.0,0.0,ORN_VM5v,0,0,0,0,0,1
3101,196230,1,sensory,0,not-CX,0.0,0.0,0.0,ORN_VM5d,0,0,0,0,0,1
3102,196407,1,sensory,0,not-CX,0.0,0.0,0.0,ORN_DA1,0,0,0,0,0,1
3103,196513,1,sensory,0,not-CX,0.0,0.0,0.0,ORN_DC3,0,0,0,0,0,1
3104,196554,1,sensory,0,not-CX,0.0,0.0,0.0,ORN_DA1,0,0,0,0,0,1
3105,196691,1,sensory,0,not-CX,0.0,0.0,0.0,ORN_VM5d,0,0,0,0,0,1
3106,196804,0,unnamed,0,not-CX,0.0,0.0,0.0,JO-EV3,0,0,0,0,0,1
3107,196818,1,sensory,0,not-CX,0.0,0.0,0.0,ORN_VL2a,0,0,0,0,0,1
3108,196833,1,sensory,0,not-CX,0.0,0.0,0.0,ORN_VC2,0,0,0,0,0,1
3109,196862,1,sensory,0,not-CX,0.0,0.0,0.0,ORN_DM6,0,0,0,0,0,1
3110,196930,1,sensory,0,not-CX,0.0,0.0,0.0,ORN_VL2a,0,0,0,0,0,1
3111,197078,1,sensory,0,not-CX,0.0,0.0,0.0,ORN_DA4m,0,0,0,0,0,1
3112,197147,1,sensory,0,not-CX,0.0,0.0,0.0,ORN_VC3,0,0,0,0,0,1
3113,197156,1,sensory,0,not-CX,0.0,0.0,0.0,ORN_DL1,0,0,0,0,0,1
3114,197416,1,sensory,0,not-CX,0.0,0.0,0.0,ORN_VA6,0,0,0,0,0,1
3115,197647,1,sensory,0,not-CX,0.0,0.0,0.0,ORN_VC3,0,0,0,0,0,1
3116,197899,1,sensory,0,not-CX,0.0,0.0,0.0,ORN_DM6,0,0,0,0,0,1
3117,197993,1,sensory,0,not-CX,0.0,0.0,0.0,ORN_DA1,0,0,0,0,0,1
3118,198139,1,sensory,0,not-CX,0.0,0.0,0.0,ORN_VA2,0,0,0,0,0,1
3119,198242,1,sensory,0,not-CX,0.0,0.0,0.0,ORN_VL2p,0,0,0,0,0,1
3120,198460,1,sensory,0,not-CX,0.0,0.0,0.0,ORN_DL1,0,0,0,0,0,1
3121,198518,1,sensory,0,not-CX,0.0,0.0,0.0,ORN_VA1v,0,0,0,0,0,1
3122,199016,1,sensory,0,not-CX,0.0,0.0,0.0,ORN_VA1v,0,0,0,0,0,1
3123,199034,1,sensory,0,not-CX,0.0,0.0,0.0,ORN_VL1,0,0,0,0,0,1
3124,199178,1,sensory,0,not-CX,0.0,0.0,0.0,ORN_VM5d,0,0,0,0,0,1
3125,199226,1,sensory,0,not-CX,0.0,0.0,0.0,ORN_DM3,0,0,0,0,0,1
3126,199315,1,sensory,0,not-CX,0.0,0.0,0.0,ORN_DL3,0,0,0,0,0,1
3127,199370,1,sensory,0,not-CX,0.0,0.0,0.0,ORN_DA1,0,0,0,0,0,1
3128,199488,1,sensory,0,not-CX,0.0,0.0,0.0,ORN_VA2,0,0,0,0,0,1
3129,199564,1,sensory,0,not-CX,0.0,0.0,0.0,ORN_VL1,0,0,0,0,0,1
3130,199601,1,sensory,0,not-CX,0.0,0.0,0.0,ORN_VM5d,0,0,0,0,0,1
3131,199691,1,sensory,0,not-CX,0.0,0.0,0.0,ORN_VA1d,0,0,0,0,0,1
3132,199823,1,sensory,0,not-CX,0.0,0.0,0.0,ORN_DA1,0,0,0,0,0,1
3133,199850,1,sensory,0,not-CX,0.0,0.0,0.0,ORN_DM6,0,0,0,0,0,1
3134,200223,1,sensory,0,not-CX,0.0,0.0,0.0,ORN_DL1,0,0,0,0,0,1
3135,200244,1,sensory,0,not-CX,0.0,0.0,0.0,ORN_DL1,0,0,0,0,0,1
3136,200319,1,sensory,0,not-CX,0.0,0.0,0.0,ORN_DL3,0,0,0,0,0,1
3137,200596,1,sensory,0,not-CX,0.0,0.0,0.0,ORN_VM5d,0,0,0,0,0,1
3138,200896,1,sensory,0,not-CX,0.0,0.0,0.0,ORN_DA1,0,0,0,0,0,1
3139,200909,1,sensory,0,not-CX,0.0,0.0,0.0,ORN_VA1v,0,0,0,0,0,1
3140,201164,1,sensory,0,not-CX,0.0,0.0,0.0,ORN_VL2a,0,0,0,0,0,1
3141,201276,1,sensory,0,not-CX,0.0,0.0,0.0,ORN_VM3,0,0,0,0,0,1
3142,201369,1,sensory,0,not-CX,0.0,0.0,0.0,ORN_DP1m,0,0,0,0,0,1
3143,201419,1,sensory,0,not-CX,0.0,0.0,0.0,ORN_VA3,0,0,0,0,0,1
3144,201597,10,LPTC (self-motion),0,not-CX,540.8,85.1,260.9,LHPV5b1,1,1,0,0,1,0
3145,201687,1,sensory,0,not-CX,0.0,0.0,0.0,ORN_VM3,0,0,0,0,0,1
3146,201843,1,sensory,0,not-CX,0.0,0.0,0.0,ORN_VA6,0,0,0,0,0,1
3147,201931,1,sensory,0,not-CX,0.0,0.0,0.0,ORN_VM3,0,0,0,0,0,1
3148,201965,1,sensory,0,not-CX,0.0,0.0,0.0,ORN_DM2,0,0,0,0,0,1
3149,202010,1,sensory,0,not-CX,0.0,0.0,0.0,ORN_VA6,0,0,0,0,0,1
3150,202124,1,sensory,0,not-CX,0.0,0.0,0.0,ORN_VM1,0,0,0,0,0,1
3151,202140,1,sensory,0,not-CX,0.0,0.0,0.0,ORN_DM1,0,0,0,0,0,1
3152,202226,1,sensory,0,not-CX,0.0,0.0,0.0,ORN_VA4,0,0,0,0,0,1
3153,202294,1,sensory,0,not-CX,0.0,0.0,0.0,ORN_VM3,0,0,0,0,0,1
3154,202321,1,sensory,0,not-CX,0.0,0.0,0.0,ORN_VA2,0,0,0,0,0,1
3155,202455,1,sensory,0,not-CX,0.0,0.0,0.0,ORN_DA4m,0,0,0,0,0,1
3156,202599,1,sensory,0,not-CX,0.0,0.0,0.0,ORN_VA6,0,0,0,0,0,1
3157,202705,1,sensory,0,not-CX,0.0,0.0,0.0,ORN_DM1,0,0,0,0,0,1
3158,202762,1,sensory,0,not-CX,0.0,0.0,0.0,ORN_DA1,0,0,0,0,0,1
3159,202768,1,sensory,0,not-CX,0.0,0.0,0.0,ORN_VL2p,0,0,0,0,0,1
3160,202796,1,sensory,0,not-CX,0.0,0.0,0.0,ORN_VL2a,0,0,0,0,0,1
3161,202799,1,sensory,0,not-CX,0.0,0.0,0.0,ORN_DM6,0,0,0,0,0,1
3162,202964,1,sensory,0,not-CX,0.0,0.0,0.0,ORN_VM3,0,0,0,0,0,1
3163,203339,1,sensory,0,not-CX,0.0,0.0,0.0,ORN_DM2,0,0,0,0,0,1
3164,203360,1,sensory,0,not-CX,0.0,0.0,0.0,ORN_DA1,0,0,0,0,0,1
3165,203443,1,sensory,0,not-CX,0.0,0.0,0.0,ORN_VM7v,0,0,0,0,0,1
3166,203654,1,sensory,0,not-CX,0.0,0.0,0.0,ORN_VA1v,0,0,0,0,0,1
3167,203688,10,LPTC (self-motion),0,not-CX,581.8,151.0,164.4,LHAV2g2_a,1,1,0,0,1,0
3168,203780,1,sensory,0,not-CX,0.0,0.0,0.0,ORN_DA2,0,0,0,0,0,1
3169,203974,1,sensory,0,not-CX,0.0,0.0,0.0,ORN_VM5d,0,0,0,0,0,1
3170,204029,1,sensory,0,not-CX,0.0,0.0,0.0,ORN_DL5,0,0,0,0,0,1
3171,204061,1,sensory,0,not-CX,0.0,0.0,0.0,ORN_DM2,0,0,0,0,0,1
3172,204087,1,sensory,0,not-CX,0.0,0.0,0.0,ORN_DA1,0,0,0,0,0,1
3173,204129,1,sensory,0,not-CX,0.0,0.0,0.0,ORN_VC4,0,0,0,0,0,1
3174,204248,1,sensory,0,not-CX,0.0,0.0,0.0,ORN_DM1,0,0,0,0,0,1
3175,204265,1,sensory,0,not-CX,0.0,0.0,0.0,ORN_VL2a,0,0,0,0,0,1
3176,204282,1,sensory,0,not-CX,0.0,0.0,0.0,ORN_DM2,0,0,0,0,0,1
3177,204317,1,sensory,0,not-CX,0.0,0.0,0.0,ORN_DC3,0,0,0,0,0,1
3178,204451,1,sensory,0,not-CX,0.0,0.0,0.0,ORN_VM3,0,0,0,0,0,1
3179,204564,1,sensory,0,not-CX,0.0,0.0,0.0,ORN_DM4,0,0,0,0,0,1
3180,204580,1,sensory,0,not-CX,0.0,0.0,0.0,ORN_DL1,0,0,0,0,0,1
3181,204591,1,sensory,0,not-CX,0.0,0.0,0.0,ORN_VM5d,0,0,0,0,0,1
3182,204745,1,sensory,0,not-CX,0.0,0.0,0.0,ORN_VC4,0,0,0,0,0,1
3183,204881,1,sensory,0,not-CX,0.0,0.0,0.0,ORN_VA2,0,0,0,0,0,1
3184,204939,10,LPTC (self-motion),0,not-CX,546.9,138.7,132.9,LHAV7b1,1,1,0,0,1,0
3185,205159,1,sensory,0,not-CX,0.0,0.0,0.0,ORN_DA4l,0,0,0,0,0,1
3186,205223,1,sensory,0,not-CX,0.0,0.0,0.0,ORN_VC5,0,0,0,0,0,1
3187,205282,1,sensory,0,not-CX,0.0,0.0,0.0,ORN_VC3,0,0,0,0,0,1
3188,205314,1,sensory,0,not-CX,0.0,0.0,0.0,ORN_VM1,0,0,0,0,0,1
3189,205502,1,sensory,0,not-CX,0.0,0.0,0.0,ORN_VA7m,0,0,0,0,0,1
3190,205597,1,sensory,0,not-CX,0.0,0.0,0.0,ORN_DM4,0,0,0,0,0,1
3191,205799,1,sensory,0,not-CX,0.0,0.0,0.0,ORN_VA6,0,0,0,0,0,1
3192,205907,1,sensory,0,not-CX,0.0,0.0,0.0,ORN_VA2,0,0,0,0,0,1
3193,206316,1,sensory,0,not-CX,0.0,0.0,0.0,ORN_DC4,0,0,0,0,0,1
3194,206959,1,sensory,0,not-CX,0.0,0.0,0.0,ORN_VM1,0,0,0,0,0,1
3195,206983,1,sensory,0,not-CX,0.0,0.0,0.0,ORN_DA1,0,0,0,0,0,1
3196,207053,10,LPTC (self-motion),0,not-CX,217.8,92.0,266.0,LHPV5b1,1,1,0,0,0,0
3197,207158,1,sensory,0,not-CX,0.0,0.0,0.0,ORN_VM5d,0,0,0,0,0,1
3198,207243,1,sensory,0,not-CX,0.0,0.0,0.0,ORN_VA4,0,0,0,0,0,1
3199,207245,1,sensory,0,not-CX,0.0,0.0,0.0,ORN_VM5d,0,0,0,0,0,1
3200,207430,1,sensory,0,not-CX,0.0,0.0,0.0,ORN_DM1,0,0,0,0,0,1
3201,207455,1,sensory,0,not-CX,0.0,0.0,0.0,ORN_DA4m,0,0,0,0,0,1
3202,207537,1,sensory,0,not-CX,0.0,0.0,0.0,ORN_VM5v,0,0,0,0,0,1
3203,207584,1,sensory,0,not-CX,0.0,0.0,0.0,ORN_DM3,0,0,0,0,0,1
3204,207587,1,sensory,0,not-CX,0.0,0.0,0.0,ORN_VA5,0,0,0,0,0,1
3205,207606,1,sensory,0,not-CX,0.0,0.0,0.0,ORN_V,0,0,0,0,0,1
3206,207784,1,sensory,0,not-CX,0.0,0.0,0.0,ORN_DM2,0,0,0,0,0,1
3207,207890,1,sensory,0,not-CX,0.0,0.0,0.0,ORN_VM4,0,0,0,0,0,1
3208,207918,1,sensory,0,not-CX,0.0,0.0,0.0,ORN_VM1,0,0,0,0,0,1
3209,208069,1,sensory,0,not-CX,0.0,0.0,0.0,ORN_DM2,0,0,0,0,0,1
3210,208144,1,sensory,0,not-CX,0.0,0.0,0.0,ORN_DA4l,0,0,0,0,0,1
3211,208151,1,sensory,0,not-CX,0.0,0.0,0.0,ORN_VM5d,0,0,0,0,0,1
3212,208272,1,sensory,0,not-CX,0.0,0.0,0.0,ORN_DL5,0,0,0,0,0,1
3213,208285,10,LPTC (self-motion),0,not-CX,260.8,84.8,258.6,LHPV5c1_c,1,1,0,1,0,0
3214,208426,1,sensory,0,not-CX,0.0,0.0,0.0,ORN_DL1,0,0,0,0,0,1
3215,208535,1,sensory,0,not-CX,0.0,0.0,0.0,ORN_VM2,0,0,0,0,0,1
3216,208588,1,sensory,0,not-CX,0.0,0.0,0.0,ORN_DL5,0,0,0,0,0,1
3217,208637,1,sensory,0,not-CX,0.0,0.0,0.0,ORN_VM5v,0,0,0,0,0,1
3218,208655,10,LPTC (self-motion),0,not-CX,224.5,92.2,267.3,LHPV5b2,1,1,0,0,0,0
3219,208701,1,sensory,0,not-CX,0.0,0.0,0.0,ORN_VM5d,0,0,0,0,0,1
3220,208854,1,sensory,0,not-CX,0.0,0.0,0.0,ORN_VM4,0,0,0,0,0,1
3221,208886,1,sensory,0,not-CX,0.0,0.0,0.0,ORN_DC3,0,0,0,0,0,1
3222,208968,0,unnamed,0,not-CX,0.0,0.0,0.0,JO-EV3,0,0,0,0,0,1
3223,209237,1,sensory,0,not-CX,0.0,0.0,0.0,ORN_VL2a,0,0,0,0,0,1
3224,209290,1,sensory,0,not-CX,0.0,0.0,0.0,ORN_DL1,0,0,0,0,0,1
3225,209391,1,sensory,0,not-CX,0.0,0.0,0.0,ORN_VA1d,0,0,0,0,0,1
3226,209402,1,sensory,0,not-CX,0.0,0.0,0.0,ORN_VM6m,0,0,0,0,0,1
3227,209417,1,sensory,0,not-CX,0.0,0.0,0.0,ORN_VL2p,0,0,0,0,0,1
3228,209471,1,sensory,0,not-CX,0.0,0.0,0.0,ORN_VC4,0,0,0,0,0,1
3229,209803,1,sensory,0,not-CX,0.0,0.0,0.0,ORN_VM3,0,0,0,0,0,1
3230,209821,1,sensory,0,not-CX,0.0,0.0,0.0,ORN_DA2,0,0,0,0,0,1
3231,209829,1,sensory,0,not-CX,0.0,0.0,0.0,ORN_DL1,0,0,0,0,0,1
3232,209833,1,sensory,0,not-CX,0.0,0.0,0.0,ORN_VC3,0,0,0,0,0,1
3233,209934,1,sensory,0,not-CX,0.0,0.0,0.0,ORN_DL1,0,0,0,0,0,1
3234,209979,1,sensory,0,not-CX,0.0,0.0,0.0,ORN_VM5d,0,0,0,0,0,1
3235,210045,1,sensory,0,not-CX,0.0,0.0,0.0,ORN_DA3,0,0,0,0,0,1
3236,210140,1,sensory,0,not-CX,0.0,0.0,0.0,ORN_VA5,0,0,0,0,0,1
3237,210230,1,sensory,0,not-CX,0.0,0.0,0.0,ORN_VA1v,0,0,0,0,0,1
3238,210307,1,sensory,0,not-CX,0.0,0.0,0.0,ORN_VA1d,0,0,0,0,0,1
3239,210364,1,sensory,0,not-CX,0.0,0.0,0.0,ORN_DM1,0,0,0,0,0,1
3240,210853,1,sensory,0,not-CX,0.0,0.0,0.0,ORN_VA2,0,0,0,0,0,1
3241,210954,1,sensory,0,not-CX,0.0,0.0,0.0,ORN_VA6,0,0,0,0,0,1
3242,211093,1,sensory,0,not-CX,0.0,0.0,0.0,ORN_VC4,0,0,0,0,0,1
3243,211186,1,sensory,0,not-CX,0.0,0.0,0.0,ORN_DL1,0,0,0,0,0,1
3244,211191,1,sensory,0,not-CX,0.0,0.0,0.0,ORN_VL2p,0,0,0,0,0,1
3245,211355,1,sensory,0,not-CX,0.0,0.0,0.0,ORN_VM4,0,0,0,0,0,1
3246,211377,1,sensory,0,not-CX,0.0,0.0,0.0,ORN_DM6,0,0,0,0,0,1
3247,211443,0,unnamed,0,not-CX,0.0,0.0,0.0,JO-EV6,0,0,0,0,0,1
3248,211453,1,sensory,0,not-CX,0.0,0.0,0.0,ORN_DM6,0,0,0,0,0,1
3249,211459,1,sensory,0,not-CX,0.0,0.0,0.0,ORN_VC2,0,0,0,0,0,1
3250,211503,1,sensory,0,not-CX,0.0,0.0,0.0,ORN_DL2v,0,0,0,0,0,1
3251,211534,1,sensory,0,not-CX,0.0,0.0,0.0,ORN_DA1,0,0,0,0,0,1
3252,211549,1,sensory,0,not-CX,0.0,0.0,0.0,ORN_VC4,0,0,0,0,0,1
3253,211550,1,sensory,0,not-CX,0.0,0.0,0.0,ORN_DM5,0,0,0,0,0,1
3254,211558,1,sensory,0,not-CX,0.0,0.0,0.0,ORN_DA1,0,0,0,0,0,1
3255,211611,1,sensory,0,not-CX,0.0,0.0,0.0,ORN_VA6,0,0,0,0,0,1
3256,211618,1,sensory,0,not-CX,0.0,0.0,0.0,ORN_VL1,0,0,0,0,0,1
3257,211671,1,sensory,0,not-CX,0.0,0.0,0.0,ORN_DA1,0,0,0,0,0,1
3258,211754,1,sensory,0,not-CX,0.0,0.0,0.0,ORN_DM6,0,0,0,0,0,1
3259,211762,1,sensory,0,not-CX,0.0,0.0,0.0,ORN_VM2,0,0,0,0,0,1
3260,211956,1,sensory,0,not-CX,0.0,0.0,0.0,ORN_VA1v,0,0,0,0,0,1
3261,212028,1,sensory,0,not-CX,0.0,0.0,0.0,ORN_DL1,0,0,0,0,0,1
3262,212086,1,sensory,0,not-CX,0.0,0.0,0.0,ORN_VL1,0,0,0,0,0,1
3263,212188,1,sensory,0,not-CX,0.0,0.0,0.0,ORN_VM5d,0,0,0,0,0,1
3264,212456,1,sensory,0,not-CX,0.0,0.0,0.0,ORN_VM2,0,0,0,0,0,1
3265,212619,1,sensory,0,not-CX,0.0,0.0,0.0,ORN_DM5,0,0,0,0,0,1
3266,212677,1,sensory,0,not-CX,0.0,0.0,0.0,ORN_VM3,0,0,0,0,0,1
3267,212914,1,sensory,0,not-CX,0.0,0.0,0.0,ORN_VA2,0,0,0,0,0,1
3268,212963,1,sensory,0,not-CX,0.0,0.0,0.0,ORN_DA1,0,0,0,0,0,1
3269,213070,10,LPTC (self-motion),0,not-CX,272.8,195.6,125.7,LHAV9a1_c,1,1,0,1,0,0
3270,213187,1,sensory,0,not-CX,0.0,0.0,0.0,ORN_VA6,0,0,0,0,0,1
3271,213204,1,sensory,0,not-CX,0.0,0.0,0.0,ORN_DA1,0,0,0,0,0,1
3272,213216,1,sensory,0,not-CX,0.0,0.0,0.0,ORN_VM1,0,0,0,0,0,1
3273,213319,1,sensory,0,not-CX,0.0,0.0,0.0,ORN_DM2,0,0,0,0,0,1
3274,213331,1,sensory,0,not-CX,0.0,0.0,0.0,ORN_DA1,0,0,0,0,0,1
3275,213341,1,sensory,0,not-CX,0.0,0.0,0.0,ORN_DM3,0,0,0,0,0,1
3276,213441,1,sensory,0,not-CX,0.0,0.0,0.0,ORN_VM5v,0,0,0,0,0,1
3277,213507,1,sensory,0,not-CX,0.0,0.0,0.0,ORN_DA1,0,0,0,0,0,1
3278,213522,1,sensory,0,not-CX,0.0,0.0,0.0,ORN_VL1,0,0,0,0,0,1
3279,213631,1,sensory,0,not-CX,0.0,0.0,0.0,ORN_VL2a,0,0,0,0,0,1
3280,213739,1,sensory,0,not-CX,0.0,0.0,0.0,ORN_VL2a,0,0,0,0,0,1
3281,213955,1,sensory,0,not-CX,0.0,0.0,0.0,ORN_VM5d,0,0,0,0,0,1
3282,214030,1,sensory,0,not-CX,0.0,0.0,0.0,ORN_DM5,0,0,0,0,0,1
3283,214109,1,sensory,0,not-CX,0.0,0.0,0.0,ORN_VL2a,0,0,0,0,0,1
3284,214129,1,sensory,0,not-CX,0.0,0.0,0.0,ORN_VM5v,0,0,0,0,0,1
3285,214318,1,sensory,0,not-CX,0.0,0.0,0.0,ORN_DA1,0,0,0,0,0,1
3286,214405,1,sensory,0,not-CX,0.0,0.0,0.0,ORN_VA1v,0,0,0,0,0,1
3287,214487,1,sensory,0,not-CX,0.0,0.0,0.0,ORN_DL1,0,0,0,0,0,1
3288,214490,1,sensory,0,not-CX,0.0,0.0,0.0,ORN_DL1,0,0,0,0,0,1
3289,214696,1,sensory,0,not-CX,0.0,0.0,0.0,ORN_VL1,0,0,0,0,0,1
3290,214794,1,sensory,0,not-CX,0.0,0.0,0.0,ORN_VA1d,0,0,0,0,0,1
3291,214813,1,sensory,0,not-CX,0.0,0.0,0.0,ORN_DA4l,0,0,0,0,0,1
3292,214857,1,sensory,0,not-CX,0.0,0.0,0.0,ORN_VA2,0,0,0,0,0,1
3293,214858,1,sensory,0,not-CX,0.0,0.0,0.0,ORN_VA1d,0,0,0,0,0,1
3294,214860,1,sensory,0,not-CX,0.0,0.0,0.0,ORN_DA1,0,0,0,0,0,1
3295,214895,1,sensory,0,not-CX,0.0,0.0,0.0,ORN_VA2,0,0,0,0,0,1
3296,214896,1,sensory,0,not-CX,0.0,0.0,0.0,ORN_DC4,0,0,0,0,0,1
3297,214913,1,sensory,0,not-CX,0.0,0.0,0.0,ORN_VL1,0,0,0,0,0,1
3298,214921,1,sensory,0,not-CX,0.0,0.0,0.0,ORN_DM6,0,0,0,0,0,1
3299,214923,1,sensory,0,not-CX,0.0,0.0,0.0,ORN_DA1,0,0,0,0,0,1
3300,214942,1,sensory,0,not-CX,0.0,0.0,0.0,ORN_DA4l,0,0,0,0,0,1
3301,214955,1,sensory,0,not-CX,0.0,0.0,0.0,ORN_VM4,0,0,0,0,0,1
3302,214983,1,sensory,0,not-CX,0.0,0.0,0.0,ORN_VM1,0,0,0,0,0,1
3303,214985,1,sensory,0,not-CX,0.0,0.0,0.0,ORN_DM4,0,0,0,0,0,1
3304,215093,1,sensory,0,not-CX,0.0,0.0,0.0,ORN_VM5d,0,0,0,0,0,1
3305,215119,1,sensory,0,not-CX,0.0,0.0,0.0,ORN_VM3,0,0,0,0,0,1
3306,215146,1,sensory,0,not-CX,0.0,0.0,0.0,ORN_VL2a,0,0,0,0,0,1
3307,215266,1,sensory,0,not-CX,0.0,0.0,0.0,ORN_DL5,0,0,0,0,0,1
3308,215349,1,sensory,0,not-CX,0.0,0.0,0.0,ORN_DA1,0,0,0,0,0,1
3309,215355,1,sensory,0,not-CX,0.0,0.0,0.0,ORN_VA6,0,0,0,0,0,1
3310,215489,1,sensory,0,not-CX,0.0,0.0,0.0,ORN_VM5d,0,0,0,0,0,1
3311,215507,1,sensory,0,not-CX,0.0,0.0,0.0,ORN_VM1,0,0,0,0,0,1
3312,215707,1,sensory,0,not-CX,0.0,0.0,0.0,ORN_DL1,0,0,0,0,0,1
3313,215717,1,sensory,0,not-CX,0.0,0.0,0.0,ORN_DL5,0,0,0,0,0,1
3314,215822,1,sensory,0,not-CX,0.0,0.0,0.0,ORN_VA7m,0,0,0,0,0,1
3315,215843,1,sensory,0,not-CX,0.0,0.0,0.0,ORN_VM3,0,0,0,0,0,1
3316,215861,1,sensory,0,not-CX,0.0,0.0,0.0,ORN_DA4l,0,0,0,0,0,1
3317,215871,1,sensory,0,not-CX,0.0,0.0,0.0,ORN_VM5d,0,0,0,0,0,1
3318,215878,1,sensory,0,not-CX,0.0,0.0,0.0,ORN_DA1,0,0,0,0,0,1
3319,215907,1,sensory,0,not-CX,0.0,0.0,0.0,ORN_DL1,0,0,0,0,0,1
3320,215957,1,sensory,0,not-CX,0.0,0.0,0.0,ORN_VA7m,0,0,0,0,0,1
3321,215962,1,sensory,0,not-CX,0.0,0.0,0.0,ORN_DA4m,0,0,0,0,0,1
3322,215972,1,sensory,0,not-CX,0.0,0.0,0.0,ORN_DA2,0,0,0,0,0,1
3323,216021,1,sensory,0,not-CX,0.0,0.0,0.0,ORN_DL1,0,0,0,0,0,1
3324,216121,1,sensory,0,not-CX,0.0,0.0,0.0,ORN_VM5v,0,0,0,0,0,1
3325,216354,1,sensory,0,not-CX,0.0,0.0,0.0,ORN_VL2p,0,0,0,0,0,1
3326,216355,1,sensory,0,not-CX,0.0,0.0,0.0,ORN_VM5d,0,0,0,0,0,1
3327,216534,1,sensory,0,not-CX,0.0,0.0,0.0,ORN_DA1,0,0,0,0,0,1
3328,216551,1,sensory,0,not-CX,0.0,0.0,0.0,ORN_DL1,0,0,0,0,0,1
3329,216620,1,sensory,0,not-CX,0.0,0.0,0.0,ORN_DC1,0,0,0,0,0,1
3330,216778,1,sensory,0,not-CX,0.0,0.0,0.0,ORN_DM6,0,0,0,0,0,1
3331,217036,0,unnamed,0,not-CX,0.0,0.0,0.0,JO-EV5,0,0,0,0,0,1
3332,217189,1,sensory,0,not-CX,0.0,0.0,0.0,ORN_VA6,0,0,0,0,0,1
3333,217236,1,sensory,0,not-CX,0.0,0.0,0.0,ORN_VL1,0,0,0,0,0,1
3334,217300,1,sensory,0,not-CX,0.0,0.0,0.0,ORN_VM5v,0,0,0,0,0,1
3335,217482,1,sensory,0,not-CX,0.0,0.0,0.0,ORN_DA1,0,0,0,0,0,1
3336,217507,1,sensory,0,not-CX,0.0,0.0,0.0,ORN_DM1,0,0,0,0,0,1
3337,217529,1,sensory,0,not-CX,0.0,0.0,0.0,ORN_DM2,0,0,0,0,0,1
3338,217601,1,sensory,0,not-CX,0.0,0.0,0.0,ORN_VL2p,0,0,0,0,0,1
3339,217754,1,sensory,0,not-CX,0.0,0.0,0.0,ORN_VM2,0,0,0,0,0,1
3340,217784,1,sensory,0,not-CX,0.0,0.0,0.0,ORN_DP1l,0,0,0,0,0,1
3341,217817,1,sensory,0,not-CX,0.0,0.0,0.0,ORN_VL2a,0,0,0,0,0,1
3342,218098,1,sensory,0,not-CX,0.0,0.0,0.0,ORN_DA4m,0,0,0,0,0,1
3343,218102,1,sensory,0,not-CX,0.0,0.0,0.0,ORN_VM5d,0,0,0,0,0,1
3344,218146,1,sensory,0,not-CX,0.0,0.0,0.0,ORN_VA1d,0,0,0,0,0,1
3345,218171,1,sensory,0,not-CX,0.0,0.0,0.0,ORN_DA2,0,0,0,0,0,1
3346,218203,0,unnamed,0,not-CX,0.0,0.0,0.0,JO-EV6,0,0,0,0,0,1
3347,218206,1,sensory,0,not-CX,0.0,0.0,0.0,ORN_VL2p,0,0,0,0,0,1
3348,218440,1,sensory,0,not-CX,0.0,0.0,0.0,ORN_DA1,0,0,0,0,0,1
3349,218478,1,sensory,0,not-CX,0.0,0.0,0.0,ORN_VA3,0,0,0,0,0,1
3350,218595,1,sensory,0,not-CX,0.0,0.0,0.0,ORN_DA2,0,0,0,0,0,1
3351,218745,1,sensory,0,not-CX,0.0,0.0,0.0,ORN_DM1,0,0,0,0,0,1
3352,218851,1,sensory,0,not-CX,0.0,0.0,0.0,ORN_VA1d,0,0,0,0,0,1
3353,218975,1,sensory,0,not-CX,0.0,0.0,0.0,ORN_DA1,0,0,0,0,0,1
3354,219187,1,sensory,0,not-CX,0.0,0.0,0.0,ORN_VL2a,0,0,0,0,0,1
3355,219326,1,sensory,0,not-CX,0.0,0.0,0.0,ORN_VM4,0,0,0,0,0,1
3356,219501,0,unnamed,0,not-CX,0.0,0.0,0.0,JO-EV1,0,0,0,0,0,1
3357,219556,1,sensory,0,not-CX,0.0,0.0,0.0,ORN_VA1v,0,0,0,0,0,1
3358,219560,1,sensory,0,not-CX,0.0,0.0,0.0,ORN_VL2p,0,0,0,0,0,1
3359,219707,1,sensory,0,not-CX,0.0,0.0,0.0,ORN_DA4l,0,0,0,0,0,1
3360,219719,1,sensory,0,not-CX,0.0,0.0,0.0,ORN_VM2,0,0,0,0,0,1
3361,219911,1,sensory,0,not-CX,0.0,0.0,0.0,ORN_DM6,0,0,0,0,0,1
3362,219926,1,sensory,0,not-CX,0.0,0.0,0.0,ORN_DA1,0,0,0,0,0,1
3363,219947,1,sensory,0,not-CX,0.0,0.0,0.0,ORN_VM2,0,0,0,0,0,1
3364,219962,1,sensory,0,not-CX,0.0,0.0,0.0,ORN_VL2a,0,0,0,0,0,1
3365,220042,1,sensory,0,not-CX,0.0,0.0,0.0,ORN_DA2,0,0,0,0,0,1
3366,220062,1,sensory,0,not-CX,0.0,0.0,0.0,ORN_VM1,0,0,0,0,0,1
3367,220075,1,sensory,0,not-CX,0.0,0.0,0.0,ORN_DA1,0,0,0,0,0,1
3368,220145,1,sensory,0,not-CX,0.0,0.0,0.0,ORN_VM1,0,0,0,0,0,1
3369,220167,1,sensory,0,not-CX,0.0,0.0,0.0,ORN_DA1,0,0,0,0,0,1
3370,220183,1,sensory,0,not-CX,0.0,0.0,0.0,ORN_DM1,0,0,0,0,0,1
3371,220219,1,sensory,0,not-CX,0.0,0.0,0.0,ORN_DA4m,0,0,0,0,0,1
3372,220227,1,sensory,0,not-CX,0.0,0.0,0.0,ORN_D,0,0,0,0,0,1
3373,220234,1,sensory,0,not-CX,0.0,0.0,0.0,ORN_VL2a,0,0,0,0,0,1
3374,220327,1,sensory,0,not-CX,0.0,0.0,0.0,ORN_DM6,0,0,0,0,0,1
3375,220354,1,sensory,0,not-CX,0.0,0.0,0.0,ORN_DM6,0,0,0,0,0,1
3376,220439,1,sensory,0,not-CX,0.0,0.0,0.0,ORN_DA2,0,0,0,0,0,1
3377,220480,1,sensory,0,not-CX,0.0,0.0,0.0,ORN_V,0,0,0,0,0,1
3378,220547,1,sensory,0,not-CX,0.0,0.0,0.0,ORN_VA1d,0,0,0,0,0,1
3379,220593,1,sensory,0,not-CX,0.0,0.0,0.0,ORN_VM1,0,0,0,0,0,1
3380,220643,1,sensory,0,not-CX,0.0,0.0,0.0,ORN_VA1d,0,0,0,0,0,1
3381,220677,1,sensory,0,not-CX,0.0,0.0,0.0,ORN_VA1d,0,0,0,0,0,1
3382,220770,1,sensory,0,not-CX,0.0,0.0,0.0,ORN_VM6m,0,0,0,0,0,1
3383,220890,1,sensory,0,not-CX,0.0,0.0,0.0,ORN_V,0,0,0,0,0,1
3384,220921,1,sensory,0,not-CX,0.0,0.0,0.0,ORN_DM5,0,0,0,0,0,1
3385,221017,1,sensory,0,not-CX,0.0,0.0,0.0,ORN_DC1,0,0,0,0,0,1
3386,221071,1,sensory,0,not-CX,0.0,0.0,0.0,ORN_DM5,0,0,0,0,0,1
3387,221191,1,sensory,0,not-CX,0.0,0.0,0.0,ORN_VA1d,0,0,0,0,0,1
3388,221312,1,sensory,0,not-CX,0.0,0.0,0.0,ORN_DA4l,0,0,0,0,0,1
3389,221621,1,sensory,0,not-CX,0.0,0.0,0.0,ORN_VM2,0,0,0,0,0,1
3390,221662,1,sensory,0,not-CX,0.0,0.0,0.0,ORN_VM4,0,0,0,0,0,1
3391,221747,1,sensory,0,not-CX,0.0,0.0,0.0,ORN_DM1,0,0,0,0,0,1
3392,221763,1,sensory,0,not-CX,0.0,0.0,0.0,ORN_VL1,0,0,0,0,0,1
3393,221797,1,sensory,0,not-CX,0.0,0.0,0.0,ORN_VA1v,0,0,0,0,0,1
3394,221841,10,LPTC (self-motion),0,not-CX,537.0,152.0,140.4,LHAV7a1_a,1,1,0,0,1,0
3395,222240,1,sensory,0,not-CX,0.0,0.0,0.0,ORN_DL1,0,0,0,0,0,1
3396,222393,1,sensory,0,not-CX,0.0,0.0,0.0,ORN_VL2a,0,0,0,0,0,1
3397,222652,1,sensory,0,not-CX,0.0,0.0,0.0,ORN_DL1,0,0,0,0,0,1
3398,222687,1,sensory,0,not-CX,0.0,0.0,0.0,ORN_VM1,0,0,0,0,0,1
3399,222769,1,sensory,0,not-CX,0.0,0.0,0.0,ORN_VA1d,0,0,0,0,0,1
3400,222795,1,sensory,0,not-CX,0.0,0.0,0.0,ORN_VA1d,0,0,0,0,0,1
3401,222819,1,sensory,0,not-CX,0.0,0.0,0.0,ORN_VM4,0,0,0,0,0,1
3402,222879,1,sensory,0,not-CX,0.0,0.0,0.0,ORN_DA1,0,0,0,0,0,1
3403,222883,1,sensory,0,not-CX,0.0,0.0,0.0,ORN_DA1,0,0,0,0,0,1
3404,222913,1,sensory,0,not-CX,0.0,0.0,0.0,ORN_VC4,0,0,0,0,0,1
3405,222929,1,sensory,0,not-CX,0.0,0.0,0.0,ORN_DM6,0,0,0,0,0,1
3406,222951,1,sensory,0,not-CX,0.0,0.0,0.0,ORN_VM5d,0,0,0,0,0,1
3407,222974,1,sensory,0,not-CX,0.0,0.0,0.0,ORN_DM1,0,0,0,0,0,1
3408,223019,1,sensory,0,not-CX,0.0,0.0,0.0,ORN_DA1,0,0,0,0,0,1
3409,223077,10,LPTC (self-motion),0,not-CX,198.6,112.8,274.5,LHPV5b1,1,1,0,0,0,0
3410,223319,1,sensory,0,not-CX,0.0,0.0,0.0,ORN_VA1d,0,0,0,0,0,1
3411,223367,1,sensory,0,not-CX,0.0,0.0,0.0,ORN_VL2a,0,0,0,0,0,1
3412,223471,1,sensory,0,not-CX,0.0,0.0,0.0,ORN_DC2,0,0,0,0,0,1
3413,223594,1,sensory,0,not-CX,0.0,0.0,0.0,ORN_DL1,0,0,0,0,0,1
3414,223643,1,sensory,0,not-CX,0.0,0.0,0.0,ORN_DA4l,0,0,0,0,0,1
3415,223701,1,sensory,0,not-CX,0.0,0.0,0.0,ORN_VM1,0,0,0,0,0,1
3416,223769,1,sensory,0,not-CX,0.0,0.0,0.0,ORN_DA1,0,0,0,0,0,1
3417,223927,1,sensory,0,not-CX,0.0,0.0,0.0,ORN_VM7v,0,0,0,0,0,1
3418,223975,1,sensory,0,not-CX,0.0,0.0,0.0,ORN_VA5,0,0,0,0,0,1
3419,224031,1,sensory,0,not-CX,0.0,0.0,0.0,ORN_VM4,0,0,0,0,0,1
3420,224313,1,sensory,0,not-CX,0.0,0.0,0.0,ORN_VA1d,0,0,0,0,0,1
3421,224336,1,sensory,0,not-CX,0.0,0.0,0.0,ORN_DL1,0,0,0,0,0,1
3422,224431,1,sensory,0,not-CX,0.0,0.0,0.0,ORN_DC3,0,0,0,0,0,1
3423,224512,1,sensory,0,not-CX,0.0,0.0,0.0,ORN_VM5d,0,0,0,0,0,1
3424,224538,1,sensory,0,not-CX,0.0,0.0,0.0,ORN_DM6,0,0,0,0,0,1
3425,224658,1,sensory,0,not-CX,0.0,0.0,0.0,ORN_DL1,0,0,0,0,0,1
3426,224740,1,sensory,0,not-CX,0.0,0.0,0.0,ORN_VA1d,0,0,0,0,0,1
3427,224922,1,sensory,0,not-CX,0.0,0.0,0.0,ORN_VA1d,0,0,0,0,0,1
3428,224955,1,sensory,0,not-CX,0.0,0.0,0.0,ORN_DM5,0,0,0,0,0,1
3429,225117,1,sensory,0,not-CX,0.0,0.0,0.0,ORN_DP1m,0,0,0,0,0,1
3430,225141,1,sensory,0,not-CX,0.0,0.0,0.0,ORN_VM6v,0,0,0,0,0,1
3431,225187,1,sensory,0,not-CX,0.0,0.0,0.0,ORN_DA1,0,0,0,0,0,1
3432,225252,1,sensory,0,not-CX,0.0,0.0,0.0,ORN_VM2,0,0,0,0,0,1
3433,225286,1,sensory,0,not-CX,0.0,0.0,0.0,ORN_DM5,0,0,0,0,0,1
3434,225552,1,sensory,0,not-CX,0.0,0.0,0.0,ORN_VA1d,0,0,0,0,0,1
3435,225561,1,sensory,0,not-CX,0.0,0.0,0.0,ORN_VM5d,0,0,0,0,0,1
3436,225582,1,sensory,0,not-CX,0.0,0.0,0.0,ORN_VM1,0,0,0,0,0,1
3437,225618,1,sensory,0,not-CX,0.0,0.0,0.0,ORN_DM6,0,0,0,0,0,1
3438,225803,1,sensory,0,not-CX,0.0,0.0,0.0,ORN_VM2,0,0,0,0,0,1
3439,225829,1,sensory,0,not-CX,0.0,0.0,0.0,ORN_VM5d,0,0,0,0,0,1
3440,226073,1,sensory,0,not-CX,0.0,0.0,0.0,ORN_VA1d,0,0,0,0,0,1
3441,226164,0,unnamed,0,not-CX,0.0,0.0,0.0,LN-DN2,0,0,0,0,0,1
3442,226223,1,sensory,0,not-CX,0.0,0.0,0.0,ORN_VL2a,0,0,0,0,0,1
3443,226284,1,sensory,0,not-CX,0.0,0.0,0.0,ORN_DA2,0,0,0,0,0,1
3444,226401,1,sensory,0,not-CX,0.0,0.0,0.0,ORN_VA2,0,0,0,0,0,1
3445,226746,1,sensory,0,not-CX,0.0,0.0,0.0,ORN_DL1,0,0,0,0,0,1
3446,226818,1,sensory,0,not-CX,0.0,0.0,0.0,ORN_VL2a,0,0,0,0,0,1
3447,226879,1,sensory,0,not-CX,0.0,0.0,0.0,ORN_VM5d,0,0,0,0,0,1
3448,226920,1,sensory,0,not-CX,0.0,0.0,0.0,ORN_DM1,0,0,0,0,0,1
3449,226993,1,sensory,0,not-CX,0.0,0.0,0.0,ORN_VL2p,0,0,0,0,0,1
3450,227039,1,sensory,0,not-CX,0.0,0.0,0.0,ORN_DL3,0,0,0,0,0,1
3451,227057,1,sensory,0,not-CX,0.0,0.0,0.0,ORN_VL1,0,0,0,0,0,1
3452,227058,1,sensory,0,not-CX,0.0,0.0,0.0,ORN_D,0,0,0,0,0,1
3453,227075,1,sensory,0,not-CX,0.0,0.0,0.0,ORN_VL2a,0,0,0,0,0,1
3454,227118,1,sensory,0,not-CX,0.0,0.0,0.0,ORN_VA6,0,0,0,0,0,1
3455,227459,1,sensory,0,not-CX,0.0,0.0,0.0,ORN_DM2,0,0,0,0,0,1
3456,227498,1,sensory,0,not-CX,0.0,0.0,0.0,ORN_VM3,0,0,0,0,0,1
3457,227551,1,sensory,0,not-CX,0.0,0.0,0.0,ORN_VA1d,0,0,0,0,0,1
3458,227592,10,LPTC (self-motion),0,not-CX,501.2,108.6,266.6,LHPV5c1_a,1,1,0,1,1,0
3459,227619,1,sensory,0,not-CX,0.0,0.0,0.0,ORN_DA1,0,0,0,0,0,1
3460,227704,1,sensory,0,not-CX,0.0,0.0,0.0,ORN_VA1d,0,0,0,0,0,1
3461,227905,1,sensory,0,not-CX,0.0,0.0,0.0,ORN_VM5d,0,0,0,0,0,1
3462,227933,1,sensory,0,not-CX,0.0,0.0,0.0,ORN_DC3,0,0,0,0,0,1
3463,228191,1,sensory,0,not-CX,0.0,0.0,0.0,ORN_DA2,0,0,0,0,0,1
3464,228296,1,sensory,0,not-CX,0.0,0.0,0.0,ORN_VL1,0,0,0,0,0,1
3465,228334,1,sensory,0,not-CX,0.0,0.0,0.0,ORN_DL4,0,0,0,0,0,1
3466,228341,1,sensory,0,not-CX,0.0,0.0,0.0,ORN_DA1,0,0,0,0,0,1
3467,228378,1,sensory,0,not-CX,0.0,0.0,0.0,ORN_VL2p,0,0,0,0,0,1
3468,228548,10,LPTC (self-motion),0,not-CX,588.3,120.8,179.0,LHAV5a2_a1,1,1,0,0,1,0
3469,228711,1,sensory,0,not-CX,0.0,0.0,0.0,ORN_VC4,0,0,0,0,0,1
3470,228746,1,sensory,0,not-CX,0.0,0.0,0.0,ORN_V,0,0,0,0,0,1
3471,228766,1,sensory,0,not-CX,0.0,0.0,0.0,ORN_DA1,0,0,0,0,0,1
3472,228795,1,sensory,0,not-CX,0.0,0.0,0.0,ORN_VA1d,0,0,0,0,0,1
3473,228873,1,sensory,0,not-CX,0.0,0.0,0.0,ORN_VA1d,0,0,0,0,0,1
3474,229147,1,sensory,0,not-CX,0.0,0.0,0.0,ORN_DL1,0,0,0,0,0,1
3475,229473,1,sensory,0,not-CX,0.0,0.0,0.0,ORN_DM5,0,0,0,0,0,1
3476,229640,1,sensory,0,not-CX,0.0,0.0,0.0,ORN_DA4l,0,0,0,0,0,1
3477,229739,1,sensory,0,not-CX,0.0,0.0,0.0,ORN_DC2,0,0,0,0,0,1
3478,229791,1,sensory,0,not-CX,0.0,0.0,0.0,ORN_DA1,0,0,0,0,0,1
3479,229808,1,sensory,0,not-CX,0.0,0.0,0.0,ORN_VL2p,0,0,0,0,0,1
3480,229837,10,LPTC (self-motion),0,not-CX,262.2,187.8,116.6,LHAV9a1_a,1,1,0,1,0,0
3481,229883,1,sensory,0,not-CX,0.0,0.0,0.0,ORN_DA4l,0,0,0,0,0,1
3482,230110,2,antennal,0,not-CX,494.4,246.3,141.1,VP1l+_lvPN,0,0,0,0,1,0
3483,230155,1,sensory,0,not-CX,0.0,0.0,0.0,ORN_DC4,0,0,0,0,0,1
3484,230201,1,sensory,0,not-CX,0.0,0.0,0.0,ORN_VM5v,0,0,0,0,0,1
3485,230251,1,sensory,0,not-CX,0.0,0.0,0.0,ORN_VL2a,0,0,0,0,0,1
3486,230378,1,sensory,0,not-CX,0.0,0.0,0.0,ORN_VL1,0,0,0,0,0,1
3487,230736,1,sensory,0,not-CX,0.0,0.0,0.0,ORN_VL2p,0,0,0,0,0,1
3488,230774,1,sensory,0,not-CX,0.0,0.0,0.0,ORN_DM5,0,0,0,0,0,1
3489,231047,1,sensory,0,not-CX,0.0,0.0,0.0,ORN_VA3,0,0,0,0,0,1
3490,231262,1,sensory,0,not-CX,0.0,0.0,0.0,ORN_VA1d,0,0,0,0,0,1
3491,231556,1,sensory,0,not-CX,0.0,0.0,0.0,ORN_VA1d,0,0,0,0,0,1
3492,231573,1,sensory,0,not-CX,0.0,0.0,0.0,ORN_VL2a,0,0,0,0,0,1
3493,231725,1,sensory,0,not-CX,0.0,0.0,0.0,ORN_VC4,0,0,0,0,0,1
3494,231844,1,sensory,0,not-CX,0.0,0.0,0.0,ORN_DA1,0,0,0,0,0,1
3495,231908,1,sensory,0,not-CX,0.0,0.0,0.0,ORN_VA1d,0,0,0,0,0,1
3496,231993,1,sensory,0,not-CX,0.0,0.0,0.0,ORN_DC4,0,0,0,0,0,1
3497,232071,1,sensory,0,not-CX,0.0,0.0,0.0,ORN_DA2,0,0,0,0,0,1
3498,232170,1,sensory,0,not-CX,0.0,0.0,0.0,ORN_DL1,0,0,0,0,0,1
3499,232221,1,sensory,0,not-CX,0.0,0.0,0.0,ORN_VL2a,0,0,0,0,0,1
3500,232258,1,sensory,0,not-CX,0.0,0.0,0.0,ORN_DA2,0,0,0,0,0,1
3501,232340,1,sensory,0,not-CX,0.0,0.0,0.0,ORN_VM2,0,0,0,0,0,1
3502,232380,1,sensory,0,not-CX,0.0,0.0,0.0,ORN_DM5,0,0,0,0,0,1
3503,233000,1,sensory,0,not-CX,0.0,0.0,0.0,ORN_DA4m,0,0,0,0,0,1
3504,233078,1,sensory,0,not-CX,0.0,0.0,0.0,ORN_VM1,0,0,0,0,0,1
3505,233139,1,sensory,0,not-CX,0.0,0.0,0.0,ORN_DA1,0,0,0,0,0,1
3506,233293,1,sensory,0,not-CX,0.0,0.0,0.0,ORN_VA1d,0,0,0,0,0,1
3507,233372,1,sensory,0,not-CX,0.0,0.0,0.0,ORN_VM5d,0,0,0,0,0,1
3508,233434,1,sensory,0,not-CX,0.0,0.0,0.0,ORN_DA2,0,0,0,0,0,1
3509,233580,1,sensory,0,not-CX,0.0,0.0,0.0,ORN_VL2p,0,0,0,0,0,1
3510,233591,1,sensory,0,not-CX,0.0,0.0,0.0,ORN_VA1d,0,0,0,0,0,1
3511,233653,1,sensory,0,not-CX,0.0,0.0,0.0,ORN_VM3,0,0,0,0,0,1
3512,233711,1,sensory,0,not-CX,0.0,0.0,0.0,ORN_VL2a,0,0,0,0,0,1
3513,233782,1,sensory,0,not-CX,0.0,0.0,0.0,ORN_DA1,0,0,0,0,0,1
3514,234166,1,sensory,0,not-CX,0.0,0.0,0.0,ORN_VA1d,0,0,0,0,0,1
3515,234475,1,sensory,0,not-CX,0.0,0.0,0.0,ORN_DC3,0,0,0,0,0,1
3516,234846,1,sensory,0,not-CX,0.0,0.0,0.0,ORN_VL2p,0,0,0,0,0,1
3517,235027,1,sensory,0,not-CX,0.0,0.0,0.0,ORN_DA1,0,0,0,0,0,1
3518,235052,1,sensory,0,not-CX,0.0,0.0,0.0,ORN_DA1,0,0,0,0,0,1
3519,235074,1,sensory,0,not-CX,0.0,0.0,0.0,ORN_VC4,0,0,0,0,0,1
3520,235199,1,sensory,0,not-CX,0.0,0.0,0.0,ORN_VA2,0,0,0,0,0,1
3521,235623,1,sensory,0,not-CX,0.0,0.0,0.0,ORN_VA1d,0,0,0,0,0,1
3522,235857,1,sensory,0,not-CX,0.0,0.0,0.0,ORN_VA1d,0,0,0,0,0,1
3523,235895,1,sensory,0,not-CX,0.0,0.0,0.0,ORN_VL2a,0,0,0,0,0,1
3524,235920,1,sensory,0,not-CX,0.0,0.0,0.0,ORN_DM5,0,0,0,0,0,1
3525,236018,1,sensory,0,not-CX,0.0,0.0,0.0,ORN_DA4l,0,0,0,0,0,1
3526,236198,1,sensory,0,not-CX,0.0,0.0,0.0,ORN_VL2p,0,0,0,0,0,1
3527,236826,1,sensory,0,not-CX,0.0,0.0,0.0,ORN_DA2,0,0,0,0,0,1
3528,236851,1,sensory,0,not-CX,0.0,0.0,0.0,ORN_VA1d,0,0,0,0,0,1
3529,237101,1,sensory,0,not-CX,0.0,0.0,0.0,ORN_DC4,0,0,0,0,0,1
3530,237420,1,sensory,0,not-CX,0.0,0.0,0.0,ORN_DL5,0,0,0,0,0,1
3531,237523,1,sensory,0,not-CX,0.0,0.0,0.0,ORN_VM5d,0,0,0,0,0,1
3532,237542,1,sensory,0,not-CX,0.0,0.0,0.0,ORN_DM3,0,0,0,0,0,1
3533,237565,1,sensory,0,not-CX,0.0,0.0,0.0,ORN_DC3,0,0,0,0,0,1
3534,237713,1,sensory,0,not-CX,0.0,0.0,0.0,ORN_DL1,0,0,0,0,0,1
3535,237740,1,sensory,0,not-CX,0.0,0.0,0.0,ORN_DA1,0,0,0,0,0,1
3536,237915,1,sensory,0,not-CX,0.0,0.0,0.0,ORN_VL2a,0,0,0,0,0,1
3537,237978,1,sensory,0,not-CX,0.0,0.0,0.0,ORN_DM6,0,0,0,0,0,1
3538,237988,1,sensory,0,not-CX,0.0,0.0,0.0,ORN_VM6m,0,0,0,0,0,1
3539,238209,1,sensory,0,not-CX,0.0,0.0,0.0,ORN_DA1,0,0,0,0,0,1
3540,238224,2,antennal,0,not-CX,207.3,142.1,288.1,WEDPN6C,1,0,1,0,0,0
3541,238697,1,sensory,0,not-CX,0.0,0.0,0.0,ORN_DL2v,0,0,0,0,0,1
3542,238930,1,sensory,0,not-CX,0.0,0.0,0.0,ORN_DA1,0,0,0,0,0,1
3543,238938,0,unnamed,0,not-CX,0.0,0.0,0.0,JO-EV2,0,0,0,0,0,1
3544,238985,1,sensory,0,not-CX,0.0,0.0,0.0,ORN_VM6l,0,0,0,0,0,1
3545,239375,1,sensory,0,not-CX,0.0,0.0,0.0,ORN_VC4,0,0,0,0,0,1
3546,239398,1,sensory,0,not-CX,0.0,0.0,0.0,ORN_VM3,0,0,0,0,0,1
3547,239438,1,sensory,0,not-CX,0.0,0.0,0.0,ORN_VA1d,0,0,0,0,0,1
3548,239593,1,sensory,0,not-CX,0.0,0.0,0.0,ORN_D,0,0,0,0,0,1
3549,239651,1,sensory,0,not-CX,0.0,0.0,0.0,ORN_VL1,0,0,0,0,0,1
3550,239695,1,sensory,0,not-CX,0.0,0.0,0.0,ORN_VM4,0,0,0,0,0,1
3551,239725,1,sensory,0,not-CX,0.0,0.0,0.0,ORN_VA6,0,0,0,0,0,1
3552,239818,1,sensory,0,not-CX,0.0,0.0,0.0,ORN_DA4l,0,0,0,0,0,1
3553,239956,1,sensory,0,not-CX,0.0,0.0,0.0,ORN_V,0,0,0,0,0,1
3554,240284,1,sensory,0,not-CX,0.0,0.0,0.0,ORN_DM3,0,0,0,0,0,1
3555,240404,1,sensory,0,not-CX,0.0,0.0,0.0,ORN_VA5,0,0,0,0,0,1
3556,240470,1,sensory,0,not-CX,0.0,0.0,0.0,ORN_DM1,0,0,0,0,0,1
3557,240555,1,sensory,0,not-CX,0.0,0.0,0.0,ORN_VA1d,0,0,0,0,0,1
3558,240566,1,sensory,0,not-CX,0.0,0.0,0.0,ORN_VA1d,0,0,0,0,0,1
3559,240794,1,sensory,0,not-CX,0.0,0.0,0.0,ORN_DA3,0,0,0,0,0,1
3560,241019,1,sensory,0,not-CX,0.0,0.0,0.0,ORN_DA3,0,0,0,0,0,1
3561,241095,1,sensory,0,not-CX,0.0,0.0,0.0,ORN_VA1d,0,0,0,0,0,1
3562,241135,1,sensory,0,not-CX,0.0,0.0,0.0,ORN_VL2a,0,0,0,0,0,1
3563,241283,1,sensory,0,not-CX,0.0,0.0,0.0,ORN_VA6,0,0,0,0,0,1
3564,241766,1,sensory,0,not-CX,0.0,0.0,0.0,ORN_DL1,0,0,0,0,0,1
3565,241813,1,sensory,0,not-CX,0.0,0.0,0.0,ORN_VA6,0,0,0,0,0,1
3566,241890,1,sensory,0,not-CX,0.0,0.0,0.0,ORN_VM3,0,0,0,0,0,1
3567,241901,1,sensory,0,not-CX,0.0,0.0,0.0,ORN_DA1,0,0,0,0,0,1
3568,241925,1,sensory,0,not-CX,0.0,0.0,0.0,ORN_VA1d,0,0,0,0,0,1
3569,242173,1,sensory,0,not-CX,0.0,0.0,0.0,ORN_VL1,0,0,0,0,0,1
3570,242177,1,sensory,0,not-CX,0.0,0.0,0.0,ORN_DL1,0,0,0,0,0,1
3571,242201,1,sensory,0,not-CX,0.0,0.0,0.0,ORN_DA4l,0,0,0,0,0,1
3572,242202,0,unnamed,0,not-CX,0.0,0.0,0.0,JO-EV6,0,0,0,0,0,1
3573,242291,1,sensory,0,not-CX,0.0,0.0,0.0,ORN_DA1,0,0,0,0,0,1
3574,242337,1,sensory,0,not-CX,0.0,0.0,0.0,ORN_VA1d,0,0,0,0,0,1
3575,242344,1,sensory,0,not-CX,0.0,0.0,0.0,ORN_VA6,0,0,0,0,0,1
3576,242603,1,sensory,0,not-CX,0.0,0.0,0.0,ORN_DM3,0,0,0,0,0,1
3577,242777,1,sensory,0,not-CX,0.0,0.0,0.0,ORN_DA1,0,0,0,0,0,1
3578,242841,1,sensory,0,not-CX,0.0,0.0,0.0,ORN_DM6,0,0,0,0,0,1
3579,242993,1,sensory,0,not-CX,0.0,0.0,0.0,ORN_VL2a,0,0,0,0,0,1
3580,243289,1,sensory,0,not-CX,0.0,0.0,0.0,ORN_VM4,0,0,0,0,0,1
3581,243394,1,sensory,0,not-CX,0.0,0.0,0.0,ORN_VL2a,0,0,0,0,0,1
3582,243579,1,sensory,0,not-CX,0.0,0.0,0.0,ORN_VC3,0,0,0,0,0,1
3583,243595,1,sensory,0,not-CX,0.0,0.0,0.0,ORN_DP1m,0,0,0,0,0,1
3584,243636,1,sensory,0,not-CX,0.0,0.0,0.0,ORN_DM3,0,0,0,0,0,1
3585,243859,1,sensory,0,not-CX,0.0,0.0,0.0,ORN_VM5d,0,0,0,0,0,1
3586,244034,1,sensory,0,not-CX,0.0,0.0,0.0,ORN_VM5d,0,0,0,0,0,1
3587,244360,1,sensory,0,not-CX,0.0,0.0,0.0,ORN_DL1,0,0,0,0,0,1
3588,244586,1,sensory,0,not-CX,0.0,0.0,0.0,ORN_V,0,0,0,0,0,1
3589,244909,1,sensory,0,not-CX,0.0,0.0,0.0,ORN_VA1d,0,0,0,0,0,1
3590,244930,1,sensory,0,not-CX,0.0,0.0,0.0,ORN_DL1,0,0,0,0,0,1
3591,245127,1,sensory,0,not-CX,0.0,0.0,0.0,ORN_VA7m,0,0,0,0,0,1
3592,245398,1,sensory,0,not-CX,0.0,0.0,0.0,ORN_DM3,0,0,0,0,0,1
3593,245617,1,sensory,0,not-CX,0.0,0.0,0.0,ORN_VM5d,0,0,0,0,0,1
3594,245746,1,sensory,0,not-CX,0.0,0.0,0.0,ORN_DA4l,0,0,0,0,0,1
3595,245769,1,sensory,0,not-CX,0.0,0.0,0.0,ORN_VA1d,0,0,0,0,0,1
3596,246079,1,sensory,0,not-CX,0.0,0.0,0.0,ORN_VM5d,0,0,0,0,0,1
3597,246234,1,sensory,0,not-CX,0.0,0.0,0.0,ORN_VA7m,0,0,0,0,0,1
3598,246478,1,sensory,0,not-CX,0.0,0.0,0.0,ORN_DM4,0,0,0,0,0,1
3599,246871,1,sensory,0,not-CX,0.0,0.0,0.0,ORN_VA1d,0,0,0,0,0,1
3600,246904,1,sensory,0,not-CX,0.0,0.0,0.0,ORN_DL1,0,0,0,0,0,1
3601,246941,1,sensory,0,not-CX,0.0,0.0,0.0,ORN_VC3,0,0,0,0,0,1
3602,246999,1,sensory,0,not-CX,0.0,0.0,0.0,ORN_DA2,0,0,0,0,0,1
3603,247132,1,sensory,0,not-CX,0.0,0.0,0.0,ORN_VA1d,0,0,0,0,0,1
3604,247222,1,sensory,0,not-CX,0.0,0.0,0.0,ORN_DA1,0,0,0,0,0,1
3605,247232,0,unnamed,0,not-CX,266.0,197.0,112.9,lLN2X12,0,0,0,0,0,0
3606,247270,1,sensory,0,not-CX,0.0,0.0,0.0,ORN_VA1d,0,0,0,0,0,1
3607,247362,1,sensory,0,not-CX,0.0,0.0,0.0,ORN_VL2a,0,0,0,0,0,1
3608,247534,1,sensory,0,not-CX,0.0,0.0,0.0,ORN_DA1,0,0,0,0,0,1
3609,247541,1,sensory,0,not-CX,0.0,0.0,0.0,ORN_DA3,0,0,0,0,0,1
3610,247624,1,sensory,0,not-CX,0.0,0.0,0.0,ORN_DC3,0,0,0,0,0,1
3611,247784,1,sensory,0,not-CX,0.0,0.0,0.0,ORN_DM2,0,0,0,0,0,1
3612,247975,1,sensory,0,not-CX,0.0,0.0,0.0,ORN_VM5d,0,0,0,0,0,1
3613,248081,1,sensory,0,not-CX,0.0,0.0,0.0,ORN_DM3,0,0,0,0,0,1
3614,248307,1,sensory,0,not-CX,0.0,0.0,0.0,ORN_VM2,0,0,0,0,0,1
3615,248338,1,sensory,0,not-CX,0.0,0.0,0.0,ORN_VA1d,0,0,0,0,0,1
3616,248353,1,sensory,0,not-CX,0.0,0.0,0.0,ORN_DA1,0,0,0,0,0,1
3617,248783,1,sensory,0,not-CX,0.0,0.0,0.0,ORN_DA3,0,0,0,0,0,1
3618,249310,0,unnamed,0,not-CX,0.0,0.0,0.0,LN-DN2,0,0,0,0,0,1
3619,249380,1,sensory,0,not-CX,0.0,0.0,0.0,ORN_VL2p,0,0,0,0,0,1
3620,249537,1,sensory,0,not-CX,0.0,0.0,0.0,ORN_VL2a,0,0,0,0,0,1
3621,249576,1,sensory,0,not-CX,0.0,0.0,0.0,ORN_DL5,0,0,0,0,0,1
3622,249622,1,sensory,0,not-CX,0.0,0.0,0.0,ORN_VA1v,0,0,0,0,0,1
3623,249668,1,sensory,0,not-CX,0.0,0.0,0.0,ORN_VA1d,0,0,0,0,0,1
3624,249677,1,sensory,0,not-CX,0.0,0.0,0.0,ORN_DL4,0,0,0,0,0,1
3625,249681,1,sensory,0,not-CX,0.0,0.0,0.0,ORN_DL5,0,0,0,0,0,1
3626,249778,1,sensory,0,not-CX,0.0,0.0,0.0,ORN_DM3,0,0,0,0,0,1
3627,250249,1,sensory,0,not-CX,0.0,0.0,0.0,ORN_VA2,0,0,0,0,0,1
3628,250430,1,sensory,0,not-CX,0.0,0.0,0.0,ORN_VM5d,0,0,0,0,0,1
3629,250450,1,sensory,0,not-CX,0.0,0.0,0.0,ORN_DA4l,0,0,0,0,0,1
3630,250579,1,sensory,0,not-CX,0.0,0.0,0.0,ORN_VM2,0,0,0,0,0,1
3631,250821,1,sensory,0,not-CX,0.0,0.0,0.0,ORN_VA1d,0,0,0,0,0,1
3632,250880,1,sensory,0,not-CX,0.0,0.0,0.0,ORN_VL2a,0,0,0,0,0,1
3633,250964,1,sensory,0,not-CX,0.0,0.0,0.0,ORN_DA1,0,0,0,0,0,1
3634,251023,1,sensory,0,not-CX,0.0,0.0,0.0,ORN_V,0,0,0,0,0,1
3635,251188,1,sensory,0,not-CX,0.0,0.0,0.0,ORN_VM5d,0,0,0,0,0,1
3636,251700,1,sensory,0,not-CX,0.0,0.0,0.0,ORN_DA1,0,0,0,0,0,1
3637,251768,1,sensory,0,not-CX,0.0,0.0,0.0,ORN_VA1d,0,0,0,0,0,1
3638,251881,1,sensory,0,not-CX,0.0,0.0,0.0,ORN_DL5,0,0,0,0,0,1
3639,251895,1,sensory,0,not-CX,0.0,0.0,0.0,ORN_DL4,0,0,0,0,0,1
3640,252274,1,sensory,0,not-CX,0.0,0.0,0.0,ORN_DA1,0,0,0,0,0,1
3641,252351,1,sensory,0,not-CX,0.0,0.0,0.0,ORN_VL2p,0,0,0,0,0,1
3642,252391,1,sensory,0,not-CX,0.0,0.0,0.0,ORN_VL1,0,0,0,0,0,1
3643,252695,1,sensory,0,not-CX,0.0,0.0,0.0,ORN_DA3,0,0,0,0,0,1
3644,252813,1,sensory,0,not-CX,0.0,0.0,0.0,ORN_VM4,0,0,0,0,0,1
3645,252854,1,sensory,0,not-CX,0.0,0.0,0.0,ORN_VL2p,0,0,0,0,0,1
3646,253104,1,sensory,0,not-CX,0.0,0.0,0.0,ORN_DA1,0,0,0,0,0,1
3647,253204,1,sensory,0,not-CX,0.0,0.0,0.0,ORN_DM3,0,0,0,0,0,1
3648,253261,1,sensory,0,not-CX,0.0,0.0,0.0,ORN_V,0,0,0,0,0,1
3649,253303,1,sensory,0,not-CX,0.0,0.0,0.0,ORN_DA1,0,0,0,0,0,1
3650,253543,1,sensory,0,not-CX,0.0,0.0,0.0,ORN_VA1d,0,0,0,0,0,1
3651,254179,1,sensory,0,not-CX,0.0,0.0,0.0,ORN_DA2,0,0,0,0,0,1
3652,254193,1,sensory,0,not-CX,0.0,0.0,0.0,ORN_DA1,0,0,0,0,0,1
3653,254321,1,sensory,0,not-CX,0.0,0.0,0.0,ORN_DM4,0,0,0,0,0,1
3654,254366,1,sensory,0,not-CX,0.0,0.0,0.0,ORN_VA1d,0,0,0,0,0,1
3655,254373,1,sensory,0,not-CX,0.0,0.0,0.0,ORN_VA1d,0,0,0,0,0,1
3656,254440,1,sensory,0,not-CX,0.0,0.0,0.0,ORN_VM5d,0,0,0,0,0,1
3657,254983,1,sensory,0,not-CX,0.0,0.0,0.0,ORN_VM4,0,0,0,0,0,1
3658,255283,1,sensory,0,not-CX,0.0,0.0,0.0,ORN_VA2,0,0,0,0,0,1
3659,255865,1,sensory,0,not-CX,0.0,0.0,0.0,ORN_VA2,0,0,0,0,0,1
3660,255895,1,sensory,0,not-CX,0.0,0.0,0.0,ORN_VL2a,0,0,0,0,0,1
3661,255899,1,sensory,0,not-CX,0.0,0.0,0.0,ORN_DL1,0,0,0,0,0,1
3662,256149,1,sensory,0,not-CX,0.0,0.0,0.0,ORN_VM1,0,0,0,0,0,1
3663,256633,1,sensory,0,not-CX,0.0,0.0,0.0,ORN_DA3,0,0,0,0,0,1
3664,256828,1,sensory,0,not-CX,0.0,0.0,0.0,ORN_DP1m,0,0,0,0,0,1
3665,256925,1,sensory,0,not-CX,0.0,0.0,0.0,ORN_DA1,0,0,0,0,0,1
3666,257013,1,sensory,0,not-CX,0.0,0.0,0.0,ORN_DA4l,0,0,0,0,0,1
3667,257025,1,sensory,0,not-CX,0.0,0.0,0.0,ORN_DL3,0,0,0,0,0,1
3668,257477,1,sensory,0,not-CX,0.0,0.0,0.0,ORN_DL1,0,0,0,0,0,1
3669,257498,1,sensory,0,not-CX,0.0,0.0,0.0,ORN_DL3,0,0,0,0,0,1
3670,257922,1,sensory,0,not-CX,0.0,0.0,0.0,ORN_VA1d,0,0,0,0,0,1
3671,257940,1,sensory,0,not-CX,0.0,0.0,0.0,ORN_DA1,0,0,0,0,0,1
3672,258209,10,LPTC (self-motion),0,not-CX,539.9,90.7,259.4,LHPV5c2,1,1,0,0,1,0
3673,258241,1,sensory,0,not-CX,0.0,0.0,0.0,ORN_VL2a,0,0,0,0,0,1
3674,258421,1,sensory,0,not-CX,0.0,0.0,0.0,ORN_DL1,0,0,0,0,0,1
3675,258507,1,sensory,0,not-CX,0.0,0.0,0.0,ORN_VM4,0,0,0,0,0,1
3676,258551,1,sensory,0,not-CX,0.0,0.0,0.0,ORN_DM1,0,0,0,0,0,1
3677,258608,1,sensory,0,not-CX,0.0,0.0,0.0,ORN_VL2a,0,0,0,0,0,1
3678,258631,1,sensory,0,not-CX,0.0,0.0,0.0,ORN_DA4l,0,0,0,0,0,1
3679,258881,1,sensory,0,not-CX,0.0,0.0,0.0,ORN_VL2a,0,0,0,0,0,1
3680,258945,1,sensory,0,not-CX,0.0,0.0,0.0,ORN_VM5d,0,0,0,0,0,1
3681,259299,1,sensory,0,not-CX,0.0,0.0,0.0,ORN_VL1,0,0,0,0,0,1
3682,259344,1,sensory,0,not-CX,0.0,0.0,0.0,ORN_DL4,0,0,0,0,0,1
3683,259400,0,unnamed,0,not-CX,0.0,0.0,0.0,JO-EV1,0,0,0,0,0,1
3684,259761,1,sensory,0,not-CX,0.0,0.0,0.0,ORN_VL2a,0,0,0,0,0,1
3685,260044,1,sensory,0,not-CX,0.0,0.0,0.0,ORN_DM3,0,0,0,0,0,1
3686,260053,1,sensory,0,not-CX,0.0,0.0,0.0,ORN_VA1d,0,0,0,0,0,1
3687,260128,1,sensory,0,not-CX,0.0,0.0,0.0,ORN_DM1,0,0,0,0,0,1
3688,260292,1,sensory,0,not-CX,0.0,0.0,0.0,ORN_DA3,0,0,0,0,0,1
3689,260295,1,sensory,0,not-CX,0.0,0.0,0.0,ORN_VM2,0,0,0,0,0,1
3690,260451,1,sensory,0,not-CX,0.0,0.0,0.0,ORN_VA1d,0,0,0,0,0,1
3691,260501,1,sensory,0,not-CX,0.0,0.0,0.0,ORN_VM2,0,0,0,0,0,1
3692,260581,0,unnamed,0,not-CX,0.0,0.0,0.0,JO-EV1,0,0,0,0,0,1
3693,260859,1,sensory,0,not-CX,0.0,0.0,0.0,ORN_VL2a,0,0,0,0,0,1
3694,260959,1,sensory,0,not-CX,0.0,0.0,0.0,ORN_DL1,0,0,0,0,0,1
3695,261027,1,sensory,0,not-CX,0.0,0.0,0.0,ORN_DM3,0,0,0,0,0,1
3696,261305,1,sensory,0,not-CX,0.0,0.0,0.0,ORN_VM5d,0,0,0,0,0,1
3697,261509,1,sensory,0,not-CX,0.0,0.0,0.0,ORN_DL4,0,0,0,0,0,1
3698,261535,1,sensory,0,not-CX,0.0,0.0,0.0,ORN_DL4,0,0,0,0,0,1
3699,261548,1,sensory,0,not-CX,0.0,0.0,0.0,ORN_VM4,0,0,0,0,0,1
3700,261559,1,sensory,0,not-CX,0.0,0.0,0.0,ORN_VM5d,0,0,0,0,0,1
3701,261572,1,sensory,0,not-CX,0.0,0.0,0.0,ORN_VA1d,0,0,0,0,0,1
3702,261653,1,sensory,0,not-CX,0.0,0.0,0.0,ORN_DA4l,0,0,0,0,0,1
3703,262339,10,LPTC (self-motion),0,not-CX,578.4,118.8,173.1,LHAV6b3,1,1,0,0,1,0
3704,262793,1,sensory,0,not-CX,0.0,0.0,0.0,ORN_DL4,0,0,0,0,0,1
3705,262861,1,sensory,0,not-CX,0.0,0.0,0.0,ORN_DL4,0,0,0,0,0,1
3706,262892,1,sensory,0,not-CX,0.0,0.0,0.0,ORN_VA5,0,0,0,0,0,1
3707,262911,1,sensory,0,not-CX,0.0,0.0,0.0,ORN_DM3,0,0,0,0,0,1
3708,262942,1,sensory,0,not-CX,0.0,0.0,0.0,ORN_DA2,0,0,0,0,0,1
3709,263024,1,sensory,0,not-CX,0.0,0.0,0.0,ORN_V,0,0,0,0,0,1
3710,263350,1,sensory,0,not-CX,0.0,0.0,0.0,ORN_DM3,0,0,0,0,0,1
3711,263393,1,sensory,0,not-CX,0.0,0.0,0.0,ORN_DA2,0,0,0,0,0,1
3712,263592,1,sensory,0,not-CX,0.0,0.0,0.0,ORN_VC4,0,0,0,0,0,1
3713,263646,1,sensory,0,not-CX,0.0,0.0,0.0,ORN_VM4,0,0,0,0,0,1
3714,263995,1,sensory,0,not-CX,0.0,0.0,0.0,ORN_DL1,0,0,0,0,0,1
3715,264011,1,sensory,0,not-CX,0.0,0.0,0.0,ORN_VM4,0,0,0,0,0,1
3716,264463,1,sensory,0,not-CX,0.0,0.0,0.0,ORN_DA1,0,0,0,0,0,1
3717,264660,1,sensory,0,not-CX,0.0,0.0,0.0,ORN_VA1d,0,0,0,0,0,1
3718,265000,1,sensory,0,not-CX,0.0,0.0,0.0,ORN_VA1d,0,0,0,0,0,1
3719,265181,1,sensory,0,not-CX,0.0,0.0,0.0,ORN_DM6,0,0,0,0,0,1
3720,265253,1,sensory,0,not-CX,0.0,0.0,0.0,ORN_VL2p,0,0,0,0,0,1
3721,265416,0,unnamed,0,not-CX,0.0,0.0,0.0,JO-EV1,0,0,0,0,0,1
3722,265512,1,sensory,0,not-CX,0.0,0.0,0.0,ORN_VL2a,0,0,0,0,0,1
3723,265784,1,sensory,0,not-CX,0.0,0.0,0.0,ORN_DL3,0,0,0,0,0,1
3724,265794,1,sensory,0,not-CX,0.0,0.0,0.0,ORN_DC3,0,0,0,0,0,1
3725,265898,1,sensory,0,not-CX,0.0,0.0,0.0,ORN_VC5,0,0,0,0,0,1
3726,266046,1,sensory,0,not-CX,0.0,0.0,0.0,ORN_DL3,0,0,0,0,0,1
3727,266077,1,sensory,0,not-CX,0.0,0.0,0.0,ORN_DA4m,0,0,0,0,0,1
3728,266098,1,sensory,0,not-CX,0.0,0.0,0.0,ORN_DM3,0,0,0,0,0,1
3729,266457,1,sensory,0,not-CX,0.0,0.0,0.0,ORN_VA1d,0,0,0,0,0,1
3730,266564,1,sensory,0,not-CX,0.0,0.0,0.0,ORN_DL1,0,0,0,0,0,1
3731,266910,1,sensory,0,not-CX,0.0,0.0,0.0,ORN_V,0,0,0,0,0,1
3732,267422,1,sensory,0,not-CX,0.0,0.0,0.0,ORN_DL3,0,0,0,0,0,1
3733,267437,0,unnamed,0,not-CX,287.0,197.9,127.6,lLN2P_c,0,0,0,0,0,0
3734,267704,1,sensory,0,not-CX,0.0,0.0,0.0,ORN_DA2,0,0,0,0,0,1
3735,267712,1,sensory,0,not-CX,0.0,0.0,0.0,ORN_DL1,0,0,0,0,0,1
3736,267717,1,sensory,0,not-CX,0.0,0.0,0.0,ORN_V,0,0,0,0,0,1
3737,267755,1,sensory,0,not-CX,0.0,0.0,0.0,ORN_VL2a,0,0,0,0,0,1
3738,268184,1,sensory,0,not-CX,0.0,0.0,0.0,ORN_DL3,0,0,0,0,0,1
3739,268369,1,sensory,0,not-CX,0.0,0.0,0.0,ORN_DL3,0,0,0,0,0,1
3740,268386,1,sensory,0,not-CX,0.0,0.0,0.0,ORN_DM6,0,0,0,0,0,1
3741,268396,1,sensory,0,not-CX,0.0,0.0,0.0,ORN_VL2a,0,0,0,0,0,1
3742,268506,1,sensory,0,not-CX,0.0,0.0,0.0,ORN_VL1,0,0,0,0,0,1
3743,268855,1,sensory,0,not-CX,0.0,0.0,0.0,ORN_DM4,0,0,0,0,0,1
3744,268858,1,sensory,0,not-CX,0.0,0.0,0.0,ORN_DA3,0,0,0,0,0,1
3745,269062,1,sensory,0,not-CX,0.0,0.0,0.0,ORN_DL3,0,0,0,0,0,1
3746,269068,1,sensory,0,not-CX,0.0,0.0,0.0,ORN_VC4,0,0,0,0,0,1
3747,269157,1,sensory,0,not-CX,0.0,0.0,0.0,ORN_VA1d,0,0,0,0,0,1
3748,269408,1,sensory,0,not-CX,0.0,0.0,0.0,ORN_DP1m,0,0,0,0,0,1
3749,269412,1,sensory,0,not-CX,0.0,0.0,0.0,ORN_DA2,0,0,0,0,0,1
3750,269877,1,sensory,0,not-CX,0.0,0.0,0.0,ORN_V,0,0,0,0,0,1
3751,270194,1,sensory,0,not-CX,0.0,0.0,0.0,ORN_VA1d,0,0,0,0,0,1
3752,270384,1,sensory,0,not-CX,0.0,0.0,0.0,ORN_VL2a,0,0,0,0,0,1
3753,270559,1,sensory,0,not-CX,0.0,0.0,0.0,ORN_VA1d,0,0,0,0,0,1
3754,270784,1,sensory,0,not-CX,0.0,0.0,0.0,ORN_DL4,0,0,0,0,0,1
3755,270796,1,sensory,0,not-CX,0.0,0.0,0.0,ORN_DA1,0,0,0,0,0,1
3756,270872,1,sensory,0,not-CX,0.0,0.0,0.0,ORN_VL2p,0,0,0,0,0,1
3757,271638,1,sensory,0,not-CX,0.0,0.0,0.0,ORN_DA1,0,0,0,0,0,1
3758,271661,1,sensory,0,not-CX,0.0,0.0,0.0,ORN_VL2p,0,0,0,0,0,1
3759,271998,1,sensory,0,not-CX,0.0,0.0,0.0,ORN_DA3,0,0,0,0,0,1
3760,272314,1,sensory,0,not-CX,0.0,0.0,0.0,ORN_VL2a,0,0,0,0,0,1
3761,272602,1,sensory,0,not-CX,0.0,0.0,0.0,ORN_VA1d,0,0,0,0,0,1
3762,272753,1,sensory,0,not-CX,0.0,0.0,0.0,ORN_VL1,0,0,0,0,0,1
3763,272841,1,sensory,0,not-CX,0.0,0.0,0.0,ORN_DA3,0,0,0,0,0,1
3764,272883,1,sensory,0,not-CX,0.0,0.0,0.0,ORN_DM4,0,0,0,0,0,1
3765,273311,1,sensory,0,not-CX,0.0,0.0,0.0,ORN_DL3,0,0,0,0,0,1
3766,273358,1,sensory,0,not-CX,0.0,0.0,0.0,ORN_DL1,0,0,0,0,0,1
3767,273402,1,sensory,0,not-CX,0.0,0.0,0.0,ORN_VM5d,0,0,0,0,0,1
3768,273670,1,sensory,0,not-CX,0.0,0.0,0.0,ORN_VL2p,0,0,0,0,0,1
3769,274004,1,sensory,0,not-CX,0.0,0.0,0.0,ORN_VA1d,0,0,0,0,0,1
3770,274149,1,sensory,0,not-CX,0.0,0.0,0.0,ORN_VM4,0,0,0,0,0,1
3771,274277,1,sensory,0,not-CX,0.0,0.0,0.0,ORN_DL3,0,0,0,0,0,1
3772,275117,0,unnamed,0,not-CX,0.0,0.0,0.0,JO-EV6,0,0,0,0,0,1
3773,275267,1,sensory,0,not-CX,0.0,0.0,0.0,ORN_DL1,0,0,0,0,0,1
3774,275352,1,sensory,0,not-CX,0.0,0.0,0.0,ORN_DL3,0,0,0,0,0,1
3775,275404,1,sensory,0,not-CX,0.0,0.0,0.0,ORN_VA1d,0,0,0,0,0,1
3776,275598,1,sensory,0,not-CX,0.0,0.0,0.0,ORN_VA1d,0,0,0,0,0,1
3777,275647,1,sensory,0,not-CX,0.0,0.0,0.0,ORN_D,0,0,0,0,0,1
3778,276056,1,sensory,0,not-CX,0.0,0.0,0.0,ORN_VM4,0,0,0,0,0,1
3779,276163,1,sensory,0,not-CX,0.0,0.0,0.0,ORN_DM3,0,0,0,0,0,1
3780,276292,1,sensory,0,not-CX,0.0,0.0,0.0,ORN_DL1,0,0,0,0,0,1
3781,276359,1,sensory,0,not-CX,0.0,0.0,0.0,ORN_VA2,0,0,0,0,0,1
3782,276451,1,sensory,0,not-CX,0.0,0.0,0.0,ORN_VA1d,0,0,0,0,0,1
3783,276529,1,sensory,0,not-CX,0.0,0.0,0.0,ORN_DA1,0,0,0,0,0,1
3784,276552,1,sensory,0,not-CX,0.0,0.0,0.0,ORN_DA4l,0,0,0,0,0,1
3785,276614,1,sensory,0,not-CX,0.0,0.0,0.0,ORN_VM5d,0,0,0,0,0,1
3786,276636,1,sensory,0,not-CX,0.0,0.0,0.0,ORN_VL2a,0,0,0,0,0,1
3787,276800,1,sensory,0,not-CX,0.0,0.0,0.0,ORN_VL2a,0,0,0,0,0,1
3788,276829,0,unnamed,0,not-CX,0.0,0.0,0.0,JO-EV1,0,0,0,0,0,1
3789,277608,1,sensory,0,not-CX,0.0,0.0,0.0,ORN_DL3,0,0,0,0,0,1
3790,278165,1,sensory,0,not-CX,0.0,0.0,0.0,ORN_VC4,0,0,0,0,0,1
3791,278255,1,sensory,0,not-CX,0.0,0.0,0.0,ORN_DL5,0,0,0,0,0,1
3792,278658,1,sensory,0,not-CX,0.0,0.0,0.0,ORN_DL5,0,0,0,0,0,1
3793,278892,1,sensory,0,not-CX,0.0,0.0,0.0,ORN_VA1d,0,0,0,0,0,1
3794,279184,1,sensory,0,not-CX,0.0,0.0,0.0,ORN_DM3,0,0,0,0,0,1
3795,279337,1,sensory,0,not-CX,0.0,0.0,0.0,ORN_VM4,0,0,0,0,0,1
3796,279385,1,sensory,0,not-CX,0.0,0.0,0.0,ORN_D,0,0,0,0,0,1
3797,279476,1,sensory,0,not-CX,0.0,0.0,0.0,ORN_DM1,0,0,0,0,0,1
3798,280273,1,sensory,0,not-CX,0.0,0.0,0.0,ORN_VM6m,0,0,0,0,0,1
3799,280533,1,sensory,0,not-CX,0.0,0.0,0.0,ORN_VM4,0,0,0,0,0,1
3800,280868,1,sensory,0,not-CX,0.0,0.0,0.0,ORN_VL1,0,0,0,0,0,1
3801,281037,1,sensory,0,not-CX,0.0,0.0,0.0,ORN_VL1,0,0,0,0,0,1
3802,281543,1,sensory,0,not-CX,0.0,0.0,0.0,ORN_VM3,0,0,0,0,0,1
3803,281674,1,sensory,0,not-CX,0.0,0.0,0.0,ORN_VL2a,0,0,0,0,0,1
3804,282217,1,sensory,0,not-CX,0.0,0.0,0.0,ORN_DA1,0,0,0,0,0,1
3805,282264,1,sensory,0,not-CX,0.0,0.0,0.0,ORN_DC1,0,0,0,0,0,1
3806,282767,1,sensory,0,not-CX,0.0,0.0,0.0,ORN_DL3,0,0,0,0,0,1
3807,282783,1,sensory,0,not-CX,0.0,0.0,0.0,ORN_VL1,0,0,0,0,0,1
3808,282834,1,sensory,0,not-CX,0.0,0.0,0.0,ORN_DP1l,0,0,0,0,0,1
3809,282879,1,sensory,0,not-CX,0.0,0.0,0.0,ORN_DM3,0,0,0,0,0,1
3810,282960,1,sensory,0,not-CX,0.0,0.0,0.0,ORN_DL3,0,0,0,0,0,1
3811,283011,1,sensory,0,not-CX,0.0,0.0,0.0,ORN_VL2a,0,0,0,0,0,1
3812,283758,1,sensory,0,not-CX,0.0,0.0,0.0,ORN_VA1d,0,0,0,0,0,1
3813,284239,1,sensory,0,not-CX,0.0,0.0,0.0,ORN_VL2p,0,0,0,0,0,1
3814,284316,1,sensory,0,not-CX,0.0,0.0,0.0,ORN_DM2,0,0,0,0,0,1
3815,284648,1,sensory,0,not-CX,0.0,0.0,0.0,ORN_DA1,0,0,0,0,0,1
3816,284843,1,sensory,0,not-CX,0.0,0.0,0.0,ORN_VA1d,0,0,0,0,0,1
3817,284852,1,sensory,0,not-CX,0.0,0.0,0.0,ORN_VL2a,0,0,0,0,0,1
3818,284924,1,sensory,0,not-CX,0.0,0.0,0.0,ORN_VM2,0,0,0,0,0,1
3819,285045,1,sensory,0,not-CX,0.0,0.0,0.0,ORN_DL4,0,0,0,0,0,1
3820,285589,10,LPTC (self-motion),0,not-CX,587.8,108.8,169.5,LHAV5a2_a3,1,1,0,0,1,0
3821,285620,1,sensory,0,not-CX,0.0,0.0,0.0,ORN_VM4,0,0,0,0,0,1
3822,286057,1,sensory,0,not-CX,0.0,0.0,0.0,ORN_DA1,0,0,0,0,0,1
3823,286134,1,sensory,0,not-CX,0.0,0.0,0.0,ORN_DM2,0,0,0,0,0,1
3824,286257,1,sensory,0,not-CX,0.0,0.0,0.0,ORN_DL1,0,0,0,0,0,1
3825,286384,1,sensory,0,not-CX,0.0,0.0,0.0,ORN_V,0,0,0,0,0,1
3826,286398,1,sensory,0,not-CX,0.0,0.0,0.0,ORN_VM4,0,0,0,0,0,1
3827,286635,1,sensory,0,not-CX,0.0,0.0,0.0,ORN_VL2a,0,0,0,0,0,1
3828,287583,1,sensory,0,not-CX,0.0,0.0,0.0,ORN_D,0,0,0,0,0,1
3829,288003,1,sensory,0,not-CX,0.0,0.0,0.0,ORN_DL4,0,0,0,0,0,1
3830,288212,1,sensory,0,not-CX,0.0,0.0,0.0,ORN_VM2,0,0,0,0,0,1
3831,288640,1,sensory,0,not-CX,0.0,0.0,0.0,ORN_DA1,0,0,0,0,0,1
3832,288905,1,sensory,0,not-CX,0.0,0.0,0.0,ORN_DL4,0,0,0,0,0,1
3833,289014,10,LPTC (self-motion),0,not-CX,539.9,80.7,258.1,LHPV5b1,1,1,0,0,1,0
3834,289046,1,sensory,0,not-CX,0.0,0.0,0.0,ORN_VL1,0,0,0,0,0,1
3835,289452,1,sensory,0,not-CX,0.0,0.0,0.0,ORN_DM6,0,0,0,0,0,1
3836,289691,1,sensory,0,not-CX,0.0,0.0,0.0,ORN_VM5d,0,0,0,0,0,1
3837,289809,1,sensory,0,not-CX,0.0,0.0,0.0,ORN_DA3,0,0,0,0,0,1
3838,289858,1,sensory,0,not-CX,0.0,0.0,0.0,ORN_VM6m,0,0,0,0,0,1
3839,290396,1,sensory,0,not-CX,0.0,0.0,0.0,ORN_VM6v,0,0,0,0,0,1
3840,290558,1,sensory,0,not-CX,0.0,0.0,0.0,ORN_DL3,0,0,0,0,0,1
3841,290881,1,sensory,0,not-CX,0.0,0.0,0.0,ORN_DL4,0,0,0,0,0,1
3842,291535,1,sensory,0,not-CX,0.0,0.0,0.0,ORN_VL1,0,0,0,0,0,1
3843,291638,1,sensory,0,not-CX,0.0,0.0,0.0,ORN_DA1,0,0,0,0,0,1
3844,292082,1,sensory,0,not-CX,0.0,0.0,0.0,ORN_VL2a,0,0,0,0,0,1
3845,292378,1,sensory,0,not-CX,0.0,0.0,0.0,ORN_DM4,0,0,0,0,0,1
3846,292464,1,sensory,0,not-CX,0.0,0.0,0.0,ORN_DL4,0,0,0,0,0,1
3847,292716,1,sensory,0,not-CX,0.0,0.0,0.0,ORN_DL4,0,0,0,0,0,1
3848,292769,1,sensory,0,not-CX,0.0,0.0,0.0,ORN_VA1d,0,0,0,0,0,1
3849,292875,1,sensory,0,not-CX,0.0,0.0,0.0,ORN_DL1,0,0,0,0,0,1
3850,293034,1,sensory,0,not-CX,0.0,0.0,0.0,ORN_DA1,0,0,0,0,0,1
3851,293125,0,unnamed,0,not-CX,0.0,0.0,0.0,JO-EV3,0,0,0,0,0,1
3852,293360,1,sensory,0,not-CX,0.0,0.0,0.0,ORN_DL4,0,0,0,0,0,1
3853,293411,1,sensory,0,not-CX,0.0,0.0,0.0,ORN_VA1v,0,0,0,0,0,1
3854,293820,1,sensory,0,not-CX,0.0,0.0,0.0,ORN_DL3,0,0,0,0,0,1
3855,294188,1,sensory,0,not-CX,0.0,0.0,0.0,ORN_VM5d,0,0,0,0,0,1
3856,294210,1,sensory,0,not-CX,0.0,0.0,0.0,ORN_DL3,0,0,0,0,0,1
3857,295107,1,sensory,0,not-CX,0.0,0.0,0.0,ORN_DM3,0,0,0,0,0,1
3858,295839,1,sensory,0,not-CX,0.0,0.0,0.0,ORN_VL1,0,0,0,0,0,1
3859,295953,1,sensory,0,not-CX,0.0,0.0,0.0,ORN_DL3,0,0,0,0,0,1
3860,296322,1,sensory,0,not-CX,0.0,0.0,0.0,ORN_VM5d,0,0,0,0,0,1
3861,296449,1,sensory,0,not-CX,0.0,0.0,0.0,ORN_DM1,0,0,0,0,0,1
3862,296666,1,sensory,0,not-CX,0.0,0.0,0.0,ORN_DL1,0,0,0,0,0,1
3863,296771,1,sensory,0,not-CX,0.0,0.0,0.0,ORN_VA1d,0,0,0,0,0,1
3864,297075,1,sensory,0,not-CX,0.0,0.0,0.0,ORN_DM3,0,0,0,0,0,1
3865,297106,1,sensory,0,not-CX,0.0,0.0,0.0,ORN_DL4,0,0,0,0,0,1
3866,297298,1,sensory,0,not-CX,0.0,0.0,0.0,ORN_DM3,0,0,0,0,0,1
3867,297455,1,sensory,0,not-CX,0.0,0.0,0.0,ORN_V,0,0,0,0,0,1
3868,297530,1,sensory,0,not-CX,0.0,0.0,0.0,ORN_VL2a,0,0,0,0,0,1
3869,297566,1,sensory,0,not-CX,0.0,0.0,0.0,ORN_DM3,0,0,0,0,0,1
3870,298264,1,sensory,0,not-CX,0.0,0.0,0.0,ORN_VL2a,0,0,0,0,0,1
3871,298491,1,sensory,0,not-CX,0.0,0.0,0.0,ORN_VA6,0,0,0,0,0,1
3872,298517,1,sensory,0,not-CX,0.0,0.0,0.0,ORN_DL4,0,0,0,0,0,1
3873,298521,1,sensory,0,not-CX,0.0,0.0,0.0,ORN_DC3,0,0,0,0,0,1
3874,298680,1,sensory,0,not-CX,0.0,0.0,0.0,ORN_VL2p,0,0,0,0,0,1
3875,298693,1,sensory,0,not-CX,0.0,0.0,0.0,ORN_VA1d,0,0,0,0,0,1
3876,298729,1,sensory,0,not-CX,0.0,0.0,0.0,ORN_VA4,0,0,0,0,0,1
3877,299072,1,sensory,0,not-CX,0.0,0.0,0.0,ORN_VM4,0,0,0,0,0,1
3878,299288,1,sensory,0,not-CX,0.0,0.0,0.0,ORN_VM4,0,0,0,0,0,1
3879,299665,1,sensory,0,not-CX,0.0,0.0,0.0,ORN_VA1d,0,0,0,0,0,1
3880,299852,1,sensory,0,not-CX,0.0,0.0,0.0,ORN_VL2a,0,0,0,0,0,1
3881,300065,1,sensory,0,not-CX,0.0,0.0,0.0,ORN_VM4,0,0,0,0,0,1
3882,300339,1,sensory,0,not-CX,0.0,0.0,0.0,ORN_DA2,0,0,0,0,0,1
3883,300554,1,sensory,0,not-CX,0.0,0.0,0.0,ORN_VL2p,0,0,0,0,0,1
3884,300562,1,sensory,0,not-CX,0.0,0.0,0.0,ORN_DL4,0,0,0,0,0,1
3885,300909,1,sensory,0,not-CX,0.0,0.0,0.0,ORN_DA1,0,0,0,0,0,1
3886,301260,1,sensory,0,not-CX,0.0,0.0,0.0,ORN_DL4,0,0,0,0,0,1
3887,301377,1,sensory,0,not-CX,0.0,0.0,0.0,ORN_VA1d,0,0,0,0,0,1
3888,301793,1,sensory,0,not-CX,0.0,0.0,0.0,ORN_DA4l,0,0,0,0,0,1
3889,301799,1,sensory,0,not-CX,0.0,0.0,0.0,ORN_VA2,0,0,0,0,0,1
3890,301842,1,sensory,0,not-CX,0.0,0.0,0.0,ORN_DA3,0,0,0,0,0,1
3891,301867,0,unnamed,0,not-CX,0.0,0.0,0.0,JO-EV1,0,0,0,0,0,1
3892,302024,1,sensory,0,not-CX,0.0,0.0,0.0,ORN_DA4m,0,0,0,0,0,1
3893,302159,1,sensory,0,not-CX,0.0,0.0,0.0,ORN_VC4,0,0,0,0,0,1
3894,302181,1,sensory,0,not-CX,0.0,0.0,0.0,ORN_DM4,0,0,0,0,0,1
3895,302200,1,sensory,0,not-CX,0.0,0.0,0.0,ORN_DL1,0,0,0,0,0,1
3896,302649,1,sensory,0,not-CX,0.0,0.0,0.0,ORN_DP1l,0,0,0,0,0,1
3897,302827,1,sensory,0,not-CX,0.0,0.0,0.0,ORN_DL1,0,0,0,0,0,1
3898,302985,1,sensory,0,not-CX,0.0,0.0,0.0,ORN_DA1,0,0,0,0,0,1
3899,303047,1,sensory,0,not-CX,0.0,0.0,0.0,ORN_DL3,0,0,0,0,0,1
3900,303171,1,sensory,0,not-CX,0.0,0.0,0.0,ORN_DA1,0,0,0,0,0,1
3901,303869,1,sensory,0,not-CX,0.0,0.0,0.0,ORN_VM4,0,0,0,0,0,1
3902,304589,1,sensory,0,not-CX,0.0,0.0,0.0,ORN_VC4,0,0,0,0,0,1
3903,304636,1,sensory,0,not-CX,0.0,0.0,0.0,ORN_DA1,0,0,0,0,0,1
3904,304961,1,sensory,0,not-CX,0.0,0.0,0.0,ORN_DA2,0,0,0,0,0,1
3905,305168,1,sensory,0,not-CX,0.0,0.0,0.0,ORN_VM4,0,0,0,0,0,1
3906,305307,1,sensory,0,not-CX,0.0,0.0,0.0,ORN_VA6,0,0,0,0,0,1
3907,305452,1,sensory,0,not-CX,0.0,0.0,0.0,ORN_DL3,0,0,0,0,0,1
3908,305521,1,sensory,0,not-CX,0.0,0.0,0.0,ORN_VC4,0,0,0,0,0,1
3909,305628,1,sensory,0,not-CX,0.0,0.0,0.0,ORN_DM3,0,0,0,0,0,1
3910,305672,1,sensory,0,not-CX,0.0,0.0,0.0,ORN_DP1l,0,0,0,0,0,1
3911,306709,1,sensory,0,not-CX,0.0,0.0,0.0,ORN_VA1d,0,0,0,0,0,1
3912,307059,1,sensory,0,not-CX,0.0,0.0,0.0,ORN_VM2,0,0,0,0,0,1
3913,307312,1,sensory,0,not-CX,0.0,0.0,0.0,ORN_VM6v,0,0,0,0,0,1
3914,307493,1,sensory,0,not-CX,0.0,0.0,0.0,ORN_VL1,0,0,0,0,0,1
3915,307728,1,sensory,0,not-CX,0.0,0.0,0.0,ORN_DA3,0,0,0,0,0,1
3916,307975,1,sensory,0,not-CX,0.0,0.0,0.0,ORN_DL4,0,0,0,0,0,1
3917,308373,1,sensory,0,not-CX,0.0,0.0,0.0,ORN_VM5d,0,0,0,0,0,1
3918,308517,1,sensory,0,not-CX,0.0,0.0,0.0,ORN_DL1,0,0,0,0,0,1
3919,308608,1,sensory,0,not-CX,0.0,0.0,0.0,ORN_VA2,0,0,0,0,0,1
3920,309379,1,sensory,0,not-CX,0.0,0.0,0.0,ORN_DA3,0,0,0,0,0,1
3921,309407,1,sensory,0,not-CX,0.0,0.0,0.0,ORN_VA1d,0,0,0,0,0,1
3922,309610,1,sensory,0,not-CX,0.0,0.0,0.0,ORN_VL1,0,0,0,0,0,1
3923,309615,1,sensory,0,not-CX,0.0,0.0,0.0,ORN_DL4,0,0,0,0,0,1
3924,309688,1,sensory,0,not-CX,0.0,0.0,0.0,ORN_DM6,0,0,0,0,0,1
3925,310547,1,sensory,0,not-CX,0.0,0.0,0.0,ORN_DL3,0,0,0,0,0,1
3926,310734,1,sensory,0,not-CX,0.0,0.0,0.0,ORN_VM5d,0,0,0,0,0,1
3927,311039,1,sensory,0,not-CX,0.0,0.0,0.0,ORN_VM5d,0,0,0,0,0,1
3928,311114,1,sensory,0,not-CX,0.0,0.0,0.0,ORN_VC4,0,0,0,0,0,1
3929,311128,1,sensory,0,not-CX,0.0,0.0,0.0,ORN_DL3,0,0,0,0,0,1
3930,311230,1,sensory,0,not-CX,0.0,0.0,0.0,ORN_DA1,0,0,0,0,0,1
3931,311304,1,sensory,0,not-CX,0.0,0.0,0.0,ORN_VL1,0,0,0,0,0,1
3932,311545,1,sensory,0,not-CX,0.0,0.0,0.0,ORN_DA1,0,0,0,0,0,1
3933,312602,1,sensory,0,not-CX,0.0,0.0,0.0,ORN_DL3,0,0,0,0,0,1
3934,313270,1,sensory,0,not-CX,0.0,0.0,0.0,ORN_VL2p,0,0,0,0,0,1
3935,313568,1,sensory,0,not-CX,0.0,0.0,0.0,ORN_DL3,0,0,0,0,0,1
3936,313693,1,sensory,0,not-CX,0.0,0.0,0.0,ORN_VL1,0,0,0,0,0,1
3937,314960,1,sensory,0,not-CX,0.0,0.0,0.0,ORN_VC4,0,0,0,0,0,1
3938,315736,1,sensory,0,not-CX,0.0,0.0,0.0,ORN_DA3,0,0,0,0,0,1
3939,316132,1,sensory,0,not-CX,0.0,0.0,0.0,ORN_VM4,0,0,0,0,0,1
3940,316393,1,sensory,0,not-CX,0.0,0.0,0.0,ORN_DL4,0,0,0,0,0,1
3941,316448,1,sensory,0,not-CX,0.0,0.0,0.0,ORN_VM6m,0,0,0,0,0,1
3942,316593,1,sensory,0,not-CX,0.0,0.0,0.0,ORN_VC3,0,0,0,0,0,1
3943,316830,1,sensory,0,not-CX,0.0,0.0,0.0,ORN_DA2,0,0,0,0,0,1
3944,317368,1,sensory,0,not-CX,0.0,0.0,0.0,ORN_DL2v,0,0,0,0,0,1
3945,317412,1,sensory,0,not-CX,0.0,0.0,0.0,ORN_DA4m,0,0,0,0,0,1
3946,318116,1,sensory,0,not-CX,0.0,0.0,0.0,ORN_DA2,0,0,0,0,0,1
3947,318688,1,sensory,0,not-CX,0.0,0.0,0.0,ORN_VM4,0,0,0,0,0,1
3948,319077,1,sensory,0,not-CX,0.0,0.0,0.0,ORN_DL3,0,0,0,0,0,1
3949,319525,1,sensory,0,not-CX,0.0,0.0,0.0,ORN_DL5,0,0,0,0,0,1
3950,319724,1,sensory,0,not-CX,0.0,0.0,0.0,ORN_DA1,0,0,0,0,0,1
3951,319775,1,sensory,0,not-CX,0.0,0.0,0.0,ORN_DM3,0,0,0,0,0,1
3952,319896,1,sensory,0,not-CX,0.0,0.0,0.0,ORN_DL3,0,0,0,0,0,1
3953,320172,1,sensory,0,not-CX,0.0,0.0,0.0,ORN_DA4l,0,0,0,0,0,1
3954,320422,1,sensory,0,not-CX,0.0,0.0,0.0,ORN_DL4,0,0,0,0,0,1
3955,321054,1,sensory,0,not-CX,0.0,0.0,0.0,ORN_VL2p,0,0,0,0,0,1
3956,321272,0,unnamed,0,not-CX,0.0,0.0,0.0,JO-EV1,0,0,0,0,0,1
3957,321572,1,sensory,0,not-CX,0.0,0.0,0.0,ORN_DL1,0,0,0,0,0,1
3958,321660,1,sensory,0,not-CX,0.0,0.0,0.0,ORN_VM2,0,0,0,0,0,1
3959,322537,1,sensory,0,not-CX,0.0,0.0,0.0,ORN_DL5,0,0,0,0,0,1
3960,322587,1,sensory,0,not-CX,0.0,0.0,0.0,ORN_DL4,0,0,0,0,0,1
3961,323291,1,sensory,0,not-CX,0.0,0.0,0.0,ORN_DL4,0,0,0,0,0,1
3962,323983,1,sensory,0,not-CX,0.0,0.0,0.0,ORN_V,0,0,0,0,0,1
3963,324311,1,sensory,0,not-CX,0.0,0.0,0.0,ORN_DA2,0,0,0,0,0,1
3964,324548,1,sensory,0,not-CX,0.0,0.0,0.0,ORN_DM3,0,0,0,0,0,1
3965,324669,0,unnamed,0,not-CX,0.0,0.0,0.0,JO-EV1,0,0,0,0,0,1
3966,324762,1,sensory,0,not-CX,0.0,0.0,0.0,ORN_DM6,0,0,0,0,0,1
3967,325043,1,sensory,0,not-CX,0.0,0.0,0.0,ORN_DL3,0,0,0,0,0,1
3968,325080,1,sensory,0,not-CX,0.0,0.0,0.0,ORN_VM3,0,0,0,0,0,1
3969,325276,0,unnamed,0,not-CX,0.0,0.0,0.0,JO-EV1,0,0,0,0,0,1
3970,325751,1,sensory,0,not-CX,0.0,0.0,0.0,ORN_DA3,0,0,0,0,0,1
3971,327130,1,sensory,0,not-CX,0.0,0.0,0.0,ORN_DL3,0,0,0,0,0,1
3972,327161,1,sensory,0,not-CX,0.0,0.0,0.0,ORN_VM4,0,0,0,0,0,1
3973,327202,0,unnamed,0,not-CX,0.0,0.0,0.0,JO-EV2,0,0,0,0,0,1
3974,327352,1,sensory,0,not-CX,0.0,0.0,0.0,ORN_DL4,0,0,0,0,0,1
3975,327685,1,sensory,0,not-CX,0.0,0.0,0.0,ORN_DA1,0,0,0,0,0,1
3976,327959,10,LPTC (self-motion),0,not-CX,249.7,164.2,146.6,LHAV7a5,1,1,0,1,0,0
3977,328160,1,sensory,0,not-CX,0.0,0.0,0.0,ORN_DM2,0,0,0,0,0,1
3978,328840,1,sensory,0,not-CX,0.0,0.0,0.0,ORN_VA6,0,0,0,0,0,1
3979,329541,1,sensory,0,not-CX,0.0,0.0,0.0,ORN_DM6,0,0,0,0,0,1
3980,329994,1,sensory,0,not-CX,0.0,0.0,0.0,ORN_DL3,0,0,0,0,0,1
3981,330401,1,sensory,0,not-CX,0.0,0.0,0.0,ORN_V,0,0,0,0,0,1
3982,331037,1,sensory,0,not-CX,0.0,0.0,0.0,ORN_DA3,0,0,0,0,0,1
3983,332367,1,sensory,0,not-CX,0.0,0.0,0.0,ORN_DL3,0,0,0,0,0,1
3984,333223,1,sensory,0,not-CX,0.0,0.0,0.0,ORN_DL1,0,0,0,0,0,1
3985,334047,1,sensory,0,not-CX,0.0,0.0,0.0,ORN_DL4,0,0,0,0,0,1
3986,334233,1,sensory,0,not-CX,0.0,0.0,0.0,ORN_DL4,0,0,0,0,0,1
3987,334351,1,sensory,0,not-CX,0.0,0.0,0.0,ORN_DL5,0,0,0,0,0,1
3988,334671,1,sensory,0,not-CX,0.0,0.0,0.0,ORN_VL2a,0,0,0,0,0,1
3989,336536,1,sensory,0,not-CX,0.0,0.0,0.0,ORN_DL3,0,0,0,0,0,1
3990,338564,1,sensory,0,not-CX,0.0,0.0,0.0,ORN_VM4,0,0,0,0,0,1
3991,339206,1,sensory,0,not-CX,0.0,0.0,0.0,ORN_VM4,0,0,0,0,0,1
3992,339258,1,sensory,0,not-CX,0.0,0.0,0.0,ORN_VA3,0,0,0,0,0,1
3993,339383,1,sensory,0,not-CX,0.0,0.0,0.0,ORN_VM3,0,0,0,0,0,1
3994,340453,1,sensory,0,not-CX,0.0,0.0,0.0,ORN_DL3,0,0,0,0,0,1
3995,340675,1,sensory,0,not-CX,0.0,0.0,0.0,ORN_VM2,0,0,0,0,0,1
3996,341776,1,sensory,0,not-CX,0.0,0.0,0.0,ORN_VM6l,0,0,0,0,0,1
3997,342198,1,sensory,0,not-CX,0.0,0.0,0.0,ORN_VM6m,0,0,0,0,0,1
3998,342390,1,sensory,0,not-CX,0.0,0.0,0.0,ORN_VA5,0,0,0,0,0,1
3999,342797,1,sensory,0,not-CX,0.0,0.0,0.0,ORN_DC4,0,0,0,0,0,1
4000,342862,1,sensory,0,not-CX,0.0,0.0,0.0,ORN_VA1d,0,0,0,0,0,1
4001,342961,1,sensory,0,not-CX,0.0,0.0,0.0,ORN_DA4m,0,0,0,0,0,1
4002,343840,1,sensory,0,not-CX,0.0,0.0,0.0,ORN_VL1,0,0,0,0,0,1
4003,343998,1,sensory,0,not-CX,0.0,0.0,0.0,ORN_VL2a,0,0,0,0,0,1
4004,344285,1,sensory,0,not-CX,0.0,0.0,0.0,ORN_VA1d,0,0,0,0,0,1
4005,344825,1,sensory,0,not-CX,0.0,0.0,0.0,ORN_VM3,0,0,0,0,0,1
4006,345137,1,sensory,0,not-CX,0.0,0.0,0.0,ORN_DL4,0,0,0,0,0,1
4007,345335,0,unnamed,0,not-CX,0.0,0.0,0.0,JO-EV5,0,0,0,0,0,1
4008,345940,1,sensory,0,not-CX,0.0,0.0,0.0,ORN_DM3,0,0,0,0,0,1
4009,346101,1,sensory,0,not-CX,0.0,0.0,0.0,ORN_VM2,0,0,0,0,0,1
4010,347305,1,sensory,0,not-CX,0.0,0.0,0.0,ORN_VA1d,0,0,0,0,0,1
4011,347453,1,sensory,0,not-CX,0.0,0.0,0.0,ORN_DL3,0,0,0,0,0,1
4012,347488,1,sensory,0,not-CX,0.0,0.0,0.0,ORN_DL3,0,0,0,0,0,1
4013,348174,1,sensory,0,not-CX,0.0,0.0,0.0,ORN_VC4,0,0,0,0,0,1
4014,348209,1,sensory,0,not-CX,0.0,0.0,0.0,ORN_VM6v,0,0,0,0,0,1
4015,348374,1,sensory,0,not-CX,0.0,0.0,0.0,ORN_V,0,0,0,0,0,1
4016,349357,1,sensory,0,not-CX,0.0,0.0,0.0,ORN_DA3,0,0,0,0,0,1
4017,350383,1,sensory,0,not-CX,0.0,0.0,0.0,ORN_DM4,0,0,0,0,0,1
4018,350615,1,sensory,0,not-CX,0.0,0.0,0.0,ORN_DL3,0,0,0,0,0,1
4019,351152,1,sensory,0,not-CX,0.0,0.0,0.0,ORN_DA1,0,0,0,0,0,1
4020,351622,1,sensory,0,not-CX,0.0,0.0,0.0,ORN_VC4,0,0,0,0,0,1
4021,351969,1,sensory,0,not-CX,0.0,0.0,0.0,ORN_DL3,0,0,0,0,0,1
4022,352444,1,sensory,0,not-CX,0.0,0.0,0.0,ORN_DM3,0,0,0,0,0,1
4023,353000,1,sensory,0,not-CX,0.0,0.0,0.0,ORN_V,0,0,0,0,0,1
4024,353891,1,sensory,0,not-CX,0.0,0.0,0.0,ORN_DM1,0,0,0,0,0,1
4025,354053,1,sensory,0,not-CX,0.0,0.0,0.0,ORN_VM3,0,0,0,0,0,1
4026,354647,1,sensory,0,not-CX,0.0,0.0,0.0,ORN_DL2v,0,0,0,0,0,1
4027,354726,1,sensory,0,not-CX,0.0,0.0,0.0,ORN_VL1,0,0,0,0,0,1
4028,354837,1,sensory,0,not-CX,0.0,0.0,0.0,ORN_DL4,0,0,0,0,0,1
4029,355682,1,sensory,0,not-CX,0.0,0.0,0.0,ORN_VC4,0,0,0,0,0,1
4030,355772,1,sensory,0,not-CX,0.0,0.0,0.0,ORN_DL5,0,0,0,0,0,1
4031,356393,1,sensory,0,not-CX,0.0,0.0,0.0,ORN_DP1m,0,0,0,0,0,1
4032,356588,1,sensory,0,not-CX,0.0,0.0,0.0,ORN_VM2,0,0,0,0,0,1
4033,357109,1,sensory,0,not-CX,0.0,0.0,0.0,ORN_DL3,0,0,0,0,0,1
4034,358056,1,sensory,0,not-CX,0.0,0.0,0.0,ORN_DA2,0,0,0,0,0,1
4035,358830,1,sensory,0,not-CX,0.0,0.0,0.0,ORN_DL3,0,0,0,0,0,1
4036,359193,1,sensory,0,not-CX,0.0,0.0,0.0,ORN_DM5,0,0,0,0,0,1
4037,359231,1,sensory,0,not-CX,0.0,0.0,0.0,ORN_DM3,0,0,0,0,0,1
4038,359586,1,sensory,0,not-CX,0.0,0.0,0.0,ORN_VL1,0,0,0,0,0,1
4039,361729,1,sensory,0,not-CX,0.0,0.0,0.0,ORN_DP1l,0,0,0,0,0,1
4040,361757,1,sensory,0,not-CX,0.0,0.0,0.0,ORN_DL3,0,0,0,0,0,1
4041,361953,1,sensory,0,not-CX,0.0,0.0,0.0,ORN_DA3,0,0,0,0,0,1
4042,363119,1,sensory,0,not-CX,0.0,0.0,0.0,ORN_DM1,0,0,0,0,0,1
4043,363661,1,sensory,0,not-CX,0.0,0.0,0.0,ORN_DL3,0,0,0,0,0,1
4044,363756,1,sensory,0,not-CX,0.0,0.0,0.0,ORN_DL3,0,0,0,0,0,1
4045,363983,1,sensory,0,not-CX,0.0,0.0,0.0,ORN_VA1v,0,0,0,0,0,1
4046,364624,1,sensory,0,not-CX,0.0,0.0,0.0,ORN_VA1d,0,0,0,0,0,1
4047,365688,1,sensory,0,not-CX,0.0,0.0,0.0,ORN_DA1,0,0,0,0,0,1
4048,366857,0,unnamed,0,not-CX,0.0,0.0,0.0,JO-EV2,0,0,0,0,0,1
4049,368460,1,sensory,0,not-CX,0.0,0.0,0.0,ORN_VM3,0,0,0,0,0,1
4050,369074,1,sensory,0,not-CX,0.0,0.0,0.0,ORN_VA2,0,0,0,0,0,1
4051,371362,1,sensory,0,not-CX,0.0,0.0,0.0,ORN_DA4m,0,0,0,0,0,1
4052,371640,1,sensory,0,not-CX,0.0,0.0,0.0,ORN_VA1d,0,0,0,0,0,1
4053,371825,1,sensory,0,not-CX,0.0,0.0,0.0,ORN_VM3,0,0,0,0,0,1
4054,373875,1,sensory,0,not-CX,0.0,0.0,0.0,ORN_DM4,0,0,0,0,0,1
4055,375366,2,antennal,0,not-CX,507.7,144.5,123.5,WEDPN14,0,0,0,0,1,0
4056,375923,1,sensory,0,not-CX,0.0,0.0,0.0,ORN_DA1,0,0,0,0,0,1
4057,376040,0,unnamed,0,not-CX,0.0,0.0,0.0,JO-EV2,0,0,0,0,0,1
4058,377495,0,unnamed,0,not-CX,0.0,0.0,0.0,JO-EV1,0,0,0,0,0,1
4059,378052,1,sensory,0,not-CX,0.0,0.0,0.0,ORN_DL3,0,0,0,0,0,1
4060,378224,1,sensory,0,not-CX,0.0,0.0,0.0,ORN_DM3,0,0,0,0,0,1
4061,378312,1,sensory,0,not-CX,0.0,0.0,0.0,ORN_VA6,0,0,0,0,0,1
4062,378794,1,sensory,0,not-CX,0.0,0.0,0.0,ORN_DL1,0,0,0,0,0,1
4063,378835,1,sensory,0,not-CX,0.0,0.0,0.0,ORN_DA3,0,0,0,0,0,1
4064,379010,1,sensory,0,not-CX,0.0,0.0,0.0,ORN_VM4,0,0,0,0,0,1
4065,379141,1,sensory,0,not-CX,0.0,0.0,0.0,ORN_DL3,0,0,0,0,0,1
4066,379918,1,sensory,0,not-CX,0.0,0.0,0.0,ORN_VM5d,0,0,0,0,0,1
4067,381503,10,LPTC (self-motion),0,not-CX,572.9,158.7,165.9,LHAV2c1,1,1,0,0,1,0
4068,381614,1,sensory,0,not-CX,0.0,0.0,0.0,ORN_VL2a,0,0,0,0,0,1
4069,382289,1,sensory,0,not-CX,0.0,0.0,0.0,ORN_VA1d,0,0,0,0,0,1
4070,383372,1,sensory,0,not-CX,0.0,0.0,0.0,ORN_VL2a,0,0,0,0,0,1
4071,383657,1,sensory,0,not-CX,0.0,0.0,0.0,ORN_VM3,0,0,0,0,0,1
4072,383889,1,sensory,0,not-CX,0.0,0.0,0.0,ORN_DM2,0,0,0,0,0,1
4073,384388,1,sensory,0,not-CX,0.0,0.0,0.0,ORN_VM3,0,0,0,0,0,1
4074,386551,1,sensory,0,not-CX,0.0,0.0,0.0,ORN_DL4,0,0,0,0,0,1
4075,386909,1,sensory,0,not-CX,0.0,0.0,0.0,ORN_DL4,0,0,0,0,0,1
4076,387514,1,sensory,0,not-CX,0.0,0.0,0.0,ORN_VL1,0,0,0,0,0,1
4077,387984,1,sensory,0,not-CX,0.0,0.0,0.0,ORN_DL3,0,0,0,0,0,1
4078,389561,1,sensory,0,not-CX,0.0,0.0,0.0,ORN_DC3,0,0,0,0,0,1
4079,389641,1,sensory,0,not-CX,0.0,0.0,0.0,ORN_VM3,0,0,0,0,0,1
4080,390433,1,sensory,0,not-CX,0.0,0.0,0.0,ORN_DM2,0,0,0,0,0,1
4081,391675,1,sensory,0,not-CX,0.0,0.0,0.0,ORN_VM4,0,0,0,0,0,1
4082,391902,1,sensory,0,not-CX,0.0,0.0,0.0,ORN_VM6m,0,0,0,0,0,1
4083,393313,1,sensory,0,not-CX,0.0,0.0,0.0,ORN_VM3,0,0,0,0,0,1
4084,393561,1,sensory,0,not-CX,0.0,0.0,0.0,ORN_DM3,0,0,0,0,0,1
4085,393739,1,sensory,0,not-CX,0.0,0.0,0.0,ORN_VL1,0,0,0,0,0,1
4086,393825,1,sensory,0,not-CX,0.0,0.0,0.0,ORN_VA1d,0,0,0,0,0,1
4087,393977,1,sensory,0,not-CX,0.0,0.0,0.0,ORN_DL3,0,0,0,0,0,1
4088,394210,1,sensory,0,not-CX,0.0,0.0,0.0,ORN_DM6,0,0,0,0,0,1
4089,394297,1,sensory,0,not-CX,0.0,0.0,0.0,ORN_DL3,0,0,0,0,0,1
4090,396307,1,sensory,0,not-CX,0.0,0.0,0.0,ORN_DM3,0,0,0,0,0,1
4091,396423,1,sensory,0,not-CX,0.0,0.0,0.0,ORN_VL2p,0,0,0,0,0,1
4092,397654,1,sensory,0,not-CX,0.0,0.0,0.0,ORN_VC4,0,0,0,0,0,1
4093,398290,1,sensory,0,not-CX,0.0,0.0,0.0,ORN_DL1,0,0,0,0,0,1
4094,398670,1,sensory,0,not-CX,0.0,0.0,0.0,ORN_DA2,0,0,0,0,0,1
4095,399456,1,sensory,0,not-CX,0.0,0.0,0.0,ORN_DM5,0,0,0,0,0,1
4096,403849,1,sensory,0,not-CX,0.0,0.0,0.0,ORN_VM6l,0,0,0,0,0,1
4097,404599,1,sensory,0,not-CX,0.0,0.0,0.0,ORN_VA1v,0,0,0,0,0,1
4098,406121,1,sensory,0,not-CX,0.0,0.0,0.0,ORN_VM1,0,0,0,0,0,1
4099,406177,1,sensory,0,not-CX,0.0,0.0,0.0,ORN_DL3,0,0,0,0,0,1
4100,406995,1,sensory,0,not-CX,0.0,0.0,0.0,ORN_VA1d,0,0,0,0,0,1
4101,407628,1,sensory,0,not-CX,0.0,0.0,0.0,ORN_DL3,0,0,0,0,0,1
4102,407819,1,sensory,0,not-CX,0.0,0.0,0.0,ORN_VL1,0,0,0,0,0,1
4103,407821,0,unnamed,0,not-CX,0.0,0.0,0.0,JO-EV5,0,0,0,0,0,1
4104,412216,1,sensory,0,not-CX,0.0,0.0,0.0,ORN_DL4,0,0,0,0,0,1
4105,414269,1,sensory,0,not-CX,0.0,0.0,0.0,ORN_DL3,0,0,0,0,0,1
4106,414342,1,sensory,0,not-CX,0.0,0.0,0.0,ORN_VA2,0,0,0,0,0,1
4107,416090,1,sensory,0,not-CX,0.0,0.0,0.0,ORN_DM1,0,0,0,0,0,1
4108,416204,1,sensory,0,not-CX,0.0,0.0,0.0,ORN_DL4,0,0,0,0,0,1
4109,417046,1,sensory,0,not-CX,0.0,0.0,0.0,ORN_DA4m,0,0,0,0,0,1
4110,417297,1,sensory,0,not-CX,0.0,0.0,0.0,ORN_VA6,0,0,0,0,0,1
4111,417419,0,unnamed,0,not-CX,0.0,0.0,0.0,JO-EV1,0,0,0,0,0,1
4112,419129,1,sensory,0,not-CX,0.0,0.0,0.0,ORN_VL2p,0,0,0,0,0,1
4113,419166,1,sensory,0,not-CX,0.0,0.0,0.0,ORN_DL3,0,0,0,0,0,1
4114,419497,1,sensory,0,not-CX,0.0,0.0,0.0,ORN_VM4,0,0,0,0,0,1
4115,419992,1,sensory,0,not-CX,0.0,0.0,0.0,ORN_DA3,0,0,0,0,0,1
4116,419997,1,sensory,0,not-CX,0.0,0.0,0.0,ORN_DM4,0,0,0,0,0,1
4117,420666,1,sensory,0,not-CX,0.0,0.0,0.0,ORN_V,0,0,0,0,0,1
4118,421015,1,sensory,0,not-CX,0.0,0.0,0.0,ORN_VL2a,0,0,0,0,0,1
4119,421445,1,sensory,0,not-CX,0.0,0.0,0.0,ORN_DL3,0,0,0,0,0,1
4120,422690,1,sensory,0,not-CX,0.0,0.0,0.0,ORN_DA2,0,0,0,0,0,1
4121,423778,1,sensory,0,not-CX,0.0,0.0,0.0,ORN_VC3,0,0,0,0,0,1
4122,424866,1,sensory,0,not-CX,0.0,0.0,0.0,ORN_DM2,0,0,0,0,0,1
4123,425802,1,sensory,0,not-CX,0.0,0.0,0.0,ORN_DA3,0,0,0,0,0,1
4124,426031,1,sensory,0,not-CX,0.0,0.0,0.0,ORN_VC4,0,0,0,0,0,1
4125,426515,0,unnamed,0,not-CX,0.0,0.0,0.0,JO-EV1,0,0,0,0,0,1
4126,427037,1,sensory,0,not-CX,0.0,0.0,0.0,ORN_VM5d,0,0,0,0,0,1
4127,427908,1,sensory,0,not-CX,0.0,0.0,0.0,ORN_DM3,0,0,0,0,0,1
4128,428616,1,sensory,0,not-CX,0.0,0.0,0.0,ORN_VA1v,0,0,0,0,0,1
4129,428737,1,sensory,0,not-CX,0.0,0.0,0.0,ORN_VM2,0,0,0,0,0,1
4130,429336,1,sensory,0,not-CX,0.0,0.0,0.0,ORN_DL5,0,0,0,0,0,1
4131,429689,1,sensory,0,not-CX,0.0,0.0,0.0,ORN_VM4,0,0,0,0,0,1
4132,430178,0,unnamed,0,not-CX,0.0,0.0,0.0,JO-EV1,0,0,0,0,0,1
4133,430212,1,sensory,0,not-CX,0.0,0.0,0.0,ORN_DL3,0,0,0,0,0,1
4134,432746,1,sensory,0,not-CX,0.0,0.0,0.0,ORN_VM4,0,0,0,0,0,1
4135,433834,0,unnamed,0,not-CX,0.0,0.0,0.0,JO-EV2,0,0,0,0,0,1
4136,435201,1,sensory,0,not-CX,0.0,0.0,0.0,ORN_DL4,0,0,0,0,0,1
4137,435276,1,sensory,0,not-CX,0.0,0.0,0.0,ORN_DA1,0,0,0,0,0,1
4138,435582,1,sensory,0,not-CX,0.0,0.0,0.0,ORN_VA1d,0,0,0,0,0,1
4139,436108,1,sensory,0,not-CX,0.0,0.0,0.0,ORN_VM4,0,0,0,0,0,1
4140,436198,1,sensory,0,not-CX,0.0,0.0,0.0,ORN_DA4m,0,0,0,0,0,1
4141,436473,1,sensory,0,not-CX,0.0,0.0,0.0,ORN_DM1,0,0,0,0,0,1
4142,436729,1,sensory,0,not-CX,0.0,0.0,0.0,ORN_DL3,0,0,0,0,0,1
4143,437025,1,sensory,0,not-CX,0.0,0.0,0.0,ORN_DM4,0,0,0,0,0,1
4144,437336,1,sensory,0,not-CX,0.0,0.0,0.0,ORN_VM5d,0,0,0,0,0,1
4145,438727,1,sensory,0,not-CX,0.0,0.0,0.0,ORN_VL1,0,0,0,0,0,1
4146,440704,1,sensory,0,not-CX,0.0,0.0,0.0,ORN_DL3,0,0,0,0,0,1
4147,440799,1,sensory,0,not-CX,0.0,0.0,0.0,ORN_DL3,0,0,0,0,0,1
4148,441290,1,sensory,0,not-CX,0.0,0.0,0.0,ORN_VM2,0,0,0,0,0,1
4149,441571,1,sensory,0,not-CX,0.0,0.0,0.0,ORN_DM3,0,0,0,0,0,1
4150,443292,1,sensory,0,not-CX,0.0,0.0,0.0,ORN_DL2v,0,0,0,0,0,1
4151,443600,1,sensory,0,not-CX,0.0,0.0,0.0,ORN_DM3,0,0,0,0,0,1
4152,444787,1,sensory,0,not-CX,0.0,0.0,0.0,ORN_DC1,0,0,0,0,0,1
4153,445349,1,sensory,0,not-CX,0.0,0.0,0.0,ORN_VL1,0,0,0,0,0,1
4154,448449,0,unnamed,0,not-CX,0.0,0.0,0.0,JO-EV2,0,0,0,0,0,1
4155,448513,1,sensory,0,not-CX,0.0,0.0,0.0,ORN_DL5,0,0,0,0,0,1
4156,448850,1,sensory,0,not-CX,0.0,0.0,0.0,ORN_DA1,0,0,0,0,0,1
4157,452039,1,sensory,0,not-CX,0.0,0.0,0.0,ORN_VM4,0,0,0,0,0,1
4158,452797,1,sensory,0,not-CX,0.0,0.0,0.0,ORN_VM4,0,0,0,0,0,1
4159,453376,1,sensory,0,not-CX,0.0,0.0,0.0,ORN_DL3,0,0,0,0,0,1
4160,455596,1,sensory,0,not-CX,0.0,0.0,0.0,ORN_VM4,0,0,0,0,0,1
4161,456658,1,sensory,0,not-CX,0.0,0.0,0.0,ORN_VM5d,0,0,0,0,0,1
4162,457125,1,sensory,0,not-CX,0.0,0.0,0.0,ORN_DL5,0,0,0,0,0,1
4163,459111,1,sensory,0,not-CX,0.0,0.0,0.0,ORN_V,0,0,0,0,0,1
4164,460419,1,sensory,0,not-CX,0.0,0.0,0.0,ORN_VM1,0,0,0,0,0,1
4165,461326,1,sensory,0,not-CX,0.0,0.0,0.0,ORN_VL1,0,0,0,0,0,1
4166,461592,1,sensory,0,not-CX,0.0,0.0,0.0,ORN_DM5,0,0,0,0,0,1
4167,462384,1,sensory,0,not-CX,0.0,0.0,0.0,ORN_DM5,0,0,0,0,0,1
4168,463132,1,sensory,0,not-CX,0.0,0.0,0.0,ORN_DM2,0,0,0,0,0,1
4169,464464,1,sensory,0,not-CX,0.0,0.0,0.0,ORN_DM2,0,0,0,0,0,1
4170,464775,1,sensory,0,not-CX,0.0,0.0,0.0,ORN_VM5d,0,0,0,0,0,1
4171,464937,1,sensory,0,not-CX,0.0,0.0,0.0,ORN_VC4,0,0,0,0,0,1
4172,465741,1,sensory,0,not-CX,0.0,0.0,0.0,ORN_DM3,0,0,0,0,0,1
4173,467487,1,sensory,0,not-CX,0.0,0.0,0.0,ORN_VM5d,0,0,0,0,0,1
4174,467724,1,sensory,0,not-CX,0.0,0.0,0.0,ORN_VM4,0,0,0,0,0,1
4175,469176,1,sensory,0,not-CX,0.0,0.0,0.0,ORN_VM2,0,0,0,0,0,1
4176,470746,1,sensory,0,not-CX,0.0,0.0,0.0,ORN_VA1v,0,0,0,0,0,1
4177,471375,1,sensory,0,not-CX,0.0,0.0,0.0,ORN_DL1,0,0,0,0,0,1
4178,472097,1,sensory,0,not-CX,0.0,0.0,0.0,ORN_DL3,0,0,0,0,0,1
4179,474191,1,sensory,0,not-CX,0.0,0.0,0.0,ORN_DL3,0,0,0,0,0,1
4180,474224,1,sensory,0,not-CX,0.0,0.0,0.0,ORN_DL4,0,0,0,0,0,1
4181,475469,1,sensory,0,not-CX,0.0,0.0,0.0,ORN_VM2,0,0,0,0,0,1
4182,477029,1,sensory,0,not-CX,0.0,0.0,0.0,ORN_VM4,0,0,0,0,0,1
4183,477936,1,sensory,0,not-CX,0.0,0.0,0.0,ORN_VM3,0,0,0,0,0,1
4184,479194,1,sensory,0,not-CX,0.0,0.0,0.0,ORN_DL4,0,0,0,0,0,1
4185,483197,1,sensory,0,not-CX,0.0,0.0,0.0,ORN_VL1,0,0,0,0,0,1
4186,483594,0,unnamed,0,not-CX,0.0,0.0,0.0,JO-EV1,0,0,0,0,0,1
4187,484603,1,sensory,0,not-CX,0.0,0.0,0.0,ORN_VM3,0,0,0,0,0,1
4188,485099,1,sensory,0,not-CX,0.0,0.0,0.0,ORN_DA1,0,0,0,0,0,1
4189,485511,1,sensory,0,not-CX,0.0,0.0,0.0,ORN_VM5d,0,0,0,0,0,1
4190,486076,1,sensory,0,not-CX,0.0,0.0,0.0,ORN_DP1m,0,0,0,0,0,1
4191,486267,1,sensory,0,not-CX,0.0,0.0,0.0,ORN_DA1,0,0,0,0,0,1
4192,486753,1,sensory,0,not-CX,0.0,0.0,0.0,ORN_VM5d,0,0,0,0,0,1
4193,486851,1,sensory,0,not-CX,0.0,0.0,0.0,ORN_DL5,0,0,0,0,0,1
4194,486852,1,sensory,0,not-CX,0.0,0.0,0.0,ORN_DM4,0,0,0,0,0,1
4195,487107,0,unnamed,0,not-CX,0.0,0.0,0.0,JO-EV2,0,0,0,0,0,1
4196,487404,1,sensory,0,not-CX,0.0,0.0,0.0,ORN_VL1,0,0,0,0,0,1
4197,490080,1,sensory,0,not-CX,0.0,0.0,0.0,ORN_VA1d,0,0,0,0,0,1
4198,491302,0,unnamed,0,not-CX,0.0,0.0,0.0,JO-EV3,0,0,0,0,0,1
4199,492059,1,sensory,0,not-CX,0.0,0.0,0.0,ORN_VA1v,0,0,0,0,0,1
4200,492754,1,sensory,0,not-CX,0.0,0.0,0.0,ORN_DL4,0,0,0,0,0,1
4201,494022,0,unnamed,0,not-CX,0.0,0.0,0.0,JO-EV2,0,0,0,0,0,1
4202,495313,0,unnamed,0,not-CX,0.0,0.0,0.0,JO-EV1,0,0,0,0,0,1
4203,496503,1,sensory,0,not-CX,0.0,0.0,0.0,ORN_V,0,0,0,0,0,1
4204,497471,1,sensory,0,not-CX,0.0,0.0,0.0,ORN_DM2,0,0,0,0,0,1
4205,498041,1,sensory,0,not-CX,0.0,0.0,0.0,ORN_VC4,0,0,0,0,0,1
4206,498998,1,sensory,0,not-CX,0.0,0.0,0.0,ORN_DA3,0,0,0,0,0,1
4207,499904,1,sensory,0,not-CX,0.0,0.0,0.0,ORN_DM5,0,0,0,0,0,1
4208,508381,1,sensory,0,not-CX,0.0,0.0,0.0,ORN_DA3,0,0,0,0,0,1
4209,508478,1,sensory,0,not-CX,0.0,0.0,0.0,ORN_VA1v,0,0,0,0,0,1
4210,509223,1,sensory,0,not-CX,0.0,0.0,0.0,ORN_DL4,0,0,0,0,0,1
4211,511758,0,unnamed,0,not-CX,499.2,178.0,107.0,lLN13,0,0,0,0,1,0
4212,511801,10,LPTC (self-motion),0,not-CX,282.2,272.2,273.5,LHPV1c1,1,1,0,0,0,0
4213,511807,2,antennal,0,not-CX,340.0,175.4,109.0,VM7d_adPN,0,0,0,0,0,0
4214,511819,1,sensory,0,not-CX,0.0,0.0,0.0,ORN_DA1,0,0,0,0,0,1
4215,511981,10,LPTC (self-motion),0,not-CX,364.5,147.9,285.3,LHPV10a1a,1,1,0,1,0,0
4216,512058,10,LPTC (self-motion),0,not-CX,582.8,144.4,166.5,LHAV2c1,1,1,0,0,1,0
4217,512216,10,LPTC (self-motion),0,not-CX,566.1,233.1,178.6,LHAV1a3,1,1,0,0,1,0
4218,512218,10,LPTC (self-motion),0,not-CX,587.0,142.7,162.1,LHAV2g2_b,1,1,0,0,1,0
4219,512219,10,LPTC (self-motion),0,not-CX,585.3,154.2,171.4,LHAV2b3,1,1,0,0,1,0
4220,512221,10,LPTC (self-motion),0,not-CX,595.6,144.0,162.5,LHAV2g2_a,1,1,0,0,1,0
4221,512226,0,unnamed,0,not-CX,0.0,0.0,0.0,JO-EV1,0,0,0,0,0,1
4222,512233,10,LPTC (self-motion),0,not-CX,563.6,99.7,260.1,LHPV6a1,1,1,0,0,1,0
4223,512234,10,LPTC (self-motion),0,not-CX,600.6,112.1,178.1,LHAV4g7_b,1,1,0,0,1,0
4224,512237,0,unnamed,0,not-CX,0.0,0.0,0.0,JO-EV2,0,0,0,0,0,1
4225,512485,10,LPTC (self-motion),0,not-CX,549.8,96.2,258.6,LHPV6p1,1,1,0,0,1,0
4226,512631,0,unnamed,0,not-CX,0.0,0.0,0.0,JO-EV3,0,0,0,0,0,1
4227,512675,10,LPTC (self-motion),0,not-CX,566.4,97.7,260.0,LHPV6d1,1,1,0,0,1,0
4228,512828,1,sensory,0,not-CX,0.0,0.0,0.0,ORN_VC1,0,0,0,0,0,1
4229,512829,1,sensory,0,not-CX,0.0,0.0,0.0,ORN_VC1,0,0,0,0,0,1
4230,512830,1,sensory,0,not-CX,0.0,0.0,0.0,ORN_VC2,0,0,0,0,0,1
4231,512833,1,sensory,0,not-CX,0.0,0.0,0.0,ORN_VM7d,0,0,0,0,0,1
4232,512834,1,sensory,0,not-CX,0.0,0.0,0.0,ORN_VM7d,0,0,0,0,0,1
4233,512835,1,sensory,0,not-CX,0.0,0.0,0.0,ORN_VM7v,0,0,0,0,0,1
4234,512836,1,sensory,0,not-CX,0.0,0.0,0.0,ORN_VM7v,0,0,0,0,0,1
4235,512859,10,LPTC (self-motion),0,not-CX,532.8,162.5,137.5,LHAV8a1,1,1,0,0,1,0
4236,512883,2,antennal,0,not-CX,0.0,0.0,0.0,DL2d_adPN,0,0,0,0,0,1
4237,512906,0,unnamed,0,not-CX,494.2,117.4,284.2,LPN_b,1,0,1,1,1,0
4238,513088,10,LPTC (self-motion),0,not-CX,561.1,243.2,175.9,LHAV1a3,1,1,0,0,1,0
4239,513157,10,LPTC (self-motion),0,not-CX,326.4,118.3,278.0,LHPV11a1,1,1,0,1,0,0
4240,513217,0,unnamed,0,not-CX,521.1,193.3,111.7,LNO1,0,0,0,0,1,0
4241,513223,0,unnamed,0,not-CX,0.0,0.0,0.0,JO-EV5,0,0,0,0,0,1
4242,513228,10,LPTC (self-motion),0,not-CX,493.7,260.6,281.9,LHPV1c1,1,1,0,0,1,0
4243,513230,10,LPTC (self-motion),0,not-CX,584.8,115.0,217.2,LHAV3k5,1,1,0,0,1,0
4244,513418,10,LPTC (self-motion),0,not-CX,586.2,121.8,183.1,LHAV5d1,1,1,0,0,1,0
4245,513485,2,antennal,0,not-CX,499.1,137.7,125.1,WEDPN14,0,0,0,0,1,0
4246,513513,2,antennal,0,not-CX,335.5,178.2,105.6,VC3_adPN,0,0,0,0,0,0
4247,513583,10,LPTC (self-motion),0,not-CX,552.2,139.2,279.7,LHPV2c2,1,1,0,0,1,0
4248,513701,1,sensory,0,not-CX,0.0,0.0,0.0,ORN_VM7v,0,0,0,0,0,1
4249,513734,1,sensory,0,not-CX,0.0,0.0,0.0,ORN_VM7v,0,0,0,0,0,1
4250,513738,1,sensory,0,not-CX,0.0,0.0,0.0,ORN_VC2,0,0,0,0,0,1
4251,513740,1,sensory,0,not-CX,0.0,0.0,0.0,ORN_VC2,0,0,0,0,0,1
4252,513741,1,sensory,0,not-CX,0.0,0.0,0.0,ORN_VA4,0,0,0,0,0,1
4253,513746,1,sensory,0,not-CX,0.0,0.0,0.0,ORN_VA4,0,0,0,0,0,1
4254,513846,2,antennal,0,not-CX,510.7,256.6,144.5,WEDPN3,1,0,1,0,1,0
4255,513910,1,sensory,0,not-CX,0.0,0.0,0.0,ORN_DC3,0,0,0,0,0,1
4256,514009,2,antennal,0,not-CX,456.9,259.7,107.4,M_vPNml63,0,0,0,0,1,0
4257,514278,10,LPTC (self-motion),0,not-CX,579.5,112.5,177.1,LHAV6c1,1,1,0,0,1,0
4258,514311,1,sensory,0,not-CX,0.0,0.0,0.0,ORN_VA1v,0,0,0,0,0,1
4259,514312,1,sensory,0,not-CX,0.0,0.0,0.0,ORN_DC2,0,0,0,0,0,1
4260,514314,1,sensory,0,not-CX,0.0,0.0,0.0,ORN_VA6,0,0,0,0,0,1
4261,514317,1,sensory,0,not-CX,0.0,0.0,0.0,ORN_VA6,0,0,0,0,0,1
4262,514324,2,antennal,0,not-CX,557.1,124.0,261.5,WEDPN11,1,0,1,0,1,0
4263,514358,1,sensory,0,not-CX,0.0,0.0,0.0,ORN_VA1v,0,0,0,0,0,1
4264,514377,10,LPTC (self-motion),0,not-CX,587.7,111.9,275.8,LHPV4c1_c,1,1,0,0,1,0
4265,514438,1,sensory,0,not-CX,0.0,0.0,0.0,ORN_DL1,0,0,0,0,0,1
4266,514568,0,unnamed,0,not-CX,0.0,0.0,0.0,JO-EV3,0,0,0,0,0,1
4267,514577,10,LPTC (self-motion),0,not-CX,584.9,120.8,244.3,LHPV3a1,1,1,0,0,1,0
4268,514579,10,LPTC (self-motion),0,not-CX,545.5,152.0,277.5,LHPV2a1_a,1,1,0,0,1,0
4269,514598,10,LPTC (self-motion),0,not-CX,572.8,154.9,162.3,LHAV2b5,1,1,0,0,1,0
4270,514606,10,LPTC (self-motion),0,not-CX,575.4,121.9,172.3,LHAV6b3,1,1,0,0,1,0
4271,514608,10,LPTC (self-motion),0,not-CX,582.1,115.0,181.9,LHAV5a6_b,1,1,0,0,1,0
4272,514696,10,LPTC (self-motion),0,not-CX,560.9,133.0,256.4,LHPV2a1_d,1,1,0,0,1,0
4273,514740,10,LPTC (self-motion),0,not-CX,196.3,139.8,269.4,LHPV6k2,1,1,0,0,0,0
4274,514744,2,antennal,0,not-CX,570.8,135.5,277.1,WEDPN6C,1,0,1,0,1,0
4275,515011,1,sensory,0,not-CX,0.0,0.0,0.0,ORN_DA1,0,0,0,0,0,1
4276,515096,0,unnamed,0,not-CX,486.7,172.8,97.2,lLN15,0,0,0,0,1,0
4277,515440,2,antennal,0,not-CX,467.4,279.3,113.4,DP1m_vPN,0,0,0,0,1,0
4278,515549,2,antennal,0,not-CX,315.0,190.6,101.2,DA3_adPN,0,0,0,0,0,0
4279,515750,10,LPTC (self-motion),0,not-CX,589.5,108.2,179.9,LHAV5b2,1,1,0,0,1,0
4280,515752,10,LPTC (self-motion),0,not-CX,578.3,116.8,167.1,LHAV6a7,1,1,0,0,1,0
4281,515954,10,LPTC (self-motion),0,not-CX,587.1,145.2,165.3,LHAV2c1,1,1,0,0,1,0
4282,515957,10,LPTC (self-motion),0,not-CX,590.2,106.5,171.8,LHAV5a8,1,1,0,0,1,0
4283,516091,10,LPTC (self-motion),0,not-CX,587.9,146.9,160.7,LHAV2g5,1,1,0,0,1,0
4284,516093,2,antennal,0,not-CX,469.4,275.5,110.2,M_vPNml76,0,0,0,0,1,0
4285,516162,2,antennal,0,not-CX,328.2,168.9,106.9,VC4_adPN,0,0,0,0,0,0
4286,516197,10,LPTC (self-motion),0,not-CX,575.5,121.7,195.4,LHAV4g14,1,1,0,0,1,0
4287,516207,10,LPTC (self-motion),0,not-CX,585.2,152.8,199.2,LHAV2a2,1,1,0,0,1,0
4288,516322,2,antennal,0,not-CX,462.1,267.6,99.8,VL1_vPN,1,0,1,0,1,0
4289,516324,10,LPTC (self-motion),0,not-CX,578.6,112.2,272.9,LHPV4g1,1,1,0,0,1,0
4290,516327,10,LPTC (self-motion),0,not-CX,563.8,110.4,260.5,LHPV6c2,1,1,0,0,1,0
4291,516336,1,sensory,0,not-CX,0.0,0.0,0.0,ORN_DA1,0,0,0,0,0,1
4292,516340,10,LPTC (self-motion),0,not-CX,583.2,190.3,154.4,LHAV1d2,1,1,0,0,1,0
4293,516433,2,antennal,0,not-CX,333.4,274.0,100.5,VP5+Z_adPN,0,0,0,0,0,0
4294,516503,10,LPTC (self-motion),0,not-CX,540.0,157.9,139.5,LHAV7a1_b,1,1,0,0,1,0
4295,516568,10,LPTC (self-motion),0,not-CX,602.4,117.6,184.7,LHAV4b4,1,1,0,0,1,0
4296,516604,0,unnamed,0,not-CX,0.0,0.0,0.0,JO-EV3,0,0,0,0,0,1
4297,516605,0,unnamed,0,not-CX,0.0,0.0,0.0,JO-EV3,0,0,0,0,0,1
4298,516823,1,sensory,0,not-CX,0.0,0.0,0.0,ORN_VA1v,0,0,0,0,0,1
4299,516880,10,LPTC (self-motion),0,not-CX,578.9,127.7,185.6,LHAV5a8,1,1,0,0,1,0
4300,516907,0,unnamed,0,not-CX,0.0,0.0,0.0,JO-EV2,0,0,0,0,0,1
4301,517049,2,antennal,0,not-CX,236.0,279.0,167.2,WEDPN7B,0,0,0,0,0,0
4302,517338,10,LPTC (self-motion),0,not-CX,593.8,94.2,195.3,LHAV4c1,1,1,0,0,1,0
4303,517351,2,antennal,0,not-CX,411.4,150.7,94.7,DL2d_adPN,0,0,0,0,1,0
4304,517352,1,sensory,0,not-CX,0.0,0.0,0.0,ORN_DL2d,0,0,0,0,0,1
4305,517532,10,LPTC (self-motion),0,not-CX,187.4,125.8,231.3,LHPV2i1,1,1,0,0,0,0
4306,517681,10,LPTC (self-motion),0,not-CX,581.4,150.3,191.5,LHAV3b13,1,1,0,0,1,0
4307,518028,10,LPTC (self-motion),0,not-CX,561.3,219.1,339.6,VS,1,1,0,0,1,0
4308,518220,0,unnamed,0,not-CX,325.0,301.1,138.8,LNOa,0,0,0,0,0,0
4309,518294,0,unnamed,0,not-CX,270.8,236.2,121.9,VA5_lPN,0,0,0,0,0,0
4310,518580,10,LPTC (self-motion),0,not-CX,590.6,104.9,207.1,LHAV4a1_b,1,1,0,0,1,0
4311,518581,10,LPTC (self-motion),0,not-CX,552.6,129.5,263.6,LHPV4i4,1,1,0,0,1,0
4312,518717,10,LPTC (self-motion),0,not-CX,581.3,119.2,192.7,LHAV4g12,1,1,0,0,1,0
4313,518788,10,LPTC (self-motion),0,not-CX,585.9,111.9,267.3,LHPV4h3,1,1,0,0,1,0
4314,518903,2,antennal,0,not-CX,493.0,241.5,163.5,WEDPN2B_a,1,0,1,1,1,0
4315,519034,1,sensory,0,not-CX,0.0,0.0,0.0,ORN_VA1v,0,0,0,0,0,1
4316,519040,10,LPTC (self-motion),0,not-CX,594.0,103.7,251.6,LHPV4a8,1,1,0,0,1,0
4317,519041,10,LPTC (self-motion),0,not-CX,592.7,114.0,260.0,LHPV4i1,1,1,0,0,1,0
4318,519242,0,unnamed,0,not-CX,255.5,218.1,121.8,lLN2T_d,0,0,0,0,0,0
4319,519243,1,sensory,0,not-CX,0.0,0.0,0.0,ORN_DM2,0,0,0,0,0,1
4320,519245,1,sensory,0,not-CX,0.0,0.0,0.0,ORN_VA7l,0,0,0,0,0,1
4321,519246,1,sensory,0,not-CX,0.0,0.0,0.0,ORN_VA3,0,0,0,0,0,1
4322,519247,1,sensory,0,not-CX,0.0,0.0,0.0,ORN_VC4,0,0,0,0,0,1
4323,519251,1,sensory,0,not-CX,0.0,0.0,0.0,ORN_VA7l,0,0,0,0,0,1
4324,519252,1,sensory,0,not-CX,0.0,0.0,0.0,ORN_VA6,0,0,0,0,0,1
4325,519307,0,unnamed,0,not-CX,0.0,0.0,0.0,JO-EV2,0,0,0,0,0,1
4326,519526,1,sensory,0,not-CX,0.0,0.0,0.0,ORN_DC1,0,0,0,0,0,1
4327,519529,10,LPTC (self-motion),0,not-CX,547.4,94.8,260.8,LHPV6a1,1,1,0,0,1,0
4328,519542,1,sensory,0,not-CX,0.0,0.0,0.0,ORN_VM5v,0,0,0,0,0,1
4329,519544,1,sensory,0,not-CX,0.0,0.0,0.0,ORN_VA7l,0,0,0,0,0,1
4330,519545,1,sensory,0,not-CX,0.0,0.0,0.0,ORN_VA4,0,0,0,0,0,1
4331,519546,1,sensory,0,not-CX,0.0,0.0,0.0,ORN_VA7l,0,0,0,0,0,1
4332,519548,1,sensory,0,not-CX,0.0,0.0,0.0,ORN_VA3,0,0,0,0,0,1
4333,519549,1,sensory,0,not-CX,0.0,0.0,0.0,ORN_VA5,0,0,0,0,0,1
4334,519550,1,sensory,0,not-CX,0.0,0.0,0.0,ORN_VA3,0,0,0,0,0,1
4335,519551,1,sensory,0,not-CX,0.0,0.0,0.0,ORN_VA7l,0,0,0,0,0,1
4336,519553,1,sensory,0,not-CX,0.0,0.0,0.0,ORN_D,0,0,0,0,0,1
4337,519558,1,sensory,0,not-CX,0.0,0.0,0.0,ORN_VM3,0,0,0,0,0,1
4338,519559,1,sensory,0,not-CX,0.0,0.0,0.0,ORN_VA7l,0,0,0,0,0,1
4339,519560,1,sensory,0,not-CX,0.0,0.0,0.0,ORN_VA5,0,0,0,0,0,1
4340,519572,2,antennal,0,not-CX,328.4,180.7,110.3,DM6_adPN,0,0,0,0,0,0
4341,519695,10,LPTC (self-motion),0,not-CX,578.0,113.6,172.2,LHAV6a3,1,1,0,0,1,0
4342,519700,10,LPTC (self-motion),0,not-CX,590.7,106.3,183.0,LHAV4g1,1,1,0,0,1,0
4343,519702,10,LPTC (self-motion),0,not-CX,500.4,84.7,267.3,LHPV5c1,1,1,0,1,1,0
4344,519843,2,antennal,0,not-CX,327.3,271.3,107.0,VP2+_adPN,1,0,1,0,0,0
4345,519850,2,antennal,0,not-CX,359.9,263.3,106.7,DA4m_adPN,0,0,0,0,0,0
4346,519851,1,sensory,0,not-CX,0.0,0.0,0.0,ORN_DA4m,0,0,0,0,0,1
4347,519867,1,sensory,0,not-CX,0.0,0.0,0.0,ORN_VA1v,0,0,0,0,0,1
4348,519868,1,sensory,0,not-CX,0.0,0.0,0.0,ORN_DP1m,0,0,0,0,0,1
4349,519869,2,antennal,0,not-CX,364.2,156.6,105.2,M_adPNm8,0,0,0,0,0,0
4350,519967,10,LPTC (self-motion),0,not-CX,551.5,168.6,231.1,LHAV3g1,1,1,0,0,1,0
4351,519970,2,antennal,0,not-CX,320.8,270.4,106.3,VA3_adPN,0,0,0,0,0,0
4352,519971,1,sensory,0,not-CX,0.0,0.0,0.0,ORN_VA3,0,0,0,0,0,1
4353,520002,0,unnamed,0,not-CX,260.9,196.0,108.7,lLN1_bc,0,0,0,0,0,0
4354,520003,2,antennal,0,not-CX,315.0,186.6,103.8,DL1_adPN,0,0,0,0,0,0
4355,520410,10,LPTC (self-motion),0,not-CX,561.0,97.0,262.2,LHPV5e1,1,1,0,0,1,0
4356,520466,0,unnamed,0,not-CX,274.9,230.9,116.9,DM2_lPN,0,0,0,0,0,0
4357,520475,0,unnamed,0,not-CX,266.7,219.2,125.8,DM5_lPN,0,0,0,0,0,0
4358,520529,10,LPTC (self-motion),0,not-CX,552.3,99.4,264.7,LHPV5l1,1,1,0,0,1,0
4359,520574,10,LPTC (self-motion),0,not-CX,599.5,117.6,170.3,LHAV3e4_a,1,1,0,0,1,0
4360,520609,10,LPTC (self-motion),0,not-CX,536.5,158.5,281.7,LHPV2c4,1,1,0,0,1,0
4361,520623,10,LPTC (self-motion),0,not-CX,332.8,103.2,266.5,LHPV11a1,1,1,0,1,0,0
4362,520630,0,unnamed,0,not-CX,0.0,0.0,0.0,JO-EV6,0,0,0,0,0,1
4363,520787,0,unnamed,0,not-CX,495.0,204.7,133.6,lLN2T_a,0,0,0,0,1,0
4364,520907,1,sensory,0,not-CX,0.0,0.0,0.0,ORN_VC3,0,0,0,0,0,1
4365,520908,1,sensory,0,not-CX,0.0,0.0,0.0,ORN_VC2,0,0,0,0,0,1
4366,520909,1,sensory,0,not-CX,0.0,0.0,0.0,ORN_VC2,0,0,0,0,0,1
4367,520913,1,sensory,0,not-CX,0.0,0.0,0.0,ORN_VC2,0,0,0,0,0,1
4368,520915,1,sensory,0,not-CX,0.0,0.0,0.0,ORN_VC2,0,0,0,0,0,1
4369,520916,2,antennal,0,not-CX,344.9,267.1,99.3,VM6_adPN,0,0,0,0,0,0
4370,520917,1,sensory,0,not-CX,0.0,0.0,0.0,ORN_VM6v,0,0,0,0,0,1
4371,520918,1,sensory,0,not-CX,0.0,0.0,0.0,ORN_VM6v,0,0,0,0,0,1
4372,520919,1,sensory,0,not-CX,0.0,0.0,0.0,ORN_VM6l,0,0,0,0,0,1
4373,520920,1,sensory,0,not-CX,0.0,0.0,0.0,ORN_VM6l,0,0,0,0,0,1
4374,520921,1,sensory,0,not-CX,0.0,0.0,0.0,ORN_VM6m,0,0,0,0,0,1
4375,520924,1,sensory,0,not-CX,0.0,0.0,0.0,ORN_VM2,0,0,0,0,0,1
4376,520926,1,sensory,0,not-CX,0.0,0.0,0.0,ORN_VM6m,0,0,0,0,0,1
4377,520931,10,LPTC (self-motion),0,not-CX,592.2,100.8,262.7,LHPV4a2,1,1,0,0,1,0
4378,520935,10,LPTC (self-motion),0,not-CX,590.3,146.6,157.8,LHAV2b10,1,1,0,0,1,0
4379,520938,10,LPTC (self-motion),0,not-CX,589.8,108.6,268.8,LHPV4a5,1,1,0,0,1,0
4380,521158,0,unnamed,0,not-CX,282.6,184.7,110.1,lLN2X12,0,0,0,0,0,0
4381,521189,10,LPTC (self-motion),0,not-CX,424.6,91.6,242.2,LHPV9b1,1,1,0,1,1,0
4382,521241,10,LPTC (self-motion),0,not-CX,283.4,264.6,280.7,LHPV1c2,1,1,0,0,0,0
4383,521290,0,unnamed,0,not-CX,277.9,220.2,103.0,lLN2X02,0,0,0,0,0,0
4384,521399,1,sensory,0,not-CX,0.0,0.0,0.0,ORN_VA6,0,0,0,0,0,1
4385,521420,1,sensory,0,not-CX,0.0,0.0,0.0,ORN_VA2,0,0,0,0,0,1
4386,521422,1,sensory,0,not-CX,0.0,0.0,0.0,ORN_VA4,0,0,0,0,0,1
4387,521423,1,sensory,0,not-CX,0.0,0.0,0.0,ORN_VM7d,0,0,0,0,0,1
4388,521427,1,sensory,0,not-CX,0.0,0.0,0.0,ORN_VC2,0,0,0,0,0,1
4389,521428,1,sensory,0,not-CX,0.0,0.0,0.0,ORN_VM7d,0,0,0,0,0,1
4390,521430,1,sensory,0,not-CX,0.0,0.0,0.0,ORN_VM7d,0,0,0,0,0,1
4391,521431,1,sensory,0,not-CX,0.0,0.0,0.0,ORN_VA4,0,0,0,0,0,1
4392,521437,2,antennal,0,not-CX,319.8,270.5,98.1,VA3_adPN,0,0,0,0,0,0
4393,521438,0,unnamed,0,not-CX,458.2,253.0,88.4,LN60,0,0,0,0,1,0
4394,521439,0,unnamed,0,not-CX,491.5,228.1,97.9,LN60,0,0,0,0,1,0
4395,521470,1,sensory,0,not-CX,0.0,0.0,0.0,ORN_VA3,0,0,0,0,0,1
4396,521473,1,sensory,0,not-CX,0.0,0.0,0.0,ORN_VA3,0,0,0,0,0,1
4397,521477,1,sensory,0,not-CX,0.0,0.0,0.0,ORN_VA3,0,0,0,0,0,1
4398,521478,1,sensory,0,not-CX,0.0,0.0,0.0,ORN_VA3,0,0,0,0,0,1
4399,521479,1,sensory,0,not-CX,0.0,0.0,0.0,ORN_VA3,0,0,0,0,0,1
4400,521480,1,sensory,0,not-CX,0.0,0.0,0.0,ORN_VA3,0,0,0,0,0,1
4401,521483,1,sensory,0,not-CX,0.0,0.0,0.0,ORN_VA3,0,0,0,0,0,1
4402,521484,1,sensory,0,not-CX,0.0,0.0,0.0,ORN_VA7m,0,0,0,0,0,1
4403,521553,1,sensory,0,not-CX,0.0,0.0,0.0,ORN_DA1,0,0,0,0,0,1
4404,521575,2,antennal,0,not-CX,345.4,179.3,116.8,DL2v_adPN,0,0,0,0,0,0
4405,521703,1,sensory,0,not-CX,0.0,0.0,0.0,ORN_DP1m,0,0,0,0,0,1
4406,521728,2,antennal,0,not-CX,519.4,227.9,122.4,WEDPN17_a2,1,0,1,0,1,0
4407,521771,10,LPTC (self-motion),0,not-CX,520.5,193.3,288.0,LHPV7a1,1,1,0,0,1,0
4408,521935,0,unnamed,0,not-CX,496.3,197.0,99.4,lLN1_bc,0,0,0,0,1,0
4409,522377,2,antennal,0,not-CX,320.1,230.5,93.8,DA3_adPN,0,0,0,0,0,0
4410,522430,10,LPTC (self-motion),0,not-CX,581.1,160.9,197.7,LHAV3q1,1,1,0,0,1,0
4411,522729,2,antennal,0,not-CX,541.5,273.4,162.9,WEDPN1A,0,0,0,0,1,0
4412,522730,10,LPTC (self-motion),0,not-CX,590.1,91.4,211.3,LHPV2i1,1,1,0,0,1,0
4413,522733,10,LPTC (self-motion),0,not-CX,586.6,134.5,163.6,LHAV3e2,1,1,0,0,1,0
4414,522743,10,LPTC (self-motion),0,not-CX,582.8,117.5,250.4,LHPV6k2,1,1,0,0,1,0
4415,522805,10,LPTC (self-motion),0,not-CX,587.2,118.8,181.6,LHAV5a9_a,1,1,0,0,1,0
4416,522812,10,LPTC (self-motion),0,not-CX,591.9,110.4,191.1,LHAV4i1,1,1,0,0,1,0
4417,522911,1,sensory,0,not-CX,0.0,0.0,0.0,ORN_VM3,0,0,0,0,0,1
4418,522912,1,sensory,0,not-CX,0.0,0.0,0.0,ORN_VC1,0,0,0,0,0,1
4419,522913,1,sensory,0,not-CX,0.0,0.0,0.0,ORN_VM2,0,0,0,0,0,1
4420,522952,10,LPTC (self-motion),0,not-CX,557.9,238.4,343.9,VST2,1,1,0,0,1,0
4421,522954,10,LPTC (self-motion),0,not-CX,548.6,248.3,340.5,VS,1,1,0,0,1,0
4422,522957,10,LPTC (self-motion),0,not-CX,554.0,247.0,342.5,VS,1,1,0,0,1,0
4423,523019,2,antennal,0,not-CX,385.1,152.8,103.1,WEDPN10B,1,0,1,1,0,0
4424,523351,2,antennal,0,not-CX,367.7,169.6,117.7,DL2d_adPN,0,0,0,0,0,0
4425,523544,0,unnamed,0,not-CX,466.6,255.3,90.1,lLN2X02,0,0,0,0,1,0
4426,523827,1,sensory,0,not-CX,0.0,0.0,0.0,ORN_VA1v,0,0,0,0,0,1
4427,524043,10,LPTC (self-motion),0,not-CX,566.2,154.6,159.4,LHAV2o1,1,1,0,0,1,0
4428,524163,1,sensory,0,not-CX,0.0,0.0,0.0,ORN_VA1v,0,0,0,0,0,1
4429,524207,0,unnamed,0,not-CX,260.9,209.1,122.6,VA7m_lPN,0,0,0,0,0,0
4430,524208,0,unnamed,0,not-CX,280.2,191.8,108.4,lLN2X12,0,0,0,0,0,0
4431,524210,1,sensory,0,not-CX,0.0,0.0,0.0,ORN_VA7m,0,0,0,0,0,1
4432,524234,1,sensory,0,not-CX,0.0,0.0,0.0,ORN_VA3,0,0,0,0,0,1
4433,524235,1,sensory,0,not-CX,0.0,0.0,0.0,ORN_VA4,0,0,0,0,0,1
4434,524237,1,sensory,0,not-CX,0.0,0.0,0.0,ORN_VM6l,0,0,0,0,0,1
4435,524238,0,unnamed,0,not-CX,257.4,211.4,114.4,lLN1_bc,0,0,0,0,0,0
4436,524278,1,sensory,0,not-CX,0.0,0.0,0.0,ORN_VA6,0,0,0,0,0,1
4437,524719,0,unnamed,0,not-CX,506.6,112.4,280.3,LPN_a,0,0,0,0,1,0
4438,524741,10,LPTC (self-motion),0,not-CX,280.5,185.5,301.3,LHPV7b1,1,1,0,1,0,0
4439,524777,10,LPTC (self-motion),0,not-CX,583.3,121.9,259.2,LHPV4a7_d,1,1,0,0,1,0
4440,525064,2,antennal,0,not-CX,287.4,288.8,120.6,VP4+_vPN,0,0,0,0,0,0
4441,525065,2,antennal,0,not-CX,284.2,300.3,137.2,VP4_vPN,0,0,0,0,0,0
4442,525099,1,sensory,0,not-CX,0.0,0.0,0.0,ORN_VM7d,0,0,0,0,0,1
4443,525100,1,sensory,0,not-CX,0.0,0.0,0.0,ORN_DL5,0,0,0,0,0,1
4444,525105,2,antennal,0,not-CX,0.0,0.0,0.0,DL5_adPN,0,0,0,0,0,1
4445,525106,1,sensory,0,not-CX,0.0,0.0,0.0,ORN_VC1,0,0,0,0,0,1
4446,525108,1,sensory,0,not-CX,0.0,0.0,0.0,ORN_VA4,0,0,0,0,0,1
4447,525111,1,sensory,0,not-CX,0.0,0.0,0.0,ORN_VC3,0,0,0,0,0,1
4448,525115,1,sensory,0,not-CX,0.0,0.0,0.0,ORN_VC2,0,0,0,0,0,1
4449,525140,1,sensory,0,not-CX,0.0,0.0,0.0,ORN_VC1,0,0,0,0,0,1
4450,525162,1,sensory,0,not-CX,0.0,0.0,0.0,ORN_VC3,0,0,0,0,0,1
4451,525165,1,sensory,0,not-CX,0.0,0.0,0.0,ORN_VC1,0,0,0,0,0,1
4452,525166,1,sensory,0,not-CX,0.0,0.0,0.0,ORN_VC1,0,0,0,0,0,1
4453,525167,1,sensory,0,not-CX,0.0,0.0,0.0,ORN_VC1,0,0,0,0,0,1
4454,525168,1,sensory,0,not-CX,0.0,0.0,0.0,ORN_VC1,0,0,0,0,0,1
4455,525170,1,sensory,0,not-CX,0.0,0.0,0.0,ORN_VC1,0,0,0,0,0,1
4456,525171,1,sensory,0,not-CX,0.0,0.0,0.0,ORN_VC1,0,0,0,0,0,1
4457,525172,1,sensory,0,not-CX,0.0,0.0,0.0,ORN_VC1,0,0,0,0,0,1
4458,525173,1,sensory,0,not-CX,0.0,0.0,0.0,ORN_VC1,0,0,0,0,0,1
4459,525176,1,sensory,0,not-CX,0.0,0.0,0.0,ORN_VC3,0,0,0,0,0,1
4460,525226,1,sensory,0,not-CX,0.0,0.0,0.0,ORN_VA4,0,0,0,0,0,1
4461,525227,1,sensory,0,not-CX,0.0,0.0,0.0,ORN_VC3,0,0,0,0,0,1
4462,525228,1,sensory,0,not-CX,0.0,0.0,0.0,ORN_VM7d,0,0,0,0,0,1
4463,525229,1,sensory,0,not-CX,0.0,0.0,0.0,ORN_VA4,0,0,0,0,0,1
4464,525239,1,sensory,0,not-CX,0.0,0.0,0.0,ORN_VC2,0,0,0,0,0,1
4465,525240,1,sensory,0,not-CX,0.0,0.0,0.0,ORN_VA4,0,0,0,0,0,1
4466,525242,1,sensory,0,not-CX,0.0,0.0,0.0,ORN_VA4,0,0,0,0,0,1
4467,525260,1,sensory,0,not-CX,0.0,0.0,0.0,ORN_DL2v,0,0,0,0,0,1
4468,525379,0,unnamed,0,not-CX,514.1,184.5,116.4,lLN9,0,0,0,0,1,0
4469,525677,10,LPTC (self-motion),0,not-CX,534.9,153.8,135.4,LHAV7a3,1,1,0,0,1,0
4470,526119,10,LPTC (self-motion),0,not-CX,561.6,129.1,259.7,LHPV4a1,1,1,0,0,1,0
4471,526125,10,LPTC (self-motion),0,not-CX,579.9,168.4,198.6,LHAV3g2,1,1,0,0,1,0
4472,526215,10,LPTC (self-motion),0,not-CX,564.9,233.7,344.7,VST2,1,1,0,0,1,0
4473,526347,10,LPTC (self-motion),0,not-CX,597.6,145.1,183.2,LHAV2k12_b,1,1,0,0,1,0
4474,526474,1,sensory,0,not-CX,0.0,0.0,0.0,ORN_VM6v,0,0,0,0,0,1
4475,526475,1,sensory,0,not-CX,0.0,0.0,0.0,ORN_VM6v,0,0,0,0,0,1
4476,526711,1,sensory,0,not-CX,0.0,0.0,0.0,ORN_VM6l,0,0,0,0,0,1
4477,526767,10,LPTC (self-motion),0,not-CX,580.9,100.8,267.4,LHPV6l1,1,1,0,0,1,0
4478,526821,10,LPTC (self-motion),0,not-CX,600.6,120.1,178.1,LHAV3e5,1,1,0,0,1,0
4479,527158,1,sensory,0,not-CX,0.0,0.0,0.0,ORN_DA4l,0,0,0,0,0,1
4480,527243,1,sensory,0,not-CX,0.0,0.0,0.0,ORN_DP1l,0,0,0,0,0,1
4481,527359,1,sensory,0,not-CX,0.0,0.0,0.0,ORN_VA4,0,0,0,0,0,1
4482,527361,1,sensory,0,not-CX,0.0,0.0,0.0,ORN_VM6v,0,0,0,0,0,1
4483,527362,1,sensory,0,not-CX,0.0,0.0,0.0,ORN_VM6v,0,0,0,0,0,1
4484,527364,1,sensory,0,not-CX,0.0,0.0,0.0,ORN_VM6v,0,0,0,0,0,1
4485,527461,10,LPTC (self-motion),0,not-CX,589.2,101.4,203.8,LHAV4e4,1,1,0,0,1,0
4486,527468,1,sensory,0,not-CX,0.0,0.0,0.0,ORN_VM7d,0,0,0,0,0,1
4487,527469,0,unnamed,0,not-CX,489.7,201.8,95.2,lLN2X02,0,0,0,0,1,0
4488,527470,0,unnamed,0,not-CX,478.4,167.1,105.4,lLN2T_c,0,0,0,0,1,0
4489,527509,10,LPTC (self-motion),0,not-CX,247.1,169.2,146.8,LHAV7a6,1,1,0,1,0,0
4490,527523,2,antennal,0,not-CX,345.0,173.3,111.5,VM7d_adPN,0,0,0,0,0,0
4491,527524,2,antennal,0,not-CX,332.4,183.0,103.7,VM5d_adPN,0,0,0,0,0,0
4492,527557,1,sensory,0,not-CX,0.0,0.0,0.0,ORN_DL2d,0,0,0,0,0,1
4493,527558,1,sensory,0,not-CX,0.0,0.0,0.0,ORN_DA2,0,0,0,0,0,1
4494,527566,2,antennal,0,not-CX,307.4,287.1,111.3,M_vPNml72,0,0,0,0,0,0
4495,527577,2,antennal,0,not-CX,328.1,240.2,92.0,VA6_adPN,0,0,0,0,0,0
4496,529055,10,LPTC (self-motion),0,not-CX,592.9,150.4,182.8,LHAV2k12_a,1,1,0,0,1,0
4497,529072,0,unnamed,0,not-CX,0.0,0.0,0.0,JO-EV3,0,0,0,0,0,1
4498,529073,0,unnamed,0,not-CX,0.0,0.0,0.0,JO-EV3,0,0,0,0,0,1
4499,529078,2,antennal,0,not-CX,271.6,141.9,121.4,WEDPN8B,0,0,0,0,0,0
4500,529105,0,unnamed,0,not-CX,0.0,0.0,0.0,JO-EV5,0,0,0,0,0,1
4501,529154,10,LPTC (self-motion),0,not-CX,253.5,162.6,144.7,LHAV7a3,1,1,0,1,0,0
4502,529429,0,unnamed,0,not-CX,498.5,180.2,112.1,lLN1_bc,0,0,0,0,1,0
4503,529519,10,LPTC (self-motion),0,not-CX,353.4,107.0,253.1,LHPV10d1,1,1,0,1,0,0
4504,529665,2,antennal,0,not-CX,421.8,250.6,102.6,VA7l_adPN,0,0,0,0,1,0
4505,529800,10,LPTC (self-motion),0,not-CX,596.3,94.1,200.9,LHAV4a4,1,1,0,0,1,0
4506,529804,10,LPTC (self-motion),0,not-CX,586.8,173.0,189.6,LHAV2a3,1,1,0,0,1,0
4507,530179,1,sensory,0,not-CX,0.0,0.0,0.0,ORN_D,0,0,0,0,0,1
4508,530180,1,sensory,0,not-CX,0.0,0.0,0.0,ORN_DC3,0,0,0,0,0,1
4509,530191,10,LPTC (self-motion),0,not-CX,272.8,190.6,122.8,LHAV9a1_c,1,1,0,1,0,0
4510,530346,2,antennal,0,not-CX,495.7,136.1,124.5,WEDPN14,0,0,0,0,1,0
4511,530461,0,unnamed,0,not-CX,0.0,0.0,0.0,JO-EV1,0,0,0,0,0,1
4512,530576,10,LPTC (self-motion),0,not-CX,585.1,137.4,200.7,LHAV3b8,1,1,0,0,1,0
4513,530709,10,LPTC (self-motion),0,not-CX,505.2,90.9,270.1,LHPV5c1,1,1,0,1,1,0
4514,530738,1,sensory,0,not-CX,0.0,0.0,0.0,ORN_VM6v,0,0,0,0,0,1
4515,530777,0,unnamed,0,not-CX,282.7,254.5,123.3,lLN2X04,0,0,0,0,0,0
4516,530791,10,LPTC (self-motion),0,not-CX,285.2,271.4,276.5,LHPV1c1,1,1,0,0,0,0
4517,530841,0,unnamed,0,not-CX,0.0,0.0,0.0,JO-EV3,0,0,0,0,0,1
4518,530842,0,unnamed,0,not-CX,0.0,0.0,0.0,JO-EV3,0,0,0,0,0,1
4519,530957,10,LPTC (self-motion),0,not-CX,590.2,105.7,186.6,LHAV4b4,1,1,0,0,1,0
4520,531021,0,unnamed,0,not-CX,0.0,0.0,0.0,JO-EV1,0,0,0,0,0,1
4521,531244,2,antennal,0,not-CX,458.9,261.1,102.4,M_vPNml87,0,0,0,0,1,0
4522,531246,10,LPTC (self-motion),0,not-CX,593.2,107.6,175.3,LHAV4g1,1,1,0,0,1,0
4523,531445,10,LPTC (self-motion),0,not-CX,514.2,92.9,263.3,LHPV5c1_a,1,1,0,1,1,0
4524,531541,1,sensory,0,not-CX,0.0,0.0,0.0,ORN_DL2v,0,0,0,0,0,1
4525,531560,2,antennal,0,not-CX,468.9,263.9,115.6,M_vPNml83,0,0,0,0,1,0
4526,531592,10,LPTC (self-motion),0,not-CX,586.8,155.2,193.6,LHAV2a2,1,1,0,0,1,0
4527,531701,1,sensory,0,not-CX,0.0,0.0,0.0,ORN_DC4,0,0,0,0,0,1
4528,531712,0,unnamed,0,not-CX,0.0,0.0,0.0,JO-EV3,0,0,0,0,0,1
4529,531756,10,LPTC (self-motion),0,not-CX,237.0,92.3,264.9,LHPV5b6,1,1,0,0,0,0
4530,532069,10,LPTC (self-motion),0,not-CX,582.2,108.6,270.2,LHPV4i3,1,1,0,0,1,0
4531,532301,1,sensory,0,not-CX,0.0,0.0,0.0,ORN_VC5,0,0,0,0,0,1
4532,532302,1,sensory,0,not-CX,0.0,0.0,0.0,ORN_VM4,0,0,0,0,0,1
4533,532303,1,sensory,0,not-CX,0.0,0.0,0.0,ORN_VM4,0,0,0,0,0,1
4534,532304,2,antennal,0,not-CX,339.4,164.2,109.0,M_adPNm5,0,0,0,0,0,0
4535,532310,1,sensory,0,not-CX,0.0,0.0,0.0,ORN_VA3,0,0,0,0,0,1
4536,532512,1,sensory,0,not-CX,0.0,0.0,0.0,ORN_DC3,0,0,0,0,0,1
4537,532513,1,sensory,0,not-CX,0.0,0.0,0.0,ORN_DC3,0,0,0,0,0,1
4538,532535,10,LPTC (self-motion),0,not-CX,535.0,97.5,264.5,LHPV5e2,1,1,0,0,1,0
4539,532582,10,LPTC (self-motion),0,not-CX,586.9,88.4,211.3,LHAV4c2,1,1,0,0,1,0
4540,532627,0,unnamed,0,not-CX,0.0,0.0,0.0,JO-EV3,0,0,0,0,0,1
4541,532655,0,unnamed,0,not-CX,499.2,207.3,126.9,lLN2T_a,0,0,0,0,1,0
4542,532745,1,sensory,0,not-CX,0.0,0.0,0.0,ORN_DM1,0,0,0,0,0,1
4543,532767,1,sensory,0,not-CX,0.0,0.0,0.0,ORN_DP1m,0,0,0,0,0,1
4544,532768,0,unnamed,0,not-CX,481.5,171.1,95.7,lLN2X12,0,0,0,0,1,0
4545,532804,10,LPTC (self-motion),0,not-CX,574.9,120.8,268.4,LHPV4g1,1,1,0,0,1,0
4546,532811,10,LPTC (self-motion),0,not-CX,577.6,117.1,267.6,LHPV4b1,1,1,0,0,1,0
4547,532869,10,LPTC (self-motion),0,not-CX,567.6,133.5,269.1,LHPV2b2_a,1,1,0,0,1,0
4548,532967,10,LPTC (self-motion),0,not-CX,196.1,180.4,197.2,LHAV3g2,1,1,0,0,0,0
4549,533146,10,LPTC (self-motion),0,not-CX,175.6,141.7,185.5,LHAV5a2_a4,1,1,0,0,0,0
4550,533164,10,LPTC (self-motion),0,not-CX,589.5,101.6,181.4,LHAV5a2_a1,1,1,0,0,1,0
4551,533509,10,LPTC (self-motion),0,not-CX,254.5,111.9,271.4,LHPV5c1,1,1,0,1,0,0
4552,533589,10,LPTC (self-motion),0,not-CX,591.1,106.3,261.5,LHPV4a2,1,1,0,0,1,0
4553,534098,0,unnamed,0,not-CX,0.0,0.0,0.0,JO-EV6,0,0,0,0,0,1
4554,534175,2,antennal,0,not-CX,322.5,284.4,108.2,M_vPNml88,0,0,0,0,0,0
4555,534309,1,sensory,0,not-CX,0.0,0.0,0.0,ORN_DA4m,0,0,0,0,0,1
4556,534310,1,sensory,0,not-CX,0.0,0.0,0.0,ORN_DA4m,0,0,0,0,0,1
4557,534948,10,LPTC (self-motion),0,not-CX,193.4,112.8,272.1,LHPV5g1_b,1,1,0,0,0,0
4558,534950,10,LPTC (self-motion),0,not-CX,193.3,116.8,271.5,LHPV5g1_b,1,1,0,0,0,0
4559,535093,1,sensory,0,not-CX,0.0,0.0,0.0,ORN_VA6,0,0,0,0,0,1
4560,535437,10,LPTC (self-motion),0,not-CX,590.1,93.6,256.2,LHPV6f3_b,1,1,0,0,1,0
4561,535523,2,antennal,0,not-CX,265.1,279.1,139.5,WED031,0,0,0,0,0,0
4562,535897,1,sensory,0,not-CX,0.0,0.0,0.0,ORN_VM6m,0,0,0,0,0,1
4563,535929,10,LPTC (self-motion),0,not-CX,580.7,110.6,179.6,LHAV5a4_c,1,1,0,0,1,0
4564,536171,10,LPTC (self-motion),0,not-CX,201.5,127.4,273.0,LHPV4i3,1,1,0,0,0,0
4565,536217,0,unnamed,0,not-CX,0.0,0.0,0.0,JO-EV2,0,0,0,0,0,1
4566,536218,0,unnamed,0,not-CX,0.0,0.0,0.0,JO-EV1,0,0,0,0,0,1
4567,536275,0,unnamed,0,not-CX,0.0,0.0,0.0,LN-DN2,0,0,0,0,0,1
4568,536298,2,antennal,0,not-CX,510.7,139.3,121.5,WEDPN8B,1,0,1,1,1,0
4569,536421,10,LPTC (self-motion),0,not-CX,599.8,89.3,200.4,LHAV4e2_b2,1,1,0,0,1,0
4570,536451,1,sensory,0,not-CX,0.0,0.0,0.0,ORN_DM1,0,0,0,0,0,1
4571,536983,1,sensory,0,not-CX,0.0,0.0,0.0,ORN_DA2,0,0,0,0,0,1
4572,536991,1,sensory,0,not-CX,0.0,0.0,0.0,ORN_DC3,0,0,0,0,0,1
4573,536992,10,LPTC (self-motion),0,not-CX,576.2,117.5,258.8,LHPV4k1,1,1,0,0,1,0
4574,537004,10,LPTC (self-motion),0,not-CX,220.9,236.4,345.2,VSm,1,1,0,0,0,0
4575,537100,10,LPTC (self-motion),0,not-CX,572.0,109.7,271.4,LHPV4b4,1,1,0,0,1,0
4576,537495,2,antennal,0,not-CX,461.3,274.0,102.4,M_vPNml86,0,0,0,0,1,0
4577,537721,10,LPTC (self-motion),0,not-CX,580.9,97.8,251.3,LHPV5j1,1,1,0,0,1,0
4578,537749,10,LPTC (self-motion),0,not-CX,589.6,97.5,262.9,LHPV4a5,1,1,0,0,1,0
4579,538094,2,antennal,0,not-CX,428.3,151.1,90.7,M_adPNm8,0,0,0,0,1,0
4580,538996,10,LPTC (self-motion),0,not-CX,578.3,137.2,239.2,LHPV3a3_b,1,1,0,0,1,0
4581,539005,1,sensory,0,not-CX,0.0,0.0,0.0,ORN_VA6,0,0,0,0,0,1
4582,539006,1,sensory,0,not-CX,0.0,0.0,0.0,ORN_VA1v,0,0,0,0,0,1
4583,539342,10,LPTC (self-motion),0,not-CX,179.1,106.4,245.1,LHPV6h3,SLP276,1,1,0,0,0,0
4584,539480,1,sensory,0,not-CX,0.0,0.0,0.0,ORN_DC1,0,0,0,0,0,1
4585,539522,1,sensory,0,not-CX,0.0,0.0,0.0,ORN_DC2,0,0,0,0,0,1
4586,540266,10,LPTC (self-motion),0,not-CX,565.9,212.0,338.3,VS,1,1,0,0,1,0
4587,541552,1,sensory,0,not-CX,0.0,0.0,0.0,ORN_DM1,0,0,0,0,0,1
4588,541621,10,LPTC (self-motion),0,not-CX,588.1,111.2,270.1,LHPV4b2,1,1,0,0,1,0
4589,541630,10,LPTC (self-motion),0,not-CX,590.3,143.0,195.2,LHAV3b1,1,1,0,0,1,0
4590,541635,10,LPTC (self-motion),0,not-CX,600.2,101.0,188.1,LHAV4a4,1,1,0,0,1,0
4591,541827,10,LPTC (self-motion),0,not-CX,592.2,144.8,192.1,LHAV3n1,1,1,0,0,1,0
4592,542140,1,sensory,0,not-CX,0.0,0.0,0.0,ORN_DL1,0,0,0,0,0,1
4593,542167,10,LPTC (self-motion),0,not-CX,534.3,150.5,136.3,LHAV7a1_a,1,1,0,0,1,0
4594,542474,10,LPTC (self-motion),0,not-CX,572.2,127.2,263.0,LHPV4b9,1,1,0,0,1,0
4595,542600,1,sensory,0,not-CX,0.0,0.0,0.0,ORN_VA6,0,0,0,0,0,1
4596,542753,10,LPTC (self-motion),0,not-CX,585.0,109.2,271.6,LHPV4g2,1,1,0,0,1,0
4597,542754,10,LPTC (self-motion),0,not-CX,568.9,115.2,272.0,LHPV4b2,1,1,0,0,1,0
4598,542770,1,sensory,0,not-CX,0.0,0.0,0.0,ORN_VM5v,0,0,0,0,0,1
4599,542947,10,LPTC (self-motion),0,not-CX,573.4,132.1,256.9,LHPV2a4,1,1,0,0,1,0
4600,543002,1,sensory,0,not-CX,0.0,0.0,0.0,ORN_VA6,0,0,0,0,0,1
4601,543483,10,LPTC (self-motion),0,not-CX,598.4,147.1,188.1,LHAV3g1,1,1,0,0,1,0
4602,543628,10,LPTC (self-motion),0,not-CX,253.2,189.4,120.0,LHAV9a1_b,1,1,0,0,0,0
4603,544100,1,sensory,0,not-CX,0.0,0.0,0.0,ORN_DC2,0,0,0,0,0,1
4604,544259,2,antennal,0,not-CX,235.2,280.0,172.0,WEDPN18,1,0,1,0,0,0
4605,544334,1,sensory,0,not-CX,0.0,0.0,0.0,ORN_DL1,0,0,0,0,0,1
4606,544674,10,LPTC (self-motion),0,not-CX,566.5,106.5,260.7,LHPV6d1,1,1,0,0,1,0
4607,544739,1,sensory,0,not-CX,0.0,0.0,0.0,ORN_VC5,0,0,0,0,0,1
4608,544744,1,sensory,0,not-CX,0.0,0.0,0.0,ORN_VA2,0,0,0,0,0,1
4609,544934,1,sensory,0,not-CX,0.0,0.0,0.0,ORN_DC3,0,0,0,0,0,1
4610,545136,1,sensory,0,not-CX,0.0,0.0,0.0,ORN_VC2,0,0,0,0,0,1
4611,545182,1,sensory,0,not-CX,0.0,0.0,0.0,ORN_DP1m,0,0,0,0,0,1
4612,545247,10,LPTC (self-motion),0,not-CX,581.8,146.6,168.9,LHAV2g1,1,1,0,0,1,0
4613,545428,10,LPTC (self-motion),0,not-CX,596.7,110.9,192.7,LHAV4b2,1,1,0,0,1,0
4614,545695,1,sensory,0,not-CX,0.0,0.0,0.0,ORN_VA6,0,0,0,0,0,1
4615,545973,0,unnamed,0,not-CX,0.0,0.0,0.0,JO-EV3,0,0,0,0,0,1
4616,545974,0,unnamed,0,not-CX,0.0,0.0,0.0,JO-EV3,0,0,0,0,0,1
4617,546102,10,LPTC (self-motion),0,not-CX,590.5,95.3,197.0,LHAV4a4,1,1,0,0,1,0
4618,546390,1,sensory,0,not-CX,0.0,0.0,0.0,ORN_VM7v,0,0,0,0,0,1
4619,546535,10,LPTC (self-motion),0,not-CX,582.3,135.8,206.3,LHAV3b2_a,1,1,0,0,1,0
4620,546540,10,LPTC (self-motion),0,not-CX,578.6,128.0,170.7,LHAV6b3,1,1,0,0,1,0
4621,546951,1,sensory,0,not-CX,0.0,0.0,0.0,ORN_DL4,0,0,0,0,0,1
4622,547010,1,sensory,0,not-CX,0.0,0.0,0.0,ORN_DC3,0,0,0,0,0,1
4623,547138,1,sensory,0,not-CX,0.0,0.0,0.0,ORN_VM4,0,0,0,0,0,1
4624,547179,1,sensory,0,not-CX,0.0,0.0,0.0,ORN_DC1,0,0,0,0,0,1
4625,547459,1,sensory,0,not-CX,0.0,0.0,0.0,ORN_VA1v,0,0,0,0,0,1
4626,547460,1,sensory,0,not-CX,0.0,0.0,0.0,ORN_VA1v,0,0,0,0,0,1
4627,547655,2,antennal,0,not-CX,440.8,158.8,88.0,DL2d_adPN,0,0,0,0,1,0
4628,548220,10,LPTC (self-motion),0,not-CX,589.5,123.5,176.5,LHAV5b1,1,1,0,0,1,0
4629,548271,10,LPTC (self-motion),0,not-CX,581.6,91.5,259.7,LHPV6a9_b,1,1,0,0,1,0
4630,549690,1,sensory,0,not-CX,0.0,0.0,0.0,ORN_DC3,0,0,0,0,0,1
4631,550166,1,sensory,0,not-CX,0.0,0.0,0.0,ORN_VA6,0,0,0,0,0,1
4632,550256,1,sensory,0,not-CX,0.0,0.0,0.0,ORN_DA1,0,0,0,0,0,1
4633,550338,10,LPTC (self-motion),0,not-CX,582.7,88.3,244.4,LHPV5h2_a,1,1,0,0,1,0
4634,550691,1,sensory,0,not-CX,0.0,0.0,0.0,ORN_VA1v,0,0,0,0,0,1
4635,550697,1,sensory,0,not-CX,0.0,0.0,0.0,ORN_VM4,0,0,0,0,0,1
4636,550832,1,sensory,0,not-CX,0.0,0.0,0.0,ORN_VA1v,0,0,0,0,0,1
4637,550863,1,sensory,0,not-CX,0.0,0.0,0.0,ORN_DL1,0,0,0,0,0,1
4638,550890,1,sensory,0,not-CX,0.0,0.0,0.0,ORN_VA1v,0,0,0,0,0,1
4639,550998,1,sensory,0,not-CX,0.0,0.0,0.0,ORN_VA4,0,0,0,0,0,1
4640,551148,1,sensory,0,not-CX,0.0,0.0,0.0,ORN_VA1v,0,0,0,0,0,1
4641,551294,0,unnamed,0,not-CX,280.0,207.9,135.1,lLN2P_c,0,0,0,0,0,0
4642,551689,1,sensory,0,not-CX,0.0,0.0,0.0,ORN_VA2,0,0,0,0,0,1
4643,551753,1,sensory,0,not-CX,0.0,0.0,0.0,ORN_VA1d,0,0,0,0,0,1
4644,551768,1,sensory,0,not-CX,0.0,0.0,0.0,ORN_DM1,0,0,0,0,0,1
4645,551819,1,sensory,0,not-CX,0.0,0.0,0.0,ORN_VM4,0,0,0,0,0,1
4646,551833,1,sensory,0,not-CX,0.0,0.0,0.0,ORN_VC4,0,0,0,0,0,1
4647,552143,1,sensory,0,not-CX,0.0,0.0,0.0,ORN_VM4,0,0,0,0,0,1
4648,552278,1,sensory,0,not-CX,0.0,0.0,0.0,ORN_DM4,0,0,0,0,0,1
4649,552334,10,LPTC (self-motion),0,not-CX,186.8,94.8,236.3,LHPV6a9_b,1,1,0,0,0,0
4650,552393,10,LPTC (self-motion),0,not-CX,180.8,115.8,253.1,LHPV6f5,1,1,0,0,0,0
4651,552423,1,sensory,0,not-CX,0.0,0.0,0.0,ORN_DA1,0,0,0,0,0,1
4652,552527,10,LPTC (self-motion),0,not-CX,558.2,81.4,257.9,LHPV6f3_b,1,1,0,0,1,0
4653,552677,1,sensory,0,not-CX,0.0,0.0,0.0,ORN_VM6m,0,0,0,0,0,1
4654,552780,1,sensory,0,not-CX,0.0,0.0,0.0,ORN_DM2,0,0,0,0,0,1
4655,553030,1,sensory,0,not-CX,0.0,0.0,0.0,ORN_DA4l,0,0,0,0,0,1
4656,553466,1,sensory,0,not-CX,0.0,0.0,0.0,ORN_VA1d,0,0,0,0,0,1
4657,553963,10,LPTC (self-motion),0,not-CX,220.0,94.3,267.2,LHPV5b2,1,1,0,0,0,0
4658,553982,1,sensory,0,not-CX,0.0,0.0,0.0,ORN_VM4,0,0,0,0,0,1
4659,554095,1,sensory,0,not-CX,0.0,0.0,0.0,ORN_VM4,0,0,0,0,0,1
4660,554137,1,sensory,0,not-CX,0.0,0.0,0.0,ORN_VA1d,0,0,0,0,0,1
4661,554231,1,sensory,0,not-CX,0.0,0.0,0.0,ORN_VC3,0,0,0,0,0,1
4662,554304,10,LPTC (self-motion),0,not-CX,233.4,84.1,265.1,LHPV5c3,1,1,0,0,0,0
4663,555312,10,LPTC (self-motion),0,not-CX,582.5,138.7,160.6,LHAV6b1,1,1,0,0,1,0
4664,555318,0,unnamed,0,not-CX,487.2,218.4,148.5,lLN2X04,0,0,0,0,1,0
4665,555322,0,unnamed,0,not-CX,456.8,248.7,86.2,lLN2X02,0,0,0,0,1,0
4666,555817,1,sensory,0,not-CX,0.0,0.0,0.0,ORN_VL2a,0,0,0,0,0,1
4667,555838,1,sensory,0,not-CX,0.0,0.0,0.0,ORN_DP1l,0,0,0,0,0,1
4668,555875,10,LPTC (self-motion),0,not-CX,360.4,119.5,267.6,LHPV10c1,1,1,0,1,0,0
4669,555881,1,sensory,0,not-CX,0.0,0.0,0.0,ORN_VA2,0,0,0,0,0,1
4670,556037,2,antennal,0,not-CX,509.0,267.9,141.2,WEDPN9,1,0,1,0,1,0
4671,556502,0,unnamed,0,not-CX,257.0,192.5,117.2,LNO1,0,0,0,0,0,0
4672,556758,1,sensory,0,not-CX,0.0,0.0,0.0,ORN_VC5,0,0,0,0,0,1
4673,556859,1,sensory,0,not-CX,0.0,0.0,0.0,ORN_DM1,0,0,0,0,0,1
4674,557828,0,unnamed,0,not-CX,0.0,0.0,0.0,JO-EV3,0,0,0,0,0,1
4675,557870,1,sensory,0,not-CX,0.0,0.0,0.0,ORN_DM6,0,0,0,0,0,1
4676,559282,1,sensory,0,not-CX,0.0,0.0,0.0,ORN_VA7l,0,0,0,0,0,1
4677,559285,1,sensory,0,not-CX,0.0,0.0,0.0,ORN_VA5,0,0,0,0,0,1
4678,559286,1,sensory,0,not-CX,0.0,0.0,0.0,ORN_VA3,0,0,0,0,0,1
4679,559288,1,sensory,0,not-CX,0.0,0.0,0.0,ORN_VA5,0,0,0,0,0,1
4680,559975,1,sensory,0,not-CX,0.0,0.0,0.0,ORN_VA7m,0,0,0,0,0,1
4681,559980,1,sensory,0,not-CX,0.0,0.0,0.0,ORN_VA7m,0,0,0,0,0,1
4682,560243,10,LPTC (self-motion),0,not-CX,582.9,112.1,269.8,LHPV4a11,1,1,0,0,1,0
4683,561160,0,unnamed,0,not-CX,0.0,0.0,0.0,JO-EV1,0,0,0,0,0,1
4684,561669,1,sensory,0,not-CX,0.0,0.0,0.0,ORN_VA2,0,0,0,0,0,1
4685,562806,0,unnamed,0,not-CX,0.0,0.0,0.0,JO-EV3,0,0,0,0,0,1
4686,562811,0,unnamed,0,not-CX,0.0,0.0,0.0,JO-EV3,0,0,0,0,0,1
4687,563630,1,sensory,0,not-CX,0.0,0.0,0.0,ORN_VA7l,0,0,0,0,0,1
4688,563633,1,sensory,0,not-CX,0.0,0.0,0.0,ORN_VA7l,0,0,0,0,0,1
4689,563661,1,sensory,0,not-CX,0.0,0.0,0.0,ORN_VA6,0,0,0,0,0,1
4690,563826,1,sensory,0,not-CX,0.0,0.0,0.0,ORN_DM2,0,0,0,0,0,1
4691,563873,0,unnamed,0,not-CX,505.1,208.5,112.3,M_lPNm11D,0,0,0,0,1,0
4692,563901,1,sensory,0,not-CX,0.0,0.0,0.0,ORN_VA6,0,0,0,0,0,1
4693,563971,1,sensory,0,not-CX,0.0,0.0,0.0,ORN_VM6m,0,0,0,0,0,1
4694,564005,1,sensory,0,not-CX,0.0,0.0,0.0,ORN_VA7l,0,0,0,0,0,1
4695,564174,2,antennal,0,not-CX,468.3,161.6,98.0,DL2d_adPN,0,0,0,0,1,0
4696,564310,1,sensory,0,not-CX,0.0,0.0,0.0,ORN_VM3,0,0,0,0,0,1
4697,564397,1,sensory,0,not-CX,0.0,0.0,0.0,ORN_VA7l,0,0,0,0,0,1
4698,564418,1,sensory,0,not-CX,0.0,0.0,0.0,ORN_VM6v,0,0,0,0,0,1
4699,564451,1,sensory,0,not-CX,0.0,0.0,0.0,ORN_DM1,0,0,0,0,0,1
4700,564485,1,sensory,0,not-CX,0.0,0.0,0.0,ORN_VA6,0,0,0,0,0,1
4701,564673,1,sensory,0,not-CX,0.0,0.0,0.0,ORN_VA7m,0,0,0,0,0,1
4702,564686,1,sensory,0,not-CX,0.0,0.0,0.0,ORN_VA3,0,0,0,0,0,1
4703,564692,1,sensory,0,not-CX,0.0,0.0,0.0,ORN_VA7l,0,0,0,0,0,1
4704,564778,1,sensory,0,not-CX,0.0,0.0,0.0,ORN_VM6v,0,0,0,0,0,1
4705,564824,0,unnamed,0,not-CX,286.3,188.2,115.3,lLN2R_a,0,0,0,0,0,0
4706,564905,1,sensory,0,not-CX,0.0,0.0,0.0,ORN_DM5,0,0,0,0,0,1
4707,565132,1,sensory,0,not-CX,0.0,0.0,0.0,ORN_DM2,0,0,0,0,0,1
4708,565974,1,sensory,0,not-CX,0.0,0.0,0.0,ORN_DP1l,0,0,0,0,0,1
4709,566006,1,sensory,0,not-CX,0.0,0.0,0.0,ORN_VC1,0,0,0,0,0,1
4710,566251,1,sensory,0,not-CX,0.0,0.0,0.0,ORN_VC2,0,0,0,0,0,1
4711,566569,1,sensory,0,not-CX,0.0,0.0,0.0,ORN_VA6,0,0,0,0,0,1
4712,566967,1,sensory,0,not-CX,0.0,0.0,0.0,ORN_VM5v,0,0,0,0,0,1
4713,567044,1,sensory,0,not-CX,0.0,0.0,0.0,ORN_VC3,0,0,0,0,0,1
4714,567192,1,sensory,0,not-CX,0.0,0.0,0.0,ORN_VA1d,0,0,0,0,0,1
4715,567258,1,sensory,0,not-CX,0.0,0.0,0.0,ORN_DA1,0,0,0,0,0,1
4716,567434,1,sensory,0,not-CX,0.0,0.0,0.0,ORN_DA1,0,0,0,0,0,1
4717,567436,1,sensory,0,not-CX,0.0,0.0,0.0,ORN_DA1,0,0,0,0,0,1
4718,568747,1,sensory,0,not-CX,0.0,0.0,0.0,ORN_VC2,0,0,0,0,0,1
4719,569092,1,sensory,0,not-CX,0.0,0.0,0.0,ORN_DP1l,0,0,0,0,0,1
4720,569093,1,sensory,0,not-CX,0.0,0.0,0.0,ORN_DL1,0,0,0,0,0,1
4721,569120,1,sensory,0,not-CX,0.0,0.0,0.0,ORN_DL3,0,0,0,0,0,1
4722,569124,1,sensory,0,not-CX,0.0,0.0,0.0,ORN_VC1,0,0,0,0,0,1
4723,569149,1,sensory,0,not-CX,0.0,0.0,0.0,ORN_VM7d,0,0,0,0,0,1
4724,569150,1,sensory,0,not-CX,0.0,0.0,0.0,ORN_VA7l,0,0,0,0,0,1
4725,569249,1,sensory,0,not-CX,0.0,0.0,0.0,ORN_VA2,0,0,0,0,0,1
4726,569391,1,sensory,0,not-CX,0.0,0.0,0.0,ORN_VM4,0,0,0,0,0,1
4727,569525,10,LPTC (self-motion),0,not-CX,588.0,85.4,244.6,LHPV5h2_c,1,1,0,0,1,0
4728,569720,1,sensory,0,not-CX,0.0,0.0,0.0,ORN_DA2,0,0,0,0,0,1
4729,569785,1,sensory,0,not-CX,0.0,0.0,0.0,ORN_VA1v,0,0,0,0,0,1
4730,569817,1,sensory,0,not-CX,0.0,0.0,0.0,ORN_DA1,0,0,0,0,0,1
4731,569835,1,sensory,0,not-CX,0.0,0.0,0.0,ORN_VA3,0,0,0,0,0,1
4732,569993,1,sensory,0,not-CX,0.0,0.0,0.0,ORN_VA2,0,0,0,0,0,1
4733,569995,1,sensory,0,not-CX,0.0,0.0,0.0,ORN_VA2,0,0,0,0,0,1
4734,570599,1,sensory,0,not-CX,0.0,0.0,0.0,ORN_VL1,0,0,0,0,0,1
4735,570698,1,sensory,0,not-CX,0.0,0.0,0.0,ORN_VC3,0,0,0,0,0,1
4736,570912,1,sensory,0,not-CX,0.0,0.0,0.0,ORN_DC2,0,0,0,0,0,1
4737,571002,1,sensory,0,not-CX,0.0,0.0,0.0,ORN_VL2a,0,0,0,0,0,1
4738,571446,1,sensory,0,not-CX,0.0,0.0,0.0,ORN_VC1,0,0,0,0,0,1
4739,571499,10,LPTC (self-motion),0,not-CX,216.0,95.9,265.1,LHPV5b2,1,1,0,0,0,0
4740,571842,1,sensory,0,not-CX,0.0,0.0,0.0,ORN_DA4m,0,0,0,0,0,1
4741,573904,1,sensory,0,not-CX,0.0,0.0,0.0,ORN_DM3,0,0,0,0,0,1
4742,576020,10,LPTC (self-motion),0,not-CX,592.3,158.6,178.9,LHAV2k12_a,1,1,0,0,1,0
4743,576271,1,sensory,0,not-CX,0.0,0.0,0.0,ORN_DA4m,0,0,0,0,0,1
4744,576555,1,sensory,0,not-CX,0.0,0.0,0.0,ORN_VA5,0,0,0,0,0,1
4745,576872,1,sensory,0,not-CX,0.0,0.0,0.0,ORN_VM4,0,0,0,0,0,1
4746,577129,1,sensory,0,not-CX,0.0,0.0,0.0,ORN_VM4,0,0,0,0,0,1
4747,580401,10,LPTC (self-motion),0,not-CX,590.0,158.5,173.4,LHAV2j1,1,1,0,0,1,0
4748,580637,10,LPTC (self-motion),0,not-CX,578.9,121.5,192.6,LHAV4g4_b,1,1,0,0,1,0
4749,580855,1,sensory,0,not-CX,0.0,0.0,0.0,ORN_VM5d,0,0,0,0,0,1
4750,581008,10,LPTC (self-motion),0,not-CX,566.1,81.0,254.4,LHPV6h3,SLP276,1,1,0,0,1,0
4751,582095,1,sensory,0,not-CX,0.0,0.0,0.0,ORN_VM6l,0,0,0,0,0,1
4752,583601,1,sensory,0,not-CX,0.0,0.0,0.0,ORN_VL2a,0,0,0,0,0,1
4753,588642,1,sensory,0,not-CX,0.0,0.0,0.0,ORN_VM6l,0,0,0,0,0,1
4754,589330,1,sensory,0,not-CX,0.0,0.0,0.0,ORN_DM3,0,0,0,0,0,1
4755,590394,1,sensory,0,not-CX,0.0,0.0,0.0,ORN_DM6,0,0,0,0,0,1
4756,590460,1,sensory,0,not-CX,0.0,0.0,0.0,ORN_VM6v,0,0,0,0,0,1
4757,590508,1,sensory,0,not-CX,0.0,0.0,0.0,ORN_DA1,0,0,0,0,0,1
4758,590667,1,sensory,0,not-CX,0.0,0.0,0.0,ORN_VA6,0,0,0,0,0,1
4759,591264,1,sensory,0,not-CX,0.0,0.0,0.0,ORN_VA1d,0,0,0,0,0,1
4760,593090,10,LPTC (self-motion),0,not-CX,189.6,120.1,264.3,LHPV5g1_a,1,1,0,0,0,0
4761,593224,1,sensory,0,not-CX,0.0,0.0,0.0,ORN_VM1,0,0,0,0,0,1
4762,593426,1,sensory,0,not-CX,0.0,0.0,0.0,ORN_VA1d,0,0,0,0,0,1
4763,900453,1,sensory,0,not-CX,0.0,0.0,0.0,ORN_VC3,0,0,0,0,0,1
4764,900877,1,sensory,0,not-CX,0.0,0.0,0.0,ORN_DM1,0,0,0,0,0,1
4765,900949,0,unnamed,0,not-CX,0.0,0.0,0.0,JO-EV6,0,0,0,0,0,1
4766,901019,1,sensory,0,not-CX,0.0,0.0,0.0,ORN_VA1v,0,0,0,0,0,1
4767,901030,1,sensory,0,not-CX,0.0,0.0,0.0,ORN_VA3,0,0,0,0,0,1
4768,901811,0,unnamed,0,not-CX,0.0,0.0,0.0,JO-EV6,0,0,0,0,0,1
4769,901887,1,sensory,0,not-CX,0.0,0.0,0.0,ORN_DL5,0,0,0,0,0,1
4770,902023,1,sensory,0,not-CX,0.0,0.0,0.0,ORN_DM1,0,0,0,0,0,1
4771,902191,1,sensory,0,not-CX,0.0,0.0,0.0,ORN_DL1,0,0,0,0,0,1
4772,902777,1,sensory,0,not-CX,0.0,0.0,0.0,ORN_VA4,0,0,0,0,0,1
4773,902780,1,sensory,0,not-CX,0.0,0.0,0.0,ORN_DL3,0,0,0,0,0,1
4774,902845,1,sensory,0,not-CX,0.0,0.0,0.0,ORN_VA3,0,0,0,0,0,1
4775,902961,1,sensory,0,not-CX,0.0,0.0,0.0,ORN_DA1,0,0,0,0,0,1
4776,903069,1,sensory,0,not-CX,0.0,0.0,0.0,ORN_DL2d,0,0,0,0,0,1
4777,903137,1,sensory,0,not-CX,0.0,0.0,0.0,ORN_VA1d,0,0,0,0,0,1
4778,903147,1,sensory,0,not-CX,0.0,0.0,0.0,ORN_VM3,0,0,0,0,0,1
4779,903310,1,sensory,0,not-CX,0.0,0.0,0.0,ORN_VL2p,0,0,0,0,0,1
4780,910165,1,sensory,0,not-CX,0.0,0.0,0.0,ORN_DA4m,0,0,0,0,0,1
4781,910699,1,sensory,0,not-CX,0.0,0.0,0.0,ORN_DC1,0,0,0,0,0,1
4782,910701,1,sensory,0,not-CX,0.0,0.0,0.0,ORN_DL5,0,0,0,0,0,1
4783,910863,1,sensory,0,not-CX,0.0,0.0,0.0,ORN_DA4l,0,0,0,0,0,1
4784,915526,1,sensory,0,not-CX,0.0,0.0,0.0,ORN_VA1v,0,0,0,0,0,1
4785,915614,1,sensory,0,not-CX,0.0,0.0,0.0,ORN_DM6,0,0,0,0,0,1
4786,915765,1,sensory,0,not-CX,0.0,0.0,0.0,ORN_VA1v,0,0,0,0,0,1
4787,915787,1,sensory,0,not-CX,0.0,0.0,0.0,ORN_VA7m,0,0,0,0,0,1
4788,915827,1,sensory,0,not-CX,0.0,0.0,0.0,ORN_VL2a,0,0,0,0,0,1
4789,915901,2,antennal,0,not-CX,317.2,281.3,105.2,M_vPNml84,0,0,0,0,0,0
4790,915922,1,sensory,0,not-CX,0.0,0.0,0.0,ORN_DL4,0,0,0,0,0,1
4791,916034,10,LPTC (self-motion),0,not-CX,570.8,97.3,263.7,LHPV5b1,1,1,0,0,1,0
4792,916105,1,sensory,0,not-CX,0.0,0.0,0.0,ORN_VM5v,0,0,0,0,0,1
4793,916503,1,sensory,0,not-CX,0.0,0.0,0.0,ORN_DL3,0,0,0,0,0,1
4794,916523,1,sensory,0,not-CX,0.0,0.0,0.0,ORN_DA1,0,0,0,0,0,1
4795,916607,1,sensory,0,not-CX,0.0,0.0,0.0,ORN_DA1,0,0,0,0,0,1
4796,916608,1,sensory,0,not-CX,0.0,0.0,0.0,ORN_DA1,0,0,0,0,0,1
4797,916720,1,sensory,0,not-CX,0.0,0.0,0.0,ORN_DM2,0,0,0,0,0,1
4798,916996,1,sensory,0,not-CX,0.0,0.0,0.0,ORN_VM5d,0,0,0,0,0,1
4799,917069,1,sensory,0,not-CX,0.0,0.0,0.0,ORN_DA4m,0,0,0,0,0,1
4800,917158,1,sensory,0,not-CX,0.0,0.0,0.0,ORN_VA1v,0,0,0,0,0,1
4801,917518,1,sensory,0,not-CX,0.0,0.0,0.0,ORN_DL1,0,0,0,0,0,1
4802,917560,1,sensory,0,not-CX,0.0,0.0,0.0,ORN_DA1,0,0,0,0,0,1
4803,918029,1,sensory,0,not-CX,0.0,0.0,0.0,ORN_VM5d,0,0,0,0,0,1
4804,918039,0,unnamed,0,not-CX,0.0,0.0,0.0,JO-EV2,0,0,0,0,0,1
4805,918081,1,sensory,0,not-CX,0.0,0.0,0.0,ORN_VA1d,0,0,0,0,0,1
4806,918192,1,sensory,0,not-CX,0.0,0.0,0.0,ORN_DA1,0,0,0,0,0,1
4807,918248,0,unnamed,0,not-CX,0.0,0.0,0.0,JO-EV1,0,0,0,0,0,1
4808,918293,1,sensory,0,not-CX,0.0,0.0,0.0,ORN_VM7v,0,0,0,0,0,1
4809,918366,1,sensory,0,not-CX,0.0,0.0,0.0,ORN_DA4l,0,0,0,0,0,1
4810,918525,1,sensory,0,not-CX,0.0,0.0,0.0,ORN_DA1,0,0,0,0,0,1
4811,918582,0,unnamed,0,not-CX,283.9,213.2,138.1,lLN2P_a,0,0,0,0,0,0
4812,918599,1,sensory,0,not-CX,0.0,0.0,0.0,ORN_VL2p,0,0,0,0,0,1
4813,918828,1,sensory,0,not-CX,0.0,0.0,0.0,ORN_DL1,0,0,0,0,0,1
4814,918835,1,sensory,0,not-CX,0.0,0.0,0.0,ORN_VL1,0,0,0,0,0,1
4815,918924,1,sensory,0,not-CX,0.0,0.0,0.0,ORN_VC3,0,0,0,0,0,1
4816,919104,1,sensory,0,not-CX,0.0,0.0,0.0,ORN_VA1v,0,0,0,0,0,1
4817,919162,1,sensory,0,not-CX,0.0,0.0,0.0,ORN_VA4,0,0,0,0,0,1
4818,919174,1,sensory,0,not-CX,0.0,0.0,0.0,ORN_VM1,0,0,0,0,0,1
4819,919212,1,sensory,0,not-CX,0.0,0.0,0.0,ORN_DA2,0,0,0,0,0,1
4820,919213,1,sensory,0,not-CX,0.0,0.0,0.0,ORN_VA1v,0,0,0,0,0,1
4821,919214,1,sensory,0,not-CX,0.0,0.0,0.0,ORN_VA1d,0,0,0,0,0,1
4822,919249,1,sensory,0,not-CX,0.0,0.0,0.0,ORN_VC5,0,0,0,0,0,1
4823,919254,1,sensory,0,not-CX,0.0,0.0,0.0,ORN_V,0,0,0,0,0,1
4824,919289,1,sensory,0,not-CX,0.0,0.0,0.0,ORN_VC3,0,0,0,0,0,1
4825,919898,1,sensory,0,not-CX,0.0,0.0,0.0,ORN_VA1v,0,0,0,0,0,1
4826,920062,1,sensory,0,not-CX,0.0,0.0,0.0,ORN_DM6,0,0,0,0,0,1
4827,920090,1,sensory,0,not-CX,0.0,0.0,0.0,ORN_DA1,0,0,0,0,0,1
4828,920164,1,sensory,0,not-CX,0.0,0.0,0.0,ORN_VM5v,0,0,0,0,0,1
4829,920179,1,sensory,0,not-CX,0.0,0.0,0.0,ORN_VA3,0,0,0,0,0,1
4830,920378,1,sensory,0,not-CX,0.0,0.0,0.0,ORN_DM2,0,0,0,0,0,1
4831,920382,1,sensory,0,not-CX,0.0,0.0,0.0,ORN_VC2,0,0,0,0,0,1
4832,920383,1,sensory,0,not-CX,0.0,0.0,0.0,ORN_VC2,0,0,0,0,0,1
4833,920750,1,sensory,0,not-CX,0.0,0.0,0.0,ORN_DL1,0,0,0,0,0,1
4834,921014,1,sensory,0,not-CX,0.0,0.0,0.0,ORN_DL1,0,0,0,0,0,1
4835,921048,10,LPTC (self-motion),0,not-CX,227.0,77.1,261.5,LHPV5b1,1,1,0,0,0,0
4836,921122,1,sensory,0,not-CX,0.0,0.0,0.0,ORN_VM6v,0,0,0,0,0,1
4837,921144,1,sensory,0,not-CX,0.0,0.0,0.0,ORN_DL1,0,0,0,0,0,1
4838,921227,1,sensory,0,not-CX,0.0,0.0,0.0,ORN_VA1v,0,0,0,0,0,1
4839,921341,1,sensory,0,not-CX,0.0,0.0,0.0,ORN_DL1,0,0,0,0,0,1
4840,921618,1,sensory,0,not-CX,0.0,0.0,0.0,ORN_DL4,0,0,0,0,0,1
4841,921630,1,sensory,0,not-CX,0.0,0.0,0.0,ORN_DL4,0,0,0,0,0,1
4842,921680,1,sensory,0,not-CX,0.0,0.0,0.0,ORN_VM4,0,0,0,0,0,1
4843,921721,1,sensory,0,not-CX,0.0,0.0,0.0,ORN_VA1v,0,0,0,0,0,1
4844,921839,1,sensory,0,not-CX,0.0,0.0,0.0,ORN_VA1v,0,0,0,0,0,1
4845,921951,1,sensory,0,not-CX,0.0,0.0,0.0,ORN_VA5,0,0,0,0,0,1
4846,921952,1,sensory,0,not-CX,0.0,0.0,0.0,ORN_VA3,0,0,0,0,0,1
4847,921954,1,sensory,0,not-CX,0.0,0.0,0.0,ORN_VA2,0,0,0,0,0,1
4848,921975,1,sensory,0,not-CX,0.0,0.0,0.0,ORN_VM4,0,0,0,0,0,1
4849,922001,1,sensory,0,not-CX,0.0,0.0,0.0,ORN_VA1d,0,0,0,0,0,1
4850,922113,0,unnamed,0,not-CX,0.0,0.0,0.0,JO-EV5,0,0,0,0,0,1
4851,922225,1,sensory,0,not-CX,0.0,0.0,0.0,ORN_VA1d,0,0,0,0,0,1
4852,922235,1,sensory,0,not-CX,0.0,0.0,0.0,ORN_VA1v,0,0,0,0,0,1
4853,922309,1,sensory,0,not-CX,0.0,0.0,0.0,ORN_DL4,0,0,0,0,0,1
4854,922335,1,sensory,0,not-CX,0.0,0.0,0.0,ORN_VA1d,0,0,0,0,0,1
4855,922340,1,sensory,0,not-CX,0.0,0.0,0.0,ORN_VM6m,0,0,0,0,0,1
4856,922342,1,sensory,0,not-CX,0.0,0.0,0.0,ORN_VM6m,0,0,0,0,0,1
4857,922343,1,sensory,0,not-CX,0.0,0.0,0.0,ORN_VL1,0,0,0,0,0,1
4858,922369,1,sensory,0,not-CX,0.0,0.0,0.0,ORN_DA4m,0,0,0,0,0,1
4859,922381,1,sensory,0,not-CX,0.0,0.0,0.0,ORN_V,0,0,0,0,0,1
4860,922423,1,sensory,0,not-CX,0.0,0.0,0.0,ORN_VM7d,0,0,0,0,0,1
4861,922590,1,sensory,0,not-CX,0.0,0.0,0.0,ORN_DM1,0,0,0,0,0,1
4862,922980,1,sensory,0,not-CX,0.0,0.0,0.0,ORN_VM5d,0,0,0,0,0,1
4863,923221,1,sensory,0,not-CX,0.0,0.0,0.0,ORN_VA6,0,0,0,0,0,1
4864,923453,0,unnamed,0,not-CX,0.0,0.0,0.0,JO-EV3,0,0,0,0,0,1
4865,923456,1,sensory,0,not-CX,0.0,0.0,0.0,ORN_VC1,0,0,0,0,0,1
4866,923464,1,sensory,0,not-CX,0.0,0.0,0.0,ORN_VA1d,0,0,0,0,0,1
4867,923571,1,sensory,0,not-CX,0.0,0.0,0.0,ORN_DL3,0,0,0,0,0,1
4868,923628,1,sensory,0,not-CX,0.0,0.0,0.0,ORN_DA2,0,0,0,0,0,1
4869,923901,1,sensory,0,not-CX,0.0,0.0,0.0,ORN_VA4,0,0,0,0,0,1
4870,925091,1,sensory,0,not-CX,0.0,0.0,0.0,ORN_VA1d,0,0,0,0,0,1
4871,925260,1,sensory,0,not-CX,0.0,0.0,0.0,ORN_VA3,0,0,0,0,0,1
4872,925289,1,sensory,0,not-CX,0.0,0.0,0.0,ORN_DA1,0,0,0,0,0,1
4873,925292,1,sensory,0,not-CX,0.0,0.0,0.0,ORN_DL3,0,0,0,0,0,1
4874,925310,1,sensory,0,not-CX,0.0,0.0,0.0,ORN_VA1d,0,0,0,0,0,1
4875,925348,1,sensory,0,not-CX,0.0,0.0,0.0,ORN_DA1,0,0,0,0,0,1
4876,925375,1,sensory,0,not-CX,0.0,0.0,0.0,ORN_VA2,0,0,0,0,0,1
4877,925376,1,sensory,0,not-CX,0.0,0.0,0.0,ORN_VA2,0,0,0,0,0,1
4878,925419,1,sensory,0,not-CX,0.0,0.0,0.0,ORN_DM5,0,0,0,0,0,1
4879,925421,1,sensory,0,not-CX,0.0,0.0,0.0,ORN_DM3,0,0,0,0,0,1
4880,925429,1,sensory,0,not-CX,0.0,0.0,0.0,ORN_DC1,0,0,0,0,0,1
4881,925474,1,sensory,0,not-CX,0.0,0.0,0.0,ORN_DL3,0,0,0,0,0,1
4882,925494,1,sensory,0,not-CX,0.0,0.0,0.0,ORN_DM5,0,0,0,0,0,1
4883,925495,1,sensory,0,not-CX,0.0,0.0,0.0,ORN_DM2,0,0,0,0,0,1
4884,925497,1,sensory,0,not-CX,0.0,0.0,0.0,ORN_VA3,0,0,0,0,0,1
4885,925509,1,sensory,0,not-CX,0.0,0.0,0.0,ORN_VM4,0,0,0,0,0,1
4886,925533,1,sensory,0,not-CX,0.0,0.0,0.0,ORN_DA1,0,0,0,0,0,1
4887,925541,1,sensory,0,not-CX,0.0,0.0,0.0,ORN_DL1,0,0,0,0,0,1
4888,925588,1,sensory,0,not-CX,0.0,0.0,0.0,ORN_DA1,0,0,0,0,0,1
4889,925607,1,sensory,0,not-CX,0.0,0.0,0.0,ORN_DP1l,0,0,0,0,0,1
4890,925639,1,sensory,0,not-CX,0.0,0.0,0.0,ORN_DM1,0,0,0,0,0,1
4891,925649,1,sensory,0,not-CX,0.0,0.0,0.0,ORN_VM4,0,0,0,0,0,1
4892,925694,1,sensory,0,not-CX,0.0,0.0,0.0,ORN_VA2,0,0,0,0,0,1
4893,925696,1,sensory,0,not-CX,0.0,0.0,0.0,ORN_VM1,0,0,0,0,0,1
4894,925697,1,sensory,0,not-CX,0.0,0.0,0.0,ORN_VM1,0,0,0,0,0,1
4895,925736,1,sensory,0,not-CX,0.0,0.0,0.0,ORN_VC4,0,0,0,0,0,1
4896,925890,1,sensory,0,not-CX,0.0,0.0,0.0,ORN_VC5,0,0,0,0,0,1
4897,925926,1,sensory,0,not-CX,0.0,0.0,0.0,ORN_VM3,0,0,0,0,0,1
4898,925932,1,sensory,0,not-CX,0.0,0.0,0.0,ORN_DA3,0,0,0,0,0,1
4899,925969,1,sensory,0,not-CX,0.0,0.0,0.0,ORN_DA3,0,0,0,0,0,1
4900,926058,1,sensory,0,not-CX,0.0,0.0,0.0,ORN_VL2p,0,0,0,0,0,1
4901,926063,1,sensory,0,not-CX,0.0,0.0,0.0,ORN_DM5,0,0,0,0,0,1
4902,927197,1,sensory,0,not-CX,0.0,0.0,0.0,ORN_VM7d,0,0,0,0,0,1
4903,927424,1,sensory,0,not-CX,0.0,0.0,0.0,ORN_VL2p,0,0,0,0,0,1
4904,927826,1,sensory,0,not-CX,0.0,0.0,0.0,ORN_VM5d,0,0,0,0,0,1
4905,928171,1,sensory,0,not-CX,0.0,0.0,0.0,ORN_VA7l,0,0,0,0,0,1
4906,928415,1,sensory,0,not-CX,0.0,0.0,0.0,ORN_VM5v,0,0,0,0,0,1
4907,929909,0,unnamed,0,not-CX,0.0,0.0,0.0,JO-EV2,0,0,0,0,0,1
4908,930621,0,unnamed,0,not-CX,0.0,0.0,0.0,JO-EV5,0,0,0,0,0,1
4909,932767,1,sensory,0,not-CX,0.0,0.0,0.0,ORN_VA1d,0,0,0,0,0,1
4910,934179,1,sensory,0,not-CX,0.0,0.0,0.0,ORN_DM3,0,0,0,0,0,1
4911,934683,1,sensory,0,not-CX,0.0,0.0,0.0,ORN_VA7m,0,0,0,0,0,1
4912,934798,1,sensory,0,not-CX,0.0,0.0,0.0,ORN_DM5,0,0,0,0,0,1
4913,936867,1,sensory,0,not-CX,0.0,0.0,0.0,ORN_DL3,0,0,0,0,0,1
4914,938975,1,sensory,0,not-CX,0.0,0.0,0.0,ORN_V,0,0,0,0,0,1
4915,941848,1,sensory,0,not-CX,0.0,0.0,0.0,ORN_VA1d,0,0,0,0,0,1
4916,942040,1,sensory,0,not-CX,0.0,0.0,0.0,ORN_VA1d,0,0,0,0,0,1
4917,942041,1,sensory,0,not-CX,0.0,0.0,0.0,ORN_DC3,0,0,0,0,0,1
4918,942091,1,sensory,0,not-CX,0.0,0.0,0.0,ORN_DL1,0,0,0,0,0,1
4919,942143,1,sensory,0,not-CX,0.0,0.0,0.0,ORN_DL3,0,0,0,0,0,1
4920,942499,1,sensory,0,not-CX,0.0,0.0,0.0,ORN_VM4,0,0,0,0,0,1
4921,943260,1,sensory,0,not-CX,0.0,0.0,0.0,ORN_VL2a,0,0,0,0,0,1
4922,943264,1,sensory,0,not-CX,0.0,0.0,0.0,ORN_VL2a,0,0,0,0,0,1
4923,943401,1,sensory,0,not-CX,0.0,0.0,0.0,ORN_VM4,0,0,0,0,0,1
4924,944866,1,sensory,0,not-CX,0.0,0.0,0.0,ORN_VM5d,0,0,0,0,0,1
4925,945767,1,sensory,0,not-CX,0.0,0.0,0.0,ORN_VA4,0,0,0,0,0,1
4926,946547,1,sensory,0,not-CX,0.0,0.0,0.0,ORN_DL4,0,0,0,0,0,1
4927,946556,1,sensory,0,not-CX,0.0,0.0,0.0,ORN_DA1,0,0,0,0,0,1
4928,946558,1,sensory,0,not-CX,0.0,0.0,0.0,ORN_DA4l,0,0,0,0,0,1
4929,953598,1,sensory,0,not-CX,0.0,0.0,0.0,ORN_DL3,0,0,0,0,0,1
4930,953599,1,sensory,0,not-CX,0.0,0.0,0.0,ORN_DL3,0,0,0,0,0,1
4931,953976,1,sensory,0,not-CX,0.0,0.0,0.0,ORN_VL2a,0,0,0,0,0,1
4932,953978,1,sensory,0,not-CX,0.0,0.0,0.0,ORN_DC4,0,0,0,0,0,1
4933,954336,1,sensory,0,not-CX,0.0,0.0,0.0,ORN_DP1l,0,0,0,0,0,1
4934,954471,1,sensory,0,not-CX,0.0,0.0,0.0,ORN_VM3,0,0,0,0,0,1
4935,954509,1,sensory,0,not-CX,0.0,0.0,0.0,ORN_VA6,0,0,0,0,0,1
4936,954518,1,sensory,0,not-CX,0.0,0.0,0.0,ORN_VC3,0,0,0,0,0,1
4937,954521,1,sensory,0,not-CX,0.0,0.0,0.0,ORN_VM5d,0,0,0,0,0,1
4938,954627,1,sensory,0,not-CX,0.0,0.0,0.0,ORN_VA1d,0,0,0,0,0,1
4939,955281,1,sensory,0,not-CX,0.0,0.0,0.0,ORN_DA1,0,0,0,0,0,1
4940,955452,1,sensory,0,not-CX,0.0,0.0,0.0,ORN_VM2,0,0,0,0,0,1
4941,955455,1,sensory,0,not-CX,0.0,0.0,0.0,ORN_VC4,0,0,0,0,0,1
4942,955499,1,sensory,0,not-CX,0.0,0.0,0.0,ORN_DA2,0,0,0,0,0,1
4943,955878,1,sensory,0,not-CX,0.0,0.0,0.0,ORN_DA1,0,0,0,0,0,1
4944,955898,1,sensory,0,not-CX,0.0,0.0,0.0,ORN_DP1l,0,0,0,0,0,1
4945,955899,1,sensory,0,not-CX,0.0,0.0,0.0,ORN_VA1v,0,0,0,0,0,1
4946,955900,1,sensory,0,not-CX,0.0,0.0,0.0,ORN_DL2v,0,0,0,0,0,1
4947,955926,1,sensory,0,not-CX,0.0,0.0,0.0,ORN_DL3,0,0,0,0,0,1
4948,955939,1,sensory,0,not-CX,0.0,0.0,0.0,ORN_DA4m,0,0,0,0,0,1
4949,956001,1,sensory,0,not-CX,0.0,0.0,0.0,ORN_DL4,0,0,0,0,0,1
4950,956012,1,sensory,0,not-CX,0.0,0.0,0.0,ORN_VA3,0,0,0,0,0,1
4951,956014,1,sensory,0,not-CX,0.0,0.0,0.0,ORN_DA2,0,0,0,0,0,1
4952,956021,1,sensory,0,not-CX,0.0,0.0,0.0,ORN_DM5,0,0,0,0,0,1
4953,956023,1,sensory,0,not-CX,0.0,0.0,0.0,ORN_VA6,0,0,0,0,0,1
4954,956026,1,sensory,0,not-CX,0.0,0.0,0.0,ORN_DL4,0,0,0,0,0,1
4955,956031,1,sensory,0,not-CX,0.0,0.0,0.0,ORN_DA2,0,0,0,0,0,1
4956,956039,1,sensory,0,not-CX,0.0,0.0,0.0,ORN_DA1,0,0,0,0,0,1
4957,956071,1,sensory,0,not-CX,0.0,0.0,0.0,ORN_VA2,0,0,0,0,0,1
4958,956123,1,sensory,0,not-CX,0.0,0.0,0.0,ORN_VM3,0,0,0,0,0,1
4959,956138,1,sensory,0,not-CX,0.0,0.0,0.0,ORN_DL3,0,0,0,0,0,1
4960,956165,1,sensory,0,not-CX,0.0,0.0,0.0,ORN_DA1,0,0,0,0,0,1
4961,956174,1,sensory,0,not-CX,0.0,0.0,0.0,ORN_DA1,0,0,0,0,0,1
4962,956592,1,sensory,0,not-CX,0.0,0.0,0.0,ORN_DA3,0,0,0,0,0,1
4963,957077,1,sensory,0,not-CX,0.0,0.0,0.0,ORN_DA4m,0,0,0,0,0,1
4964,957090,1,sensory,0,not-CX,0.0,0.0,0.0,ORN_VA1d,0,0,0,0,0,1
4965,957167,1,sensory,0,not-CX,0.0,0.0,0.0,ORN_VL2p,0,0,0,0,0,1
4966,957174,1,sensory,0,not-CX,0.0,0.0,0.0,ORN_VA6,0,0,0,0,0,1
4967,957988,1,sensory,0,not-CX,0.0,0.0,0.0,ORN_VL2p,0,0,0,0,0,1
4968,103329548,1,sensory,0,not-CX,0.0,0.0,0.0,ORN_DM6,0,0,0,0,0,1
4969,103917697,1,sensory,0,not-CX,0.0,0.0,0.0,ORN_DL3,0,0,0,0,0,1
4970,104465393,0,unnamed,0,not-CX,0.0,0.0,0.0,JO-EV2,0,0,0,0,0,1
4971,115573815,1,sensory,0,not-CX,0.0,0.0,0.0,ORN_VM6l,0,0,0,0,0,1
4972,120657549,1,sensory,0,not-CX,0.0,0.0,0.0,ORN_VM4,0,0,0,0,0,1
4973,123737608,1,sensory,0,not-CX,0.0,0.0,0.0,ORN_VL1,0,0,0,0,0,1
4974,131817457,0,unnamed,0,not-CX,0.0,0.0,0.0,JO-EV3,0,0,0,0,0,1
4975,133790543,1,sensory,0,not-CX,0.0,0.0,0.0,ORN_VM3,0,0,0,0,0,1
4976,139925399,0,unnamed,0,not-CX,0.0,0.0,0.0,JO-EV2,0,0,0,0,0,1
4977,142847993,0,unnamed,0,not-CX,0.0,0.0,0.0,JO-EV1,0,0,0,0,0,1
4978,144977866,1,sensory,0,not-CX,0.0,0.0,0.0,ORN_VA5,0,0,0,0,0,1
4979,145088940,0,unnamed,0,not-CX,0.0,0.0,0.0,JO-EV3,0,0,0,0,0,1
4980,150763338,1,sensory,0,not-CX,0.0,0.0,0.0,ORN_DA4l,0,0,0,0,0,1
4981,150992197,1,sensory,0,not-CX,0.0,0.0,0.0,ORN_DA1,0,0,0,0,0,1
4982,154743473,1,sensory,0,not-CX,0.0,0.0,0.0,ORN_DM3,0,0,0,0,0,1
4983,164101582,1,sensory,0,not-CX,0.0,0.0,0.0,ORN_DA3,0,0,0,0,0,1
4984,164146394,1,sensory,0,not-CX,0.0,0.0,0.0,ORN_VM5d,0,0,0,0,0,1
4985,169805073,1,sensory,0,not-CX,0.0,0.0,0.0,ORN_VM5d,0,0,0,0,0,1
4986,174553798,1,sensory,0,not-CX,0.0,0.0,0.0,ORN_DM3,0,0,0,0,0,1
4987,174589841,1,sensory,0,not-CX,0.0,0.0,0.0,ORN_DM2,0,0,0,0,0,1
4988,184931007,1,sensory,0,not-CX,0.0,0.0,0.0,ORN_DM6,0,0,0,0,0,1
4989,185683194,1,sensory,0,not-CX,0.0,0.0,0.0,ORN_VA7m,0,0,0,0,0,1
4990,188752887,1,sensory,0,not-CX,0.0,0.0,0.0,ORN_VL1,0,0,0,0,0,1
4991,189202940,1,sensory,0,not-CX,0.0,0.0,0.0,ORN_VM4,0,0,0,0,0,1
4992,189216879,0,unnamed,0,not-CX,0.0,0.0,0.0,JO-EV6,0,0,0,0,0,1
4993,190351619,1,sensory,0,not-CX,0.0,0.0,0.0,ORN_VM5d,0,0,0,0,0,1
4994,191621217,1,sensory,0,not-CX,0.0,0.0,0.0,ORN_VM6l,0,0,0,0,0,1
4995,191903268,1,sensory,0,not-CX,0.0,0.0,0.0,ORN_V,0,0,0,0,0,1
4996,191925150,1,sensory,0,not-CX,0.0,0.0,0.0,ORN_VM4,0,0,0,0,0,1
4997,195470070,0,unnamed,0,not-CX,0.0,0.0,0.0,JO-EV2,0,0,0,0,0,1
4998,195672134,1,sensory,0,not-CX,0.0,0.0,0.0,ORN_VM3,0,0,0,0,0,1
4999,196696203,1,sensory,0,not-CX,0.0,0.0,0.0,ORN_DM3,0,0,0,0,0,1
5000,198427120,1,sensory,0,not-CX,0.0,0.0,0.0,ORN_DL1,0,0,0,0,0,1
5001,201053027,1,sensory,0,not-CX,0.0,0.0,0.0,ORN_VM2,0,0,0,0,0,1
5002,201695766,1,sensory,0,not-CX,0.0,0.0,0.0,ORN_VL1,0,0,0,0,0,1
5003,206174566,0,unnamed,0,not-CX,0.0,0.0,0.0,JO-EV1,0,0,0,0,0,1
5004,211747785,1,sensory,0,not-CX,0.0,0.0,0.0,ORN_DM4,0,0,0,0,0,1
5005,212945075,1,sensory,0,not-CX,0.0,0.0,0.0,ORN_DM1,0,0,0,0,0,1
5006,213326863,1,sensory,0,not-CX,0.0,0.0,0.0,ORN_VM6m,0,0,0,0,0,1
5007,214557957,1,sensory,0,not-CX,0.0,0.0,0.0,ORN_DM2,0,0,0,0,0,1
5008,220220516,1,sensory,0,not-CX,0.0,0.0,0.0,ORN_DL5,0,0,0,0,0,1
5009,222256845,1,sensory,0,not-CX,0.0,0.0,0.0,ORN_DM1,0,0,0,0,0,1
5010,222873418,0,unnamed,0,not-CX,0.0,0.0,0.0,JO-EV1,0,0,0,0,0,1
5011,226996233,0,unnamed,0,not-CX,0.0,0.0,0.0,JO-EV2,0,0,0,0,0,1
5012,231598164,1,sensory,0,not-CX,0.0,0.0,0.0,ORN_DL3,0,0,0,0,0,1
5013,235596160,1,sensory,0,not-CX,0.0,0.0,0.0,ORN_DL1,0,0,0,0,0,1
5014,236524223,1,sensory,0,not-CX,0.0,0.0,0.0,ORN_DL3,0,0,0,0,0,1
5015,237355379,1,sensory,0,not-CX,0.0,0.0,0.0,ORN_VA2,0,0,0,0,0,1
5016,243668978,1,sensory,0,not-CX,0.0,0.0,0.0,ORN_DM2,0,0,0,0,0,1
5017,245541651,1,sensory,0,not-CX,0.0,0.0,0.0,ORN_DL4,0,0,0,0,0,1
5018,246628220,1,sensory,0,not-CX,0.0,0.0,0.0,ORN_DM3,0,0,0,0,0,1
5019,251862822,1,sensory,0,not-CX,0.0,0.0,0.0,ORN_VM5d,0,0,0,0,0,1
5020,254860754,1,sensory,0,not-CX,0.0,0.0,0.0,ORN_VL1,0,0,0,0,0,1
5021,256548064,1,sensory,0,not-CX,0.0,0.0,0.0,ORN_VL1,0,0,0,0,0,1
5022,256805965,1,sensory,0,not-CX,0.0,0.0,0.0,ORN_DL3,0,0,0,0,0,1
5023,257027046,1,sensory,0,not-CX,0.0,0.0,0.0,ORN_DL3,0,0,0,0,0,1
5024,259549170,1,sensory,0,not-CX,0.0,0.0,0.0,ORN_VL2a,0,0,0,0,0,1
5025,261473814,1,sensory,0,not-CX,0.0,0.0,0.0,ORN_VL1,0,0,0,0,0,1
5026,263851661,0,unnamed,0,not-CX,0.0,0.0,0.0,JO-EV6,0,0,0,0,0,1
5027,263940501,1,sensory,0,not-CX,0.0,0.0,0.0,ORN_DL3,0,0,0,0,0,1
5028,264766497,1,sensory,0,not-CX,0.0,0.0,0.0,ORN_VA1d,0,0,0,0,0,1
5029,265477191,1,sensory,0,not-CX,0.0,0.0,0.0,ORN_DM2,0,0,0,0,0,1
5030,265556305,1,sensory,0,not-CX,0.0,0.0,0.0,ORN_DM5,0,0,0,0,0,1
5031,266102935,1,sensory,0,not-CX,0.0,0.0,0.0,ORN_VM3,0,0,0,0,0,1
5032,273896622,1,sensory,0,not-CX,0.0,0.0,0.0,ORN_DL3,0,0,0,0,0,1
5033,273974394,0,unnamed,0,not-CX,0.0,0.0,0.0,JO-EV2,0,0,0,0,0,1
5034,275236444,1,sensory,0,not-CX,0.0,0.0,0.0,ORN_V,0,0,0,0,0,1
5035,278747524,1,sensory,0,not-CX,0.0,0.0,0.0,ORN_DL3,0,0,0,0,0,1
5036,279849129,1,sensory,0,not-CX,0.0,0.0,0.0,ORN_DM5,0,0,0,0,0,1
5037,282395216,1,sensory,0,not-CX,0.0,0.0,0.0,ORN_VA2,0,0,0,0,0,1
5038,282427758,1,sensory,0,not-CX,0.0,0.0,0.0,ORN_VM6l,0,0,0,0,0,1
5039,286177664,1,sensory,0,not-CX,0.0,0.0,0.0,ORN_DA4l,0,0,0,0,0,1
5040,286648251,1,sensory,0,not-CX,0.0,0.0,0.0,ORN_VL2a,0,0,0,0,0,1
5041,288638336,1,sensory,0,not-CX,0.0,0.0,0.0,ORN_DM6,0,0,0,0,0,1
5042,293027241,1,sensory,0,not-CX,0.0,0.0,0.0,ORN_VC4,0,0,0,0,0,1
5043,294818716,1,sensory,0,not-CX,0.0,0.0,0.0,ORN_DA4m,0,0,0,0,0,1
5044,301173705,1,sensory,0,not-CX,0.0,0.0,0.0,ORN_DM5,0,0,0,0,0,1
5045,303168234,1,sensory,0,not-CX,0.0,0.0,0.0,ORN_DL4,0,0,0,0,0,1
5046,307791961,1,sensory,0,not-CX,0.0,0.0,0.0,ORN_VA3,0,0,0,0,0,1
5047,308077970,0,unnamed,0,not-CX,0.0,0.0,0.0,JO-EV2,0,0,0,0,0,1
5048,309983293,1,sensory,0,not-CX,0.0,0.0,0.0,ORN_DA3,0,0,0,0,0,1
5049,318180431,1,sensory,0,not-CX,0.0,0.0,0.0,ORN_DL3,0,0,0,0,0,1
5050,321949173,1,sensory,0,not-CX,0.0,0.0,0.0,ORN_DM6,0,0,0,0,0,1
5051,323862925,1,sensory,0,not-CX,0.0,0.0,0.0,ORN_DL3,0,0,0,0,0,1
5052,325265593,1,sensory,0,not-CX,0.0,0.0,0.0,ORN_DM4,0,0,0,0,0,1
5053,325966540,1,sensory,0,not-CX,0.0,0.0,0.0,ORN_V,0,0,0,0,0,1
5054,327126875,0,unnamed,0,not-CX,0.0,0.0,0.0,JO-EV5,0,0,0,0,0,1
5055,337988738,1,sensory,0,not-CX,0.0,0.0,0.0,ORN_DL1,0,0,0,0,0,1
5056,338402819,1,sensory,0,not-CX,0.0,0.0,0.0,ORN_DA2,0,0,0,0,0,1
5057,338571426,1,sensory,0,not-CX,0.0,0.0,0.0,ORN_DC2,0,0,0,0,0,1
5058,340573295,1,sensory,0,not-CX,0.0,0.0,0.0,ORN_V,0,0,0,0,0,1
5059,340841530,1,sensory,0,not-CX,0.0,0.0,0.0,ORN_DP1m,0,0,0,0,0,1
5060,340843998,1,sensory,0,not-CX,0.0,0.0,0.0,ORN_DM3,0,0,0,0,0,1
5061,341173407,0,unnamed,0,not-CX,0.0,0.0,0.0,JO-EV6,0,0,0,0,0,1
5062,344566626,1,sensory,0,not-CX,0.0,0.0,0.0,ORN_VM6m,0,0,0,0,0,1
5063,347586394,1,sensory,0,not-CX,0.0,0.0,0.0,ORN_VM1,0,0,0,0,0,1
5064,350401853,1,sensory,0,not-CX,0.0,0.0,0.0,ORN_VC3,0,0,0,0,0,1
5065,351768533,1,sensory,0,not-CX,0.0,0.0,0.0,ORN_VM6v,0,0,0,0,0,1
5066,358604174,1,sensory,0,not-CX,0.0,0.0,0.0,ORN_VM2,0,0,0,0,0,1
5067,362824160,1,sensory,0,not-CX,0.0,0.0,0.0,ORN_DM6,0,0,0,0,0,1
5068,364416375,1,sensory,0,not-CX,0.0,0.0,0.0,ORN_VM4,0,0,0,0,0,1
5069,371094763,1,sensory,0,not-CX,0.0,0.0,0.0,ORN_DM5,0,0,0,0,0,1
5070,372015670,1,sensory,0,not-CX,0.0,0.0,0.0,ORN_DM2,0,0,0,0,0,1
5071,374381048,1,sensory,0,not-CX,0.0,0.0,0.0,ORN_DA2,0,0,0,0,0,1
5072,379897969,1,sensory,0,not-CX,0.0,0.0,0.0,ORN_DM2,0,0,0,0,0,1
5073,383123775,1,sensory,0,not-CX,0.0,0.0,0.0,ORN_DM6,0,0,0,0,0,1
5074,392758844,1,sensory,0,not-CX,0.0,0.0,0.0,ORN_DM6,0,0,0,0,0,1
5075,394261749,1,sensory,0,not-CX,0.0,0.0,0.0,ORN_DL3,0,0,0,0,0,1
5076,399935690,0,unnamed,0,not-CX,0.0,0.0,0.0,JO-EV6,0,0,0,0,0,1
5077,400246414,1,sensory,0,not-CX,0.0,0.0,0.0,ORN_V,0,0,0,0,0,1
5078,402504772,1,sensory,0,not-CX,0.0,0.0,0.0,ORN_VM4,0,0,0,0,0,1
5079,410132390,1,sensory,0,not-CX,0.0,0.0,0.0,ORN_VM4,0,0,0,0,0,1
5080,415235681,1,sensory,0,not-CX,0.0,0.0,0.0,ORN_DA1,0,0,0,0,0,1
5081,416493946,1,sensory,0,not-CX,0.0,0.0,0.0,ORN_DL3,0,0,0,0,0,1
5082,419654997,0,unnamed,0,not-CX,0.0,0.0,0.0,JO-EV5,0,0,0,0,0,1
5083,421790784,1,sensory,0,not-CX,0.0,0.0,0.0,ORN_VL2p,0,0,0,0,0,1
5084,422096435,1,sensory,0,not-CX,0.0,0.0,0.0,ORN_VM4,0,0,0,0,0,1
5085,424050443,1,sensory,0,not-CX,0.0,0.0,0.0,ORN_VM2,0,0,0,0,0,1
5086,428811938,1,sensory,0,not-CX,0.0,0.0,0.0,ORN_VM4,0,0,0,0,0,1
5087,432633950,0,unnamed,0,not-CX,0.0,0.0,0.0,JO-EV3,0,0,0,0,0,1
5088,433710777,1,sensory,0,not-CX,0.0,0.0,0.0,ORN_DM5,0,0,0,0,0,1
5089,435649622,1,sensory,0,not-CX,0.0,0.0,0.0,ORN_VC4,0,0,0,0,0,1
5090,441696254,1,sensory,0,not-CX,0.0,0.0,0.0,ORN_DM3,0,0,0,0,0,1
5091,442779736,1,sensory,0,not-CX,0.0,0.0,0.0,ORN_VA2,0,0,0,0,0,1
5092,451788176,1,sensory,0,not-CX,0.0,0.0,0.0,ORN_VM6l,0,0,0,0,0,1
5093,462520352,1,sensory,0,not-CX,0.0,0.0,0.0,ORN_DL3,0,0,0,0,0,1
5094,467266335,0,unnamed,0,not-CX,0.0,0.0,0.0,JO-EV1,0,0,0,0,0,1
5095,473812465,1,sensory,0,not-CX,0.0,0.0,0.0,ORN_DL1,0,0,0,0,0,1
5096,474092075,1,sensory,0,not-CX,0.0,0.0,0.0,ORN_VM6m,0,0,0,0,0,1
5097,480555286,0,unnamed,0,not-CX,0.0,0.0,0.0,JO-EV1,0,0,0,0,0,1
5098,480601747,0,unnamed,0,not-CX,0.0,0.0,0.0,JO-EV2,0,0,0,0,0,1
5099,486728361,1,sensory,0,not-CX,0.0,0.0,0.0,ORN_VM3,0,0,0,0,0,1
5100,492933218,1,sensory,0,not-CX,0.0,0.0,0.0,ORN_DM6,0,0,0,0,0,1
5101,493602328,1,sensory,0,not-CX,0.0,0.0,0.0,ORN_DL4,0,0,0,0,0,1
5102,493774068,0,unnamed,0,not-CX,0.0,0.0,0.0,JO-EV1,0,0,0,0,0,1
5103,494162309,1,sensory,0,not-CX,0.0,0.0,0.0,ORN_DC2,0,0,0,0,0,1
5104,499769368,1,sensory,0,not-CX,0.0,0.0,0.0,ORN_DM1,0,0,0,0,0,1
5105,503560891,1,sensory,0,not-CX,0.0,0.0,0.0,ORN_DA2,0,0,0,0,0,1
5106,504846092,1,sensory,0,not-CX,0.0,0.0,0.0,ORN_DM6,0,0,0,0,0,1
5107,505547930,1,sensory,0,not-CX,0.0,0.0,0.0,ORN_DA2,0,0,0,0,0,1
5108,505688557,1,sensory,0,not-CX,0.0,0.0,0.0,ORN_V,0,0,0,0,0,1
5109,506573786,1,sensory,0,not-CX,0.0,0.0,0.0,ORN_VM2,0,0,0,0,0,1
5110,509017067,1,sensory,0,not-CX,0.0,0.0,0.0,ORN_VL1,0,0,0,0,0,1
5111,512079673,1,sensory,0,not-CX,0.0,0.0,0.0,ORN_DA4m,0,0,0,0,0,1
5112,512893087,1,sensory,0,not-CX,0.0,0.0,0.0,ORN_VM6m,0,0,0,0,0,1
5113,513732246,1,sensory,0,not-CX,0.0,0.0,0.0,ORN_DL4,0,0,0,0,0,1
5114,515724975,1,sensory,0,not-CX,0.0,0.0,0.0,ORN_DA1,0,0,0,0,0,1
5115,519341419,1,sensory,0,not-CX,0.0,0.0,0.0,ORN_VC3,0,0,0,0,0,1
5116,519797468,1,sensory,0,not-CX,0.0,0.0,0.0,ORN_VM4,0,0,0,0,0,1
5117,520157875,1,sensory,0,not-CX,0.0,0.0,0.0,ORN_VL2p,0,0,0,0,0,1
5118,523102548,1,sensory,0,not-CX,0.0,0.0,0.0,ORN_VL1,0,0,0,0,0,1
5119,523980024,0,unnamed,0,not-CX,0.0,0.0,0.0,JO-EV5,0,0,0,0,0,1
5120,525888732,1,sensory,0,not-CX,0.0,0.0,0.0,ORN_DA2,0,0,0,0,0,1
5121,526888712,1,sensory,0,not-CX,0.0,0.0,0.0,ORN_DM1,0,0,0,0,0,1
5122,530127411,1,sensory,0,not-CX,0.0,0.0,0.0,ORN_DL4,0,0,0,0,0,1
5123,532810745,1,sensory,0,not-CX,0.0,0.0,0.0,ORN_DM6,0,0,0,0,0,1
5124,534097707,1,sensory,0,not-CX,0.0,0.0,0.0,ORN_VM2,0,0,0,0,0,1
5125,534273265,1,sensory,0,not-CX,0.0,0.0,0.0,ORN_VA6,0,0,0,0,0,1
5126,536547774,1,sensory,0,not-CX,0.0,0.0,0.0,ORN_VM2,0,0,0,0,0,1
5127,537566013,1,sensory,0,not-CX,0.0,0.0,0.0,ORN_V,0,0,0,0,0,1
5128,540482488,1,sensory,0,not-CX,0.0,0.0,0.0,ORN_DA4m,0,0,0,0,0,1
5129,545354175,1,sensory,0,not-CX,0.0,0.0,0.0,ORN_DA2,0,0,0,0,0,1
5130,545702226,0,unnamed,0,not-CX,0.0,0.0,0.0,JO-EV1,0,0,0,0,0,1
5131,547650996,1,sensory,0,not-CX,0.0,0.0,0.0,ORN_D,0,0,0,0,0,1
5132,548793345,1,sensory,0,not-CX,0.0,0.0,0.0,ORN_VL1,0,0,0,0,0,1
5133,556764773,1,sensory,0,not-CX,0.0,0.0,0.0,ORN_DL3,0,0,0,0,0,1
5134,556934208,1,sensory,0,not-CX,0.0,0.0,0.0,ORN_DM6,0,0,0,0,0,1
5135,567952886,1,sensory,0,not-CX,0.0,0.0,0.0,ORN_DM6,0,0,0,0,0,1
5136,571368140,1,sensory,0,not-CX,0.0,0.0,0.0,ORN_DL3,0,0,0,0,0,1
5137,571636044,1,sensory,0,not-CX,0.0,0.0,0.0,ORN_V,0,0,0,0,0,1
5138,572980291,1,sensory,0,not-CX,0.0,0.0,0.0,ORN_VM1,0,0,0,0,0,1
5139,573860058,0,unnamed,0,not-CX,0.0,0.0,0.0,JO-EV5,0,0,0,0,0,1
5140,577902084,1,sensory,0,not-CX,0.0,0.0,0.0,ORN_VM6m,0,0,0,0,0,1
5141,587865169,1,sensory,0,not-CX,0.0,0.0,0.0,ORN_VC4,0,0,0,0,0,1
5142,590932553,1,sensory,0,not-CX,0.0,0.0,0.0,ORN_VL1,0,0,0,0,0,1
5143,593050411,1,sensory,0,not-CX,0.0,0.0,0.0,ORN_VM2,0,0,0,0,0,1
5144,593749891,0,unnamed,0,not-CX,0.0,0.0,0.0,JO-EV3,0,0,0,0,0,1
5145,603399691,1,sensory,0,not-CX,0.0,0.0,0.0,ORN_VC4,0,0,0,0,0,1
5146,603410970,1,sensory,0,not-CX,0.0,0.0,0.0,ORN_DL3,0,0,0,0,0,1
5147,609336359,1,sensory,0,not-CX,0.0,0.0,0.0,ORN_DL4,0,0,0,0,0,1
5148,610676992,1,sensory,0,not-CX,0.0,0.0,0.0,ORN_VM6m,0,0,0,0,0,1
5149,612772219,1,sensory,0,not-CX,0.0,0.0,0.0,ORN_VM1,0,0,0,0,0,1
5150,614351352,1,sensory,0,not-CX,0.0,0.0,0.0,ORN_V,0,0,0,0,0,1
5151,614860813,1,sensory,0,not-CX,0.0,0.0,0.0,ORN_DL3,0,0,0,0,0,1
5152,615060822,1,sensory,0,not-CX,0.0,0.0,0.0,ORN_DL4,0,0,0,0,0,1
5153,616249897,1,sensory,0,not-CX,0.0,0.0,0.0,ORN_DM5,0,0,0,0,0,1
5154,616971586,1,sensory,0,not-CX,0.0,0.0,0.0,ORN_VA2,0,0,0,0,0,1
5155,617505194,0,unnamed,0,not-CX,0.0,0.0,0.0,JO-EV5,0,0,0,0,0,1
5156,622850029,1,sensory,0,not-CX,0.0,0.0,0.0,ORN_DM3,0,0,0,0,0,1
5157,624308414,1,sensory,0,not-CX,0.0,0.0,0.0,ORN_V,0,0,0,0,0,1
5158,627676426,1,sensory,0,not-CX,0.0,0.0,0.0,ORN_DM5,0,0,0,0,0,1
5159,635198882,1,sensory,0,not-CX,0.0,0.0,0.0,ORN_V,0,0,0,0,0,1
5160,639917279,1,sensory,0,not-CX,0.0,0.0,0.0,ORN_DA2,0,0,0,0,0,1
5161,642929787,1,sensory,0,not-CX,0.0,0.0,0.0,ORN_DM5,0,0,0,0,0,1
5162,643365838,1,sensory,0,not-CX,0.0,0.0,0.0,ORN_VL1,0,0,0,0,0,1
5163,645072004,1,sensory,0,not-CX,0.0,0.0,0.0,ORN_DM3,0,0,0,0,0,1
5164,648510281,1,sensory,0,not-CX,0.0,0.0,0.0,ORN_DM1,0,0,0,0,0,1
5165,649610769,1,sensory,0,not-CX,0.0,0.0,0.0,ORN_DM5,0,0,0,0,0,1
5166,650928059,1,sensory,0,not-CX,0.0,0.0,0.0,ORN_V,0,0,0,0,0,1
5167,651813160,1,sensory,0,not-CX,0.0,0.0,0.0,ORN_DM4,0,0,0,0,0,1
5168,652010564,1,sensory,0,not-CX,0.0,0.0,0.0,ORN_VM5d,0,0,0,0,0,1
5169,665308051,1,sensory,0,not-CX,0.0,0.0,0.0,ORN_VL1,0,0,0,0,0,1
5170,666697242,1,sensory,0,not-CX,0.0,0.0,0.0,ORN_DA4m,0,0,0,0,0,1
5171,666801768,1,sensory,0,not-CX,0.0,0.0,0.0,ORN_DM6,0,0,0,0,0,1
5172,666846464,1,sensory,0,not-CX,0.0,0.0,0.0,ORN_VA1d,0,0,0,0,0,1
5173,669738951,1,sensory,0,not-CX,0.0,0.0,0.0,ORN_DL1,0,0,0,0,0,1
5174,672937889,1,sensory,0,not-CX,0.0,0.0,0.0,ORN_VM5d,0,0,0,0,0,1
5175,674304165,1,sensory,0,not-CX,0.0,0.0,0.0,ORN_DM3,0,0,0,0,0,1
5176,675229879,1,sensory,0,not-CX,0.0,0.0,0.0,ORN_VM5d,0,0,0,0,0,1
5177,676377479,1,sensory,0,not-CX,0.0,0.0,0.0,ORN_VM6m,0,0,0,0,0,1
5178,676893250,1,sensory,0,not-CX,0.0,0.0,0.0,ORN_VA2,0,0,0,0,0,1
5179,677279003,1,sensory,0,not-CX,0.0,0.0,0.0,ORN_VM5d,0,0,0,0,0,1
5180,682165710,1,sensory,0,not-CX,0.0,0.0,0.0,ORN_VM6m,0,0,0,0,0,1
5181,683472058,1,sensory,0,not-CX,0.0,0.0,0.0,ORN_VA2,0,0,0,0,0,1
5182,684703138,1,sensory,0,not-CX,0.0,0.0,0.0,ORN_V,0,0,0,0,0,1
5183,686346986,1,sensory,0,not-CX,0.0,0.0,0.0,ORN_VM4,0,0,0,0,0,1
5184,687494120,1,sensory,0,not-CX,0.0,0.0,0.0,ORN_DM3,0,0,0,0,0,1
5185,688942939,1,sensory,0,not-CX,0.0,0.0,0.0,ORN_DM4,0,0,0,0,0,1
5186,692209520,1,sensory,0,not-CX,0.0,0.0,0.0,ORN_VC5,0,0,0,0,0,1
5187,693315199,1,sensory,0,not-CX,0.0,0.0,0.0,ORN_DL4,0,0,0,0,0,1
5188,701436290,0,unnamed,0,not-CX,0.0,0.0,0.0,JO-EV3,0,0,0,0,0,1
5189,704939312,1,sensory,0,not-CX,0.0,0.0,0.0,ORN_DL3,0,0,0,0,0,1
5190,705121065,1,sensory,0,not-CX,0.0,0.0,0.0,ORN_DC1,0,0,0,0,0,1
5191,707015497,1,sensory,0,not-CX,0.0,0.0,0.0,ORN_VA7m,0,0,0,0,0,1
5192,707252422,1,sensory,0,not-CX,0.0,0.0,0.0,ORN_V,0,0,0,0,0,1
5193,710176974,1,sensory,0,not-CX,0.0,0.0,0.0,ORN_VA1d,0,0,0,0,0,1
5194,712732813,1,sensory,0,not-CX,0.0,0.0,0.0,ORN_VM4,0,0,0,0,0,1
5195,712920408,1,sensory,0,not-CX,0.0,0.0,0.0,ORN_VM4,0,0,0,0,0,1
5196,720885582,1,sensory,0,not-CX,0.0,0.0,0.0,ORN_VL1,0,0,0,0,0,1
5197,729814188,1,sensory,0,not-CX,0.0,0.0,0.0,ORN_DL4,0,0,0,0,0,1
5198,731690205,1,sensory,0,not-CX,0.0,0.0,0.0,ORN_VL2a,0,0,0,0,0,1
5199,735098006,1,sensory,0,not-CX,0.0,0.0,0.0,ORN_DP1l,0,0,0,0,0,1
5200,739955728,1,sensory,0,not-CX,0.0,0.0,0.0,ORN_DA2,0,0,0,0,0,1
5201,742571852,1,sensory,0,not-CX,0.0,0.0,0.0,ORN_DM1,0,0,0,0,0,1
5202,743179180,1,sensory,0,not-CX,0.0,0.0,0.0,ORN_DM2,0,0,0,0,0,1
5203,747796417,1,sensory,0,not-CX,0.0,0.0,0.0,ORN_DM2,0,0,0,0,0,1
5204,752011430,1,sensory,0,not-CX,0.0,0.0,0.0,ORN_DM5,0,0,0,0,0,1
5205,756497609,1,sensory,0,not-CX,0.0,0.0,0.0,ORN_DM5,0,0,0,0,0,1
5206,757518255,1,sensory,0,not-CX,0.0,0.0,0.0,ORN_DL3,0,0,0,0,0,1
5207,757855922,1,sensory,0,not-CX,0.0,0.0,0.0,ORN_DL3,0,0,0,0,0,1
5208,760708201,1,sensory,0,not-CX,0.0,0.0,0.0,ORN_VL1,0,0,0,0,0,1
5209,760728171,1,sensory,0,not-CX,0.0,0.0,0.0,ORN_DL5,0,0,0,0,0,1
5210,762557150,1,sensory,0,not-CX,0.0,0.0,0.0,ORN_DM3,0,0,0,0,0,1
5211,765617000,1,sensory,0,not-CX,0.0,0.0,0.0,ORN_VM6v,0,0,0,0,0,1
5212,766592451,1,sensory,0,not-CX,0.0,0.0,0.0,ORN_DM4,0,0,0,0,0,1
5213,768943739,1,sensory,0,not-CX,0.0,0.0,0.0,ORN_DM3,0,0,0,0,0,1
5214,769350444,1,sensory,0,not-CX,0.0,0.0,0.0,ORN_VM5d,0,0,0,0,0,1
5215,773978848,1,sensory,0,not-CX,0.0,0.0,0.0,ORN_VM5d,0,0,0,0,0,1
5216,779671988,1,sensory,0,not-CX,0.0,0.0,0.0,ORN_VM1,0,0,0,0,0,1
5217,780103867,1,sensory,0,not-CX,0.0,0.0,0.0,ORN_VM4,0,0,0,0,0,1
5218,780296191,1,sensory,0,not-CX,0.0,0.0,0.0,ORN_DL3,0,0,0,0,0,1
5219,781461741,1,sensory,0,not-CX,0.0,0.0,0.0,ORN_VM2,0,0,0,0,0,1
5220,782825749,1,sensory,0,not-CX,0.0,0.0,0.0,ORN_DA4m,0,0,0,0,0,1
5221,785980083,0,unnamed,0,not-CX,0.0,0.0,0.0,JO-EV5,0,0,0,0,0,1
5222,786473603,1,sensory,0,not-CX,0.0,0.0,0.0,ORN_DL1,0,0,0,0,0,1
5223,789003564,0,unnamed,0,not-CX,0.0,0.0,0.0,JO-EV5,0,0,0,0,0,1
5224,789169797,1,sensory,0,not-CX,0.0,0.0,0.0,ORN_DM6,0,0,0,0,0,1
5225,791416133,1,sensory,0,not-CX,0.0,0.0,0.0,ORN_VL2a,0,0,0,0,0,1
5226,793496025,1,sensory,0,not-CX,0.0,0.0,0.0,ORN_DM3,0,0,0,0,0,1
5227,794086137,1,sensory,0,not-CX,0.0,0.0,0.0,ORN_DL2v,0,0,0,0,0,1
5228,799497476,1,sensory,0,not-CX,0.0,0.0,0.0,ORN_VM6l,0,0,0,0,0,1
5229,802014155,1,sensory,0,not-CX,0.0,0.0,0.0,ORN_DM1,0,0,0,0,0,1
5230,805975280,1,sensory,0,not-CX,0.0,0.0,0.0,ORN_DM2,0,0,0,0,0,1
5231,809244868,1,sensory,0,not-CX,0.0,0.0,0.0,ORN_VA1d,0,0,0,0,0,1
5232,813960177,1,sensory,0,not-CX,0.0,0.0,0.0,ORN_DL5,0,0,0,0,0,1
5233,816249816,1,sensory,0,not-CX,0.0,0.0,0.0,ORN_DM3,0,0,0,0,0,1
5234,818340884,1,sensory,0,not-CX,0.0,0.0,0.0,ORN_DM3,0,0,0,0,0,1
5235,818704067,1,sensory,0,not-CX,0.0,0.0,0.0,ORN_VL1,0,0,0,0,0,1
5236,821459348,1,sensory,0,not-CX,0.0,0.0,0.0,ORN_DM1,0,0,0,0,0,1
5237,821484380,0,unnamed,0,not-CX,0.0,0.0,0.0,JO-EV2,0,0,0,0,0,1
5238,823108688,1,sensory,0,not-CX,0.0,0.0,0.0,ORN_VC3,0,0,0,0,0,1
5239,826328931,1,sensory,0,not-CX,0.0,0.0,0.0,ORN_DM3,0,0,0,0,0,1
5240,829367655,1,sensory,0,not-CX,0.0,0.0,0.0,ORN_VM4,0,0,0,0,0,1
5241,830562243,1,sensory,0,not-CX,0.0,0.0,0.0,ORN_DL4,0,0,0,0,0,1
5242,830943747,1,sensory,0,not-CX,0.0,0.0,0.0,ORN_VL2p,0,0,0,0,0,1
5243,831767234,1,sensory,0,not-CX,0.0,0.0,0.0,ORN_DM5,0,0,0,0,0,1
5244,833618894,1,sensory,0,not-CX,0.0,0.0,0.0,ORN_V,0,0,0,0,0,1
5245,834852932,1,sensory,0,not-CX,0.0,0.0,0.0,ORN_VL1,0,0,0,0,0,1
5246,838317828,1,sensory,0,not-CX,0.0,0.0,0.0,ORN_DM3,0,0,0,0,0,1
5247,844236462,1,sensory,0,not-CX,0.0,0.0,0.0,ORN_VM5d,0,0,0,0,0,1
5248,846013947,1,sensory,0,not-CX,0.0,0.0,0.0,ORN_VL1,0,0,0,0,0,1
5249,848326281,1,sensory,0,not-CX,0.0,0.0,0.0,ORN_DC1,0,0,0,0,0,1
5250,849226085,0,unnamed,0,not-CX,0.0,0.0,0.0,JO-EV1,0,0,0,0,0,1
5251,850213452,0,unnamed,0,not-CX,0.0,0.0,0.0,JO-EV1,0,0,0,0,0,1
5252,859985596,0,unnamed,0,not-CX,0.0,0.0,0.0,JO-EV3,0,0,0,0,0,1
5253,860366351,1,sensory,0,not-CX,0.0,0.0,0.0,ORN_DM2,0,0,0,0,0,1
5254,866949698,1,sensory,0,not-CX,0.0,0.0,0.0,ORN_DA1,0,0,0,0,0,1
5255,871179096,1,sensory,0,not-CX,0.0,0.0,0.0,ORN_V,0,0,0,0,0,1
5256,875638914,0,unnamed,0,not-CX,0.0,0.0,0.0,JO-EV2,0,0,0,0,0,1
5257,876418966,1,sensory,0,not-CX,0.0,0.0,0.0,ORN_VC5,0,0,0,0,0,1
5258,877969460,1,sensory,0,not-CX,0.0,0.0,0.0,ORN_DA2,0,0,0,0,0,1
5259,878712549,1,sensory,0,not-CX,0.0,0.0,0.0,ORN_DA1,0,0,0,0,0,1
5260,880479827,1,sensory,0,not-CX,0.0,0.0,0.0,ORN_DA4m,0,0,0,0,0,1
5261,881104563,1,sensory,0,not-CX,0.0,0.0,0.0,ORN_DM3,0,0,0,0,0,1
5262,881191049,0,unnamed,0,not-CX,0.0,0.0,0.0,JO-EV5,0,0,0,0,0,1
5263,881302602,1,sensory,0,not-CX,0.0,0.0,0.0,ORN_DM6,0,0,0,0,0,1
5264,882733313,1,sensory,0,not-CX,0.0,0.0,0.0,ORN_VL1,0,0,0,0,0,1
5265,884064233,1,sensory,0,not-CX,0.0,0.0,0.0,ORN_DA3,0,0,0,0,0,1
5266,888015231,1,sensory,0,not-CX,0.0,0.0,0.0,ORN_DA4l,0,0,0,0,0,1
5267,891139438,1,sensory,0,not-CX,0.0,0.0,0.0,ORN_VM2,0,0,0,0,0,1
5268,893822889,1,sensory,0,not-CX,0.0,0.0,0.0,ORN_DL3,0,0,0,0,0,1
5269,898798789,1,sensory,0,not-CX,0.0,0.0,0.0,ORN_DL1,0,0,0,0,0,1
5270,899152449,1,sensory,0,not-CX,0.0,0.0,0.0,ORN_DA1,0,0,0,0,0,1
5271,902041659,1,sensory,0,not-CX,0.0,0.0,0.0,ORN_VM4,0,0,0,0,0,1
5272,903058532,1,sensory,0,not-CX,0.0,0.0,0.0,ORN_DL4,0,0,0,0,0,1
5273,903163222,1,sensory,0,not-CX,0.0,0.0,0.0,ORN_DA2,0,0,0,0,0,1
5274,907638584,1,sensory,0,not-CX,0.0,0.0,0.0,ORN_VA2,0,0,0,0,0,1
5275,908061653,1,sensory,0,not-CX,0.0,0.0,0.0,ORN_DM6,0,0,0,0,0,1
5276,908122209,1,sensory,0,not-CX,0.0,0.0,0.0,ORN_VM1,0,0,0,0,0,1
5277,908685148,1,sensory,0,not-CX,0.0,0.0,0.0,ORN_DL1,0,0,0,0,0,1
5278,911071527,1,sensory,0,not-CX,0.0,0.0,0.0,ORN_DL4,0,0,0,0,0,1
5279,911935303,1,sensory,0,not-CX,0.0,0.0,0.0,ORN_DL4,0,0,0,0,0,1
5280,912272687,0,unnamed,0,not-CX,0.0,0.0,0.0,JO-EV2,0,0,0,0,0,1
5281,915599549,1,sensory,0,not-CX,0.0,0.0,0.0,ORN_DM2,0,0,0,0,0,1
5282,916729632,1,sensory,0,not-CX,0.0,0.0,0.0,ORN_DL3,0,0,0,0,0,1
5283,920123027,1,sensory,0,not-CX,0.0,0.0,0.0,ORN_V,0,0,0,0,0,1
5284,922601821,1,sensory,0,not-CX,0.0,0.0,0.0,ORN_VL2p,0,0,0,0,0,1
5285,924389095,1,sensory,0,not-CX,0.0,0.0,0.0,ORN_DA3,0,0,0,0,0,1
5286,925096963,1,sensory,0,not-CX,0.0,0.0,0.0,ORN_DM5,0,0,0,0,0,1
5287,926818612,1,sensory,0,not-CX,0.0,0.0,0.0,ORN_DM3,0,0,0,0,0,1
5288,930624900,1,sensory,0,not-CX,0.0,0.0,0.0,ORN_VM6m,0,0,0,0,0,1
5289,936218495,1,sensory,0,not-CX,0.0,0.0,0.0,ORN_DM4,0,0,0,0,0,1
5290,936853248,1,sensory,0,not-CX,0.0,0.0,0.0,ORN_DL3,0,0,0,0,0,1
5291,937123302,1,sensory,0,not-CX,0.0,0.0,0.0,ORN_DM3,0,0,0,0,0,1
5292,937721180,1,sensory,0,not-CX,0.0,0.0,0.0,ORN_DL2v,0,0,0,0,0,1
5293,938371337,1,sensory,0,not-CX,0.0,0.0,0.0,ORN_VM4,0,0,0,0,0,1
5294,942783124,1,sensory,0,not-CX,0.0,0.0,0.0,ORN_DL3,0,0,0,0,0,1
5295,945623062,1,sensory,0,not-CX,0.0,0.0,0.0,ORN_DL1,0,0,0,0,0,1
5296,948367089,1,sensory,0,not-CX,0.0,0.0,0.0,ORN_V,0,0,0,0,0,1
5297,949563824,1,sensory,0,not-CX,0.0,0.0,0.0,ORN_DA2,0,0,0,0,0,1
5298,962000917,1,sensory,0,not-CX,0.0,0.0,0.0,ORN_VM4,0,0,0,0,0,1
5299,964058935,1,sensory,0,not-CX,0.0,0.0,0.0,ORN_DL3,0,0,0,0,0,1
5300,967465628,1,sensory,0,not-CX,0.0,0.0,0.0,ORN_DL3,0,0,0,0,0,1
5301,969501369,1,sensory,0,not-CX,0.0,0.0,0.0,ORN_VM4,0,0,0,0,0,1
5302,969805193,1,sensory,0,not-CX,0.0,0.0,0.0,ORN_DL3,0,0,0,0,0,1
5303,975394666,0,unnamed,0,not-CX,0.0,0.0,0.0,JO-EV6,0,0,0,0,0,1
5304,980589689,1,sensory,0,not-CX,0.0,0.0,0.0,ORN_VA1d,0,0,0,0,0,1
5305,991820465,1,sensory,0,not-CX,0.0,0.0,0.0,ORN_VM5d,0,0,0,0,0,1
5306,993248402,0,unnamed,0,not-CX,0.0,0.0,0.0,JO-EV2,0,0,0,0,0,1
5307,995562729,1,sensory,0,not-CX,0.0,0.0,0.0,ORN_VL1,0,0,0,0,0,1
5308,998332378,1,sensory,0,not-CX,0.0,0.0,0.0,ORN_VL2p,0,0,0,0,0,1
5309,1000476020,1,sensory,0,not-CX,0.0,0.0,0.0,ORN_DL3,0,0,0,0,0,1
5310,1004192522,1,sensory,0,not-CX,0.0,0.0,0.0,ORN_DC2,0,0,0,0,0,1
5311,1004833528,0,unnamed,0,not-CX,0.0,0.0,0.0,JO-EV5,0,0,0,0,0,1
5312,1010035819,1,sensory,0,not-CX,0.0,0.0,0.0,ORN_DM3,0,0,0,0,0,1
5313,1012495957,1,sensory,0,not-CX,0.0,0.0,0.0,ORN_VM6m,0,0,0,0,0,1
5314,1014647942,1,sensory,0,not-CX,0.0,0.0,0.0,ORN_DC4,0,0,0,0,0,1
5315,1017424586,1,sensory,0,not-CX,0.0,0.0,0.0,ORN_VM2,0,0,0,0,0,1
5316,1017704104,0,unnamed,0,not-CX,0.0,0.0,0.0,JO-EV3,0,0,0,0,0,1
5317,1023407012,1,sensory,0,not-CX,0.0,0.0,0.0,ORN_DL4,0,0,0,0,0,1
5318,1025832598,1,sensory,0,not-CX,0.0,0.0,0.0,ORN_VM2,0,0,0,0,0,1
5319,1033214884,1,sensory,0,not-CX,0.0,0.0,0.0,ORN_DL3,0,0,0,0,0,1
5320,1037165389,1,sensory,0,not-CX,0.0,0.0,0.0,ORN_VM2,0,0,0,0,0,1
5321,1037763855,1,sensory,0,not-CX,0.0,0.0,0.0,ORN_DM6,0,0,0,0,0,1
5322,10399,4,dopamine,0,not-CX,271.7,257.5,268.8,PPL202,1,0,1,0,0,0
5323,10753,4,dopamine,0,not-CX,515.5,232.0,279.3,PPL201,1,0,1,0,1,0
5324,11327,4,dopamine,0,not-CX,269.6,114.5,271.3,PPL101,1,0,1,1,0,0
5325,11560,4,dopamine,0,not-CX,267.5,259.8,261.4,PPL201,1,0,1,0,0,0
5326,11618,4,dopamine,0,not-CX,502.4,115.6,267.2,PPL102,1,0,1,1,1,0
5327,11752,4,dopamine,0,not-CX,512.8,98.0,263.5,PPL103,1,0,1,1,1,0
5328,11900,4,dopamine,0,not-CX,499.3,124.7,268.7,PPL101,1,0,1,1,1,0
5329,12902,4,dopamine,0,not-CX,272.3,129.4,276.2,PPL108,1,0,1,1,0,0
5330,13259,4,dopamine,0,not-CX,512.5,254.9,257.0,PPL202,1,0,1,0,1,0
5331,13312,4,dopamine,0,not-CX,517.0,255.3,249.2,PPL203,1,0,1,0,1,0
5332,13428,4,dopamine,0,not-CX,271.1,120.5,271.4,PPL102,1,0,1,1,0,0
5333,13698,4,dopamine,0,not-CX,265.0,105.0,162.9,PAL01,1,0,1,1,0,0
5334,14182,4,dopamine,0,not-CX,264.0,112.7,274.9,PPL103,1,0,1,1,0,0
5335,14225,4,dopamine,0,not-CX,281.3,86.3,261.2,PPL105,1,0,1,1,0,0
5336,14705,4,dopamine,0,not-CX,267.9,132.1,276.3,PPL107,1,0,1,1,0,0
5337,15310,4,dopamine,0,not-CX,503.9,104.5,266.4,PPL108,0,0,0,0,1,0
5338,15693,4,dopamine,0,not-CX,280.6,265.4,274.3,PPL203,1,0,1,0,0,0
5339,21145,4,dopamine,0,not-CX,277.2,90.4,262.5,PPL104,1,0,1,1,0,0
5340,28434,4,dopamine,0,not-CX,299.0,119.3,119.6,PAM10,0,0,0,0,0,0
5341,29565,4,dopamine,0,not-CX,301.9,123.5,114.8,PAM10,0,0,0,0,0,0
5342,32865,4,dopamine,0,not-CX,439.1,138.5,92.9,PAM10,0,0,0,0,1,0
5343,33316,4,dopamine,0,not-CX,575.7,195.3,219.0,PPL204,1,0,1,0,1,0
5344,36624,4,dopamine,0,not-CX,328.2,114.0,105.0,PAM10,0,0,0,0,0,0
5345,37845,4,dopamine,0,not-CX,299.6,122.3,117.6,PAM04,0,0,0,0,0,0
5346,39617,4,dopamine,0,not-CX,419.8,139.4,89.6,PAM07,0,0,0,0,1,0
5347,43760,4,dopamine,0,not-CX,269.6,96.5,160.2,PAL03,0,0,0,0,0,0
5348,46794,4,dopamine,0,not-CX,305.6,101.9,122.6,PAM04,0,0,0,0,0,0
5349,47196,4,dopamine,0,not-CX,319.9,109.6,111.3,PAM07,0,0,0,0,0,0
5350,48113,4,dopamine,0,not-CX,431.6,97.5,107.1,PAM10,0,0,0,0,1,0
5351,49043,4,dopamine,0,not-CX,361.8,149.5,102.0,PAM07,0,0,0,0,0,0
5352,53285,4,dopamine,0,not-CX,419.5,145.2,89.2,PAM01,0,0,0,0,1,0
5353,55210,4,dopamine,0,not-CX,406.2,136.6,92.1,PAM08,0,0,0,0,1,0
5354,58941,4,dopamine,0,not-CX,415.7,143.6,89.2,PAM08,0,0,0,0,1,0
5355,60273,4,dopamine,0,not-CX,466.1,129.8,102.1,PAM07,0,0,0,0,1,0
5356,60930,4,dopamine,0,not-CX,428.8,119.2,94.0,PAM10,0,0,0,0,1,0
5357,61360,4,dopamine,0,not-CX,472.4,140.2,101.5,PAM12,0,0,0,0,1,0
5358,62731,4,dopamine,0,not-CX,348.8,147.1,99.2,PAM01,0,0,0,0,0,0
5359,63391,4,dopamine,0,not-CX,364.6,137.1,96.7,PAM01,0,0,0,0,0,0
5360,65524,4,dopamine,0,not-CX,473.0,129.7,109.0,PAM08,0,0,0,0,1,0
5361,65559,4,dopamine,0,not-CX,322.6,106.9,111.2,PAM07,0,0,0,0,0,0
5362,65886,4,dopamine,0,not-CX,476.1,126.7,113.7,PAM08,0,0,0,0,1,0
5363,66934,4,dopamine,0,not-CX,444.0,143.6,94.1,PAM10,0,0,0,0,1,0
5364,69722,4,dopamine,0,not-CX,464.0,124.8,106.2,PAM08,0,0,0,0,1,0
5365,72601,4,dopamine,0,not-CX,400.0,141.5,91.6,PAM06,0,0,0,0,1,0
5366,74743,4,dopamine,0,not-CX,470.5,121.5,113.9,PAM08,0,0,0,0,1,0
5367,74856,4,dopamine,0,not-CX,420.7,91.9,108.1,PAM01,0,0,0,0,1,0
5368,75922,4,dopamine,0,not-CX,474.9,138.2,104.0,PAM08,0,0,0,0,1,0
5369,76362,4,dopamine,0,not-CX,411.4,145.9,90.1,PAM08,0,0,0,0,1,0
5370,80744,4,dopamine,0,not-CX,482.7,105.5,129.8,PAM01,0,0,0,0,1,0
5371,83277,4,dopamine,0,not-CX,431.7,144.1,91.9,PAM01,0,0,0,0,1,0
5372,83852,4,dopamine,0,not-CX,326.1,125.7,99.0,PAM06,0,0,0,0,0,0
5373,86066,4,dopamine,0,not-CX,469.6,124.2,111.8,PAM07,0,0,0,0,1,0
5374,86156,4,dopamine,0,not-CX,339.4,142.7,97.6,PAM08,0,0,0,0,0,0
5375,86431,4,dopamine,0,not-CX,472.9,124.9,116.0,PAM07,0,0,0,0,1,0
5376,87177,4,dopamine,0,not-CX,435.3,142.2,88.4,PAM08,0,0,0,0,1,0
5377,88477,4,dopamine,0,not-CX,423.8,147.5,93.2,PAM01,0,0,0,0,1,0
5378,90678,4,dopamine,0,not-CX,412.3,142.6,90.3,PAM08,0,0,0,0,1,0
5379,90867,4,dopamine,0,not-CX,340.6,140.3,98.2,PAM01,0,0,0,0,0,0
5380,90902,4,dopamine,0,not-CX,337.2,91.4,117.9,PAM08,0,0,0,0,0,0
5381,91391,4,dopamine,0,not-CX,423.7,146.1,89.9,PAM12,1,0,1,1,1,0
5382,91875,4,dopamine,0,not-CX,467.2,148.5,94.3,PAM12,0,0,0,0,1,0
5383,92324,4,dopamine,0,not-CX,300.0,108.1,123.8,PAM06,0,0,0,0,0,0
5384,93704,4,dopamine,0,not-CX,496.1,140.4,117.2,PAM01,0,0,0,0,1,0
5385,94250,4,dopamine,0,not-CX,418.3,144.6,92.5,PAM05,0,0,0,0,1,0
5386,94922,4,dopamine,0,not-CX,450.2,101.3,114.7,PAM05,0,0,0,0,1,0
5387,95523,4,dopamine,0,not-CX,463.0,113.0,115.7,PAM08,1,0,1,1,1,0
5388,96497,4,dopamine,0,not-CX,326.5,138.8,97.3,PAM07,0,0,0,0,0,0
5389,96571,4,dopamine,0,not-CX,428.1,142.1,87.9,PAM12,0,0,0,0,1,0
5390,97990,4,dopamine,0,not-CX,399.3,136.7,94.0,PAM06,0,0,0,0,1,0
5391,98265,4,dopamine,0,not-CX,418.6,134.3,90.3,PAM06,0,0,0,0,1,0
5392,98554,4,dopamine,0,not-CX,394.5,131.2,94.3,PAM07,0,0,0,0,1,0
5393,99089,4,dopamine,0,not-CX,481.8,131.1,113.1,PAM01,0,0,0,0,1,0
5394,100258,4,dopamine,0,not-CX,343.1,86.6,121.7,PAM01,0,0,0,0,0,0
5395,102936,4,dopamine,0,not-CX,343.2,143.8,98.3,PAM08,0,0,0,0,0,0
5396,103255,4,dopamine,0,not-CX,313.2,104.9,116.8,PAM08,0,0,0,0,0,0
5397,103433,4,dopamine,0,not-CX,319.3,95.9,119.5,PAM14,0,0,0,0,0,0
5398,104460,4,dopamine,0,not-CX,463.5,148.4,92.7,PAM12,0,0,0,0,1,0
5399,104713,4,dopamine,0,not-CX,343.4,102.4,105.3,PAM08,0,0,0,0,0,0
5400,105362,4,dopamine,0,not-CX,323.4,127.9,99.2,PAM05,0,0,0,0,0,0
5401,105365,4,dopamine,0,not-CX,359.1,145.9,99.8,PAM08,0,0,0,0,0,0
5402,105447,4,dopamine,0,not-CX,471.6,118.7,116.4,PAM12,0,0,0,0,1,0
5403,107285,4,dopamine,0,not-CX,464.5,145.4,94.2,PAM08,0,0,0,0,1,0
5404,107986,4,dopamine,0,not-CX,459.0,93.2,128.2,PAM02,0,0,0,0,1,0
5405,108429,4,dopamine,0,not-CX,430.2,130.1,91.7,PAM04,0,0,0,0,1,0
5406,108576,4,dopamine,0,not-CX,300.0,104.8,125.6,PAM13,0,0,0,0,0,0
5407,109624,4,dopamine,0,not-CX,478.8,124.6,114.8,PAM08,1,0,1,1,1,0
5408,109793,4,dopamine,0,not-CX,463.0,108.8,121.0,PAM04,0,0,0,0,1,0
5409,110653,4,dopamine,0,not-CX,308.8,131.5,101.3,PAM05,0,0,0,0,0,0
5410,111665,4,dopamine,0,not-CX,323.5,134.4,97.2,PAM12,0,0,0,0,0,0
5411,113001,4,dopamine,0,not-CX,364.6,153.6,102.6,PAM12,0,0,0,0,0,0
5412,113067,4,dopamine,0,not-CX,346.5,144.6,99.9,PAM01,0,0,0,0,0,0
5413,114216,4,dopamine,0,not-CX,423.0,119.9,93.6,PAM01,0,0,0,0,1,0
5414,114522,4,dopamine,0,not-CX,363.8,146.0,98.7,PAM07,0,0,0,0,0,0
5415,114661,4,dopamine,0,not-CX,301.2,114.5,117.6,PAM11,0,0,0,0,0,0
5416,114700,4,dopamine,0,not-CX,328.5,121.4,97.5,PAM01,0,0,0,0,0,0
5417,115617,4,dopamine,0,not-CX,458.7,117.4,114.1,PAM04,0,0,0,0,1,0
5418,115868,4,dopamine,0,not-CX,345.8,149.0,100.8,PAM14,1,0,1,1,0,0
5419,117782,4,dopamine,0,not-CX,427.9,144.1,90.4,PAM08,0,0,0,0,1,0
5420,119499,4,dopamine,0,not-CX,431.7,137.8,91.7,PAM08,0,0,0,0,1,0
5421,119763,4,dopamine,0,not-CX,422.3,131.3,91.0,PAM11,0,0,0,0,1,0
5422,120259,4,dopamine,0,not-CX,319.5,150.7,106.4,PAM04,0,0,0,0,0,0
5423,120768,4,dopamine,0,not-CX,316.1,136.3,97.6,PAM07,0,0,0,0,0,0
5424,122062,4,dopamine,0,not-CX,317.4,132.1,98.1,PAM08,0,0,0,0,0,0
5425,124918,4,dopamine,0,not-CX,478.1,126.5,117.4,PAM04,0,0,0,0,1,0
5426,125080,4,dopamine,0,not-CX,479.3,139.0,107.0,PAM04,0,0,0,0,1,0
5427,126501,4,dopamine,0,not-CX,477.3,122.5,116.7,PAM06,0,0,0,0,1,0
5428,126900,4,dopamine,0,not-CX,396.0,138.5,93.9,PAM12,0,0,0,0,1,0
5429,127659,4,dopamine,0,not-CX,398.6,142.2,94.9,PAM02,0,0,0,0,1,0
5430,128076,4,dopamine,0,not-CX,308.6,108.0,119.7,PAM04,0,0,0,0,0,0
5431,129430,4,dopamine,0,not-CX,407.7,144.0,91.8,PAM08,0,0,0,0,1,0
5432,129563,4,dopamine,0,not-CX,347.1,91.3,114.2,PAM01,0,0,0,0,0,0
5433,131419,4,dopamine,0,not-CX,359.8,142.3,98.8,PAM06,0,0,0,0,0,0
5434,131607,4,dopamine,0,not-CX,424.2,140.8,89.7,PAM07,0,0,0,0,1,0
5435,132513,4,dopamine,0,not-CX,313.6,131.0,100.0,PAM06,0,0,0,0,0,0
5436,133019,4,dopamine,0,not-CX,335.0,141.4,97.2,PAM08,0,0,0,0,0,0
5437,134265,4,dopamine,0,not-CX,290.8,124.0,117.2,PAM06,0,0,0,0,0,0
5438,134769,4,dopamine,0,not-CX,302.4,119.1,113.5,PAM06,0,0,0,0,0,0
5439,134869,4,dopamine,0,not-CX,478.4,116.9,122.7,PAM06,0,0,0,0,1,0
5440,135046,4,dopamine,0,not-CX,483.9,124.4,117.2,PAM02,0,0,0,0,1,0
5441,135171,4,dopamine,0,not-CX,302.5,104.6,122.8,PAM12,0,0,0,0,0,0
5442,135287,4,dopamine,0,not-CX,435.6,105.2,103.6,PAM05,0,0,0,0,1,0
5443,135290,4,dopamine,0,not-CX,355.3,143.9,100.7,PAM15,0,0,0,0,0,0
5444,135578,4,dopamine,0,not-CX,404.1,139.7,91.2,PAM08,0,0,0,0,1,0
5445,136024,4,dopamine,0,not-CX,443.1,111.9,103.7,PAM06,0,0,0,0,1,0
5446,136144,4,dopamine,0,not-CX,329.8,140.6,97.4,PAM08,0,0,0,0,0,0
5447,136215,4,dopamine,0,not-CX,447.9,137.8,92.3,PAM06,0,0,0,0,1,0
5448,137321,4,dopamine,0,not-CX,434.2,110.6,99.8,PAM04,0,0,0,0,1,0
5449,137373,4,dopamine,0,not-CX,394.9,135.4,93.5,PAM06,0,0,0,0,1,0
5450,137539,4,dopamine,0,not-CX,327.4,109.9,107.4,PAM11,0,0,0,0,0,0
5451,137595,4,dopamine,0,not-CX,345.3,88.1,119.3,PAM07,0,0,0,0,0,0
5452,138585,4,dopamine,0,not-CX,468.8,144.5,98.3,PAM12,1,0,1,1,1,0
5453,138629,4,dopamine,0,not-CX,431.0,139.4,89.1,PAM01,0,0,0,0,1,0
5454,138822,4,dopamine,0,not-CX,438.7,111.9,101.5,PAM11,1,0,1,1,1,0
5455,139280,4,dopamine,0,not-CX,306.8,110.2,120.3,PAM12,0,0,0,0,0,0
5456,139378,4,dopamine,0,not-CX,310.5,117.3,110.1,PAM12,0,0,0,0,0,0
5457,139706,4,dopamine,0,not-CX,313.1,119.8,111.0,PAM11,0,0,0,0,0,0
5458,140271,4,dopamine,0,not-CX,318.9,128.0,99.9,PAM06,0,0,0,0,0,0
5459,141246,4,dopamine,0,not-CX,478.1,120.0,118.5,PAM02,0,0,0,0,1,0
5460,141510,4,dopamine,0,not-CX,336.2,131.6,94.8,PAM15,0,0,0,0,0,0
5461,141615,4,dopamine,0,not-CX,304.6,107.7,122.3,PAM01,0,0,0,0,0,0
5462,142238,4,dopamine,0,not-CX,314.2,125.8,106.2,PAM02,0,0,0,0,0,0
5463,142528,4,dopamine,0,not-CX,346.0,136.0,95.6,PAM09,0,0,0,0,0,0
5464,142538,4,dopamine,0,not-CX,336.1,139.1,95.0,PAM08,0,0,0,0,0,0
5465,142660,4,dopamine,0,not-CX,303.2,113.1,121.9,PAM13,0,0,0,0,0,0
5466,142898,4,dopamine,0,not-CX,332.8,133.1,93.8,PAM06,0,0,0,0,0,0
5467,143120,4,dopamine,0,not-CX,416.0,91.5,107.6,PAM10,0,0,0,0,1,0
5468,144126,4,dopamine,0,not-CX,308.4,121.5,108.4,PAM02,0,0,0,0,0,0
5469,144315,4,dopamine,0,not-CX,324.3,114.6,106.5,PAM01,0,0,0,0,0,0
5470,144625,4,dopamine,0,not-CX,430.9,144.5,88.1,PAM12,0,0,0,0,1,0
5471,144678,4,dopamine,0,not-CX,316.6,122.8,107.2,PAM04,0,0,0,0,0,0
5472,145022,4,dopamine,0,not-CX,438.2,140.7,89.1,PAM02,0,0,0,0,1,0
5473,145094,4,dopamine,0,not-CX,311.6,108.7,118.1,PAM01,0,0,0,0,0,0
5474,145148,4,dopamine,0,not-CX,444.0,131.5,95.0,PAM01,0,0,0,0,1,0
5475,145324,4,dopamine,0,not-CX,436.3,137.3,91.7,PAM02,0,0,0,0,1,0
5476,145371,4,dopamine,0,not-CX,434.5,140.8,91.9,PAM05,0,0,0,0,1,0
5477,145749,4,dopamine,0,not-CX,454.8,112.1,110.3,PAM11,0,0,0,0,1,0
5478,146058,4,dopamine,0,not-CX,330.4,131.6,95.9,PAM08,0,0,0,0,0,0
5479,146418,4,dopamine,0,not-CX,325.8,142.0,98.9,PAM12,0,0,0,0,0,0
5480,146603,4,dopamine,0,not-CX,310.2,124.9,110.0,PAM01,0,0,0,0,0,0
5481,146773,4,dopamine,0,not-CX,326.7,116.7,103.6,PAM04,0,0,0,0,0,0
5482,146774,4,dopamine,0,not-CX,363.4,148.9,100.6,PAM14,0,0,0,0,0,0
5483,147184,4,dopamine,0,not-CX,411.3,144.4,92.7,PAM08,0,0,0,0,1,0
5484,147591,4,dopamine,0,not-CX,341.4,148.4,103.1,PAM06,0,0,0,0,0,0
5485,147857,4,dopamine,0,not-CX,456.5,105.6,118.1,PAM11,0,0,0,0,1,0
5486,148328,4,dopamine,0,not-CX,480.5,127.8,114.3,PAM02,0,0,0,0,1,0
5487,148469,4,dopamine,0,not-CX,439.4,108.7,103.4,PAM02,0,0,0,0,1,0
5488,149869,4,dopamine,0,not-CX,448.0,104.3,111.0,PAM09,0,0,0,0,1,0
5489,150034,4,dopamine,0,not-CX,341.5,89.4,118.9,PAM09,1,0,1,1,0,0
5490,150177,4,dopamine,0,not-CX,489.1,132.4,114.9,PAM01,0,0,0,0,1,0
5491,150828,4,dopamine,0,not-CX,423.4,143.8,91.8,PAM02,0,0,0,0,1,0
5492,150983,4,dopamine,0,not-CX,395.9,133.4,96.9,PAM14,0,0,0,0,1,0
5493,151013,4,dopamine,0,not-CX,402.4,135.1,93.1,PAM03,0,0,0,0,1,0
5494,151133,4,dopamine,0,not-CX,403.6,132.3,92.4,PAM06,0,0,0,0,1,0
5495,151993,4,dopamine,0,not-CX,336.2,81.6,131.5,PAM05,0,0,0,0,0,0
5496,152019,4,dopamine,0,not-CX,296.3,119.8,117.1,PAM08,0,0,0,0,0,0
5497,152044,4,dopamine,0,not-CX,314.3,126.5,101.7,PAM08,0,0,0,0,0,0
5498,152056,4,dopamine,0,not-CX,418.8,129.7,91.5,PAM06,0,0,0,0,1,0
5499,152291,4,dopamine,0,not-CX,458.1,134.5,96.3,PAM14,0,0,0,0,1,0
5500,152326,4,dopamine,0,not-CX,434.7,135.4,90.5,PAM13,0,0,0,0,1,0
5501,152385,4,dopamine,0,not-CX,345.1,141.6,96.9,PAM08,0,0,0,0,0,0
5502,152428,4,dopamine,0,not-CX,470.9,127.0,108.7,PAM12,0,0,0,0,1,0
5503,152997,4,dopamine,0,not-CX,431.0,135.2,90.2,PAM05,0,0,0,0,1,0
5504,153035,4,dopamine,0,not-CX,416.8,137.3,90.6,PAM04,0,0,0,0,1,0
5505,153771,4,dopamine,0,not-CX,409.0,140.3,91.8,PAM07,0,0,0,0,1,0
5506,153931,4,dopamine,0,not-CX,468.4,116.2,117.4,PAM01,0,0,0,0,1,0
5507,154230,4,dopamine,0,not-CX,304.0,122.1,111.2,PAM05,0,0,0,0,0,0
5508,154387,4,dopamine,0,not-CX,412.0,136.5,91.2,PAM14,1,0,1,1,1,0
5509,155329,4,dopamine,0,not-CX,320.1,125.5,101.8,PAM02,0,0,0,0,0,0
5510,155916,4,dopamine,0,not-CX,439.3,134.6,93.1,PAM01,0,0,0,0,1,0
5511,156028,4,dopamine,0,not-CX,327.6,133.6,94.1,PAM01,0,0,0,0,0,0
5512,156046,4,dopamine,0,not-CX,466.9,124.0,108.5,PAM01,0,0,0,0,1,0
5513,157016,4,dopamine,0,not-CX,453.6,109.6,113.2,PAM11,0,0,0,0,1,0
5514,157134,4,dopamine,0,not-CX,305.8,90.8,132.1,PAM08,0,0,0,0,0,0
5515,157257,4,dopamine,0,not-CX,426.8,139.0,89.7,PAM12,0,0,0,0,1,0
5516,157370,4,dopamine,0,not-CX,331.8,138.8,95.0,PAM13,0,0,0,0,0,0
5517,157683,4,dopamine,0,not-CX,293.9,111.4,122.6,PAM04,0,0,0,0,0,0
5518,157767,4,dopamine,0,not-CX,344.0,146.5,101.7,PAM05,0,0,0,0,0,0
5519,157816,4,dopamine,0,not-CX,483.1,145.5,105.5,PAM04,0,0,0,0,1,0
5520,158196,4,dopamine,0,not-CX,448.7,142.7,95.5,PAM04,0,0,0,0,1,0
5521,158372,4,dopamine,0,not-CX,458.3,108.2,116.5,PAM08,0,0,0,0,1,0
5522,158651,4,dopamine,0,not-CX,405.7,141.7,92.9,PAM06,0,0,0,0,1,0
5523,158917,4,dopamine,0,not-CX,349.7,96.7,109.0,PAM12,0,0,0,0,0,0
5524,159062,4,dopamine,0,not-CX,437.6,131.4,92.6,PAM01,0,0,0,0,1,0
5525,159158,4,dopamine,0,not-CX,424.7,102.9,101.5,PAM01,0,0,0,0,1,0
5526,159831,4,dopamine,0,not-CX,423.5,143.1,88.8,PAM14,0,0,0,0,1,0
5527,160277,4,dopamine,0,not-CX,293.4,117.7,119.1,PAM06,0,0,0,0,0,0
5528,161079,4,dopamine,0,not-CX,473.4,126.4,111.5,PAM15,0,0,0,0,1,0
5529,161153,4,dopamine,0,not-CX,455.7,102.4,118.9,PAM08,0,0,0,0,1,0
5530,161596,4,dopamine,0,not-CX,352.5,150.6,101.9,PAM14,0,0,0,0,0,0
5531,162050,4,dopamine,0,not-CX,461.1,105.7,122.0,PAM08,0,0,0,0,1,0
5532,162116,4,dopamine,0,not-CX,416.2,140.9,91.0,PAM13,0,0,0,0,1,0
5533,162631,4,dopamine,0,not-CX,323.7,110.5,108.3,PAM13,0,0,0,0,0,0
5534,163194,4,dopamine,0,not-CX,331.8,134.9,95.6,PAM06,0,0,0,0,0,0
5535,163883,4,dopamine,0,not-CX,427.5,136.5,90.3,PAM03,0,0,0,0,1,0
5536,163951,4,dopamine,0,not-CX,319.2,104.3,114.2,PAM06,0,0,0,0,0,0
5537,164086,4,dopamine,0,not-CX,343.3,96.7,110.1,PAM01,0,0,0,0,0,0
5538,164279,4,dopamine,0,not-CX,349.4,148.3,101.9,PAM14,0,0,0,0,0,0
5539,164601,4,dopamine,0,not-CX,471.1,132.7,104.0,PAM14,0,0,0,0,1,0
5540,165187,4,dopamine,0,not-CX,326.5,106.6,108.8,PAM05,0,0,0,0,0,0
5541,165365,4,dopamine,0,not-CX,481.7,125.7,116.5,PAM01,0,0,0,0,1,0
5542,167009,4,dopamine,0,not-CX,338.0,82.5,127.5,PAM01,0,0,0,0,0,0
5543,167073,4,dopamine,0,not-CX,352.4,146.6,101.2,PAM14,0,0,0,0,0,0
5544,168020,4,dopamine,0,not-CX,465.3,116.1,114.9,PAM03,0,0,0,0,1,0
5545,168080,4,dopamine,0,not-CX,463.6,117.1,112.3,PAM03,0,0,0,0,1,0
5546,169027,4,dopamine,0,not-CX,302.9,110.2,122.4,PAM03,0,0,0,0,0,0
5547,169278,4,dopamine,0,not-CX,467.8,118.4,115.6,PAM01,0,0,0,0,1,0
5548,169674,4,dopamine,0,not-CX,437.7,118.4,97.3,PAM04,0,0,0,0,1,0
5549,170450,4,dopamine,0,not-CX,411.6,92.3,105.9,PAM10,0,0,0,0,1,0
5550,170467,4,dopamine,0,not-CX,338.4,137.9,96.8,PAM03,0,0,0,0,0,0
5551,171959,4,dopamine,0,not-CX,341.8,82.8,125.9,PAM02,0,0,0,0,0,0
5552,174255,4,dopamine,0,not-CX,472.3,128.8,111.9,PAM14,0,0,0,0,1,0
5553,174384,4,dopamine,0,not-CX,305.6,124.2,114.4,PAM03,0,0,0,0,0,0
5554,174672,4,dopamine,0,not-CX,419.9,141.7,90.6,PAM08,0,0,0,0,1,0
5555,174862,4,dopamine,0,not-CX,343.5,91.4,115.5,PAM08,0,0,0,0,0,0
5556,175232,4,dopamine,0,not-CX,466.8,126.9,104.7,PAM13,0,0,0,0,1,0
5557,175459,4,dopamine,0,not-CX,450.8,92.8,119.8,PAM08,0,0,0,0,1,0
5558,175964,4,dopamine,0,not-CX,331.0,79.1,135.5,PAM08,0,0,0,0,0,0
5559,176429,4,dopamine,0,not-CX,458.6,107.2,120.7,PAM04,0,0,0,0,1,0
5560,176460,4,dopamine,0,not-CX,308.3,128.3,107.8,PAM15,0,0,0,0,0,0
5561,177202,4,dopamine,0,not-CX,463.5,114.4,117.8,PAM03,0,0,0,0,1,0
5562,177603,4,dopamine,0,not-CX,443.8,108.9,107.0,PAM04,0,0,0,0,1,0
5563,177800,4,dopamine,0,not-CX,478.0,129.2,112.5,PAM04,0,0,0,0,1,0
5564,178101,4,dopamine,0,not-CX,474.3,123.5,114.1,PAM08,0,0,0,0,1,0
5565,178487,4,dopamine,0,not-CX,315.4,129.4,98.4,PAM08,0,0,0,0,0,0
5566,178539,4,dopamine,0,not-CX,341.0,132.9,95.7,PAM04,0,0,0,0,0,0
5567,178945,4,dopamine,0,not-CX,352.7,93.2,110.7,PAM10,0,0,0,0,0,0
5568,180403,4,dopamine,0,not-CX,310.6,104.1,119.2,PAM09,0,0,0,0,0,0
5569,181924,4,dopamine,0,not-CX,471.3,106.1,126.5,PAM01,0,0,0,0,1,0
5570,183567,4,dopamine,0,not-CX,469.7,121.6,119.1,PAM13,0,0,0,0,1,0
5571,184778,4,dopamine,0,not-CX,330.4,105.9,107.3,PAM08,0,0,0,0,0,0
5572,185518,4,dopamine,0,not-CX,428.6,123.3,92.7,PAM01,0,0,0,0,1,0
5573,186566,4,dopamine,0,not-CX,319.0,99.4,116.0,PAM04,0,0,0,0,0,0
5574,190296,4,dopamine,0,not-CX,299.9,117.0,115.3,PAM02,0,0,0,0,0,0
5575,190297,4,dopamine,0,not-CX,435.6,134.1,93.1,PAM03,0,0,0,0,1,0
5576,190635,4,dopamine,0,not-CX,299.2,121.9,112.5,PAM05,0,0,0,0,0,0
5577,192245,4,dopamine,0,not-CX,304.1,111.9,118.1,PAM05,0,0,0,0,0,0
5578,196030,4,dopamine,0,not-CX,474.9,120.1,116.7,PAM06,0,0,0,0,1,0
5579,196622,4,dopamine,0,not-CX,328.2,136.8,94.7,PAM12,0,0,0,0,0,0
5580,196985,4,dopamine,0,not-CX,327.3,134.2,97.2,PAM05,0,0,0,0,0,0
5581,197691,4,dopamine,0,not-CX,466.7,120.5,112.1,PAM01,0,0,0,0,1,0
5582,197920,4,dopamine,0,not-CX,343.3,104.7,103.2,PAM08,0,0,0,0,0,0
5583,198507,4,dopamine,0,not-CX,466.4,120.8,118.0,PAM13,0,0,0,0,1,0
5584,198758,4,dopamine,0,not-CX,435.3,138.6,88.7,PAM01,0,0,0,0,1,0
5585,200973,4,dopamine,0,not-CX,309.2,112.0,117.2,PAM10,0,0,0,0,0,0
5586,202330,4,dopamine,0,not-CX,300.1,112.4,120.3,PAM13,0,0,0,0,0,0
5587,203682,4,dopamine,0,not-CX,311.0,85.0,137.7,PAM14,0,0,0,0,0,0
5588,203885,4,dopamine,0,not-CX,341.9,140.5,95.3,PAM13,0,0,0,0,0,0
5589,204930,4,dopamine,0,not-CX,433.6,131.5,92.5,PAM11,0,0,0,0,1,0
5590,205884,4,dopamine,0,not-CX,316.0,117.6,108.8,PAM01,0,0,0,0,0,0
5591,206851,4,dopamine,0,not-CX,324.7,149.5,100.1,PAM12,0,0,0,0,0,0
5592,207122,4,dopamine,0,not-CX,439.6,128.9,94.3,PAM13,0,0,0,0,1,0
5593,207463,4,dopamine,0,not-CX,304.3,87.8,139.1,PAM06,0,0,0,0,0,0
5594,209656,4,dopamine,0,not-CX,432.0,147.4,90.1,PAM13,0,0,0,0,1,0
5595,212085,4,dopamine,0,not-CX,348.4,87.0,120.5,PAM01,0,0,0,0,0,0
5596,212160,4,dopamine,0,not-CX,346.0,85.8,123.0,PAM08,0,0,0,0,0,0
5597,212684,4,dopamine,0,not-CX,462.1,142.0,95.6,PAM14,0,0,0,0,1,0
5598,213743,4,dopamine,0,not-CX,328.4,91.2,120.5,PAM05,0,0,0,0,0,0
5599,215931,4,dopamine,0,not-CX,305.3,97.0,125.8,PAM11,0,0,0,0,0,0
5600,215940,4,dopamine,0,not-CX,470.9,126.5,113.6,PAM13,0,0,0,0,1,0
5601,217007,4,dopamine,0,not-CX,338.7,85.1,124.1,PAM06,0,0,0,0,0,0
5602,217737,4,dopamine,0,not-CX,433.5,143.2,89.8,PAM14,0,0,0,0,1,0
5603,218518,4,dopamine,0,not-CX,333.0,140.9,99.4,PAM13,0,0,0,0,0,0
5604,218583,4,dopamine,0,not-CX,333.5,137.8,97.7,PAM04,0,0,0,0,0,0
5605,224160,4,dopamine,0,not-CX,351.7,89.6,114.9,PAM14,0,0,0,0,0,0
5606,224205,4,dopamine,0,not-CX,307.5,87.4,136.5,PAM09,0,0,0,0,0,0
5607,224500,4,dopamine,0,not-CX,313.6,110.5,115.2,PAM11,0,0,0,0,0,0
5608,226452,4,dopamine,0,not-CX,320.9,130.4,99.3,PAM05,1,0,1,1,0,0
5609,226708,4,dopamine,0,not-CX,302.8,100.2,124.4,PAM08,0,0,0,0,0,0
5610,230802,4,dopamine,0,not-CX,428.3,133.6,90.6,PAM05,0,0,0,0,1,0
5611,231413,4,dopamine,0,not-CX,429.1,141.1,91.2,PAM14,0,0,0,0,1,0
5612,238644,4,dopamine,0,not-CX,301.3,124.6,110.8,PAM11,0,0,0,0,0,0
5613,239873,4,dopamine,0,not-CX,439.0,114.7,100.3,PAM04,0,0,0,0,1,0
5614,242429,4,dopamine,0,not-CX,304.4,125.3,109.2,PAM08,0,0,0,0,0,0
5615,243477,4,dopamine,0,not-CX,334.5,156.7,107.3,PAM13,0,0,0,0,0,0
5616,252045,4,dopamine,0,not-CX,314.1,121.1,113.7,PAM01,0,0,0,0,0,0
5617,257650,4,dopamine,0,not-CX,347.7,139.5,96.1,PAM02,0,0,0,0,0,0
5618,259089,4,dopamine,0,not-CX,302.8,91.6,133.8,PAM02,0,0,0,0,0,0
5619,259486,4,dopamine,0,not-CX,343.0,84.3,123.8,PAM04,0,0,0,0,0,0
5620,273182,4,dopamine,0,not-CX,424.6,133.8,90.8,PAM11,0,0,0,0,1,0
5621,291665,4,dopamine,0,not-CX,331.3,81.2,132.9,PAM02,0,0,0,0,0,0
5622,292203,4,dopamine,0,not-CX,418.0,103.8,99.7,PAM04,0,0,0,0,1,0
5623,297139,4,dopamine,0,not-CX,322.8,125.7,100.4,PAM04,0,0,0,0,0,0
5624,319321,4,dopamine,0,not-CX,331.2,112.2,104.4,PAM11,0,0,0,0,0,0
5625,325731,4,dopamine,0,not-CX,307.6,99.0,122.9,PAM01,0,0,0,0,0,0
5626,336850,4,dopamine,0,not-CX,467.4,120.9,114.8,PAM03,0,0,0,0,1,0
5627,341512,4,dopamine,0,not-CX,476.9,132.5,111.3,PAM04,0,0,0,0,1,0
5628,506819,4,dopamine,0,not-CX,307.4,84.9,140.1,PAM01,0,0,0,0,0,0
5629,512273,4,dopamine,0,not-CX,525.3,101.8,158.3,PAL01,1,0,1,1,1,0
5630,512326,4,dopamine,0,not-CX,543.0,99.4,262.4,PPL105,1,0,1,0,1,0
5631,515048,4,dopamine,0,not-CX,524.9,102.0,265.7,PPL104,1,0,1,1,1,0
5632,516044,4,dopamine,0,not-CX,338.1,88.2,121.6,PAM04,0,0,0,0,0,0
5633,518072,4,dopamine,0,not-CX,449.8,117.7,103.9,PAM09,0,0,0,0,1,0
5634,518137,4,dopamine,0,not-CX,408.3,133.2,91.1,PAM06,0,0,0,0,1,0
5635,519616,4,dopamine,0,not-CX,504.0,121.2,269.3,PPL107,1,0,1,1,1,0
5636,520182,4,dopamine,0,not-CX,277.6,264.6,269.9,PPL204,1,0,1,0,0,0
5637,520384,4,dopamine,0,not-CX,321.4,82.7,137.0,PAM12,0,0,0,0,0,0
5638,520403,4,dopamine,0,not-CX,456.8,114.3,112.1,PAM10,0,0,0,0,1,0
5639,520616,4,dopamine,0,not-CX,450.6,107.1,111.6,PAM11,0,0,0,0,1,0
5640,523382,4,dopamine,0,not-CX,413.1,139.4,90.9,PAM08,0,0,0,0,1,0
5641,523553,4,dopamine,0,not-CX,472.9,121.9,117.9,PAM05,0,0,0,0,1,0
5642,523638,4,dopamine,0,not-CX,320.0,133.5,99.3,PAM01,0,0,0,0,0,0
5643,523791,4,dopamine,0,not-CX,307.5,119.8,111.2,PAM04,0,0,0,0,0,0
5644,523942,4,dopamine,0,not-CX,306.7,126.6,110.9,PAM08,0,0,0,0,0,0
5645,524069,4,dopamine,0,not-CX,305.6,117.8,112.9,PAM08,0,0,0,0,0,0
5646,525787,4,dopamine,0,not-CX,443.6,86.4,122.0,PAM05,0,0,0,0,1,0
5647,527591,4,dopamine,0,not-CX,469.9,74.1,154.2,PAL03,0,0,0,0,1,0
5648,528100,4,dopamine,0,not-CX,445.1,115.1,102.8,PAM09,0,0,0,0,1,0
5649,529512,4,dopamine,0,not-CX,282.9,89.5,264.6,PPL106,1,0,1,1,0,0
5650,529516,4,dopamine,0,not-CX,539.0,108.5,266.4,PPL106,1,0,1,0,1,0
5651,532715,4,dopamine,0,not-CX,475.0,124.2,118.2,PAM05,0,0,0,0,1,0
5652,533294,4,dopamine,0,not-CX,434.5,126.7,93.2,PAM01,0,0,0,0,1,0
5653,543677,4,dopamine,0,not-CX,324.7,77.7,139.3,PAM01,0,0,0,0,0,0
5654,544257,4,dopamine,0,not-CX,310.5,123.4,106.6,PAM10,0,0,0,0,0,0
5655,544359,4,dopamine,0,not-CX,310.1,116.2,114.2,PAM10,0,0,0,0,0,0
5656,544770,4,dopamine,0,not-CX,322.8,135.9,99.6,PAM04,0,0,0,0,0,0
5657,547260,4,dopamine,0,not-CX,306.9,113.9,120.5,PAM10,0,0,0,0,0,0
5658,552362,4,dopamine,0,not-CX,307.4,105.4,121.0,PAM12,0,0,0,0,0,0
5659,553201,4,dopamine,0,not-CX,307.4,123.0,111.9,PAM09,1,0,1,1,0,0
5660,567409,4,dopamine,0,not-CX,325.3,142.2,101.6,PAM04,0,0,0,0,0,0
5661,577933,4,dopamine,0,not-CX,481.0,122.7,117.3,PAM06,1,0,1,1,1,0
5662,580579,4,dopamine,0,not-CX,315.9,101.0,116.0,PAM03,0,0,0,0,0,0
5663,909818,4,dopamine,0,not-CX,341.6,143.6,100.6,PAM03,0,0,0,0,0,0
5664,920537,4,dopamine,0,not-CX,438.7,98.2,109.5,PAM09,0,0,0,0,1,0
5665,933708,4,dopamine,0,not-CX,314.1,86.3,133.8,PAM14,0,0,0,0,0,0
5666,10047,7,motor,0,not-CX,454.5,297.9,124.2,MNx02,0,0,0,0,1,0
5667,16361,7,motor,0,not-CX,443.4,284.7,115.2,MNx03,0,0,0,0,1,0
5668,19296,7,motor,0,not-CX,335.1,316.4,115.9,MNx01,0,0,0,0,0,0
5669,19823,7,motor,0,not-CX,396.9,284.4,125.3,CEM,0,0,0,0,1,0
5670,20518,7,motor,0,not-CX,397.8,279.7,128.5,CEM,0,0,0,0,1,0
5671,20600,7,motor,0,not-CX,447.0,291.8,119.8,MNx03,0,0,0,0,1,0
5672,23511,7,motor,0,not-CX,357.6,300.2,117.8,CEM,0,0,0,0,0,0
5673,24511,7,motor,0,not-CX,326.3,313.1,116.0,MNx03,0,0,0,0,0,0
5674,24808,7,motor,0,not-CX,320.1,300.2,109.3,MNx05,0,0,0,0,0,0
5675,26137,7,motor,0,not-CX,324.3,300.5,113.7,MNx02,0,0,0,0,0,0
5676,32852,7,motor,0,not-CX,392.0,283.6,133.5,CEM,0,0,0,0,1,0
5677,34597,7,motor,0,not-CX,0.0,0.0,0.0,CEM,0,0,0,0,0,1
5678,101002,7,motor,0,not-CX,441.8,292.8,120.8,MNx01,0,0,0,0,1,0
5679,164190,7,motor,0,not-CX,435.1,351.1,931.7,MNad21,0,0,0,0,1,0
5680,200682,7,motor,0,not-CX,298.5,317.3,137.7,MNx04,0,0,0,0,0,0
5681,482595,7,motor,0,not-CX,391.6,291.2,128.7,CEM,0,0,0,0,1,0
5682,512877,7,motor,0,not-CX,441.0,282.5,120.1,MNx01,0,0,0,0,1,0
5683,533971,7,motor,0,not-CX,425.8,275.3,115.5,MNx01,0,0,0,0,1,0
5684,800184,7,motor,0,not-CX,491.3,491.0,718.3,MNwm36,0,0,0,0,1,0
5685,800190,7,motor,0,not-CX,317.3,492.1,858.7,MNwm35,0,0,0,0,0,0
5686,800230,7,motor,0,not-CX,326.8,506.0,720.0,MNml82,0,0,0,0,0,0
5687,800248,7,motor,0,not-CX,472.3,386.9,1013.6,MNad07,0,0,0,0,1,0
5688,800358,7,motor,0,not-CX,334.8,473.9,993.6,MNhl64,0,0,0,0,0,0
5689,800474,7,motor,0,not-CX,324.3,473.0,952.7,MNhm42,0,0,0,0,0,0
5690,800478,7,motor,0,not-CX,415.9,427.7,1047.4,MNad68,0,0,0,0,1,0
5691,800479,7,motor,0,not-CX,406.5,327.4,1057.8,MNad49,0,0,0,0,1,0
5692,800577,7,motor,0,not-CX,430.6,369.8,1064.5,MNad61,0,0,0,0,1,0
5693,800606,7,motor,0,not-CX,487.8,480.9,842.5,MNwm35,0,0,0,0,1,0
5694,800608,7,motor,0,not-CX,363.1,397.0,1010.6,MNad19,0,0,0,0,0,0
5695,800659,7,motor,0,not-CX,375.1,405.8,1031.5,MNad22,0,0,0,0,0,0
5696,800664,7,motor,0,not-CX,416.1,424.2,1055.4,MNad64,0,0,0,0,1,0
5697,800696,7,motor,0,not-CX,302.4,406.2,767.4,MNwm36,0,0,0,0,0,0
5698,800762,7,motor,0,not-CX,417.8,414.3,972.2,MNad41,0,0,0,0,1,0
5699,800875,7,motor,0,not-CX,465.8,406.7,1007.8,MNad33,0,0,0,0,1,0
5700,801020,7,motor,0,not-CX,408.4,332.1,1075.7,MNad20,0,0,0,0,1,0
5701,801158,7,motor,0,not-CX,384.2,331.6,1067.5,MNad64,0,0,0,0,0,0
5702,801267,7,motor,0,not-CX,312.5,449.1,987.8,MNhl02,0,0,0,0,0,0
5703,801304,7,motor,0,not-CX,406.0,347.4,824.0,MNad42,0,0,0,0,1,0
5704,801319,7,motor,0,not-CX,461.4,456.6,515.4,MNnm13,0,0,0,0,1,0
5705,801335,7,motor,0,not-CX,305.2,437.5,957.3,MNhl59,0,0,0,0,0,0
5706,801362,7,motor,0,not-CX,396.1,408.1,975.0,MNad41,0,0,0,0,1,0
5707,801394,7,motor,0,not-CX,380.8,328.8,1051.1,MNad67,0,0,0,0,0,0
5708,801434,7,motor,0,not-CX,420.4,426.7,1022.5,MNad19,0,0,0,0,1,0
5709,801477,7,motor,0,not-CX,313.6,500.9,694.0,MNml81,0,0,0,0,0,0
5710,801491,7,motor,0,not-CX,349.7,363.5,1005.0,MNad19,0,0,0,0,0,0
5711,801553,7,motor,0,not-CX,374.5,325.9,958.1,MNad05,0,0,0,0,0,0
5712,801736,7,motor,0,not-CX,471.3,501.5,945.6,MNhl62,0,0,0,0,1,0
5713,801899,7,motor,0,not-CX,401.5,354.5,829.9,MNad42,0,0,0,0,1,0
5714,801933,7,motor,0,not-CX,474.9,487.3,919.2,MNhm42,0,0,0,0,1,0
5715,802003,7,motor,0,not-CX,458.8,370.6,999.3,MNad01,0,0,0,0,1,0
5716,802114,7,motor,0,not-CX,422.8,415.2,1060.6,MNad66,0,0,0,0,1,0
5717,802116,7,motor,0,not-CX,382.9,356.7,1067.7,MNad65,0,0,0,0,0,0
5718,802130,7,motor,0,not-CX,411.7,340.7,906.1,MNad02,0,0,0,0,1,0
5719,802137,7,motor,0,not-CX,451.5,411.2,1023.9,MNad19,0,0,0,0,1,0
5720,802151,7,motor,0,not-CX,362.0,455.3,523.7,MNnm03,0,0,0,0,0,0
5721,802152,7,motor,0,not-CX,373.3,457.1,537.3,MNnm08,0,0,0,0,0,0
5722,802164,7,motor,0,not-CX,451.9,355.5,1000.9,MNad14,0,0,0,0,1,0
5723,802201,7,motor,0,not-CX,386.5,338.4,1061.7,MNad68,0,0,0,0,1,0
5724,802240,7,motor,0,not-CX,415.1,418.3,1060.0,MNad62,0,0,0,0,1,0
5725,802251,7,motor,0,not-CX,451.3,397.8,993.2,MNad34,0,0,0,0,1,0
5726,802252,7,motor,0,not-CX,359.7,358.0,956.3,MNad34,0,0,0,0,0,0
5727,802405,7,motor,0,not-CX,466.8,372.8,1000.2,MNad06,0,0,0,0,1,0
5728,802413,7,motor,0,not-CX,440.7,408.2,1049.7,MNad53,0,0,0,0,1,0
5729,802500,7,motor,0,not-CX,386.4,395.6,975.9,MNad40,0,0,0,0,1,0
5730,802579,7,motor,0,not-CX,428.2,402.6,1060.5,MNad65,0,0,0,0,1,0
5731,802587,7,motor,0,not-CX,392.1,339.5,1068.3,MNad20,0,0,0,0,1,0
5732,802659,7,motor,0,not-CX,324.2,470.8,944.7,MNhm03,0,0,0,0,0,0
5733,802690,7,motor,0,not-CX,343.8,348.9,959.9,MNad30,0,0,0,0,0,0
5734,802731,7,motor,0,not-CX,494.6,484.1,955.2,MNhl59,0,0,0,0,1,0
5735,802781,7,motor,0,not-CX,459.0,446.5,512.9,MNnm08,0,0,0,0,1,0
5736,802806,7,motor,0,not-CX,482.3,491.0,929.0,MNhm03,0,0,0,0,1,0
5737,802907,7,motor,0,not-CX,378.0,420.4,1035.8,MNad23,0,0,0,0,0,0
5738,802923,7,motor,0,not-CX,440.3,456.0,511.6,MNnm03,0,0,0,0,1,0
5739,802937,7,motor,0,not-CX,399.0,352.4,799.5,MNad63,0,0,0,0,1,0
5740,802954,7,motor,0,not-CX,388.4,324.4,1075.1,MNad53,0,0,0,0,1,0
5741,802980,7,motor,0,not-CX,401.6,367.7,808.9,MNad63,0,0,0,0,1,0
5742,803010,7,motor,0,not-CX,366.6,405.6,1038.8,MNad17,0,0,0,0,0,0
5743,803047,7,motor,0,not-CX,431.9,350.8,1050.7,MNad15,0,0,0,0,1,0
5744,803070,7,motor,0,not-CX,462.9,389.6,1020.7,MNad16,0,0,0,0,1,0
5745,803086,7,motor,0,not-CX,479.2,499.0,715.7,MNml29,0,0,0,0,1,0
5746,803107,7,motor,0,not-CX,454.5,382.0,1017.0,MNad08,0,0,0,0,1,0
5747,803241,7,motor,0,not-CX,350.7,357.7,994.1,MNad16,0,0,0,0,0,0
5748,803310,7,motor,0,not-CX,480.1,482.8,916.3,MNhm43,0,0,0,0,1,0
5749,803342,7,motor,0,not-CX,452.3,354.0,992.3,MNad11,0,0,0,0,1,0
5750,803378,7,motor,0,not-CX,367.5,462.5,541.4,MNnm11,0,0,0,0,0,0
5751,803451,7,motor,0,not-CX,465.0,391.2,987.3,MNad35,0,0,0,0,1,0
5752,803480,7,motor,0,not-CX,474.6,507.8,720.4,MNml82,0,0,0,0,1,0
5753,803524,7,motor,0,not-CX,442.4,355.3,1023.5,MNad15,0,0,0,0,1,0
5754,803558,7,motor,0,not-CX,349.6,471.9,540.6,MNnm10,0,0,0,0,0,0
5755,803562,7,motor,0,not-CX,378.0,323.2,989.1,MNad06,0,0,0,0,0,0
5756,803582,7,motor,0,not-CX,443.5,461.0,529.2,MNnm10,0,0,0,0,1,0
5757,803684,7,motor,0,not-CX,356.0,363.4,955.6,MNad36,0,0,0,0,0,0
5758,803690,7,motor,0,not-CX,402.6,426.6,1032.9,MNad22,0,0,0,0,1,0
5759,803709,7,motor,0,not-CX,399.8,319.7,1044.6,MNad15,0,0,0,0,1,0
5760,803717,7,motor,0,not-CX,348.7,358.7,972.8,MNad35,0,0,0,0,0,0
5761,803732,7,motor,0,not-CX,369.1,333.7,993.2,MNad03,0,0,0,0,0,0
5762,803765,7,motor,0,not-CX,356.3,445.0,537.3,MNnm09,0,0,0,0,0,0
5763,803804,7,motor,0,not-CX,400.0,322.7,997.7,MNad14,0,0,0,0,1,0
5764,803813,7,motor,0,not-CX,453.6,394.7,986.5,MNad36,0,0,0,0,1,0
5765,803904,7,motor,0,not-CX,423.6,420.6,1006.9,MNad10,0,0,0,0,1,0
5766,803912,7,motor,0,not-CX,360.4,376.3,984.3,MNad10,0,0,0,0,0,0
5767,803946,7,motor,0,not-CX,419.4,413.4,985.7,MNad10,0,0,0,0,1,0
5768,803992,7,motor,0,not-CX,454.3,353.4,986.2,MNad14,0,0,0,0,1,0
5769,804023,7,motor,0,not-CX,387.6,327.8,1076.2,MNad61,0,0,0,0,1,0
5770,804078,7,motor,0,not-CX,484.8,489.6,950.8,MNhl29,0,0,0,0,1,0
5771,804119,7,motor,0,not-CX,434.6,407.4,1054.5,MNad53,0,0,0,0,1,0
5772,804173,7,motor,0,not-CX,372.8,360.9,957.3,MNad10,0,0,0,0,0,0
5773,804180,7,motor,0,not-CX,410.9,335.3,942.9,MNad14,0,0,0,0,1,0
5774,804195,7,motor,0,not-CX,446.3,353.6,995.6,MNad14,0,0,0,0,1,0
5775,804326,7,motor,0,not-CX,447.9,353.0,978.7,MNad14,0,0,0,0,1,0
5776,804371,7,motor,0,not-CX,383.9,416.7,1015.4,MNad22,0,0,0,0,0,0
5777,804398,7,motor,0,not-CX,388.1,325.4,972.7,MNad14,0,0,0,0,1,0
5778,804445,7,motor,0,not-CX,394.9,320.1,1027.1,MNad14,0,0,0,0,1,0
5779,804625,7,motor,0,not-CX,375.3,406.0,1018.4,MNad22,0,0,0,0,0,0
5780,804775,7,motor,0,not-CX,402.0,412.5,1054.5,MNad20,0,0,0,0,1,0
5781,804847,7,motor,0,not-CX,494.6,479.1,950.4,MNhl88,0,0,0,0,1,0
5782,804860,7,motor,0,not-CX,460.5,384.5,975.2,MNad26,0,0,0,0,1,0
5783,804966,7,motor,0,not-CX,416.2,412.6,978.9,MNad10,0,0,0,0,1,0
5784,804992,7,motor,0,not-CX,459.2,360.7,966.1,MNad18,MNad27,0,0,0,0,1,0
5785,805067,7,motor,0,not-CX,380.8,320.4,1010.4,MNad08,0,0,0,0,0,0
5786,805107,7,motor,0,not-CX,353.7,362.1,969.7,MNad10,0,0,0,0,0,0
5787,805255,7,motor,0,not-CX,467.3,385.6,976.7,MNad32,0,0,0,0,1,0
5788,805326,7,motor,0,not-CX,350.0,366.4,966.3,MNad32,0,0,0,0,0,0
5789,805511,7,motor,0,not-CX,348.6,371.4,983.2,MNad33,0,0,0,0,0,0
5790,805577,7,motor,0,not-CX,410.2,329.6,1022.4,MNad02,0,0,0,0,1,0
5791,805630,7,motor,0,not-CX,410.0,409.4,1062.9,MNad17,0,0,0,0,1,0
5792,805634,7,motor,0,not-CX,366.9,333.7,977.4,MNad05,0,0,0,0,0,0
5793,805647,7,motor,0,not-CX,392.2,423.9,1034.4,MNad23,0,0,0,0,1,0
5794,805690,7,motor,0,not-CX,352.0,371.4,977.6,MNad26,0,0,0,0,0,0
5795,805757,7,motor,0,not-CX,451.6,353.9,973.6,MNad11,0,0,0,0,1,0
5796,805776,7,motor,0,not-CX,454.7,362.0,988.4,MNad06,0,0,0,0,1,0
5797,805790,7,motor,0,not-CX,400.6,350.9,855.8,MNad46,0,0,0,0,1,0
5798,805797,7,motor,0,not-CX,418.4,343.1,918.6,MNad06,0,0,0,0,1,0
5799,805842,7,motor,0,not-CX,467.3,364.4,961.5,MNad44,0,0,0,0,1,0
5800,805879,7,motor,0,not-CX,416.9,408.4,1064.6,MNad17,0,0,0,0,1,0
5801,805881,7,motor,0,not-CX,460.7,365.5,1001.4,MNad05,0,0,0,0,1,0
5802,805974,7,motor,0,not-CX,459.8,367.1,975.5,MNad05,0,0,0,0,1,0
5803,805980,7,motor,0,not-CX,387.9,320.7,1007.8,MNad07,0,0,0,0,1,0
5804,806008,7,motor,0,not-CX,417.1,339.5,1018.1,MNad02,0,0,0,0,1,0
5805,806014,7,motor,0,not-CX,462.3,358.0,936.6,MNad46,0,0,0,0,1,0
5806,806037,7,motor,0,not-CX,372.5,331.1,969.6,MNad06,0,0,0,0,0,0
5807,806047,7,motor,0,not-CX,0.0,0.0,0.0,MNad17,0,0,0,0,0,1
5808,806061,7,motor,0,not-CX,456.9,360.9,997.0,MNad11,0,0,0,0,1,0
5809,806094,7,motor,0,not-CX,358.3,332.0,977.2,MNad08,0,0,0,0,0,0
5810,806124,7,motor,0,not-CX,383.4,327.5,960.2,MNad08,0,0,0,0,0,0
5811,806144,7,motor,0,not-CX,392.9,322.8,976.6,MNad11,0,0,0,0,1,0
5812,806161,7,motor,0,not-CX,413.4,351.8,850.7,MNad24,0,0,0,0,1,0
5813,806253,7,motor,0,not-CX,405.1,337.8,918.0,MNad11,0,0,0,0,1,0
5814,806281,7,motor,0,not-CX,363.3,329.0,981.2,MNad06,0,0,0,0,0,0
5815,806302,7,motor,0,not-CX,443.2,351.1,965.6,MNad08,0,0,0,0,1,0
5816,806355,7,motor,0,not-CX,462.5,358.0,996.5,MNad08,0,0,0,0,1,0
5817,806403,7,motor,0,not-CX,359.9,451.7,538.9,MNnm14,0,0,0,0,0,0
5818,806427,7,motor,0,not-CX,404.1,324.7,987.6,MNad11,0,0,0,0,1,0
5819,806489,7,motor,0,not-CX,451.3,469.3,532.4,MNnm14,0,0,0,0,1,0
5820,806561,7,motor,0,not-CX,403.1,354.2,853.1,MNad24,0,0,0,0,1,0
5821,806601,7,motor,0,not-CX,395.1,321.0,1058.4,MNad69,0,0,0,0,1,0
5822,806620,7,motor,0,not-CX,393.5,335.8,917.4,MNad06,0,0,0,0,1,0
5823,806643,7,motor,0,not-CX,463.4,375.3,1012.3,MNad05,0,0,0,0,1,0
5824,806671,7,motor,0,not-CX,412.4,330.7,983.5,MNad02,0,0,0,0,1,0
5825,806679,7,motor,0,not-CX,401.8,412.8,1062.5,MNad12,0,0,0,0,1,0
5826,806689,7,motor,0,not-CX,385.3,322.3,1031.7,MNad09,0,0,0,0,0,0
5827,806754,7,motor,0,not-CX,462.8,400.8,993.4,MNad31,0,0,0,0,1,0
5828,806779,7,motor,0,not-CX,447.2,356.8,1015.9,MNad09,0,0,0,0,1,0
5829,806817,7,motor,0,not-CX,454.7,359.2,1008.0,MNad11,0,0,0,0,1,0
5830,806837,7,motor,0,not-CX,462.0,388.5,978.0,MNad47,0,0,0,0,1,0
5831,806902,7,motor,0,not-CX,370.5,339.8,948.4,MNad44,0,0,0,0,0,0
5832,806943,7,motor,0,not-CX,354.3,357.6,962.5,MNad47,0,0,0,0,0,0
5833,807010,7,motor,0,not-CX,414.7,333.9,965.6,MNad02,0,0,0,0,1,0
5834,807075,7,motor,0,not-CX,414.7,335.3,959.1,MNad02,0,0,0,0,1,0
5835,807144,7,motor,0,not-CX,422.6,341.1,995.6,MNad02,0,0,0,0,1,0
5836,807160,7,motor,0,not-CX,499.1,469.7,953.1,MNhl01,0,0,0,0,1,0
5837,807176,7,motor,0,not-CX,324.8,481.7,967.9,MNad28,0,0,0,0,0,0
5838,807312,7,motor,0,not-CX,457.4,358.2,925.2,MNad56,0,0,0,0,1,0
5839,807368,7,motor,0,not-CX,487.2,488.8,939.0,MNad28,0,0,0,0,1,0
5840,807395,7,motor,0,not-CX,305.1,487.9,723.9,MNml29,0,0,0,0,0,0
5841,807396,7,motor,0,not-CX,374.0,340.5,902.6,MNad56,0,0,0,0,0,0
5842,807401,7,motor,0,not-CX,374.4,333.5,962.6,MNad01,0,0,0,0,0,0
5843,807464,7,motor,0,not-CX,410.0,345.3,833.4,MNad02,0,0,0,0,1,0
5844,807569,7,motor,0,not-CX,353.9,353.4,967.2,MNad31,0,0,0,0,0,0
5845,807594,7,motor,0,not-CX,450.8,364.6,971.6,MNad01,0,0,0,0,1,0
5846,807638,7,motor,0,not-CX,402.8,345.0,828.3,MNad02,0,0,0,0,1,0
5847,807649,7,motor,0,not-CX,393.2,319.9,1015.7,MNad11,0,0,0,0,1,0
5848,807681,7,motor,0,not-CX,463.8,386.2,1003.7,MNad16,0,0,0,0,1,0
5849,807694,7,motor,0,not-CX,357.3,343.3,978.3,MNad16,0,0,0,0,0,0
5850,807713,7,motor,0,not-CX,404.8,325.0,1006.8,MNad02,0,0,0,0,1,0
5851,807813,7,motor,0,not-CX,465.9,385.8,971.7,MNad45,0,0,0,0,1,0
5852,807837,7,motor,0,not-CX,412.6,356.9,845.2,MNad43,0,0,0,0,1,0
5853,807838,7,motor,0,not-CX,407.5,344.5,894.9,MNad02,0,0,0,0,1,0
5854,807870,7,motor,0,not-CX,466.5,357.5,956.9,MNad16,0,0,0,0,1,0
5855,807899,7,motor,0,not-CX,356.9,346.3,986.3,MNad05,0,0,0,0,0,0
5856,807945,7,motor,0,not-CX,403.7,374.4,1075.5,MNad17,0,0,0,0,1,0
5857,808101,7,motor,0,not-CX,373.1,329.9,976.4,MNad01,0,0,0,0,0,0
5858,808134,7,motor,0,not-CX,386.9,344.5,874.5,MNad01,0,0,0,0,1,0
5859,808208,7,motor,0,not-CX,421.5,340.5,1003.1,MNad02,0,0,0,0,1,0
5860,808250,7,motor,0,not-CX,393.7,316.3,1073.9,MNad53,0,0,0,0,1,0
5861,808464,7,motor,0,not-CX,412.7,332.3,1040.8,MNad57,0,0,0,0,1,0
5862,808532,7,motor,0,not-CX,454.9,385.2,1008.6,MNad01,0,0,0,0,1,0
5863,808572,7,motor,0,not-CX,407.3,328.0,1037.2,MNad57,0,0,0,0,1,0
5864,808621,7,motor,0,not-CX,455.2,359.8,917.3,MNad01,0,0,0,0,1,0
5865,808720,7,motor,0,not-CX,464.2,368.3,984.5,MNad16,0,0,0,0,1,0
5866,808820,7,motor,0,not-CX,350.4,341.1,989.2,MNad01,0,0,0,0,0,0
5867,808888,7,motor,0,not-CX,370.1,346.2,939.5,MNad16,0,0,0,0,0,0
5868,808926,7,motor,0,not-CX,395.2,367.4,1073.8,MNad04,MNad48,0,0,0,0,1,0
5869,809055,7,motor,0,not-CX,319.5,460.7,974.8,MNhl88,0,0,0,0,0,0
5870,809238,7,motor,0,not-CX,361.8,347.1,958.1,MNad16,0,0,0,0,0,0
5871,809304,7,motor,0,not-CX,379.6,402.9,993.3,MNad45,0,0,0,0,0,0
5872,809397,7,motor,0,not-CX,406.4,404.4,1063.9,MNad04,MNad48,0,0,0,0,1,0
5873,809401,7,motor,0,not-CX,465.2,360.9,980.4,MNad25,0,0,0,0,1,0
5874,809484,7,motor,0,not-CX,479.2,370.7,964.5,MNad30,0,0,0,0,1,0
5875,809492,7,motor,0,not-CX,391.5,370.2,1069.9,MNad04,MNad48,0,0,0,0,1,0
5876,809862,7,motor,0,not-CX,386.4,321.1,1014.6,MNad09,0,0,0,0,1,0
5877,810069,7,motor,0,not-CX,447.5,355.1,1005.1,MNad09,0,0,0,0,1,0
5878,810086,7,motor,0,not-CX,461.9,380.2,1015.4,MNad03,0,0,0,0,1,0
5879,810241,7,motor,0,not-CX,385.2,323.2,987.1,MNad09,0,0,0,0,0,0
5880,810372,7,motor,0,not-CX,452.9,377.2,1006.9,MNad09,0,0,0,0,1,0
5881,811137,7,motor,0,not-CX,426.4,434.0,1005.9,MNhl87,0,0,0,0,1,0
5882,811395,7,motor,0,not-CX,306.4,478.1,860.3,MNxm02,0,0,0,0,0,0
5883,811400,7,motor,0,not-CX,487.0,483.9,854.5,MNxm02,0,0,0,0,1,0
5884,811554,7,motor,0,not-CX,363.7,330.7,992.9,MNad07,0,0,0,0,0,0
5885,811952,7,motor,0,not-CX,468.7,365.5,996.0,MNad07,0,0,0,0,1,0
5886,811999,7,motor,0,not-CX,453.9,366.2,995.2,MNad09,0,0,0,0,1,0
5887,812186,7,motor,0,not-CX,387.6,325.4,979.0,MNad09,0,0,0,0,1,0
5888,812193,7,motor,0,not-CX,410.7,342.5,1061.9,MNad55,0,0,0,0,1,0
5889,812354,7,motor,0,not-CX,387.2,343.1,885.7,MNad43,0,0,0,0,1,0
5890,812385,7,motor,0,not-CX,361.6,331.1,972.6,MNad07,0,0,0,0,0,0
5891,812503,7,motor,0,not-CX,414.3,350.5,1065.3,MNad49,0,0,0,0,1,0
5892,812718,7,motor,0,not-CX,459.9,404.5,1035.3,MNad07,0,0,0,0,1,0
5893,812752,7,motor,0,not-CX,366.0,430.4,807.1,MNxm03,0,0,0,0,0,0
5894,812899,7,motor,0,not-CX,395.2,418.1,982.2,MNhl87,0,0,0,0,1,0
5895,812988,7,motor,0,not-CX,432.4,460.2,819.2,MNxm03,0,0,0,0,1,0
5896,813291,7,motor,0,not-CX,390.7,330.4,952.0,MNad25,0,0,0,0,1,0
5897,813633,7,motor,0,not-CX,391.1,331.8,942.7,MNad21,0,0,0,0,1,0
5898,814106,7,motor,0,not-CX,390.4,413.3,1057.4,MNad04,MNad48,0,0,0,0,1,0
5899,814206,7,motor,0,not-CX,453.3,364.4,1025.1,MNad06,0,0,0,0,1,0
5900,814430,7,motor,0,not-CX,461.3,397.6,1021.4,MNad03,0,0,0,0,1,0
5901,814983,7,motor,0,not-CX,297.4,492.8,700.7,MNml78,0,0,0,0,0,0
5902,814989,7,motor,0,not-CX,373.3,323.0,976.3,MNad03,0,0,0,0,0,0
5903,815075,7,motor,0,not-CX,453.7,373.3,1031.9,MNad17,0,0,0,0,1,0
5904,815205,7,motor,0,not-CX,451.7,378.1,988.7,MNad03,0,0,0,0,1,0
5905,815209,7,motor,0,not-CX,349.9,380.8,996.6,MNad29,0,0,0,0,0,0
5906,815281,7,motor,0,not-CX,390.2,320.3,1021.1,MNad03,0,0,0,0,1,0
5907,815682,7,motor,0,not-CX,468.5,393.8,992.5,MNad29,0,0,0,0,1,0
5908,816022,7,motor,0,not-CX,321.0,471.5,975.4,MNhl29,0,0,0,0,0,0
5909,816501,7,motor,0,not-CX,491.6,485.6,974.9,MNhl02,0,0,0,0,1,0
5910,816810,7,motor,0,not-CX,418.6,345.4,886.3,MNad18,MNad27,0,0,0,0,1,0
5911,817026,7,motor,0,not-CX,492.1,470.9,650.8,MNxm01,0,0,0,0,1,0
5912,817133,7,motor,0,not-CX,386.6,336.9,915.2,MNad18,MNad27,0,0,0,0,1,0
5913,817458,7,motor,0,not-CX,423.9,351.6,867.8,MNad54,0,0,0,0,1,0
5914,817835,7,motor,0,not-CX,378.7,335.7,926.1,MNad18,MNad27,0,0,0,0,0,0
5915,817927,7,motor,0,not-CX,452.1,359.0,969.2,MNad18,MNad27,0,0,0,0,1,0
5916,817990,7,motor,0,not-CX,305.6,497.8,691.8,MNml78,0,0,0,0,0,0
5917,817999,7,motor,0,not-CX,451.3,364.7,894.5,MNad54,0,0,0,0,1,0
5918,818077,7,motor,0,not-CX,404.0,332.3,941.4,MNad18,MNad27,0,0,0,0,1,0
5919,818098,7,motor,0,not-CX,301.7,475.7,654.2,MNxm01,0,0,0,0,0,0
5920,818387,7,motor,0,not-CX,381.2,337.0,909.9,MNad54,0,0,0,0,0,0
5921,818428,7,motor,0,not-CX,373.5,331.6,937.5,MNad54,0,0,0,0,0,0
5922,818563,7,motor,0,not-CX,459.5,364.7,934.3,MNad25,0,0,0,0,1,0
5923,819492,7,motor,0,not-CX,380.5,402.3,1053.2,MNad12,0,0,0,0,0,0
5924,819549,7,motor,0,not-CX,399.4,437.8,1050.2,MNad12,0,0,0,0,1,0
5925,819796,7,motor,0,not-CX,383.1,340.5,898.4,MNad25,0,0,0,0,0,0
5926,820574,7,motor,0,not-CX,307.9,494.0,693.9,MNml83,0,0,0,0,0,0
5927,820632,7,motor,0,not-CX,496.6,496.4,713.0,MNml80,0,0,0,0,1,0
5928,820803,7,motor,0,not-CX,378.9,325.6,965.1,MNad18,MNad27,0,0,0,0,0,0
5929,820983,7,motor,0,not-CX,382.8,412.5,1053.8,MNad12,0,0,0,0,0,0
5930,821494,7,motor,0,not-CX,490.1,517.4,727.4,MNml79,0,0,0,0,1,0
5931,822185,7,motor,0,not-CX,488.0,507.2,716.4,MNml77,0,0,0,0,1,0
5932,822252,7,motor,0,not-CX,478.1,476.9,999.1,MNhl64,0,0,0,0,1,0
5933,822742,7,motor,0,not-CX,476.4,517.0,728.7,MNml80,0,0,0,0,1,0
5934,825991,7,motor,0,not-CX,459.7,356.9,976.3,MNad21,0,0,0,0,1,0
5935,833211,7,motor,0,not-CX,444.1,355.6,929.9,MNad18,MNad27,0,0,0,0,1,0
5936,834952,7,motor,0,not-CX,383.9,470.9,535.9,MNnm07,MNnm12,0,0,0,0,0,0
5937,853504,7,motor,0,not-CX,462.4,448.7,500.8,MNnm07,MNnm12,0,0,0,0,1,0
5938,869369,7,motor,0,not-CX,335.9,458.5,1008.5,MNhl65,0,0,0,0,0,0
5939,895449,7,motor,0,not-CX,494.6,512.3,721.3,MNml78,0,0,0,0,1,0
5940,903090,7,motor,0,not-CX,320.7,479.3,963.2,MNhl62,0,0,0,0,0,0
5941,903153,7,motor,0,not-CX,373.8,466.0,531.4,MNnm13,0,0,0,0,0,0
5942,903508,7,motor,0,not-CX,489.1,522.2,737.5,MNml81,0,0,0,0,1,0
5943,903679,7,motor,0,not-CX,415.9,343.7,1070.4,MNad67,0,0,0,0,1,0
5944,903844,7,motor,0,not-CX,312.3,504.2,712.0,MNml80,0,0,0,0,0,0
5945,904990,7,motor,0,not-CX,0.0,0.0,0.0,MNad62,0,0,0,0,0,1
5946,905210,7,motor,0,not-CX,453.5,462.3,521.2,MNnm11,0,0,0,0,1,0
5947,905236,7,motor,0,not-CX,306.2,499.4,736.9,MNml80,0,0,0,0,0,0
5948,905559,7,motor,0,not-CX,310.8,497.8,689.1,MNml79,0,0,0,0,0,0
5949,905584,7,motor,0,not-CX,0.0,0.0,0.0,MNad66,0,0,0,0,0,1
5950,905617,7,motor,0,not-CX,429.4,454.3,504.9,MNnm09,0,0,0,0,1,0
5951,905709,7,motor,0,not-CX,412.0,336.3,1063.2,MNad55,0,0,0,0,1,0
5952,905792,7,motor,0,not-CX,337.5,370.9,989.0,MNhl01,0,0,0,0,0,0
5953,906003,7,motor,0,not-CX,323.2,463.1,938.3,MNhm43,0,0,0,0,0,0
5954,906111,7,motor,0,not-CX,0.0,0.0,0.0,MNad20,0,0,0,0,0,1
5955,906520,7,motor,0,not-CX,427.2,417.6,997.8,MNad40,0,0,0,0,1,0
5956,907387,7,motor,0,not-CX,311.8,497.1,701.3,MNml77,0,0,0,0,0,0
5957,907422,7,motor,0,not-CX,490.6,520.8,730.0,MNml78,0,0,0,0,1,0
5958,908158,7,motor,0,not-CX,426.6,425.7,1053.5,MNad17,0,0,0,0,1,0
5959,908285,7,motor,0,not-CX,392.1,427.4,1055.2,MNad50,0,0,0,0,1,0
5960,911334,7,motor,0,not-CX,381.9,328.2,1058.8,MNad17,0,0,0,0,0,0
5961,911338,7,motor,0,not-CX,433.4,418.0,1050.9,MNad69,0,0,0,0,1,0
5962,913939,7,motor,0,not-CX,400.6,340.4,888.8,MNad21,0,0,0,0,1,0
5963,917601,7,motor,0,not-CX,462.7,299.6,126.4,MNx05,0,0,0,0,1,0
5964,935161,7,motor,0,not-CX,400.9,431.5,1049.4,MNad04,MNad48,0,0,0,0,1,0
5965,936696,7,motor,0,not-CX,478.6,460.9,1002.1,MNhl65,0,0,0,0,1,0
5966,939950,7,motor,0,not-CX,315.9,466.2,995.8,MNhl60,0,0,0,0,0,0
5967,1004417640,7,motor,0,not-CX,0.0,0.0,0.0,MNx04,0,0,0,0,0,1
5968,1050011487,7,motor,0,not-CX,443.6,454.6,502.9,MNnm07,MNnm12,0,0,0,0,1,0
5969,1050046221,7,motor,0,not-CX,490.7,502.4,700.8,MNml80,0,0,0,0,1,0
5970,1050074465,7,motor,0,not-CX,390.3,319.9,1031.7,MNad15,0,0,0,0,1,0
5971,1050119039,7,motor,0,not-CX,472.1,508.5,710.1,MNml78,0,0,0,0,1,0
5972,1050151215,7,motor,0,not-CX,486.7,500.1,720.2,MNml78,0,0,0,0,1,0
5973,1050160593,7,motor,0,not-CX,301.3,491.5,700.0,MNml76,0,0,0,0,0,0
5974,1050202259,7,motor,0,not-CX,484.4,475.7,981.8,MNhl65,0,0,0,0,1,0
5975,1050211750,7,motor,0,not-CX,369.2,451.9,521.8,MNnm07,MNnm12,0,0,0,0,0,0
5976,1050274189,7,motor,0,not-CX,475.2,474.8,1004.8,MNhl60,0,0,0,0,1,0
5977,1050673969,7,motor,0,not-CX,316.7,509.2,729.4,MNml80,0,0,0,0,0,0
5978,10396,11,CX,3,fan-body,540.4,96.8,264.0,FB2F_a,0,0,0,0,1,0
5979,10453,11,CX,3,fan-body,504.4,88.4,266.1,FB6A_a,0,0,0,0,1,0
5980,10513,11,CX,2,columnar,351.8,158.4,294.1,Delta7,0,0,0,0,0,0
5981,10514,11,CX,3,fan-body,265.4,121.2,274.2,FB6A_c,0,0,0,0,0,0
5982,10539,11,CX,1,ring EPG/PEG,389.1,72.1,218.7,EPG,0,0,0,0,1,0
5983,10568,11,CX,3,fan-body,328.2,146.1,303.7,FB4L,0,0,0,0,0,0
5984,10744,11,CX,3,fan-body,261.9,184.5,122.0,FB5A,0,0,0,0,0,0
5985,10817,11,CX,2,columnar,413.3,95.8,264.8,PFNv,0,0,0,0,1,0
5986,11083,11,CX,3,fan-body,274.8,89.3,266.8,FB6C_b,0,0,0,0,0,0
5987,11184,11,CX,2,columnar,365.0,161.9,295.6,Delta7,0,0,0,0,0,0
5988,11197,11,CX,3,fan-body,519.2,111.6,269.2,FB6I,0,0,0,0,1,0
5989,11255,11,CX,3,fan-body,425.8,163.7,292.0,FB1C,1,0,1,1,1,0
5990,11307,11,CX,1,ring EPG/PEG,407.4,66.5,231.1,EPG,0,0,0,0,1,0
5991,11503,11,CX,1,ring EPG/PEG,322.9,140.0,296.8,EPG,0,0,0,0,0,0
5992,11512,11,CX,2,columnar,389.7,84.1,231.2,hDeltaB,0,0,0,0,1,0
5993,11874,11,CX,1,ring EPG/PEG,440.4,113.6,295.9,EPG,0,0,0,0,1,0
5994,11987,11,CX,1,ring EPG/PEG,348.7,80.8,236.8,EPG,0,0,0,0,0,0
5995,11989,11,CX,1,ring EPG/PEG,418.1,65.3,240.0,EPG,0,0,0,0,1,0
5996,11994,11,CX,3,fan-body,318.3,297.9,144.4,FB5L,0,0,0,0,0,0
5997,12083,11,CX,3,fan-body,447.1,274.2,131.2,FB4B,0,0,0,0,1,0
5998,12106,11,CX,3,fan-body,337.6,130.6,292.8,FB1G,1,0,1,1,0,0
5999,12221,11,CX,3,fan-body,513.8,177.0,113.9,FB5A,0,0,0,0,1,0
6000,12248,11,CX,3,fan-body,259.4,118.6,273.6,FB6A_a,0,0,0,0,0,0
6001,12311,11,CX,3,fan-body,269.2,168.4,144.3,FB5D,0,0,0,0,0,0
6002,12333,11,CX,3,fan-body,332.6,150.7,288.4,FB4M,0,0,0,0,0,0
6003,12449,11,CX,1,ring EPG/PEG,419.4,78.0,238.8,EPG,0,0,0,0,1,0
6004,12674,11,CX,3,fan-body,272.1,97.5,267.8,FB6C_a,0,0,0,0,0,0
6005,12763,11,CX,3,fan-body,395.7,107.6,218.8,FB4K,0,0,0,0,1,0
6006,12802,11,CX,3,fan-body,317.6,304.9,155.1,FB4B,1,0,1,0,0,0
6007,12844,11,CX,3,fan-body,438.2,276.1,137.9,FB3A,0,0,0,0,1,0
6008,13033,11,CX,3,fan-body,420.8,147.8,276.4,FB5AB,0,0,0,0,1,0
6009,13058,11,CX,3,fan-body,435.9,113.9,280.1,FB1G,1,0,1,1,1,0
6010,13101,11,CX,3,fan-body,332.8,139.9,283.0,FB5AB,0,0,0,0,0,0
6011,13142,11,CX,3,fan-body,258.5,185.4,128.8,FB5A,0,0,0,0,0,0
6012,13217,11,CX,1,ring EPG/PEG,428.4,142.4,298.3,EPG,0,0,0,0,1,0
6013,13316,11,CX,3,fan-body,448.4,275.2,142.1,FB5L,0,0,0,0,1,0
6014,13392,11,CX,2,columnar,439.1,134.8,291.2,hDeltaH,0,0,0,0,1,0
6015,13411,11,CX,3,fan-body,428.0,115.8,286.5,FB8B,0,0,0,0,1,0
6016,13417,11,CX,2,columnar,351.4,109.1,258.4,hDeltaB,0,0,0,0,0,0
6017,13418,11,CX,3,fan-body,271.8,99.6,273.8,FB6D,0,0,0,0,0,0
6018,13559,11,CX,3,fan-body,431.9,155.6,284.1,FB4Y,1,0,1,1,1,0
6019,13650,11,CX,3,fan-body,438.9,273.7,141.8,FB4F_c,0,0,0,0,1,0
6020,13732,11,CX,2,columnar,372.7,93.4,238.1,hDeltaI,0,0,0,0,0,0
6021,13862,11,CX,3,fan-body,511.0,119.1,273.5,FB2I_a,1,0,1,1,1,0
6022,13892,11,CX,2,columnar,388.0,123.9,251.6,PFR_b,0,0,0,0,1,0
6023,13893,11,CX,3,fan-body,260.0,177.6,120.4,FB3C,0,0,0,0,0,0
6024,13902,11,CX,3,fan-body,505.8,109.1,268.5,FB2I_a,0,0,0,0,1,0
6025,13914,11,CX,2,columnar,379.8,90.4,222.6,hDeltaK,0,0,0,0,0,0
6026,14120,11,CX,3,fan-body,0.0,0.0,0.0,FB2D,0,0,0,0,0,1
6027,14222,11,CX,3,fan-body,258.6,102.4,272.5,FB7A,0,0,0,0,0,0
6028,14420,11,CX,3,fan-body,268.7,108.2,272.5,FB4X,0,0,0,0,0,0
6029,14434,11,CX,3,fan-body,342.8,163.2,280.1,FB4Y,0,0,0,0,0,0
6030,14507,11,CX,1,ring EPG/PEG,325.0,121.3,299.0,EPG,0,0,0,0,0,0
6031,14509,11,CX,2,columnar,319.3,230.4,311.3,Delta7,0,0,0,0,0,0
6032,14540,11,CX,3,fan-body,253.8,82.6,263.6,FB6H,0,0,0,0,0,0
6033,14631,11,CX,2,columnar,413.8,92.5,261.5,PFNp_c,0,0,0,0,1,0
6034,14677,11,CX,3,fan-body,500.9,107.9,271.0,FB5I,0,0,0,0,1,0
6035,14703,11,CX,3,fan-body,421.3,68.6,234.8,FB8F_a,0,0,0,0,1,0
6036,14727,11,CX,1,ring EPG/PEG,437.3,103.5,291.8,EPG,0,0,0,0,1,0
6037,14806,11,CX,2,columnar,464.7,151.8,305.5,Delta7,0,0,0,0,1,0
6038,14816,11,CX,2,columnar,453.3,153.2,309.4,Delta7,0,0,0,0,1,0
6039,14975,11,CX,2,columnar,326.5,136.8,286.2,hDeltaC,0,0,0,0,0,0
6040,15129,11,CX,3,fan-body,451.3,277.2,136.0,FB1I,0,0,0,0,1,0
6041,15325,11,CX,3,fan-body,448.2,278.4,131.9,FB4C,1,0,1,0,1,0
6042,15398,11,CX,2,columnar,316.5,196.6,310.6,Delta7,0,0,0,0,0,0
6043,15399,11,CX,2,columnar,312.4,198.0,309.6,Delta7,0,0,0,0,0,0
6044,15409,11,CX,2,columnar,401.5,222.2,291.7,Delta7,0,0,0,0,1,0
6045,15495,11,CX,2,columnar,366.8,167.2,296.3,Delta7,0,0,0,0,0,0
6046,15616,11,CX,1,ring EPG/PEG,369.9,72.7,221.6,EPG,0,0,0,0,0,0
6047,15654,11,CX,2,columnar,404.9,205.9,304.1,Delta7,0,0,0,0,1,0
6048,15713,11,CX,1,ring EPG/PEG,413.7,67.5,234.2,EPG,0,0,0,0,1,0
6049,15768,11,CX,3,fan-body,320.9,298.7,153.8,FB3A,0,0,0,0,0,0
6050,15837,11,CX,2,columnar,308.7,200.7,304.5,Delta7,0,0,0,0,0,0
6051,15839,11,CX,2,columnar,377.9,167.6,296.6,Delta7,0,0,0,0,0,0
6052,15851,11,CX,2,columnar,433.2,212.6,304.3,Delta7,0,0,0,0,1,0
6053,15888,11,CX,3,fan-body,341.7,174.7,297.4,FB4M,1,0,1,1,0,0
6054,15904,11,CX,2,columnar,314.6,231.1,309.6,Delta7,0,0,0,0,0,0
6055,15919,11,CX,3,fan-body,434.8,266.0,131.2,FB3A,0,0,0,0,1,0
6056,15924,11,CX,3,fan-body,456.9,266.4,128.7,FB4G,0,0,0,0,1,0
6057,15929,11,CX,3,fan-body,497.4,168.5,139.6,FB5AA,0,0,0,0,1,0
6058,15967,11,CX,2,columnar,359.2,145.7,289.8,PFNa,0,0,0,0,0,0
6059,16008,11,CX,1,ring EPG/PEG,386.8,67.9,210.7,PEG,0,0,0,0,1,0
6060,16100,11,CX,3,fan-body,464.3,260.9,150.9,FB6O,0,0,0,0,1,0
6061,16110,11,CX,2,columnar,314.0,199.2,303.5,Delta7,0,0,0,0,0,0
6062,16158,11,CX,2,columnar,413.1,79.5,237.9,hDeltaH,0,0,0,0,1,0
6063,16180,11,CX,2,columnar,310.3,194.0,305.3,Delta7,0,0,0,0,0,0
6064,16214,11,CX,2,columnar,324.5,135.0,289.8,PFR_b,0,0,0,0,0,0
6065,16234,11,CX,2,columnar,361.8,170.8,296.4,Delta7,0,0,0,0,0,0
6066,16292,11,CX,3,fan-body,264.0,101.1,272.1,FB6E,0,0,0,0,0,0
6067,16303,11,CX,2,columnar,410.2,74.8,240.1,PFR_a,0,0,0,0,1,0
6068,16315,11,CX,3,fan-body,498.3,82.9,270.3,FB6F,0,0,0,0,1,0
6069,16360,11,CX,1,ring EPG/PEG,410.9,69.3,231.8,EPG,0,0,0,0,1,0
6070,16412,11,CX,2,columnar,424.5,231.2,305.0,Delta7,0,0,0,0,1,0
6071,16430,11,CX,3,fan-body,509.0,82.6,260.8,FB5H,0,0,0,0,1,0
6072,16476,11,CX,2,columnar,474.3,152.0,303.6,Delta7,0,0,0,0,1,0
6073,16540,11,CX,2,columnar,307.6,196.8,307.5,Delta7,0,0,0,0,0,0
6074,16553,11,CX,2,columnar,452.9,150.6,300.4,Delta7,0,0,0,0,1,0
6075,16869,11,CX,2,columnar,455.8,179.4,298.7,Delta7,0,0,0,0,1,0
6076,16908,11,CX,3,fan-body,276.5,163.1,126.9,FB4O,0,0,0,0,0,0
6077,16973,11,CX,3,fan-body,247.1,88.4,259.9,FB2G_b,0,0,0,0,0,0
6078,17024,11,CX,2,columnar,469.6,152.8,306.3,Delta7,0,0,0,0,1,0
6079,17061,11,CX,3,fan-body,435.8,148.6,304.9,FB4L,0,0,0,0,1,0
6080,17143,11,CX,2,columnar,299.6,256.4,304.4,Delta7,0,0,0,0,0,0
6081,17379,11,CX,2,columnar,317.4,183.9,308.2,Delta7,0,0,0,0,0,0
6082,17480,11,CX,3,fan-body,458.9,275.5,125.7,FB2D,0,0,0,0,1,0
6083,17552,11,CX,3,fan-body,269.0,88.4,268.8,FB7A,0,0,0,0,0,0
6084,17602,11,CX,2,columnar,413.2,144.2,288.3,hDeltaL,0,0,0,0,1,0
6085,17720,11,CX,3,fan-body,323.9,123.3,101.4,FB2B_b,0,0,0,0,0,0
6086,17728,11,CX,2,columnar,431.4,137.6,284.3,hDeltaC,0,0,0,0,1,0
6087,17738,11,CX,3,fan-body,249.0,86.4,266.4,FB2H_b,0,0,0,0,0,0
6088,17749,11,CX,3,fan-body,456.5,279.7,143.6,FB2L,0,0,0,0,1,0
6089,17753,11,CX,2,columnar,419.2,224.9,301.6,Delta7,0,0,0,0,1,0
6090,17759,11,CX,3,fan-body,320.8,294.9,147.6,FB5N,0,0,0,0,0,0
6091,17763,11,CX,3,fan-body,507.2,114.9,273.8,FB6B,0,0,0,0,1,0
6092,17780,11,CX,2,columnar,368.9,93.1,239.9,hDeltaJ,0,0,0,0,0,0
6093,17801,11,CX,2,columnar,328.0,137.6,282.3,hDeltaA,0,0,0,0,0,0
6094,17804,11,CX,2,columnar,469.9,195.9,301.0,Delta7,0,0,0,0,1,0
6095,17816,11,CX,2,columnar,332.6,142.5,287.3,hDeltaB,0,0,0,0,0,0
6096,17820,11,CX,2,columnar,343.0,111.9,257.2,hDeltaB,0,0,0,0,0,0
6097,17874,11,CX,2,columnar,452.7,128.2,291.4,hDeltaM,0,0,0,0,1,0
6098,17991,11,CX,2,columnar,414.0,97.7,242.5,hDeltaA,0,0,0,0,1,0
6099,18065,11,CX,3,fan-body,270.2,92.8,267.5,FB6C_b,0,0,0,0,0,0
6100,18113,11,CX,3,fan-body,440.5,263.5,151.7,FB6N,0,0,0,0,1,0
6101,18178,11,CX,3,fan-body,511.1,124.0,275.2,FB2I_a,0,0,0,0,1,0
6102,18221,11,CX,3,fan-body,316.3,106.6,115.0,FB2B_a,0,0,0,0,0,0
6103,18422,11,CX,3,fan-body,499.9,95.3,274.2,FB6C_b,0,0,0,0,1,0
6104,18482,11,CX,2,columnar,399.2,76.0,225.5,hDeltaD,0,0,0,0,1,0
6105,18586,11,CX,2,columnar,401.8,85.9,234.3,PFR_a,0,0,0,0,1,0
6106,18639,11,CX,2,columnar,473.1,150.8,298.1,Delta7,0,0,0,0,1,0
6107,18666,11,CX,3,fan-body,501.6,161.6,131.1,FB4P_b,0,0,0,0,1,0
6108,18670,11,CX,2,columnar,320.6,144.4,294.8,PFR_b,0,0,0,0,0,0
6109,18823,11,CX,2,columnar,363.2,150.8,292.7,Delta7,0,0,0,0,0,0
6110,18899,11,CX,3,fan-body,272.9,94.7,271.6,FB6G,0,0,0,0,0,0
6111,18982,11,CX,3,fan-body,315.2,304.7,150.1,FB2D,0,0,0,0,0,0
6112,19100,11,CX,2,columnar,405.8,110.5,262.2,hDeltaB,0,0,0,0,1,0
6113,19125,11,CX,1,ring EPG/PEG,349.8,73.7,232.8,EPG,0,0,0,0,0,0
6114,19238,11,CX,3,fan-body,265.5,91.2,269.7,FB7A,0,0,0,0,0,0
6115,19266,11,CX,3,fan-body,510.1,158.0,125.3,FB4R,0,0,0,0,1,0
6116,19337,11,CX,3,fan-body,252.0,94.1,266.2,FB2I_a,1,0,1,1,0,0
6117,19373,11,CX,3,fan-body,279.8,167.7,124.2,FB4P_c,0,0,0,0,0,0
6118,19443,11,CX,2,columnar,325.1,131.0,290.6,PFR_a,0,0,0,0,0,0
6119,19460,11,CX,3,fan-body,520.9,156.1,128.8,FB4P_c,0,0,0,0,1,0
6120,19602,11,CX,2,columnar,352.5,100.3,252.6,hDeltaB,0,0,0,0,0,0
6121,19700,11,CX,3,fan-body,263.6,110.6,269.5,FB2I_a,1,0,1,1,0,0
6122,19798,11,CX,2,columnar,429.8,137.9,279.1,hDeltaG,0,0,0,0,1,0
6123,19825,11,CX,1,ring EPG/PEG,352.8,76.4,230.6,EPG,0,0,0,0,0,0
6124,19974,11,CX,3,fan-body,264.0,91.0,265.3,FB2I_a,1,0,1,1,0,0
6125,20007,11,CX,1,ring EPG/PEG,327.2,105.9,287.6,PEG,0,0,0,0,0,0
6126,20231,11,CX,2,columnar,398.4,100.8,265.7,hDeltaC,0,0,0,0,1,0
6127,20331,11,CX,3,fan-body,263.4,96.2,269.7,FB6B,0,0,0,0,0,0
6128,20339,11,CX,2,columnar,360.0,136.3,284.7,PFNm_b,0,0,0,0,0,0
6129,20478,11,CX,3,fan-body,232.8,83.7,261.0,FB1D,0,0,0,0,0,0
6130,20520,11,CX,2,columnar,402.7,85.5,243.2,hDeltaB,0,0,0,0,1,0
6131,20565,11,CX,2,columnar,328.9,126.0,282.9,hDeltaG,0,0,0,0,0,0
6132,20578,11,CX,3,fan-body,530.7,114.2,271.6,FB1D,0,0,0,0,1,0
6133,20792,11,CX,2,columnar,389.7,68.1,208.2,hDeltaL,0,0,0,0,1,0
6134,20906,11,CX,3,fan-body,221.0,112.4,274.1,FB2F_a,0,0,0,0,0,0
6135,20925,11,CX,3,fan-body,331.6,126.4,293.3,FB6M,0,0,0,0,0,0
6136,20951,11,CX,2,columnar,344.3,104.7,256.5,hDeltaC,0,0,0,0,0,0
6137,20969,11,CX,2,columnar,411.9,79.1,242.0,hDeltaE,0,0,0,0,1,0
6138,20997,11,CX,3,fan-body,504.3,95.0,271.8,FB2I_a,0,0,0,0,1,0
6139,21018,11,CX,2,columnar,372.2,85.3,232.8,hDeltaA,0,0,0,0,0,0
6140,21053,11,CX,3,fan-body,273.1,159.9,137.6,FB5AA,0,0,0,0,0,0
6141,21204,11,CX,3,fan-body,314.9,300.1,140.3,FB4D_a,1,0,1,0,0,0
6142,21229,11,CX,2,columnar,413.8,147.6,286.1,hDeltaD,0,0,0,0,1,0
6143,21345,11,CX,2,columnar,346.5,66.7,235.9,PFNd,0,0,0,0,0,0
6144,21519,11,CX,3,fan-body,341.4,179.0,295.2,FB2A,0,0,0,0,0,0
6145,21700,11,CX,3,fan-body,504.6,152.6,138.5,FB4R,0,0,0,0,1,0
6146,21785,11,CX,3,fan-body,247.6,90.5,263.7,FB1D,0,0,0,0,0,0
6147,21911,11,CX,3,fan-body,308.5,298.3,153.1,FB2D,1,0,1,0,0,0
6148,22083,11,CX,3,fan-body,391.4,69.0,192.9,FB4K,1,0,1,1,1,0
6149,22086,11,CX,2,columnar,418.9,102.8,258.6,hDeltaB,0,0,0,0,1,0
6150,22103,11,CX,3,fan-body,449.3,280.8,138.8,FB7H,0,0,0,0,1,0
6151,22291,11,CX,3,fan-body,272.6,168.9,141.4,FB6V,0,0,0,0,0,0
6152,22302,11,CX,2,columnar,358.4,79.5,233.6,hDeltaM,0,0,0,0,0,0
6153,22343,11,CX,3,fan-body,249.2,85.2,262.8,FB2G_b,0,0,0,0,0,0
6154,22446,11,CX,2,columnar,402.3,84.8,238.6,hDeltaH,0,0,0,0,1,0
6155,22521,11,CX,3,fan-body,459.3,270.3,132.9,FB5N,0,0,0,0,1,0
6156,22683,11,CX,2,columnar,413.8,90.9,248.0,hDeltaM,0,0,0,0,1,0
6157,22700,11,CX,3,fan-body,275.5,168.5,119.8,FB4Q_a,0,0,0,0,0,0
6158,22721,11,CX,3,fan-body,244.0,84.6,259.3,FB2I_b,0,0,0,0,0,0
6159,22766,11,CX,3,fan-body,514.3,111.0,271.2,FB6Z,0,0,0,0,1,0
6160,22835,11,CX,2,columnar,355.6,149.8,290.0,PFNd,0,0,0,0,0,0
6161,22838,11,CX,2,columnar,326.8,123.1,285.0,hDeltaH,0,0,0,0,0,0
6162,22844,11,CX,3,fan-body,520.1,163.0,113.4,FB8I,0,0,0,0,1,0
6163,22923,11,CX,2,columnar,335.7,131.6,286.8,hDeltaM,0,0,0,0,0,0
6164,23071,11,CX,2,columnar,444.1,133.2,293.9,hDeltaE,0,0,0,0,1,0
6165,23083,11,CX,2,columnar,368.3,82.2,238.1,hDeltaK,0,0,0,0,0,0
6166,23090,11,CX,2,columnar,361.6,97.3,258.6,hDeltaB,0,0,0,0,0,0
6167,23231,11,CX,2,columnar,368.2,89.1,243.0,hDeltaC,0,0,0,0,0,0
6168,23232,11,CX,3,fan-body,452.6,281.3,147.0,FB4D_c,0,0,0,0,1,0
6169,23359,11,CX,2,columnar,422.1,86.4,242.4,hDeltaK,0,0,0,0,1,0
6170,23381,11,CX,2,columnar,348.2,92.3,235.3,hDeltaD,0,0,0,0,0,0
6171,23419,11,CX,3,fan-body,495.4,171.6,119.4,FB3C,0,0,0,0,1,0
6172,23461,11,CX,2,columnar,345.3,88.3,263.9,PFNa,0,0,0,0,0,0
6173,23473,11,CX,3,fan-body,274.4,167.6,134.1,FB5V_a,0,0,0,0,0,0
6174,23565,11,CX,3,fan-body,260.7,79.0,258.6,FB2E,0,0,0,0,0,0
6175,23596,11,CX,3,fan-body,284.7,161.6,128.9,FB7I,0,0,0,0,0,0
6176,23601,11,CX,3,fan-body,338.6,156.9,280.0,FB4Y,0,0,0,0,0,0
6177,23630,11,CX,2,columnar,417.4,144.8,278.8,hDeltaC,0,0,0,0,1,0
6178,23800,11,CX,3,fan-body,330.5,121.1,289.2,FB6M,0,0,0,0,0,0
6179,23812,11,CX,3,fan-body,435.1,270.2,140.7,FB4F_a,0,0,0,0,1,0
6180,23846,11,CX,3,fan-body,272.9,154.1,284.1,FB4N,0,0,0,0,0,0
6181,23858,11,CX,2,columnar,437.0,139.0,283.9,hDeltaK,0,0,0,0,1,0
6182,23986,11,CX,2,columnar,404.6,65.5,224.7,hDeltaD,0,0,0,0,1,0
6183,24051,11,CX,3,fan-body,449.7,268.0,131.9,FB1J,0,0,0,0,1,0
6184,24088,11,CX,3,fan-body,316.0,290.1,136.0,FB4D_c,0,0,0,0,0,0
6185,24153,11,CX,2,columnar,353.1,96.6,250.1,hDeltaK,0,0,0,0,0,0
6186,24291,11,CX,3,fan-body,507.9,160.0,130.7,FB4O,0,0,0,0,1,0
6187,24314,11,CX,2,columnar,327.1,142.2,295.1,hDeltaK,0,0,0,0,0,0
6188,24380,11,CX,3,fan-body,516.8,114.8,272.8,FB1D,0,0,0,0,1,0
6189,24387,11,CX,2,columnar,401.6,70.1,207.7,hDeltaF,0,0,0,0,1,0
6190,24436,11,CX,3,fan-body,501.6,112.6,272.0,FB5Y_a,0,0,0,0,1,0
6191,24567,11,CX,3,fan-body,539.2,113.1,269.1,FB7A,0,0,0,0,1,0
6192,24671,11,CX,2,columnar,330.1,139.1,291.2,hDeltaK,0,0,0,0,0,0
6193,24683,11,CX,2,columnar,416.9,66.2,247.0,PFNv,0,0,0,0,1,0
6194,24821,11,CX,3,fan-body,499.4,118.5,273.6,FB5Y_b,0,0,0,0,1,0
6195,24933,11,CX,3,fan-body,445.1,270.1,125.6,FB2D,0,0,0,0,1,0
6196,24963,11,CX,2,columnar,351.8,86.8,251.4,hDeltaK,0,0,0,0,0,0
6197,25024,11,CX,2,columnar,405.9,132.6,286.5,hDeltaK,0,0,0,0,1,0
6198,25036,11,CX,2,columnar,336.7,137.1,285.9,hDeltaK,0,0,0,0,0,0
6199,25131,11,CX,3,fan-body,516.2,120.4,273.0,FB2M_a,0,0,0,0,1,0
6200,25137,11,CX,2,columnar,392.3,80.8,215.3,hDeltaK,0,0,0,0,1,0
6201,25176,11,CX,2,columnar,339.6,106.2,266.0,hDeltaK,0,0,0,0,0,0
6202,25194,11,CX,2,columnar,417.2,83.3,258.3,PFNa,0,0,0,0,1,0
6203,25210,11,CX,2,columnar,388.6,78.6,230.5,hDeltaH,0,0,0,0,1,0
6204,25318,11,CX,3,fan-body,504.7,161.3,134.6,FB5C,0,0,0,0,1,0
6205,25328,11,CX,3,fan-body,459.4,276.0,148.9,FB4F_b,0,0,0,0,1,0
6206,25334,11,CX,3,fan-body,262.1,85.9,265.5,FB6Z,0,0,0,0,0,0
6207,25371,11,CX,3,fan-body,502.0,85.1,263.6,FB6G,0,0,0,0,1,0
6208,25509,11,CX,3,fan-body,512.0,89.4,265.9,FB2J_b,0,0,0,0,1,0
6209,25529,11,CX,3,fan-body,434.3,173.7,300.3,FB2A,0,0,0,0,1,0
6210,25530,11,CX,3,fan-body,228.4,99.1,268.9,FB2F_a,0,0,0,0,0,0
6211,25549,11,CX,2,columnar,356.5,76.0,231.8,PFR_b,0,0,0,0,0,0
6212,25554,11,CX,3,fan-body,318.8,286.1,146.1,FB4F_c,0,0,0,0,0,0
6213,25713,11,CX,3,fan-body,450.2,278.6,141.4,FB5K,0,0,0,0,1,0
6214,25763,11,CX,3,fan-body,325.3,297.0,148.3,FB5N,0,0,0,0,0,0
6215,25773,11,CX,2,columnar,413.4,142.5,292.0,PFNv,0,0,0,0,1,0
6216,25808,11,CX,2,columnar,369.0,105.0,242.8,hDeltaC,0,0,0,0,0,0
6217,25948,11,CX,3,fan-body,503.6,109.7,274.3,FB7L,0,0,0,0,1,0
6218,25982,11,CX,2,columnar,392.3,81.5,237.1,PFNd,0,0,0,0,1,0
6219,26064,11,CX,2,columnar,365.2,78.6,236.4,hDeltaK,0,0,0,0,0,0
6220,26065,11,CX,3,fan-body,497.6,155.5,128.6,FB4R,0,0,0,0,1,0
6221,26242,11,CX,2,columnar,334.3,118.4,278.5,hDeltaK,0,0,0,0,0,0
6222,26287,11,CX,3,fan-body,313.9,299.3,155.1,FB4C,1,0,1,0,0,0
6223,26316,11,CX,3,fan-body,270.0,184.3,109.1,FB3E,0,0,0,0,0,0
6224,26429,11,CX,2,columnar,377.7,83.8,217.9,hDeltaK,0,0,0,0,0,0
6225,26439,11,CX,2,columnar,439.0,133.0,283.6,hDeltaF,0,0,0,0,1,0
6226,26443,11,CX,1,ring EPG/PEG,356.2,68.8,229.8,PEG,0,0,0,0,0,0
6227,26665,11,CX,3,fan-body,447.6,271.4,144.2,FB4H,0,0,0,0,1,0
6228,26666,11,CX,3,fan-body,461.6,255.9,121.8,FB5N,0,0,0,0,1,0
6229,26718,11,CX,3,fan-body,436.0,265.2,147.0,FB4F_c,0,0,0,0,1,0
6230,26739,11,CX,2,columnar,340.9,78.3,255.4,PFNd,0,0,0,0,0,0
6231,26794,11,CX,3,fan-body,241.1,84.0,263.3,FB2F_b,0,0,0,0,0,0
6232,26913,11,CX,2,columnar,373.2,62.4,209.2,PFNd,0,0,0,0,0,0
6233,26962,11,CX,2,columnar,321.4,140.8,292.3,hDeltaJ,0,0,0,0,0,0
6234,27106,11,CX,2,columnar,352.7,96.8,246.2,hDeltaK,0,0,0,0,0,0
6235,27109,11,CX,2,columnar,386.4,88.0,231.5,hDeltaB,0,0,0,0,1,0
6236,27119,11,CX,3,fan-body,462.0,262.6,155.8,FB4I,0,0,0,0,1,0
6237,27133,11,CX,2,columnar,339.3,99.6,260.2,hDeltaK,0,0,0,0,0,0
6238,27179,11,CX,2,columnar,397.9,115.4,275.7,PFNv,0,0,0,0,1,0
6239,27191,11,CX,2,columnar,415.3,134.4,285.8,PFNv,0,0,0,0,1,0
6240,27195,11,CX,2,columnar,361.4,98.4,236.3,hDeltaM,0,0,0,0,0,0
6241,27210,11,CX,3,fan-body,436.5,259.3,153.7,FB4D_a,0,0,0,0,1,0
6242,27213,11,CX,2,columnar,424.9,81.7,265.4,PFNd,0,0,0,0,1,0
6243,27326,11,CX,2,columnar,434.8,140.6,287.7,hDeltaJ,0,0,0,0,1,0
6244,27422,11,CX,3,fan-body,263.5,106.5,273.3,FB5Y_a,0,0,0,0,0,0
6245,27425,11,CX,2,columnar,425.8,92.9,250.9,hDeltaK,0,0,0,0,1,0
6246,27430,11,CX,3,fan-body,494.6,163.3,127.0,FB6U,0,0,0,0,1,0
6247,27460,11,CX,2,columnar,350.1,81.9,251.5,PFNd,0,0,0,0,0,0
6248,27618,11,CX,2,columnar,400.0,106.6,275.0,PFNd,0,0,0,0,1,0
6249,27655,11,CX,2,columnar,396.3,78.2,210.1,hDeltaJ,0,0,0,0,1,0
6250,27698,11,CX,3,fan-body,249.9,77.4,258.0,FB7B,0,0,0,0,0,0
6251,27736,11,CX,3,fan-body,509.1,90.2,268.8,FB2H_a,0,0,0,0,1,0
6252,27761,11,CX,3,fan-body,452.1,280.5,134.9,FB2L,0,0,0,0,1,0
6253,27864,11,CX,3,fan-body,223.1,104.7,271.0,FB2J_c,0,0,0,0,0,0
6254,27926,11,CX,2,columnar,439.4,134.1,295.4,hDeltaJ,0,0,0,0,1,0
6255,27985,11,CX,2,columnar,397.1,66.0,222.0,PFNp_c,0,0,0,0,1,0
6256,28074,11,CX,2,columnar,369.0,89.4,238.4,hDeltaJ,0,0,0,0,0,0
6257,28146,11,CX,2,columnar,435.3,105.2,282.7,PFR_a,0,0,0,0,1,0
6258,28190,11,CX,2,columnar,351.7,76.2,241.6,PFNv,0,0,0,0,0,0
6259,28254,11,CX,2,columnar,382.2,79.8,229.5,PFNv,0,0,0,0,0,0
6260,28258,11,CX,2,columnar,387.7,73.8,215.3,hDeltaG,0,0,0,0,1,0
6261,28286,11,CX,3,fan-body,276.3,161.1,122.7,FB4O,0,0,0,0,0,0
6262,28346,11,CX,3,fan-body,516.2,121.7,276.6,FB1E_b,0,0,0,0,1,0
6263,28364,11,CX,3,fan-body,263.5,117.1,270.8,FB5I,0,0,0,0,0,0
6264,28418,11,CX,2,columnar,355.9,156.7,291.4,hDeltaL,0,0,0,0,0,0
6265,28421,11,CX,3,fan-body,509.6,114.3,276.9,FB8H,0,0,0,0,1,0
6266,28468,11,CX,3,fan-body,503.8,114.0,276.9,FB8H,0,0,0,0,1,0
6267,28559,11,CX,2,columnar,358.4,152.3,291.9,PFNv,0,0,0,0,0,0
6268,28582,11,CX,2,columnar,351.6,91.1,232.8,hDeltaE,0,0,0,0,0,0
6269,28619,11,CX,3,fan-body,515.6,78.8,261.5,FB2E,0,0,0,0,1,0
6270,28782,11,CX,2,columnar,400.8,94.4,263.9,hDeltaK,0,0,0,0,1,0
6271,29016,11,CX,3,fan-body,459.7,279.9,135.6,FB1B,0,0,0,0,1,0
6272,29044,11,CX,2,columnar,350.2,83.1,243.2,PFNa,0,0,0,0,0,0
6273,29111,11,CX,3,fan-body,229.3,90.5,265.3,FB1E_b,0,0,0,0,0,0
6274,29152,11,CX,3,fan-body,504.9,154.6,133.6,FB4Q_a,0,0,0,0,1,0
6275,29261,11,CX,2,columnar,415.2,80.0,258.9,PFNd,0,0,0,0,1,0
6276,29270,11,CX,3,fan-body,459.8,278.1,131.0,FB1A,0,0,0,0,1,0
6277,29291,11,CX,3,fan-body,239.4,88.5,264.2,FB2M_b,0,0,0,0,0,0
6278,29403,11,CX,2,columnar,429.6,123.0,290.1,PFNa,0,0,0,0,1,0
6279,29493,11,CX,2,columnar,341.4,83.9,262.7,PFNv,0,0,0,0,0,0
6280,29537,11,CX,3,fan-body,309.5,126.2,104.7,FB2B_a,0,0,0,0,0,0
6281,29582,11,CX,3,fan-body,266.0,160.6,140.5,FB5C,0,0,0,0,0,0
6282,29648,11,CX,2,columnar,403.0,80.5,237.3,hDeltaK,0,0,0,0,1,0
6283,29701,11,CX,2,columnar,326.1,138.7,289.8,hDeltaJ,0,0,0,0,0,0
6284,29978,11,CX,3,fan-body,260.3,103.2,268.9,FB7L,0,0,0,0,0,0
6285,30068,11,CX,2,columnar,401.3,72.8,227.6,hDeltaA,0,0,0,0,1,0
6286,30122,11,CX,2,columnar,327.4,129.4,279.9,hDeltaF,0,0,0,0,0,0
6287,30181,11,CX,2,columnar,437.3,138.0,289.1,PFR_b,0,0,0,0,1,0
6288,30225,11,CX,3,fan-body,257.8,113.7,272.6,FB5Y_b,0,0,0,0,0,0
6289,30234,11,CX,2,columnar,409.7,110.4,274.6,PFNd,0,0,0,0,1,0
6290,30256,11,CX,3,fan-body,506.9,120.2,277.0,FB1E_a,0,0,0,0,1,0
6291,30264,11,CX,3,fan-body,259.7,94.0,269.4,FB8H,0,0,0,0,0,0
6292,30313,11,CX,2,columnar,421.4,87.5,265.5,PFNv,0,0,0,0,1,0
6293,30329,11,CX,2,columnar,398.8,73.1,234.8,hDeltaM,0,0,0,0,1,0
6294,30341,11,CX,3,fan-body,430.8,95.6,280.0,FB8B,0,0,0,0,1,0
6295,30405,11,CX,3,fan-body,492.8,160.4,109.2,FB3C,0,0,0,0,1,0
6296,30541,11,CX,3,fan-body,456.2,277.5,121.7,FB2D,0,0,0,0,1,0
6297,30602,11,CX,3,fan-body,250.9,108.7,270.6,FB8H,0,0,0,0,0,0
6298,30773,11,CX,3,fan-body,229.4,104.5,270.9,FB2E,0,0,0,0,0,0
6299,30781,11,CX,2,columnar,364.2,156.6,295.1,PFNd,0,0,0,0,0,0
6300,30805,11,CX,2,columnar,386.8,86.6,215.3,hDeltaL,0,0,0,0,1,0
6301,30860,11,CX,3,fan-body,254.9,103.6,269.4,FB2I_a,0,0,0,0,0,0
6302,30927,11,CX,3,fan-body,287.7,164.7,131.3,FB4P_a,0,0,0,0,0,0
6303,30968,11,CX,2,columnar,350.0,83.2,256.7,PFNd,0,0,0,0,0,0
6304,31022,11,CX,3,fan-body,281.9,158.5,132.7,FB6U,0,0,0,0,0,0
6305,31073,11,CX,3,fan-body,245.9,82.3,262.0,FB2F_b,0,0,0,0,0,0
6306,31336,11,CX,3,fan-body,517.6,107.0,268.3,FB2I_a,0,0,0,0,1,0
6307,31585,11,CX,3,fan-body,431.2,99.3,276.0,FB7J,0,0,0,0,1,0
6308,31627,11,CX,2,columnar,399.3,78.1,236.4,PFR_b,0,0,0,0,1,0
6309,31656,11,CX,2,columnar,410.4,92.0,245.7,hDeltaB,0,0,0,0,1,0
6310,31715,11,CX,2,columnar,332.5,122.7,279.8,hDeltaE,0,0,0,0,0,0
6311,31756,11,CX,2,columnar,437.9,110.9,296.3,PFNd,0,0,0,0,1,0
6312,31786,11,CX,2,columnar,365.7,80.5,231.5,PFR_b,0,0,0,0,0,0
6313,31860,11,CX,3,fan-body,429.4,111.8,276.9,FB6K,0,0,0,0,1,0
6314,31911,11,CX,3,fan-body,454.5,274.3,139.3,FB4F_c,0,0,0,0,1,0
6315,32051,11,CX,2,columnar,352.0,154.6,289.6,hDeltaD,0,0,0,0,0,0
6316,32055,11,CX,3,fan-body,222.8,97.2,266.7,FB2H_a,0,0,0,0,0,0
6317,32122,11,CX,2,columnar,409.0,88.8,248.6,hDeltaC,0,0,0,0,1,0
6318,32300,11,CX,2,columnar,414.2,73.5,247.4,PFNa,0,0,0,0,1,0
6319,32432,11,CX,2,columnar,414.0,96.5,259.8,hDeltaC,0,0,0,0,1,0
6320,32451,11,CX,2,columnar,447.7,131.4,292.0,PFR_a,0,0,0,0,1,0
6321,32520,11,CX,2,columnar,398.2,91.4,261.9,PFNa,0,0,0,0,1,0
6322,32571,11,CX,3,fan-body,240.4,81.8,260.6,FB1E_a,0,0,0,0,0,0
6323,32675,11,CX,2,columnar,418.8,102.9,248.7,hDeltaB,0,0,0,0,1,0
6324,32699,11,CX,3,fan-body,242.6,79.2,263.3,FB2J_b,0,0,0,0,0,0
6325,32718,11,CX,2,columnar,422.8,99.6,247.5,hDeltaB,0,0,0,0,1,0
6326,32743,11,CX,3,fan-body,274.0,171.2,123.3,FB5V_b,0,0,0,0,0,0
6327,32805,11,CX,3,fan-body,454.6,117.8,108.8,FB2B_a,0,0,0,0,1,0
6328,32810,11,CX,3,fan-body,524.5,94.8,266.5,FB2I_b,0,0,0,0,1,0
6329,32976,11,CX,3,fan-body,272.8,165.1,126.2,FB7E,0,0,0,0,0,0
6330,33125,11,CX,3,fan-body,254.0,88.4,267.4,FB2G_a,0,0,0,0,0,0
6331,33191,11,CX,3,fan-body,431.7,265.3,134.0,FB4A_b,0,0,0,0,1,0
6332,33204,11,CX,3,fan-body,255.4,84.4,260.2,FB1E_a,0,0,0,0,0,0
6333,33293,11,CX,2,columnar,371.8,80.3,228.1,PFR_a,1,0,1,1,0,0
6334,33298,11,CX,2,columnar,447.1,117.2,286.7,PFR_b,0,0,0,0,1,0
6335,33307,11,CX,2,columnar,392.9,79.4,228.8,PFNv,0,0,0,0,1,0
6336,33325,11,CX,2,columnar,392.4,65.1,212.2,PFNd,0,0,0,0,1,0
6337,33410,11,CX,2,columnar,385.3,96.6,238.4,hDeltaC,0,0,0,0,0,0
6338,33552,11,CX,2,columnar,326.1,136.5,299.8,PFR_a,0,0,0,0,0,0
6339,33598,11,CX,2,columnar,362.2,78.9,238.9,PFR_b,0,0,0,0,0,0
6340,33919,11,CX,3,fan-body,271.7,169.1,127.5,FB5X,0,0,0,0,0,0
6341,34011,11,CX,3,fan-body,470.5,115.4,123.2,FB2B_b,0,0,0,0,1,0
6342,34085,11,CX,2,columnar,424.1,86.1,263.9,PFNa,0,0,0,0,1,0
6343,34106,11,CX,3,fan-body,284.7,181.8,114.7,FB3C,0,0,0,0,0,0
6344,34226,11,CX,2,columnar,373.3,61.6,205.4,PFNd,0,0,0,0,0,0
6345,34750,11,CX,2,columnar,373.6,85.9,223.1,hDeltaD,0,0,0,0,0,0
6346,34909,11,CX,3,fan-body,500.5,163.4,136.5,FB4P_a,1,0,1,1,1,0
6347,34924,11,CX,2,columnar,370.2,105.9,263.4,hDeltaB,0,0,0,0,0,0
6348,34972,11,CX,3,fan-body,327.3,110.4,291.4,FB8B,0,0,0,0,0,0
6349,35013,11,CX,2,columnar,348.3,81.0,245.6,PFNm_b,0,0,0,0,0,0
6350,35088,11,CX,3,fan-body,261.3,180.5,121.2,FB3C,0,0,0,0,0,0
6351,35129,11,CX,3,fan-body,247.9,90.4,267.5,FB2F_a,0,0,0,0,0,0
6352,35267,11,CX,3,fan-body,513.0,114.7,274.2,FB2M_b,0,0,0,0,1,0
6353,35293,11,CX,3,fan-body,440.2,176.2,295.6,FB2A,0,0,0,0,1,0
6354,35324,11,CX,2,columnar,424.7,217.8,306.4,Delta7,0,0,0,0,1,0
6355,35422,11,CX,3,fan-body,252.6,88.8,263.7,FB8H,0,0,0,0,0,0
6356,35429,11,CX,2,columnar,368.8,76.9,229.7,hDeltaJ,0,0,0,0,0,0
6357,35450,11,CX,3,fan-body,451.4,276.9,146.0,FB4J,0,0,0,0,1,0
6358,35461,11,CX,2,columnar,416.2,88.8,266.4,PFNd,0,0,0,0,1,0
6359,35794,11,CX,2,columnar,350.9,94.5,267.6,PFNd,0,0,0,0,0,0
6360,35865,11,CX,2,columnar,406.8,77.2,251.3,PFNa,0,0,0,0,1,0
6361,36059,11,CX,2,columnar,410.0,83.3,247.1,hDeltaK,0,0,0,0,1,0
6362,36205,11,CX,2,columnar,368.2,95.1,243.1,hDeltaJ,0,0,0,0,0,0
6363,36423,11,CX,3,fan-body,322.9,177.1,309.6,FB4L,0,0,0,0,0,0
6364,36454,11,CX,2,columnar,352.1,88.7,247.3,PFNa,0,0,0,0,0,0
6365,36470,11,CX,3,fan-body,327.8,287.0,144.0,FB4J,1,0,1,0,0,0
6366,36785,11,CX,3,fan-body,510.4,154.6,128.2,FB5X,0,0,0,0,1,0
6367,37003,11,CX,3,fan-body,536.4,122.5,273.8,FB2F_d,0,0,0,0,1,0
6368,37540,11,CX,3,fan-body,329.1,99.0,273.7,FB6Y,0,0,0,0,0,0
6369,37640,11,CX,3,fan-body,515.4,92.9,267.6,FB2J_a,0,0,0,0,1,0
6370,37751,11,CX,2,columnar,350.3,137.2,287.7,PFNd,0,0,0,0,0,0
6371,38182,11,CX,3,fan-body,500.3,164.1,124.0,FB4P_b,0,0,0,0,1,0
6372,38334,11,CX,2,columnar,376.6,65.6,204.8,PFNd,0,0,0,0,0,0
6373,38526,11,CX,3,fan-body,460.3,263.5,126.0,FB4F_a,0,0,0,0,1,0
6374,39091,11,CX,3,fan-body,287.3,167.7,133.5,FB4P_a,0,0,0,0,0,0
6375,39233,11,CX,3,fan-body,502.6,116.5,273.9,FB7L,0,0,0,0,1,0
6376,39385,11,CX,2,columnar,362.0,89.2,235.8,hDeltaC,0,0,0,0,0,0
6377,39413,11,CX,1,ring EPG/PEG,390.0,77.3,222.4,PEG,0,0,0,0,1,0
6378,39465,11,CX,3,fan-body,512.4,153.5,137.9,FB5E,0,0,0,0,1,0
6379,39690,11,CX,2,columnar,388.0,62.8,210.0,hDeltaE,0,0,0,0,1,0
6380,39753,11,CX,1,ring EPG/PEG,450.2,122.2,303.3,PEG,0,0,0,0,1,0
6381,39883,11,CX,2,columnar,388.2,80.2,207.3,hDeltaF,0,0,0,0,1,0
6382,39970,11,CX,2,columnar,420.7,92.1,243.4,hDeltaC,0,0,0,0,1,0
6383,40037,11,CX,2,columnar,358.7,102.0,271.2,PFNd,0,0,0,0,0,0
6384,40069,11,CX,2,columnar,414.4,107.0,272.9,PFNd,0,0,0,0,1,0
6385,40458,11,CX,3,fan-body,518.1,167.1,112.5,FB7E,0,0,0,0,1,0
6386,40565,11,CX,2,columnar,407.5,79.0,240.0,hDeltaK,0,0,0,0,1,0
6387,40768,11,CX,1,ring EPG/PEG,342.1,159.4,307.3,EPGt,0,0,0,0,0,0
6388,40802,11,CX,3,fan-body,425.9,115.2,273.5,FB6K,0,0,0,0,1,0
6389,41052,11,CX,2,columnar,335.0,136.1,297.6,PFNa,0,0,0,0,0,0
6390,41277,11,CX,2,columnar,331.6,109.9,282.3,hDeltaJ,0,0,0,0,0,0
6391,41331,11,CX,3,fan-body,523.6,157.9,131.6,FB5G_a,0,0,0,0,1,0
6392,41544,11,CX,3,fan-body,267.4,174.9,119.8,FB4R,0,0,0,0,0,0
6393,41554,11,CX,3,fan-body,274.4,166.1,122.8,FB5P,0,0,0,0,0,0
6394,41556,11,CX,2,columnar,339.0,90.0,264.8,PFNa,0,0,0,0,0,0
6395,41715,11,CX,2,columnar,440.4,129.7,292.7,hDeltaK,0,0,0,0,1,0
6396,41743,11,CX,2,columnar,437.1,133.7,286.9,hDeltaK,0,0,0,0,1,0
6397,41849,11,CX,2,columnar,436.4,124.6,298.4,PFNd,0,0,0,0,1,0
6398,42037,11,CX,3,fan-body,424.0,90.4,235.9,FB6Y,0,0,0,0,1,0
6399,42059,11,CX,1,ring EPG/PEG,445.5,129.7,301.2,PEG,0,0,0,0,1,0
6400,42231,11,CX,2,columnar,435.0,143.6,284.6,hDeltaI,0,0,0,0,1,0
6401,42267,11,CX,2,columnar,418.1,71.2,246.5,PFNd,0,0,0,0,1,0
6402,42392,11,CX,2,columnar,348.1,141.9,291.4,PFNa,0,0,0,0,0,0
6403,42440,11,CX,2,columnar,361.3,77.3,227.6,hDeltaG,0,0,0,0,0,0
6404,42739,11,CX,2,columnar,350.0,100.4,241.1,hDeltaB,0,0,0,0,0,0
6405,42750,11,CX,2,columnar,422.0,74.6,256.3,PFNd,0,0,0,0,1,0
6406,42793,11,CX,3,fan-body,317.6,290.8,141.1,FB4I,0,0,0,0,0,0
6407,42835,11,CX,2,columnar,405.6,89.6,263.0,PFNd,0,0,0,0,1,0
6408,42975,11,CX,2,columnar,395.6,74.9,227.8,hDeltaA,0,0,0,0,1,0
6409,43028,11,CX,3,fan-body,286.8,184.0,113.3,FB3C,0,0,0,0,0,0
6410,43040,11,CX,3,fan-body,460.4,111.0,118.7,FB2B_a,0,0,0,0,1,0
6411,43127,11,CX,2,columnar,377.5,77.8,218.8,PFNd,0,0,0,0,0,0
6412,43161,11,CX,2,columnar,336.7,114.4,277.4,hDeltaC,0,0,0,0,0,0
6413,43191,11,CX,3,fan-body,282.1,179.7,112.8,FB3C,0,0,0,0,0,0
6414,43756,11,CX,3,fan-body,416.8,159.3,295.8,FB4M,0,0,0,0,1,0
6415,43881,11,CX,2,columnar,410.0,62.7,230.7,PFR_a,1,0,1,1,1,0
6416,43909,11,CX,3,fan-body,500.5,155.5,125.7,FB5V_c,0,0,0,0,1,0
6417,43949,11,CX,3,fan-body,494.5,168.7,112.1,FB3E,0,0,0,0,1,0
6418,44004,11,CX,3,fan-body,528.5,109.7,269.5,FB2G_b,0,0,0,0,1,0
6419,44152,11,CX,2,columnar,411.0,145.9,293.4,PFNa,0,0,0,0,1,0
6420,44669,11,CX,2,columnar,353.7,89.4,261.6,PFNv,0,0,0,0,0,0
6421,44903,11,CX,3,fan-body,426.3,154.1,297.3,FB4M,0,0,0,0,1,0
6422,45024,11,CX,3,fan-body,343.5,175.0,302.2,FB1C,1,0,1,1,0,0
6423,45151,11,CX,2,columnar,401.5,73.6,212.2,hDeltaF,0,0,0,0,1,0
6424,45155,11,CX,2,columnar,395.2,78.4,236.7,hDeltaE,0,0,0,0,1,0
6425,45282,11,CX,2,columnar,336.3,94.6,274.6,PFNp_c,0,0,0,0,0,0
6426,45398,11,CX,2,columnar,395.0,85.8,240.0,PFNa,0,0,0,0,1,0
6427,45483,11,CX,3,fan-body,484.8,165.4,108.8,FB3C,0,0,0,0,1,0
6428,45969,11,CX,1,ring EPG/PEG,319.7,138.0,286.4,PEG,0,0,0,0,0,0
6429,46008,11,CX,3,fan-body,280.1,163.2,125.3,FB4P_b,0,0,0,0,0,0
6430,46185,11,CX,3,fan-body,506.3,103.2,276.0,FB8H,0,0,0,0,1,0
6431,46358,11,CX,2,columnar,411.7,96.5,267.8,PFNv,0,0,0,0,1,0
6432,46369,11,CX,3,fan-body,504.4,163.5,127.2,FB7G,0,0,0,0,1,0
6433,46383,11,CX,3,fan-body,514.6,99.5,270.3,FB2J_c,0,0,0,0,1,0
6434,46480,11,CX,3,fan-body,528.4,92.6,264.6,FB2F_c,0,0,0,0,1,0
6435,46571,11,CX,3,fan-body,249.6,101.3,267.7,FB6C_b,0,0,0,0,0,0
6436,46590,11,CX,2,columnar,421.9,77.3,258.3,PFNd,0,0,0,0,1,0
6437,46636,11,CX,3,fan-body,507.9,162.5,123.4,FB8I,0,0,0,0,1,0
6438,46657,11,CX,3,fan-body,459.2,273.5,152.1,FB4D_b,0,0,0,0,1,0
6439,46809,11,CX,3,fan-body,236.8,86.8,261.6,FB2M_a,0,0,0,0,0,0
6440,46943,11,CX,3,fan-body,266.0,174.7,123.4,FB7I,0,0,0,0,0,0
6441,47194,11,CX,2,columnar,330.5,127.6,302.4,PFNa,0,0,0,0,0,0
6442,47262,11,CX,3,fan-body,333.3,128.4,289.3,FB7J,0,0,0,0,0,0
6443,47348,11,CX,2,columnar,403.4,71.5,238.3,hDeltaJ,0,0,0,0,1,0
6444,47369,11,CX,2,columnar,344.1,80.9,257.4,PFNv,0,0,0,0,0,0
6445,47528,11,CX,2,columnar,407.3,87.0,261.1,PFNd,0,0,0,0,1,0
6446,47546,11,CX,3,fan-body,500.4,162.2,145.2,FB5O,0,0,0,0,1,0
6447,47619,11,CX,2,columnar,381.9,65.1,207.1,PFNa,0,0,0,0,0,0
6448,47687,11,CX,2,columnar,332.0,137.9,302.6,PFNa,0,0,0,0,0,0
6449,47850,11,CX,3,fan-body,493.8,165.9,135.7,FB5D,0,0,0,0,1,0
6450,47995,11,CX,3,fan-body,506.0,149.0,136.8,FB8G,0,0,0,0,1,0
6451,48335,11,CX,3,fan-body,449.6,278.9,148.8,FB5M,0,0,0,0,1,0
6452,48421,11,CX,3,fan-body,508.0,153.0,131.3,FB5F,0,0,0,0,1,0
6453,48558,11,CX,3,fan-body,242.6,100.5,267.7,FB2I_a,0,0,0,0,0,0
6454,48642,11,CX,2,columnar,398.2,67.1,216.2,hDeltaG,0,0,0,0,1,0
6455,48667,11,CX,2,columnar,383.5,62.2,201.4,PFNv,0,0,0,0,0,0
6456,48713,11,CX,2,columnar,351.2,85.2,231.0,hDeltaL,0,0,0,0,0,0
6457,49288,11,CX,2,columnar,374.2,88.0,228.2,PFR_a,0,0,0,0,0,0
6458,49618,11,CX,3,fan-body,339.6,100.7,250.8,FB6Q,0,0,0,0,0,0
6459,49630,11,CX,2,columnar,423.8,79.0,260.5,PFNv,0,0,0,0,1,0
6460,49839,11,CX,2,columnar,336.4,87.6,263.9,PFNv,0,0,0,0,0,0
6461,49952,11,CX,2,columnar,374.1,79.8,225.2,hDeltaG,0,0,0,0,0,0
6462,50327,11,CX,2,columnar,401.6,82.1,232.2,hDeltaI,0,0,0,0,1,0
6463,50984,11,CX,2,columnar,342.0,129.4,293.3,PFNm_a,0,0,0,0,0,0
6464,51365,11,CX,2,columnar,361.0,137.9,287.7,PFNp_c,0,0,0,0,0,0
6465,51458,11,CX,2,columnar,365.3,75.5,221.0,hDeltaJ,0,0,0,0,0,0
6466,51509,11,CX,2,columnar,356.9,139.4,287.4,PFNp_c,0,0,0,0,0,0
6467,51619,11,CX,2,columnar,412.8,68.0,246.7,PFNa,0,0,0,0,1,0
6468,51622,11,CX,2,columnar,338.6,91.0,268.9,PFNm_a,0,0,0,0,0,0
6469,51844,11,CX,3,fan-body,314.0,291.1,153.1,FB1A,0,0,0,0,0,0
6470,51891,11,CX,3,fan-body,426.6,76.6,233.8,FB6T,0,0,0,0,1,0
6471,52191,11,CX,2,columnar,422.4,88.8,246.0,hDeltaK,0,0,0,0,1,0
6472,52253,11,CX,3,fan-body,455.4,119.4,105.1,FB2B_b,0,0,0,0,1,0
6473,52397,11,CX,3,fan-body,261.2,171.3,130.5,FB8I,0,0,0,0,0,0
6474,52579,11,CX,2,columnar,364.1,71.7,227.8,hDeltaL,0,0,0,0,0,0
6475,52647,11,CX,2,columnar,346.2,73.4,242.4,PFNa,0,0,0,0,0,0
6476,52728,11,CX,3,fan-body,319.1,283.5,143.2,FB5M,0,0,0,0,0,0
6477,52756,11,CX,3,fan-body,331.0,133.0,295.1,FB8C,0,0,0,0,0,0
6478,52798,11,CX,2,columnar,396.9,69.9,224.9,hDeltaL,0,0,0,0,1,0
6479,52846,11,CX,2,columnar,340.9,81.0,259.6,PFNa,0,0,0,0,0,0
6480,52903,11,CX,2,columnar,326.9,83.4,268.2,PFNd,0,0,0,0,0,0
6481,53043,11,CX,2,columnar,418.8,70.5,250.1,PFNd,0,0,0,0,1,0
6482,53176,11,CX,2,columnar,348.2,74.3,238.4,PFNa,0,0,0,0,0,0
6483,53467,11,CX,3,fan-body,504.1,161.2,114.2,FB5P,0,0,0,0,1,0
6484,53743,11,CX,3,fan-body,265.7,100.6,267.9,FB7L,0,0,0,0,0,0
6485,53755,11,CX,2,columnar,371.6,81.1,222.2,PFR_a,0,0,0,0,0,0
6486,53796,11,CX,2,columnar,413.8,139.4,289.0,PFNp_c,0,0,0,0,1,0
6487,53991,11,CX,3,fan-body,498.2,163.2,140.9,FB7I,0,0,0,0,1,0
6488,54443,11,CX,2,columnar,402.7,76.2,234.3,hDeltaA,0,0,0,0,1,0
6489,54578,11,CX,3,fan-body,497.9,112.9,273.0,FB7L,0,0,0,0,1,0
6490,54776,11,CX,2,columnar,329.9,90.0,273.9,PFNd,0,0,0,0,0,0
6491,55094,11,CX,2,columnar,387.7,65.6,204.4,hDeltaD,0,0,0,0,1,0
6492,55143,11,CX,2,columnar,346.2,94.1,238.0,hDeltaJ,0,0,0,0,0,0
6493,55161,11,CX,3,fan-body,512.4,158.8,128.7,FB4O,0,0,0,0,1,0
6494,55481,11,CX,2,columnar,408.0,195.5,299.1,PFNp_c,0,0,0,0,1,0
6495,55508,11,CX,3,fan-body,333.3,124.9,286.2,FB6K,0,0,0,0,0,0
6496,55523,11,CX,3,fan-body,248.7,94.9,268.4,FB2G_b,0,0,0,0,0,0
6497,55630,11,CX,1,ring EPG/PEG,333.2,152.9,310.4,EPGt,0,0,0,0,0,0
6498,55789,11,CX,3,fan-body,513.2,95.7,273.2,FB2G_b,0,0,0,0,1,0
6499,55953,11,CX,3,fan-body,270.3,166.6,121.2,FB5V_c,0,0,0,0,0,0
6500,56327,11,CX,3,fan-body,314.3,278.0,153.0,FB6P,0,0,0,0,0,0
6501,56350,11,CX,3,fan-body,281.1,168.6,130.1,FB4O,0,0,0,0,0,0
6502,56542,11,CX,2,columnar,413.2,83.1,243.9,hDeltaK,0,0,0,0,1,0
6503,56567,11,CX,3,fan-body,263.5,170.9,121.9,FB6X,1,0,1,1,0,0
6504,56628,11,CX,3,fan-body,338.5,103.7,252.3,FB6R,0,0,0,0,0,0
6505,56695,11,CX,3,fan-body,482.9,160.8,100.5,FB3C,0,0,0,0,1,0
6506,56726,11,CX,2,columnar,406.3,83.9,234.6,hDeltaL,0,0,0,0,1,0
6507,57278,11,CX,3,fan-body,276.6,170.3,139.9,FB6U,0,0,0,0,0,0
6508,57353,11,CX,3,fan-body,272.2,90.2,263.4,FB2F_c,0,0,0,0,0,0
6509,57384,11,CX,2,columnar,357.0,74.7,226.0,PFR_a,0,0,0,0,0,0
6510,57536,11,CX,2,columnar,419.6,140.8,287.6,PFNp_c,0,0,0,0,1,0
6511,57591,11,CX,1,ring EPG/PEG,442.2,135.9,304.3,EPGt,0,0,0,0,1,0
6512,57600,11,CX,2,columnar,337.4,97.0,271.1,PFNm_b,0,0,0,0,0,0
6513,57625,11,CX,2,columnar,408.8,70.5,227.7,hDeltaG,0,0,0,0,1,0
6514,57851,11,CX,3,fan-body,513.4,105.9,275.2,FB2G_a,0,0,0,0,1,0
6515,58243,11,CX,3,fan-body,453.0,270.5,139.9,FB5W_a,0,0,0,0,1,0
6516,58447,11,CX,2,columnar,385.4,128.8,276.4,hDeltaC,0,0,0,0,0,0
6517,58552,11,CX,3,fan-body,279.6,174.4,124.1,FB4Q_c,0,0,0,0,0,0
6518,58585,11,CX,2,columnar,433.5,127.3,301.0,PFNm_a,0,0,0,0,1,0
6519,59108,11,CX,2,columnar,349.9,79.8,231.0,PFR_a,0,0,0,0,0,0
6520,59288,11,CX,2,columnar,367.8,77.0,233.2,PFR_a,0,0,0,0,0,0
6521,59485,11,CX,3,fan-body,278.1,166.4,110.8,FB5G_c,0,0,0,0,0,0
6522,59735,11,CX,2,columnar,376.7,64.2,210.1,PFNm_a,0,0,0,0,0,0
6523,59846,11,CX,3,fan-body,456.5,284.7,141.8,FB4E_a,0,0,0,0,1,0
6524,59969,11,CX,2,columnar,432.5,130.5,281.4,hDeltaA,0,0,0,0,1,0
6525,59983,11,CX,2,columnar,356.0,99.9,267.4,PFNv,0,0,0,0,0,0
6526,59994,11,CX,2,columnar,424.3,93.3,246.5,PFR_b,0,0,0,0,1,0
6527,60054,11,CX,3,fan-body,511.0,100.5,275.4,FB1E_a,0,0,0,0,1,0
6528,60086,11,CX,2,columnar,403.3,67.6,232.4,hDeltaJ,0,0,0,0,1,0
6529,60361,11,CX,2,columnar,355.7,91.9,258.8,PFNa,0,0,0,0,0,0
6530,60365,11,CX,3,fan-body,449.4,274.4,137.5,FB1A,0,0,0,0,1,0
6531,60381,11,CX,3,fan-body,330.7,138.2,296.0,FB7J,0,0,0,0,0,0
6532,60449,11,CX,2,columnar,357.9,126.6,282.2,PFNp_c,0,0,0,0,0,0
6533,60481,11,CX,2,columnar,336.6,84.9,266.4,PFNp_a,0,0,0,0,0,0
6534,61234,11,CX,2,columnar,344.8,78.1,254.7,PFNp_c,0,0,0,0,0,0
6535,61290,11,CX,2,columnar,359.0,141.9,287.9,PFNp_c,0,0,0,0,0,0
6536,61392,11,CX,3,fan-body,265.4,168.1,139.4,FB9B_b,0,0,0,0,0,0
6537,61451,11,CX,2,columnar,356.6,89.4,232.3,hDeltaL,0,0,0,0,0,0
6538,61553,11,CX,2,columnar,380.1,95.3,233.9,PFR_a,0,0,0,0,0,0
6539,61704,11,CX,3,fan-body,511.9,92.6,270.4,FB2M_a,0,0,0,0,1,0
6540,61871,11,CX,3,fan-body,503.0,164.6,115.8,FB5Z,0,0,0,0,1,0
6541,62020,11,CX,3,fan-body,260.9,174.9,123.6,FB8I,0,0,0,0,0,0
6542,62193,11,CX,3,fan-body,437.8,268.8,136.6,FB6P,0,0,0,0,1,0
6543,62463,11,CX,2,columnar,424.8,107.6,272.4,PFNa,0,0,0,0,1,0
6544,62570,11,CX,3,fan-body,432.0,84.4,239.7,FB6T,0,0,0,0,1,0
6545,62732,11,CX,3,fan-body,244.1,88.7,266.5,FB1D,0,0,0,0,0,0
6546,63122,11,CX,3,fan-body,498.7,155.6,133.0,FB5V_c,0,0,0,0,1,0
6547,63179,11,CX,2,columnar,331.6,106.1,281.4,hDeltaJ,0,0,0,0,0,0
6548,63277,11,CX,2,columnar,376.4,85.4,226.1,hDeltaF,0,0,0,0,0,0
6549,63395,11,CX,3,fan-body,314.9,284.6,149.0,FB5W_a,0,0,0,0,0,0
6550,63639,11,CX,3,fan-body,256.9,178.8,122.5,FB8E,0,0,0,0,0,0
6551,63998,11,CX,3,fan-body,274.5,183.4,113.1,FB3C,0,0,0,0,0,0
6552,64029,11,CX,2,columnar,417.8,82.2,262.0,PFNa,0,0,0,0,1,0
6553,64298,11,CX,2,columnar,431.6,129.7,299.5,PFNp_b,0,0,0,0,1,0
6554,64325,11,CX,3,fan-body,340.9,132.5,276.7,FB6K,0,0,0,0,0,0
6555,64541,11,CX,2,columnar,412.0,72.0,244.2,PFNa,0,0,0,0,1,0
6556,64956,11,CX,3,fan-body,515.4,76.6,256.9,FB7B,0,0,0,0,1,0
6557,65000,11,CX,3,fan-body,432.7,113.6,283.4,FB7D_b,0,0,0,0,1,0
6558,65047,11,CX,3,fan-body,497.6,160.7,117.8,FB6X,1,0,1,1,1,0
6559,65180,11,CX,2,columnar,401.0,96.2,268.9,PFNm_a,0,0,0,0,1,0
6560,65187,11,CX,3,fan-body,261.7,82.3,261.1,FB7K,0,0,0,0,0,0
6561,65705,11,CX,3,fan-body,514.5,156.2,124.6,FB5Q,0,0,0,0,1,0
6562,65722,11,CX,2,columnar,334.6,138.4,304.3,PFNp_e,0,0,0,0,0,0
6563,66644,11,CX,2,columnar,413.2,80.0,246.4,hDeltaJ,0,0,0,0,1,0
6564,66695,11,CX,3,fan-body,494.5,166.3,142.7,FB5D,0,0,0,0,1,0
6565,66718,11,CX,3,fan-body,328.1,89.3,269.7,FB6T,0,0,0,0,0,0
6566,66823,11,CX,3,fan-body,329.9,297.0,139.1,FB1I,0,0,0,0,0,0
6567,66841,11,CX,2,columnar,425.3,133.6,288.5,PFNa,0,0,0,0,1,0
6568,66977,11,CX,3,fan-body,270.1,176.7,113.7,FB5G_a,0,0,0,0,0,0
6569,67019,11,CX,2,columnar,356.7,83.6,243.0,PFNa,0,0,0,0,0,0
6570,67055,11,CX,2,columnar,369.2,76.6,219.7,hDeltaL,0,0,0,0,0,0
6571,67167,11,CX,2,columnar,364.9,75.0,231.2,hDeltaA,0,0,0,0,0,0
6572,67241,11,CX,3,fan-body,507.2,165.8,108.1,FB5Q,0,0,0,0,1,0
6573,67303,11,CX,3,fan-body,341.1,121.9,289.4,FB8B,0,0,0,0,0,0
6574,67397,11,CX,3,fan-body,412.1,68.1,226.6,FB7M,0,0,0,0,1,0
6575,67598,11,CX,2,columnar,409.3,83.0,254.4,PFNp_c,0,0,0,0,1,0
6576,68225,11,CX,3,fan-body,312.1,294.7,146.4,FB1F,0,0,0,0,0,0
6577,68268,11,CX,3,fan-body,489.8,166.9,140.4,FB4P_a,0,0,0,0,1,0
6578,68391,11,CX,3,fan-body,415.1,65.1,228.8,FB8F_b,0,0,0,0,1,0
6579,68438,11,CX,2,columnar,362.0,142.3,289.9,PFNp_a,0,0,0,0,0,0
6580,68672,11,CX,3,fan-body,501.1,154.7,121.9,FB4Q_c,0,0,0,0,1,0
6581,68775,11,CX,2,columnar,392.4,80.6,210.3,hDeltaD,0,0,0,0,1,0
6582,68841,11,CX,3,fan-body,436.6,93.9,284.8,FB8C,0,0,0,0,1,0
6583,68917,11,CX,3,fan-body,331.2,96.7,264.9,FB5B,0,0,0,0,0,0
6584,69064,11,CX,2,columnar,397.4,84.3,208.7,PFR_a,1,0,1,1,1,0
6585,69262,11,CX,2,columnar,386.5,68.5,217.0,PFNp_c,0,0,0,0,1,0
6586,69343,11,CX,3,fan-body,433.3,88.9,240.4,FB6Q,0,0,0,0,1,0
6587,69515,11,CX,2,columnar,367.4,73.1,227.1,PFNd,0,0,0,0,0,0
6588,69541,11,CX,2,columnar,357.5,95.0,263.6,PFNm_a,0,0,0,0,0,0
6589,69599,11,CX,2,columnar,400.7,116.4,280.5,PFNp_e,0,0,0,0,1,0
6590,69684,11,CX,3,fan-body,268.5,170.1,123.9,FB5O,0,0,0,0,0,0
6591,69704,11,CX,2,columnar,352.0,104.0,246.7,hDeltaI,0,0,0,0,0,0
6592,69954,11,CX,2,columnar,354.3,84.8,236.8,hDeltaC,0,0,0,0,0,0
6593,70230,11,CX,2,columnar,339.8,73.5,245.3,PFNp_c,0,0,0,0,0,0
6594,70279,11,CX,3,fan-body,322.0,285.0,149.2,FB5W_a,0,0,0,0,0,0
6595,70307,11,CX,2,columnar,425.5,90.2,268.2,PFNa,0,0,0,0,1,0
6596,70329,11,CX,2,columnar,353.0,112.1,272.8,hDeltaJ,0,0,0,0,0,0
6597,70533,11,CX,2,columnar,342.4,87.9,261.0,PFNa,0,0,0,0,0,0
6598,70573,11,CX,3,fan-body,509.0,153.0,135.6,FB5G_c,0,0,0,0,1,0
6599,70894,11,CX,2,columnar,408.8,74.1,249.0,PFNa,0,0,0,0,1,0
6600,71081,11,CX,3,fan-body,325.5,111.4,279.9,FB5B,0,0,0,0,0,0
6601,71747,11,CX,2,columnar,339.2,84.5,259.6,PFNm_a,0,0,0,0,0,0
6602,71752,11,CX,2,columnar,404.1,106.5,278.4,PFNp_a,0,0,0,0,1,0
6603,71769,11,CX,3,fan-body,271.7,166.9,117.4,FB4R,0,0,0,0,0,0
6604,71779,11,CX,2,columnar,411.4,83.7,236.8,hDeltaL,0,0,0,0,1,0
6605,72143,11,CX,2,columnar,395.9,109.8,266.3,PFNp_c,0,0,0,0,1,0
6606,72145,11,CX,3,fan-body,338.2,97.8,252.6,FB7C,0,0,0,0,0,0
6607,72430,11,CX,3,fan-body,318.1,302.3,142.7,FB2C,0,0,0,0,0,0
6608,72472,11,CX,2,columnar,358.9,123.5,280.6,PFNm_b,0,0,0,0,0,0
6609,72669,11,CX,2,columnar,348.4,78.2,250.3,PFNp_e,0,0,0,0,0,0
6610,72892,11,CX,3,fan-body,426.6,98.3,244.8,FB5B,0,0,0,0,1,0
6611,72957,11,CX,2,columnar,415.1,77.3,240.8,hDeltaJ,0,0,0,0,1,0
6612,73110,11,CX,3,fan-body,331.6,134.8,299.2,FB6J,0,0,0,0,0,0
6613,73112,11,CX,3,fan-body,507.2,165.1,117.2,FB8E,0,0,0,0,1,0
6614,73114,11,CX,2,columnar,342.6,71.6,243.0,PFNp_c,0,0,0,0,0,0
6615,73758,11,CX,3,fan-body,316.6,281.1,153.2,FB5J,0,0,0,0,0,0
6616,73853,11,CX,2,columnar,414.2,87.6,239.9,hDeltaI,0,0,0,0,1,0
6617,74366,11,CX,2,columnar,416.0,95.1,267.5,PFNp_c,0,0,0,0,1,0
6618,74666,11,CX,2,columnar,394.5,66.2,208.6,hDeltaE,0,0,0,0,1,0
6619,74669,11,CX,3,fan-body,421.2,72.9,229.0,FB7F,0,0,0,0,1,0
6620,74836,11,CX,2,columnar,378.0,67.2,212.0,PFNa,0,0,0,0,0,0
6621,74917,11,CX,2,columnar,363.0,74.9,225.2,PFR_a,0,0,0,0,0,0
6622,74988,11,CX,2,columnar,398.9,111.8,274.1,PFNp_e,0,0,0,0,1,0
6623,74990,11,CX,3,fan-body,462.5,272.2,131.1,FB1B,0,0,0,0,1,0
6624,75125,11,CX,3,fan-body,263.6,176.6,116.0,FB8G,0,0,0,0,0,0
6625,75598,11,CX,2,columnar,326.9,127.7,302.5,PFNa,0,0,0,0,0,0
6626,75614,11,CX,3,fan-body,264.5,163.3,146.1,FB5E,0,0,0,0,0,0
6627,75651,11,CX,2,columnar,347.6,87.3,250.4,PFNa,0,0,0,0,0,0
6628,75688,11,CX,2,columnar,343.4,94.0,248.2,hDeltaJ,0,0,0,0,0,0
6629,75724,11,CX,2,columnar,351.9,79.9,248.6,PFNm_a,0,0,0,0,0,0
6630,75789,11,CX,3,fan-body,317.8,297.9,149.9,FB2C,0,0,0,0,0,0
6631,76200,11,CX,3,fan-body,263.5,175.3,111.6,FB7E,0,0,0,0,0,0
6632,76412,11,CX,3,fan-body,344.1,270.6,158.1,FB5K,0,0,0,0,0,0
6633,76492,11,CX,2,columnar,354.2,89.1,254.8,PFNp_c,0,0,0,0,0,0
6634,77090,11,CX,2,columnar,386.5,108.3,262.6,hDeltaM,0,0,0,0,1,0
6635,77211,11,CX,2,columnar,333.9,134.5,303.0,PFNm_a,0,0,0,0,0,0
6636,77285,11,CX,2,columnar,422.9,146.1,294.9,PFNa,0,0,0,0,1,0
6637,77311,11,CX,3,fan-body,520.5,92.6,268.6,FB2F_a,0,0,0,0,1,0
6638,77360,11,CX,2,columnar,332.8,83.4,267.1,PFNd,0,0,0,0,0,0
6639,77801,11,CX,2,columnar,344.8,71.1,240.4,PFNm_a,0,0,0,0,0,0
6640,78121,11,CX,2,columnar,338.0,81.8,258.2,PFNp_c,0,0,0,0,0,0
6641,78294,11,CX,3,fan-body,262.1,174.5,119.0,FB5Z,1,0,1,1,0,0
6642,78331,11,CX,3,fan-body,322.0,299.4,149.1,FB2L,0,0,0,0,0,0
6643,78577,11,CX,3,fan-body,518.0,152.3,129.7,FB5G_b,0,0,0,0,1,0
6644,79273,11,CX,3,fan-body,506.2,155.4,128.2,FB5X,0,0,0,0,1,0
6645,79427,11,CX,3,fan-body,524.4,158.4,126.6,FB7I,0,0,0,0,1,0
6646,79615,11,CX,2,columnar,384.0,100.4,237.0,PFR_b,0,0,0,0,0,0
6647,79639,11,CX,2,columnar,381.7,70.7,213.1,PFNm_a,0,0,0,0,0,0
6648,79839,11,CX,2,columnar,406.6,65.9,234.8,hDeltaI,0,0,0,0,1,0
6649,79948,11,CX,3,fan-body,269.4,163.6,123.5,FB7E,0,0,0,0,0,0
6650,80130,11,CX,2,columnar,408.4,81.9,243.6,hDeltaC,0,0,0,0,1,0
6651,80388,11,CX,2,columnar,414.4,73.5,252.8,PFNp_e,0,0,0,0,1,0
6652,80415,11,CX,3,fan-body,315.3,295.9,134.9,FB4A_b,0,0,0,0,0,0
6653,80453,11,CX,2,columnar,350.1,72.8,240.0,PFNd,0,0,0,0,0,0
6654,80474,11,CX,3,fan-body,522.3,106.5,268.5,FB2G_b,0,0,0,0,1,0
6655,80549,11,CX,3,fan-body,323.2,290.2,150.7,FB7H,0,0,0,0,0,0
6656,80750,11,CX,2,columnar,419.9,99.8,261.7,hDeltaJ,0,0,0,0,1,0
6657,81159,11,CX,1,ring EPG/PEG,402.8,72.2,232.0,PEG,0,0,0,0,1,0
6658,81334,11,CX,3,fan-body,328.1,123.1,293.4,FB8C,0,0,0,0,0,0
6659,81432,11,CX,2,columnar,438.3,117.0,296.7,PFNa,0,0,0,0,1,0
6660,82111,11,CX,3,fan-body,514.0,154.5,134.0,FB8G,0,0,0,0,1,0
6661,82261,11,CX,3,fan-body,274.2,175.4,122.3,FB5X,0,0,0,0,0,0
6662,82342,11,CX,3,fan-body,463.2,282.6,136.4,FB4E_c,0,0,0,0,1,0
6663,82613,11,CX,2,columnar,370.2,87.0,226.9,hDeltaI,0,0,0,0,0,0
6664,82772,11,CX,2,columnar,355.4,78.6,243.8,PFNa,0,0,0,0,0,0
6665,83070,11,CX,3,fan-body,503.8,158.1,130.0,FB5V_b,0,0,0,0,1,0
6666,83319,11,CX,3,fan-body,512.3,164.6,116.7,FB5G_a,0,0,0,0,1,0
6667,83388,11,CX,3,fan-body,505.7,164.5,112.2,FB7E,0,0,0,0,1,0
6668,83478,11,CX,2,columnar,350.4,83.2,246.5,PFNp_c,0,0,0,0,0,0
6669,83709,11,CX,3,fan-body,327.0,137.1,296.2,FB7D_a,0,0,0,0,0,0
6670,83827,11,CX,3,fan-body,254.2,88.3,258.7,FB2F_c,0,0,0,0,0,0
6671,84064,11,CX,2,columnar,428.8,135.6,291.2,PFNp_c,0,0,0,0,1,0
6672,84203,11,CX,3,fan-body,459.2,274.8,134.2,FB1F,0,0,0,0,1,0
6673,84217,11,CX,3,fan-body,274.1,176.6,127.2,FB5X,0,0,0,0,0,0
6674,84296,11,CX,3,fan-body,497.2,169.0,107.9,FB3C,0,0,0,0,1,0
6675,84305,11,CX,3,fan-body,270.3,176.0,118.1,FB4Q_c,0,0,0,0,0,0
6676,84617,11,CX,2,columnar,366.0,153.5,294.8,PFNp_a,0,0,0,0,0,0
6677,84661,11,CX,3,fan-body,268.7,165.2,127.3,FB7I,0,0,0,0,0,0
6678,84758,11,CX,1,ring EPG/PEG,440.0,98.3,290.2,EPG,0,0,0,0,1,0
6679,84766,11,CX,3,fan-body,431.3,104.3,282.6,FB7J,0,0,0,0,1,0
6680,84836,11,CX,3,fan-body,271.3,167.8,131.0,FB5V_b,0,0,0,0,0,0
6681,84873,11,CX,2,columnar,398.5,87.1,219.6,hDeltaJ,0,0,0,0,1,0
6682,86425,11,CX,3,fan-body,267.1,165.6,138.0,FB5V_b,0,0,0,0,0,0
6683,87121,11,CX,3,fan-body,499.4,159.6,127.9,FB5X,0,0,0,0,1,0
6684,88014,11,CX,2,columnar,392.5,72.7,230.3,PFR_a,0,0,0,0,1,0
6685,88342,11,CX,1,ring EPG/PEG,405.9,70.9,242.0,EPG,0,0,0,0,1,0
6686,88904,11,CX,2,columnar,365.9,71.3,219.8,hDeltaE,0,0,0,0,0,0
6687,89155,11,CX,3,fan-body,487.0,160.8,127.7,FB7G,0,0,0,0,1,0
6688,89191,11,CX,3,fan-body,322.7,293.9,152.9,FB4D_b,1,0,1,0,0,0
6689,89937,11,CX,3,fan-body,266.5,177.1,108.9,FB5G_b,0,0,0,0,0,0
6690,90574,11,CX,2,columnar,395.9,64.5,218.9,PFR_a,0,0,0,0,1,0
6691,90634,11,CX,2,columnar,425.1,77.3,245.6,hDeltaJ,0,0,0,0,1,0
6692,90697,11,CX,3,fan-body,429.1,108.3,281.4,FB8C,0,0,0,0,1,0
6693,90896,11,CX,3,fan-body,447.9,272.9,147.4,FB5W_a,0,0,0,0,1,0
6694,91004,11,CX,2,columnar,399.3,90.8,255.4,hDeltaJ,0,0,0,0,1,0
6695,91507,11,CX,3,fan-body,515.2,163.2,119.8,FB5Z,1,0,1,0,1,0
6696,91633,11,CX,3,fan-body,463.2,276.5,136.2,FB2K,0,0,0,0,1,0
6697,91835,11,CX,3,fan-body,331.6,130.5,283.4,FB7D_b,0,0,0,0,0,0
6698,92081,11,CX,3,fan-body,419.4,87.1,238.5,FB6R,0,0,0,0,1,0
6699,92188,11,CX,1,ring EPG/PEG,325.9,125.8,296.5,EPG,0,0,0,0,0,0
6700,92330,11,CX,2,columnar,365.8,88.1,227.3,hDeltaI,0,0,0,0,0,0
6701,92564,11,CX,3,fan-body,275.4,164.7,114.4,FB8E,0,0,0,0,0,0
6702,92576,11,CX,3,fan-body,279.1,165.1,115.1,FB8G,0,0,0,0,0,0
6703,92683,11,CX,3,fan-body,445.9,279.9,142.5,FB4A_a,0,0,0,0,1,0
6704,92734,11,CX,3,fan-body,270.4,172.1,112.9,FB5G_a,0,0,0,0,0,0
6705,93067,11,CX,3,fan-body,319.8,297.8,139.7,FB4E_c,0,0,0,0,0,0
6706,93186,11,CX,2,columnar,399.5,99.5,269.2,PFNp_c,0,0,0,0,1,0
6707,93348,11,CX,3,fan-body,516.6,106.7,272.9,FB1E_a,0,0,0,0,1,0
6708,94528,11,CX,3,fan-body,502.0,160.4,118.0,FB4Q_b,0,0,0,0,1,0
6709,94739,11,CX,3,fan-body,511.1,164.2,121.2,FB7E,0,0,0,0,1,0
6710,95025,11,CX,3,fan-body,313.3,298.0,144.0,FB4E_b,0,0,0,0,0,0
6711,95935,11,CX,3,fan-body,332.3,147.0,277.0,FB4Z_c,0,0,0,0,0,0
6712,96115,11,CX,3,fan-body,416.1,79.9,234.0,FB6S,0,0,0,0,1,0
6713,96270,11,CX,3,fan-body,455.1,277.2,132.9,FB2K,0,0,0,0,1,0
6714,96745,11,CX,3,fan-body,516.9,160.0,123.1,FB6U,0,0,0,0,1,0
6715,97083,11,CX,2,columnar,383.6,68.0,215.2,PFNa,0,0,0,0,0,0
6716,97122,11,CX,3,fan-body,314.0,296.6,149.8,FB2K,0,0,0,0,0,0
6717,97523,11,CX,3,fan-body,452.5,282.5,142.3,FB2K,0,0,0,0,1,0
6718,97590,11,CX,3,fan-body,316.5,294.0,145.7,FB2L,0,0,0,0,0,0
6719,97678,11,CX,2,columnar,425.3,75.3,259.6,PFNv,0,0,0,0,1,0
6720,98136,11,CX,3,fan-body,459.0,283.0,133.1,FB2K,0,0,0,0,1,0
6721,98337,11,CX,2,columnar,356.7,81.1,246.1,PFNa,0,0,0,0,0,0
6722,98391,11,CX,2,columnar,415.0,68.2,244.7,PFNa,0,0,0,0,1,0
6723,98430,11,CX,2,columnar,434.0,84.2,276.0,PFNp_e,0,0,0,0,1,0
6724,98471,11,CX,2,columnar,432.8,122.1,297.2,PFNp_a,0,0,0,0,1,0
6725,98874,11,CX,2,columnar,434.9,108.2,292.8,PFNd,0,0,0,0,1,0
6726,99028,11,CX,3,fan-body,244.8,79.2,259.2,FB2J_a,0,0,0,0,0,0
6727,99299,11,CX,3,fan-body,455.0,279.0,139.6,FB2C,0,0,0,0,1,0
6728,99346,11,CX,3,fan-body,313.2,304.2,140.2,FB2K,0,0,0,0,0,0
6729,99513,11,CX,3,fan-body,432.4,91.6,280.9,FB7D_a,0,0,0,0,1,0
6730,99942,11,CX,2,columnar,374.3,56.1,194.7,PFNp_a,0,0,0,0,0,0
6731,100217,11,CX,3,fan-body,264.2,178.2,121.7,FB3C,0,0,0,0,0,0
6732,100304,11,CX,3,fan-body,456.8,282.7,138.0,FB4E_a,0,0,0,0,1,0
6733,100586,11,CX,3,fan-body,458.6,287.0,147.2,FB4A_a,0,0,0,0,1,0
6734,100809,11,CX,1,ring EPG/PEG,449.6,125.7,302.5,PEG,0,0,0,0,1,0
6735,101052,11,CX,3,fan-body,310.9,296.9,139.6,FB4E_b,0,0,0,0,0,0
6736,101125,11,CX,2,columnar,381.1,70.6,216.8,PFNm_a,0,0,0,0,0,0
6737,101406,11,CX,3,fan-body,426.3,77.7,237.6,FB9A,0,0,0,0,1,0
6738,101508,11,CX,3,fan-body,309.7,299.7,141.9,FB1B,0,0,0,0,0,0
6739,101515,11,CX,3,fan-body,422.8,71.7,233.5,FB7F,0,0,0,0,1,0
6740,101791,11,CX,2,columnar,433.7,82.9,271.2,PFNp_e,0,0,0,0,1,0
6741,101898,11,CX,2,columnar,409.6,67.2,243.9,PFNa,0,0,0,0,1,0
6742,102209,11,CX,2,columnar,406.3,79.1,253.8,PFNa,0,0,0,0,1,0
6743,102316,11,CX,3,fan-body,308.2,306.4,146.0,FB3D,1,0,1,0,0,0
6744,102438,11,CX,3,fan-body,328.0,139.8,299.4,FB7D_b,0,0,0,0,0,0
6745,102689,11,CX,2,columnar,339.7,134.7,299.3,PFNv,0,0,0,0,0,0
6746,102878,11,CX,3,fan-body,267.1,168.0,118.0,FB8I,0,0,0,0,0,0
6747,102956,11,CX,3,fan-body,434.1,97.1,284.6,FB7D_a,0,0,0,0,1,0
6748,103306,11,CX,3,fan-body,521.0,98.4,268.5,FB2F_d,0,0,0,0,1,0
6749,104007,11,CX,3,fan-body,337.7,126.2,277.4,FB5S,0,0,0,0,0,0
6750,104473,11,CX,2,columnar,353.3,163.2,292.1,PFNp_b,0,0,0,0,0,0
6751,104593,11,CX,3,fan-body,508.5,100.8,271.6,FB2F_c,0,0,0,0,1,0
6752,104985,11,CX,3,fan-body,318.5,294.1,137.6,FB6N,0,0,0,0,0,0
6753,105078,11,CX,3,fan-body,338.2,113.0,287.3,FB6J,0,0,0,0,0,0
6754,105436,11,CX,3,fan-body,267.5,166.2,131.3,FB5V_a,0,0,0,0,0,0
6755,105775,11,CX,3,fan-body,449.6,285.8,145.8,FB4E_a,0,0,0,0,1,0
6756,105904,11,CX,3,fan-body,452.0,283.3,138.4,FB2K,0,0,0,0,1,0
6757,106414,11,CX,3,fan-body,281.6,164.4,129.7,FB7G,0,0,0,0,0,0
6758,106593,11,CX,3,fan-body,503.0,161.4,122.7,FB5V_c,0,0,0,0,1,0
6759,107195,11,CX,1,ring EPG/PEG,412.5,60.8,233.2,EPG,0,0,0,0,1,0
6760,107497,11,CX,2,columnar,384.2,65.4,213.0,PFNp_e,0,0,0,0,0,0
6761,107571,11,CX,2,columnar,435.7,122.1,298.9,PFNm_b,0,0,0,0,1,0
6762,108042,11,CX,2,columnar,347.9,70.7,239.0,PFNp_b,0,0,0,0,0,0
6763,108332,11,CX,2,columnar,424.0,71.8,255.7,PFNp_a,0,0,0,0,1,0
6764,108415,11,CX,2,columnar,398.9,81.2,210.6,hDeltaJ,0,0,0,0,1,0
6765,108585,11,CX,3,fan-body,522.9,166.0,112.6,FB8I,0,0,0,0,1,0
6766,108860,11,CX,3,fan-body,496.6,162.9,133.4,FB5V_a,1,0,1,1,1,0
6767,109669,11,CX,3,fan-body,316.1,296.4,141.0,FB2K,0,0,0,0,0,0
6768,109806,11,CX,2,columnar,418.0,137.7,288.1,PFNm_b,0,0,0,0,1,0
6769,109866,11,CX,2,columnar,421.2,101.4,255.1,hDeltaC,0,0,0,0,1,0
6770,110007,11,CX,3,fan-body,426.5,72.4,233.4,FB7C,0,0,0,0,1,0
6771,110276,11,CX,2,columnar,336.8,74.5,253.0,PFNp_b,0,0,0,0,0,0
6772,110439,11,CX,2,columnar,413.7,77.9,248.7,PFNp_c,0,0,0,0,1,0
6773,110451,11,CX,3,fan-body,438.4,116.3,291.5,FB7D_b,0,0,0,0,1,0
6774,111108,11,CX,2,columnar,351.7,78.2,237.1,PFNa,0,0,0,0,0,0
6775,112039,11,CX,2,columnar,335.4,73.3,255.7,PFNp_a,0,0,0,0,0,0
6776,112156,11,CX,3,fan-body,417.8,69.1,230.2,FB8F_a,0,0,0,0,1,0
6777,112250,11,CX,2,columnar,382.6,65.7,204.2,PFNp_c,0,0,0,0,0,0
6778,112377,11,CX,2,columnar,335.3,71.2,253.1,PFNp_b,0,0,0,0,0,0
6779,112466,11,CX,3,fan-body,310.1,302.9,152.7,FB2C,0,0,0,0,0,0
6780,112723,11,CX,2,columnar,337.2,91.8,273.0,PFNp_e,0,0,0,0,0,0
6781,112756,11,CX,2,columnar,333.1,80.0,264.5,PFNp_e,0,0,0,0,0,0
6782,113148,11,CX,3,fan-body,328.2,133.2,288.7,FB5S,0,0,0,0,0,0
6783,113489,11,CX,2,columnar,348.3,69.0,237.0,PFNp_a,0,0,0,0,0,0
6784,113565,11,CX,3,fan-body,338.7,90.2,256.5,FB8F_a,0,0,0,0,0,0
6785,113588,11,CX,3,fan-body,498.5,157.3,119.5,FB5T,0,0,0,0,1,0
6786,113840,11,CX,3,fan-body,329.0,302.7,138.3,FB4A_a,0,0,0,0,0,0
6787,113924,11,CX,3,fan-body,338.0,131.7,279.5,FB5U,0,0,0,0,0,0
6788,114050,11,CX,2,columnar,340.9,82.5,256.2,PFNa,0,0,0,0,0,0
6789,114213,11,CX,3,fan-body,317.2,303.9,138.0,FB4A_a,0,0,0,0,0,0
6790,114392,11,CX,3,fan-body,427.3,86.5,237.3,FB6S,0,0,0,0,1,0
6791,114426,11,CX,2,columnar,336.6,133.2,298.2,PFNm_b,0,0,0,0,0,0
6792,114647,11,CX,2,columnar,398.5,105.1,272.0,PFNm_b,0,0,0,0,1,0
6793,115260,11,CX,2,columnar,402.1,91.1,261.7,PFNa,0,0,0,0,1,0
6794,115521,11,CX,3,fan-body,425.9,88.3,239.7,FB6R,0,0,0,0,1,0
6795,115546,11,CX,3,fan-body,305.9,298.6,139.8,FB4E_a,0,0,0,0,0,0
6796,115624,11,CX,2,columnar,352.2,81.5,238.5,PFNa,0,0,0,0,0,0
6797,115704,11,CX,3,fan-body,329.2,129.8,292.3,FB5S,0,0,0,0,0,0
6798,116185,11,CX,3,fan-body,336.8,85.6,257.1,FB8F_a,0,0,0,0,0,0
6799,116200,11,CX,3,fan-body,275.0,163.3,130.1,FB5P,0,0,0,0,0,0
6800,116777,11,CX,2,columnar,406.9,73.1,246.0,PFNp_e,0,0,0,0,1,0
6801,117040,11,CX,3,fan-body,330.4,85.8,264.5,FB8F_a,0,0,0,0,0,0
6802,117121,11,CX,3,fan-body,489.1,169.2,108.5,FB3C,0,0,0,0,1,0
6803,117879,11,CX,2,columnar,351.0,161.6,295.5,PFNp_b,0,0,0,0,0,0
6804,118288,11,CX,2,columnar,380.4,64.9,209.2,PFNm_b,0,0,0,0,0,0
6805,118318,11,CX,3,fan-body,418.8,72.8,231.2,FB6S,0,0,0,0,1,0
6806,118960,11,CX,3,fan-body,416.1,64.4,233.0,FB8F_a,0,0,0,0,1,0
6807,118973,11,CX,2,columnar,359.9,139.8,284.6,PFNm_b,0,0,0,0,0,0
6808,118980,11,CX,2,columnar,398.5,108.5,269.1,PFNa,0,0,0,0,1,0
6809,119860,11,CX,3,fan-body,276.9,166.5,129.7,FB5V_c,0,0,0,0,0,0
6810,120798,11,CX,3,fan-body,416.3,71.9,233.5,FB8F_b,0,0,0,0,1,0
6811,121031,11,CX,3,fan-body,454.6,281.5,151.2,FB2C,0,0,0,0,1,0
6812,121084,11,CX,3,fan-body,431.2,115.4,280.1,FB5S,0,0,0,0,1,0
6813,121959,11,CX,2,columnar,394.1,68.7,215.9,hDeltaJ,0,0,0,0,1,0
6814,121970,11,CX,3,fan-body,513.1,161.3,123.4,FB8E,0,0,0,0,1,0
6815,122132,11,CX,2,columnar,377.3,61.0,202.9,PFNp_c,0,0,0,0,0,0
6816,122745,11,CX,3,fan-body,333.9,132.2,279.5,FB5U,0,0,0,0,0,0
6817,122823,11,CX,3,fan-body,266.3,170.3,133.9,FB9B_d,0,0,0,0,0,0
6818,123047,11,CX,2,columnar,410.3,70.1,238.1,hDeltaI,0,0,0,0,1,0
6819,123127,11,CX,2,columnar,417.5,85.3,255.6,PFNa,0,0,0,0,1,0
6820,123199,11,CX,3,fan-body,334.6,97.1,254.9,FB6S,0,0,0,0,0,0
6821,123248,11,CX,3,fan-body,474.8,282.3,138.3,FB4E_b,0,0,0,0,1,0
6822,123428,11,CX,2,columnar,341.4,155.7,306.9,PFNp_e,0,0,0,0,0,0
6823,123681,11,CX,3,fan-body,421.6,78.3,235.1,FB7C,0,0,0,0,1,0
6824,124027,11,CX,3,fan-body,428.9,169.2,293.2,FB5S,0,0,0,0,1,0
6825,124099,11,CX,2,columnar,336.8,73.4,249.4,PFNp_b,0,0,0,0,0,0
6826,124313,11,CX,2,columnar,426.7,134.7,293.4,PFNm_b,0,0,0,0,1,0
6827,124358,11,CX,3,fan-body,335.1,99.7,269.1,FB8D,0,0,0,0,0,0
6828,124466,11,CX,2,columnar,433.5,87.3,278.4,PFNm_b,0,0,0,0,1,0
6829,124659,11,CX,2,columnar,347.5,104.3,250.4,hDeltaI,0,0,0,0,0,0
6830,125114,11,CX,3,fan-body,334.5,97.4,258.2,FB6S,0,0,0,0,0,0
6831,125273,11,CX,2,columnar,360.2,155.7,293.7,PFNm_b,0,0,0,0,0,0
6832,125369,11,CX,3,fan-body,326.7,135.2,292.5,FB6L,0,0,0,0,0,0
6833,125443,11,CX,3,fan-body,332.5,90.8,263.4,FB8F_b,0,0,0,0,0,0
6834,125729,11,CX,2,columnar,346.9,86.6,255.7,PFNm_b,0,0,0,0,0,0
6835,125940,11,CX,2,columnar,361.2,121.8,283.1,PFNp_b,0,0,0,0,0,0
6836,126061,11,CX,2,columnar,363.0,94.8,233.3,hDeltaI,0,0,0,0,0,0
6837,126393,11,CX,3,fan-body,228.6,83.6,263.6,FB2F_d,0,0,0,0,0,0
6838,126412,11,CX,3,fan-body,263.4,172.9,126.6,FB9B_d,0,0,0,0,0,0
6839,127690,11,CX,3,fan-body,340.1,94.0,254.4,FB7C,0,0,0,0,0,0
6840,128010,11,CX,3,fan-body,419.8,74.8,233.9,FB9A,0,0,0,0,1,0
6841,128516,11,CX,3,fan-body,432.3,116.2,286.5,FB6J,0,0,0,0,1,0
6842,128825,11,CX,3,fan-body,417.4,89.3,236.0,FB5B,0,0,0,0,1,0
6843,129564,11,CX,3,fan-body,509.5,166.3,113.6,FB9B_d,0,0,0,0,1,0
6844,129715,11,CX,2,columnar,409.6,65.7,240.7,PFNa,0,0,0,0,1,0
6845,129748,11,CX,2,columnar,435.0,128.4,298.1,PFNm_b,0,0,0,0,1,0
6846,129971,11,CX,2,columnar,329.8,79.6,263.4,PFNp_a,0,0,0,0,0,0
6847,130122,11,CX,3,fan-body,338.9,95.0,258.1,FB7M,0,0,0,0,0,0
6848,130175,11,CX,3,fan-body,518.8,155.5,132.6,FB8G,0,0,0,0,1,0
6849,130382,11,CX,3,fan-body,268.2,170.0,140.4,FB9B_a,0,0,0,0,0,0
6850,130971,11,CX,2,columnar,412.0,83.8,240.4,hDeltaI,0,0,0,0,1,0
6851,131142,11,CX,2,columnar,340.2,75.4,251.8,PFNp_c,0,0,0,0,0,0
6852,131313,11,CX,1,ring EPG/PEG,351.4,78.7,233.3,EPG,0,0,0,0,0,0
6853,131537,11,CX,2,columnar,360.9,86.6,244.9,PFNp_c,0,0,0,0,0,0
6854,131570,11,CX,3,fan-body,431.3,74.6,234.5,FB8D,0,0,0,0,1,0
6855,131734,11,CX,3,fan-body,411.6,65.6,229.0,FB8F_b,0,0,0,0,1,0
6856,132382,11,CX,2,columnar,434.2,86.2,266.5,PFNp_e,0,0,0,0,1,0
6857,132650,11,CX,3,fan-body,330.4,106.8,288.9,FB7D_a,0,0,0,0,0,0
6858,132828,11,CX,2,columnar,354.2,161.4,294.6,PFNp_c,0,0,0,0,0,0
6859,132898,11,CX,2,columnar,432.0,84.1,268.4,PFNp_c,0,0,0,0,1,0
6860,133002,11,CX,2,columnar,432.9,125.7,297.7,PFNp_e,0,0,0,0,1,0
6861,133079,11,CX,2,columnar,411.7,75.9,246.7,PFNp_a,0,0,0,0,1,0
6862,133601,11,CX,3,fan-body,500.3,96.4,267.9,FB4X,0,0,0,0,1,0
6863,133645,11,CX,2,columnar,406.8,166.9,298.9,PFNp_c,0,0,0,0,1,0
6864,134390,11,CX,2,columnar,429.3,84.6,271.6,PFNp_c,0,0,0,0,1,0
6865,135201,11,CX,2,columnar,425.8,69.6,250.7,PFNp_b,0,0,0,0,1,0
6866,135453,11,CX,2,columnar,415.0,77.8,256.3,PFNm_a,0,0,0,0,1,0
6867,136159,11,CX,3,fan-body,423.3,120.1,271.8,FB5U,0,0,0,0,1,0
6868,136667,11,CX,3,fan-body,263.2,167.9,127.9,FB8G,0,0,0,0,0,0
6869,137936,11,CX,3,fan-body,333.3,95.4,261.0,FB6S,0,0,0,0,0,0
6870,138785,11,CX,2,columnar,332.8,145.8,308.4,PFNp_e,0,0,0,0,0,0
6871,139067,11,CX,3,fan-body,509.6,156.4,134.6,FB9B_b,0,0,0,0,1,0
6872,139382,11,CX,3,fan-body,453.5,285.3,147.1,FB4A_a,0,0,0,0,1,0
6873,139590,11,CX,3,fan-body,414.1,57.8,231.4,FB8F_b,0,0,0,0,1,0
6874,139612,11,CX,2,columnar,332.1,77.8,262.4,PFNp_b,0,0,0,0,0,0
6875,140308,11,CX,2,columnar,355.5,96.6,265.3,PFNp_b,0,0,0,0,0,0
6876,140558,11,CX,3,fan-body,447.3,286.2,140.9,FB4E_b,0,0,0,0,1,0
6877,140609,11,CX,2,columnar,437.8,126.9,297.1,PFNp_c,0,0,0,0,1,0
6878,140688,11,CX,2,columnar,329.0,86.5,272.9,PFNp_e,0,0,0,0,0,0
6879,140820,11,CX,3,fan-body,233.6,79.0,261.6,FB2F_d,0,0,0,0,0,0
6880,140831,11,CX,2,columnar,393.6,70.0,222.4,PFNp_a,0,0,0,0,1,0
6881,141161,11,CX,3,fan-body,334.9,140.2,277.6,FB4Z_c,0,0,0,0,0,0
6882,141295,11,CX,2,columnar,377.5,63.7,207.2,PFNm_b,0,0,0,0,0,0
6883,142689,11,CX,2,columnar,402.9,61.9,221.8,hDeltaI,0,0,0,0,1,0
6884,143023,11,CX,3,fan-body,332.3,87.8,260.9,FB8F_b,0,0,0,0,0,0
6885,144052,11,CX,2,columnar,422.4,62.8,245.2,PFNp_a,0,0,0,0,1,0
6886,144110,11,CX,2,columnar,431.1,132.8,300.5,PFNp_a,0,0,0,0,1,0
6887,144163,11,CX,2,columnar,427.9,136.1,296.3,PFNp_e,0,0,0,0,1,0
6888,144164,11,CX,2,columnar,352.5,85.8,256.1,PFNp_b,0,0,0,0,0,0
6889,144251,11,CX,2,columnar,359.4,91.0,253.9,PFNp_c,0,0,0,0,0,0
6890,144553,11,CX,3,fan-body,451.5,117.3,285.3,FB6J,0,0,0,0,1,0
6891,145039,11,CX,2,columnar,421.1,134.5,286.8,PFNa,0,0,0,0,1,0
6892,145195,11,CX,3,fan-body,327.7,130.4,300.0,FB5S,0,0,0,0,0,0
6893,145229,11,CX,3,fan-body,328.4,141.3,278.7,FB4Z_b,0,0,0,0,0,0
6894,145234,11,CX,2,columnar,434.3,139.4,305.2,PFNp_b,0,0,0,0,1,0
6895,145547,11,CX,2,columnar,416.9,87.2,258.3,PFNa,0,0,0,0,1,0
6896,145920,11,CX,3,fan-body,432.6,106.8,275.0,FB6L,0,0,0,0,1,0
6897,146366,11,CX,3,fan-body,427.2,113.1,269.3,FB5U,0,0,0,0,1,0
6898,146988,11,CX,2,columnar,353.2,84.1,248.2,PFNp_b,0,0,0,0,0,0
6899,147036,11,CX,2,columnar,362.4,134.9,286.9,PFNp_a,0,0,0,0,0,0
6900,147142,11,CX,2,columnar,358.8,84.1,247.3,PFNm_b,0,0,0,0,0,0
6901,147211,11,CX,2,columnar,421.2,73.7,253.2,PFNp_a,0,0,0,0,1,0
6902,147832,11,CX,2,columnar,430.9,88.0,273.6,PFNa,0,0,0,0,1,0
6903,147909,11,CX,2,columnar,409.2,84.4,259.6,PFNp_b,0,0,0,0,1,0
6904,147927,11,CX,3,fan-body,328.8,125.8,290.6,FB4Z_a,0,0,0,0,0,0
6905,148097,11,CX,3,fan-body,506.0,157.4,136.0,FB9B_a,0,0,0,0,1,0
6906,148295,11,CX,2,columnar,430.4,85.8,276.1,PFNp_e,0,0,0,0,1,0
6907,148473,11,CX,2,columnar,414.1,91.9,267.4,PFNp_b,0,0,0,0,1,0
6908,148694,11,CX,3,fan-body,495.6,162.7,110.7,FB9B_d,0,0,0,0,1,0
6909,148713,11,CX,2,columnar,428.6,87.0,270.1,PFNp_c,0,0,0,0,1,0
6910,148726,11,CX,3,fan-body,330.6,133.7,281.2,FB5R,0,0,0,0,0,0
6911,148749,11,CX,3,fan-body,431.5,92.9,272.6,FB5S,0,0,0,0,1,0
6912,148789,11,CX,3,fan-body,516.8,156.0,128.3,FB8E,0,0,0,0,1,0
6913,149200,11,CX,2,columnar,435.1,136.5,304.6,PFNp_b,0,0,0,0,1,0
6914,149414,11,CX,2,columnar,353.3,74.9,236.8,PFNm_a,0,0,0,0,0,0
6915,149501,11,CX,2,columnar,373.8,59.3,201.6,PFNm_b,0,0,0,0,0,0
6916,149707,11,CX,3,fan-body,328.6,109.1,279.3,FB9A,0,0,0,0,0,0
6917,149891,11,CX,3,fan-body,452.5,275.4,128.9,FB5W_b,0,0,0,0,1,0
6918,150112,11,CX,2,columnar,410.0,86.7,257.6,PFNp_b,0,0,0,0,1,0
6919,150364,11,CX,2,columnar,412.2,83.0,258.5,PFNm_b,0,0,0,0,1,0
6920,150382,11,CX,2,columnar,422.9,68.7,249.0,PFNp_d,0,0,0,0,1,0
6921,150434,11,CX,3,fan-body,515.9,154.6,138.7,FB9B_c,0,0,0,0,1,0
6922,150450,11,CX,2,columnar,376.8,75.2,202.4,PFNp_e,0,0,0,0,0,0
6923,150676,11,CX,2,columnar,331.0,130.3,298.1,PFNp_b,0,0,0,0,0,0
6924,150957,11,CX,3,fan-body,433.2,112.4,273.3,FB6J,0,0,0,0,1,0
6925,151050,11,CX,3,fan-body,323.8,145.3,286.7,FB4Z_b,0,0,0,0,0,0
6926,151501,11,CX,3,fan-body,332.9,87.9,265.2,FB9A,0,0,0,0,0,0
6927,151618,11,CX,3,fan-body,414.9,67.7,231.1,FB9A,0,0,0,0,1,0
6928,151641,11,CX,2,columnar,344.0,82.8,260.8,PFNp_a,0,0,0,0,0,0
6929,152649,11,CX,2,columnar,421.4,70.0,253.3,PFNp_b,0,0,0,0,1,0
6930,152910,11,CX,3,fan-body,337.4,99.2,257.7,FB9A,0,0,0,0,0,0
6931,153318,11,CX,2,columnar,436.9,130.1,299.9,PFNp_b,0,0,0,0,1,0
6932,153367,11,CX,2,columnar,393.7,72.2,225.6,PFNp_b,0,0,0,0,1,0
6933,153375,11,CX,2,columnar,408.5,92.3,264.8,PFNm_b,0,0,0,0,1,0
6934,153440,11,CX,3,fan-body,331.6,93.5,267.6,FB9C,0,0,0,0,0,0
6935,153543,11,CX,2,columnar,430.3,136.0,300.6,PFNp_a,0,0,0,0,1,0
6936,153928,11,CX,3,fan-body,423.9,74.8,231.4,FB9C,0,0,0,0,1,0
6937,153999,11,CX,3,fan-body,429.6,104.2,269.7,FB5S,0,0,0,0,1,0
6938,154212,11,CX,3,fan-body,427.8,117.0,268.0,FB5R,0,0,0,0,1,0
6939,154239,11,CX,2,columnar,327.5,137.1,305.6,PFNp_b,0,0,0,0,0,0
6940,154386,11,CX,3,fan-body,510.2,108.7,274.2,FB8A,0,0,0,0,1,0
6941,154748,11,CX,2,columnar,419.4,66.7,249.5,PFNp_a,0,0,0,0,1,0
6942,154764,11,CX,3,fan-body,330.5,82.6,262.3,FB8F_b,0,0,0,0,0,0
6943,154825,11,CX,3,fan-body,406.8,60.2,221.5,FB9C,0,0,0,0,1,0
6944,154955,11,CX,2,columnar,337.8,87.8,267.7,PFNp_b,0,0,0,0,0,0
6945,155188,11,CX,3,fan-body,329.7,144.0,281.5,FB4Z_a,0,0,0,0,0,0
6946,155238,11,CX,2,columnar,405.0,82.1,253.0,PFNm_a,0,0,0,0,1,0
6947,155307,11,CX,2,columnar,343.7,82.9,250.1,PFNp_b,0,0,0,0,0,0
6948,155385,11,CX,2,columnar,427.5,87.3,273.4,PFNm_a,0,0,0,0,1,0
6949,155930,11,CX,2,columnar,325.5,133.7,306.0,PFNp_b,0,0,0,0,0,0
6950,156116,11,CX,2,columnar,436.0,118.6,290.5,PFNp_b,0,0,0,0,1,0
6951,156190,11,CX,3,fan-body,429.4,119.0,275.6,FB5S,0,0,0,0,1,0
6952,156233,11,CX,3,fan-body,413.9,70.8,229.3,FB9C,0,0,0,0,1,0
6953,156581,11,CX,2,columnar,422.4,74.2,251.2,PFNp_b,0,0,0,0,1,0
6954,156696,11,CX,2,columnar,349.3,77.9,239.5,PFNm_b,0,0,0,0,0,0
6955,156699,11,CX,2,columnar,364.1,128.9,286.9,PFNp_b,0,0,0,0,0,0
6956,156843,11,CX,2,columnar,429.1,138.4,298.4,PFNp_b,0,0,0,0,1,0
6957,157170,11,CX,2,columnar,413.3,88.1,261.7,PFNp_a,0,0,0,0,1,0
6958,157644,11,CX,3,fan-body,500.6,157.8,135.0,FB9B_b,0,0,0,0,1,0
6959,157747,11,CX,2,columnar,409.1,79.1,255.6,PFNp_b,0,0,0,0,1,0
6960,157821,11,CX,3,fan-body,273.2,174.3,136.1,FB9B_b,0,0,0,0,0,0
6961,158003,11,CX,2,columnar,353.3,78.0,246.3,PFNp_b,0,0,0,0,0,0
6962,158417,11,CX,2,columnar,325.5,136.5,307.7,PFNp_b,0,0,0,0,0,0
6963,158552,11,CX,2,columnar,404.7,82.8,255.9,PFNp_e,0,0,0,0,1,0
6964,158596,11,CX,2,columnar,439.5,130.9,304.5,PFNp_b,0,0,0,0,1,0
6965,158908,11,CX,3,fan-body,339.0,97.1,255.3,FB9C,0,0,0,0,0,0
6966,158958,11,CX,2,columnar,353.2,164.5,296.0,PFNp_d,0,0,0,0,0,0
6967,159635,11,CX,2,columnar,434.2,86.4,271.2,PFNp_c,0,0,0,0,1,0
6968,159766,11,CX,2,columnar,379.8,63.0,204.6,PFNp_a,0,0,0,0,0,0
6969,159866,11,CX,3,fan-body,448.0,121.0,291.5,FB4Z_b,0,0,0,0,1,0
6970,159950,11,CX,2,columnar,355.9,92.7,261.4,PFNp_a,0,0,0,0,0,0
6971,160445,11,CX,2,columnar,351.6,90.4,256.8,PFNp_a,0,0,0,0,0,0
6972,160503,11,CX,2,columnar,420.4,65.4,245.2,PFNp_a,0,0,0,0,1,0
6973,160829,11,CX,2,columnar,431.4,116.8,289.4,PFNp_b,0,0,0,0,1,0
6974,160865,11,CX,3,fan-body,423.3,81.7,235.2,FB9C,0,0,0,0,1,0
6975,161028,11,CX,2,columnar,365.0,132.4,287.8,PFNp_a,0,0,0,0,0,0
6976,162006,11,CX,2,columnar,364.3,96.0,256.7,PFNp_a,0,0,0,0,0,0
6977,162128,11,CX,3,fan-body,338.9,85.9,251.7,FB9C,0,0,0,0,0,0
6978,162170,11,CX,2,columnar,347.2,77.8,248.1,PFNp_d,0,0,0,0,0,0
6979,162211,11,CX,3,fan-body,265.2,172.0,117.4,FB5Z,0,0,0,0,0,0
6980,162458,11,CX,2,columnar,339.6,161.8,309.9,PFNp_b,0,0,0,0,0,0
6981,162599,11,CX,3,fan-body,328.8,144.3,276.4,FB4Z_a,0,0,0,0,0,0
6982,162861,11,CX,2,columnar,338.3,83.6,264.3,PFNp_b,0,0,0,0,0,0
6983,162882,11,CX,2,columnar,410.5,89.5,263.3,PFNp_b,0,0,0,0,1,0
6984,162917,11,CX,2,columnar,435.4,115.2,289.9,PFNp_b,0,0,0,0,1,0
6985,163253,11,CX,2,columnar,427.2,79.1,265.2,PFNp_a,0,0,0,0,1,0
6986,163602,11,CX,3,fan-body,432.0,110.4,275.4,FB6L,0,0,0,0,1,0
6987,163633,11,CX,2,columnar,350.2,78.0,247.5,PFNp_b,0,0,0,0,0,0
6988,163748,11,CX,2,columnar,346.5,74.8,244.9,PFNp_a,0,0,0,0,0,0
6989,163832,11,CX,2,columnar,342.1,90.9,255.9,PFNm_b,0,0,0,0,0,0
6990,164057,11,CX,2,columnar,345.3,84.1,246.6,PFNp_b,0,0,0,0,0,0
6991,164158,11,CX,2,columnar,356.9,90.8,256.2,PFNp_b,0,0,0,0,0,0
6992,164224,11,CX,2,columnar,417.0,141.4,290.0,PFNm_a,0,0,0,0,1,0
6993,164248,11,CX,2,columnar,426.5,77.6,262.4,PFNp_b,0,0,0,0,1,0
6994,164318,11,CX,2,columnar,432.9,134.9,302.4,PFNp_a,0,0,0,0,1,0
6995,164808,11,CX,2,columnar,338.0,78.8,259.2,PFNp_a,0,0,0,0,0,0
6996,164863,11,CX,3,fan-body,428.0,117.5,271.6,FB4Z_a,0,0,0,0,1,0
6997,165145,11,CX,2,columnar,377.5,58.0,194.0,PFNp_b,0,0,0,0,0,0
6998,165700,11,CX,2,columnar,357.1,95.2,256.9,PFNp_b,0,0,0,0,0,0
6999,165774,11,CX,2,columnar,417.9,78.9,253.7,PFNp_b,0,0,0,0,1,0
7000,166071,11,CX,2,columnar,434.6,77.7,268.7,PFNp_b,0,0,0,0,1,0
7001,166236,11,CX,2,columnar,423.4,70.6,246.4,PFNp_a,0,0,0,0,1,0
7002,166246,11,CX,3,fan-body,496.1,158.9,122.0,FB9B_c,0,0,0,0,1,0
7003,166595,11,CX,2,columnar,333.9,90.7,273.8,PFNp_b,0,0,0,0,0,0
7004,166767,11,CX,2,columnar,342.5,68.8,241.3,PFNp_a,0,0,0,0,0,0
7005,166794,11,CX,2,columnar,393.3,63.2,216.7,PFNp_a,0,0,0,0,1,0
7006,166967,11,CX,2,columnar,334.9,76.9,259.7,PFNp_d,0,0,0,0,0,0
7007,166976,11,CX,3,fan-body,433.0,108.9,271.9,FB4Z_c,0,0,0,0,1,0
7008,167339,11,CX,2,columnar,400.2,113.7,279.0,PFNp_b,0,0,0,0,1,0
7009,167394,11,CX,2,columnar,417.8,77.5,250.2,PFNp_b,0,0,0,0,1,0
7010,167712,11,CX,2,columnar,359.1,89.9,251.1,PFNp_b,0,0,0,0,0,0
7011,167799,11,CX,2,columnar,335.7,79.4,261.6,PFNp_b,0,0,0,0,0,0
7012,167931,11,CX,2,columnar,429.7,115.3,291.0,PFNp_d,0,0,0,0,1,0
7013,168043,11,CX,2,columnar,417.3,81.9,255.0,PFNp_b,0,0,0,0,1,0
7014,168875,11,CX,3,fan-body,276.2,172.5,134.3,FB9B_e,0,0,0,0,0,0
7015,169143,11,CX,2,columnar,335.4,81.9,265.4,PFNp_b,0,0,0,0,0,0
7016,169158,11,CX,2,columnar,432.4,137.8,303.3,PFNp_d,0,0,0,0,1,0
7017,169192,11,CX,2,columnar,426.6,72.3,257.6,PFNp_b,0,0,0,0,1,0
7018,169272,11,CX,2,columnar,406.0,84.0,258.8,PFNp_b,0,0,0,0,1,0
7019,169667,11,CX,2,columnar,411.9,73.3,250.3,PFNm_b,0,0,0,0,1,0
7020,170246,11,CX,2,columnar,412.3,90.1,265.9,PFNp_b,0,0,0,0,1,0
7021,170385,11,CX,2,columnar,361.9,88.3,251.3,PFNp_e,0,0,0,0,0,0
7022,170407,11,CX,3,fan-body,431.5,118.9,270.2,FB4Z_c,0,0,0,0,1,0
7023,170454,11,CX,3,fan-body,265.0,171.5,137.9,FB9B_c,0,0,0,0,0,0
7024,170528,11,CX,2,columnar,412.6,86.3,259.4,PFNp_b,0,0,0,0,1,0
7025,170865,11,CX,2,columnar,355.0,80.7,248.9,PFNp_a,0,0,0,0,0,0
7026,171142,11,CX,2,columnar,405.6,93.0,261.5,PFNp_b,0,0,0,0,1,0
7027,171324,11,CX,2,columnar,420.4,64.2,248.0,PFNp_b,0,0,0,0,1,0
7028,171804,11,CX,2,columnar,382.6,61.5,204.4,PFNp_a,0,0,0,0,0,0
7029,171862,11,CX,2,columnar,343.6,99.7,271.3,PFNp_a,0,0,0,0,0,0
7030,172508,11,CX,2,columnar,430.3,79.2,266.5,PFNp_b,0,0,0,0,1,0
7031,172625,11,CX,3,fan-body,276.5,170.4,136.3,FB9B_e,0,0,0,0,0,0
7032,172666,11,CX,3,fan-body,426.8,120.5,267.3,FB4Z_a,0,0,0,0,1,0
7033,172829,11,CX,2,columnar,377.0,62.0,200.1,PFNp_b,0,0,0,0,0,0
7034,173055,11,CX,2,columnar,429.9,88.5,277.1,PFNm_a,0,0,0,0,1,0
7035,173205,11,CX,3,fan-body,433.4,103.3,274.9,FB5R,0,0,0,0,1,0
7036,173257,11,CX,2,columnar,338.8,87.1,261.6,PFNp_d,0,0,0,0,0,0
7037,173565,11,CX,2,columnar,360.8,148.5,291.3,PFNp_a,0,0,0,0,0,0
7038,173672,11,CX,2,columnar,345.7,75.0,247.5,PFNp_b,0,0,0,0,0,0
7039,173868,11,CX,2,columnar,364.8,135.3,289.0,PFNp_a,0,0,0,0,0,0
7040,174511,11,CX,2,columnar,359.5,86.0,250.0,PFNp_e,0,0,0,0,0,0
7041,174569,11,CX,2,columnar,379.8,69.6,209.8,PFNp_b,0,0,0,0,0,0
7042,174789,11,CX,2,columnar,353.4,82.3,251.2,PFNp_b,0,0,0,0,0,0
7043,175200,11,CX,2,columnar,335.6,99.0,278.7,PFNp_a,0,0,0,0,0,0
7044,175309,11,CX,2,columnar,412.5,65.1,243.2,PFNp_b,0,0,0,0,1,0
7045,175680,11,CX,2,columnar,423.7,63.4,248.0,PFNp_b,0,0,0,0,1,0
7046,175842,11,CX,2,columnar,413.1,86.6,264.5,PFNp_a,0,0,0,0,1,0
7047,176343,11,CX,2,columnar,414.5,109.9,274.9,PFNp_b,0,0,0,0,1,0
7048,176645,11,CX,2,columnar,385.7,80.8,217.0,PFNp_d,0,0,0,0,0,0
7049,177153,11,CX,2,columnar,408.6,79.4,250.0,PFNm_b,0,0,0,0,1,0
7050,177548,11,CX,2,columnar,378.7,71.5,207.7,PFNp_b,0,0,0,0,0,0
7051,177642,11,CX,2,columnar,357.9,129.5,284.1,PFNp_a,0,0,0,0,0,0
7052,177717,11,CX,2,columnar,380.2,59.4,199.4,PFNp_a,0,0,0,0,0,0
7053,177762,11,CX,2,columnar,404.0,74.8,245.5,PFNm_a,0,0,0,0,1,0
7054,177962,11,CX,2,columnar,402.7,104.0,275.6,PFNp_b,0,0,0,0,1,0
7055,178092,11,CX,2,columnar,427.3,70.2,253.2,PFNp_b,0,0,0,0,1,0
7056,178115,11,CX,2,columnar,392.0,65.9,218.2,PFNp_b,0,0,0,0,1,0
7057,178181,11,CX,2,columnar,374.5,72.8,200.6,PFNp_b,0,0,0,0,0,0
7058,178346,11,CX,2,columnar,338.8,130.2,298.6,PFNp_b,0,0,0,0,0,0
7059,178839,11,CX,2,columnar,340.3,84.0,253.7,PFNp_a,0,0,0,0,0,0
7060,179081,11,CX,3,fan-body,496.3,157.8,125.1,FB9B_e,0,0,0,0,1,0
7061,179090,11,CX,2,columnar,408.3,65.4,237.9,PFNp_d,0,0,0,0,1,0
7062,179200,11,CX,2,columnar,353.7,78.4,239.5,PFNp_b,0,0,0,0,0,0
7063,179308,11,CX,2,columnar,421.3,69.0,244.3,PFNp_d,0,0,0,0,1,0
7064,179771,11,CX,2,columnar,340.2,128.5,296.4,PFNp_b,0,0,0,0,0,0
7065,180020,11,CX,2,columnar,340.6,75.2,247.8,PFNp_b,0,0,0,0,0,0
7066,180075,11,CX,2,columnar,422.6,71.3,250.3,PFNp_b,0,0,0,0,1,0
7067,180461,11,CX,2,columnar,404.0,86.5,260.5,PFNp_b,0,0,0,0,1,0
7068,181149,11,CX,2,columnar,407.5,84.6,256.4,PFNp_a,0,0,0,0,1,0
7069,181511,11,CX,2,columnar,427.6,73.0,254.8,PFNp_a,0,0,0,0,1,0
7070,181513,11,CX,2,columnar,350.4,88.3,263.4,PFNp_a,0,0,0,0,0,0
7071,181891,11,CX,2,columnar,390.9,61.8,213.2,PFNp_b,0,0,0,0,1,0
7072,181953,11,CX,2,columnar,360.0,93.4,256.2,PFNp_a,0,0,0,0,0,0
7073,182269,11,CX,2,columnar,431.9,84.0,273.8,PFNm_b,0,0,0,0,1,0
7074,182773,11,CX,2,columnar,378.2,68.0,207.7,PFNp_b,0,0,0,0,0,0
7075,182824,11,CX,2,columnar,415.1,75.3,250.0,PFNp_b,0,0,0,0,1,0
7076,183054,11,CX,2,columnar,435.7,129.3,303.6,PFNp_b,0,0,0,0,1,0
7077,183446,11,CX,2,columnar,406.3,80.2,256.5,PFNp_d,0,0,0,0,1,0
7078,183471,11,CX,2,columnar,412.8,93.1,264.0,PFNp_d,0,0,0,0,1,0
7079,183634,11,CX,2,columnar,351.6,76.1,244.7,PFNp_b,0,0,0,0,0,0
7080,183813,11,CX,2,columnar,342.3,84.7,258.5,PFNp_d,0,0,0,0,0,0
7081,183874,11,CX,2,columnar,424.6,71.7,252.8,PFNp_b,0,0,0,0,1,0
7082,184227,11,CX,2,columnar,441.2,128.0,304.2,PFNp_b,0,0,0,0,1,0
7083,184274,11,CX,2,columnar,409.6,77.2,253.0,PFNp_b,0,0,0,0,1,0
7084,184446,11,CX,3,fan-body,424.3,121.3,268.5,FB4Z_a,0,0,0,0,1,0
7085,184745,11,CX,2,columnar,441.0,107.1,296.8,PFNp_a,0,0,0,0,1,0
7086,184914,11,CX,2,columnar,408.2,112.8,278.1,PFNp_a,0,0,0,0,1,0
7087,185098,11,CX,2,columnar,411.2,93.6,266.6,PFNp_a,0,0,0,0,1,0
7088,185203,11,CX,2,columnar,337.6,76.8,250.2,PFNp_b,0,0,0,0,0,0
7089,185216,11,CX,2,columnar,355.6,92.9,254.4,PFNp_d,0,0,0,0,0,0
7090,185332,11,CX,2,columnar,403.3,107.5,275.4,PFNp_b,0,0,0,0,1,0
7091,185447,11,CX,2,columnar,342.9,77.4,244.9,PFNp_b,0,0,0,0,0,0
7092,185635,11,CX,2,columnar,418.7,143.7,292.1,PFNp_b,0,0,0,0,1,0
7093,185934,11,CX,2,columnar,333.9,74.3,258.3,PFNp_b,0,0,0,0,0,0
7094,186014,11,CX,2,columnar,406.8,67.2,241.2,PFNp_b,0,0,0,0,1,0
7095,186070,11,CX,2,columnar,376.8,58.8,199.8,PFNp_b,0,0,0,0,0,0
7096,186163,11,CX,2,columnar,416.2,145.3,293.5,PFNp_b,0,0,0,0,1,0
7097,186295,11,CX,2,columnar,402.2,216.3,300.6,PFNp_a,0,0,0,0,1,0
7098,186592,11,CX,2,columnar,336.1,128.7,296.9,PFNp_a,0,0,0,0,0,0
7099,186813,11,CX,2,columnar,378.2,58.4,196.9,PFNp_a,0,0,0,0,0,0
7100,187052,11,CX,2,columnar,426.0,64.2,250.1,PFNp_b,0,0,0,0,1,0
7101,187211,11,CX,2,columnar,331.4,75.5,260.1,PFNp_b,0,0,0,0,0,0
7102,188526,11,CX,2,columnar,402.9,94.9,259.0,PFNp_d,0,0,0,0,1,0
7103,188720,11,CX,2,columnar,419.5,62.0,243.1,PFNp_a,0,0,0,0,1,0
7104,189054,11,CX,2,columnar,337.2,70.8,247.1,PFNp_b,0,0,0,0,0,0
7105,189055,11,CX,2,columnar,353.9,88.8,258.1,PFNp_d,0,0,0,0,0,0
7106,189634,11,CX,2,columnar,405.3,97.3,268.8,PFNp_b,0,0,0,0,1,0
7107,189905,11,CX,2,columnar,424.0,68.4,253.5,PFNp_b,0,0,0,0,1,0
7108,189926,11,CX,2,columnar,380.0,68.1,205.4,PFNp_b,0,0,0,0,0,0
7109,189949,11,CX,2,columnar,432.2,133.2,298.0,PFNp_a,0,0,0,0,1,0
7110,190073,11,CX,2,columnar,326.8,130.7,303.7,PFNp_b,0,0,0,0,0,0
7111,190098,11,CX,2,columnar,331.2,67.0,253.2,PFNp_b,0,0,0,0,0,0
7112,190400,11,CX,2,columnar,327.2,138.9,308.3,PFNp_b,0,0,0,0,0,0
7113,190935,11,CX,2,columnar,403.1,123.8,285.8,PFNp_a,0,0,0,0,1,0
7114,191259,11,CX,2,columnar,412.1,81.0,249.4,PFNp_d,0,0,0,0,1,0
7115,191479,11,CX,2,columnar,349.1,74.5,243.3,PFNp_a,0,0,0,0,0,0
7116,191537,11,CX,2,columnar,343.4,74.0,245.1,PFNp_b,0,0,0,0,0,0
7117,191542,11,CX,2,columnar,383.8,65.6,201.1,PFNp_b,0,0,0,0,0,0
7118,191647,11,CX,2,columnar,428.5,74.2,259.7,PFNp_b,0,0,0,0,1,0
7119,191658,11,CX,2,columnar,419.2,97.0,268.7,PFNp_d,0,0,0,0,1,0
7120,191842,11,CX,2,columnar,400.6,109.5,276.2,PFNp_d,0,0,0,0,1,0
7121,192268,11,CX,2,columnar,423.1,65.4,250.3,PFNp_a,0,0,0,0,1,0
7122,192382,11,CX,2,columnar,417.3,72.9,251.4,PFNp_b,0,0,0,0,1,0
7123,193682,11,CX,2,columnar,333.1,129.3,295.9,PFNp_d,0,0,0,0,0,0
7124,193713,11,CX,2,columnar,439.9,123.0,301.6,PFNp_b,0,0,0,0,1,0
7125,193965,11,CX,2,columnar,435.5,79.6,271.3,PFNp_a,0,0,0,0,1,0
7126,194333,11,CX,2,columnar,332.5,69.4,254.7,PFNp_b,0,0,0,0,0,0
7127,194350,11,CX,2,columnar,380.4,60.8,202.0,PFNp_b,0,0,0,0,0,0
7128,194491,11,CX,2,columnar,402.0,110.8,278.6,PFNm_a,0,0,0,0,1,0
7129,194511,11,CX,2,columnar,410.5,86.7,261.6,PFNp_b,0,0,0,0,1,0
7130,194601,11,CX,2,columnar,430.0,81.8,270.6,PFNp_b,0,0,0,0,1,0
7131,194604,11,CX,2,columnar,425.9,66.2,252.4,PFNp_b,0,0,0,0,1,0
7132,194795,11,CX,2,columnar,331.1,147.1,310.7,PFNp_b,0,0,0,0,0,0
7133,195138,11,CX,2,columnar,355.7,87.6,251.3,PFNp_d,0,0,0,0,0,0
7134,195150,11,CX,2,columnar,431.8,135.4,295.0,PFNp_e,0,0,0,0,1,0
7135,195151,11,CX,2,columnar,426.3,69.0,255.7,PFNp_b,0,0,0,0,1,0
7136,195467,11,CX,2,columnar,418.2,68.0,242.4,PFNp_b,0,0,0,0,1,0
7137,195587,11,CX,2,columnar,383.3,63.3,210.3,PFNp_d,0,0,0,0,0,0
7138,195664,11,CX,2,columnar,330.6,135.8,305.1,PFNp_a,0,0,0,0,0,0
7139,196104,11,CX,2,columnar,411.7,77.6,254.8,PFNp_b,0,0,0,0,1,0
7140,196296,11,CX,2,columnar,434.9,81.7,273.6,PFNp_b,0,0,0,0,1,0
7141,196397,11,CX,2,columnar,355.0,69.0,235.6,PFNp_a,0,0,0,0,0,0
7142,196662,11,CX,2,columnar,343.7,163.2,307.8,PFNp_b,0,0,0,0,0,0
7143,197172,11,CX,2,columnar,415.7,80.0,250.4,PFNp_b,0,0,0,0,1,0
7144,197321,11,CX,2,columnar,405.9,75.9,248.4,PFNp_b,0,0,0,0,1,0
7145,198031,11,CX,2,columnar,343.7,80.9,247.2,PFNp_d,0,0,0,0,0,0
7146,198844,11,CX,2,columnar,417.3,61.1,240.4,PFNp_b,0,0,0,0,1,0
7147,199798,11,CX,2,columnar,428.2,81.1,267.9,PFNp_c,0,0,0,0,1,0
7148,200208,11,CX,2,columnar,437.4,127.5,292.2,PFNp_b,0,0,0,0,1,0
7149,200345,11,CX,2,columnar,428.6,75.9,261.5,PFNp_d,0,0,0,0,1,0
7150,200627,11,CX,2,columnar,432.9,123.5,294.6,PFNp_a,0,0,0,0,1,0
7151,201797,11,CX,2,columnar,435.2,131.5,297.2,PFNp_d,0,0,0,0,1,0
7152,202238,11,CX,2,columnar,341.6,126.1,292.8,PFNp_d,0,0,0,0,0,0
7153,202506,11,CX,2,columnar,328.8,141.4,309.3,PFNp_a,0,0,0,0,0,0
7154,203142,11,CX,2,columnar,352.9,83.4,254.2,PFNp_b,0,0,0,0,0,0
7155,204540,11,CX,2,columnar,430.7,124.5,296.1,PFNp_b,0,0,0,0,1,0
7156,210166,11,CX,2,columnar,373.8,70.9,193.4,PFNp_d,0,0,0,0,0,0
7157,210840,11,CX,2,columnar,328.3,133.8,306.2,PFNp_b,0,0,0,0,0,0
7158,211310,11,CX,2,columnar,368.6,62.4,190.8,PFNp_b,0,0,0,0,0,0
7159,211994,11,CX,2,columnar,431.0,112.4,292.0,PFNp_b,0,0,0,0,1,0
7160,212370,11,CX,2,columnar,345.1,68.4,238.8,PFNp_b,0,0,0,0,0,0
7161,215284,11,CX,3,fan-body,331.4,100.8,270.0,FB6R,0,0,0,0,0,0
7162,216592,11,CX,3,fan-body,336.9,94.9,260.9,FB9C,0,0,0,0,0,0
7163,217691,11,CX,2,columnar,362.8,90.8,253.8,PFNp_b,0,0,0,0,0,0
7164,220958,11,CX,3,fan-body,447.5,283.0,142.0,FB5J,0,0,0,0,1,0
7165,224128,11,CX,2,columnar,330.2,144.2,310.0,PFNp_b,0,0,0,0,0,0
7166,231168,11,CX,3,fan-body,331.8,143.5,277.6,FB4Z_a,0,0,0,0,0,0
7167,233026,11,CX,3,fan-body,340.1,90.3,252.7,FB7C,0,0,0,0,0,0
7168,256361,11,CX,3,fan-body,508.2,156.3,138.6,FB9B_a,0,0,0,0,1,0
7169,259750,11,CX,2,columnar,340.3,65.0,237.6,PFNp_b,0,0,0,0,0,0
7170,264828,11,CX,3,fan-body,418.9,82.5,238.5,FB6S,0,0,0,0,1,0
7171,269054,11,CX,2,columnar,372.9,68.2,191.9,PFNp_d,0,0,0,0,0,0
7172,273774,11,CX,2,columnar,402.7,91.1,265.5,PFNm_b,0,0,0,0,1,0
7173,275629,11,CX,3,fan-body,280.3,173.6,150.6,FB9B_a,0,0,0,0,0,0
7174,280345,11,CX,2,columnar,410.8,76.5,250.0,PFNp_a,0,0,0,0,1,0
7175,298502,11,CX,3,fan-body,310.1,295.6,150.3,FB4E_a,0,0,0,0,0,0
7176,300334,11,CX,3,fan-body,0.0,0.0,0.0,FB5W_b,0,0,0,0,0,1
7177,361803,11,CX,3,fan-body,314.8,300.5,147.5,FB2K,0,0,0,0,0,0
7178,434891,11,CX,2,columnar,385.7,193.0,297.1,Delta7,0,0,0,0,0,0
7179,485278,11,CX,3,fan-body,0.0,0.0,0.0,FB4H,0,0,0,0,0,1
7180,511841,11,CX,2,columnar,311.3,193.2,309.2,Delta7,0,0,0,0,0,0
7181,511844,11,CX,1,ring EPG/PEG,390.5,66.1,215.3,PEG,0,0,0,0,1,0
7182,511846,11,CX,2,columnar,412.9,71.1,235.4,PFR_a,0,0,0,0,1,0
7183,512041,11,CX,3,fan-body,316.8,287.6,153.4,FB4F_a,0,0,0,0,0,0
7184,512042,11,CX,3,fan-body,315.7,279.5,133.9,FB4F_c,0,0,0,0,0,0
7185,512179,11,CX,2,columnar,377.4,89.3,230.2,PFR_a,0,0,0,0,0,0
7186,512305,11,CX,1,ring EPG/PEG,324.4,137.7,304.0,EPG,0,0,0,0,0,0
7187,512362,11,CX,2,columnar,394.0,93.0,214.2,hDeltaB,0,0,0,0,1,0
7188,512513,11,CX,1,ring EPG/PEG,392.2,74.9,214.9,EPG,0,0,0,0,1,0
7189,512514,11,CX,1,ring EPG/PEG,396.0,85.4,246.1,EPG,0,0,0,0,1,0
7190,512716,11,CX,3,fan-body,430.6,100.5,280.9,FB6M,0,0,0,0,1,0
7191,512717,11,CX,3,fan-body,434.6,101.7,283.8,FB6M,0,0,0,0,1,0
7192,512793,11,CX,1,ring EPG/PEG,410.7,63.2,238.7,PEG,0,0,0,0,1,0
7193,512928,11,CX,1,ring EPG/PEG,371.8,81.1,232.0,EPG,0,0,0,0,0,0
7194,513033,11,CX,1,ring EPG/PEG,440.1,128.9,300.8,EPG,0,0,0,0,1,0
7195,513284,11,CX,1,ring EPG/PEG,366.8,83.8,242.2,EPG,0,0,0,0,0,0
7196,513376,11,CX,3,fan-body,277.5,171.2,126.0,FB4O,0,0,0,0,0,0
7197,513463,11,CX,1,ring EPG/PEG,382.1,70.2,203.4,EPG,0,0,0,0,0,0
7198,513464,11,CX,1,ring EPG/PEG,344.3,161.7,303.6,EPG,0,0,0,0,0,0
7199,513517,11,CX,1,ring EPG/PEG,405.7,75.3,241.7,EPG,0,0,0,0,1,0
7200,513518,11,CX,2,columnar,353.2,74.1,228.3,PFR_a,0,0,0,0,0,0
7201,513520,11,CX,1,ring EPG/PEG,350.1,68.5,233.8,EPG,0,0,0,0,0,0
7202,513662,11,CX,3,fan-body,264.5,168.0,143.8,FB7G,0,0,0,0,0,0
7203,513702,11,CX,2,columnar,438.2,140.8,279.6,hDeltaB,0,0,0,0,1,0
7204,514126,11,CX,1,ring EPG/PEG,347.0,73.2,235.9,EPG,0,0,0,0,0,0
7205,514184,11,CX,2,columnar,386.8,112.6,263.9,hDeltaK,0,0,0,0,1,0
7206,514689,11,CX,3,fan-body,270.8,154.9,144.8,FB5C,0,0,0,0,0,0
7207,514690,11,CX,3,fan-body,0.0,0.0,0.0,FB5W_a,0,0,0,0,0,1
7208,515130,11,CX,2,columnar,386.6,70.8,202.0,hDeltaA,0,0,0,0,1,0
7209,515192,11,CX,2,columnar,384.1,120.2,246.8,hDeltaB,0,0,0,0,0,0
7210,515193,11,CX,2,columnar,380.3,97.5,237.0,PFR_a,0,0,0,0,0,0
7211,515194,11,CX,3,fan-body,519.0,154.9,137.1,FB6W,0,0,0,0,1,0
7212,515221,11,CX,3,fan-body,0.0,0.0,0.0,FB4G,0,0,0,0,0,1
7213,515232,11,CX,2,columnar,325.6,142.5,290.6,hDeltaI,0,0,0,0,0,0
7214,515234,11,CX,2,columnar,389.8,90.5,232.3,hDeltaA,0,0,0,0,1,0
7215,515294,11,CX,2,columnar,413.5,236.5,301.0,Delta7,0,0,0,0,1,0
7216,515295,11,CX,2,columnar,329.2,123.6,301.0,PFNd,0,0,0,0,0,0
7217,515298,11,CX,2,columnar,360.6,84.5,237.3,hDeltaJ,0,0,0,0,0,0
7218,515463,11,CX,3,fan-body,319.3,294.7,156.7,FB3A,0,0,0,0,0,0
7219,515464,11,CX,2,columnar,408.4,142.5,292.9,PFNd,0,0,0,0,1,0
7220,515528,11,CX,3,fan-body,257.0,86.9,264.6,FB7K,0,0,0,0,0,0
7221,515675,11,CX,1,ring EPG/PEG,389.4,77.5,218.3,EPG,0,0,0,0,1,0
7222,515687,11,CX,3,fan-body,266.6,80.2,261.2,FB6F,0,0,0,0,0,0
7223,515810,11,CX,3,fan-body,243.8,87.3,263.5,FB2M_a,0,0,0,0,0,0
7224,515960,11,CX,2,columnar,400.9,77.6,230.1,hDeltaG,0,0,0,0,1,0
7225,515961,11,CX,2,columnar,449.6,158.7,301.8,Delta7,0,0,0,0,1,0
7226,515963,11,CX,2,columnar,378.3,109.5,238.4,hDeltaM,0,0,0,0,0,0
7227,515966,11,CX,2,columnar,379.4,73.9,205.4,hDeltaH,0,0,0,0,0,0
7228,516663,11,CX,2,columnar,414.3,69.1,241.9,PFR_b,0,0,0,0,1,0
7229,516666,11,CX,2,columnar,341.3,107.0,259.4,hDeltaH,0,0,0,0,0,0
7230,516919,11,CX,2,columnar,361.9,99.7,232.0,hDeltaA,0,0,0,0,0,0
7231,517012,11,CX,3,fan-body,502.2,124.4,272.9,FB6C_b,0,0,0,0,1,0
7232,517013,11,CX,3,fan-body,524.0,111.9,270.0,FB7K,0,0,0,0,1,0
7233,517417,11,CX,2,columnar,420.6,209.1,305.1,Delta7,0,0,0,0,1,0
7234,517418,11,CX,2,columnar,327.8,94.2,278.6,PFNd,0,0,0,0,0,0
7235,517548,11,CX,3,fan-body,435.0,163.9,279.9,FB4Y,1,0,1,1,1,0
7236,518607,11,CX,2,columnar,333.5,125.9,298.6,PFNa,0,0,0,0,0,0
7237,518608,11,CX,2,columnar,356.0,76.1,234.8,PFNa,0,0,0,0,0,0
7238,518609,11,CX,2,columnar,381.9,66.9,211.6,PFNa,0,0,0,0,0,0
7239,518644,11,CX,3,fan-body,266.7,167.1,122.6,FB5T,0,0,0,0,0,0
7240,518704,11,CX,2,columnar,382.4,87.0,231.3,hDeltaC,0,0,0,0,0,0
7241,518715,11,CX,3,fan-body,520.8,119.9,272.7,FB2F_b,0,0,0,0,1,0
7242,518779,11,CX,2,columnar,330.6,136.9,286.5,hDeltaC,0,0,0,0,0,0
7243,518830,11,CX,2,columnar,386.5,82.4,228.4,PFR_b,0,0,0,0,1,0
7244,518831,11,CX,2,columnar,360.8,101.8,245.6,hDeltaH,0,0,0,0,0,0
7245,519140,11,CX,1,ring EPG/PEG,391.2,73.2,223.0,EPG,0,0,0,0,1,0
7246,519144,11,CX,1,ring EPG/PEG,443.7,131.5,305.5,EPG,0,0,0,0,1,0
7247,519328,11,CX,1,ring EPG/PEG,410.5,70.4,241.2,EPG,0,0,0,0,1,0
7248,519331,11,CX,2,columnar,315.2,204.3,305.2,Delta7,0,0,0,0,0,0
7249,519332,11,CX,2,columnar,358.8,160.7,293.6,Delta7,0,0,0,0,0,0
7250,519508,11,CX,3,fan-body,266.8,84.2,267.0,FB6I,0,0,0,0,0,0
7251,519941,11,CX,1,ring EPG/PEG,400.3,74.4,238.8,EPG,0,0,0,0,1,0
7252,520338,11,CX,3,fan-body,516.5,84.4,256.3,FB4N,0,0,0,0,1,0
7253,520435,11,CX,3,fan-body,504.9,195.3,123.1,FB5A,0,0,0,0,1,0
7254,520575,11,CX,1,ring EPG/PEG,332.0,89.5,270.8,PEG,0,0,0,0,0,0
7255,520581,11,CX,1,ring EPG/PEG,373.6,76.2,222.2,EPG,0,0,0,0,0,0
7256,520582,11,CX,3,fan-body,456.0,276.2,144.1,FB5W_a,0,0,0,0,1,0
7257,520727,11,CX,3,fan-body,387.2,109.1,202.0,FB4K,0,0,0,0,1,0
7258,520812,11,CX,1,ring EPG/PEG,323.9,141.0,300.9,EPG,0,0,0,0,0,0
7259,520818,11,CX,1,ring EPG/PEG,405.2,67.6,237.8,EPG,0,0,0,0,1,0
7260,521409,11,CX,1,ring EPG/PEG,441.1,124.7,299.1,EPG,0,0,0,0,1,0
7261,521584,11,CX,3,fan-body,417.9,74.0,122.4,FB1H,1,0,1,1,1,0
7262,521634,11,CX,2,columnar,397.5,72.1,231.4,PFNd,0,0,0,0,1,0
7263,521635,11,CX,2,columnar,397.9,77.8,240.8,PFR_b,0,0,0,0,1,0
7264,521637,11,CX,2,columnar,397.3,70.5,210.0,PFR_a,0,0,0,0,1,0
7265,521644,11,CX,2,columnar,389.5,120.1,267.9,hDeltaC,0,0,0,0,1,0
7266,521646,11,CX,2,columnar,385.7,97.6,258.4,hDeltaI,0,0,0,0,0,0
7267,521812,11,CX,1,ring EPG/PEG,322.9,128.7,303.2,EPG,0,0,0,0,0,0
7268,521813,11,CX,1,ring EPG/PEG,401.5,83.1,253.5,EPG,0,0,0,0,1,0
7269,521975,11,CX,3,fan-body,272.4,172.3,106.2,FB5Q,0,0,0,0,0,0
7270,522790,11,CX,3,fan-body,297.1,114.0,125.3,FB2B_b,0,0,0,0,0,0
7271,522973,11,CX,1,ring EPG/PEG,400.9,65.2,221.0,PEG,0,0,0,0,1,0
7272,522992,11,CX,1,ring EPG/PEG,386.7,73.2,222.7,PEG,0,0,0,0,1,0
7273,522994,11,CX,2,columnar,455.4,154.3,299.8,Delta7,0,0,0,0,1,0
7274,523578,11,CX,3,fan-body,496.7,84.3,262.6,FB6A_b,0,0,0,0,1,0
7275,523775,11,CX,3,fan-body,348.6,174.5,293.8,FB2A,0,0,0,0,0,0
7276,523776,11,CX,3,fan-body,340.8,163.8,295.6,FB1C,1,0,1,1,0,0
7277,523786,11,CX,1,ring EPG/PEG,361.8,72.0,231.3,EPG,0,0,0,0,0,0
7278,523806,11,CX,1,ring EPG/PEG,361.5,69.5,224.7,PEG,0,0,0,0,0,0
7279,523807,11,CX,1,ring EPG/PEG,399.9,66.2,224.2,PEG,0,0,0,0,1,0
7280,524067,11,CX,3,fan-body,388.6,110.4,217.0,FB4K,0,0,0,0,1,0
7281,524073,11,CX,1,ring EPG/PEG,399.4,86.5,256.0,EPG,0,0,0,0,1,0
7282,524074,11,CX,2,columnar,470.0,137.1,286.1,Delta7,0,0,0,0,1,0
7283,524270,11,CX,2,columnar,417.3,99.9,269.3,PFNd,0,0,0,0,1,0
7284,524351,11,CX,2,columnar,382.7,89.9,225.8,PFR_a,0,0,0,0,0,0
7285,524596,11,CX,2,columnar,356.4,94.6,243.9,hDeltaA,0,0,0,0,0,0
7286,524612,11,CX,3,fan-body,306.4,293.6,144.4,FB4A_a,0,0,0,0,0,0
7287,524795,11,CX,3,fan-body,320.4,287.4,142.2,FB4F_b,0,0,0,0,0,0
7288,524876,11,CX,2,columnar,342.2,113.0,262.8,hDeltaB,0,0,0,0,0,0
7289,524945,11,CX,2,columnar,380.3,82.3,225.7,hDeltaJ,0,0,0,0,0,0
7290,524946,11,CX,2,columnar,377.4,84.9,229.6,hDeltaJ,0,0,0,0,0,0
7291,524947,11,CX,2,columnar,384.9,86.6,228.8,hDeltaJ,0,0,0,0,0,0
7292,525062,11,CX,1,ring EPG/PEG,373.2,65.5,211.7,PEG,0,0,0,0,0,0
7293,525063,11,CX,3,fan-body,333.5,295.9,135.1,FB6O,0,0,0,0,0,0
7294,525066,11,CX,3,fan-body,312.5,290.3,141.6,FB4F_c,0,0,0,0,0,0
7295,525364,11,CX,3,fan-body,333.8,91.3,266.9,FB7F,0,0,0,0,0,0
7296,525393,11,CX,3,fan-body,275.7,162.4,134.9,FB4R,0,0,0,0,0,0
7297,525448,11,CX,3,fan-body,274.6,167.3,109.9,FB5F,0,0,0,0,0,0
7298,525836,11,CX,3,fan-body,498.6,88.6,267.4,FB7K,0,0,0,0,1,0
7299,525858,11,CX,3,fan-body,313.8,295.2,153.4,FB1A,0,0,0,0,0,0
7300,526085,11,CX,2,columnar,397.3,82.8,236.0,PFR_a,0,0,0,0,1,0
7301,526285,11,CX,3,fan-body,333.2,108.4,275.6,FB6S,0,0,0,0,0,0
7302,526637,11,CX,3,fan-body,527.5,120.0,273.1,FB6E,0,0,0,0,1,0
7303,526638,11,CX,3,fan-body,513.1,103.3,271.5,FB6C_a,0,0,0,0,1,0
7304,526639,11,CX,3,fan-body,513.5,83.8,260.0,FB6H,0,0,0,0,1,0
7305,526642,11,CX,3,fan-body,526.3,87.7,263.6,FB2H_b,0,0,0,0,1,0
7306,526934,11,CX,2,columnar,349.9,75.7,236.2,PFNm_a,0,0,0,0,0,0
7307,527427,11,CX,3,fan-body,496.2,162.4,122.3,FB6V,0,0,0,0,1,0
7308,527475,11,CX,2,columnar,397.9,64.4,207.8,PFR_a,0,0,0,0,1,0
7309,529018,11,CX,3,fan-body,412.1,80.4,234.3,FB5B,0,0,0,0,1,0
7310,529127,11,CX,3,fan-body,508.0,106.2,272.1,FB6D,0,0,0,0,1,0
7311,529128,11,CX,3,fan-body,512.3,109.1,268.9,FB6C_b,0,0,0,0,1,0
7312,529129,11,CX,3,fan-body,258.9,108.5,270.4,FB6A_b,0,0,0,0,0,0
7313,529142,11,CX,2,columnar,406.7,84.2,240.4,hDeltaK,0,0,0,0,1,0
7314,529175,11,CX,2,columnar,360.1,70.1,228.7,hDeltaI,0,0,0,0,0,0
7315,529318,11,CX,2,columnar,317.6,196.1,301.0,Delta7,0,0,0,0,0,0
7316,530033,11,CX,3,fan-body,513.8,81.3,265.8,FB2E,0,0,0,0,1,0
7317,531009,11,CX,2,columnar,395.3,90.3,254.4,PFR_b,0,0,0,0,1,0
7318,531755,11,CX,2,columnar,396.0,74.3,211.4,PFR_a,0,0,0,0,1,0
7319,531914,11,CX,3,fan-body,499.8,158.9,123.2,FB5V_b,0,0,0,0,1,0
7320,532023,11,CX,3,fan-body,268.0,104.7,268.7,FB7L,0,0,0,0,0,0
7321,532124,11,CX,3,fan-body,495.9,160.0,128.1,FB5V_a,0,0,0,0,1,0
7322,532800,11,CX,2,columnar,348.8,83.8,234.4,PFR_b,0,0,0,0,0,0
7323,533103,11,CX,3,fan-body,344.4,68.0,141.7,FB1H,1,0,1,1,0,0
7324,533123,11,CX,3,fan-body,269.3,170.8,115.9,FB4Q_b,0,0,0,0,0,0
7325,533135,11,CX,2,columnar,417.7,81.9,252.1,PFNp_c,0,0,0,0,1,0
7326,533223,11,CX,3,fan-body,316.1,285.0,135.5,FB4F_a,0,0,0,0,0,0
7327,533434,11,CX,2,columnar,411.3,87.8,237.7,hDeltaJ,0,0,0,0,1,0
7328,533725,11,CX,2,columnar,410.3,229.3,300.0,Delta7,0,0,0,0,1,0
7329,533943,11,CX,3,fan-body,502.8,100.3,271.2,FB7A,0,0,0,0,1,0
7330,533944,11,CX,2,columnar,394.2,64.6,204.7,hDeltaF,0,0,0,0,1,0
7331,533946,11,CX,3,fan-body,505.4,81.2,258.9,FB6A_c,0,0,0,0,1,0
7332,534834,11,CX,2,columnar,358.4,69.5,234.5,PFNp_c,0,0,0,0,0,0
7333,535042,11,CX,3,fan-body,260.2,90.3,266.4,FB8A,0,0,0,0,0,0
7334,535053,11,CX,3,fan-body,325.6,106.8,278.4,FB7F,0,0,0,0,0,0
7335,535056,11,CX,2,columnar,399.5,69.5,229.7,hDeltaI,0,0,0,0,1,0
7336,535347,11,CX,1,ring EPG/PEG,371.2,69.8,218.3,PEG,0,0,0,0,0,0
7337,535488,11,CX,2,columnar,378.5,69.0,214.6,PFNa,0,0,0,0,0,0
7338,536057,11,CX,3,fan-body,446.7,177.8,306.7,FB4L,0,0,0,0,1,0
7339,536058,11,CX,3,fan-body,494.0,165.9,131.2,FB5V_a,0,0,0,0,1,0
7340,536208,11,CX,3,fan-body,267.8,96.4,271.2,FB5H,1,0,1,1,0,0
7341,536264,11,CX,2,columnar,419.5,91.2,263.2,hDeltaK,0,0,0,0,1,0
7342,536355,11,CX,2,columnar,417.4,93.8,258.9,hDeltaJ,0,0,0,0,1,0
7343,536360,11,CX,2,columnar,395.5,81.5,240.4,PFNa,0,0,0,0,1,0
7344,536441,11,CX,3,fan-body,273.5,169.6,114.6,FB5Q,0,0,0,0,0,0
7345,536443,11,CX,3,fan-body,270.3,171.0,120.0,FB6W,0,0,0,0,0,0
7346,539227,11,CX,3,fan-body,438.1,170.2,298.7,FB1C,0,0,0,0,1,0
7347,539830,11,CX,3,fan-body,419.6,66.8,232.3,FB8F_b,0,0,0,0,1,0
7348,540382,11,CX,3,fan-body,334.6,94.5,263.8,FB5B,0,0,0,0,0,0
7349,541409,11,CX,2,columnar,360.8,124.8,283.2,PFNp_b,0,0,0,0,0,0
7350,541755,11,CX,2,columnar,407.3,72.9,238.2,PFR_a,0,0,0,0,1,0
7351,541855,11,CX,2,columnar,373.4,95.2,255.2,hDeltaK,0,0,0,0,0,0
7352,543404,11,CX,3,fan-body,335.8,90.1,260.3,FB8F_a,0,0,0,0,0,0
7353,543506,11,CX,1,ring EPG/PEG,454.8,126.8,305.5,EPGt,0,0,0,0,1,0
7354,544687,11,CX,2,columnar,409.3,138.7,289.6,PFNa,0,0,0,0,1,0
7355,546594,11,CX,2,columnar,431.0,113.6,288.7,PFNp_b,0,0,0,0,1,0
7356,548294,11,CX,2,columnar,404.9,85.2,250.5,PFNp_c,0,0,0,0,1,0
7357,549582,11,CX,3,fan-body,504.6,159.8,126.1,FB5P,0,0,0,0,1,0
7358,553721,11,CX,2,columnar,434.2,119.0,297.8,PFNp_b,0,0,0,0,1,0
7359,553847,11,CX,2,columnar,342.4,66.3,239.8,PFNp_c,0,0,0,0,0,0
7360,554008,11,CX,3,fan-body,328.9,95.1,273.5,FB6T,0,0,0,0,0,0
7361,556346,11,CX,1,ring EPG/PEG,423.0,76.8,242.6,EPG,0,0,0,0,1,0
7362,556347,11,CX,1,ring EPG/PEG,366.8,78.1,223.3,EPG,0,0,0,0,0,0
7363,557395,11,CX,2,columnar,376.7,81.6,221.8,hDeltaF,0,0,0,0,0,0
7364,561332,11,CX,3,fan-body,516.5,94.4,270.7,FB2F_a,0,0,0,0,1,0
7365,565465,11,CX,3,fan-body,495.6,94.2,277.7,FB7A,0,0,0,0,1,0
7366,565971,11,CX,3,fan-body,319.6,285.9,161.3,FB1J,0,0,0,0,0,0
7367,568155,11,CX,2,columnar,463.7,153.4,301.2,Delta7,0,0,0,0,1,0
7368,568471,11,CX,2,columnar,372.4,90.0,231.7,hDeltaK,0,0,0,0,0,0
7369,578189,11,CX,3,fan-body,498.0,165.7,134.0,FB9B_e,0,0,0,0,1,0
7370,578449,11,CX,3,fan-body,266.4,155.3,145.0,FB9B_c,0,0,0,0,0,0
7371,580329,11,CX,3,fan-body,426.8,125.2,269.3,FB4Z_a,0,0,0,0,1,0
7372,580497,11,CX,3,fan-body,323.8,86.1,268.0,FB8F_b,0,0,0,0,0,0
7373,580653,11,CX,3,fan-body,318.0,293.9,151.6,FB1B,0,0,0,0,0,0
7374,580819,11,CX,3,fan-body,328.9,149.1,270.9,FB5R,0,0,0,0,0,0
7375,581422,11,CX,3,fan-body,272.2,165.4,137.9,FB5V_a,0,0,0,0,0,0
7376,588507,11,CX,3,fan-body,318.9,281.0,157.8,FB5W_b,0,0,0,0,0,0
7377,922814,11,CX,3,fan-body,500.0,164.0,119.5,FB5V_b,0,0,0,0,1,0
7378,10473,0,unnamed,0,not-CX,362.5,361.1,169.6,il3LN6,0,0,0,0,0,0
7379,523591,0,unnamed,0,not-CX,415.2,350.1,173.6,il3LN6,0,0,0,0,1,0
7380,11722,0,unnamed,0,not-CX,311.3,286.1,127.7,v2LN30,0,0,0,0,0,0
7381,11546,0,unnamed,0,not-CX,461.3,266.4,116.8,v2LN30,0,0,0,0,1,0
7382,521581,0,unnamed,0,not-CX,305.3,291.6,131.8,v2LN36,0,0,0,0,0,0
7383,10378,0,unnamed,0,not-CX,258.3,133.9,279.3,AL-MBDL1,0,0,0,0,0,0
7384,10567,0,unnamed,0,not-CX,258.6,233.5,128.1,M_l2PNl20,1,0,1,0,0,0
7385,10593,0,unnamed,0,not-CX,494.7,112.7,281.6,AL-MBDL1,0,0,0,0,1,0
7386,11516,0,unnamed,0,not-CX,458.7,269.9,139.2,LCNOpm,0,0,0,0,1,0
7387,10977,0,unnamed,0,not-CX,575.1,159.6,189.3,APL,1,0,1,0,1,0
7388,11123,0,unnamed,0,not-CX,292.7,71.7,163.4,ALBN1,0,0,0,0,0,0
7389,10402,0,unnamed,0,not-CX,280.8,300.4,144.0,MZ_lv2PN,1,0,1,0,0,0
7390,14212,0,unnamed,0,not-CX,478.7,234.2,147.3,CSD,1,0,1,1,1,0
7391,13716,0,unnamed,0,not-CX,292.3,188.2,102.3,,0,0,0,0,0,0
7392,10540,0,unnamed,0,not-CX,192.0,185.3,213.6,APL,1,0,1,0,0,0
7393,12359,0,unnamed,0,not-CX,328.9,289.2,147.7,LCNOpm,0,0,0,0,0,0
7394,11341,0,unnamed,0,not-CX,173.9,130.3,207.1,LHCENT2,1,0,1,0,0,0
7395,11761,0,unnamed,0,not-CX,269.7,258.7,137.3,VP1d+VP4_l2PN1,1,0,1,0,0,0
7396,12506,11,CX,4,other CX,445.0,270.9,138.7,ExR6,1,0,1,1,1,0
7397,11521,0,unnamed,0,not-CX,280.9,251.6,151.2,VP1m_l2PN,0,0,0,0,0,0
7398,11053,0,unnamed,0,not-CX,423.7,251.2,119.1,LPsP,0,0,0,0,1,0
7399,10408,0,unnamed,0,not-CX,276.9,243.8,113.5,VP1d+VP4_l2PN2,1,0,1,0,0,0
7400,11143,0,unnamed,0,not-CX,505.8,215.9,125.9,VP1m_l2PN,0,0,0,0,1,0
7401,11050,0,unnamed,0,not-CX,499.7,250.7,125.6,VP1d+VP4_l2PN1,0,0,0,0,1,0
7402,12929,0,unnamed,0,not-CX,493.4,178.9,103.2,,0,0,0,0,1,0
7403,555342,0,unnamed,0,not-CX,367.4,255.0,124.7,LPsP,0,0,0,0,0,0
7404,10099,11,CX,4,other CX,322.5,291.7,144.9,ExR6,0,0,0,0,0,0
7405,13621,0,unnamed,0,not-CX,277.1,196.1,104.7,,0,0,0,0,0,0
7406,11227,0,unnamed,0,not-CX,298.2,251.1,153.7,CSD,1,0,1,1,0,0
7407,10187,0,unnamed,0,not-CX,389.3,375.1,224.5,OA-VPM3,1,0,1,0,1,0
7408,287884,0,unnamed,0,not-CX,396.0,381.0,217.4,OA-VPM3,1,0,1,0,1,0
7409,519692,0,unnamed,0,not-CX,588.4,114.5,205.5,LHCENT2,1,0,1,0,1,0
7410,10702,0,unnamed,0,not-CX,512.8,210.9,114.4,M_l2PNl20,1,0,1,0,1,0
7411,12109,0,unnamed,0,not-CX,388.2,335.2,157.2,OA-VUMa2,1,0,1,0,1,0
7412,11583,0,unnamed,0,not-CX,505.8,210.4,122.1,VP1d+VP4_l2PN2,0,0,0,0,1,0
7413,11608,0,unnamed,0,not-CX,405.0,382.5,202.2,OA-VUMa2,1,0,1,0,1,0
7414,521586,0,unnamed,0,not-CX,494.1,90.3,154.5,ALBN1,0,0,0,0,1,0
7415,524164,0,unnamed,0,not-CX,469.8,166.5,93.6,,0,0,0,0,1,0
7416,13153,0,unnamed,0,not-CX,189.8,144.9,219.8,LHCENT1,1,0,1,0,0,0
7417,15183,0,unnamed,0,not-CX,272.8,193.5,112.2,,0,0,0,0,0,0
7418,12162,0,unnamed,0,not-CX,574.3,139.5,210.8,LHCENT1,1,0,1,0,1,0
7419,12934,0,unnamed,0,not-CX,269.1,239.8,114.6,M_l2PNl21,1,0,1,0,0,0
7420,517458,0,unnamed,0,not-CX,379.1,389.5,208.2,M_imPNl92,1,0,1,0,0,0
7421,529602,0,unnamed,0,not-CX,516.6,296.0,187.2,ALIN5,0,0,0,0,1,0
7422,10969,11,CX,4,other CX,459.2,272.0,146.9,ExR4,0,0,0,0,1,0
7423,520817,11,CX,4,other CX,334.6,286.7,141.9,ExR4,0,0,0,0,0,0
7424,11930,0,unnamed,0,not-CX,392.7,384.7,200.4,M_imPNl92,1,0,1,0,1,0
7425,515161,0,unnamed,0,not-CX,466.7,260.0,113.6,v2LN36,0,0,0,0,1,0
7426,513911,0,unnamed,0,not-CX,327.8,281.9,103.3,vLN24,0,0,0,0,0,0
7427,523828,0,unnamed,0,not-CX,465.1,169.8,89.6,,0,0,0,0,1,0
7428,10629,0,unnamed,0,not-CX,322.2,310.0,144.4,AL-AST1,0,0,0,0,0,0
7429,17107,0,unnamed,0,not-CX,275.2,198.1,110.9,,0,0,0,0,0,0
7430,14386,0,unnamed,0,not-CX,433.8,251.5,103.7,vLN24,0,0,0,0,1,0
7431,19873,0,unnamed,0,not-CX,290.8,59.2,251.1,LHPD5c1,0,0,0,0,0,0
7432,10066,0,unnamed,0,not-CX,217.8,248.2,346.0,LPi21,0,0,0,0,0,0
7433,12735,0,unnamed,0,not-CX,280.1,298.4,136.8,vLN25,0,0,0,0,0,0
7434,10628,0,unnamed,0,not-CX,314.0,310.1,155.0,AL-AST1,0,0,0,0,0,0
7435,11749,0,unnamed,0,not-CX,510.5,215.6,119.5,M_l2PNl21,1,0,1,0,1,0
7436,67398,0,unnamed,0,not-CX,461.1,63.9,249.7,LHPD5c1,0,0,0,0,1,0
7437,12037,0,unnamed,0,not-CX,187.9,144.4,214.7,LHCENT9,1,0,1,0,0,0
7438,18994,0,unnamed,0,not-CX,303.9,188.0,103.6,,0,0,0,0,0,0
7439,13556,0,unnamed,0,not-CX,192.5,103.1,220.0,LHAD1f2,1,0,1,0,0,0
7440,19828,0,unnamed,0,not-CX,317.6,285.5,112.1,v2LN37,0,0,0,0,0,0
7441,11112,0,unnamed,0,not-CX,572.8,132.5,210.2,LHCENT9,1,0,1,0,1,0
7442,11734,0,unnamed,0,not-CX,424.8,127.6,263.1,DPM,0,0,0,0,1,0
7443,11041,0,unnamed,0,not-CX,565.0,241.3,340.8,LPi21,0,0,0,0,1,0
7444,22884,11,CX,4,other CX,432.3,105.3,287.7,ExR5,0,0,0,0,1,0
7445,11030,0,unnamed,0,not-CX,576.8,139.4,206.1,LHCENT3,1,0,1,0,1,0
7446,517726,0,unnamed,0,not-CX,306.4,302.5,147.5,LCNOp,0,0,0,0,0,0
7447,23281,11,CX,4,other CX,435.5,99.9,288.1,ExR5,1,0,1,1,1,0
7448,11326,11,CX,4,other CX,330.8,122.1,296.9,ExR5,0,0,0,0,0,0
7449,12332,0,unnamed,0,not-CX,267.6,296.4,158.2,vLN25,0,0,0,0,0,0
7450,13888,6,descending,0,not-CX,390.0,362.0,248.6,DNge172,0,0,0,0,1,0
7451,33047,0,unnamed,0,not-CX,341.0,170.8,114.5,mALB1,1,0,1,1,0,0
7452,10624,11,CX,4,other CX,338.7,117.3,289.4,ExR5,0,0,0,0,0,0
7453,16648,0,unnamed,0,not-CX,447.9,330.6,155.1,VP1d_il2PN,1,0,1,0,1,0
7454,18049,0,unnamed,0,not-CX,323.5,341.5,145.0,VP1d_il2PN,1,0,1,0,0,0
7455,12706,11,CX,4,other CX,430.9,89.6,236.8,ExR3,1,0,1,1,1,0
7456,520468,11,CX,4,other CX,341.1,92.1,235.9,ExR3,1,0,1,1,0,0
7457,11558,0,unnamed,0,not-CX,281.6,317.8,195.3,ALIN5,0,0,0,0,0,0
7458,516097,0,unnamed,0,not-CX,299.9,329.3,209.3,M_ilPNm90,1,0,1,0,0,0
7459,12896,0,unnamed,0,not-CX,406.4,351.3,158.7,OA-VUMa5,0,0,0,0,1,0
7460,18332,0,unnamed,0,not-CX,299.9,290.5,130.4,v2LN3A,0,0,0,0,0,0
7461,513601,0,unnamed,0,not-CX,188.8,126.6,191.9,LHCENT4,0,0,0,0,0,0
7462,10461,0,unnamed,0,not-CX,470.6,300.8,169.5,AL-AST1,0,0,0,0,1,0
7463,11741,0,unnamed,0,not-CX,476.9,174.7,126.4,mALB1,1,0,1,1,1,0
7464,11190,0,unnamed,0,not-CX,581.5,129.1,163.2,LHCENT4,0,0,0,0,1,0
7465,16668,0,unnamed,0,not-CX,311.2,283.1,123.2,v2LN3A,0,0,0,0,0,0
7466,522828,0,unnamed,0,not-CX,192.6,151.0,219.4,LHCENT3,1,0,1,0,0,0
7467,516110,11,CX,4,other CX,270.3,188.6,111.1,ER6,0,0,0,0,0,0
7468,14391,0,unnamed,0,not-CX,491.0,314.8,204.6,M_ilPNm90,1,0,1,0,1,0
7469,11174,0,unnamed,0,not-CX,185.2,176.7,198.8,LHCENT8,1,0,1,0,0,0
7470,800363,0,unnamed,0,not-CX,405.7,487.8,988.8,IN10B011,0,0,0,0,1,0
7471,802381,0,unnamed,0,not-CX,409.2,342.8,921.4,INXXX332,0,0,0,0,1,0
7472,13232,0,unnamed,0,not-CX,399.0,370.1,269.2,ALIN7,0,0,0,0,1,0
7473,12572,0,unnamed,0,not-CX,199.9,143.9,218.6,LHCENT6,1,0,1,0,0,0
7474,19305,0,unnamed,0,not-CX,467.8,262.9,108.7,v2LN3A1_b,0,0,0,0,1,0
7475,11606,0,unnamed,0,not-CX,180.8,183.3,193.2,LHCENT8,1,0,1,0,0,0
7476,800413,0,unnamed,0,not-CX,397.6,479.5,1007.6,IN10B011,0,0,0,0,1,0
7477,16107,0,unnamed,0,not-CX,436.2,257.3,98.6,vLN24,0,0,0,0,1,0
7478,12569,0,unnamed,0,not-CX,350.2,130.7,268.0,DPM,0,0,0,0,0,0
7479,34900,0,unnamed,0,not-CX,470.8,281.4,140.0,LCNOp,0,0,0,0,1,0
7480,10324,11,CX,4,other CX,355.8,155.5,285.2,ExR1,1,0,1,1,0,0
7481,12656,11,CX,4,other CX,407.4,78.4,235.2,ExR1,1,0,1,1,1,0
7482,13435,0,unnamed,0,not-CX,579.0,81.4,202.7,LHAD1f2,0,0,0,0,1,0
7483,17419,11,CX,4,other CX,249.2,181.2,126.3,ER6,0,0,0,0,0,0
7484,10297,0,unnamed,0,not-CX,186.0,111.6,216.1,LHAD1g1,1,0,1,0,0,0
7485,231412,0,unnamed,0,not-CX,303.3,297.2,132.3,v2LN3A1_b,0,0,0,0,0,0
7486,12259,0,unnamed,0,not-CX,577.9,161.4,178.3,LHCENT8,1,0,1,0,1,0
7487,14464,11,CX,4,other CX,524.2,174.7,114.5,ER6,0,0,0,0,1,0
7488,10622,0,unnamed,0,not-CX,286.1,298.6,129.1,v2LN5,0,0,0,0,0,0
7489,11433,11,CX,4,other CX,445.2,126.4,293.5,ExR1,1,0,1,1,1,0
7490,12343,0,unnamed,0,not-CX,578.9,119.5,208.2,LHCENT6,1,0,1,0,1,0
7491,801937,0,unnamed,0,not-CX,412.6,350.6,840.5,IN23B095,0,0,0,0,1,0
7492,512319,11,CX,4,other CX,524.2,169.8,115.0,ER6,0,0,0,0,1,0
7493,11210,0,unnamed,0,not-CX,589.1,171.0,180.8,LHCENT8,1,0,1,0,1,0
7494,14573,0,unnamed,0,not-CX,258.0,231.8,122.4,M_l2PNl23,0,0,0,0,0,0
7495,902699,0,unnamed,0,not-CX,368.2,364.6,1047.7,INXXX052,0,0,0,0,0,0
7496,18824,0,unnamed,0,not-CX,309.0,86.4,250.7,LHPD4d1,0,0,0,0,0,0
7497,11886,11,CX,4,other CX,350.1,97.2,235.3,ExR1,1,0,1,1,0,0
7498,13666,0,unnamed,0,not-CX,261.2,254.8,127.4,M_l2PNm16,1,0,1,0,0,0
7499,512745,0,unnamed,0,not-CX,308.4,68.1,240.9,LHPD4c1,0,0,0,0,0,0
7500,802147,0,unnamed,0,not-CX,416.6,343.9,945.4,INXXX332,0,0,0,0,1,0
7501,802204,0,unnamed,0,not-CX,399.7,348.9,813.7,IN23B095,0,0,0,0,1,0
7502,11058,2,antennal,0,not-CX,414.1,166.5,111.7,M_smPN6t2,1,0,1,1,1,0
7503,12231,0,unnamed,0,not-CX,476.8,269.5,105.7,vLN25,0,0,0,0,1,0
7504,18075,0,unnamed,0,not-CX,462.4,68.3,251.6,LHPD4d1,0,0,0,0,1,0
7505,12371,0,unnamed,0,not-CX,463.5,254.5,108.6,ALIN2,1,0,1,0,1,0
7506,185726,0,unnamed,0,not-CX,480.9,273.4,115.4,v2LN3A,0,0,0,0,1,0
7507,13610,0,unnamed,0,not-CX,263.3,260.1,128.4,M_l2PNm16,1,0,1,0,0,0
7508,10835,0,unnamed,0,not-CX,325.7,274.6,99.5,vLN24,0,0,0,0,0,0
7509,13116,0,unnamed,0,not-CX,259.9,247.1,123.8,V_l2PN,0,0,0,0,0,0
7510,512575,0,unnamed,0,not-CX,286.5,294.5,132.4,ALON3,0,0,0,0,0,0
7511,11001,0,unnamed,0,not-CX,234.8,83.1,256.8,LHMB1,1,0,1,0,0,0
7512,800359,0,unnamed,0,not-CX,428.2,439.7,1051.3,INXXX052,0,0,0,0,1,0
7513,11488,0,unnamed,0,not-CX,282.0,294.5,131.1,ALON3,0,0,0,0,0,0
7514,23204,0,unnamed,0,not-CX,320.8,284.7,102.9,ALIN2,1,0,1,0,0,0
7515,12241,0,unnamed,0,not-CX,500.3,237.8,110.2,M_l2PNm16,1,0,1,0,1,0
7516,29536,0,unnamed,0,not-CX,472.0,264.6,110.5,v2LN3A1_b,0,0,0,0,1,0
7517,10147,0,unnamed,0,not-CX,584.5,91.9,202.0,LHAD1g1,1,0,1,0,1,0
7518,12837,2,antennal,0,not-CX,373.0,151.6,100.4,M_smPN6t2,1,0,1,1,0,0
7519,521526,5,MBON,0,not-CX,370.0,67.9,129.5,MBON03,1,0,1,1,0,0
7520,25081,0,unnamed,0,not-CX,305.9,286.4,122.8,v2LN3A1_b,0,0,0,0,0,0
7521,10472,0,unnamed,0,not-CX,447.8,258.3,103.1,MZ_lv2PN,0,0,0,0,1,0
7522,524284,0,unnamed,0,not-CX,383.5,366.2,272.4,ALIN7,0,0,0,0,0,0
7523,10495,5,MBON,0,not-CX,286.5,176.5,151.1,MBON05,1,0,1,1,0,0
7524,13194,0,unnamed,0,not-CX,511.2,226.8,128.0,M_l2PNl23,0,0,0,0,1,0
7525,802565,0,unnamed,0,not-CX,408.1,340.0,880.7,IN23B016,0,0,0,0,1,0
7526,20200,0,unnamed,0,not-CX,462.5,262.6,106.4,v2LN3A,0,0,0,0,1,0
7527,24133,0,unnamed,0,not-CX,417.5,358.0,812.2,AN19B001,0,0,0,0,1,0
7528,802477,0,unnamed,0,not-CX,412.8,351.2,869.0,IN23B016,0,0,0,0,1,0
7529,532766,0,unnamed,0,not-CX,502.0,246.4,120.2,M_l2PNm16,1,0,1,0,1,0
7530,11525,0,unnamed,0,not-CX,462.4,58.2,244.8,LHPD4c1,0,0,0,0,1,0
7531,15624,0,unnamed,0,not-CX,282.3,288.4,123.7,v2LN31,0,0,0,0,0,0
7532,21099,0,unnamed,0,not-CX,194.3,125.6,263.2,CB1405,0,0,0,0,0,0
7533,802242,0,unnamed,0,not-CX,412.5,333.9,954.8,INXXX287,0,0,0,0,1,0
7534,18203,0,unnamed,0,not-CX,302.8,295.9,127.7,CB3417,0,0,0,0,0,0
7535,527410,0,unnamed,0,not-CX,465.2,251.2,102.1,v2LN37,0,0,0,0,1,0
7536,12425,0,unnamed,0,not-CX,501.9,260.5,125.2,vLN25,0,0,0,0,1,0
7537,802190,0,unnamed,0,not-CX,406.7,335.6,934.7,INXXX287,0,0,0,0,1,0
7538,13994,6,descending,0,not-CX,338.8,366.7,181.0,DNge172,0,0,0,0,0,0
7539,36930,0,unnamed,0,not-CX,313.2,390.4,760.9,AN19B001,0,0,0,0,0,0
7540,523032,11,CX,4,other CX,394.5,62.7,200.7,PFL3,0,0,0,0,1,0
7541,10285,0,unnamed,0,not-CX,435.9,151.0,89.5,CRE011,1,0,1,1,1,0
7542,14340,0,unnamed,0,not-CX,495.8,237.7,106.4,V_l2PN,0,0,0,0,1,0
7543,13434,11,CX,4,other CX,270.6,171.0,136.8,ER4m,0,0,0,0,0,0
7544,16921,0,unnamed,0,not-CX,266.1,223.3,130.6,M_l2PNm15,1,0,1,0,0,0
7545,525780,5,MBON,0,not-CX,363.3,62.8,148.3,MBON04,1,0,1,1,0,0
7546,519371,5,MBON,0,not-CX,491.2,159.0,130.4,MBON05,1,0,1,1,1,0
7547,13221,0,unnamed,0,not-CX,186.7,142.2,222.8,SLP057,1,0,1,0,0,0
7548,512461,6,descending,0,not-CX,354.8,367.2,172.7,DNge172,0,0,0,0,0,0
7549,11959,0,unnamed,0,not-CX,180.5,137.8,220.3,SLP056,1,0,1,0,0,0
7550,905069,0,unnamed,0,not-CX,454.1,402.3,1037.4,INXXX087,0,0,0,0,1,0
7551,12690,5,MBON,0,not-CX,504.0,159.8,140.1,MBON06,0,0,0,0,1,0
7552,522760,0,unnamed,0,not-CX,539.4,88.6,256.2,LHMB1,0,0,0,0,1,0
7553,11195,0,unnamed,0,not-CX,443.4,160.9,287.2,M_spPN5t10,1,0,1,1,1,0
7554,800350,0,unnamed,0,not-CX,351.7,361.0,1017.0,INXXX087,0,0,0,0,0,0
7555,519373,5,MBON,0,not-CX,390.4,60.4,142.4,MBON03,1,0,1,1,1,0
7556,18634,0,unnamed,0,not-CX,186.8,135.9,225.6,LH005m,0,0,0,0,0,0
7557,28248,0,unnamed,0,not-CX,373.6,96.2,228.9,PFGs,0,0,0,0,0,0
7558,39538,0,unnamed,0,not-CX,367.8,84.8,230.4,FC2A,0,0,0,0,0,0
7559,10065,6,descending,0,not-CX,369.9,278.5,127.6,DNb05,0,0,0,0,0,0
7560,10018,11,CX,4,other CX,496.5,142.8,277.0,LAL138,0,0,0,0,1,0
7561,802623,0,unnamed,0,not-CX,467.2,360.5,994.5,INXXX287,0,0,0,0,1,0
7562,1050443274,0,unnamed,0,not-CX,426.1,406.4,974.2,INXXX199,0,0,0,0,1,0
7563,10079,5,MBON,0,not-CX,279.1,173.1,144.0,MBON06,0,0,0,0,0,0
7564,29674,0,unnamed,0,not-CX,392.8,89.7,235.3,FC2A,0,0,0,0,1,0
7565,803174,0,unnamed,0,not-CX,413.7,347.3,862.8,IN19B050,0,0,0,0,1,0
7566,13985,11,CX,4,other CX,499.4,176.4,118.1,ER4m,0,0,0,0,1,0
7567,524654,0,unnamed,0,not-CX,324.8,127.5,287.6,PFGs,0,0,0,0,0,0
7568,903171,0,unnamed,0,not-CX,420.6,434.9,1053.8,INXXX228,0,0,0,0,1,0
7569,14308,11,CX,4,other CX,518.8,166.6,119.0,ER4m,0,0,0,0,1,0
7570,10308,0,unnamed,0,not-CX,215.9,241.0,343.7,LPi12,0,0,0,0,0,0
7571,10118,6,descending,0,not-CX,409.2,251.4,116.7,DNb05,1,0,1,1,1,0
7572,62692,0,unnamed,0,not-CX,473.0,272.8,114.8,v2LN3A1_b,0,0,0,0,1,0
7573,802654,0,unnamed,0,not-CX,404.6,343.4,833.4,INXXX287,0,0,0,0,1,0
7574,802366,0,unnamed,0,not-CX,412.4,339.6,922.0,INXXX315,0,0,0,0,1,0
7575,555795,6,descending,0,not-CX,449.1,342.2,169.5,DNge172,0,0,0,0,1,0
7576,802102,0,unnamed,0,not-CX,388.0,436.2,1022.2,IN03A015,0,0,0,0,1,0
7577,33382,0,unnamed,0,not-CX,382.1,78.3,226.6,FC2A,0,0,0,0,0,0
7578,803424,0,unnamed,0,not-CX,408.0,351.7,853.1,IN19B050,0,0,0,0,1,0
7579,906365,0,unnamed,0,not-CX,411.4,330.3,971.4,INXXX287,0,0,0,0,1,0
7580,88059,0,unnamed,0,not-CX,475.8,270.1,110.3,v2LN3A1_b,0,0,0,0,1,0
7581,13303,0,unnamed,0,not-CX,391.2,381.6,207.5,OA-VUMa5,0,0,0,0,1,0
7582,519347,11,CX,4,other CX,262.3,181.7,130.2,ER4m,0,0,0,0,0,0
7583,800386,0,unnamed,0,not-CX,355.0,335.2,956.7,INXXX039,0,0,0,0,0,0
7584,10097,0,unnamed,0,not-CX,466.1,292.0,158.0,oviIN,1,0,1,0,1,0
7585,515551,0,unnamed,0,not-CX,521.1,202.4,114.3,M_l2PNm15,1,0,1,0,1,0
7586,454614,11,CX,4,other CX,493.7,171.5,109.7,ER4m,0,0,0,0,1,0
7587,800965,0,unnamed,0,not-CX,410.8,360.4,841.2,INXXX287,0,0,0,0,1,0
7588,13490,11,CX,4,other CX,389.4,56.8,190.8,PFL2,0,0,0,0,1,0
7589,23159,11,CX,4,other CX,355.0,81.5,231.3,PFL3,0,0,0,0,0,0
7590,519132,0,unnamed,0,not-CX,331.2,125.5,96.7,CRE011,1,0,1,1,0,0
7591,30653,0,unnamed,0,not-CX,367.5,110.6,241.0,PFGs,0,0,0,0,0,0
7592,513266,11,CX,4,other CX,365.4,77.8,227.6,PFL3,0,0,0,0,0,0
7593,802403,0,unnamed,0,not-CX,370.0,320.6,982.0,INXXX212,0,0,0,0,0,0
7594,35912,0,unnamed,0,not-CX,407.4,70.7,234.7,PFGs,0,0,0,0,1,0
7595,802655,0,unnamed,0,not-CX,404.2,340.9,897.1,INXXX315,0,0,0,0,1,0
7596,10290,11,CX,4,other CX,259.9,150.2,285.8,LAL138,0,0,0,0,0,0
7597,19564,0,unnamed,0,not-CX,358.8,80.3,229.4,PFGs,0,0,0,0,0,0
7598,533914,0,unnamed,0,not-CX,586.3,122.0,208.7,SLP056,1,0,1,0,1,0
7599,26095,0,unnamed,0,not-CX,292.3,289.9,121.5,v2LN3A1_a,0,0,0,0,0,0
7600,515760,11,CX,4,other CX,277.6,188.9,118.9,ER4m,0,0,0,0,0,0
7601,803064,0,unnamed,0,not-CX,473.5,378.1,1007.3,INXXX212,0,0,0,0,1,0
7602,12797,11,CX,4,other CX,270.8,186.4,132.7,ER4m,0,0,0,0,0,0
7603,14319,0,unnamed,0,not-CX,256.9,239.5,124.4,M_l2PN3t18,1,0,1,0,0,0
7604,530875,5,MBON,0,not-CX,384.0,56.4,139.1,MBON04,1,0,1,1,0,0
7605,14482,11,CX,4,other CX,269.4,175.5,133.8,ER4m,0,0,0,0,0,0
7606,511842,11,CX,4,other CX,385.7,53.1,186.6,PFL2,0,0,0,0,0,0
7607,12759,0,unnamed,0,not-CX,411.4,365.4,178.2,ALIN6,0,0,0,0,1,0
7608,519346,11,CX,4,other CX,442.2,94.9,289.0,PFL3,0,0,0,0,1,0
7609,801390,0,unnamed,0,not-CX,403.7,445.8,1051.7,INXXX181,0,0,0,0,1,0
7610,16440,11,CX,4,other CX,508.2,168.0,121.2,ER4m,0,0,0,0,1,0
7611,17402,11,CX,4,other CX,493.6,177.5,121.4,ER4m,0,0,0,0,1,0
7612,28767,0,unnamed,0,not-CX,329.0,128.6,287.6,PFGs,0,0,0,0,0,0
7613,800451,0,unnamed,0,not-CX,454.7,356.4,962.7,INXXX039,0,0,0,0,1,0
7614,13028,0,unnamed,0,not-CX,263.2,239.4,116.8,M_l2PNl22,1,0,1,0,0,0
7615,567101,11,CX,4,other CX,370.4,75.9,225.4,PFL3,0,0,0,0,0,0
7616,19665,0,unnamed,0,not-CX,186.4,136.5,217.3,CB2691,0,0,0,0,0,0
7617,800978,0,unnamed,0,not-CX,405.5,446.0,1040.9,IN03A015,0,0,0,0,1,0
7618,11186,11,CX,4,other CX,442.5,158.5,273.5,LAL183,0,0,0,0,1,0
7619,36201,0,unnamed,0,not-CX,401.8,99.4,245.0,FC2A,0,0,0,0,1,0
7620,105377,0,unnamed,0,not-CX,464.6,266.2,104.6,v2LN34C,0,0,0,0,1,0
7621,10553,0,unnamed,0,not-CX,356.2,346.3,139.4,GNG001,0,0,0,0,0,0
7622,13395,11,CX,4,other CX,263.7,180.7,135.8,ER4m,0,0,0,0,0,0
7623,803017,0,unnamed,0,not-CX,372.2,354.3,954.8,INXXX199,0,0,0,0,0,0
7624,14158,0,unnamed,0,not-CX,263.2,252.5,131.4,M_l2PN3t18,1,0,1,0,0,0
7625,519351,11,CX,4,other CX,410.3,63.9,234.6,PFL3,0,0,0,0,1,0
7626,11402,5,MBON,0,not-CX,326.8,155.4,107.2,MBON11,0,0,0,0,0,0
7627,802714,0,unnamed,0,not-CX,393.8,488.9,982.2,IN05B041,0,0,0,0,1,0
7628,802831,0,unnamed,0,not-CX,470.2,357.9,984.6,INXXX212,0,0,0,0,1,0
7629,802312,0,unnamed,0,not-CX,397.4,430.1,1012.9,INXXX179,0,0,0,0,1,0
7630,11619,0,unnamed,0,not-CX,468.0,252.4,95.7,v2LN31,0,0,0,0,1,0
7631,10138,0,unnamed,0,not-CX,309.2,315.2,169.5,oviIN,1,0,1,0,0,0
7632,35277,0,unnamed,0,not-CX,377.7,71.4,219.6,FC2B,0,0,0,0,0,0
7633,19715,11,CX,4,other CX,430.3,81.2,253.1,PFL2,0,0,0,0,1,0
7634,803476,0,unnamed,0,not-CX,417.9,338.5,959.6,IN19B050,0,0,0,0,1,0
7635,11193,0,unnamed,0,not-CX,398.1,374.7,194.4,ALIN6,0,0,0,0,1,0
7636,525061,0,unnamed,0,not-CX,435.6,97.9,277.1,PFGs,0,0,0,0,1,0
7637,15789,11,CX,4,other CX,572.9,104.1,201.8,LAL002,0,0,0,0,1,0
7638,522972,11,CX,4,other CX,339.1,111.4,243.3,ExR7,0,0,0,0,0,0
7639,11960,0,unnamed,0,not-CX,448.2,162.4,293.4,AMMC012,0,0,0,0,1,0
7640,527367,0,unnamed,0,not-CX,453.4,263.7,96.1,vLN27,0,0,0,0,1,0
7641,55401,0,unnamed,0,not-CX,386.2,78.1,227.3,FC2A,0,0,0,0,1,0
7642,18851,11,CX,4,other CX,385.1,63.3,207.4,PFL3,0,0,0,0,0,0
7643,11340,11,CX,4,other CX,346.9,157.8,274.1,ExR7,0,0,0,0,0,0
7644,803417,0,unnamed,0,not-CX,413.6,344.7,939.4,IN19B050,0,0,0,0,1,0
7645,21382,0,unnamed,0,not-CX,588.3,108.1,258.8,CB1405,0,0,0,0,1,0
7646,67741,0,unnamed,0,not-CX,368.8,82.3,228.3,FC2B,0,0,0,0,0,0
7647,530071,11,CX,4,other CX,394.4,68.3,220.3,PFL3,0,0,0,0,1,0
7648,29836,11,CX,4,other CX,412.8,74.8,236.9,PFL3,0,0,0,0,1,0
7649,10044,0,unnamed,0,not-CX,453.7,148.8,96.8,SMP108,1,0,1,1,1,0
7650,17210,6,descending,0,not-CX,498.2,131.8,269.2,DNpe036,0,0,0,0,1,0
7651,522853,11,CX,4,other CX,382.3,56.3,189.7,PFL2,0,0,0,0,0,0
7652,516643,0,unnamed,0,not-CX,303.9,343.4,254.9,GNG141,0,0,0,0,0,0
7653,33646,0,unnamed,0,not-CX,300.4,289.5,121.5,v2LN34C,0,0,0,0,0,0
7654,520811,11,CX,4,other CX,329.3,109.9,286.8,PFL3,0,0,0,0,0,0
7655,85400,0,unnamed,0,not-CX,358.4,95.3,260.0,FC2B,0,0,0,0,0,0
7656,15210,11,CX,4,other CX,395.9,70.5,206.4,PFL3,0,0,0,0,1,0
7657,555319,0,unnamed,0,not-CX,0.0,0.0,0.0,TRN_VP2,0,0,0,0,0,1
7658,801442,0,unnamed,0,not-CX,408.3,357.8,829.7,IN19B016,0,0,0,0,1,0
7659,519358,0,unnamed,0,not-CX,346.2,80.6,241.5,FC2B,0,0,0,0,0,0
7660,13310,0,unnamed,0,not-CX,571.0,233.7,339.3,LPi12,0,0,0,0,1,0
7661,522991,11,CX,4,other CX,417.8,114.7,261.0,ExR7,0,0,0,0,1,0
7662,23779,0,unnamed,0,not-CX,337.9,160.0,307.3,PFGs,0,0,0,0,0,0
7663,23180,0,unnamed,0,not-CX,393.4,72.2,217.8,PFGs,0,0,0,0,1,0
7664,513034,11,CX,4,other CX,441.9,103.7,294.2,PFL2,0,0,0,0,1,0
7665,18327,11,CX,4,other CX,380.2,85.2,222.6,PFL3,0,0,0,0,0,0
7666,10436,0,unnamed,0,not-CX,226.0,235.6,336.0,LPi12,0,0,0,0,0,0
7667,802716,0,unnamed,0,not-CX,401.0,495.9,958.7,IN05B041,0,0,0,0,1,0
7668,26038,11,CX,4,other CX,447.8,132.9,298.7,PFL3,0,0,0,0,1,0
7669,13147,0,unnamed,0,not-CX,580.6,120.4,203.4,SLP057,1,0,1,0,1,0
7670,11878,11,CX,4,other CX,336.3,163.6,279.3,LAL183,0,0,0,0,0,0
7671,11673,11,CX,4,other CX,329.1,99.7,283.7,PFL2,0,0,0,0,0,0
7672,47693,6,descending,0,not-CX,279.9,137.4,275.3,DNpe036,0,0,0,0,0,0
7673,527409,0,unnamed,0,not-CX,466.5,295.2,167.1,CB0683,0,0,0,0,1,0
7674,520573,11,CX,4,other CX,313.8,183.0,311.9,PFL2,0,0,0,0,0,0
7675,13596,2,antennal,0,not-CX,265.8,297.3,168.3,M_lvPNm24,1,0,1,0,0,0
7676,19792,0,unnamed,0,not-CX,580.5,127.4,202.8,LH005m,0,0,0,0,1,0
7677,514687,0,unnamed,0,not-CX,0.0,0.0,0.0,TRN_VP2,0,0,0,0,0,1
7678,17014,0,unnamed,0,not-CX,594.3,118.6,189.6,CB2691,0,0,0,0,1,0
7679,10030,0,unnamed,0,not-CX,452.5,142.6,277.6,pIP1,0,0,0,0,1,0
7680,11141,0,unnamed,0,not-CX,322.4,161.2,283.9,M_spPN4t9,1,0,1,1,0,0
7681,514688,0,unnamed,0,not-CX,0.0,0.0,0.0,TRN_VP2,0,0,0,0,0,1
7682,10680,6,descending,0,not-CX,413.8,92.4,234.0,DNp48,0,0,0,0,1,0
7683,802960,0,unnamed,0,not-CX,421.9,441.1,1016.8,INXXX179,0,0,0,0,1,0
7684,36358,11,CX,4,other CX,214.0,157.9,179.1,PLP010,0,0,0,0,0,0
7685,22657,0,unnamed,0,not-CX,443.2,135.0,298.0,PFGs,0,0,0,0,1,0
7686,14729,11,CX,4,other CX,376.9,57.6,190.4,PFL2,0,0,0,0,0,0
7687,902502,0,unnamed,0,not-CX,365.3,405.9,1048.9,INXXX181,0,0,0,0,0,0
7688,12491,0,unnamed,0,not-CX,264.7,245.4,131.1,M_l2PNm14,1,0,1,0,0,0
7689,20233,11,CX,4,other CX,426.7,146.5,271.8,ExR7,0,0,0,0,1,0
7690,10122,0,unnamed,0,not-CX,296.9,161.2,113.0,SMP108,1,0,1,1,0,0
7691,522993,0,unnamed,0,not-CX,395.7,107.5,249.9,PFGs,0,0,0,0,1,0
7692,513283,0,unnamed,0,not-CX,410.6,150.7,295.0,PEN_a(PEN1),0,0,0,0,1,0
7693,803094,0,unnamed,0,not-CX,367.5,331.9,966.6,INXXX212,0,0,0,0,0,0
7694,17846,0,unnamed,0,not-CX,310.4,79.7,247.7,LHCENT14,1,0,1,1,0,0
7695,131273,0,unnamed,0,not-CX,348.2,93.6,242.9,FC2A,0,0,0,0,0,0
7696,62429,0,unnamed,0,not-CX,473.4,266.4,107.4,CB3417,0,0,0,0,1,0
7697,26239,0,unnamed,0,not-CX,185.4,136.6,204.5,CB2107,0,0,0,0,0,0
7698,803712,0,unnamed,0,not-CX,423.1,339.5,977.8,IN19B050,0,0,0,0,1,0
7699,16800,0,unnamed,0,not-CX,396.1,76.8,232.1,PFGs,0,0,0,0,1,0
7700,17286,11,CX,4,other CX,391.8,69.7,211.3,PFL3,0,0,0,0,1,0
7701,560327,0,unnamed,0,not-CX,322.8,136.7,300.2,FC2A,0,0,0,0,0,0
7702,58561,0,unnamed,0,not-CX,451.5,130.0,295.4,PFGs,0,0,0,0,1,0
7703,19760,0,unnamed,0,not-CX,414.8,152.9,296.5,PEN_b(PEN2),0,0,0,0,1,0
7704,905604,0,unnamed,0,not-CX,404.9,321.0,1070.4,INXXX299,0,0,0,0,1,0
7705,45876,0,unnamed,0,not-CX,356.3,72.0,236.4,FC2A,0,0,0,0,0,0
7706,908205,0,unnamed,0,not-CX,371.2,323.9,990.6,INXXX287,0,0,0,0,0,0
7707,52041,0,unnamed,0,not-CX,390.3,116.5,250.3,PFGs,0,0,0,0,1,0
7708,27492,11,CX,4,other CX,392.7,53.6,189.6,PFL2,0,0,0,0,1,0
7709,26497,0,unnamed,0,not-CX,179.7,133.4,220.8,CB2107,0,0,0,0,0,0
7710,802387,0,unnamed,0,not-CX,395.5,426.0,1010.8,IN02A030,0,0,0,0,1,0
7711,68271,0,unnamed,0,not-CX,415.0,152.9,292.7,FC2B,0,0,0,0,1,0
7712,44256,0,unnamed,0,not-CX,407.1,62.6,227.4,PFGs,0,0,0,0,1,0
7713,25951,0,unnamed,0,not-CX,308.0,295.5,113.8,v2LN40_2,0,0,0,0,0,0
7714,247112,11,CX,4,other CX,213.4,129.1,202.3,LAL002,0,0,0,0,0,0
7715,11014,0,unnamed,0,not-CX,424.9,461.0,545.2,AN01A089,1,0,1,0,1,0
7716,170539,0,unnamed,0,not-CX,343.3,89.0,253.5,FC2A,0,0,0,0,0,0
7717,89635,0,unnamed,0,not-CX,324.8,130.9,295.3,FC2B,0,0,0,0,0,0
7718,10175,0,unnamed,0,not-CX,390.0,372.6,193.5,OA-VUMa6,1,0,1,0,1,0
7719,19367,0,unnamed,0,not-CX,373.8,98.4,238.0,PFGs,0,0,0,0,0,0
7720,17290,11,CX,4,other CX,450.0,129.9,302.3,PFL3,0,0,0,0,1,0
7721,33356,0,unnamed,0,not-CX,401.4,122.7,283.3,FC2B,0,0,0,0,1,0
7722,15721,0,unnamed,0,not-CX,195.9,130.4,193.5,SLP132,0,0,0,0,0,0
7723,70171,0,unnamed,0,not-CX,0.0,0.0,0.0,TRN_VP2,0,0,0,0,0,1
7724,16508,2,antennal,0,not-CX,259.1,294.9,174.0,M_lvPNm24,1,0,1,0,0,0
7725,532704,0,unnamed,0,not-CX,342.5,154.3,304.0,FC2A,0,0,0,0,0,0
7726,556574,0,unnamed,0,not-CX,504.0,238.0,131.5,M_l2PN3t18,1,0,1,0,1,0
7727,518541,0,unnamed,0,not-CX,446.9,362.5,244.4,GNG141,0,0,0,0,1,0
7728,40179,0,unnamed,0,not-CX,431.5,94.2,276.7,FC2A,0,0,0,0,1,0
7729,11709,0,unnamed,0,not-CX,563.4,225.3,338.6,LPi12,0,0,0,0,1,0
7730,518378,11,CX,4,other CX,337.8,103.6,262.7,PFL3,0,0,0,0,0,0
7731,17847,0,unnamed,0,not-CX,300.9,296.5,112.4,v2LN40_2,0,0,0,0,0,0
7732,137299,0,unnamed,0,not-CX,415.8,86.9,243.0,FC2A,0,0,0,0,1,0
7733,804261,0,unnamed,0,not-CX,367.1,337.1,984.4,INXXX301,0,0,0,0,0,0
7734,44554,0,unnamed,0,not-CX,384.9,77.1,224.0,FC2B,0,0,0,0,0,0
7735,804127,0,unnamed,0,not-CX,393.3,321.4,986.5,IN19B050,0,0,0,0,1,0
7736,56382,0,unnamed,0,not-CX,413.7,75.7,243.6,FC2A,0,0,0,0,1,0
7737,515809,11,CX,4,other CX,559.2,150.5,162.7,PLP010,0,0,0,0,1,0
7738,87630,0,unnamed,0,not-CX,403.6,78.8,251.0,FC2B,0,0,0,0,1,0
7739,18803,11,CX,4,other CX,387.2,68.1,214.3,PFL3,0,0,0,0,1,0
7740,803213,0,unnamed,0,not-CX,465.6,392.8,1006.9,IN06A025,0,0,0,0,1,0
7741,515233,0,unnamed,0,not-CX,342.7,151.3,302.4,FC2B,0,0,0,0,0,0
7742,513032,11,CX,4,other CX,446.1,116.6,292.5,PFL3,0,0,0,0,1,0
7743,518606,0,unnamed,0,not-CX,443.0,132.0,301.6,FC2A,0,0,0,0,1,0
7744,801242,0,unnamed,0,not-CX,412.3,437.2,1054.8,INXXX167,0,0,0,0,1,0
7745,20123,0,unnamed,0,not-CX,291.9,60.7,247.5,LHCENT12_a,0,0,0,0,0,0
7746,802495,0,unnamed,0,not-CX,400.6,407.9,981.5,IN02A030,0,0,0,0,1,0
7747,41559,0,unnamed,0,not-CX,428.5,146.6,300.0,FC2A,0,0,0,0,1,0
7748,529385,0,unnamed,0,not-CX,425.9,84.5,268.3,PEN_b(PEN2),0,0,0,0,1,0
7749,20418,6,descending,0,not-CX,367.2,67.8,212.7,DNpe053,1,0,1,1,0,0
7750,20781,0,unnamed,0,not-CX,357.7,74.0,228.8,PFGs,0,0,0,0,0,0
7751,11557,11,CX,4,other CX,394.8,54.7,193.8,PFL2,0,0,0,0,1,0
7752,21851,0,unnamed,0,not-CX,467.8,56.7,244.6,LHCENT12_a,0,0,0,0,1,0
7753,530445,0,unnamed,0,not-CX,421.6,76.9,252.9,FC2B,0,0,0,0,1,0
7754,97443,0,unnamed,0,not-CX,419.9,159.8,298.3,FC2B,0,0,0,0,1,0
7755,10038,0,unnamed,0,not-CX,314.6,153.6,284.2,pIP1,0,0,0,0,0,0
7756,12351,0,unnamed,0,not-CX,451.2,142.5,268.3,M_spPN4t9,1,0,1,1,1,0
7757,539328,0,unnamed,0,not-CX,383.3,82.4,231.5,PFGs,0,0,0,0,0,0
7758,19938,0,unnamed,0,not-CX,267.5,258.1,117.8,l2LN19,0,0,0,0,0,0
7759,10286,6,descending,0,not-CX,401.1,63.2,203.3,DNpe053,1,0,1,1,1,0
7760,800602,0,unnamed,0,not-CX,409.5,440.3,1057.0,INXXX183,0,0,0,0,1,0
7761,14419,0,unnamed,0,not-CX,266.8,260.7,122.7,VP2_l2PN,1,0,1,0,0,0
7762,79549,11,CX,4,other CX,317.0,143.0,291.0,PFL3,0,0,0,0,0,0
7763,902304,0,unnamed,0,not-CX,379.6,371.6,1059.9,INXXX167,0,0,0,0,0,0
7764,10775,0,unnamed,0,not-CX,375.8,461.1,550.0,AN01A089,1,0,1,0,0,0
7765,526406,0,unnamed,0,not-CX,337.4,151.0,297.9,FC2A,0,0,0,0,0,0
7766,804299,0,unnamed,0,not-CX,414.6,332.9,973.6,INXXX332,0,0,0,0,1,0
7767,96384,0,unnamed,0,not-CX,343.4,97.4,250.8,FC2B,0,0,0,0,0,0
7768,802941,0,unnamed,0,not-CX,415.0,422.9,996.9,INXXX193,0,0,0,0,1,0
7769,71855,0,unnamed,0,not-CX,399.6,95.8,255.1,FC2A,0,0,0,0,1,0
7770,57772,0,unnamed,0,not-CX,216.5,150.0,273.2,MB-C1,0,0,0,0,0,0
7771,11449,0,unnamed,0,not-CX,331.6,160.9,280.6,M_spPN5t10,1,0,1,1,0,0
7772,37635,0,unnamed,0,not-CX,514.8,222.7,114.8,VP2_l2PN,1,0,1,0,1,0
7773,803353,0,unnamed,0,not-CX,446.3,410.9,1045.9,INXXX228,0,0,0,0,1,0
7774,802674,0,unnamed,0,not-CX,370.4,354.0,944.6,IN12A026,0,0,0,0,0,0
7775,19009,11,CX,4,other CX,385.6,69.2,205.9,PFL3,0,0,0,0,0,0
7776,904853,0,unnamed,0,not-CX,0.0,0.0,0.0,IN12A024,0,0,0,0,0,1
7777,35322,11,CX,4,other CX,381.8,68.3,199.8,PFL3,0,0,0,0,0,0
7778,801538,0,unnamed,0,not-CX,395.8,355.0,821.0,IN19B016,0,0,0,0,1,0
7779,20380,0,unnamed,0,not-CX,271.7,254.3,118.2,l2LN19,0,0,0,0,0,0
7780,12647,6,descending,0,not-CX,497.7,304.3,275.0,DNge125,0,0,0,0,1,0
7781,804124,0,unnamed,0,not-CX,394.0,325.3,965.8,INXXX301,0,0,0,0,1,0
7782,12012,0,unnamed,0,not-CX,255.9,243.5,127.9,VP4+VL1_l2PN,1,0,1,0,0,0
7783,22240,0,unnamed,0,not-CX,347.3,82.7,249.5,PEN_b(PEN2),0,0,0,0,0,0
7784,13294,0,unnamed,0,not-CX,499.7,251.4,120.0,M_l2PNm14,1,0,1,0,1,0
7785,22705,0,unnamed,0,not-CX,218.1,251.6,185.4,,0,0,0,0,0,0
7786,803406,0,unnamed,0,not-CX,346.4,343.8,956.5,IN06A025,0,0,0,0,0,0
7787,802223,0,unnamed,0,not-CX,451.4,439.0,839.6,IN01A027,0,0,0,0,1,0
7788,802629,0,unnamed,0,not-CX,347.2,344.7,966.5,INXXX402,0,0,0,0,0,0
7789,15275,0,unnamed,0,not-CX,200.7,166.0,196.3,SLP070,0,0,0,0,0,0
7790,12485,6,descending,0,not-CX,294.2,292.3,284.1,DNge125,0,0,0,0,0,0
7791,26488,11,CX,4,other CX,337.4,95.9,266.8,PFL3,0,0,0,0,0,0
7792,21932,0,unnamed,0,not-CX,393.4,79.6,220.0,PEN_b(PEN2),0,0,0,0,1,0
7793,801801,0,unnamed,0,not-CX,456.0,368.3,990.4,INXXX301,0,0,0,0,1,0
7794,82293,0,unnamed,0,not-CX,419.0,86.7,250.4,FC2B,0,0,0,0,1,0
7795,802632,0,unnamed,0,not-CX,389.8,350.8,1076.2,INXXX183,0,0,0,0,1,0
7796,99820,0,unnamed,0,not-CX,401.6,86.9,252.1,FC2B,0,0,0,0,1,0
7797,905171,0,unnamed,0,not-CX,0.0,0.0,0.0,IN12A026,0,0,0,0,0,1
7798,804627,0,unnamed,0,not-CX,445.6,351.4,982.7,INXXX332,0,0,0,0,1,0
7799,802352,0,unnamed,0,not-CX,387.1,335.4,1051.9,INXXX228,0,0,0,0,1,0
7800,805724,0,unnamed,0,not-CX,413.8,342.8,901.4,INXXX294,0,0,0,0,1,0
7801,522444,5,MBON,0,not-CX,377.1,57.7,146.6,MBON02,0,0,0,0,0,0
7802,76194,0,unnamed,0,not-CX,347.2,82.8,254.1,PEN_a(PEN1),0,0,0,0,0,0
7803,25786,0,unnamed,0,not-CX,599.9,104.5,184.8,CB2107,0,0,0,0,1,0
7804,11271,0,unnamed,0,not-CX,474.9,65.9,250.0,LHCENT14,1,0,1,1,1,0
7805,18419,0,unnamed,0,not-CX,435.4,81.9,268.4,PEN_a(PEN1),0,0,0,0,1,0
7806,803849,0,unnamed,0,not-CX,454.6,365.7,1020.6,INXXX287,0,0,0,0,1,0
7807,46169,0,unnamed,0,not-CX,401.9,128.6,266.3,FC2A,0,0,0,0,1,0
7808,801658,0,unnamed,0,not-CX,0.0,0.0,0.0,IN01A027,0,0,0,0,0,1
7809,106495,0,unnamed,0,not-CX,367.7,80.7,225.6,FC2B,0,0,0,0,0,0
7810,12732,0,unnamed,0,not-CX,295.0,248.1,169.2,LHCENT5,1,0,1,1,0,0
7811,23010,2,antennal,0,not-CX,269.1,301.4,182.1,M_lvPNm39,0,0,0,0,0,0
7812,40390,0,unnamed,0,not-CX,330.9,96.5,280.3,PEN_b(PEN2),0,0,0,0,0,0
7813,23151,0,unnamed,0,not-CX,583.1,117.4,190.7,CB2107,0,0,0,0,1,0
7814,13940,0,unnamed,0,not-CX,508.4,236.3,118.9,M_l2PN3t18,1,0,1,0,1,0
7815,29144,0,unnamed,0,not-CX,596.1,122.1,194.8,CB2755,0,0,0,0,1,0
7816,10826,5,MBON,0,not-CX,520.6,160.2,280.9,MBON21,1,0,1,1,1,0
7817,550660,0,unnamed,0,not-CX,367.7,93.3,249.9,FC2C,0,0,0,0,0,0
7818,18504,0,unnamed,0,not-CX,333.6,101.4,281.5,PEN_a(PEN1),0,0,0,0,0,0
7819,12489,0,unnamed,0,not-CX,429.1,157.7,98.6,mALB3,1,0,1,1,1,0
7820,12454,0,unnamed,0,not-CX,485.0,236.4,170.1,LHCENT5,1,0,1,1,1,0
7821,523628,5,MBON,0,not-CX,271.6,174.5,282.1,MBON21,1,0,1,1,0,0
7822,804353,0,unnamed,0,not-CX,415.8,442.9,1042.5,IN06A043,0,0,0,0,1,0
7823,19108,0,unnamed,0,not-CX,323.9,278.8,102.2,vLN28,0,0,0,0,0,0
7824,523060,5,MBON,0,not-CX,259.1,189.1,110.8,MBON09,1,0,1,0,0,0
7825,803857,0,unnamed,0,not-CX,366.8,335.1,962.4,INXXX294,0,0,0,0,0,0
7826,802647,0,unnamed,0,not-CX,430.9,429.0,1020.6,INXXX402,0,0,0,0,1,0
7827,803060,0,unnamed,0,not-CX,361.4,339.0,1001.8,IN01A045,0,0,0,0,0,0
7828,50461,0,unnamed,0,not-CX,390.7,86.1,221.0,FC2B,0,0,0,0,1,0
7829,10704,5,MBON,0,not-CX,447.6,147.5,95.5,MBON11,0,0,0,0,1,0
7830,14609,0,unnamed,0,not-CX,288.0,83.0,153.1,LHAD2b1,1,0,1,1,0,0
7831,801169,0,unnamed,0,not-CX,472.6,376.0,1002.5,INXXX297,0,0,0,0,1,0
7832,803352,0,unnamed,0,not-CX,387.2,429.2,1025.5,INXXX239,0,0,0,0,1,0
7833,803319,0,unnamed,0,not-CX,475.8,380.5,996.9,IN19A032,0,0,0,0,1,0
7834,74326,0,unnamed,0,not-CX,448.3,132.1,306.9,FC2B,0,0,0,0,1,0
7835,18744,0,unnamed,0,not-CX,411.9,103.6,270.5,PEN_a(PEN1),0,0,0,0,1,0
7836,803855,0,unnamed,0,not-CX,398.5,424.7,998.4,INXXX193,0,0,0,0,1,0
7837,905259,0,unnamed,0,not-CX,413.7,436.7,1049.6,INXXX328,0,0,0,0,1,0
7838,10823,6,descending,0,not-CX,368.2,104.5,229.9,DNp48,1,0,1,1,0,0
7839,804424,0,unnamed,0,not-CX,399.3,321.4,1021.6,INXXX287,0,0,0,0,1,0
7840,16275,0,unnamed,0,not-CX,203.2,152.6,246.2,CL362,1,0,1,0,0,0
7841,147959,0,unnamed,0,not-CX,303.4,288.6,125.6,v2LN34F,0,0,0,0,0,0
7842,107690,0,unnamed,0,not-CX,406.5,79.8,247.5,FC2B,0,0,0,0,1,0
7843,534662,0,unnamed,0,not-CX,381.0,73.9,215.4,FC2C,0,0,0,0,0,0
7844,803083,0,unnamed,0,not-CX,472.5,357.3,962.2,IN12A039,0,0,0,0,1,0
7845,804060,0,unnamed,0,not-CX,455.5,378.2,1001.4,INXXX301,0,0,0,0,1,0
7846,804997,0,unnamed,0,not-CX,388.9,443.3,1042.9,IN06A043,0,0,0,0,1,0
7847,15176,0,unnamed,0,not-CX,328.3,134.1,301.3,PEN_b(PEN2),0,0,0,0,0,0
7848,525026,0,unnamed,0,not-CX,299.3,292.6,124.6,v2LN3A1_b,0,0,0,0,0,0
7849,11566,0,unnamed,0,not-CX,276.0,222.8,135.3,ALIN4,0,0,0,0,0,0
7850,26263,0,unnamed,0,not-CX,196.4,118.9,270.7,CB3278,0,0,0,0,0,0
7851,904121,0,unnamed,0,not-CX,413.5,339.6,1073.7,INXXX077,0,0,0,0,1,0
7852,32247,0,unnamed,0,not-CX,180.0,131.2,217.8,CB2755,0,0,0,0,0,0
7853,10683,0,unnamed,0,not-CX,181.5,109.9,222.4,SLP003,1,0,1,0,0,0
7854,801586,0,unnamed,0,not-CX,401.2,424.1,1025.3,INXXX239,0,0,0,0,1,0
7855,21098,0,unnamed,0,not-CX,560.0,253.9,176.6,,0,0,0,0,1,0
7856,803996,0,unnamed,0,not-CX,443.0,353.8,1005.2,INXXX287,0,0,0,0,1,0
7857,518375,11,CX,4,other CX,369.7,59.4,203.3,PFL2,0,0,0,0,0,0
7858,11318,0,unnamed,0,not-CX,355.3,55.6,152.4,CRE107,1,0,1,1,0,0
7859,14572,0,unnamed,0,not-CX,183.2,166.2,201.3,SLP209,1,0,1,0,0,0
7860,526311,0,unnamed,0,not-CX,377.5,72.8,128.9,SMP076,1,0,1,1,0,0
7861,524152,0,unnamed,0,not-CX,352.1,179.0,121.0,WED182,1,0,1,1,0,0
7862,39813,0,unnamed,0,not-CX,406.7,101.6,270.8,PEN_b(PEN2),0,0,0,0,1,0
7863,12471,2,antennal,0,not-CX,515.5,280.8,159.4,M_lvPNm24,1,0,1,0,1,0
7864,13031,11,CX,4,other CX,353.6,55.8,163.7,PFL2,0,0,0,0,0,0
7865,10564,0,unnamed,0,not-CX,559.6,109.7,267.3,SMP177,1,0,1,0,1,0
7866,803924,0,unnamed,0,not-CX,349.7,365.0,975.7,IN12A048,0,0,0,0,0,0
7867,520393,0,unnamed,0,not-CX,471.1,89.2,138.7,CRE042,1,0,1,1,1,0
7868,11324,0,unnamed,0,not-CX,275.7,83.9,261.5,SMP177,1,0,1,1,0,0
7869,14750,0,unnamed,0,not-CX,296.6,303.3,126.0,vLN29,0,0,0,0,0,0
7870,524968,6,descending,0,not-CX,303.4,162.4,306.4,DNp32,1,0,1,1,0,0
7871,30519,0,unnamed,0,not-CX,436.2,157.1,99.6,mALB3,1,0,1,1,1,0
7872,50885,0,unnamed,0,not-CX,399.0,126.7,271.0,FC2C,0,0,0,0,1,0
7873,524893,5,MBON,0,not-CX,424.4,104.3,242.6,MBON26,1,0,1,1,1,0
7874,10168,0,unnamed,0,not-CX,410.2,355.9,159.6,OA-VUMa6,1,0,1,0,1,0
7875,103466,0,unnamed,0,not-CX,391.7,84.8,234.5,FC2B,0,0,0,0,1,0
7876,18779,0,unnamed,0,not-CX,333.8,130.2,300.9,PEN_a(PEN1),0,0,0,0,0,0
7877,800130,0,unnamed,0,not-CX,0.0,0.0,0.0,INXXX077,0,0,0,0,0,1
7878,13529,0,unnamed,0,not-CX,514.2,234.1,120.1,M_l2PNl22,1,0,1,0,1,0
7879,803741,0,unnamed,0,not-CX,429.2,421.9,1008.1,IN12A048,0,0,0,0,1,0
7880,12761,0,unnamed,0,not-CX,295.4,123.5,115.4,CRE042,1,0,1,1,0,0
7881,10676,6,descending,0,not-CX,502.5,319.6,259.6,DNg49,0,0,0,0,1,0
7882,802945,0,unnamed,0,not-CX,389.3,425.7,1023.9,INXXX239,0,0,0,0,1,0
7883,32165,0,unnamed,0,not-CX,174.2,127.5,213.8,CB2831,0,0,0,0,0,0
7884,515069,0,unnamed,0,not-CX,0.0,0.0,0.0,HRN_VP1d,0,0,0,0,0,1
7885,46388,0,unnamed,0,not-CX,407.3,62.3,135.3,SMP076,1,0,1,1,1,0
7886,803356,0,unnamed,0,not-CX,355.8,351.9,962.3,IN12A039,0,0,0,0,0,0
7887,16922,0,unnamed,0,not-CX,263.2,236.4,124.0,l2LN23,0,0,0,0,0,0
7888,18755,0,unnamed,0,not-CX,299.7,298.4,117.4,CB4083,0,0,0,0,0,0
7889,902180,0,unnamed,0,not-CX,0.0,0.0,0.0,TRN_VP1m,0,0,0,0,0,1
7890,520236,0,unnamed,0,not-CX,0.0,0.0,0.0,SMP049,1,0,1,0,0,1
7891,16085,0,unnamed,0,not-CX,508.5,240.9,124.4,VP2+VC5_l2PN,0,0,0,0,1,0
7892,20818,0,unnamed,0,not-CX,440.7,120.1,299.0,PEN_a(PEN1),0,0,0,0,1,0
7893,10013,5,MBON,0,not-CX,379.9,66.3,143.4,MBON01,0,0,0,0,0,0
7894,515578,0,unnamed,0,not-CX,583.2,83.0,207.1,SLP003,1,0,1,0,1,0
7895,16334,0,unnamed,0,not-CX,434.1,98.8,265.4,SIP064,1,0,1,1,1,0
7896,556286,6,descending,0,not-CX,460.4,165.2,299.4,DNp32,1,0,1,1,1,0
7897,802568,0,unnamed,0,not-CX,448.0,402.6,1003.0,INXXX297,0,0,0,0,1,0
7898,16629,2,antennal,0,not-CX,509.8,259.7,151.4,M_lvPNm39,0,0,0,0,1,0
7899,514489,6,descending,0,not-CX,286.5,320.0,255.9,DNg49,0,0,0,0,0,0
7900,802396,0,unnamed,0,not-CX,448.0,417.9,1039.1,IN18B033,0,0,0,0,1,0
7901,20044,0,unnamed,0,not-CX,483.2,241.8,112.0,l2LN19,0,0,0,0,1,0
7902,804530,0,unnamed,0,not-CX,351.0,376.0,999.4,IN06A066,0,0,0,0,0,0
7903,527351,0,unnamed,0,not-CX,461.0,252.8,98.7,v2LN5,0,0,0,0,1,0
7904,804686,0,unnamed,0,not-CX,352.7,336.9,960.9,IN06A063,0,0,0,0,0,0
7905,34203,0,unnamed,0,not-CX,345.1,172.9,306.1,FC2B,0,0,0,0,0,0
7906,19615,0,unnamed,0,not-CX,187.8,193.5,210.1,SIP090,1,0,1,0,0,0
7907,11644,0,unnamed,0,not-CX,459.5,223.8,83.1,ALIN4,0,0,0,0,1,0
7908,520151,5,MBON,0,not-CX,389.3,72.9,133.7,MBON01,0,0,0,0,1,0
7909,82009,0,unnamed,0,not-CX,316.6,280.8,129.5,v2LN3A1_b,0,0,0,0,0,0
7910,532000,0,unnamed,0,not-CX,397.1,108.3,101.0,SMP049,1,0,1,1,1,0
7911,58408,0,unnamed,0,not-CX,469.2,259.2,108.1,v2LN3A1_a,0,0,0,0,1,0
7912,19267,5,MBON,0,not-CX,512.1,195.5,124.0,MBON09,1,0,1,0,1,0
7913,140787,0,unnamed,0,not-CX,387.9,120.8,255.1,FC2B,0,0,0,0,1,0
7914,801511,0,unnamed,0,not-CX,358.5,340.6,1011.1,IN18B033,0,0,0,0,0,0
7915,512248,0,unnamed,0,not-CX,378.9,58.0,140.2,SMP114,1,0,1,1,0,0
7916,804793,0,unnamed,0,not-CX,473.1,367.0,982.5,IN06A063,0,0,0,0,1,0
7917,55415,0,unnamed,0,not-CX,339.1,174.6,311.2,FC2B,0,0,0,0,0,0
7918,802209,0,unnamed,0,not-CX,374.2,327.4,952.7,INXXX232,0,0,0,0,0,0
7919,17000,11,CX,4,other CX,393.6,61.5,196.0,PFL3,0,0,0,0,1,0
7920,12636,0,unnamed,0,not-CX,419.8,167.4,108.5,mALB2,1,0,1,1,1,0
7921,514425,0,unnamed,0,not-CX,0.0,0.0,0.0,HRN_VP1d,0,0,0,0,0,1
7922,13213,0,unnamed,0,not-CX,579.7,135.4,181.4,SLP070,0,0,0,0,1,0
7923,19189,0,unnamed,0,not-CX,390.2,74.8,227.4,PEN_a(PEN1),0,0,0,0,1,0
7924,12068,0,unnamed,0,not-CX,523.6,292.1,198.0,SAD113,0,0,0,0,1,0
7925,803222,0,unnamed,0,not-CX,388.2,339.2,948.6,INXXX247,0,0,0,0,1,0
7926,515811,0,unnamed,0,not-CX,340.6,108.4,255.8,SIP064,1,0,1,1,0,0
7927,54568,0,unnamed,0,not-CX,567.9,131.9,162.4,SLP132,0,0,0,0,1,0
7928,802020,0,unnamed,0,not-CX,345.4,353.2,927.6,IN18B013,0,0,0,0,0,0
7929,805279,0,unnamed,0,not-CX,422.2,338.6,984.3,INXXX332,0,0,0,0,1,0
7930,904948,0,unnamed,0,not-CX,0.0,0.0,0.0,IN06A049,0,0,0,0,0,1
7931,49570,0,unnamed,0,not-CX,475.8,271.7,113.2,v2LN34F,0,0,0,0,1,0
7932,803563,0,unnamed,0,not-CX,372.9,413.6,1030.1,INXXX239,0,0,0,0,0,0
7933,29410,0,unnamed,0,not-CX,454.1,258.7,95.8,v2LN5,0,0,0,0,1,0
7934,12616,0,unnamed,0,not-CX,396.6,90.4,211.0,ALIN1,0,0,0,0,1,0
7935,241046,0,unnamed,0,not-CX,345.3,82.5,233.6,FC2B,0,0,0,0,0,0
7936,801574,0,unnamed,0,not-CX,461.1,376.1,877.6,IN18B013,0,0,0,0,1,0
7937,804778,0,unnamed,0,not-CX,468.2,388.6,1013.0,IN06A066,0,0,0,0,1,0
7938,515554,0,unnamed,0,not-CX,492.0,238.2,101.9,l2LN19,0,0,0,0,1,0
7939,800590,0,unnamed,0,not-CX,338.7,358.7,965.9,IN19A032,0,0,0,0,0,0
7940,26485,5,MBON,0,not-CX,240.4,95.4,268.2,MBON28,1,0,1,1,0,0
7941,30806,0,unnamed,0,not-CX,162.7,118.0,204.9,CB2831,0,0,0,0,0,0
7942,10737,0,unnamed,0,not-CX,389.5,80.8,225.5,ALIN1,0,0,0,0,1,0
7943,918902,0,unnamed,0,not-CX,0.0,0.0,0.0,HRN_VP1l,0,0,0,0,0,1
7944,11607,0,unnamed,0,not-CX,412.4,59.3,141.2,CRE107,1,0,1,1,1,0
7945,514424,0,unnamed,0,not-CX,0.0,0.0,0.0,HRN_VP1d,0,0,0,0,0,1
7946,519317,0,unnamed,0,not-CX,295.9,195.7,134.9,mALB3,1,0,1,1,0,0
7947,801117,0,unnamed,0,not-CX,443.0,356.6,959.2,IN19B068,0,0,0,0,1,0
7948,804696,0,unnamed,0,not-CX,344.4,347.5,968.6,IN06A050,0,0,0,0,0,0
7949,12809,0,unnamed,0,not-CX,563.1,151.1,166.2,CRE048,1,0,1,0,1,0
7950,802535,0,unnamed,0,not-CX,351.9,339.4,971.3,INXXX297,0,0,0,0,0,0
7951,10599,5,MBON,0,not-CX,444.5,150.1,90.1,MBON35,1,0,1,1,1,0
7952,804593,0,unnamed,0,not-CX,351.2,344.1,975.9,IN06A066,0,0,0,0,0,0
7953,10646,0,unnamed,0,not-CX,290.3,305.7,155.3,AVLP597,1,0,1,0,0,0
7954,519318,0,unnamed,0,not-CX,305.1,169.5,116.4,mALB3,1,0,1,1,0,0
7955,521814,0,unnamed,0,not-CX,338.0,125.0,294.5,PEN_a(PEN1),0,0,0,0,0,0
7956,515158,0,unnamed,0,not-CX,317.4,276.5,127.8,v2LN34F,0,0,0,0,0,0
7957,26953,0,unnamed,0,not-CX,230.5,65.6,247.9,LHPD2a2,0,0,0,0,0,0
7958,514045,0,unnamed,0,not-CX,381.3,62.9,198.1,PEN_a(PEN1),0,0,0,0,0,0
7959,20986,0,unnamed,0,not-CX,252.0,71.6,253.2,CB2549,0,0,0,0,0,0
7960,35330,0,unnamed,0,not-CX,181.6,137.2,205.3,CB3051,0,0,0,0,0,0
7961,520008,0,unnamed,0,not-CX,334.7,278.6,101.6,vLN27,0,0,0,0,0,0
7962,13526,0,unnamed,0,not-CX,233.3,136.4,151.7,SMP026,1,0,1,1,0,0
7963,101011,0,unnamed,0,not-CX,359.8,72.5,234.9,FC2C,0,0,0,0,0,0
7964,18713,5,MBON,0,not-CX,521.6,194.9,116.9,MBON09,1,0,1,0,1,0
7965,11682,0,unnamed,0,not-CX,191.6,169.8,196.0,LHCENT10,1,0,1,0,0,0
7966,10520,6,descending,0,not-CX,424.6,357.6,165.9,DNg74_b,0,0,0,0,1,0
7967,18959,0,unnamed,0,not-CX,266.1,250.4,127.0,VP2+VC5_l2PN,1,0,1,0,0,0
7968,12358,0,unnamed,0,not-CX,393.5,61.6,209.9,PEN_a(PEN1),0,0,0,0,1,0
7969,12778,0,unnamed,0,not-CX,483.4,77.4,156.1,LHAD2b1,1,0,1,1,1,0
7970,31291,0,unnamed,0,not-CX,245.6,58.6,248.9,LHPD2a2,0,0,0,0,0,0
7971,512245,6,descending,0,not-CX,380.8,79.3,200.9,DNc01,0,0,0,0,0,0
7972,521157,0,unnamed,0,not-CX,0.0,0.0,0.0,HRN_VP1d,0,0,0,0,0,1
7973,906307,0,unnamed,0,not-CX,351.0,375.0,1025.7,INXXX287,0,0,0,0,0,0
7974,149740,0,unnamed,0,not-CX,431.7,150.6,303.5,FC2B,0,0,0,0,1,0
7975,520007,0,unnamed,0,not-CX,0.0,0.0,0.0,TRN_VP1m,0,0,0,0,0,1
7976,12373,0,unnamed,0,not-CX,405.3,96.0,224.4,ALIN1,0,0,0,0,1,0
7977,522749,5,MBON,0,not-CX,399.4,60.4,150.0,MBON02,1,0,1,1,1,0
7978,512788,5,MBON,0,not-CX,542.9,77.1,255.6,MBON18,1,0,1,0,1,0
7979,10615,0,unnamed,0,not-CX,297.1,186.0,122.4,mALB2,1,0,1,1,0,0
7980,513174,5,MBON,0,not-CX,499.8,165.4,129.6,MBON30,1,0,1,1,1,0
7981,73560,0,unnamed,0,not-CX,0.0,0.0,0.0,HRN_VP1d,0,0,0,0,0,1
7982,512460,0,unnamed,0,not-CX,380.6,64.5,122.5,SMP114,1,0,1,1,0,0
7983,22323,0,unnamed,0,not-CX,566.4,235.1,182.1,,0,0,0,0,1,0
7984,14221,5,MBON,0,not-CX,237.5,77.9,264.5,MBON18,1,0,1,0,0,0
7985,801544,0,unnamed,0,not-CX,410.5,479.5,898.2,IN10B011,0,0,0,0,1,0
7986,51782,0,unnamed,0,not-CX,335.6,150.0,305.1,FC2C,0,0,0,0,0,0
7987,805230,0,unnamed,0,not-CX,418.2,340.0,1007.5,INXXX315,0,0,0,0,1,0
7988,521108,0,unnamed,0,not-CX,298.4,304.8,138.3,M_lv2PN9t49_b,1,0,1,0,0,0
7989,24382,0,unnamed,0,not-CX,376.4,71.8,216.4,PEN_b(PEN2),0,0,0,0,0,0
7990,524470,6,descending,0,not-CX,370.5,262.8,133.5,DNbe001,0,0,0,0,0,0
7991,132166,0,unnamed,0,not-CX,0.0,0.0,0.0,HRN_VP1d,0,0,0,0,0,1
7992,38835,0,unnamed,0,not-CX,418.9,75.7,242.3,FR1,0,0,0,0,1,0
7993,12654,0,unnamed,0,not-CX,419.0,133.9,267.3,SIP087,1,0,1,1,1,0
7994,10446,6,descending,0,not-CX,423.8,155.9,277.7,DNp73,0,0,0,0,1,0
7995,804527,0,unnamed,0,not-CX,475.5,369.6,994.5,IN06A066,0,0,0,0,1,0
7996,10717,6,descending,0,not-CX,284.4,312.2,240.4,DNg93,0,0,0,0,0,0
7997,807357,0,unnamed,0,not-CX,407.0,325.5,997.3,INXXX332,0,0,0,0,1,0
7998,906663,0,unnamed,0,not-CX,460.0,385.4,989.5,INXXX364,0,0,0,0,1,0
7999,803335,0,unnamed,0,not-CX,363.3,326.0,985.2,INXXX247,0,0,0,0,0,0
8000,10342,6,descending,0,not-CX,384.4,94.3,203.0,DNc02,1,0,1,1,0,0
8001,94994,0,unnamed,0,not-CX,0.0,0.0,0.0,HRN_VP1d,0,0,0,0,0,1
8002,801179,0,unnamed,0,not-CX,375.1,496.7,967.2,IN10B011,0,0,0,0,0,0
8003,531768,0,unnamed,0,not-CX,213.4,154.5,170.8,CL063,1,0,1,0,0,0
8004,11958,0,unnamed,0,not-CX,173.4,149.2,199.0,SLP230,1,0,1,0,0,0
8005,25045,0,unnamed,0,not-CX,401.7,84.6,248.0,FR1,0,0,0,0,1,0
8006,519589,0,unnamed,0,not-CX,0.0,0.0,0.0,TRN_VP1m,0,0,0,0,0,1
8007,339719,0,unnamed,0,not-CX,0.0,0.0,0.0,TRN_VP2,0,0,0,0,0,1
8008,16379,0,unnamed,0,not-CX,266.4,252.5,118.1,l2LN23,0,0,0,0,0,0
8009,802817,0,unnamed,0,not-CX,349.6,343.9,971.2,IN12A024,0,0,0,0,0,0
8010,77911,0,unnamed,0,not-CX,364.5,97.0,243.4,FC3_a,0,0,0,0,0,0
8011,108478,11,CX,4,other CX,396.0,67.9,201.9,PFL3,0,0,0,0,1,0
8012,802380,0,unnamed,0,not-CX,349.5,349.1,983.4,INXXX297,0,0,0,0,0,0
8013,24803,0,unnamed,0,not-CX,466.2,315.2,152.9,AMMC026,0,0,0,0,1,0
8014,551404,0,unnamed,0,not-CX,415.5,72.5,244.4,FC2C,0,0,0,0,1,0
8015,406728,0,unnamed,0,not-CX,0.0,0.0,0.0,TRN_VP1m,0,0,0,0,0,1
8016,15578,0,unnamed,0,not-CX,270.6,85.4,260.8,SMP178,1,0,1,1,0,0
8017,804501,0,unnamed,0,not-CX,351.4,352.4,958.2,IN06A049,0,0,0,0,0,0
8018,523533,11,CX,4,other CX,272.8,262.8,279.1,PLP247,0,0,0,0,0,0
8019,56905,0,unnamed,0,not-CX,423.0,149.5,296.2,FC2C,0,0,0,0,1,0
8020,14506,2,antennal,0,not-CX,504.7,276.3,143.6,M_lvPNm24,1,0,1,0,1,0
8021,12453,6,descending,0,not-CX,292.9,301.3,277.2,DNg50,0,0,0,0,0,0
8022,804368,0,unnamed,0,not-CX,397.6,325.8,960.6,INXXX315,0,0,0,0,1,0
8023,903481,0,unnamed,0,not-CX,427.5,352.0,1041.1,INXXX228,0,0,0,0,1,0
8024,512927,0,unnamed,0,not-CX,379.9,76.3,223.5,PEN_a(PEN1),0,0,0,0,0,0
8025,903622,0,unnamed,0,not-CX,0.0,0.0,0.0,IN01A045,0,0,0,0,0,1
8026,43546,0,unnamed,0,not-CX,170.3,133.0,207.8,CB2678,0,0,0,0,0,0
8027,10491,0,unnamed,0,not-CX,386.1,74.2,208.3,ALIN1,0,0,0,0,1,0
8028,533436,0,unnamed,0,not-CX,440.6,113.0,292.6,FC2C,0,0,0,0,1,0
8029,18932,0,unnamed,0,not-CX,377.3,80.8,228.9,PEN_b(PEN2),0,0,0,0,0,0
8030,14662,0,unnamed,0,not-CX,267.3,111.6,138.0,SLP470,1,0,1,1,0,0
8031,25195,0,unnamed,0,not-CX,242.6,58.3,245.3,LHPD2a2,0,0,0,0,0,0
8032,40486,0,unnamed,0,not-CX,248.7,68.1,252.5,LHPD2a2,0,0,0,0,0,0
8033,38024,0,unnamed,0,not-CX,245.4,109.4,167.1,CB0396,1,0,1,1,0,0
8034,803229,0,unnamed,0,not-CX,406.0,325.8,978.7,INXXX315,0,0,0,0,1,0
8035,806038,0,unnamed,0,not-CX,354.0,343.9,969.8,INXXX276,0,0,0,0,0,0
8036,802950,0,unnamed,0,not-CX,467.6,362.8,986.0,INXXX247,0,0,0,0,1,0
8037,20168,0,unnamed,0,not-CX,289.6,75.6,158.4,LHAD4a1,0,0,0,0,0,0
8038,10734,6,descending,0,not-CX,499.9,301.2,242.7,DNg93,0,0,0,0,1,0
8039,10816,5,MBON,0,not-CX,456.5,76.8,144.6,MBON31,1,0,1,1,1,0
8040,32354,0,unnamed,0,not-CX,280.8,60.0,254.2,LHCENT12_b,0,0,0,0,0,0
8041,530449,0,unnamed,0,not-CX,397.7,85.1,249.8,FR1,0,0,0,0,1,0
8042,803062,0,unnamed,0,not-CX,408.2,444.9,1052.6,INXXX320,0,0,0,0,1,0
8043,50431,0,unnamed,0,not-CX,381.9,73.4,219.8,FC2C,0,0,0,0,0,0
8044,804937,0,unnamed,0,not-CX,406.4,327.0,1003.0,IN19B068,0,0,0,0,1,0
8045,26532,0,unnamed,0,not-CX,186.8,157.9,218.9,CB0367,0,0,0,0,0,0
8046,10094,0,unnamed,0,not-CX,475.9,294.1,134.8,AVLP597,1,0,1,0,1,0
8047,521227,0,unnamed,0,not-CX,585.8,152.1,184.1,SLP209,1,0,1,0,1,0
8048,20688,0,unnamed,0,not-CX,489.4,290.7,139.4,M_lv2PN9t49_b,1,0,1,0,1,0
8049,34896,0,unnamed,0,not-CX,516.9,129.0,126.2,SMP026,1,0,1,1,1,0
8050,45343,0,unnamed,0,not-CX,438.7,106.7,292.0,FC2C,0,0,0,0,1,0
8051,21242,5,MBON,0,not-CX,268.5,192.4,108.4,MBON09,1,0,1,1,0,0
8052,41086,0,unnamed,0,not-CX,508.8,96.6,269.0,SMP179,1,0,1,1,1,0
8053,10093,0,unnamed,0,not-CX,225.2,252.0,343.1,Am1,0,0,0,0,0,0
8054,14954,0,unnamed,0,not-CX,190.8,215.6,180.0,SLP457,1,0,1,0,0,0
8055,530873,0,unnamed,0,not-CX,553.0,92.5,263.4,SIP029,1,0,1,0,1,0
8056,802220,0,unnamed,0,not-CX,422.1,338.9,958.8,INXXX315,0,0,0,0,1,0
8057,95713,0,unnamed,0,not-CX,405.0,93.0,251.4,FC2C,0,0,0,0,1,0
8058,115261,0,unnamed,0,not-CX,418.4,74.9,245.3,FC2C,0,0,0,0,1,0
8059,904946,0,unnamed,0,not-CX,0.0,0.0,0.0,IN06A050,0,0,0,0,0,1
8060,65986,0,unnamed,0,not-CX,0.0,0.0,0.0,TRN_VP1m,0,0,0,0,0,1
8061,803894,0,unnamed,0,not-CX,405.1,330.4,956.0,IN19B068,0,0,0,0,1,0
8062,10279,0,unnamed,0,not-CX,520.2,306.9,212.8,SAD113,0,0,0,0,1,0
8063,67361,0,unnamed,0,not-CX,332.8,147.2,304.7,FC2B,0,0,0,0,0,0
8064,29604,0,unnamed,0,not-CX,560.3,121.9,267.2,CB3278,0,0,0,0,1,0
8065,12327,11,CX,4,other CX,289.3,181.6,299.5,LAL142,0,0,0,0,0,0
8066,98519,0,unnamed,0,not-CX,471.7,267.6,114.0,v2LN3A1_b,0,0,0,0,1,0
8067,519842,2,antennal,0,not-CX,408.1,162.2,109.8,M_smPNm1,0,0,0,0,1,0
8068,54642,11,CX,2,columnar,349.9,95.7,253.9,vDeltaF,0,0,0,0,0,0
8069,125182,0,unnamed,0,not-CX,452.7,245.4,303.4,CRE108,1,0,1,1,1,0
8070,108286,0,unnamed,0,not-CX,362.6,75.1,235.4,FC2C,0,0,0,0,0,0
8071,32784,0,unnamed,0,not-CX,194.5,154.9,170.7,CB0994,0,0,0,0,0,0
8072,806238,0,unnamed,0,not-CX,379.3,326.7,1039.8,INXXX332,0,0,0,0,0,0
8073,129936,11,CX,2,columnar,425.7,88.9,262.4,vDeltaF,0,0,0,0,1,0
8074,32439,0,unnamed,0,not-CX,190.8,144.3,226.0,CB1927,0,0,0,0,0,0
8075,16734,0,unnamed,0,not-CX,185.9,209.3,198.3,SLP457,1,0,1,0,0,0
8076,151739,0,unnamed,0,not-CX,340.3,152.5,295.8,FC2C,0,0,0,0,0,0
8077,108362,0,unnamed,0,not-CX,0.0,0.0,0.0,TRN_VP3b,0,0,0,0,0,1
8078,580802,0,unnamed,0,not-CX,579.9,130.0,219.6,CL362,1,0,1,0,1,0
8079,903107,0,unnamed,0,not-CX,360.7,351.3,962.9,INXXX364,0,0,0,0,0,0
8080,23273,0,unnamed,0,not-CX,390.6,61.2,206.2,PEN_b(PEN2),0,0,0,0,1,0
8081,26636,6,descending,0,not-CX,484.3,132.7,273.3,DNp58,0,0,0,0,1,0
8082,59176,11,CX,2,columnar,344.7,109.9,262.0,vDeltaE,0,0,0,0,0,0
8083,803245,0,unnamed,0,not-CX,404.9,324.2,1052.7,INXXX228,0,0,0,0,1,0
8084,512187,0,unnamed,0,not-CX,392.3,74.7,117.1,SMP056,1,0,1,1,1,0
8085,28622,5,MBON,0,not-CX,551.2,87.3,260.9,MBON28,1,0,1,0,1,0
8086,805382,0,unnamed,0,not-CX,405.7,324.8,1021.6,INXXX315,0,0,0,0,1,0
8087,805070,0,unnamed,0,not-CX,473.2,362.7,985.2,IN06A109,0,0,0,0,1,0
8088,25872,0,unnamed,0,not-CX,470.2,170.0,90.3,CB3679,0,0,0,0,1,0
8089,27161,0,unnamed,0,not-CX,254.4,75.5,251.7,LHPD2a2,0,0,0,0,0,0
8090,20039,0,unnamed,0,not-CX,466.9,316.0,157.2,AMMC026,0,0,0,0,1,0
8091,26720,0,unnamed,0,not-CX,0.0,0.0,0.0,CRE024,1,0,1,0,0,1
8092,11702,0,unnamed,0,not-CX,336.3,161.4,285.2,AMMC012,0,0,0,0,0,0
8093,145879,11,CX,2,columnar,341.6,151.6,292.4,vDeltaE,0,0,0,0,0,0
8094,800855,0,unnamed,0,not-CX,441.7,427.0,1041.6,IN01A045,0,0,0,0,1,0
8095,804388,0,unnamed,0,not-CX,416.9,345.2,911.5,ANXXX214,0,0,0,0,1,0
8096,21798,0,unnamed,0,not-CX,311.9,279.5,120.2,v2LN33,0,0,0,0,0,0
8097,11455,5,MBON,0,not-CX,466.6,109.1,124.7,MBON32,1,0,1,1,1,0
8098,802528,0,unnamed,0,not-CX,441.4,425.1,1037.2,INXXX297,0,0,0,0,1,0
8099,523640,0,unnamed,0,not-CX,441.7,192.5,299.6,AMMC013,0,0,0,0,1,0
8100,137990,0,unnamed,0,not-CX,407.4,76.6,245.8,FC2B,0,0,0,0,1,0
8101,112888,0,unnamed,0,not-CX,442.6,127.9,296.9,FC2C,0,0,0,0,1,0
8102,76958,0,unnamed,0,not-CX,0.0,0.0,0.0,HRN_VP1d,0,0,0,0,0,1
8103,803055,0,unnamed,0,not-CX,347.9,357.3,1008.8,IN01A043,0,0,0,0,0,0
8104,529549,0,unnamed,0,not-CX,529.7,91.3,261.2,SMP178,1,0,1,0,1,0
8105,521336,0,unnamed,0,not-CX,329.6,228.9,310.3,CRE108,1,0,1,1,0,0
8106,508595,5,MBON,0,not-CX,304.9,131.4,104.5,MBON35,1,0,1,1,0,0
8107,800502,0,unnamed,0,not-CX,470.5,370.8,1003.7,INXXX247,0,0,0,0,1,0
8108,14925,0,unnamed,0,not-CX,448.1,230.6,83.9,WED182,1,0,1,0,1,0
8109,53837,0,unnamed,0,not-CX,421.8,90.3,251.5,FC3_a,0,0,0,0,1,0
8110,518020,0,unnamed,0,not-CX,0.0,0.0,0.0,TRN_VP1m,0,0,0,0,0,1
8111,15795,0,unnamed,0,not-CX,586.3,78.2,214.4,LHAD1h1,0,0,0,0,1,0
8112,515803,0,unnamed,0,not-CX,473.4,262.8,97.7,ALON3,0,0,0,0,1,0
8113,251420,0,unnamed,0,not-CX,0.0,0.0,0.0,TRN_VP1m,0,0,0,0,0,1
8114,515070,0,unnamed,0,not-CX,0.0,0.0,0.0,HRN_VP1d,0,0,0,0,0,1
8115,140794,0,unnamed,0,not-CX,325.6,124.3,301.2,FC2C,0,0,0,0,0,0
8116,804328,0,unnamed,0,not-CX,369.4,326.5,952.5,ANXXX214,0,0,0,0,0,0
8117,803405,0,unnamed,0,not-CX,411.6,341.3,911.5,INXXX206,0,0,0,0,1,0
8118,41941,0,unnamed,0,not-CX,402.9,94.0,254.4,FC2C,0,0,0,0,1,0
8119,29560,2,antennal,0,not-CX,272.6,293.3,150.2,M_lvPNm26,1,0,1,0,0,0
8120,803613,0,unnamed,0,not-CX,395.1,337.5,905.2,INXXX206,0,0,0,0,1,0
8121,49794,0,unnamed,0,not-CX,194.9,129.4,271.1,CB4114,0,0,0,0,0,0
8122,54907,11,CX,2,columnar,357.3,99.5,249.6,vDeltaE,0,0,0,0,0,0
8123,13072,0,unnamed,0,not-CX,381.6,169.6,114.9,WED080,1,0,1,1,0,0
8124,521292,0,unnamed,0,not-CX,326.3,120.4,102.3,SMP145,1,0,1,1,0,0
8125,21338,0,unnamed,0,not-CX,173.7,173.8,201.0,CB4119,0,0,0,0,0,0
8126,13066,0,unnamed,0,not-CX,266.6,84.2,257.0,SMP179,1,0,1,1,0,0
8127,79554,0,unnamed,0,not-CX,0.0,0.0,0.0,HRN_VP1d,0,0,0,0,0,1
8128,802613,0,unnamed,0,not-CX,419.3,347.5,859.8,IN19A026,0,0,0,0,1,0
8129,11805,5,MBON,0,not-CX,276.1,165.3,105.3,MBON31,1,0,1,1,0,0
8130,37902,0,unnamed,0,not-CX,207.9,98.1,204.7,CB3212,0,0,0,0,0,0
8131,801150,0,unnamed,0,not-CX,471.0,372.4,982.1,INXXX232,0,0,0,0,1,0
8132,10469,6,descending,0,not-CX,403.5,259.1,126.2,DNbe001,0,0,0,0,1,0
8133,525454,6,descending,0,not-CX,372.7,374.4,192.0,DNg74_b,0,0,0,0,0,0
8134,20324,2,antennal,0,not-CX,512.3,268.3,144.8,M_lvPNm26,1,0,1,0,1,0
8135,31733,0,unnamed,0,not-CX,201.9,148.4,168.6,CB2687,0,0,0,0,0,0
8136,64270,0,unnamed,0,not-CX,440.0,133.9,302.0,FC2C,0,0,0,0,1,0
8137,141939,11,CX,2,columnar,429.8,134.1,280.6,vDeltaE,0,0,0,0,1,0
8138,15063,6,descending,0,not-CX,400.4,344.7,297.6,DNg50,0,0,0,0,1,0
8139,801346,0,unnamed,0,not-CX,376.2,373.4,1057.1,INXXX328,0,0,0,0,0,0
8140,21692,0,unnamed,0,not-CX,335.9,129.1,274.8,SIP087,1,0,1,1,0,0
8141,72133,11,CX,2,columnar,428.8,149.4,275.8,vDeltaF,0,0,0,0,1,0
8142,56072,0,unnamed,0,not-CX,176.6,114.2,207.0,CB1432,0,0,0,0,0,0
8143,534561,0,unnamed,0,not-CX,398.5,90.9,250.5,FC1B,0,0,0,0,1,0
8144,24572,0,unnamed,0,not-CX,463.6,316.9,160.0,AMMC026,0,0,0,0,1,0
8145,40740,0,unnamed,0,not-CX,208.7,94.1,202.7,LHAD1b2,0,0,0,0,0,0
8146,146404,11,CX,2,columnar,396.7,108.9,245.9,vDeltaF,0,0,0,0,1,0
8147,903422,0,unnamed,0,not-CX,457.9,404.2,1019.5,IN01A043,0,0,0,0,1,0
8148,79146,11,CX,2,columnar,426.7,142.1,278.2,vDeltaE,0,0,0,0,1,0
8149,513703,0,unnamed,0,not-CX,420.7,140.2,290.9,FC3_a,0,0,0,0,1,0
8150,805576,0,unnamed,0,not-CX,400.6,321.2,1025.3,IN19B068,0,0,0,0,1,0
8151,59035,0,unnamed,0,not-CX,298.5,50.3,240.4,LHCENT12_b,0,0,0,0,0,0
8152,10057,0,unnamed,0,not-CX,341.1,176.5,117.0,mALD1,1,0,1,1,0,0
8153,803505,0,unnamed,0,not-CX,463.7,389.0,1011.4,INXXX281,0,0,0,0,1,0
8154,908178,0,unnamed,0,not-CX,447.8,352.1,988.8,IN19B068,0,0,0,0,1,0
8155,10363,0,unnamed,0,not-CX,264.3,77.0,257.5,SIP029,1,0,1,1,0,0
8156,101552,11,CX,2,columnar,440.1,187.8,298.9,vDeltaF,0,0,0,0,1,0
8157,22530,0,unnamed,0,not-CX,371.6,55.8,143.7,SMP115,1,0,1,1,0,0
8158,519720,11,CX,4,other CX,465.7,251.0,302.3,LAL184,0,0,0,0,1,0
8159,32321,0,unnamed,0,not-CX,602.2,118.9,190.3,CB3051,0,0,0,0,1,0
8160,803120,0,unnamed,0,not-CX,438.6,353.4,1025.8,INXXX287,0,0,0,0,1,0
8161,515015,5,MBON,0,not-CX,270.3,164.3,134.6,MBON30,1,0,1,1,0,0
8162,44026,0,unnamed,0,not-CX,285.5,64.7,251.2,CB1945,0,0,0,0,0,0
8163,43785,0,unnamed,0,not-CX,169.2,111.1,205.8,CB1432,0,0,0,0,0,0
8164,17614,0,unnamed,0,not-CX,559.0,105.3,174.3,CB0396,0,0,0,0,1,0
8165,60370,11,CX,2,columnar,384.2,93.5,220.6,vDeltaE,0,0,0,0,0,0
8166,809580,0,unnamed,0,not-CX,358.1,388.9,1026.0,INXXX275,0,0,0,0,0,0
8167,43753,0,unnamed,0,not-CX,184.9,131.2,263.0,CB1503,0,0,0,0,0,0
8168,109752,0,unnamed,0,not-CX,388.8,83.3,209.9,FC2C,0,0,0,0,1,0
8169,16526,0,unnamed,0,not-CX,178.4,113.8,194.0,LHAD1h1,0,0,0,0,0,0
8170,14285,11,CX,4,other CX,511.7,263.0,253.5,PLP247,0,0,0,0,1,0
8171,11369,6,descending,0,not-CX,387.9,79.2,200.4,DNc01,0,0,0,0,1,0
8172,30310,0,unnamed,0,not-CX,354.9,83.1,240.1,PEN_b(PEN2),0,0,0,0,0,0
8173,21568,0,unnamed,0,not-CX,197.4,130.0,216.6,AVLP080,1,0,1,0,0,0
8174,10048,6,descending,0,not-CX,457.8,150.0,286.6,DNp18,0,0,0,0,1,0
8175,804451,0,unnamed,0,not-CX,433.3,350.3,1013.2,IN19B068,0,0,0,0,1,0
8176,801896,0,unnamed,0,not-CX,387.6,342.5,1056.6,INXXX188,0,0,0,0,1,0
8177,11785,5,MBON,0,not-CX,444.6,155.8,88.8,MBON33,1,0,1,1,1,0
8178,36844,0,unnamed,0,not-CX,295.8,289.5,124.6,CB3417,0,0,0,0,0,0
8179,56830,11,CX,2,columnar,340.1,144.8,292.3,vDeltaF,0,0,0,0,0,0
8180,908084,0,unnamed,0,not-CX,0.0,0.0,0.0,IN01A045,0,0,0,0,0,1
8181,79204,0,unnamed,0,not-CX,397.6,93.4,252.9,FC2C,0,0,0,0,1,0
8182,1053964972,0,unnamed,0,not-CX,414.3,476.2,889.2,IN10B010,0,0,0,0,1,0
8183,12003,0,unnamed,0,not-CX,183.1,173.8,192.0,LHCENT10,1,0,1,0,0,0
8184,436612,0,unnamed,0,not-CX,0.0,0.0,0.0,TRN_VP3a,0,0,0,0,0,1
8185,115674,0,unnamed,0,not-CX,345.5,82.3,239.0,FC2C,0,0,0,0,0,0
8186,536207,0,unnamed,0,not-CX,484.4,390.0,660.0,AN19B019,0,0,0,0,1,0
8187,14959,0,unnamed,0,not-CX,197.0,126.6,279.5,SMP183,1,0,1,0,0,0
8188,806258,0,unnamed,0,not-CX,350.2,383.2,1023.3,IN06A098,0,0,0,0,0,0
8189,905534,0,unnamed,0,not-CX,348.0,341.9,979.8,INXXX281,0,0,0,0,0,0
8190,804739,0,unnamed,0,not-CX,356.2,344.6,956.6,IN06A109,0,0,0,0,0,0
8191,802744,0,unnamed,0,not-CX,359.5,348.0,944.5,INXXX159,0,0,0,0,0,0
8192,49910,0,unnamed,0,not-CX,180.8,135.4,200.4,CB2764,0,0,0,0,0,0
8193,17757,0,unnamed,0,not-CX,333.3,365.6,650.9,AN19B001,0,0,0,0,0,0
8194,526634,0,unnamed,0,not-CX,532.1,63.6,242.4,LHPD2a2,0,0,0,0,1,0
8195,543465,11,CX,2,columnar,428.2,145.5,279.3,vDeltaD,0,0,0,0,1,0
8196,41869,0,unnamed,0,not-CX,302.7,286.9,120.1,v2LN42,0,0,0,0,0,0
8197,802860,0,unnamed,0,not-CX,389.6,347.4,867.2,IN19A026,0,0,0,0,1,0
8198,77967,0,unnamed,0,not-CX,507.2,57.8,249.9,CB1945,0,0,0,0,1,0
8199,917516,0,unnamed,0,not-CX,0.0,0.0,0.0,HRN_VP1d,0,0,0,0,0,1
8200,13371,11,CX,4,other CX,313.5,249.2,309.6,LAL184,0,0,0,0,0,0
8201,112530,11,CX,2,columnar,413.7,100.2,268.6,vDeltaE,0,0,0,0,1,0
8202,121794,11,CX,2,columnar,396.1,112.6,248.1,vDeltaE,0,0,0,0,1,0
8203,11042,0,unnamed,0,not-CX,581.5,163.6,183.1,LHCENT10,1,0,1,0,1,0
8204,26417,0,unnamed,0,not-CX,437.5,126.2,302.3,PEN_b(PEN2),0,0,0,0,1,0
8205,513222,0,unnamed,0,not-CX,517.3,307.7,201.7,SAD110,0,0,0,0,1,0
8206,801489,0,unnamed,0,not-CX,452.0,391.9,1003.5,IN01A043,0,0,0,0,1,0
8207,55527,0,unnamed,0,not-CX,331.2,92.9,276.0,PEN_b(PEN2),0,0,0,0,0,0
8208,546044,0,unnamed,0,not-CX,323.5,136.6,295.7,FC2C,0,0,0,0,0,0
8209,10457,0,unnamed,0,not-CX,478.2,186.2,133.6,mALD1,1,0,1,1,1,0
8210,906669,0,unnamed,0,not-CX,359.9,393.8,1042.3,INXXX320,0,0,0,0,0,0
8211,36245,0,unnamed,0,not-CX,439.0,125.1,94.8,SMP145,1,0,1,1,1,0
8212,10368,0,unnamed,0,not-CX,384.6,54.2,146.3,CRE004,1,0,1,1,0,0
8213,119819,0,unnamed,0,not-CX,435.3,133.2,303.9,FC2C,0,0,0,0,1,0
8214,531073,0,unnamed,0,not-CX,391.5,88.9,219.1,FC2C,0,0,0,0,1,0
8215,29142,0,unnamed,0,not-CX,492.2,304.0,282.2,AMMC008,0,0,0,0,1,0
8216,155668,11,CX,2,columnar,424.3,91.6,260.2,vDeltaD,0,0,0,0,1,0
8217,517164,0,unnamed,0,not-CX,602.2,105.8,189.6,CB2831,0,0,0,0,1,0
8218,62648,0,unnamed,0,not-CX,463.9,54.0,243.3,LHCENT12_b,0,0,0,0,1,0
8219,514125,0,unnamed,0,not-CX,416.8,64.3,243.7,PEN_b(PEN2),0,0,0,0,1,0
8220,15669,0,unnamed,0,not-CX,412.8,102.6,261.1,SMP504,1,0,1,1,1,0
8221,10085,0,unnamed,0,not-CX,519.2,199.0,301.1,Am1,0,0,0,0,1,0
8222,906236,0,unnamed,0,not-CX,348.6,346.3,996.4,IN01A043,0,0,0,0,0,0
8223,11409,0,unnamed,0,not-CX,511.5,240.5,120.4,VP4+VL1_l2PN,1,0,1,0,1,0
8224,12803,0,unnamed,0,not-CX,418.5,359.7,284.0,CB0432,0,0,0,0,1,0
8225,519296,0,unnamed,0,not-CX,368.5,94.4,225.3,AVLP477,1,0,1,1,0,0
8226,12298,11,CX,4,other CX,477.7,155.8,296.4,LAL142,0,0,0,0,1,0
8227,122167,0,unnamed,0,not-CX,367.2,103.3,248.4,FC2C,0,0,0,0,0,0
8228,57603,0,unnamed,0,not-CX,422.0,152.9,297.0,FC2C,0,0,0,0,1,0
8229,804510,0,unnamed,0,not-CX,428.2,433.1,1039.6,INXXX275,0,0,0,0,1,0
8230,34761,0,unnamed,0,not-CX,169.6,110.1,213.4,CB2831,0,0,0,0,0,0
8231,19044,0,unnamed,0,not-CX,215.9,80.2,254.3,SLP376,1,0,1,0,0,0
8232,173725,11,CX,2,columnar,341.8,110.1,265.4,vDeltaF,0,0,0,0,0,0
8233,801265,0,unnamed,0,not-CX,447.7,396.5,1002.8,INXXX217,0,0,0,0,1,0
8234,93284,11,CX,2,columnar,409.6,97.1,256.6,vDeltaD,0,0,0,0,1,0
8235,16309,0,unnamed,0,not-CX,480.5,50.7,244.5,SMP238,1,0,1,1,1,0
8236,66750,0,unnamed,0,not-CX,347.6,77.1,234.2,FC2C,0,0,0,0,0,0
8237,58565,0,unnamed,0,not-CX,426.0,142.0,284.0,FC1B,0,0,0,0,1,0
8238,23619,0,unnamed,0,not-CX,361.4,132.0,285.3,PEN_b(PEN2),0,0,0,0,0,0
8239,75781,11,CX,2,columnar,338.2,141.5,293.5,vDeltaD,0,0,0,0,0,0
8240,801686,0,unnamed,0,not-CX,430.3,431.5,1042.6,IN16B049,0,0,0,0,1,0
8241,48491,0,unnamed,0,not-CX,364.0,104.7,247.4,FR1,0,0,0,0,0,0
8242,529992,0,unnamed,0,not-CX,348.6,160.1,292.3,FC2C,0,0,0,0,0,0
8243,29156,0,unnamed,0,not-CX,583.1,87.6,217.7,CB1432,0,0,0,0,1,0
8244,805920,0,unnamed,0,not-CX,458.6,362.1,1009.2,INXXX315,0,0,0,0,1,0
8245,521222,0,unnamed,0,not-CX,339.3,380.2,201.3,GNG021,0,0,0,0,0,0
8246,803239,0,unnamed,0,not-CX,455.2,378.0,975.1,INXXX198,0,0,0,0,1,0
8247,814468,0,unnamed,0,not-CX,475.1,373.1,965.7,INXXX245,0,0,0,0,1,0
8248,514036,0,unnamed,0,not-CX,403.0,56.4,148.4,CRE024,1,0,1,1,1,0
8249,68579,0,unnamed,0,not-CX,352.3,82.9,234.4,FC2C,0,0,0,0,0,0
8250,805560,0,unnamed,0,not-CX,472.7,373.1,986.2,INXXX276,0,0,0,0,1,0
8251,36227,0,unnamed,0,not-CX,424.9,95.3,258.9,FC1A,0,0,0,0,1,0
8252,800295,0,unnamed,0,not-CX,346.8,381.8,1026.8,INXXX297,0,0,0,0,0,0
8253,803363,0,unnamed,0,not-CX,349.3,349.3,1001.4,INXXX281,0,0,0,0,0,0
8254,529266,0,unnamed,0,not-CX,398.0,109.1,272.3,FC2C,0,0,0,0,1,0
8255,68502,0,unnamed,0,not-CX,400.5,99.1,248.0,FC2C,0,0,0,0,1,0
8256,64416,11,CX,2,columnar,335.2,144.3,294.5,vDeltaE,0,0,0,0,0,0
8257,802959,0,unnamed,0,not-CX,393.9,345.1,858.8,IN19A036,0,0,0,0,1,0
8258,579253,0,unnamed,0,not-CX,292.2,290.4,116.4,v2LN42,0,0,0,0,0,0
8259,10604,0,unnamed,0,not-CX,560.8,131.6,167.5,CL063,1,0,1,0,1,0
8260,10371,0,unnamed,0,not-CX,454.0,313.5,145.2,WED203,0,0,0,0,1,0
8261,41889,0,unnamed,0,not-CX,595.8,101.1,196.7,CB2831,0,0,0,0,1,0
8262,527048,0,unnamed,0,not-CX,441.7,131.2,298.1,FR1,0,0,0,0,1,0
8263,59806,0,unnamed,0,not-CX,427.9,90.1,260.4,FC3_c,0,0,0,0,1,0
8264,53108,0,unnamed,0,not-CX,181.2,106.1,198.9,LHAD1b2,0,0,0,0,0,0
8265,62314,0,unnamed,0,not-CX,173.6,124.8,216.2,CB2678,0,0,0,0,0,0
8266,907580,0,unnamed,0,not-CX,421.9,428.8,1055.1,IN16B049,0,0,0,0,1,0
8267,46764,11,CX,4,other CX,357.2,100.5,238.8,EL,0,0,0,0,0,0
8268,37596,2,antennal,0,not-CX,277.0,265.7,159.5,M_lvPNm43,0,0,0,0,0,0
8269,38916,0,unnamed,0,not-CX,173.7,113.0,205.0,CB1432,0,0,0,0,0,0
8270,81910,11,CX,2,columnar,387.6,92.5,222.5,vDeltaE,0,0,0,0,1,0
8271,127422,11,CX,2,columnar,346.8,96.6,252.2,vDeltaF,0,0,0,0,0,0
8272,521687,0,unnamed,0,not-CX,414.3,108.4,243.8,AVLP477,1,0,1,1,1,0
8273,525777,0,unnamed,0,not-CX,279.1,165.3,134.3,SMP165,1,0,1,1,0,0
8274,803763,0,unnamed,0,not-CX,432.1,363.4,1066.8,INXXX188,0,0,0,0,1,0
8275,512786,0,unnamed,0,not-CX,485.4,86.0,150.1,SLP470,1,0,1,1,1,0
8276,17258,0,unnamed,0,not-CX,563.6,65.5,215.3,LHPD2d1,1,0,1,0,1,0
8277,804797,0,unnamed,0,not-CX,354.4,347.8,953.9,INXXX363,0,0,0,0,0,0
8278,15547,0,unnamed,0,not-CX,0.0,0.0,0.0,TRN_VP1m,0,0,0,0,0,1
8279,521698,11,CX,4,other CX,342.0,171.4,290.8,LAL156_a,0,0,0,0,0,0
8280,31499,0,unnamed,0,not-CX,425.3,143.0,295.2,FC3_c,0,0,0,0,1,0
8281,58244,11,CX,2,columnar,384.9,79.1,212.7,vDeltaF,0,0,0,0,0,0
8282,905068,0,unnamed,0,not-CX,408.0,353.0,847.4,IN19A036,0,0,0,0,1,0
8283,85527,0,unnamed,0,not-CX,382.6,78.6,221.2,FR1,0,0,0,0,0,0
8284,511818,0,unnamed,0,not-CX,488.8,278.9,123.4,ALON3,0,0,0,0,1,0
8285,512156,0,unnamed,0,not-CX,380.6,56.9,134.5,SMP115,1,0,1,1,0,0
8286,12768,0,unnamed,0,not-CX,510.6,300.3,214.0,SAD110,0,0,0,0,1,0
8287,15952,0,unnamed,0,not-CX,500.6,139.7,129.6,SAD004,0,0,0,0,1,0
8288,423539,0,unnamed,0,not-CX,0.0,0.0,0.0,HRN_VP1d,0,0,0,0,0,1
8289,39674,0,unnamed,0,not-CX,197.5,99.8,202.3,LHAD1b2,0,0,0,0,0,0
8290,16124,0,unnamed,0,not-CX,296.1,287.4,117.6,v2LN33,0,0,0,0,0,0
8291,48583,0,unnamed,0,not-CX,364.6,87.6,250.2,FC3_a,0,0,0,0,0,0
8292,11226,0,unnamed,0,not-CX,587.1,162.6,192.4,LHCENT10,1,0,1,0,1,0
8293,10789,0,unnamed,0,not-CX,442.5,70.8,238.0,SMP549,1,0,1,1,1,0
8294,800439,0,unnamed,0,not-CX,423.1,436.4,1044.4,INXXX137,0,0,0,0,1,0
8295,519359,0,unnamed,0,not-CX,365.7,102.6,245.4,FC3_b,0,0,0,0,0,0
8296,65085,11,CX,2,columnar,387.7,88.8,218.1,vDeltaD,0,0,0,0,1,0
8297,800695,0,unnamed,0,not-CX,352.9,376.9,1014.1,IN01A045,0,0,0,0,0,0
8298,46888,0,unnamed,0,not-CX,197.0,141.6,221.2,CB2880,0,0,0,0,0,0
8299,51159,11,CX,4,other CX,368.3,111.7,246.2,EL,0,0,0,0,0,0
8300,16160,0,unnamed,0,not-CX,342.9,116.2,268.3,SMP504,1,0,1,1,0,0
8301,28144,0,unnamed,0,not-CX,189.7,190.2,203.9,CB1241,0,0,0,0,0,0
8302,11145,5,MBON,0,not-CX,456.8,262.8,119.7,MBON20,1,0,1,0,1,0
8303,26020,0,unnamed,0,not-CX,242.2,112.8,170.1,LHAD2e1,0,0,0,0,0,0
8304,535972,11,CX,2,columnar,428.7,139.7,282.2,vDeltaD,0,0,0,0,1,0
8305,110756,11,CX,2,columnar,344.4,154.1,292.5,vDeltaF,0,0,0,0,0,0
8306,16978,0,unnamed,0,not-CX,307.4,70.4,247.7,SLP279,0,0,0,0,0,0
8307,905105,0,unnamed,0,not-CX,458.0,380.4,971.7,INXXX159,0,0,0,0,1,0
8308,533588,0,unnamed,0,not-CX,596.1,141.3,190.1,SLP230,1,0,1,0,1,0
8309,140877,11,CX,2,columnar,433.7,90.1,266.5,vDeltaE,0,0,0,0,1,0
8310,38068,0,unnamed,0,not-CX,172.1,113.5,198.7,CB3732,0,0,0,0,0,0
8311,39485,0,unnamed,0,not-CX,583.9,79.0,210.2,CB3732,0,0,0,0,1,0
8312,806169,0,unnamed,0,not-CX,462.1,381.5,998.1,IN06A109,0,0,0,0,1,0
8313,522984,0,unnamed,0,not-CX,336.8,73.5,139.7,SMP056,1,0,1,1,0,0
8314,519866,0,unnamed,0,not-CX,425.1,83.9,118.5,SMP142,1,0,1,1,1,0
8315,38805,0,unnamed,0,not-CX,190.0,131.9,207.3,CB2861,0,0,0,0,0,0
8316,915497,0,unnamed,0,not-CX,0.0,0.0,0.0,HRN_VP1d,0,0,0,0,0,1
8317,800084,0,unnamed,0,not-CX,487.0,404.5,756.0,IN19B008,0,0,0,0,1,0
8318,518194,0,unnamed,0,not-CX,330.5,131.7,303.7,PEN_b(PEN2),0,0,0,0,0,0
8319,114223,0,unnamed,0,not-CX,478.4,278.1,119.3,v2LN34F,0,0,0,0,1,0
8320,61278,11,CX,2,columnar,343.0,99.4,262.7,vDeltaG,0,0,0,0,0,0
8321,11317,0,unnamed,0,not-CX,577.2,185.4,147.6,AVLP594,1,0,1,0,1,0
8322,513419,0,unnamed,0,not-CX,580.2,87.7,217.4,CB1432,0,0,0,0,1,0
8323,13576,0,unnamed,0,not-CX,289.9,148.8,285.4,AVLP563,1,0,1,1,0,0
8324,13689,0,unnamed,0,not-CX,462.5,321.5,158.9,AMMC026,0,0,0,0,1,0
8325,63612,11,CX,2,columnar,404.5,102.0,259.5,vDeltaE,0,0,0,0,1,0
8326,27452,0,unnamed,0,not-CX,594.9,155.4,195.6,CB0367,0,0,0,0,1,0
8327,10804,5,MBON,0,not-CX,304.0,293.4,140.3,MBON20,1,0,1,0,0,0
8328,163351,11,CX,2,columnar,426.0,147.7,280.9,vDeltaF,0,0,0,0,1,0
8329,16013,0,unnamed,0,not-CX,509.2,230.7,112.8,VP5+VP3_l2PN,1,0,1,0,1,0
8330,87815,0,unnamed,0,not-CX,395.2,106.7,264.4,FC3_c,0,0,0,0,1,0
8331,34802,0,unnamed,0,not-CX,385.6,76.5,217.7,FC1B,0,0,0,0,0,0
8332,806899,0,unnamed,0,not-CX,454.4,356.7,954.0,IN06B073,0,0,0,0,1,0
8333,1050687371,0,unnamed,0,not-CX,348.9,362.7,953.6,INXXX245,0,0,0,0,0,0
8334,36556,0,unnamed,0,not-CX,198.7,98.0,196.5,CB1308,0,0,0,0,0,0
8335,28791,0,unnamed,0,not-CX,351.0,86.4,259.5,PEN_b(PEN2),0,0,0,0,0,0
8336,11245,11,CX,4,other CX,432.5,169.1,290.6,LAL156_a,0,0,0,0,1,0
8337,128694,11,CX,2,columnar,341.2,98.6,269.3,vDeltaD,0,0,0,0,0,0
8338,32258,0,unnamed,0,not-CX,434.7,115.5,296.3,PEN_b(PEN2),0,0,0,0,1,0
8339,801879,0,unnamed,0,not-CX,449.7,417.5,1026.1,INXXX297,0,0,0,0,1,0
8340,25229,0,unnamed,0,not-CX,233.2,67.3,245.3,LHPD2a1,0,0,0,0,0,0
8341,13523,0,unnamed,0,not-CX,480.8,169.3,125.5,SMP165,0,0,0,0,1,0
8342,57934,11,CX,2,columnar,383.7,87.4,221.6,vDeltaF,0,0,0,0,0,0
8343,16167,0,unnamed,0,not-CX,512.6,227.2,115.3,M_l2PN10t19,0,0,0,0,1,0
8344,20715,11,CX,4,other CX,448.0,133.1,286.4,EL,0,0,0,0,1,0
8345,52427,0,unnamed,0,not-CX,403.3,102.6,250.3,FC1A,0,0,0,0,1,0
8346,14360,2,antennal,0,not-CX,385.5,158.6,111.6,M_smPNm1,1,0,1,1,0,0
8347,526801,0,unnamed,0,not-CX,494.8,66.3,252.6,LHCENT12_b,0,0,0,0,1,0
8348,10434,0,unnamed,0,not-CX,322.4,372.3,650.7,AN19B019,1,0,1,0,0,0
8349,522789,0,unnamed,0,not-CX,334.4,97.5,112.5,SMP142,1,0,1,1,0,0
8350,116303,11,CX,2,columnar,398.8,116.0,257.8,vDeltaE,0,0,0,0,1,0
8351,14981,0,unnamed,0,not-CX,527.3,69.6,250.8,SLP377,0,0,0,0,1,0
8352,12822,0,unnamed,0,not-CX,528.3,311.6,201.1,SAD114,0,0,0,0,1,0
8353,29135,0,unnamed,0,not-CX,333.2,96.8,276.4,PEN_b(PEN2),0,0,0,0,0,0
8354,11176,5,MBON,0,not-CX,352.9,99.6,231.5,MBON26,1,0,1,1,0,0
8355,519585,0,unnamed,0,not-CX,0.0,0.0,0.0,TRN_VP1m,0,0,0,0,0,1
8356,39875,11,CX,2,columnar,409.0,101.5,265.1,vDeltaC,0,0,0,0,1,0
8357,148830,0,unnamed,0,not-CX,349.4,101.3,247.1,FC2C,0,0,0,0,0,0
8358,15961,0,unnamed,0,not-CX,566.5,94.4,262.7,SMP183,1,0,1,0,1,0
8359,137949,11,CX,2,columnar,401.0,118.6,259.5,vDeltaD,0,0,0,0,1,0
8360,20564,0,unnamed,0,not-CX,187.0,191.9,183.0,WED045,1,0,1,0,0,0
8361,801670,0,unnamed,0,not-CX,356.8,334.6,969.8,INXXX217,0,0,0,0,0,0
8362,537128,0,unnamed,0,not-CX,390.8,116.1,246.0,FC2C,0,0,0,0,1,0
8363,802188,0,unnamed,0,not-CX,351.8,389.0,1037.0,INXXX297,0,0,0,0,0,0
8364,51537,0,unnamed,0,not-CX,584.0,112.7,206.2,CB2764,0,0,0,0,1,0
8365,228556,0,unnamed,0,not-CX,331.5,59.6,217.4,SLP391,1,0,1,1,0,0
8366,48248,0,unnamed,0,not-CX,387.5,79.3,215.0,FC1A,0,0,0,0,1,0
8367,800012,0,unnamed,0,not-CX,482.8,380.4,666.3,AN19B001,0,0,0,0,1,0
8368,34949,0,unnamed,0,not-CX,405.1,90.3,259.3,PEN_a(PEN1),0,0,0,0,1,0
8369,14722,0,unnamed,0,not-CX,248.6,220.0,123.9,M_l2PN10t19,0,0,0,0,0,0
8370,806283,0,unnamed,0,not-CX,442.7,419.5,1024.6,IN06A064,0,0,0,0,1,0
8371,558970,0,unnamed,0,not-CX,410.8,75.0,233.3,SMP376,1,0,1,1,1,0
8372,32862,0,unnamed,0,not-CX,196.5,150.9,171.4,CB0994,0,0,0,0,0,0
8373,17800,0,unnamed,0,not-CX,261.3,221.6,126.9,,1,0,1,0,0,0
8374,63635,11,CX,2,columnar,410.1,93.8,257.2,vDeltaG,0,0,0,0,1,0
8375,527357,0,unnamed,0,not-CX,470.4,260.2,101.3,CB3417,0,0,0,0,1,0
8376,36743,2,antennal,0,not-CX,268.1,301.2,170.6,M_lvPNm26,0,0,0,0,0,0
8377,804209,0,unnamed,0,not-CX,472.1,381.5,991.4,IN12A039,0,0,0,0,1,0
8378,132143,11,CX,2,columnar,368.2,103.2,256.7,vDeltaD,0,0,0,0,0,0
8379,12676,0,unnamed,0,not-CX,468.7,140.7,281.7,AVLP563,1,0,1,1,1,0
8380,806559,0,unnamed,0,not-CX,455.1,378.3,1027.1,INXXX332,0,0,0,0,1,0
8381,803033,0,unnamed,0,not-CX,352.4,382.0,1013.9,INXXX373,0,0,0,0,0,0
8382,46172,0,unnamed,0,not-CX,190.2,133.9,264.7,CB2733,0,0,0,0,0,0
8383,17113,11,CX,4,other CX,388.0,108.1,225.1,LAL129,0,0,0,0,1,0
8384,559217,0,unnamed,0,not-CX,593.0,104.4,263.7,CB4114,0,0,0,0,1,0
8385,52966,0,unnamed,0,not-CX,346.5,152.3,301.4,FC3_a,0,0,0,0,0,0
8386,803696,0,unnamed,0,not-CX,407.0,326.7,1025.7,INXXX228,0,0,0,0,1,0
8387,12726,5,MBON,0,not-CX,397.0,268.8,135.2,MBON13,0,0,0,0,1,0
8388,58834,11,CX,4,other CX,383.9,107.1,242.5,EL,0,0,0,0,0,0
8389,49092,0,unnamed,0,not-CX,179.3,131.3,209.5,CB1509,0,0,0,0,0,0
8390,562782,5,MBON,0,not-CX,272.3,84.7,264.7,MBON16,1,0,1,1,0,0
8391,118715,11,CX,2,columnar,368.6,107.2,255.0,vDeltaE,0,0,0,0,0,0
8392,56991,0,unnamed,0,not-CX,181.9,114.6,212.1,CB2480,0,0,0,0,0,0
8393,512746,0,unnamed,0,not-CX,300.9,54.5,239.4,SMP238,1,0,1,1,0,0
8394,70713,11,CX,2,columnar,362.9,100.8,254.6,vDeltaD,0,0,0,0,0,0
8395,514405,0,unnamed,0,not-CX,335.1,93.0,270.3,PEN_a(PEN1),0,0,0,0,0,0
8396,37190,11,CX,4,other CX,336.1,289.3,129.0,PLP257,0,0,0,0,0,0
8397,519131,5,MBON,0,not-CX,296.9,127.3,112.5,MBON32,1,0,1,1,0,0
8398,30807,0,unnamed,0,not-CX,410.1,71.0,246.8,PEN_b(PEN2),0,0,0,0,1,0
8399,28986,0,unnamed,0,not-CX,585.3,120.7,169.7,CB0994,0,0,0,0,1,0
8400,16785,0,unnamed,0,not-CX,325.8,55.1,219.4,SLP390,0,0,0,0,0,0
8401,14029,6,descending,0,not-CX,358.9,135.8,260.8,DNp65,0,0,0,0,0,0
8402,270968,0,unnamed,0,not-CX,428.8,140.4,293.4,FS2,0,0,0,0,1,0
8403,124562,0,unnamed,0,not-CX,422.8,90.9,256.5,FC2C,0,0,0,0,1,0
8404,943251,0,unnamed,0,not-CX,0.0,0.0,0.0,HRN_VP1d,0,0,0,0,0,1
8405,13860,11,CX,4,other CX,358.9,173.0,289.3,LAL154,0,0,0,0,0,0
8406,40966,0,unnamed,0,not-CX,186.3,144.7,210.0,CB2463,0,0,0,0,0,0
8407,17764,0,unnamed,0,not-CX,202.0,127.0,278.2,SMP186,1,0,1,0,0,0
8408,68086,2,antennal,0,not-CX,522.0,275.8,158.1,M_lvPNm25,0,0,0,0,1,0
8409,59429,11,CX,2,columnar,352.2,92.7,252.0,vDeltaG,0,0,0,0,0,0
8410,127510,11,CX,2,columnar,407.5,103.8,254.8,vDeltaD,0,0,0,0,1,0
8411,60670,0,unnamed,0,not-CX,346.5,177.5,306.3,FC2C,0,0,0,0,0,0
8412,20279,11,CX,4,other CX,384.9,54.7,192.1,PFL1,0,0,0,0,0,0
8413,19995,0,unnamed,0,not-CX,422.1,68.6,227.8,CRE102,1,0,1,1,1,0
8414,25792,0,unnamed,0,not-CX,351.4,71.2,236.3,PEN_a(PEN1),0,0,0,0,0,0
8415,37704,0,unnamed,0,not-CX,176.4,117.3,195.3,CB2038,0,0,0,0,0,0
8416,803893,0,unnamed,0,not-CX,451.4,399.4,1012.2,INXXX281,0,0,0,0,1,0
8417,12376,11,CX,4,other CX,286.2,88.2,259.9,PLP209,0,0,0,0,0,0
8418,805882,0,unnamed,0,not-CX,454.1,398.4,1008.2,IN06A066,0,0,0,0,1,0
8419,907499,0,unnamed,0,not-CX,427.7,404.8,979.2,INXXX402,0,0,0,0,1,0
8420,52304,11,CX,2,columnar,355.1,136.7,285.8,vDeltaF,0,0,0,0,0,0
8421,30703,0,unnamed,0,not-CX,191.1,154.1,176.3,CB3023,0,0,0,0,0,0
8422,63261,11,CX,2,columnar,427.6,86.1,261.2,vDeltaG,0,0,0,0,1,0
8423,84256,11,CX,2,columnar,344.4,99.5,259.1,vDeltaH,0,0,0,0,0,0
8424,13432,6,descending,0,not-CX,388.5,370.4,269.9,DNg66,0,0,0,0,1,0
8425,806648,0,unnamed,0,not-CX,437.4,419.6,1024.5,IN06A098,0,0,0,0,1,0
8426,114715,0,unnamed,0,not-CX,378.7,53.6,143.6,CRE004,1,0,1,1,0,0
8427,15535,0,unnamed,0,not-CX,355.4,125.2,269.0,SMP384,1,0,1,1,0,0
8428,165227,11,CX,2,columnar,428.2,84.0,258.7,vDeltaE,0,0,0,0,1,0
8429,37342,0,unnamed,0,not-CX,193.9,232.7,180.5,CB2133,0,0,0,0,0,0
8430,132482,0,unnamed,0,not-CX,426.1,145.5,297.4,FC2C,0,0,0,0,1,0
8431,511847,11,CX,2,columnar,368.7,91.4,253.8,vDeltaE,0,0,0,0,0,0
8432,17878,0,unnamed,0,not-CX,293.0,316.7,257.6,GNG321,0,0,0,0,0,0
8433,151777,11,CX,2,columnar,403.2,111.5,256.3,vDeltaF,0,0,0,0,1,0
8434,907942,0,unnamed,0,not-CX,351.5,382.0,1032.6,INXXX377,0,0,0,0,0,0
8435,142911,11,CX,2,columnar,348.5,98.2,245.8,vDeltaE,0,0,0,0,0,0
8436,514426,0,unnamed,0,not-CX,0.0,0.0,0.0,HRN_VP1l,0,0,0,0,0,1
8437,18437,0,unnamed,0,not-CX,413.9,63.0,236.6,FR1,0,0,0,0,1,0
8438,801730,0,unnamed,0,not-CX,468.0,376.6,995.2,INXXX217,0,0,0,0,1,0
8439,38670,0,unnamed,0,not-CX,602.1,99.9,186.0,CB1619,0,0,0,0,1,0
8440,50687,11,CX,2,columnar,336.4,142.4,297.1,vDeltaG,0,0,0,0,0,0
8441,803736,0,unnamed,0,not-CX,432.1,437.9,1047.0,IN07B061,0,0,0,0,1,0
8442,14982,0,unnamed,0,not-CX,389.9,128.6,95.6,SMP154,1,0,1,1,1,0
8443,800752,0,unnamed,0,not-CX,307.5,379.4,748.0,IN19B008,0,0,0,0,0,0
8444,75558,0,unnamed,0,not-CX,366.6,84.8,226.3,FC1A,0,0,0,0,0,0
8445,54845,0,unnamed,0,not-CX,580.5,128.5,190.7,SLP077,0,0,0,0,1,0
8446,805824,0,unnamed,0,not-CX,375.1,334.4,949.3,IN06B073,0,0,0,0,0,0
8447,19313,0,unnamed,0,not-CX,195.8,160.6,192.4,SLP077,0,0,0,0,0,0
8448,51750,0,unnamed,0,not-CX,195.5,148.6,218.1,CB1619,0,0,0,0,0,0
8449,517937,0,unnamed,0,not-CX,505.9,140.8,129.4,SAD004,0,0,0,0,1,0
8450,25184,0,unnamed,0,not-CX,414.8,70.3,249.5,PEN_b(PEN2),0,0,0,0,1,0
8451,45311,0,unnamed,0,not-CX,434.8,395.1,972.0,ANXXX084,0,0,0,0,1,0
8452,147541,11,CX,2,columnar,369.0,93.7,256.5,vDeltaD,0,0,0,0,0,0
8453,119544,0,unnamed,0,not-CX,423.2,73.6,244.8,FC2C,0,0,0,0,1,0
8454,902844,0,unnamed,0,not-CX,406.3,440.6,1055.2,INXXX197,0,0,0,0,1,0
8455,13560,2,antennal,0,not-CX,265.8,286.5,152.2,M_lvPNm25,0,0,0,0,0,0
8456,804178,0,unnamed,0,not-CX,356.9,364.2,988.3,INXXX364,0,0,0,0,0,0
8457,11969,0,unnamed,0,not-CX,187.5,110.3,224.9,SLP004,1,0,1,0,0,0
8458,47170,0,unnamed,0,not-CX,372.9,320.2,986.6,INXXX217,0,0,0,0,0,0
8459,46617,0,unnamed,0,not-CX,178.2,138.7,205.1,CB3051,0,0,0,0,0,0
8460,54911,0,unnamed,0,not-CX,440.7,113.6,288.8,FC1F,0,0,0,0,1,0
8461,32482,0,unnamed,0,not-CX,293.8,295.3,130.5,CB3417,0,0,0,0,0,0
8462,11836,0,unnamed,0,not-CX,576.2,185.9,217.1,SLP457,1,0,1,0,1,0
8463,72871,0,unnamed,0,not-CX,478.3,273.1,109.6,CB3417,0,0,0,0,1,0
8464,806372,0,unnamed,0,not-CX,455.6,371.2,1022.6,INXXX268,0,0,0,0,1,0
8465,929749,0,unnamed,0,not-CX,470.4,383.9,1000.3,INXXX373,0,0,0,0,1,0
8466,18874,0,unnamed,0,not-CX,262.1,67.3,248.0,LHPD2d1,1,0,1,1,0,0
8467,512662,0,unnamed,0,not-CX,487.6,126.8,118.4,CRE013,1,0,1,1,1,0
8468,803833,0,unnamed,0,not-CX,415.9,334.5,1030.6,INXXX228,0,0,0,0,1,0
8469,53456,0,unnamed,0,not-CX,173.1,110.8,200.3,CB2480,0,0,0,0,0,0
8470,61731,0,unnamed,0,not-CX,412.9,107.1,257.4,FC3_c,0,0,0,0,1,0
8471,130007,0,unnamed,0,not-CX,387.9,124.7,255.2,FC1B,0,0,0,0,1,0
8472,79979,0,unnamed,0,not-CX,295.7,43.8,211.2,LHPD5d1,1,0,1,1,0,0
8473,539787,0,unnamed,0,not-CX,562.2,84.0,187.3,LHAD1b2,0,0,0,0,1,0
8474,52027,0,unnamed,0,not-CX,351.8,159.7,290.3,FC3_a,0,0,0,0,0,0
8475,59086,0,unnamed,0,not-CX,202.6,136.4,267.4,CB2111,0,0,0,0,0,0
8476,807026,0,unnamed,0,not-CX,439.4,425.1,1054.2,INXXX377,0,0,0,0,1,0
8477,806113,0,unnamed,0,not-CX,457.9,397.1,1007.3,INXXX427,0,0,0,0,1,0
8478,10172,0,unnamed,0,not-CX,575.5,108.7,190.3,AVLP080,1,0,1,0,1,0
8479,52394,0,unnamed,0,not-CX,203.6,93.6,201.1,CB4209,0,0,0,0,0,0
8480,124469,11,CX,2,columnar,434.1,112.0,294.1,vDeltaH,0,0,0,0,1,0
8481,932684,0,unnamed,0,not-CX,356.1,374.4,992.4,ANXXX084,0,0,0,0,0,0
8482,14667,0,unnamed,0,not-CX,322.3,50.7,219.6,LHPD5d1,1,0,1,1,0,0
8483,94433,0,unnamed,0,not-CX,390.9,119.5,252.8,FR1,0,0,0,0,1,0
8484,514853,5,MBON,0,not-CX,371.5,270.3,138.6,MBON13,1,0,1,1,0,0
8485,905270,0,unnamed,0,not-CX,390.9,426.6,1007.1,IN06A050,0,0,0,0,1,0
8486,57587,0,unnamed,0,not-CX,350.6,89.5,237.2,FC3_a,0,0,0,0,0,0
8487,86000,11,CX,2,columnar,344.7,148.8,286.2,vDeltaC,0,0,0,0,0,0
8488,58730,0,unnamed,0,not-CX,327.3,141.0,303.2,FR1,0,0,0,0,0,0
8489,121377,11,CX,2,columnar,347.1,94.6,246.4,vDeltaF,0,0,0,0,0,0
8490,806103,0,unnamed,0,not-CX,379.1,428.2,1028.9,INXXX427,0,0,0,0,0,0
8491,10165,0,unnamed,0,not-CX,396.0,503.1,626.1,AN05B101,1,0,1,0,1,0
8492,934908,0,unnamed,0,not-CX,448.6,364.7,966.8,INXXX363,0,0,0,0,1,0
8493,27756,0,unnamed,0,not-CX,192.6,107.0,203.1,CB1308,0,0,0,0,0,0
8494,518519,0,unnamed,0,not-CX,366.0,91.0,240.9,FC1B,0,0,0,0,0,0
8495,909670,0,unnamed,0,not-CX,364.3,373.4,1044.6,INXXX377,0,0,0,0,0,0
8496,11604,0,unnamed,0,not-CX,378.3,340.2,1051.6,AN05B004,0,0,0,0,0,0
8497,12866,0,unnamed,0,not-CX,339.8,111.6,246.7,CRE076,1,0,1,1,0,0
8498,61398,0,unnamed,0,not-CX,423.9,138.0,292.2,FR1,0,0,0,0,1,0
8499,11038,0,unnamed,0,not-CX,489.0,315.2,247.9,GNG321,0,0,0,0,1,0
8500,12284,0,unnamed,0,not-CX,471.2,79.4,152.6,LHAD4a1,0,0,0,0,1,0
8501,147665,11,CX,2,columnar,365.9,109.9,256.2,vDeltaF,0,0,0,0,0,0
8502,154293,11,CX,2,columnar,383.5,76.8,210.1,vDeltaG,0,0,0,0,0,0
8503,141834,0,unnamed,0,not-CX,469.1,52.1,245.2,CB1945,0,0,0,0,1,0
8504,803941,0,unnamed,0,not-CX,359.1,390.2,1011.7,IN06B073,0,0,0,0,0,0
8505,53086,0,unnamed,0,not-CX,414.3,62.7,240.4,PEN_a(PEN1),0,0,0,0,1,0
8506,521194,0,unnamed,0,not-CX,356.5,52.3,164.6,SLP440,1,0,1,1,0,0
8507,13638,6,descending,0,not-CX,491.6,314.1,181.2,DNge002,0,0,0,0,1,0
8508,38351,0,unnamed,0,not-CX,190.6,156.1,172.2,CB2687,0,0,0,0,0,0
8509,87674,0,unnamed,0,not-CX,471.9,55.1,247.1,LHPD4d2_b,0,0,0,0,1,0
8510,131748,0,unnamed,0,not-CX,359.8,76.5,236.1,FR1,0,0,0,0,0,0
8511,804757,0,unnamed,0,not-CX,349.8,349.2,978.1,IN12A039,0,0,0,0,0,0
8512,515959,0,unnamed,0,not-CX,337.8,146.3,296.5,FC3_c,0,0,0,0,0,0
8513,80871,11,CX,2,columnar,359.8,101.7,253.0,vDeltaC,0,0,0,0,0,0
8514,13138,0,unnamed,0,not-CX,468.8,76.9,251.4,SLP279,1,0,1,1,1,0
8515,805156,0,unnamed,0,not-CX,402.3,324.2,1002.3,IN19B078,0,0,0,0,1,0
8516,519693,0,unnamed,0,not-CX,605.1,113.6,186.8,CB2678,0,0,0,0,1,0
8517,59434,11,CX,2,columnar,433.2,134.0,286.7,vDeltaG,0,0,0,0,1,0
8518,57935,0,unnamed,0,not-CX,418.0,149.7,285.2,FR1,0,0,0,0,1,0
8519,35798,0,unnamed,0,not-CX,589.3,106.7,203.4,CB2861,0,0,0,0,1,0
8520,92664,0,unnamed,0,not-CX,362.2,81.4,244.5,FC1A,0,0,0,0,0,0
8521,98544,0,unnamed,0,not-CX,340.8,88.3,239.2,FR1,0,0,0,0,0,0
8522,524977,0,unnamed,0,not-CX,403.6,81.5,248.1,FC2C,0,0,0,0,1,0
8523,18047,0,unnamed,0,not-CX,560.6,67.5,240.3,SLP376,1,0,1,0,1,0
8524,535098,0,unnamed,0,not-CX,432.8,157.7,280.5,FC1A,0,0,0,0,1,0
8525,20459,0,unnamed,0,not-CX,465.8,259.7,103.4,v2LN33,0,0,0,0,1,0
8526,65947,0,unnamed,0,not-CX,401.7,100.7,254.0,FC1F,0,0,0,0,1,0
8527,47796,0,unnamed,0,not-CX,352.3,167.6,297.6,FC1A,0,0,0,0,0,0
8528,54283,0,unnamed,0,not-CX,400.2,105.0,262.7,FC1A,0,0,0,0,1,0
8529,12357,11,CX,4,other CX,486.8,158.5,123.3,ER2_c,0,0,0,0,1,0
8530,550577,0,unnamed,0,not-CX,397.2,100.6,261.6,FC1F,0,0,0,0,1,0
8531,35018,0,unnamed,0,not-CX,424.5,150.3,290.0,FC1B,0,0,0,0,1,0
8532,46748,0,unnamed,0,not-CX,598.6,101.9,191.4,CB2831,0,0,0,0,1,0
8533,105406,11,CX,2,columnar,420.4,85.0,260.8,vDeltaI_a,0,0,0,0,1,0
8534,804355,0,unnamed,0,not-CX,403.3,409.3,984.8,IN02A030,0,0,0,0,1,0
8535,14552,11,CX,4,other CX,438.9,114.7,285.0,EL,0,0,0,0,1,0
8536,14174,0,unnamed,0,not-CX,425.3,108.3,265.6,SMP503,1,0,1,1,1,0
8537,48524,0,unnamed,0,not-CX,421.0,138.4,285.2,FC1A,0,0,0,0,1,0
8538,23376,0,unnamed,0,not-CX,263.7,61.8,250.9,aMe23,0,0,0,0,0,0
8539,25823,0,unnamed,0,not-CX,187.6,194.0,202.6,CB1241,0,0,0,0,0,0
8540,14461,11,CX,4,other CX,370.0,94.2,233.0,PLP130,0,0,0,0,0,0
8541,43681,11,CX,2,columnar,394.8,94.0,242.4,vDeltaG,0,0,0,0,1,0
8542,27296,0,unnamed,0,not-CX,334.4,86.7,269.0,PEN_a(PEN1),0,0,0,0,0,0
8543,805957,0,unnamed,0,not-CX,364.6,390.8,997.0,INXXX402,0,0,0,0,0,0
8544,35743,0,unnamed,0,not-CX,365.6,71.6,223.7,PEN_a(PEN1),0,0,0,0,0,0
8545,13151,11,CX,4,other CX,338.0,174.2,292.3,LAL156_b,0,0,0,0,0,0
8546,806286,0,unnamed,0,not-CX,407.0,426.2,982.8,IN06A050,0,0,0,0,1,0
8547,137084,11,CX,2,columnar,425.2,83.7,256.5,vDeltaG,0,0,0,0,1,0
8548,806949,0,unnamed,0,not-CX,349.0,354.1,1002.6,IN06A064,0,0,0,0,0,0
8549,46277,0,unnamed,0,not-CX,327.0,93.5,271.2,SMP376,1,0,1,1,0,0
8550,51032,0,unnamed,0,not-CX,201.7,134.2,270.3,CB2786,0,0,0,0,0,0
8551,55049,0,unnamed,0,not-CX,408.9,107.1,254.1,FC3_c,0,0,0,0,1,0
8552,17367,6,descending,0,not-CX,415.2,133.5,255.9,DNp65,0,0,0,0,1,0
8553,139657,11,CX,2,columnar,339.5,140.0,287.4,vDeltaG,0,0,0,0,0,0
8554,59425,0,unnamed,0,not-CX,386.5,146.3,288.9,IbSpsP,0,0,0,0,1,0
8555,43928,0,unnamed,0,not-CX,417.9,90.8,247.9,FC1F,0,0,0,0,1,0
8556,523715,11,CX,4,other CX,390.2,110.7,235.0,LAL129,0,0,0,0,1,0
8557,811904,0,unnamed,0,not-CX,348.2,362.7,997.1,IN06A066,0,0,0,0,0,0
8558,814965,0,unnamed,0,not-CX,436.0,427.8,1038.8,INXXX377,0,0,0,0,1,0
8559,68889,0,unnamed,0,not-CX,345.7,156.4,302.8,FR1,0,0,0,0,0,0
8560,45427,11,CX,4,other CX,345.5,163.2,298.5,EL,0,0,0,0,0,0
8561,524717,0,unnamed,0,not-CX,414.0,68.2,238.8,PEN_b(PEN2),0,0,0,0,1,0
8562,13686,0,unnamed,0,not-CX,344.1,56.6,209.7,SMP549,0,0,0,0,0,0
8563,520932,0,unnamed,0,not-CX,589.2,109.9,262.9,CB4114,0,0,0,0,1,0
8564,319274,0,unnamed,0,not-CX,592.3,117.9,165.5,CB0994,0,0,0,0,1,0
8565,19807,11,CX,4,other CX,482.2,161.8,123.6,ER2_c,0,0,0,0,1,0
8566,37142,0,unnamed,0,not-CX,419.5,71.8,243.3,PEN_a(PEN1),0,0,0,0,1,0
8567,580814,0,unnamed,0,not-CX,283.3,58.1,250.5,CB1945,0,0,0,0,0,0
8568,534560,0,unnamed,0,not-CX,360.1,88.4,238.7,FC1B,0,0,0,0,0,0
8569,517416,0,unnamed,0,not-CX,438.7,261.1,98.5,vLN26,0,0,0,0,1,0
8570,805324,0,unnamed,0,not-CX,451.2,398.8,1000.7,INXXX400,0,0,0,0,1,0
8571,23643,0,unnamed,0,not-CX,361.5,91.8,238.3,FC3_c,0,0,0,0,0,0
8572,22870,0,unnamed,0,not-CX,510.6,144.3,277.4,CRE105,1,0,1,1,1,0
8573,801892,0,unnamed,0,not-CX,383.4,329.6,945.3,INXXX192,0,0,0,0,0,0
8574,532010,0,unnamed,0,not-CX,358.1,124.0,265.0,SMP503,1,0,1,1,0,0
8575,24594,0,unnamed,0,not-CX,284.2,87.6,155.5,LHAD2e3,0,0,0,0,0,0
8576,127661,0,unnamed,0,not-CX,356.4,78.8,240.9,FC2C,0,0,0,0,0,0
8577,511778,11,CX,4,other CX,422.3,96.5,244.9,EL,0,0,0,0,1,0
8578,15970,0,unnamed,0,not-CX,254.7,226.7,123.5,,1,0,1,0,0,0
8579,46693,0,unnamed,0,not-CX,191.1,103.9,206.8,LHAD1b2,0,0,0,0,0,0
8580,59275,11,CX,2,columnar,425.9,137.9,282.4,vDeltaG,0,0,0,0,1,0
8581,69061,0,unnamed,0,not-CX,179.6,138.8,215.3,CB2678,0,0,0,0,0,0
8582,91269,11,CX,2,columnar,342.5,153.9,289.5,vDeltaD,0,0,0,0,0,0
8583,119833,11,CX,2,columnar,344.9,90.6,248.4,vDeltaG,0,0,0,0,0,0
8584,11933,11,CX,4,other CX,287.7,190.6,137.5,ER2_c,0,0,0,0,0,0
8585,18328,0,unnamed,0,not-CX,176.4,127.7,192.2,LH007m,0,0,0,0,0,0
8586,11237,0,unnamed,0,not-CX,180.4,226.5,165.3,AVLP594,1,0,1,0,0,0
8587,45286,0,unnamed,0,not-CX,172.9,128.2,202.5,CB2906,0,0,0,0,0,0
8588,807291,0,unnamed,0,not-CX,431.3,425.6,1032.5,IN06A098,0,0,0,0,1,0
8589,12363,0,unnamed,0,not-CX,235.0,290.8,202.2,AVLP315,0,0,0,0,0,0
8590,11745,11,CX,4,other CX,382.9,57.6,197.6,PFL1,0,0,0,0,0,0
8591,147957,11,CX,2,columnar,427.3,86.9,255.8,vDeltaF,0,0,0,0,1,0
8592,19425,11,CX,4,other CX,284.2,167.2,122.9,ER2_c,0,0,0,0,0,0
8593,26419,0,unnamed,0,not-CX,471.4,262.1,105.7,v2LN42,0,0,0,0,1,0
8594,23602,0,unnamed,0,not-CX,417.1,65.0,223.1,LHPD5f1,1,0,1,1,1,0
8595,30190,11,CX,2,columnar,397.3,100.5,248.7,vDeltaI_a,0,0,0,0,1,0
8596,50199,0,unnamed,0,not-CX,186.8,127.4,222.7,CB1619,0,0,0,0,0,0
8597,520083,0,unnamed,0,not-CX,416.9,78.7,121.5,SMP053,1,0,1,1,1,0
8598,806958,0,unnamed,0,not-CX,459.1,402.1,1015.2,IN06A109,0,0,0,0,1,0
8599,18508,11,CX,4,other CX,481.6,154.7,116.1,ER2_c,0,0,0,0,1,0
8600,524156,0,unnamed,0,not-CX,448.1,409.6,1010.9,ANXXX084,0,0,0,0,1,0
8601,55109,11,CX,2,columnar,395.0,100.0,246.1,vDeltaD,0,0,0,0,1,0
8602,14026,0,unnamed,0,not-CX,432.2,425.9,1044.9,AN05B004,0,0,0,0,1,0
8603,801794,0,unnamed,0,not-CX,413.3,508.0,711.2,IN13B012,0,0,0,0,1,0
8604,518604,0,unnamed,0,not-CX,390.9,89.8,215.7,FR1,0,0,0,0,1,0
8605,149469,11,CX,2,columnar,413.2,89.3,251.4,vDeltaG,0,0,0,0,1,0
8606,19124,0,unnamed,0,not-CX,491.9,471.1,670.1,AN03A002,0,0,0,0,1,0
8607,74480,0,unnamed,0,not-CX,389.8,99.0,223.7,FC2C,0,0,0,0,1,0
8608,11170,0,unnamed,0,not-CX,328.4,60.0,222.6,SLP388,1,0,1,1,0,0
8609,57309,0,unnamed,0,not-CX,369.8,96.2,249.9,FC1B,0,0,0,0,0,0
8610,802693,0,unnamed,0,not-CX,376.7,345.6,1053.2,IN16B049,0,0,0,0,0,0
8611,523036,11,CX,4,other CX,391.2,55.9,196.6,PFL1,0,0,0,0,1,0
8612,12881,0,unnamed,0,not-CX,296.6,290.5,293.6,CB0432,0,0,0,0,0,0
8613,544258,0,unnamed,0,not-CX,291.4,299.4,129.4,CB3417,0,0,0,0,0,0
8614,802973,0,unnamed,0,not-CX,444.8,417.2,1027.4,IN01A045,0,0,0,0,1,0
8615,44634,0,unnamed,0,not-CX,574.3,121.2,262.3,CB2786,0,0,0,0,1,0
8616,19569,11,CX,4,other CX,271.1,173.6,145.2,ER2_c,0,0,0,0,0,0
8617,71718,0,unnamed,0,not-CX,365.3,84.1,247.9,FC3_b,0,0,0,0,0,0
8618,29250,0,unnamed,0,not-CX,589.3,158.7,187.3,CB1241,0,0,0,0,1,0
8619,26527,11,CX,4,other CX,381.8,111.7,224.7,LAL131,0,0,0,0,0,0
8620,18733,11,CX,4,other CX,491.1,160.2,119.4,ER2_c,0,0,0,0,1,0
8621,15304,11,CX,4,other CX,431.5,165.7,295.7,LAL156_b,0,0,0,0,1,0
8622,804902,0,unnamed,0,not-CX,465.6,367.7,1002.0,IN19B068,0,0,0,0,1,0
8623,126426,0,unnamed,0,not-CX,328.9,222.8,308.0,P6-8P9,0,0,0,0,0,0
8624,50888,11,CX,4,other CX,477.6,166.1,121.9,ER2_c,0,0,0,0,1,0
8625,11997,0,unnamed,0,not-CX,578.1,83.3,214.4,SLP004,1,0,1,0,1,0
8626,24804,0,unnamed,0,not-CX,289.6,292.4,126.6,CB3417,0,0,0,0,0,0
8627,33605,0,unnamed,0,not-CX,185.0,131.4,213.4,LHCENT13_b,0,0,0,0,0,0
8628,533431,11,CX,4,other CX,515.3,61.7,244.8,PLP246,0,0,0,0,1,0
8629,12818,6,descending,0,not-CX,297.0,327.7,182.8,DNge002,0,0,0,0,0,0
8630,52649,0,unnamed,0,not-CX,344.8,151.3,294.8,FC3_a,0,0,0,0,0,0
8631,15158,0,unnamed,0,not-CX,251.9,168.4,136.2,SMP159,1,0,1,1,0,0
8632,939006,0,unnamed,0,not-CX,479.3,375.1,951.7,IN19A034,0,0,0,0,1,0
8633,58335,0,unnamed,0,not-CX,440.1,117.4,275.2,FC3_b,0,0,0,0,1,0
8634,60323,0,unnamed,0,not-CX,330.8,144.2,296.0,FC1A,0,0,0,0,0,0
8635,29244,2,antennal,0,not-CX,524.5,289.8,185.9,M_lvPNm33,0,0,0,0,1,0
8636,75669,11,CX,2,columnar,339.6,148.8,290.1,vDeltaD,0,0,0,0,0,0
8637,524398,0,unnamed,0,not-CX,484.4,60.3,252.7,aMe23,0,0,0,0,1,0
8638,13488,0,unnamed,0,not-CX,204.6,147.6,193.4,SLP066,1,0,1,0,0,0
8639,533435,0,unnamed,0,not-CX,385.5,72.9,219.7,FC3_c,0,0,0,0,0,0
8640,521309,0,unnamed,0,not-CX,407.0,57.5,216.7,SLP440,1,0,1,1,1,0
8641,66864,0,unnamed,0,not-CX,382.1,84.9,227.5,FS2,0,0,0,0,0,0
8642,25635,0,unnamed,0,not-CX,311.8,70.3,238.5,AVLP471,0,0,0,0,0,0
8643,23673,0,unnamed,0,not-CX,237.4,74.4,258.7,LHPD2c1,0,0,0,0,0,0
8644,141499,11,CX,2,columnar,348.3,102.2,254.8,vDeltaD,0,0,0,0,0,0
8645,803493,0,unnamed,0,not-CX,435.1,352.2,1036.3,INXXX309,0,0,0,0,1,0
8646,58146,11,CX,2,columnar,330.9,142.4,293.3,vDeltaH,0,0,0,0,0,0
8647,10162,6,descending,0,not-CX,451.2,156.7,276.1,DNp20,0,0,0,0,1,0
8648,515642,0,unnamed,0,not-CX,586.2,111.1,183.9,CB1927,0,0,0,0,1,0
8649,804485,0,unnamed,0,not-CX,438.4,350.3,951.8,INXXX376,0,0,0,0,1,0
8650,524655,0,unnamed,0,not-CX,325.5,127.9,292.7,FR1,0,0,0,0,0,0
8651,19036,0,unnamed,0,not-CX,352.3,71.8,221.4,LHPD5f1,1,0,1,1,0,0
8652,12144,0,unnamed,0,not-CX,261.2,323.7,219.4,GNG129,0,0,0,0,0,0
8653,53885,0,unnamed,0,not-CX,174.3,136.3,215.2,CB2678,0,0,0,0,0,0
8654,295280,0,unnamed,0,not-CX,289.2,69.2,252.8,LHPD4d2_b,0,0,0,0,0,0
8655,803880,0,unnamed,0,not-CX,382.7,343.9,1061.6,IN16B049,0,0,0,0,0,0
8656,804907,0,unnamed,0,not-CX,427.4,424.2,1032.6,IN06B073,0,0,0,0,1,0
8657,15441,11,CX,4,other CX,421.1,166.0,287.8,LAL154,0,0,0,0,1,0
8658,909217,0,unnamed,0,not-CX,444.3,356.5,992.4,IN19B078,0,0,0,0,1,0
8659,12873,0,unnamed,0,not-CX,436.7,92.1,240.9,CRE076,1,0,1,1,1,0
8660,567110,0,unnamed,0,not-CX,479.2,311.1,278.5,AMMC011,0,0,0,0,1,0
8661,13460,0,unnamed,0,not-CX,291.8,316.9,167.6,GNG024,0,0,0,0,0,0
8662,49376,0,unnamed,0,not-CX,173.6,125.4,210.9,CB2906,0,0,0,0,0,0
8663,805574,0,unnamed,0,not-CX,353.0,389.2,1020.6,IN07B061,0,0,0,0,0,0
8664,522745,11,CX,4,other CX,483.5,153.0,120.6,ER2_c,0,0,0,0,1,0
8665,805281,0,unnamed,0,not-CX,392.6,432.8,1032.3,IN02A030,0,0,0,0,1,0
8666,13450,11,CX,4,other CX,521.0,213.5,128.0,LAL100,0,0,0,0,1,0
8667,14871,11,CX,4,other CX,355.5,170.4,292.6,EL,0,0,0,0,0,0
8668,26258,0,unnamed,0,not-CX,599.2,148.0,181.5,CB4119,0,0,0,0,1,0
8669,530880,0,unnamed,0,not-CX,389.3,121.5,248.8,FR1,0,0,0,0,1,0
8670,167155,11,CX,2,columnar,388.2,95.0,224.4,vDeltaD,0,0,0,0,1,0
8671,808879,0,unnamed,0,not-CX,363.2,394.7,1023.7,IN07B061,0,0,0,0,0,0
8672,20945,11,CX,4,other CX,282.6,187.1,130.6,ER2_c,0,0,0,0,0,0
8673,806362,0,unnamed,0,not-CX,444.8,409.3,1004.1,INXXX364,0,0,0,0,1,0
8674,67456,0,unnamed,0,not-CX,406.2,103.0,251.9,FC1B,0,0,0,0,1,0
8675,15125,0,unnamed,0,not-CX,517.8,206.5,114.5,,1,0,1,0,1,0
8676,46209,0,unnamed,0,not-CX,409.0,109.7,256.4,FC3_b,0,0,0,0,1,0
8677,136113,11,CX,2,columnar,365.9,94.0,254.6,vDeltaG,0,0,0,0,0,0
8678,16136,0,unnamed,0,not-CX,250.5,224.3,122.1,VP5+VP3_l2PN,1,0,1,0,0,0
8679,807866,0,unnamed,0,not-CX,347.8,361.2,1011.2,IN06A098,0,0,0,0,0,0
8680,122334,0,unnamed,0,not-CX,439.5,102.0,289.3,FC2C,0,0,0,0,1,0
8681,518719,0,unnamed,0,not-CX,564.7,129.3,174.9,SLP066,0,0,0,0,1,0
8682,804961,0,unnamed,0,not-CX,382.9,327.0,974.8,IN19B068,0,0,0,0,0,0
8683,533849,0,unnamed,0,not-CX,178.5,116.1,201.6,CB2480,0,0,0,0,0,0
8684,41812,0,unnamed,0,not-CX,201.3,100.1,208.2,CB4209,0,0,0,0,0,0
8685,45789,0,unnamed,0,not-CX,429.2,153.0,288.3,FC3_a,0,0,0,0,1,0
8686,18749,0,unnamed,0,not-CX,388.5,66.4,122.6,SMP116,1,0,1,1,1,0
8687,544358,0,unnamed,0,not-CX,365.4,93.3,244.2,FC1B,0,0,0,0,0,0
8688,15782,0,unnamed,0,not-CX,420.6,124.5,269.2,SMP384,1,0,1,1,1,0
8689,18875,0,unnamed,0,not-CX,495.0,89.2,150.4,LHAD2e1,0,0,0,0,1,0
8690,535316,0,unnamed,0,not-CX,563.4,87.2,187.0,LHAD1b2,0,0,0,0,1,0
8691,160024,11,CX,2,columnar,406.2,106.3,255.8,vDeltaE,0,0,0,0,1,0
8692,16349,11,CX,4,other CX,311.5,215.0,302.1,PLP232,0,0,0,0,0,0
8693,56353,0,unnamed,0,not-CX,210.4,137.7,269.8,CB2725,0,0,0,0,0,0
8694,800754,0,unnamed,0,not-CX,356.3,383.5,1036.0,INXXX223,0,0,0,0,0,0
8695,61296,11,CX,2,columnar,413.8,93.3,250.8,vDeltaG,0,0,0,0,1,0
8696,12134,6,descending,0,not-CX,289.7,141.7,278.9,DNp58,0,0,0,0,0,0
8697,25353,0,unnamed,0,not-CX,206.1,256.8,189.2,CB2045,0,0,0,0,0,0
8698,518520,0,unnamed,0,not-CX,425.1,95.7,252.9,FC1B,0,0,0,0,1,0
8699,39802,0,unnamed,0,not-CX,476.1,276.6,112.8,v2LN40_2,0,0,0,0,1,0
8700,904061,0,unnamed,0,not-CX,0.0,0.0,0.0,INXXX121,0,0,0,0,0,1
8701,801151,0,unnamed,0,not-CX,392.7,475.9,870.4,IN10B010,0,0,0,0,1,0
8702,11220,11,CX,4,other CX,249.9,63.2,250.8,PLP246,0,0,0,0,0,0
8703,529253,0,unnamed,0,not-CX,399.5,81.5,242.4,FC3_c,0,0,0,0,1,0
8704,12069,6,descending,0,not-CX,436.1,197.2,303.1,DNp15,0,0,0,0,1,0
8705,21790,0,unnamed,0,not-CX,236.8,160.9,280.6,MB-C1,0,0,0,0,0,0
8706,25161,0,unnamed,0,not-CX,519.0,59.7,245.2,LHPD2c1,1,0,1,0,1,0
8707,806096,0,unnamed,0,not-CX,416.4,335.9,951.8,IN19A099,0,0,0,0,1,0
8708,44193,0,unnamed,0,not-CX,194.3,151.7,176.4,CB1570,0,0,0,0,0,0
8709,11282,0,unnamed,0,not-CX,302.4,317.8,282.4,AMMC011,0,0,0,0,0,0
8710,13652,6,descending,0,not-CX,289.4,303.6,271.9,DNge038,0,0,0,0,0,0
8711,49038,0,unnamed,0,not-CX,190.7,94.1,205.2,LHAD1d1,1,0,1,0,0,0
8712,803130,0,unnamed,0,not-CX,365.9,349.6,952.1,INXXX198,0,0,0,0,0,0
8713,11215,6,descending,0,not-CX,338.0,220.1,307.6,DNp15,0,0,0,0,0,0
8714,525224,0,unnamed,0,not-CX,364.6,86.1,237.5,FC3_b,0,0,0,0,0,0
8715,513079,6,descending,0,not-CX,317.7,138.2,292.8,DNp44,0,0,0,0,0,0
8716,66246,11,CX,2,columnar,426.4,81.5,253.4,vDeltaH,0,0,0,0,1,0
8717,67006,0,unnamed,0,not-CX,423.8,141.7,289.7,FC1F,0,0,0,0,1,0
8718,529023,0,unnamed,0,not-CX,285.0,142.3,290.0,CL303,1,0,1,1,0,0
8719,21756,0,unnamed,0,not-CX,485.2,238.5,97.5,,1,0,1,0,1,0
8720,91537,0,unnamed,0,not-CX,416.0,80.2,242.7,FC2C,0,0,0,0,1,0
8721,452352,0,unnamed,0,not-CX,0.0,0.0,0.0,HRN_VP1d,0,0,0,0,0,1
8722,804538,0,unnamed,0,not-CX,462.0,402.5,1025.5,INXXX373,0,0,0,0,1,0
8723,188280,11,CX,2,columnar,427.4,94.4,261.2,vDeltaD,0,0,0,0,1,0
8724,60586,0,unnamed,0,not-CX,402.3,106.4,253.8,FC3_a,0,0,0,0,1,0
8725,542590,0,unnamed,0,not-CX,369.2,88.2,251.8,FC3_c,0,0,0,0,0,0
8726,19355,11,CX,4,other CX,277.3,173.0,130.5,ER2_c,0,0,0,0,0,0
8727,110323,0,unnamed,0,not-CX,333.6,144.7,298.0,FC1B,0,0,0,0,0,0
8728,39054,0,unnamed,0,not-CX,470.4,267.0,104.7,CB3417,0,0,0,0,1,0
8729,11923,0,unnamed,0,not-CX,563.0,140.2,158.0,AVLP209,1,0,1,0,1,0
8730,162733,0,unnamed,0,not-CX,426.0,160.0,289.9,FS2,0,0,0,0,1,0
8731,98457,11,CX,2,columnar,428.7,148.9,279.1,vDeltaC,0,0,0,0,1,0
8732,524304,0,unnamed,0,not-CX,580.6,83.3,190.2,CB1308,0,0,0,0,1,0
8733,555176,0,unnamed,0,not-CX,282.7,255.1,160.0,PS047_b,1,0,1,1,0,0
8734,21752,11,CX,4,other CX,489.5,175.8,132.8,ER2_c,0,0,0,0,1,0
8735,37951,0,unnamed,0,not-CX,169.8,122.4,199.1,CB3728,0,0,0,0,0,0
8736,40542,0,unnamed,0,not-CX,187.5,125.1,266.1,CB1503,0,0,0,0,0,0
8737,28730,0,unnamed,0,not-CX,199.1,238.6,182.1,,0,0,0,0,0,0
8738,58322,0,unnamed,0,not-CX,399.4,104.3,255.0,FS2,0,0,0,0,1,0
8739,62962,0,unnamed,0,not-CX,386.3,98.3,224.7,FC3_b,0,0,0,0,1,0
8740,523814,11,CX,4,other CX,395.5,115.7,237.4,LAL131,0,0,0,0,1,0
8741,515338,5,MBON,0,not-CX,326.3,80.6,135.2,MBON07,0,0,0,0,0,0
8742,12633,0,unnamed,0,not-CX,254.7,118.8,275.0,SMP184,1,0,1,1,0,0
8743,39201,0,unnamed,0,not-CX,269.9,209.3,112.9,CB3202,0,0,0,0,0,0
8744,132995,11,CX,2,columnar,383.3,91.4,217.9,vDeltaC,0,0,0,0,0,0
8745,802911,0,unnamed,0,not-CX,358.5,332.8,994.1,INXXX350,0,0,0,0,0,0
8746,19011,0,unnamed,0,not-CX,398.0,156.5,287.3,IbSpsP,0,0,0,0,1,0
8747,801016,0,unnamed,0,not-CX,457.5,389.6,1019.3,INXXX246,0,0,0,0,1,0
8748,18374,0,unnamed,0,not-CX,194.6,121.1,195.0,LHAD1k1,0,0,0,0,0,0
8749,141430,0,unnamed,0,not-CX,323.1,133.9,293.3,FC2C,0,0,0,0,0,0
8750,10299,0,unnamed,0,not-CX,306.6,314.5,176.2,AstA1,1,0,1,0,0,0
8751,20253,11,CX,4,other CX,283.0,164.4,116.8,ER2_a,0,0,0,0,0,0
8752,10705,6,descending,0,not-CX,384.6,70.6,191.7,DNc02,1,0,1,1,0,0
8753,82884,0,unnamed,0,not-CX,440.7,118.9,269.0,FC3_a,0,0,0,0,1,0
8754,145889,11,CX,2,columnar,437.2,130.6,289.8,vDeltaC,0,0,0,0,1,0
8755,17546,0,unnamed,0,not-CX,230.0,89.0,260.7,SLP377,0,0,0,0,0,0
8756,21556,0,unnamed,0,not-CX,430.1,96.7,240.1,SIP065,1,0,1,1,1,0
8757,15118,0,unnamed,0,not-CX,200.7,122.2,198.1,AVLP015,1,0,1,0,0,0
8758,62143,0,unnamed,0,not-CX,189.5,130.9,268.8,CB1503,0,0,0,0,0,0
8759,803118,0,unnamed,0,not-CX,422.7,431.9,1042.7,INXXX329,0,0,0,0,1,0
8760,19269,11,CX,4,other CX,358.0,67.1,226.5,PFL1,0,0,0,0,0,0
8761,15054,0,unnamed,0,not-CX,592.4,116.6,187.1,LHCENT13_b,0,0,0,0,1,0
8762,543774,0,unnamed,0,not-CX,301.5,299.1,122.2,v2LN41,0,0,0,0,0,0
8763,32393,0,unnamed,0,not-CX,405.7,151.6,281.2,IbSpsP,0,0,0,0,1,0
8764,19498,0,unnamed,0,not-CX,471.0,44.3,236.3,LHPD5d1,1,0,1,1,1,0
8765,114009,0,unnamed,0,not-CX,366.6,86.1,234.3,FC1B,0,0,0,0,0,0
8766,22084,11,CX,4,other CX,428.0,144.9,289.6,EL,0,0,0,0,1,0
8767,18625,11,CX,4,other CX,371.8,69.3,214.9,PFL1,0,0,0,0,0,0
8768,14279,0,unnamed,0,not-CX,577.8,215.1,161.6,SLP455,1,0,1,0,1,0
8769,29232,0,unnamed,0,not-CX,192.5,135.0,222.0,CB1275,0,0,0,0,0,0
8770,42904,0,unnamed,0,not-CX,181.3,128.5,263.0,CB2733,0,0,0,0,0,0
8771,20883,11,CX,4,other CX,289.5,177.7,135.8,ER2_c,0,0,0,0,0,0
8772,10059,6,descending,0,not-CX,323.8,168.9,286.5,DNp20,0,0,0,0,0,0
8773,520186,5,MBON,0,not-CX,530.9,85.0,256.0,MBON16,1,0,1,0,1,0
8774,55037,0,unnamed,0,not-CX,390.2,89.3,223.3,FC3_b,0,0,0,0,1,0
8775,37891,0,unnamed,0,not-CX,203.5,249.2,187.7,CB2133,0,0,0,0,0,0
8776,103482,0,unnamed,0,not-CX,386.3,73.0,212.5,FC1F,0,0,0,0,1,0
8777,36825,0,unnamed,0,not-CX,190.4,102.9,199.1,LHAD1b2_b,0,0,0,0,0,0
8778,806879,0,unnamed,0,not-CX,352.0,372.5,1002.5,IN06B073,0,0,0,0,0,0
8779,18778,0,unnamed,0,not-CX,363.1,66.5,206.9,CRE102,1,0,1,1,0,0
8780,153558,0,unnamed,0,not-CX,357.5,71.3,231.8,FC2C,0,0,0,0,0,0
8781,512459,0,unnamed,0,not-CX,390.4,63.3,126.8,CRE025,1,0,1,1,1,0
8782,94100,0,unnamed,0,not-CX,362.4,85.7,239.3,FC1F,0,0,0,0,0,0
8783,19900,11,CX,4,other CX,472.1,163.7,118.8,ER2_c,0,0,0,0,1,0
8784,37070,0,unnamed,0,not-CX,199.6,235.8,179.2,CB1238,0,0,0,0,0,0
8785,802462,0,unnamed,0,not-CX,458.0,397.2,1014.2,IN01A045,0,0,0,0,1,0
8786,542782,0,unnamed,0,not-CX,350.2,159.3,298.3,FC1B,0,0,0,0,0,0
8787,153441,0,unnamed,0,not-CX,420.0,85.4,253.3,FC2C,0,0,0,0,1,0
8788,18841,0,unnamed,0,not-CX,584.2,162.5,201.8,,0,0,0,0,1,0
8789,803178,0,unnamed,0,not-CX,408.8,427.7,1023.7,IN02A030,0,0,0,0,1,0
8790,904012,0,unnamed,0,not-CX,428.3,413.4,1051.1,INXXX317,0,0,0,0,1,0
8791,125531,11,CX,2,columnar,402.8,115.2,259.2,vDeltaG,0,0,0,0,1,0
8792,59018,11,CX,2,columnar,416.7,90.4,260.5,vDeltaI_a,0,0,0,0,1,0
8793,520379,0,unnamed,0,not-CX,372.5,134.1,97.8,SMP154,1,0,1,1,0,0
8794,118750563,0,unnamed,0,not-CX,0.0,0.0,0.0,HRN_VP1d,0,0,0,0,0,1
8795,806449,0,unnamed,0,not-CX,353.1,348.7,972.8,IN06A109,0,0,0,0,0,0
8796,32835,0,unnamed,0,not-CX,228.5,120.1,169.9,LH002m,0,0,0,0,0,0
8797,15244,0,unnamed,0,not-CX,222.9,138.4,159.2,CL021,1,0,1,0,0,0
8798,519348,11,CX,4,other CX,395.8,61.9,214.4,PFL1,0,0,0,0,1,0
8799,806340,0,unnamed,0,not-CX,411.7,344.9,933.6,IN19A099,0,0,0,0,1,0
8800,25709,11,CX,4,other CX,497.2,170.9,128.0,ER2_c,0,0,0,0,1,0
8801,44250,0,unnamed,0,not-CX,239.9,60.8,231.5,SLP313,1,0,1,0,0,0
8802,28653,0,unnamed,0,not-CX,401.6,356.8,813.4,ANXXX136,0,0,0,0,1,0
8803,12620,6,descending,0,not-CX,436.9,94.9,274.2,DNp44,0,0,0,0,1,0
8804,903021,0,unnamed,0,not-CX,361.3,399.4,1038.4,INXXX197,0,0,0,0,0,0
8805,24969,0,unnamed,0,not-CX,539.8,69.1,248.0,LHPD2a1,1,0,1,0,1,0
8806,41805,0,unnamed,0,not-CX,582.7,92.8,217.5,CB2480,0,0,0,0,1,0
8807,36524,11,CX,4,other CX,482.3,172.0,119.6,ER2_a,0,0,0,0,1,0
8808,23097,11,CX,4,other CX,519.4,161.0,133.9,ER2_a,0,0,0,0,1,0
8809,515785,6,descending,0,not-CX,489.9,294.1,287.7,DNg76,0,0,0,0,1,0
8810,544439,0,unnamed,0,not-CX,586.6,95.1,206.2,CB2038,0,0,0,0,1,0
8811,512220,0,unnamed,0,not-CX,499.6,90.7,158.4,LHAD2e3,0,0,0,0,1,0
8812,407353,0,unnamed,0,not-CX,0.0,0.0,0.0,HRN_VP1l,0,0,0,0,0,1
8813,805026,0,unnamed,0,not-CX,349.0,352.9,998.2,INXXX373,0,0,0,0,0,0
8814,801466,0,unnamed,0,not-CX,430.0,435.0,1045.7,INXXX223,0,0,0,0,1,0
8815,38110,0,unnamed,0,not-CX,181.3,119.3,270.4,CB1981,0,0,0,0,0,0
8816,151502,11,CX,2,columnar,421.8,88.6,261.4,vDeltaC,0,0,0,0,1,0
8817,68834,0,unnamed,0,not-CX,421.1,156.6,287.9,FS2,0,0,0,0,1,0
8818,20559,11,CX,4,other CX,491.6,172.0,128.0,ER2_a,0,0,0,0,1,0
8819,957328,0,unnamed,0,not-CX,368.2,398.3,1035.2,INXXX329,0,0,0,0,0,0
8820,529517,0,unnamed,0,not-CX,567.7,109.7,267.0,SMP186,1,0,1,0,1,0
8821,35738,0,unnamed,0,not-CX,341.8,156.2,286.2,FC1B,0,0,0,0,0,0
8822,24728,0,unnamed,0,not-CX,468.4,323.4,171.3,AMMC026,0,0,0,0,1,0
8823,70101,0,unnamed,0,not-CX,289.0,85.4,149.7,LHAD3f1_a,0,0,0,0,0,0
8824,32338,0,unnamed,0,not-CX,379.9,142.1,276.8,IbSpsP,0,0,0,0,0,0
8825,123543,0,unnamed,0,not-CX,287.0,68.7,255.4,LHPD4a2,0,0,0,0,0,0
8826,96213,0,unnamed,0,not-CX,604.9,110.1,186.0,CB1619,0,0,0,0,1,0
8827,520337,0,unnamed,0,not-CX,421.6,78.8,231.5,CRE074,1,0,1,1,1,0
8828,14966,0,unnamed,0,not-CX,176.1,109.8,221.6,SLP060,1,0,1,0,0,0
8829,28016,0,unnamed,0,not-CX,203.5,239.9,184.1,CB4132,0,0,0,0,0,0
8830,64684,0,unnamed,0,not-CX,425.2,147.5,292.8,FC3_c,0,0,0,0,1,0
8831,17454,0,unnamed,0,not-CX,407.9,96.0,266.6,PEN_a(PEN1),0,0,0,0,1,0
8832,19015,0,unnamed,0,not-CX,301.9,86.4,144.5,SLP215,0,0,0,0,0,0
8833,801688,0,unnamed,0,not-CX,450.3,397.6,1007.3,IN07B061,0,0,0,0,1,0
8834,49053,11,CX,2,columnar,408.1,109.8,259.7,vDeltaF,0,0,0,0,1,0
8835,555991,0,unnamed,0,not-CX,296.3,484.9,661.5,AN03A002,0,0,0,0,0,0
8836,31088,11,CX,4,other CX,282.3,178.6,141.3,ER3p_a,0,0,0,0,0,0
8837,14131,0,unnamed,0,not-CX,466.5,301.9,165.4,GNG024,0,0,0,0,1,0
8838,803165,0,unnamed,0,not-CX,357.1,352.9,913.2,INXXX121,0,0,0,0,0,0
8839,19935,11,CX,4,other CX,293.3,188.8,130.8,ER2_c,0,0,0,0,0,0
8840,516424,0,unnamed,0,not-CX,486.6,143.7,115.4,SAD004,0,0,0,0,1,0
8841,107386,0,unnamed,0,not-CX,271.7,203.8,118.4,CB2908,0,0,0,0,0,0
8842,42118,0,unnamed,0,not-CX,398.7,88.1,244.3,FC3_b,0,0,0,0,1,0
8843,21056,0,unnamed,0,not-CX,534.6,59.1,235.6,LHPD2a2,0,0,0,0,1,0
8844,11561,0,unnamed,0,not-CX,513.6,304.5,206.1,SAD112_a,0,0,0,0,1,0
8845,11008,0,unnamed,0,not-CX,424.4,47.4,207.2,SLP388,1,0,1,1,1,0
8846,540248,0,unnamed,0,not-CX,444.9,101.5,281.2,FC1A,0,0,0,0,1,0
8847,19917,11,CX,4,other CX,286.8,163.5,121.0,ER2_c,0,0,0,0,0,0
8848,37552,0,unnamed,0,not-CX,241.7,61.6,234.8,CB1160,0,0,0,0,0,0
8849,550199,11,CX,2,columnar,364.9,108.7,252.9,vDeltaD,0,0,0,0,0,0
8850,905077,0,unnamed,0,not-CX,0.0,0.0,0.0,INXXX328,0,0,0,0,0,1
8851,34188,11,CX,4,other CX,408.2,95.7,242.2,EL,0,0,0,0,1,0
8852,939961,0,unnamed,0,not-CX,403.6,436.5,1057.0,INXXX328,0,0,0,0,1,0
8853,25861,6,descending,0,not-CX,0.0,0.0,0.0,DNge038,0,0,0,0,0,1
8854,67047,11,CX,2,columnar,386.3,82.4,222.7,vDeltaG,0,0,0,0,1,0
8855,523043,5,MBON,0,not-CX,313.8,162.2,107.5,MBON33,1,0,1,1,0,0
8856,12859,5,MBON,0,not-CX,325.3,131.1,97.7,MBON07,0,0,0,0,0,0
8857,18062,0,unnamed,0,not-CX,577.0,107.2,165.5,LHAD1k1,0,0,0,0,1,0
8858,18617,0,unnamed,0,not-CX,527.8,78.7,255.0,SMP184,1,0,1,0,1,0
8859,36031,0,unnamed,0,not-CX,197.3,99.0,207.8,LHAD1b2_b,0,0,0,0,0,0
8860,27274,0,unnamed,0,not-CX,208.4,247.7,188.9,CB4132,0,0,0,0,0,0
8861,46182,0,unnamed,0,not-CX,581.9,94.7,212.3,CB2480,0,0,0,0,1,0
8862,144604,0,unnamed,0,not-CX,364.0,90.1,237.7,FS2,0,0,0,0,0,0
8863,41135,0,unnamed,0,not-CX,178.7,114.0,260.7,CB2904,0,0,0,0,0,0
8864,71154,11,CX,2,columnar,358.8,106.5,250.1,vDeltaB,0,0,0,0,0,0
8865,14089,0,unnamed,0,not-CX,266.4,171.4,298.4,WED121,1,0,1,1,0,0
8866,105072,11,CX,2,columnar,408.2,103.3,261.5,vDeltaC,0,0,0,0,1,0
8867,804219,0,unnamed,0,not-CX,419.6,342.3,1013.5,IN19B078,0,0,0,0,1,0
8868,806044,0,unnamed,0,not-CX,408.4,327.7,1017.2,IN19B078,0,0,0,0,1,0
8869,56466,0,unnamed,0,not-CX,354.8,99.0,242.7,FC3_a,0,0,0,0,0,0
8870,129790,0,unnamed,0,not-CX,428.6,96.1,256.5,FC1F,0,0,0,0,1,0
8871,10479,0,unnamed,0,not-CX,325.8,155.7,285.3,PS196_a,0,0,0,0,0,0
8872,109635,0,unnamed,0,not-CX,456.8,60.1,247.8,LHPD4a2,0,0,0,0,1,0
8873,21449,11,CX,4,other CX,285.3,181.1,139.3,ER2_c,0,0,0,0,0,0
8874,42734,0,unnamed,0,not-CX,394.6,157.5,292.1,IbSpsP,0,0,0,0,1,0
8875,25436,0,unnamed,0,not-CX,513.0,142.4,129.6,SAD004,0,0,0,0,1,0
8876,12508,0,unnamed,0,not-CX,313.7,194.6,294.4,PVLP149,1,0,1,1,0,0
8877,81605,11,CX,2,columnar,430.8,135.7,287.6,vDeltaC,0,0,0,0,1,0
8878,20590,11,CX,4,other CX,285.6,174.0,136.9,ER2_a,0,0,0,0,0,0
8879,12452,11,CX,4,other CX,474.7,134.0,277.4,PLP209,0,0,0,0,1,0
8880,20678,11,CX,4,other CX,278.3,172.7,119.9,ER2_d,0,0,0,0,0,0
8881,11269,7,motor,0,not-CX,343.2,300.9,117.0,MN11D,0,0,0,0,0,0
8882,804186,0,unnamed,0,not-CX,426.6,422.7,1002.8,INXXX377,0,0,0,0,1,0
8883,68121,0,unnamed,0,not-CX,401.4,95.7,243.9,FC1F,0,0,0,0,1,0
8884,800582,0,unnamed,0,not-CX,469.8,373.7,1008.3,INXXX032,0,0,0,0,1,0
8885,59860,0,unnamed,0,not-CX,180.8,150.3,186.5,CB2823,0,0,0,0,0,0
8886,922013,0,unnamed,0,not-CX,0.0,0.0,0.0,,0,0,0,0,0,1
8887,54184,0,unnamed,0,not-CX,400.8,81.3,245.6,FC1A,0,0,0,0,1,0
8888,26515,0,unnamed,0,not-CX,293.7,290.5,128.5,v2LN34A,0,0,0,0,0,0
8889,527430,0,unnamed,0,not-CX,585.4,108.5,201.0,CB2764,0,0,0,0,1,0
8890,123377,0,unnamed,0,not-CX,383.0,145.0,281.8,IbSpsP,0,0,0,0,0,0
8891,802538,0,unnamed,0,not-CX,375.6,391.6,1049.7,INXXX237,0,0,0,0,0,0
8892,10027,0,unnamed,0,not-CX,409.8,168.5,112.4,VCH,0,0,0,0,1,0
8893,31297,0,unnamed,0,not-CX,243.0,66.7,250.9,LHPD2a1,0,0,0,0,0,0
8894,13351,0,unnamed,0,not-CX,283.9,311.2,149.8,GNG019,0,0,0,0,0,0
8895,32572,0,unnamed,0,not-CX,530.8,54.9,237.4,LHPD2a2,0,0,0,0,1,0
8896,11664,0,unnamed,0,not-CX,218.6,158.5,175.9,AVLP209,1,0,1,0,0,0
8897,148905,11,CX,2,columnar,346.1,105.6,259.2,vDeltaC,0,0,0,0,0,0
8898,523684,11,CX,4,other CX,419.5,98.8,242.0,PLP130,0,0,0,0,1,0
8899,14894,0,unnamed,0,not-CX,390.2,124.3,235.9,SMP471,1,0,1,1,1,0
8900,39772,0,unnamed,0,not-CX,531.7,54.1,221.8,LHPD3c1,0,0,0,0,1,0
8901,62443,0,unnamed,0,not-CX,438.7,110.6,282.3,FC1F,0,0,0,0,1,0
8902,21645,11,CX,4,other CX,516.2,161.7,127.6,ER2_a,0,0,0,0,1,0
8903,20080,0,unnamed,0,not-CX,237.9,120.6,274.4,WED093,1,0,1,1,0,0
8904,46073,11,CX,4,other CX,370.9,104.3,236.8,EL,0,0,0,0,0,0
8905,12178,11,CX,4,other CX,425.5,261.6,129.9,PLP257,0,0,0,0,1,0
8906,801516,0,unnamed,0,not-CX,335.6,359.3,969.7,IN19A034,0,0,0,0,0,0
8907,57555,0,unnamed,0,not-CX,249.1,58.2,234.1,CB1160,0,0,0,0,0,0
8908,356783826,0,unnamed,0,not-CX,0.0,0.0,0.0,HRN_VP1d,0,0,0,0,0,1
8909,94391,0,unnamed,0,not-CX,407.9,198.7,302.7,P6-8P9,0,0,0,0,1,0
8910,74349,0,unnamed,0,not-CX,439.6,115.2,272.9,FC3_c,0,0,0,0,1,0
8911,55374,0,unnamed,0,not-CX,181.9,114.1,260.4,CB4114,0,0,0,0,0,0
8912,10864,0,unnamed,0,not-CX,361.7,283.8,112.5,GNG014,0,0,0,0,0,0
8913,800245,0,unnamed,0,not-CX,412.6,409.8,960.5,IN02A004,0,0,0,0,1,0
8914,20605,11,CX,4,other CX,473.0,160.1,113.7,ER2_a,0,0,0,0,1,0
8915,43866,0,unnamed,0,not-CX,407.5,152.9,284.3,IbSpsP,0,0,0,0,1,0
8916,10692,0,unnamed,0,not-CX,387.3,502.5,633.2,AN05B101,0,0,0,0,1,0
8917,54383,2,antennal,0,not-CX,516.2,259.7,138.5,M_lvPNm30,0,0,0,0,1,0
8918,21882,11,CX,4,other CX,476.3,159.9,107.9,ER2_a,0,0,0,0,1,0
8919,524075,11,CX,4,other CX,507.1,162.9,139.0,ER2_d,0,0,0,0,1,0
8920,803444,0,unnamed,0,not-CX,439.5,384.7,953.2,INXXX235,0,0,0,0,1,0
8921,111244,0,unnamed,0,not-CX,365.5,83.2,233.8,FC1F,0,0,0,0,0,0
8922,23003,0,unnamed,0,not-CX,586.3,126.2,164.9,CB1655,0,0,0,0,1,0
8923,39567,11,CX,4,other CX,419.6,71.1,240.2,PFL1,0,0,0,0,1,0
8924,36146,2,antennal,0,not-CX,253.3,301.6,187.0,M_lvPNm28,0,0,0,0,0,0
8925,83804,0,unnamed,0,not-CX,364.8,110.0,248.1,FC1A,0,0,0,0,0,0
8926,800417,0,unnamed,0,not-CX,0.0,0.0,0.0,INXXX158,0,0,0,0,0,1
8927,45875,0,unnamed,0,not-CX,603.2,108.6,183.6,CB2906,0,0,0,0,1,0
8928,526388,0,unnamed,0,not-CX,336.1,224.1,308.0,P6-8P9,0,0,0,0,0,0
8929,514980,0,unnamed,0,not-CX,499.9,181.3,124.4,CRE049,1,0,1,1,1,0
8930,513091,0,unnamed,0,not-CX,274.8,183.6,133.0,CRE049,1,0,1,1,0,0
8931,23072,0,unnamed,0,not-CX,329.6,277.7,101.7,vLN26,0,0,0,0,0,0
8932,904243,0,unnamed,0,not-CX,390.7,324.5,993.8,INXXX246,0,0,0,0,1,0
8933,518706,0,unnamed,0,not-CX,409.2,113.7,260.4,FS2,0,0,0,0,1,0
8934,28901,0,unnamed,0,not-CX,396.9,358.7,816.6,ANXXX136,0,0,0,0,1,0
8935,15729,0,unnamed,0,not-CX,321.4,84.2,242.0,AVLP471,0,0,0,0,0,0
8936,12585,0,unnamed,0,not-CX,190.2,165.8,202.7,SLP131,0,0,0,0,0,0
8937,19622,0,unnamed,0,not-CX,399.6,107.9,228.2,SAD077,0,0,0,0,1,0
8938,34321,0,unnamed,0,not-CX,560.9,136.5,259.1,MB-C1,0,0,0,0,1,0
8939,812632,0,unnamed,0,not-CX,402.5,422.0,1045.5,INXXX237,0,0,0,0,1,0
8940,16962,0,unnamed,0,not-CX,464.5,291.9,117.2,GNG174,0,0,0,0,1,0
8941,804431,0,unnamed,0,not-CX,370.5,373.8,964.0,INXXX377,0,0,0,0,0,0
8942,50237,0,unnamed,0,not-CX,198.4,152.2,175.4,CB1570,0,0,0,0,0,0
8943,513992,0,unnamed,0,not-CX,414.8,269.0,115.4,GNG019,0,0,0,0,1,0
8944,49659,0,unnamed,0,not-CX,272.2,208.7,116.3,CB3202,0,0,0,0,0,0
8945,934840,0,unnamed,0,not-CX,586.7,85.1,205.7,CB2480,0,0,0,0,1,0
8946,16441,0,unnamed,0,not-CX,250.5,64.0,255.0,SLP247,1,0,1,1,0,0
8947,806843,0,unnamed,0,not-CX,451.2,380.5,977.5,IN06B073,0,0,0,0,1,0
8948,907237,0,unnamed,0,not-CX,379.6,336.5,1058.0,INXXX317,0,0,0,0,0,0
8949,35634,0,unnamed,0,not-CX,0.0,0.0,0.0,TRN_VP3a,0,0,0,0,0,1
8950,31958,0,unnamed,0,not-CX,316.2,281.6,161.0,PS078,0,0,0,0,0,0
8951,48971,0,unnamed,0,not-CX,306.7,76.8,250.3,LHPD4a2,0,0,0,0,0,0
8952,802872,0,unnamed,0,not-CX,455.8,374.2,1012.9,INXXX246,0,0,0,0,1,0
8953,803192,0,unnamed,0,not-CX,436.8,416.5,1012.8,INXXX402,0,0,0,0,1,0
8954,24006,0,unnamed,0,not-CX,194.8,148.8,178.3,CB1655,0,0,0,0,0,0
8955,33603,0,unnamed,0,not-CX,213.7,134.8,275.3,CB3221,0,0,0,0,0,0
8956,90924,11,CX,2,columnar,346.9,148.7,288.7,vDeltaC,0,0,0,0,0,0
8957,19059,0,unnamed,0,not-CX,433.0,49.8,220.8,SLP391,1,0,1,1,1,0
8958,15473,0,unnamed,0,not-CX,188.8,104.6,251.4,SLP380,0,0,0,0,0,0
8959,52962,0,unnamed,0,not-CX,176.5,120.9,215.3,CB2038,0,0,0,0,0,0
8960,34148,0,unnamed,0,not-CX,252.8,56.7,237.2,,0,0,0,0,0,0
8961,36443,0,unnamed,0,not-CX,594.7,103.9,193.6,CB2831,0,0,0,0,1,0
8962,801349,0,unnamed,0,not-CX,345.1,379.6,998.8,IN20A.22A001,0,0,0,0,0,0
8963,21179,11,CX,4,other CX,287.8,167.3,118.7,ER2_a,0,0,0,0,0,0
8964,13393,0,unnamed,0,not-CX,278.4,329.2,229.9,GNG131,0,0,0,0,0,0
8965,14154,6,descending,0,not-CX,304.0,271.0,302.6,DNg76,0,0,0,0,0,0
8966,139763,0,unnamed,0,not-CX,332.2,144.3,302.3,FC2C,0,0,0,0,0,0
8967,18185,0,unnamed,0,not-CX,0.0,0.0,0.0,SMP116,1,0,1,0,0,1
8968,20664,11,CX,4,other CX,287.5,159.1,122.1,ER2_a,0,0,0,0,0,0
8969,10050,0,unnamed,0,not-CX,345.0,168.0,301.8,5-HTPMPV03,1,0,1,1,0,0
8970,13724,11,CX,4,other CX,252.6,228.6,130.0,LAL100,0,0,0,0,0,0
8971,41598,0,unnamed,0,not-CX,370.5,362.7,961.9,ANXXX084,0,0,0,0,0,0
8972,803188,0,unnamed,0,not-CX,359.4,338.3,996.0,INXXX246,0,0,0,0,0,0
8973,19487,0,unnamed,0,not-CX,592.2,102.6,200.9,LH007m,0,0,0,0,1,0
8974,30011,0,unnamed,0,not-CX,569.9,112.3,271.0,CB3221,0,0,0,0,1,0
8975,523018,11,CX,4,other CX,450.1,182.9,306.8,PLP232,0,0,0,0,1,0
8976,37511,0,unnamed,0,not-CX,373.3,53.5,140.6,CRE025,1,0,1,1,0,0
8977,92514,0,unnamed,0,not-CX,354.0,88.5,235.5,FC1A,0,0,0,0,0,0
8978,88795,0,unnamed,0,not-CX,339.3,146.9,300.3,FC1F,0,0,0,0,0,0
8979,16684,0,unnamed,0,not-CX,308.7,309.4,119.1,GNG174,0,0,0,0,0,0
8980,150878,11,CX,2,columnar,382.0,96.8,219.8,vDeltaC,0,0,0,0,0,0
8981,10278,0,unnamed,0,not-CX,442.1,161.7,301.6,5-HTPMPV03,1,0,1,1,1,0
8982,76109,0,unnamed,0,not-CX,593.2,111.1,185.4,CB1509,0,0,0,0,1,0
8983,37732,0,unnamed,0,not-CX,299.4,297.6,125.4,v2LN42,0,0,0,0,0,0
8984,17855,0,unnamed,0,not-CX,193.8,136.6,276.3,SLP365,0,0,0,0,0,0
8985,56201,0,unnamed,0,not-CX,570.1,78.9,210.2,CB4209,0,0,0,0,1,0
8986,24761,0,unnamed,0,not-CX,215.8,257.2,188.1,,1,0,1,0,0,0
8987,12832,0,unnamed,0,not-CX,480.8,135.3,286.0,CL303,1,0,1,1,1,0
8988,147334,11,CX,2,columnar,349.0,93.3,251.6,vDeltaC,0,0,0,0,0,0
8989,804604,0,unnamed,0,not-CX,384.2,401.7,989.3,IN02A030,0,0,0,0,0,0
8990,75379,0,unnamed,0,not-CX,383.6,521.7,750.8,EA06B010,0,0,0,0,0,0
8991,151536,11,CX,2,columnar,365.8,98.8,247.5,vDeltaC,0,0,0,0,0,0
8992,21277,11,CX,4,other CX,283.5,182.6,126.1,ER2_a,0,0,0,0,0,0
8993,135721,11,CX,2,columnar,366.9,96.6,251.4,vDeltaH,0,0,0,0,0,0
8994,806290,0,unnamed,0,not-CX,400.7,427.0,1020.2,IN02A030,0,0,0,0,1,0
8995,40559,0,unnamed,0,not-CX,442.2,265.1,98.1,vLN28,0,0,0,0,1,0
8996,804779,0,unnamed,0,not-CX,457.3,382.0,980.1,INXXX414,0,0,0,0,1,0
8997,55538,0,unnamed,0,not-CX,424.8,98.9,254.0,FC3_a,0,0,0,0,1,0
8998,58525,0,unnamed,0,not-CX,586.7,122.9,162.6,CB2687,0,0,0,0,1,0
8999,29154,0,unnamed,0,not-CX,490.1,87.3,151.2,LHAD3f1_a,0,0,0,0,1,0
9000,12561,0,unnamed,0,not-CX,183.1,141.7,217.5,AVLP030,1,0,1,0,0,0
9001,51611,0,unnamed,0,not-CX,342.0,158.1,297.3,FC3_b,0,0,0,0,0,0
9002,36026,0,unnamed,0,not-CX,249.5,55.5,234.6,,0,0,0,0,0,0
9003,26136,11,CX,4,other CX,277.8,180.8,129.9,ER2_b,0,0,0,0,0,0
9004,803654,0,unnamed,0,not-CX,470.1,381.1,996.4,INXXX281,0,0,0,0,1,0
9005,46089,11,CX,4,other CX,495.2,168.7,117.2,ER3p_a,0,0,0,0,1,0
9006,152338,11,CX,2,columnar,425.6,87.2,258.8,vDeltaC,0,0,0,0,1,0
9007,46341,11,CX,4,other CX,492.0,170.4,139.0,ER3w_b,0,0,0,0,1,0
9008,905262,0,unnamed,0,not-CX,308.6,397.7,762.6,IN19A030,0,0,0,0,0,0
9009,67250,0,unnamed,0,not-CX,445.2,113.6,287.1,FC1B,0,0,0,0,1,0
9010,802410,0,unnamed,0,not-CX,416.9,404.7,954.6,INXXX355,0,0,0,0,1,0
9011,18664,11,CX,4,other CX,284.4,172.9,132.4,ER2_c,0,0,0,0,0,0
9012,803209,0,unnamed,0,not-CX,359.1,352.1,985.5,IN01A045,0,0,0,0,0,0
9013,33248,0,unnamed,0,not-CX,296.4,296.7,116.0,v2LN34D,0,0,0,0,0,0
9014,98081,0,unnamed,0,not-CX,602.3,115.0,189.6,CB2678,0,0,0,0,1,0
9015,77864,11,CX,2,columnar,348.6,105.3,256.7,vDeltaC,0,0,0,0,0,0
9016,27025,0,unnamed,0,not-CX,274.4,95.7,159.1,LHAD2d1,1,0,1,1,0,0
9017,94487,0,unnamed,0,not-CX,370.1,149.0,278.0,IbSpsP,0,0,0,0,0,0
9018,79631,0,unnamed,0,not-CX,481.8,272.3,111.7,v2LN34A,0,0,0,0,1,0
9019,55124,11,CX,4,other CX,317.6,208.6,309.7,SpsP,0,0,0,0,0,0
9020,18603,5,MBON,0,not-CX,436.2,147.3,93.5,MBON07,0,0,0,0,1,0
9021,27303,0,unnamed,0,not-CX,289.0,89.0,147.7,SLP149,1,0,1,1,0,0
9022,800476,0,unnamed,0,not-CX,402.6,407.1,966.9,IN02A004,0,0,0,0,1,0
9023,156453,0,unnamed,0,not-CX,346.2,96.3,240.5,FS2,0,0,0,0,0,0
9024,58779,0,unnamed,0,not-CX,176.0,113.0,261.3,CB4114,0,0,0,0,0,0
9025,520934,0,unnamed,0,not-CX,583.2,105.1,270.0,CB1981,0,0,0,0,1,0
9026,20317,11,CX,4,other CX,489.5,154.8,120.9,ER2_c,0,0,0,0,1,0
9027,69923,0,unnamed,0,not-CX,360.1,156.1,287.3,FC1F,0,0,0,0,0,0
9028,24146,3,KC,0,not-CX,524.1,62.2,252.0,KCg-s2,0,0,0,0,1,0
9029,14636,6,descending,0,not-CX,273.7,47.4,214.2,DN1a,0,0,0,0,0,0
9030,16630,0,unnamed,0,not-CX,282.7,320.7,173.8,GNG479,0,0,0,0,0,0
9031,18844,0,unnamed,0,not-CX,233.3,158.8,278.5,MB-C1,0,0,0,0,0,0
9032,10669,0,unnamed,0,not-CX,339.8,80.4,251.4,CRE074,1,0,1,1,0,0
9033,521025,0,unnamed,0,not-CX,428.7,369.5,179.7,CB3746,0,0,0,0,1,0
9034,517264,11,CX,4,other CX,285.6,179.7,133.7,ER3w_a,0,0,0,0,0,0
9035,14202,0,unnamed,0,not-CX,462.5,64.3,243.8,AVLP471,0,0,0,0,1,0
9036,103186,0,unnamed,0,not-CX,589.9,121.2,196.6,CB2678,0,0,0,0,1,0
9037,48974,0,unnamed,0,not-CX,541.7,58.3,241.5,LHPD2a2,0,0,0,0,1,0
9038,519350,11,CX,4,other CX,400.0,62.2,217.8,PFL1,0,0,0,0,1,0
9039,12107,11,CX,4,other CX,500.2,177.6,284.3,LAL137,0,0,0,0,1,0
9040,803836,0,unnamed,0,not-CX,409.6,351.8,836.3,IN19B050,0,0,0,0,1,0
9041,37354,0,unnamed,0,not-CX,564.0,81.6,188.4,LHAD1b2,0,0,0,0,1,0
9042,28380,0,unnamed,0,not-CX,172.1,162.4,182.4,CB2596,0,0,0,0,0,0
9043,97457,0,unnamed,0,not-CX,489.1,270.9,115.0,CB3417,0,0,0,0,1,0
9044,47792,0,unnamed,0,not-CX,191.2,97.6,207.3,CB4209,0,0,0,0,0,0
9045,162555,0,unnamed,0,not-CX,557.7,134.5,256.7,CB2111,0,0,0,0,1,0
9046,59733,0,unnamed,0,not-CX,203.2,97.3,203.4,LHAD1b2_b,0,0,0,0,0,0
9047,149817,11,CX,2,columnar,348.4,87.1,240.4,vDeltaD,0,0,0,0,0,0
9048,523038,0,unnamed,0,not-CX,462.5,350.2,202.0,GNG129,0,0,0,0,1,0
9049,42736,0,unnamed,0,not-CX,422.0,143.3,292.9,FC3_a,0,0,0,0,1,0
9050,15746,2,antennal,0,not-CX,255.7,305.1,186.2,M_lvPNm33,0,0,0,0,0,0
9051,535099,0,unnamed,0,not-CX,426.6,139.3,295.7,FC1B,0,0,0,0,1,0
9052,13947,0,unnamed,0,not-CX,569.4,138.7,177.5,SMP012,1,0,1,0,1,0
9053,137777,11,CX,2,columnar,423.9,84.8,253.8,vDeltaI_a,0,0,0,0,1,0
9054,14294,0,unnamed,0,not-CX,184.6,112.3,234.3,SLP456,1,0,1,0,0,0
9055,517059,11,CX,4,other CX,496.6,164.7,146.2,ER2_a,0,0,0,0,1,0
9056,47600,0,unnamed,0,not-CX,531.3,156.5,134.7,SMP159,1,0,1,0,1,0
9057,144908,11,CX,2,columnar,421.9,81.5,253.7,vDeltaB,0,0,0,0,1,0
9058,173160,11,CX,2,columnar,430.8,150.9,273.5,vDeltaC,0,0,0,0,1,0
9059,15727,0,unnamed,0,not-CX,305.4,296.1,110.1,CB4083,0,0,0,0,0,0
9060,148054,11,CX,2,columnar,429.5,88.8,263.4,vDeltaD,0,0,0,0,1,0
9061,140134,11,CX,2,columnar,426.2,140.0,286.6,vDeltaI_a,0,0,0,0,1,0
9062,36333,0,unnamed,0,not-CX,189.6,156.1,180.4,CB1811,0,0,0,0,0,0
9063,806590,0,unnamed,0,not-CX,388.8,318.7,1049.8,INXXX268,0,0,0,0,1,0
9064,806611,0,unnamed,0,not-CX,451.9,408.7,1018.3,IN06B073,0,0,0,0,1,0
9065,92611,0,unnamed,0,not-CX,431.4,74.5,261.6,FC1A,0,0,0,0,1,0
9066,17679,11,CX,4,other CX,292.9,169.2,126.6,ER2_d,0,0,0,0,0,0
9067,32337,0,unnamed,0,not-CX,202.9,161.3,178.1,CB3347,0,0,0,0,0,0
9068,807072,0,unnamed,0,not-CX,413.0,430.0,1059.9,INXXX343,0,0,0,0,1,0
9069,906189,0,unnamed,0,not-CX,449.4,420.6,1046.2,IN07B061,0,0,0,0,1,0
9070,36258,0,unnamed,0,not-CX,578.5,114.5,163.4,CB3023,0,0,0,0,1,0
9071,13831,0,unnamed,0,not-CX,458.8,294.6,142.6,SMP744,1,0,1,0,1,0
9072,17319,0,unnamed,0,not-CX,256.9,224.0,126.1,VP3+_l2PN,0,0,0,0,0,0
9073,521063,0,unnamed,0,not-CX,465.3,46.3,235.0,LHPD5d1,1,0,1,1,1,0
9074,521545,0,unnamed,0,not-CX,564.4,139.1,175.0,SMP011_b,1,0,1,0,1,0
9075,23732,2,antennal,0,not-CX,521.0,292.4,184.9,M_lvPNm27,0,0,0,0,1,0
9076,104220,0,unnamed,0,not-CX,358.1,82.2,236.8,FR1,0,0,0,0,0,0
9077,56545,0,unnamed,0,not-CX,388.1,97.1,221.9,FC3_b,0,0,0,0,1,0
9078,68701,2,antennal,0,not-CX,264.4,287.6,173.6,M_lvPNm40,0,0,0,0,0,0
9079,807519,0,unnamed,0,not-CX,402.8,422.9,1039.2,INXXX345,0,0,0,0,1,0
9080,20275,0,unnamed,0,not-CX,528.8,76.4,257.6,SMP192,1,0,1,0,1,0
9081,905613,0,unnamed,0,not-CX,431.7,376.5,1061.1,INXXX322,0,0,0,0,1,0
9082,36956,0,unnamed,0,not-CX,561.1,114.5,260.6,SLP365,1,0,1,0,1,0
9083,69938,0,unnamed,0,not-CX,395.8,149.5,286.6,IbSpsP,0,0,0,0,1,0
9084,803635,0,unnamed,0,not-CX,424.9,428.2,1027.5,INXXX339,0,0,0,0,1,0
9085,14663,11,CX,4,other CX,322.0,135.0,306.0,PFL1,0,0,0,0,0,0
9086,68572,0,unnamed,0,not-CX,196.2,101.0,194.7,CB4209,0,0,0,0,0,0
9087,805118,0,unnamed,0,not-CX,385.5,323.9,1069.3,INXXX322,0,0,0,0,0,0
9088,48277,0,unnamed,0,not-CX,385.4,104.3,260.4,FC1F,0,0,0,0,0,0
9089,10268,0,unnamed,0,not-CX,377.0,61.7,126.5,CRE023,1,0,1,1,0,0
9090,15626,5,MBON,0,not-CX,466.4,113.5,120.9,MBON07,0,0,0,0,1,0
9091,66755,0,unnamed,0,not-CX,276.0,53.0,242.1,CB1160,0,0,0,0,0,0
9092,802798,0,unnamed,0,not-CX,379.1,431.5,1045.6,INXXX258,0,0,0,0,0,0
9093,11393,7,motor,0,not-CX,351.8,296.7,112.1,MN11D,0,0,0,0,0,0
9094,11929,0,unnamed,0,not-CX,585.2,170.3,192.7,SLP457,1,0,1,0,1,0
9095,53002,0,unnamed,0,not-CX,171.4,125.5,194.2,,0,0,0,0,0,0
9096,519349,11,CX,4,other CX,392.3,68.7,205.3,PFL1,0,0,0,0,1,0
9097,39257,0,unnamed,0,not-CX,595.1,108.9,189.8,CB2463,0,0,0,0,1,0
9098,17044,0,unnamed,0,not-CX,198.4,124.7,194.9,SLP034,0,0,0,0,0,0
9099,15444,11,CX,4,other CX,493.7,165.6,120.9,ER2_d,0,0,0,0,1,0
9100,15099,0,unnamed,0,not-CX,519.6,64.8,253.3,SLP247,1,0,1,0,1,0
9101,19281,0,unnamed,0,not-CX,535.6,66.8,242.8,LHPD2a2,1,0,1,0,1,0
9102,512841,0,unnamed,0,not-CX,442.6,138.6,91.3,SMP109,1,0,1,1,1,0
9103,12228,0,unnamed,0,not-CX,475.4,313.6,155.8,AMMC028,0,0,0,0,1,0
9104,139866,11,CX,2,columnar,354.8,118.5,263.4,vDeltaC,0,0,0,0,0,0
9105,12514,0,unnamed,0,not-CX,386.7,110.8,239.2,SAD076,0,0,0,0,1,0
9106,56799,0,unnamed,0,not-CX,428.0,151.5,282.8,FC1A,0,0,0,0,1,0
9107,75141,11,CX,2,columnar,424.1,82.5,250.9,vDeltaG,0,0,0,0,1,0
9108,25877,0,unnamed,0,not-CX,564.2,90.9,187.2,CB1308,0,0,0,0,1,0
9109,132121,11,CX,2,columnar,338.8,98.2,263.6,vDeltaH,0,0,0,0,0,0
9110,83891,0,unnamed,0,not-CX,181.0,120.0,261.7,CB2786,0,0,0,0,0,0
9111,506608,0,unnamed,0,not-CX,331.6,99.5,258.1,SIP065,1,0,1,1,0,0
9112,65657,11,CX,2,columnar,390.5,106.4,242.3,vDeltaI_a,0,0,0,0,1,0
9113,114510,2,antennal,0,not-CX,265.3,286.1,169.0,M_lvPNm43,0,0,0,0,0,0
9114,159401,0,unnamed,0,not-CX,366.0,92.5,237.8,FS2,0,0,0,0,0,0
9115,28604,0,unnamed,0,not-CX,287.9,290.4,129.4,v2LN34A,0,0,0,0,0,0
9116,520081,0,unnamed,0,not-CX,534.5,103.3,264.4,SMP175,1,0,1,0,1,0
9117,523788,11,CX,4,other CX,267.6,182.3,131.8,ER3w_a,0,0,0,0,0,0
9118,30051,0,unnamed,0,not-CX,340.3,513.4,646.4,AN06B023,0,0,0,0,0,0
9119,800908,0,unnamed,0,not-CX,425.5,423.9,1023.8,INXXX058,0,0,0,0,1,0
9120,539884,0,unnamed,0,not-CX,588.3,126.5,161.2,CB1771,0,0,0,0,1,0
9121,16466,0,unnamed,0,not-CX,410.2,414.8,1060.0,AN05B102d,0,0,0,0,1,0
9122,543495,0,unnamed,0,not-CX,343.9,148.2,295.3,FC1F,0,0,0,0,0,0
9123,12566,0,unnamed,0,not-CX,400.2,167.6,108.2,WED080,1,0,1,1,1,0
9124,17389,0,unnamed,0,not-CX,542.3,107.9,147.9,CL021,1,0,1,0,1,0
9125,520930,0,unnamed,0,not-CX,587.4,113.3,258.4,CB1503,0,0,0,0,1,0
9126,806091,0,unnamed,0,not-CX,368.9,388.6,1047.3,INXXX345,0,0,0,0,0,0
9127,806085,0,unnamed,0,not-CX,388.5,432.6,1035.5,IN02A030,0,0,0,0,1,0
9128,905231,0,unnamed,0,not-CX,359.1,342.0,966.3,INXXX281,0,0,0,0,0,0
9129,12008,0,unnamed,0,not-CX,287.0,165.4,127.5,CRE050,1,0,1,1,0,0
9130,13607,11,CX,4,other CX,269.4,188.6,286.8,LAL137,0,0,0,0,0,0
9131,800824,0,unnamed,0,not-CX,360.3,395.2,1025.3,IN06A064,0,0,0,0,0,0
9132,531131,0,unnamed,0,not-CX,313.8,58.4,240.6,SMP527,1,0,1,1,0,0
9133,10003,0,unnamed,0,not-CX,373.7,168.2,125.7,VCH,0,0,0,0,0,0
9134,806376,0,unnamed,0,not-CX,345.8,354.4,1003.4,IN06A106,0,0,0,0,0,0
9135,51205,0,unnamed,0,not-CX,179.6,128.6,195.4,CB2463,0,0,0,0,0,0
9136,171392,11,CX,2,columnar,422.7,148.8,279.8,vDeltaB,0,0,0,0,1,0
9137,26641,0,unnamed,0,not-CX,0.0,0.0,0.0,CRE027,0,0,0,0,0,1
9138,807787,0,unnamed,0,not-CX,366.7,349.6,964.8,IN06B073,0,0,0,0,0,0
9139,520721,0,unnamed,0,not-CX,375.8,115.1,229.2,SMP471,1,0,1,1,0,0
9140,520579,11,CX,4,other CX,328.8,116.7,288.8,PFL1,0,0,0,0,0,0
9141,805358,0,unnamed,0,not-CX,361.0,349.2,966.8,INXXX400,0,0,0,0,0,0
9142,14733,0,unnamed,0,not-CX,439.3,356.9,169.7,CB3746,0,0,0,0,1,0
9143,518919,0,unnamed,0,not-CX,512.1,81.8,254.9,LHPD2a1,1,0,1,1,1,0
9144,14666,0,unnamed,0,not-CX,515.5,217.0,115.9,VP3+_l2PN,0,0,0,0,1,0
9145,14911,0,unnamed,0,not-CX,231.0,125.3,278.2,WED092,1,0,1,0,0,0
9146,56607,0,unnamed,0,not-CX,412.2,110.8,260.9,FC3_b,0,0,0,0,1,0
9147,94980,0,unnamed,0,not-CX,385.9,149.0,284.8,IbSpsP,0,0,0,0,1,0
9148,27995,0,unnamed,0,not-CX,169.6,148.4,187.6,CB2048,0,0,0,0,0,0
9149,85404,0,unnamed,0,not-CX,599.0,99.5,184.2,SLP012,0,0,0,0,1,0
9150,808578,0,unnamed,0,not-CX,344.5,366.0,1012.5,IN06A109,0,0,0,0,0,0
9151,904010,0,unnamed,0,not-CX,453.6,380.7,1036.2,INXXX303,0,0,0,0,1,0
9152,118375,0,unnamed,0,not-CX,387.6,101.1,260.6,FS2,0,0,0,0,1,0
9153,125294,11,CX,2,columnar,364.8,102.9,257.3,vDeltaC,0,0,0,0,0,0
9154,50929,0,unnamed,0,not-CX,207.0,161.7,175.2,CB1811,0,0,0,0,0,0
9155,42997,0,unnamed,0,not-CX,252.4,55.5,240.2,SLP313,0,0,0,0,0,0
9156,77313,0,unnamed,0,not-CX,566.3,79.4,209.2,LHAD1b2,0,0,0,0,1,0
9157,130460,11,CX,2,columnar,384.8,95.7,222.8,vDeltaC,0,0,0,0,0,0
9158,515702,11,CX,2,columnar,402.2,119.8,262.7,vDeltaI_a,0,0,0,0,1,0
9159,526548,11,CX,4,other CX,364.8,99.4,237.4,EL,0,0,0,0,0,0
9160,516967,0,unnamed,0,not-CX,337.7,83.4,234.9,LHPD5b1,0,0,0,0,0,0
9161,513409,0,unnamed,0,not-CX,335.5,55.8,211.5,SLP389,1,0,1,1,0,0
9162,15228,0,unnamed,0,not-CX,213.8,141.3,163.8,AVLP038,0,0,0,0,0,0
9163,90497,0,unnamed,0,not-CX,404.4,94.0,243.6,FC3_a,0,0,0,0,1,0
9164,37662,0,unnamed,0,not-CX,206.0,158.4,169.2,CB1771,0,0,0,0,0,0
9165,48452,0,unnamed,0,not-CX,199.8,89.2,204.5,LHAD1b3,0,0,0,0,0,0
9166,44802,0,unnamed,0,not-CX,588.7,151.4,170.8,CB2596,0,0,0,0,1,0
9167,555502,0,unnamed,0,not-CX,327.5,285.2,126.6,WED194,1,0,1,0,0,0
9168,43230,0,unnamed,0,not-CX,261.5,56.4,242.1,,0,0,0,0,0,0
9169,523034,11,CX,4,other CX,444.7,119.1,295.1,PFL1,0,0,0,0,1,0
9170,588356,0,unnamed,0,not-CX,0.0,0.0,0.0,HRN_VP1l,0,0,0,0,0,1
9171,13870,0,unnamed,0,not-CX,364.2,62.0,133.3,CRE022,1,0,1,1,0,0
9172,21059,11,CX,4,other CX,283.6,172.2,121.7,ER2_d,0,0,0,0,0,0
9173,19412,0,unnamed,0,not-CX,472.6,58.1,173.8,SLP149,1,0,1,1,1,0
9174,905582,0,unnamed,0,not-CX,385.5,432.6,1029.1,IN02A030,0,0,0,0,0,0
9175,66205,0,unnamed,0,not-CX,354.4,80.2,235.4,FC3_c,0,0,0,0,0,0
9176,47617,2,antennal,0,not-CX,263.7,280.0,162.3,M_lvPNm41,0,0,0,0,0,0
9177,29746,0,unnamed,0,not-CX,589.2,166.1,184.6,CB4132,0,0,0,0,1,0
9178,12001,0,unnamed,0,not-CX,592.6,92.1,203.5,SLP060,1,0,1,0,1,0
9179,800949,0,unnamed,0,not-CX,405.4,497.0,807.4,IN06B013,0,0,0,0,1,0
9180,11786,11,CX,4,other CX,421.3,81.2,241.9,PFL1,0,0,0,0,1,0
9181,515761,11,CX,4,other CX,282.5,183.2,120.2,ER3p_a,0,0,0,0,0,0
9182,393786515,0,unnamed,0,not-CX,0.0,0.0,0.0,TRN_VP1m,0,0,0,0,0,1
9183,62099,0,unnamed,0,not-CX,185.2,153.7,191.6,CB2823,0,0,0,0,0,0
9184,68387,0,unnamed,0,not-CX,399.9,152.5,292.3,IbSpsP,0,0,0,0,1,0
9185,804574,0,unnamed,0,not-CX,466.3,395.6,1018.5,INXXX400,0,0,0,0,1,0
9186,10550,0,unnamed,0,not-CX,364.0,504.6,680.0,AN02A001,0,0,0,0,0,0
9187,46596,0,unnamed,0,not-CX,569.6,83.7,186.8,LHAD1b2_b,0,0,0,0,1,0
9188,542355,0,unnamed,0,not-CX,246.0,62.3,240.7,,0,0,0,0,0,0
9189,27569,0,unnamed,0,not-CX,235.8,60.9,237.1,CB3361,0,0,0,0,0,0
9190,13991,11,CX,4,other CX,331.3,174.3,293.0,LAL157,0,0,0,0,0,0
9191,47996,0,unnamed,0,not-CX,349.6,163.8,293.2,FC3_b,0,0,0,0,0,0
9192,60474,0,unnamed,0,not-CX,424.8,102.7,255.0,FC3_b,0,0,0,0,1,0
9193,69631,2,antennal,0,not-CX,268.2,294.5,163.7,M_lvPNm41,0,0,0,0,0,0
9194,143586,11,CX,2,columnar,400.0,112.1,258.0,vDeltaC,0,0,0,0,1,0
9195,16601,0,unnamed,0,not-CX,516.6,228.6,118.3,l2LN21,0,0,0,0,1,0
9196,74523,0,unnamed,0,not-CX,603.7,114.5,183.2,CB2678,0,0,0,0,1,0
9197,44644,0,unnamed,0,not-CX,598.8,104.0,188.3,CB2463,0,0,0,0,1,0
9198,800076,0,unnamed,0,not-CX,353.6,337.7,982.9,INXXX032,0,0,0,0,0,0
9199,76941,0,unnamed,0,not-CX,335.6,138.7,300.8,FS2,0,0,0,0,0,0
9200,16793,0,unnamed,0,not-CX,197.5,132.2,272.8,CL133,1,0,1,0,0,0
9201,17988,0,unnamed,0,not-CX,346.8,64.2,144.2,SMP053,1,0,1,1,0,0
9202,25359,11,CX,4,other CX,292.7,172.1,130.0,ER3p_a,0,0,0,0,0,0
9203,58230,0,unnamed,0,not-CX,197.9,152.3,179.2,CB2919,0,0,0,0,0,0
9204,85234,11,CX,2,columnar,340.2,141.5,296.2,vDeltaB,0,0,0,0,0,0
9205,138167,11,CX,2,columnar,345.6,152.1,289.7,vDeltaB,0,0,0,0,0,0
9206,12698,0,unnamed,0,not-CX,554.9,82.9,254.8,SLP380,0,0,0,0,1,0
9207,120773,11,CX,2,columnar,368.7,100.0,252.1,vDeltaH,0,0,0,0,0,0
9208,527349,0,unnamed,0,not-CX,309.7,300.1,149.6,PS078,0,0,0,0,0,0
9209,35192,0,unnamed,0,not-CX,186.3,133.0,268.3,CB3288,0,0,0,0,0,0
9210,37147,0,unnamed,0,not-CX,0.0,0.0,0.0,TRN_VP3a,0,0,0,0,0,1
9211,527653,11,CX,4,other CX,487.5,179.0,123.2,ER4d,0,0,0,0,1,0
9212,802004,0,unnamed,0,not-CX,346.3,354.5,991.8,INXXX402,0,0,0,0,0,0
9213,12965,0,unnamed,0,not-CX,511.7,218.5,111.3,M_l2PN10t19,0,0,0,0,1,0
9214,76506,11,CX,2,columnar,360.9,93.3,251.8,vDeltaI_a,0,0,0,0,0,0
9215,155691,11,CX,2,columnar,403.1,99.7,257.4,vDeltaC,0,0,0,0,1,0
9216,12542,0,unnamed,0,not-CX,414.9,125.0,266.4,5-HTPMPD01,1,0,1,1,1,0
9217,803645,0,unnamed,0,not-CX,417.6,351.1,1059.4,INXXX379,0,0,0,0,1,0
9218,152687,11,CX,2,columnar,386.4,80.4,219.9,vDeltaI_a,0,0,0,0,1,0
9219,533590,0,unnamed,0,not-CX,468.4,97.5,131.0,CRE040,1,0,1,1,1,0
9220,13768,5,MBON,0,not-CX,396.7,272.6,134.6,MBON12,1,0,1,1,1,0
9221,558869,0,unnamed,0,not-CX,318.2,145.6,100.8,SMP146,1,0,1,1,0,0
9222,133348431,0,unnamed,0,not-CX,0.0,0.0,0.0,TRN_VP3a,0,0,0,0,0,1
9223,806999,0,unnamed,0,not-CX,0.0,0.0,0.0,INXXX343,0,0,0,0,0,1
9224,50457,0,unnamed,0,not-CX,193.3,152.4,180.1,CB1570,0,0,0,0,0,0
9225,71018,11,CX,2,columnar,336.0,148.1,289.8,vDeltaC,0,0,0,0,0,0
9226,44741,0,unnamed,0,not-CX,587.2,158.5,179.9,CB2133,0,0,0,0,1,0
9227,812367,0,unnamed,0,not-CX,466.2,358.5,990.0,INXXX386,0,0,0,0,1,0
9228,11792,0,unnamed,0,not-CX,546.6,275.1,182.9,AVLP315,0,0,0,0,1,0
9229,19781,0,unnamed,0,not-CX,172.6,127.9,197.6,LH007m,0,0,0,0,0,0
9230,133846,11,CX,2,columnar,398.2,97.7,243.1,vDeltaC,0,0,0,0,1,0
9231,13865,0,unnamed,0,not-CX,423.4,83.5,238.7,SMP541,1,0,1,1,1,0
9232,22698,0,unnamed,0,not-CX,563.4,68.0,207.3,LHPD2d2,1,0,1,0,1,0
9233,62031,0,unnamed,0,not-CX,180.2,116.2,262.9,CB4114,0,0,0,0,0,0
9234,24079,0,unnamed,0,not-CX,585.6,174.6,161.7,WED045,1,0,1,0,1,0
9235,55874,0,unnamed,0,not-CX,206.2,93.7,198.7,LHAD1d1,1,0,1,0,0,0
9236,532568,0,unnamed,0,not-CX,397.7,66.9,123.3,CRE022,1,0,1,1,1,0
9237,71042,11,CX,2,columnar,409.8,89.3,252.2,vDeltaI_a,0,0,0,0,1,0
9238,15793,0,unnamed,0,not-CX,300.5,303.9,146.5,PS078,0,0,0,0,0,0
9239,801732,0,unnamed,0,not-CX,423.3,441.3,1052.9,INXXX425,0,0,0,0,1,0
9240,809078,0,unnamed,0,not-CX,363.5,336.9,945.0,IN06A119,0,0,0,0,0,0
9241,803283,0,unnamed,0,not-CX,386.9,390.1,961.1,INXXX235,0,0,0,0,1,0
9242,44493,0,unnamed,0,not-CX,560.2,73.1,195.7,LHAD1d1,1,0,1,0,1,0
9243,804382,0,unnamed,0,not-CX,454.3,370.7,1007.0,INXXX269,0,0,0,0,1,0
9244,18911,0,unnamed,0,not-CX,195.6,165.8,193.8,SLP072,0,0,0,0,0,0
9245,35588,11,CX,4,other CX,422.4,214.0,306.0,SpsP,0,0,0,0,1,0
9246,68039,0,unnamed,0,not-CX,344.5,176.9,308.6,FC1B,0,0,0,0,0,0
9247,806494,0,unnamed,0,not-CX,402.1,422.8,1020.8,IN02A030,0,0,0,0,1,0
9248,12071,0,unnamed,0,not-CX,312.8,188.8,295.8,PVLP149,1,0,1,1,0,0
9249,800166,0,unnamed,0,not-CX,400.2,339.1,1059.8,INXXX149,0,0,0,0,1,0
9250,44217,0,unnamed,0,not-CX,492.1,158.0,124.4,CRE050,1,0,1,1,1,0
9251,29799,0,unnamed,0,not-CX,403.4,66.0,125.1,CRE027,0,0,0,0,1,0
9252,21235,0,unnamed,0,not-CX,304.6,334.8,146.4,AMMC026,0,0,0,0,0,0
9253,59813,0,unnamed,0,not-CX,427.7,84.8,252.8,FC1D,0,0,0,0,1,0
9254,22928,0,unnamed,0,not-CX,203.9,157.8,175.1,SLP112,1,0,1,0,0,0
9255,134783,0,unnamed,0,not-CX,576.8,114.3,270.8,CB1874,1,0,1,0,1,0
9256,13481,0,unnamed,0,not-CX,313.6,312.2,147.3,SMP744,1,0,1,0,0,0
9257,555457,6,descending,0,not-CX,363.6,372.2,274.5,DNge079,0,0,0,0,0,0
9258,61845,11,CX,4,other CX,421.9,106.8,247.0,EL,0,0,0,0,1,0
9259,11908,0,unnamed,0,not-CX,487.2,229.9,156.5,PS047_b,1,0,1,1,1,0
9260,50007,11,CX,4,other CX,490.2,162.5,124.5,ER3p_a,0,0,0,0,1,0
9261,806257,0,unnamed,0,not-CX,416.4,435.5,1053.7,INXXX336,0,0,0,0,1,0
9262,66954,0,unnamed,0,not-CX,588.9,125.3,194.1,CB2880,0,0,0,0,1,0
9263,25975,0,unnamed,0,not-CX,392.9,68.3,125.1,CRE027,0,0,0,0,1,0
9264,73963,0,unnamed,0,not-CX,270.5,55.6,244.7,,0,0,0,0,0,0
9265,555296,0,unnamed,0,not-CX,424.5,276.4,125.0,GNG014,0,0,0,0,1,0
9266,236557,0,unnamed,0,not-CX,322.4,137.4,292.2,FC2C,0,0,0,0,0,0
9267,161462,11,CX,2,columnar,406.2,95.3,258.4,vDeltaC,0,0,0,0,1,0
9268,115198,0,unnamed,0,not-CX,400.6,218.2,296.6,P6-8P9,0,0,0,0,1,0
9269,903491,0,unnamed,0,not-CX,410.7,329.1,989.0,INXXX269,0,0,0,0,1,0
9270,71547,0,unnamed,0,not-CX,472.5,58.6,244.6,CL129,1,0,1,1,1,0
9271,126963,11,CX,2,columnar,364.0,114.4,259.8,vDeltaI_a,0,0,0,0,0,0
9272,15316,0,unnamed,0,not-CX,542.6,116.1,270.5,SMP188,1,0,1,0,1,0
9273,137597,11,CX,2,columnar,350.6,92.5,246.2,vDeltaI_a,0,0,0,0,0,0
9274,15766,0,unnamed,0,not-CX,504.7,156.5,119.7,SMP152,0,0,0,0,1,0
9275,800986,0,unnamed,0,not-CX,411.0,338.6,1056.3,INXXX149,0,0,0,0,1,0
9276,519354,0,unnamed,0,not-CX,419.7,89.4,254.0,FC3_c,0,0,0,0,1,0
9277,34652,11,CX,4,other CX,489.7,164.3,118.0,ER1_b,1,0,1,1,1,0
9278,517359,0,unnamed,0,not-CX,489.6,296.1,160.9,M_lv2PN9t49_a,0,0,0,0,1,0
9279,543298,0,unnamed,0,not-CX,433.4,181.4,298.1,FC1D,0,0,0,0,1,0
9280,514042,11,CX,4,other CX,490.3,170.0,132.2,ER2_b,0,0,0,0,1,0
9281,11520,0,unnamed,0,not-CX,270.4,313.0,214.1,SAD110,0,0,0,0,0,0
9282,26126,0,unnamed,0,not-CX,466.1,309.6,156.2,AMMC027,0,0,0,0,1,0
9283,76931,11,CX,4,other CX,366.4,70.8,216.5,PFL1,0,0,0,0,0,0
9284,56288,0,unnamed,0,not-CX,182.1,109.1,267.1,CB3045,1,0,1,0,0,0
9285,546406,0,unnamed,0,not-CX,291.2,301.7,121.9,v2LN34D,0,0,0,0,0,0
9286,524949,0,unnamed,0,not-CX,359.8,61.1,137.0,CRE027,0,0,0,0,0,0
9287,10536,6,descending,0,not-CX,479.2,314.4,178.4,DNg29,0,0,0,0,1,0
9288,517763,11,CX,4,other CX,402.8,95.8,220.4,EL,0,0,0,0,1,0
9289,11308,0,unnamed,0,not-CX,227.3,178.0,139.4,CL092,1,0,1,0,0,0
9290,47271,11,CX,4,other CX,486.5,170.9,127.3,ER3p_a,0,0,0,0,1,0
9291,33502,0,unnamed,0,not-CX,298.3,293.0,112.0,v2LN50,0,0,0,0,0,0
9292,14396,0,unnamed,0,not-CX,587.1,158.6,193.4,CB1241,0,0,0,0,1,0
9293,147151,11,CX,2,columnar,420.6,91.6,258.8,vDeltaB,0,0,0,0,1,0
9294,108535,0,unnamed,0,not-CX,457.6,64.3,247.0,LHPD4a2,0,0,0,0,1,0
9295,18444,0,unnamed,0,not-CX,427.1,49.4,213.2,SLP390,0,0,0,0,1,0
9296,50850,0,unnamed,0,not-CX,306.8,290.1,127.8,v2LN47,0,0,0,0,0,0
9297,163929,0,unnamed,0,not-CX,417.5,90.1,251.2,FS2,0,0,0,0,1,0
9298,523425,0,unnamed,0,not-CX,340.1,97.3,248.5,SMP541,1,0,1,1,0,0
9299,171579,11,CX,2,columnar,427.8,88.5,253.3,vDeltaC,0,0,0,0,1,0
9300,12815,0,unnamed,0,not-CX,274.7,297.8,147.2,M_lv2PN9t49_a,1,0,1,0,0,0
9301,16816,0,unnamed,0,not-CX,555.6,115.6,261.8,SMP235,1,0,1,0,1,0
9302,803252,0,unnamed,0,not-CX,426.0,342.1,959.5,INXXX261,0,0,0,0,1,0
9303,517804,0,unnamed,0,not-CX,563.4,75.5,194.9,LHAD1b2_b,0,0,0,0,1,0
9304,800099,6,descending,0,not-CX,415.0,372.0,270.0,DNge079,0,0,0,0,1,0
9305,27806,11,CX,4,other CX,287.1,176.0,130.6,ER3p_a,0,0,0,0,0,0
9306,801617,0,unnamed,0,not-CX,403.6,356.0,1071.7,INXXX158,0,0,0,0,1,0
9307,801369,0,unnamed,0,not-CX,371.4,414.8,1050.9,INXXX137,0,0,0,0,0,0
9308,39879,0,unnamed,0,not-CX,389.9,162.5,292.9,IbSpsP,0,0,0,0,1,0
9309,514803,11,CX,4,other CX,506.7,165.5,131.7,ER2_b,0,0,0,0,1,0
9310,16015,0,unnamed,0,not-CX,335.1,70.2,234.6,SMP495_a,0,0,0,0,0,0
9311,800892,0,unnamed,0,not-CX,397.0,483.1,810.1,IN06B013,0,0,0,0,1,0
9312,117521,0,unnamed,0,not-CX,335.7,146.3,302.3,FS2,0,0,0,0,0,0
9313,20915,2,antennal,0,not-CX,511.4,279.7,161.3,M_lvPNm25,0,0,0,0,1,0
9314,16446,0,unnamed,0,not-CX,572.7,82.8,210.8,AVLP015,1,0,1,0,1,0
9315,905907,0,unnamed,0,not-CX,456.5,410.2,1025.9,INXXX427,0,0,0,0,1,0
9316,20822,0,unnamed,0,not-CX,393.1,114.3,232.2,SAD077,0,0,0,0,1,0
9317,45251,0,unnamed,0,not-CX,493.8,174.7,104.1,CB3202,0,0,0,0,1,0
9318,117972,11,CX,2,columnar,398.7,114.1,255.1,vDeltaB,0,0,0,0,1,0
9319,42549,0,unnamed,0,not-CX,593.4,104.5,255.2,CB2733,0,0,0,0,1,0
9320,802323,0,unnamed,0,not-CX,398.1,406.0,964.1,INXXX355,0,0,0,0,1,0
9321,14133,0,unnamed,0,not-CX,297.0,115.5,121.0,CRE013,1,0,1,1,0,0
9322,808896,0,unnamed,0,not-CX,355.3,335.3,986.9,INXXX386,0,0,0,0,0,0
9323,108738,11,CX,2,columnar,345.9,146.2,291.3,vDeltaI_a,0,0,0,0,0,0
9324,76401,0,unnamed,0,not-CX,543.9,108.1,263.9,WED093,1,0,1,0,1,0
9325,55561,0,unnamed,0,not-CX,474.0,166.3,96.4,CB3202,0,0,0,0,1,0
9326,145592,0,unnamed,0,not-CX,358.7,79.4,243.5,FS2,0,0,0,0,0,0
9327,169145,0,unnamed,0,not-CX,350.4,85.9,237.4,FS2,0,0,0,0,0,0
9328,43216,2,antennal,0,not-CX,503.1,255.5,132.3,M_lvPNm26,1,0,1,0,1,0
9329,60215,0,unnamed,0,not-CX,419.1,153.4,290.9,FC1B,0,0,0,0,1,0
9330,43814,0,unnamed,0,not-CX,427.1,99.0,252.3,FC1B,0,0,0,0,1,0
9331,803176,0,unnamed,0,not-CX,389.8,511.3,593.7,IN02A007,0,0,0,0,1,0
9332,511853,0,unnamed,0,not-CX,587.3,93.0,228.0,SLP456,1,0,1,0,1,0
9333,52016,0,unnamed,0,not-CX,493.5,83.7,156.9,LHAD2d1,1,0,1,1,1,0
9334,802049,0,unnamed,0,not-CX,393.4,352.6,825.7,IN19B050,0,0,0,0,1,0
9335,908886,0,unnamed,0,not-CX,372.0,410.8,1023.5,IN02A030,0,0,0,0,0,0
9336,114513,2,antennal,0,not-CX,268.7,280.0,152.6,M_lvPNm42,0,0,0,0,0,0
9337,63204,11,CX,4,other CX,565.3,150.0,175.2,LAL055,0,0,0,0,1,0
9338,907722,0,unnamed,0,not-CX,439.8,378.0,1054.0,INXXX322,0,0,0,0,1,0
9339,28685,0,unnamed,0,not-CX,288.6,223.8,150.6,CRE070,0,0,0,0,0,0
9340,38043,0,unnamed,0,not-CX,583.2,127.0,170.1,CB1811,0,0,0,0,1,0
9341,71991,0,unnamed,0,not-CX,400.6,152.5,288.3,IbSpsP,0,0,0,0,1,0
9342,15436,0,unnamed,0,not-CX,482.6,315.3,159.9,AMMC028,0,0,0,0,1,0
9343,516397,6,descending,0,not-CX,487.4,39.6,228.8,DN1a,0,0,0,0,1,0
9344,61590,11,CX,4,other CX,321.1,134.0,289.0,EL,0,0,0,0,0,0
9345,56739,0,unnamed,0,not-CX,171.2,117.6,209.3,CB2770,0,0,0,0,0,0
9346,524990,0,unnamed,0,not-CX,510.0,225.5,110.6,VP3+_l2PN,0,0,0,0,1,0
9347,31596,11,CX,4,other CX,188.3,132.0,251.4,PLP187,0,0,0,0,0,0
9348,19170,0,unnamed,0,not-CX,559.4,117.5,161.6,SMP042,0,0,0,0,1,0
9349,51555,11,CX,4,other CX,400.1,95.0,240.3,EL,0,0,0,0,1,0
9350,521661,0,unnamed,0,not-CX,495.8,246.1,110.1,SLP239,0,0,0,0,1,0
9351,93886,0,unnamed,0,not-CX,416.7,148.5,295.6,FS2,0,0,0,0,1,0
9352,171455,0,unnamed,0,not-CX,328.3,141.5,287.4,FS2,0,0,0,0,0,0
9353,10719,0,unnamed,0,not-CX,184.4,117.9,206.6,AVLP079,1,0,1,0,0,0
9354,521971,0,unnamed,0,not-CX,357.5,59.8,155.3,CRE023,1,0,1,1,0,0
9355,22281,0,unnamed,0,not-CX,587.1,101.4,196.2,LH007m,0,0,0,0,1,0
9356,13839,0,unnamed,0,not-CX,386.1,117.2,269.1,PS157,1,0,1,1,1,0
9357,46381,0,unnamed,0,not-CX,594.5,107.6,256.6,CB1503,0,0,0,0,1,0
9358,808878,0,unnamed,0,not-CX,0.0,0.0,0.0,IN06A119,0,0,0,0,0,1
9359,12390,0,unnamed,0,not-CX,283.0,146.8,292.6,AVLP562,1,0,1,1,0,0
9360,39223,0,unnamed,0,not-CX,176.1,112.7,265.3,CB2904,0,0,0,0,0,0
9361,41302,0,unnamed,0,not-CX,583.2,124.8,161.7,CB1811,0,0,0,0,1,0
9362,25447,11,CX,4,other CX,280.0,172.7,108.9,ER3w_c,0,0,0,0,0,0
9363,74465,0,unnamed,0,not-CX,327.9,55.3,216.0,SMP353,1,0,1,1,0,0
9364,31275,0,unnamed,0,not-CX,543.2,57.9,237.5,SLP327,1,0,1,0,1,0
9365,536872,0,unnamed,0,not-CX,578.3,126.7,160.6,CB1570,0,0,0,0,1,0
9366,18540,3,KC,0,not-CX,290.4,151.4,290.8,KCg-s1,0,0,0,0,0,0
9367,52875,0,unnamed,0,not-CX,589.2,104.6,256.9,CB2725,0,0,0,0,1,0
9368,536501,0,unnamed,0,not-CX,291.9,287.4,297.2,AMMC008,0,0,0,0,0,0
9369,16589,0,unnamed,0,not-CX,234.5,88.0,265.2,SMP192,1,0,1,0,0,0
9370,113398,0,unnamed,0,not-CX,355.1,92.4,236.0,FC1B,0,0,0,0,0,0
9371,515420,0,unnamed,0,not-CX,542.2,122.1,271.1,WED092,1,0,1,0,1,0
9372,35281,0,unnamed,0,not-CX,197.1,144.4,176.4,CB1771,0,0,0,0,0,0
9373,43500,0,unnamed,0,not-CX,200.3,96.3,208.6,LHAD1b3,0,0,0,0,0,0
9374,517867,0,unnamed,0,not-CX,217.0,76.5,251.7,SLP327,1,0,1,0,0,0
9375,65630,0,unnamed,0,not-CX,582.8,145.3,160.2,CB2596,0,0,0,0,1,0
9376,138121,0,unnamed,0,not-CX,347.5,148.7,295.2,FC1A,0,0,0,0,0,0
9377,18714,0,unnamed,0,not-CX,302.6,410.8,726.9,AN18B004,0,0,0,0,0,0
9378,521086,5,MBON,0,not-CX,369.7,284.6,127.2,MBON12,1,0,1,0,0,0
9379,66418,0,unnamed,0,not-CX,423.0,151.3,286.7,FC3_b,0,0,0,0,1,0
9380,18254,0,unnamed,0,not-CX,184.4,117.1,260.1,SLP270,1,0,1,0,0,0
9381,10026,6,descending,0,not-CX,320.6,168.3,299.5,DNp18,0,0,0,0,0,0
9382,48614,0,unnamed,0,not-CX,168.9,122.8,194.9,CB2889,0,0,0,0,0,0
9383,238902,0,unnamed,0,not-CX,0.0,0.0,0.0,HRN_VP4,0,0,0,0,0,1
9384,542246,0,unnamed,0,not-CX,398.3,104.6,259.9,FC1D,0,0,0,0,1,0
9385,14559,0,unnamed,0,not-CX,192.9,207.7,173.6,SLP455,0,0,0,0,0,0
9386,800300,0,unnamed,0,not-CX,317.0,466.0,944.6,IN08B004,0,0,0,0,0,0
9387,802924,0,unnamed,0,not-CX,410.2,450.2,1051.2,INXXX258,0,0,0,0,1,0
9388,805051,0,unnamed,0,not-CX,394.0,479.5,554.9,IN02A029,0,0,0,0,1,0
9389,36142,0,unnamed,0,not-CX,190.3,159.7,174.3,CB2226,0,0,0,0,0,0
9390,115827,0,unnamed,0,not-CX,478.6,82.9,149.3,LHAD3f1_b,0,0,0,0,1,0
9391,56034,0,unnamed,0,not-CX,604.1,114.6,179.1,CB2906,0,0,0,0,1,0
9392,526143,11,CX,4,other CX,476.4,156.5,111.6,ER3w_b,0,0,0,0,1,0
9393,559554,0,unnamed,0,not-CX,313.6,291.1,146.8,CB1792,0,0,0,0,0,0
9394,33405,0,unnamed,0,not-CX,293.3,293.9,115.1,v2LN34D,0,0,0,0,0,0
9395,53352,0,unnamed,0,not-CX,363.4,83.0,237.2,FC1D,0,0,0,0,0,0
9396,48739,0,unnamed,0,not-CX,515.7,78.9,254.0,LHPD2a1,0,0,0,0,1,0
9397,88578,11,CX,2,columnar,433.7,83.8,264.3,vDeltaI_a,0,0,0,0,1,0
9398,18058,11,CX,4,other CX,479.2,158.1,115.0,ER2_b,0,0,0,0,1,0
9399,909446,0,unnamed,0,not-CX,409.9,328.5,975.3,IN19A099,0,0,0,0,1,0
9400,800446,0,unnamed,0,not-CX,345.2,469.2,1021.4,IN13A009,0,0,0,0,0,0
9401,75581,0,unnamed,0,not-CX,363.7,85.7,244.5,FC1B,0,0,0,0,0,0
9402,42221,0,unnamed,0,not-CX,192.7,129.9,268.3,CB3288,0,0,0,0,0,0
9403,21316,6,descending,0,not-CX,305.2,46.2,205.4,DN1a,0,0,0,0,0,0
9404,158691,0,unnamed,0,not-CX,356.5,164.3,294.3,FS2,0,0,0,0,0,0
9405,14828,11,CX,4,other CX,195.6,163.3,221.0,LAL055,0,0,0,0,0,0
9406,801273,0,unnamed,0,not-CX,320.2,514.4,738.0,IN13A013,0,0,0,0,0,0
9407,11437,0,unnamed,0,not-CX,384.8,95.1,194.6,SLP438,1,0,1,1,0,0
9408,21454,0,unnamed,0,not-CX,176.2,135.2,200.0,LH007m,0,0,0,0,0,0
9409,57932,0,unnamed,0,not-CX,464.9,259.7,93.4,v2LN41,0,0,0,0,1,0
9410,803521,0,unnamed,0,not-CX,403.4,512.0,589.6,IN02A007,0,0,0,0,1,0
9411,16219,0,unnamed,0,not-CX,573.4,74.4,215.0,CB0510,0,0,0,0,1,0
9412,518690,11,CX,4,other CX,285.0,174.6,117.2,ER1_b,1,0,1,1,0,0
9413,533727,0,unnamed,0,not-CX,381.2,114.2,264.2,IbSpsP,0,0,0,0,0,0
9414,46154,0,unnamed,0,not-CX,262.8,206.1,115.7,,0,0,0,0,0,0
9415,52583,0,unnamed,0,not-CX,183.8,137.1,210.8,CB1483,0,0,0,0,0,0
9416,26974,0,unnamed,0,not-CX,292.6,96.9,137.0,LHAD3d4,0,0,0,0,0,0
9417,40826,0,unnamed,0,not-CX,179.3,111.3,268.3,CB1976,1,0,1,0,0,0
9418,26916,0,unnamed,0,not-CX,378.4,439.5,538.8,AN18B023,0,0,0,0,0,0
9419,91780,0,unnamed,0,not-CX,347.6,166.9,292.1,FS2,0,0,0,0,0,0
9420,58830,0,unnamed,0,not-CX,285.9,88.9,152.1,LHAD3a1,0,0,0,0,0,0
9421,30046,0,unnamed,0,not-CX,239.4,279.4,206.1,CB2045,0,0,0,0,0,0
9422,58140,0,unnamed,0,not-CX,594.8,115.1,185.5,CB3109,0,0,0,0,1,0
9423,21247,0,unnamed,0,not-CX,566.1,102.2,166.7,LHAD1j1,0,0,0,0,1,0
9424,549508,0,unnamed,0,not-CX,387.1,120.7,272.3,IbSpsP,0,0,0,0,1,0
9425,35136,0,unnamed,0,not-CX,404.8,323.3,1047.7,ANXXX099,0,0,0,0,1,0
9426,27280,0,unnamed,0,not-CX,183.0,153.1,182.6,SLP113,1,0,1,0,0,0
9427,804456,0,unnamed,0,not-CX,371.6,342.5,972.0,IN06B073,0,0,0,0,0,0
9428,22461,11,CX,4,other CX,291.9,182.9,127.7,ER4d,0,0,0,0,0,0
9429,12430,0,unnamed,0,not-CX,439.0,146.0,89.1,SMP146,1,0,1,1,1,0
9430,40383,0,unnamed,0,not-CX,177.0,121.9,267.9,CB1726,0,0,0,0,0,0
9431,801244,0,unnamed,0,not-CX,386.4,336.9,954.1,INXXX260,0,0,0,0,1,0
9432,25841,11,CX,4,other CX,502.4,172.1,126.7,ER3w_b,0,0,0,0,1,0
9433,53235,0,unnamed,0,not-CX,587.5,78.9,205.7,CB4209,0,0,0,0,1,0
9434,11935,0,unnamed,0,not-CX,457.9,355.5,211.6,GNG131,0,0,0,0,1,0
9435,512606,11,CX,4,other CX,482.8,177.5,125.2,ER3w_c,0,0,0,0,1,0
9436,925829,0,unnamed,0,not-CX,0.0,0.0,0.0,HRN_VP1d,0,0,0,0,0,1
9437,27850,11,CX,4,other CX,290.0,181.1,132.6,ER3w_b,0,0,0,0,0,0
9438,50451,0,unnamed,0,not-CX,195.8,128.6,267.1,CB2064,0,0,0,0,0,0
9439,13880,0,unnamed,0,not-CX,313.9,312.1,130.6,PRW003,1,0,1,0,0,0
9440,529207,11,CX,4,other CX,281.7,175.3,139.1,ER3p_a,0,0,0,0,0,0
9441,78549,0,unnamed,0,not-CX,338.0,143.8,304.5,FC3_b,0,0,0,0,0,0
9442,34089,0,unnamed,0,not-CX,267.4,91.7,161.5,LH002m,0,0,0,0,0,0
9443,803397,0,unnamed,0,not-CX,379.4,322.1,972.9,INXXX331,0,0,0,0,0,0
9444,71363,0,unnamed,0,not-CX,420.5,83.4,250.8,FS2,0,0,0,0,1,0
9445,107730,0,unnamed,0,not-CX,279.9,54.4,246.0,SLP281,1,0,1,1,0,0
9446,803889,0,unnamed,0,not-CX,365.3,333.9,931.5,INXXX261,0,0,0,0,0,0
9447,194655,0,unnamed,0,not-CX,433.9,102.4,278.0,FS2,0,0,0,0,1,0
9448,804175,0,unnamed,0,not-CX,409.0,426.2,1020.5,IN02A030,0,0,0,0,1,0
9449,198050,0,unnamed,0,not-CX,0.0,0.0,0.0,HRN_VP4,0,0,0,0,0,1
9450,801560,0,unnamed,0,not-CX,390.9,318.6,1038.1,INXXX349,0,0,0,0,1,0
9451,38832,0,unnamed,0,not-CX,355.8,170.3,298.0,FC3_c,0,0,0,0,0,0
9452,13981,0,unnamed,0,not-CX,254.6,233.8,122.2,M_l2PN10t19,0,0,0,0,0,0
9453,18190,11,CX,4,other CX,201.8,169.9,175.5,PLP058,0,0,0,0,0,0
9454,43683,11,CX,4,other CX,289.4,167.5,123.5,ER3w_a,0,0,0,0,0,0
9455,805447,0,unnamed,0,not-CX,357.7,351.9,991.8,IN07B061,0,0,0,0,0,0
9456,906661,0,unnamed,0,not-CX,385.9,492.3,567.2,IN02A029,0,0,0,0,1,0
9457,30119,0,unnamed,0,not-CX,412.3,509.4,647.6,AN06B023,0,0,0,0,1,0
9458,10195,6,descending,0,not-CX,357.9,89.4,227.2,DNp29,1,0,1,1,0,0
9459,10035,0,unnamed,0,not-CX,476.0,292.6,159.7,AstA1,1,0,1,0,1,0
9460,11192,0,unnamed,0,not-CX,290.8,115.3,126.6,CRE040,1,0,1,1,0,0
9461,802580,0,unnamed,0,not-CX,367.6,403.4,1015.3,IN00A017,0,0,0,0,0,0
9462,800613,0,unnamed,0,not-CX,451.1,425.2,1029.8,IN21A001,0,0,0,0,1,0
9463,801184,0,unnamed,0,not-CX,354.6,384.0,1021.6,INXXX058,0,0,0,0,0,0
9464,903510,0,unnamed,0,not-CX,492.8,414.9,765.7,IN19A030,0,0,0,0,1,0
9465,10603,0,unnamed,0,not-CX,436.1,156.3,292.0,PS196_a,0,0,0,0,1,0
9466,13244,0,unnamed,0,not-CX,346.9,57.3,214.0,SMP550,1,0,1,1,0,0
9467,524078,0,unnamed,0,not-CX,304.7,323.3,161.4,SLP471,0,0,0,0,0,0
9468,22105,0,unnamed,0,not-CX,463.8,256.9,104.5,v2LN33,0,0,0,0,1,0
9469,97512,0,unnamed,0,not-CX,379.7,119.9,265.8,IbSpsP,0,0,0,0,0,0
9470,526823,0,unnamed,0,not-CX,581.7,121.7,161.1,CB2687,0,0,0,0,1,0
9471,78095,0,unnamed,0,not-CX,0.0,0.0,0.0,v2LN34D,0,0,0,0,0,1
9472,804005,0,unnamed,0,not-CX,451.3,365.6,978.0,INXXX260,0,0,0,0,1,0
9473,902842,0,unnamed,0,not-CX,404.4,319.1,1058.9,INXXX309,0,0,0,0,1,0
9474,58414,0,unnamed,0,not-CX,399.6,105.4,231.6,SAD077,0,0,0,0,1,0
9475,71280,0,unnamed,0,not-CX,295.7,95.3,136.6,LHAD3b1_a,0,0,0,0,0,0
9476,19390,0,unnamed,0,not-CX,205.2,136.1,174.2,SMP042,0,0,0,0,0,0
9477,518521,0,unnamed,0,not-CX,404.7,97.0,249.1,FC1D,0,0,0,0,1,0
9478,36686,0,unnamed,0,not-CX,189.8,94.3,209.4,SLP012,0,0,0,0,0,0
9479,804767,0,unnamed,0,not-CX,402.6,434.1,1053.1,INXXX388,0,0,0,0,1,0
9480,38272,0,unnamed,0,not-CX,277.8,163.2,283.7,CRE105,1,0,1,1,0,0
9481,905425,0,unnamed,0,not-CX,355.7,394.7,1040.3,INXXX425,0,0,0,0,0,0
9482,258715,0,unnamed,0,not-CX,382.7,121.7,266.2,IbSpsP,1,0,1,1,0,0
9483,28607,2,antennal,0,not-CX,512.9,271.7,152.1,M_lvPNm41,0,0,0,0,1,0
9484,55120,0,unnamed,0,not-CX,194.0,99.0,207.1,CB4208,0,0,0,0,0,0
9485,22204,0,unnamed,0,not-CX,178.1,104.4,252.7,SLP271,1,0,1,0,0,0
9486,523816,11,CX,4,other CX,486.8,168.7,113.3,ER1_b,1,0,1,1,1,0
9487,45636,0,unnamed,0,not-CX,278.4,91.9,157.2,LHAD3a1,0,0,0,0,0,0
9488,520939,0,unnamed,0,not-CX,593.0,103.5,267.2,CB4114,0,0,0,0,1,0
9489,18387,0,unnamed,0,not-CX,231.7,63.9,220.8,LHPD2d2,1,0,1,0,0,0
9490,94805,0,unnamed,0,not-CX,361.6,108.6,249.7,FC1D,0,0,0,0,0,0
9491,10994,0,unnamed,0,not-CX,502.3,238.8,115.1,SLP235,0,0,0,0,1,0
9492,807002,0,unnamed,0,not-CX,0.0,0.0,0.0,INXXX336,0,0,0,0,0,1
9493,22046,0,unnamed,0,not-CX,586.4,106.4,263.0,CB3288,0,0,0,0,1,0
9494,66950,0,unnamed,0,not-CX,589.1,119.8,164.3,CB1771,0,0,0,0,1,0
9495,53813,0,unnamed,0,not-CX,185.7,127.2,263.0,CB1577,0,0,0,0,0,0
9496,20550,0,unnamed,0,not-CX,571.5,126.8,255.0,CB1247,0,0,0,0,1,0
9497,43363,2,antennal,0,not-CX,272.6,301.3,162.9,M_lvPNm30,0,0,0,0,0,0
9498,907399,0,unnamed,0,not-CX,439.3,354.5,1035.1,INXXX349,0,0,0,0,1,0
9499,513678,11,CX,4,other CX,283.1,170.6,111.7,ER3w_b,0,0,0,0,0,0
9500,16801,0,unnamed,0,not-CX,464.7,71.9,247.6,AVLP471,0,0,0,0,1,0
9501,10619,7,motor,0,not-CX,351.7,303.4,115.3,MN12D,0,0,0,0,0,0
9502,12671,0,unnamed,0,not-CX,486.1,154.4,290.8,WED121,1,0,1,1,1,0
9503,902617,0,unnamed,0,not-CX,380.7,515.3,699.4,IN13B012,0,0,0,0,0,0
9504,143371,11,CX,2,columnar,411.4,99.0,259.5,vDeltaB,0,0,0,0,1,0
9505,37609,0,unnamed,0,not-CX,299.4,83.3,147.8,LHAD3f1_b,0,0,0,0,0,0
9506,804728,0,unnamed,0,not-CX,421.6,479.6,892.4,IN16B037,0,0,0,0,1,0
9507,24437,0,unnamed,0,not-CX,457.7,283.6,146.1,PS078,0,0,0,0,1,0
9508,69675,0,unnamed,0,not-CX,180.3,140.5,189.2,CB2823,0,0,0,0,0,0
9509,149225,0,unnamed,0,not-CX,301.6,79.1,151.2,LHAD3f1_b,0,0,0,0,0,0
9510,805743,0,unnamed,0,not-CX,359.4,326.1,978.5,INXXX363,0,0,0,0,0,0
9511,161641,0,unnamed,0,not-CX,366.3,90.0,249.4,FS2,0,0,0,0,0,0
9512,63840,0,unnamed,0,not-CX,286.3,60.4,251.5,LHPD4a1,0,0,0,0,0,0
9513,801618,0,unnamed,0,not-CX,300.0,424.8,671.5,INXXX076,0,0,0,0,0,0
9514,42698,0,unnamed,0,not-CX,601.6,105.9,181.9,CB3109,0,0,0,0,1,0
9515,49754,0,unnamed,0,not-CX,297.4,298.9,121.0,v2LN34D,0,0,0,0,0,0
9516,31624,0,unnamed,0,not-CX,178.2,165.0,179.8,CB2596,0,0,0,0,0,0
9517,31802,0,unnamed,0,not-CX,179.9,126.2,265.7,CB2026,0,0,0,0,0,0
9518,342502,0,unnamed,0,not-CX,497.0,423.3,715.0,AN18B004,0,0,0,0,1,0
9519,44513,0,unnamed,0,not-CX,497.0,178.2,100.3,CB3202,0,0,0,0,1,0
9520,51603,2,antennal,0,not-CX,503.1,274.6,138.3,M_lvPNm42,0,0,0,0,1,0
9521,136981,11,CX,2,columnar,386.7,92.8,217.5,vDeltaI_a,0,0,0,0,1,0
9522,76932,0,unnamed,0,not-CX,472.6,253.7,93.5,v2LN41,0,0,0,0,1,0
9523,555712,0,unnamed,0,not-CX,561.1,105.2,166.4,LH008m,0,0,0,0,1,0
9524,804633,0,unnamed,0,not-CX,421.8,435.5,1058.9,INXXX431,0,0,0,0,1,0
9525,48096,11,CX,4,other CX,488.4,158.7,112.8,ER3p_a,0,0,0,0,1,0
9526,29745,0,unnamed,0,not-CX,188.2,132.7,217.0,LHCENT13_a,0,0,0,0,0,0
9527,51901,0,unnamed,0,not-CX,281.2,90.3,152.3,SLP150,1,0,1,1,0,0
9528,936773,0,unnamed,0,not-CX,366.8,383.4,1046.8,INXXX217,0,0,0,0,0,0
9529,13229,6,descending,0,not-CX,278.3,311.3,235.7,DNg41,0,0,0,0,0,0
9530,294178,11,CX,4,other CX,396.8,77.7,218.3,EL,0,0,0,0,1,0
9531,529261,0,unnamed,0,not-CX,0.0,0.0,0.0,HRN_VP4,0,0,0,0,0,1
9532,51116,0,unnamed,0,not-CX,199.0,149.6,182.0,CB3030,0,0,0,0,0,0
9533,11476,0,unnamed,0,not-CX,515.1,300.1,216.0,SAD112_b,0,0,0,0,1,0
9534,12353,0,unnamed,0,not-CX,290.0,192.7,292.7,DSKMP3,1,0,1,1,0,0
9535,806132,0,unnamed,0,not-CX,351.3,366.3,993.6,INXXX400,0,0,0,0,0,0
9536,801287,0,unnamed,0,not-CX,362.9,417.2,1027.7,IN20A.22A001,0,0,0,0,0,0
9537,94332,11,CX,2,columnar,399.5,105.5,249.6,vDeltaB,0,0,0,0,1,0
9538,59389,0,unnamed,0,not-CX,236.3,61.6,229.3,LHPD3a5,0,0,0,0,0,0
9539,46707,11,CX,4,other CX,486.4,154.6,113.6,ER3w_a,0,0,0,0,1,0
9540,18039,0,unnamed,0,not-CX,467.8,158.9,103.8,mALB4,1,0,1,1,1,0
9541,532560,0,unnamed,0,not-CX,334.8,352.4,151.8,AMMC026,0,0,0,0,0,0
9542,46242,11,CX,4,other CX,495.0,169.8,132.5,ER3w_a,0,0,0,0,1,0
9543,38262,2,antennal,0,not-CX,269.0,297.7,165.1,M_lvPNm29,0,0,0,0,0,0
9544,201474,2,antennal,0,not-CX,520.8,288.9,184.3,M_lvPNm28,0,0,0,0,1,0
9545,805191,0,unnamed,0,not-CX,475.4,495.9,931.1,IN08B004,0,0,0,0,1,0
9546,85456,11,CX,2,columnar,427.9,81.0,256.6,vDeltaB,0,0,0,0,1,0
9547,513346,11,CX,4,other CX,276.2,176.8,146.5,ER3w_b,0,0,0,0,0,0
9548,28123,0,unnamed,0,not-CX,474.6,89.3,142.8,CRE009,1,0,1,1,1,0
9549,122587,0,unnamed,0,not-CX,0.0,0.0,0.0,HRN_VP4,0,0,0,0,0,1
9550,18431,0,unnamed,0,not-CX,391.8,92.4,225.4,SAD077,0,0,0,0,1,0
9551,805635,0,unnamed,0,not-CX,467.4,400.8,1028.6,INXXX414,0,0,0,0,1,0
9552,31847,0,unnamed,0,not-CX,586.9,122.5,196.4,CB1275,0,0,0,0,1,0
9553,11691,0,unnamed,0,not-CX,331.1,117.9,100.5,LHCENT11,1,0,1,1,0,0
9554,65486,0,unnamed,0,not-CX,179.7,133.0,213.9,CB2812,0,0,0,0,0,0
9555,53490,0,unnamed,0,not-CX,432.4,51.3,225.0,SLP389,1,0,1,1,1,0
9556,99151,0,unnamed,0,not-CX,521.4,57.3,238.3,CB1160,0,0,0,0,1,0
9557,20326,0,unnamed,0,not-CX,293.9,180.1,304.9,ALIN3,1,0,1,1,0,0
9558,521937,0,unnamed,0,not-CX,395.8,97.2,215.3,PS157,1,0,1,1,1,0
9559,97665,2,antennal,0,not-CX,276.0,302.0,166.4,M_lvPNm33,0,0,0,0,0,0
9560,39984,0,unnamed,0,not-CX,404.1,153.9,286.5,IbSpsP,0,0,0,0,1,0
9561,523987,5,MBON,0,not-CX,276.7,172.7,281.5,MBON29,0,0,0,0,0,0
9562,34392,11,CX,4,other CX,475.3,143.4,292.2,SpsP,0,0,0,0,1,0
9563,905805,0,unnamed,0,not-CX,423.2,431.7,1055.2,INXXX431,0,0,0,0,1,0
9564,56083,0,unnamed,0,not-CX,183.1,111.7,270.1,CB3045,1,0,1,0,0,0
9565,25030,3,KC,0,not-CX,287.4,80.8,257.4,KCg-s2,1,0,1,1,0,0
9566,517805,0,unnamed,0,not-CX,587.9,113.7,176.7,CB2823,0,0,0,0,1,0
9567,29289,0,unnamed,0,not-CX,205.6,246.3,186.1,,0,0,0,0,0,0
9568,20404,11,CX,4,other CX,484.9,162.6,119.8,ER4d,0,0,0,0,1,0
9569,225190,0,unnamed,0,not-CX,0.0,0.0,0.0,HRN_VP4,0,0,0,0,0,1
9570,90201,11,CX,2,columnar,411.9,99.7,254.9,vDeltaH,0,0,0,0,1,0
9571,802962,0,unnamed,0,not-CX,381.8,343.1,1056.3,,0,0,0,0,0,0
9572,39085,0,unnamed,0,not-CX,196.6,95.9,223.0,LHAD1f3_a,0,0,0,0,0,0
9573,28469,0,unnamed,0,not-CX,494.7,248.5,291.9,,1,0,1,0,1,0
9574,47087,0,unnamed,0,not-CX,177.6,143.2,183.5,CB2823,0,0,0,0,0,0
9575,145091,0,unnamed,0,not-CX,292.9,63.1,250.4,LHPD4a1,0,0,0,0,0,0
9576,49627,0,unnamed,0,not-CX,403.9,150.9,287.5,IbSpsP,0,0,0,0,1,0
9577,541412,11,CX,4,other CX,333.3,238.1,312.2,SpsP,0,0,0,0,0,0
9578,16818,11,CX,4,other CX,284.5,159.8,117.9,ER4d,0,0,0,0,0,0
9579,26843,11,CX,4,other CX,287.8,182.4,128.9,ER3w_b,0,0,0,0,0,0
9580,807692,0,unnamed,0,not-CX,365.8,328.0,1002.1,INXXX363,0,0,0,0,0,0
9581,91753,0,unnamed,0,not-CX,208.6,125.7,276.0,CB1219,0,0,0,0,0,0
9582,33156,0,unnamed,0,not-CX,169.1,159.3,186.3,CB1804,0,0,0,0,0,0
9583,59719,0,unnamed,0,not-CX,351.8,166.6,288.4,FC1D,0,0,0,0,0,0
9584,42345,0,unnamed,0,not-CX,425.9,365.5,1061.4,ANXXX099,0,0,0,0,1,0
9585,40187,2,antennal,0,not-CX,513.5,257.5,135.2,M_lvPNm32,0,0,0,0,1,0
9586,581341,0,unnamed,0,not-CX,571.9,86.6,180.4,CB4208,0,0,0,0,1,0
9587,802697,0,unnamed,0,not-CX,463.9,393.5,1012.2,IN06B073,0,0,0,0,1,0
9588,12969,6,descending,0,not-CX,500.1,42.5,218.0,DN1a,0,0,0,0,1,0
9589,42332,0,unnamed,0,not-CX,384.0,114.3,267.2,IbSpsP,0,0,0,0,0,0
9590,527599,0,unnamed,0,not-CX,575.6,139.3,182.2,SLP072,0,0,0,0,1,0
9591,800739,0,unnamed,0,not-CX,454.6,522.2,853.8,IN12A002,0,0,0,0,1,0
9592,79159,0,unnamed,0,not-CX,453.5,284.6,135.7,PS078,0,0,0,0,1,0
9593,14583,0,unnamed,0,not-CX,206.2,82.2,245.6,CB0510,0,0,0,0,0,0
9594,78067,0,unnamed,0,not-CX,594.9,112.9,188.7,CB1483,0,0,0,0,1,0
9595,514607,0,unnamed,0,not-CX,480.9,70.9,161.5,LHAD3d4,0,0,0,0,1,0
9596,519619,5,MBON,0,not-CX,508.6,174.0,275.0,MBON29,1,0,1,1,1,0
9597,71444,0,unnamed,0,not-CX,233.0,62.3,230.3,CB2920,0,0,0,0,0,0
9598,13146,0,unnamed,0,not-CX,480.7,307.6,170.1,GNG111,0,0,0,0,1,0
9599,31175,0,unnamed,0,not-CX,232.8,105.1,267.3,,0,0,0,0,0,0
9600,75244,0,unnamed,0,not-CX,429.3,46.5,204.6,SMP353,1,0,1,1,1,0
9601,36573,0,unnamed,0,not-CX,191.9,176.5,211.5,CB1735,0,0,0,0,0,0
9602,24549,11,CX,4,other CX,502.0,172.7,121.1,ER3w_c,0,0,0,0,1,0
9603,25501,11,CX,4,other CX,488.7,174.6,125.0,ER3w_b,0,0,0,0,1,0
9604,48291,11,CX,4,other CX,485.4,156.9,118.5,ER3w_b,0,0,0,0,1,0
9605,800842,0,unnamed,0,not-CX,449.4,518.1,725.6,IN13A013,0,0,0,0,1,0
9606,31775,0,unnamed,0,not-CX,291.2,291.9,132.2,v2LN34E,0,0,0,0,0,0
9607,48280,0,unnamed,0,not-CX,170.8,166.3,182.6,CB2802,0,0,0,0,0,0
9608,515034,5,MBON,0,not-CX,329.3,184.6,296.3,MBON27,1,0,1,1,0,0
9609,39060,0,unnamed,0,not-CX,180.8,147.2,184.0,CB1629,0,0,0,0,0,0
9610,580793,0,unnamed,0,not-CX,486.8,276.4,120.1,v2LN40_2,0,0,0,0,1,0
9611,25997,0,unnamed,0,not-CX,254.1,189.4,129.7,CRE059,1,0,1,1,0,0
9612,19436,0,unnamed,0,not-CX,237.9,91.5,261.1,SLP378,0,0,0,0,0,0
9613,27043,11,CX,4,other CX,276.6,171.2,108.8,ER3w_c,0,0,0,0,0,0
9614,14270,0,unnamed,0,not-CX,563.7,124.3,178.3,SMP034,1,0,1,0,1,0
9615,801293,0,unnamed,0,not-CX,466.1,370.2,954.6,INXXX073,0,0,0,0,1,0
9616,41385,0,unnamed,0,not-CX,406.8,85.3,247.6,FS2,0,0,0,0,1,0
9617,90155,0,unnamed,0,not-CX,333.0,144.8,291.3,FC1D,0,0,0,0,0,0
9618,34104,11,CX,4,other CX,177.0,129.5,245.8,PLP187,0,0,0,0,0,0
9619,29713,11,CX,4,other CX,376.2,111.9,245.2,EL,0,0,0,0,0,0
9620,10072,0,unnamed,0,not-CX,366.3,266.3,118.7,OA-AL2i1,1,0,1,1,0,0
9621,155275,0,unnamed,0,not-CX,380.9,76.0,217.7,FS2,0,0,0,0,0,0
9622,29424,0,unnamed,0,not-CX,201.9,247.6,192.9,CB2805,0,0,0,0,0,0
9623,24093,11,CX,4,other CX,278.8,176.3,118.2,ER3w_a,0,0,0,0,0,0
9624,68196,0,unnamed,0,not-CX,445.2,278.0,135.8,SAF,0,0,0,0,1,0
9625,13814,0,unnamed,0,not-CX,443.8,46.9,221.3,SMP495_a,0,0,0,0,1,0
9626,805409,0,unnamed,0,not-CX,353.3,351.2,983.2,INXXX414,0,0,0,0,0,0
9627,83510,11,CX,2,columnar,405.8,109.2,257.1,vDeltaB,0,0,0,0,1,0
9628,18904,0,unnamed,0,not-CX,594.3,165.8,185.4,CB4132,0,0,0,0,1,0
9629,11207,0,unnamed,0,not-CX,585.2,145.8,186.9,SLP131,0,0,0,0,1,0
9630,39253,0,unnamed,0,not-CX,283.1,61.4,248.2,SLP314,0,0,0,0,0,0
9631,16598,11,CX,4,other CX,286.9,171.9,113.0,ER3w_b,0,0,0,0,0,0
9632,15196,0,unnamed,0,not-CX,415.2,55.8,227.7,SLP439,1,0,1,1,1,0
9633,18217,0,unnamed,0,not-CX,257.1,95.7,270.8,SMP188,1,0,1,1,0,0
9634,59329,0,unnamed,0,not-CX,479.2,275.1,119.0,v2LN34A,0,0,0,0,1,0
9635,32315,11,CX,4,other CX,490.3,157.3,115.7,ER1_a,0,0,0,0,1,0
9636,10552,6,descending,0,not-CX,409.9,78.3,224.4,DNp29,1,0,1,1,1,0
9637,11710,0,unnamed,0,not-CX,315.3,314.2,117.3,GNG088,0,0,0,0,0,0
9638,37105,11,CX,4,other CX,491.1,163.3,113.3,ER1_b,1,0,1,1,1,0
9639,20867,0,unnamed,0,not-CX,232.7,75.1,252.4,SLP255,0,0,0,0,0,0
9640,805241,0,unnamed,0,not-CX,449.2,406.7,1015.8,INXXX363,0,0,0,0,1,0
9641,904192,0,unnamed,0,not-CX,393.1,409.3,1055.6,INXXX258,0,0,0,0,1,0
9642,30057,0,unnamed,0,not-CX,195.6,156.0,187.7,SLP113,0,0,0,0,0,0
9643,801549,0,unnamed,0,not-CX,430.3,432.0,1034.2,IN06A064,0,0,0,0,1,0
9644,804494,0,unnamed,0,not-CX,399.1,489.9,571.4,IN02A029,0,0,0,0,1,0
9645,37745,0,unnamed,0,not-CX,197.8,117.4,192.0,LHAD1a2,0,0,0,0,0,0
9646,14820,0,unnamed,0,not-CX,331.3,359.4,156.1,CB3746,0,0,0,0,0,0
9647,91360,0,unnamed,0,not-CX,345.8,146.6,298.1,FS2,0,0,0,0,0,0
9648,77025,0,unnamed,0,not-CX,389.4,84.3,223.2,FS3_c,0,0,0,0,1,0
9649,25297,11,CX,4,other CX,282.8,173.8,127.8,ER3w_a,0,0,0,0,0,0
9650,34607,11,CX,4,other CX,493.9,174.6,133.1,ER4d,0,0,0,0,1,0
9651,435343,0,unnamed,0,not-CX,490.0,183.2,128.1,CRE070,1,0,1,1,1,0
9652,556700,11,CX,2,columnar,385.9,83.3,212.8,vDeltaI_b,0,0,0,0,1,0
9653,11851,0,unnamed,0,not-CX,450.0,173.5,305.2,,0,0,0,0,1,0
9654,51401,0,unnamed,0,not-CX,176.3,132.0,202.5,CB3109,0,0,0,0,0,0
9655,141005,0,unnamed,0,not-CX,572.0,118.5,261.3,CB2786,0,0,0,0,1,0
9656,122727,11,CX,2,columnar,378.7,87.5,220.2,vDeltaB,0,0,0,0,0,0
9657,44010,11,CX,4,other CX,488.7,168.4,136.1,ER3w_b,0,0,0,0,1,0
9658,128552,0,unnamed,0,not-CX,377.9,144.1,278.1,IbSpsP,0,0,0,0,0,0
9659,113500,0,unnamed,0,not-CX,430.4,99.8,258.1,FC3_b,0,0,0,0,1,0
9660,73902,0,unnamed,0,not-CX,570.0,117.9,163.9,CB1570,0,0,0,0,1,0
9661,16617,0,unnamed,0,not-CX,194.0,187.6,178.9,CRE048,1,0,1,0,0,0
9662,107521,0,unnamed,0,not-CX,401.1,102.6,261.4,FC3_b,0,0,0,0,1,0
9663,61978,0,unnamed,0,not-CX,442.6,112.1,283.6,FC1D,0,0,0,0,1,0
9664,160441,11,CX,2,columnar,408.1,100.1,255.8,vDeltaI_a,0,0,0,0,1,0
9665,11187,0,unnamed,0,not-CX,549.5,270.4,215.9,LoVP54,1,0,1,0,1,0
9666,22457,0,unnamed,0,not-CX,296.6,183.6,307.8,ALIN3,0,0,0,0,0,0
9667,25203,11,CX,4,other CX,476.2,160.4,116.9,ER3w_c,0,0,0,0,1,0
9668,18238,0,unnamed,0,not-CX,272.2,162.1,109.2,CRE009,1,0,1,1,0,0
9669,82236,0,unnamed,0,not-CX,351.2,93.1,238.0,FC,0,0,0,0,0,0
9670,905405,0,unnamed,0,not-CX,405.6,319.6,1054.7,INXXX309,0,0,0,0,1,0
9671,58073,0,unnamed,0,not-CX,385.9,84.6,225.3,FC1D,0,0,0,0,1,0
9672,801199,0,unnamed,0,not-CX,400.4,417.0,574.9,INXXX034,0,0,0,0,1,0
9673,23080,11,CX,4,other CX,281.2,183.2,132.8,ER4d,0,0,0,0,0,0
9674,18534,0,unnamed,0,not-CX,557.7,143.1,259.8,MB-C1,0,0,0,0,1,0
9675,59337,11,CX,4,other CX,489.0,166.0,129.7,ER3w_b,0,0,0,0,1,0
9676,805422,0,unnamed,0,not-CX,354.0,353.0,955.5,IN06A106,0,0,0,0,0,0
9677,10045,6,descending,0,not-CX,486.3,314.1,194.9,DNg100,0,0,0,0,1,0
9678,17203,0,unnamed,0,not-CX,347.5,119.6,266.7,SMP505,1,0,1,1,0,0
9679,29226,0,unnamed,0,not-CX,201.4,163.3,180.8,CB3319,0,0,0,0,0,0
9680,13007,0,unnamed,0,not-CX,299.3,185.4,130.2,mALD4,0,0,0,0,0,0
9681,803389,0,unnamed,0,not-CX,379.2,325.5,955.7,INXXX261,0,0,0,0,0,0
9682,99925,2,antennal,0,not-CX,267.1,294.1,173.2,M_lvPNm41,0,0,0,0,0,0
9683,159252,11,CX,2,columnar,430.6,91.4,256.7,vDeltaC,0,0,0,0,1,0
9684,30539,0,unnamed,0,not-CX,259.3,249.4,128.3,M_l2PNm17,1,0,1,0,0,0
9685,38268,11,CX,4,other CX,279.6,173.6,113.7,ER1_b,0,0,0,0,0,0
9686,65609,0,unnamed,0,not-CX,166.5,117.7,201.0,CB2770,0,0,0,0,0,0
9687,11012,11,CX,4,other CX,443.1,168.9,290.3,LAL157,0,0,0,0,1,0
9688,25919,0,unnamed,0,not-CX,522.9,182.6,114.6,CRE059,0,0,0,0,1,0
9689,21433,0,unnamed,0,not-CX,254.6,104.2,159.0,LH008m,0,0,0,0,0,0
9690,13999,11,CX,4,other CX,256.4,174.3,136.4,ER3w_c,0,0,0,0,0,0
9691,14061,0,unnamed,0,not-CX,515.4,103.9,265.7,SMP181,1,0,1,1,1,0
9692,562451,0,unnamed,0,not-CX,505.4,52.9,247.4,,0,0,0,0,1,0
9693,45730,0,unnamed,0,not-CX,391.5,152.8,291.4,IbSpsP,0,0,0,0,1,0
9694,17406,0,unnamed,0,not-CX,0.0,0.0,0.0,TRN_VP3a,0,0,0,0,0,1
9695,63441,0,unnamed,0,not-CX,411.5,529.6,767.6,EA06B010,0,0,0,0,1,0
9696,521156,2,antennal,0,not-CX,261.1,299.5,175.1,M_lvPNm25,0,0,0,0,0,0
9697,529445,0,unnamed,0,not-CX,207.7,255.1,185.3,CB1238,0,0,0,0,0,0
9698,62821,0,unnamed,0,not-CX,387.8,90.8,225.5,FC1D,0,0,0,0,1,0
9699,11115,0,unnamed,0,not-CX,477.7,134.4,281.3,AVLP562,1,0,1,1,1,0
9700,39503,11,CX,4,other CX,484.9,160.3,114.6,ER3p_a,0,0,0,0,1,0
9701,25789,0,unnamed,0,not-CX,228.6,121.3,164.7,LH008m,0,0,0,0,0,0
9702,42701,0,unnamed,0,not-CX,190.3,103.5,226.9,LHAD1f1,0,0,0,0,0,0
9703,26625,2,antennal,0,not-CX,504.4,264.4,134.8,M_lvPNm42,0,0,0,0,1,0
9704,42230,0,unnamed,0,not-CX,590.0,88.1,201.4,LHAD1b3,0,0,0,0,1,0
9705,13728,5,MBON,0,not-CX,404.2,268.8,134.0,MBON12,1,0,1,1,1,0
9706,512296,0,unnamed,0,not-CX,389.2,62.7,198.1,SLP438,1,0,1,1,1,0
9707,17155,0,unnamed,0,not-CX,352.6,132.4,272.6,5-HTPMPD01,1,0,1,1,0,0
9708,174035,11,CX,2,columnar,347.5,90.8,245.5,vDeltaB,0,0,0,0,0,0
9709,73908,11,CX,2,columnar,349.1,108.9,260.8,vDeltaH,0,0,0,0,0,0
9710,19323,11,CX,4,other CX,278.0,169.8,115.0,ER4d,0,0,0,0,0,0
9711,39494,0,unnamed,0,not-CX,184.4,128.1,270.5,CB1981,0,0,0,0,0,0
9712,32708,0,unnamed,0,not-CX,513.7,182.6,119.8,CRE059,1,0,1,0,1,0
9713,25628,0,unnamed,0,not-CX,459.0,280.9,140.3,CB1792,0,0,0,0,1,0
9714,544759,0,unnamed,0,not-CX,421.7,151.5,283.6,FS1A_b,0,0,0,0,1,0
9715,16392,0,unnamed,0,not-CX,417.7,59.8,224.2,LHPD5b1,0,0,0,0,1,0
9716,49961,0,unnamed,0,not-CX,192.9,101.7,202.4,CB4208,0,0,0,0,0,0
9717,215479867,0,unnamed,0,not-CX,0.0,0.0,0.0,HRN_VP4,0,0,0,0,0,1
9718,38647,0,unnamed,0,not-CX,177.0,109.5,211.0,SLP012,0,0,0,0,0,0
9719,19410,11,CX,4,other CX,513.3,163.2,131.2,ER4d,0,0,0,0,1,0
9720,558712154,0,unnamed,0,not-CX,0.0,0.0,0.0,TRN_VP2,0,0,0,0,0,1
9721,80544,0,unnamed,0,not-CX,587.7,113.4,190.8,CB1483,0,0,0,0,1,0
9722,531531,0,unnamed,0,not-CX,586.3,189.4,167.4,CB2133,0,0,0,0,1,0
9723,903780,0,unnamed,0,not-CX,0.0,0.0,0.0,INXXX258,0,0,0,0,0,1
9724,512217,0,unnamed,0,not-CX,597.8,150.0,189.9,CB2133,0,0,0,0,1,0
9725,31630,0,unnamed,0,not-CX,585.3,164.5,185.9,CB2045,0,0,0,0,1,0
9726,48556,0,unnamed,0,not-CX,430.0,152.6,280.3,FC1D,0,0,0,0,1,0
9727,934379,0,unnamed,0,not-CX,460.8,377.2,1008.3,INXXX386,0,0,0,0,1,0
9728,801936,0,unnamed,0,not-CX,465.2,378.3,1019.8,INXXX350,0,0,0,0,1,0
9729,25242,0,unnamed,0,not-CX,428.0,77.8,249.4,SMP379,1,0,1,1,1,0
9730,11435,0,unnamed,0,not-CX,231.0,283.2,216.9,LoVP54,1,0,1,0,0,0
9731,527358,0,unnamed,0,not-CX,458.2,259.1,92.4,vLN29,0,0,0,0,1,0
9732,70867,0,unnamed,0,not-CX,580.6,74.5,207.9,LHAD1d1,1,0,1,0,1,0
9733,73285,11,CX,2,columnar,424.5,141.2,280.8,vDeltaB,0,0,0,0,1,0
9734,25448,0,unnamed,0,not-CX,190.8,228.6,187.6,CB0947,0,0,0,0,0,0
9735,19835,0,unnamed,0,not-CX,459.7,325.3,145.5,AMMC030,0,0,0,0,1,0
9736,10690,0,unnamed,0,not-CX,553.8,118.9,267.3,SLP270,1,0,1,0,1,0
9737,806398,0,unnamed,0,not-CX,354.3,344.4,989.3,INXXX363,0,0,0,0,0,0
9738,53321,0,unnamed,0,not-CX,238.8,73.6,253.0,LHPD2a1,1,0,1,0,0,0
9739,67024,0,unnamed,0,not-CX,399.3,108.4,255.4,FC1D,0,0,0,0,1,0
9740,26673,11,CX,4,other CX,494.9,171.5,136.5,ER3w_b,0,0,0,0,1,0
9741,18406,5,MBON,0,not-CX,503.5,93.0,265.5,MBON24,1,0,1,1,1,0
9742,46783,0,unnamed,0,not-CX,592.4,156.0,185.7,CB1238,0,0,0,0,1,0
9743,802606,0,unnamed,0,not-CX,390.0,419.8,1010.8,INXXX126,0,0,0,0,1,0
9744,11250,0,unnamed,0,not-CX,302.9,196.3,298.2,AVLP501,0,0,0,0,0,0
9745,532328,0,unnamed,0,not-CX,593.7,116.7,179.7,CB2823,0,0,0,0,1,0
9746,58359,0,unnamed,0,not-CX,266.9,61.0,248.9,LHPD3a4_b,0,0,0,0,0,0
9747,810937,6,descending,0,not-CX,340.1,362.7,164.9,DNg46,0,0,0,0,0,0
9748,531061,0,unnamed,0,not-CX,582.6,115.2,165.1,CB2226,0,0,0,0,1,0
9749,807717,0,unnamed,0,not-CX,348.0,365.4,999.7,INXXX427,0,0,0,0,0,0
9750,521352,0,unnamed,0,not-CX,351.7,56.6,157.4,SMP048,1,0,1,1,0,0
9751,164856,0,unnamed,0,not-CX,396.2,116.6,268.5,FS2,0,0,0,0,1,0
9752,555967,0,unnamed,0,not-CX,254.8,218.6,128.1,VP3+_l2PN,0,0,0,0,0,0
9753,904652,0,unnamed,0,not-CX,388.1,318.9,1044.9,,0,0,0,0,1,0
9754,25797,11,CX,4,other CX,499.1,167.7,117.9,ER4d,0,0,0,0,1,0
9755,10879,0,unnamed,0,not-CX,189.8,120.9,205.1,AVLP076,0,0,0,0,0,0
9756,10061,0,unnamed,0,not-CX,391.0,177.3,118.8,DCH,0,0,0,0,1,0
9757,62913,0,unnamed,0,not-CX,202.4,139.7,264.5,CB1247,0,0,0,0,0,0
9758,65539,0,unnamed,0,not-CX,167.5,125.1,200.3,CB2770,0,0,0,0,0,0
9759,47269,0,unnamed,0,not-CX,520.5,188.6,111.1,CRE071,1,0,1,0,1,0
9760,18796,0,unnamed,0,not-CX,200.8,160.2,183.0,SLP073,1,0,1,0,0,0
9761,514605,0,unnamed,0,not-CX,311.4,175.4,120.5,mAL6,0,0,0,0,0,0
9762,22504,0,unnamed,0,not-CX,262.3,102.1,155.2,LH002m,0,0,0,0,0,0
9763,906445,0,unnamed,0,not-CX,366.1,330.0,971.5,INXXX386,0,0,0,0,0,0
9764,35462,0,unnamed,0,not-CX,196.8,89.3,210.4,SLP012,0,0,0,0,0,0
9765,65054,11,CX,2,columnar,358.1,87.3,244.1,vDeltaL,0,0,0,0,0,0
9766,58738,0,unnamed,0,not-CX,255.1,57.9,240.3,LHPD3a2_c,0,0,0,0,0,0
9767,542805,0,unnamed,0,not-CX,432.0,185.8,298.7,FC1D,0,0,0,0,1,0
9768,15611,0,unnamed,0,not-CX,489.6,307.3,181.3,GNG479,0,0,0,0,1,0
9769,42515,0,unnamed,0,not-CX,391.3,157.9,294.1,IbSpsP,0,0,0,0,1,0
9770,49002,11,CX,4,other CX,482.8,157.5,111.4,ER3p_a,0,0,0,0,1,0
9771,806263,0,unnamed,0,not-CX,469.5,393.5,1022.6,IN06A106,0,0,0,0,1,0
9772,806586,0,unnamed,0,not-CX,386.5,488.9,570.5,IN02A029,0,0,0,0,1,0
9773,28978,0,unnamed,0,not-CX,472.5,54.0,242.9,SLP281,1,0,1,1,1,0
9774,18921,0,unnamed,0,not-CX,433.8,160.0,100.7,mAL6,0,0,0,0,1,0
9775,11640,0,unnamed,0,not-CX,388.3,89.3,208.9,SLP438,1,0,1,1,1,0
9776,85076,0,unnamed,0,not-CX,292.7,86.6,149.2,CB3374,0,0,0,0,0,0
9777,10326,0,unnamed,0,not-CX,574.9,113.2,202.1,SMP001,1,0,1,0,1,0
9778,15708,5,MBON,0,not-CX,268.0,103.5,274.7,MBON24,1,0,1,1,0,0
9779,43665,0,unnamed,0,not-CX,171.9,154.2,196.8,CB3021,0,0,0,0,0,0
9780,806243,0,unnamed,0,not-CX,358.4,373.3,1037.0,IN06A064,0,0,0,0,0,0
9781,905004,0,unnamed,0,not-CX,397.8,491.4,565.2,IN02A029,0,0,0,0,1,0
9782,95377,0,unnamed,0,not-CX,356.3,112.9,244.7,FS1A_b,0,0,0,0,0,0
9783,178668,0,unnamed,0,not-CX,433.8,136.2,299.3,FS2,0,0,0,0,1,0
9784,806646,0,unnamed,0,not-CX,468.8,379.8,1018.8,INXXX363,0,0,0,0,1,0
9785,61568,0,unnamed,0,not-CX,340.5,148.6,297.2,FC1D,0,0,0,0,0,0
9786,37710,0,unnamed,0,not-CX,397.3,154.7,290.9,IbSpsP,0,0,0,0,1,0
9787,801279,0,unnamed,0,not-CX,433.6,380.5,1059.3,INXXX324,0,0,0,0,1,0
9788,29545,11,CX,4,other CX,274.4,176.5,116.9,ER3w_b,0,0,0,0,0,0
9789,802390,0,unnamed,0,not-CX,416.9,408.0,949.2,IN02A010,0,0,0,0,1,0
9790,163640,0,unnamed,0,not-CX,351.7,97.4,242.8,FS2,0,0,0,0,0,0
9791,11305,0,unnamed,0,not-CX,576.3,151.4,212.9,CL135,1,0,1,0,1,0
9792,49277,0,unnamed,0,not-CX,196.1,159.4,183.2,CB1570,0,0,0,0,0,0
9793,45980,0,unnamed,0,not-CX,488.9,274.9,116.8,v2LN50,0,0,0,0,1,0
9794,43805,11,CX,4,other CX,186.2,129.4,245.8,PLP187,0,0,0,0,0,0
9795,907987,0,unnamed,0,not-CX,0.0,0.0,0.0,INXXX244,0,0,0,0,0,1
9796,56146,0,unnamed,0,not-CX,402.8,92.3,248.0,FC1D,0,0,0,0,1,0
9797,17981,0,unnamed,0,not-CX,471.5,288.2,129.5,WED194,1,0,1,0,1,0
9798,513803,0,unnamed,0,not-CX,600.3,98.4,193.6,CB3728,0,0,0,0,1,0
9799,169226,0,unnamed,0,not-CX,348.5,83.9,239.0,FS2,0,0,0,0,0,0
9800,933415,0,unnamed,0,not-CX,445.0,351.8,974.7,INXXX269,0,0,0,0,1,0
9801,30282,0,unnamed,0,not-CX,566.0,120.8,177.0,SMP034,1,0,1,0,1,0
9802,807296,0,unnamed,0,not-CX,370.1,322.6,1002.6,INXXX363,0,0,0,0,0,0
9803,10120,0,unnamed,0,not-CX,395.9,365.2,268.9,OA-VPM4,1,0,1,0,1,0
9804,513420,0,unnamed,0,not-CX,469.2,57.7,174.2,LHAD3f1_b,0,0,0,0,1,0
9805,56581,0,unnamed,0,not-CX,354.0,86.1,233.0,FC1D,0,0,0,0,0,0
9806,13631,0,unnamed,0,not-CX,278.6,91.1,272.2,SMP175,1,0,1,1,0,0
9807,13568,6,descending,0,not-CX,521.2,300.6,195.0,DNg41,0,0,0,0,1,0
9808,87189,0,unnamed,0,not-CX,341.2,58.4,219.4,CB2105,1,0,1,1,0,0
9809,68398,0,unnamed,0,not-CX,587.7,115.4,197.0,,0,0,0,0,1,0
9810,29632,0,unnamed,0,not-CX,177.3,126.1,204.0,CB0197,1,0,1,0,0,0
9811,512797,0,unnamed,0,not-CX,470.8,270.9,112.2,v2LN34E,0,0,0,0,1,0
9812,36661,0,unnamed,0,not-CX,176.7,138.6,185.6,CB1629,0,0,0,0,0,0
9813,808500,0,unnamed,0,not-CX,347.6,363.7,1014.6,IN06A106,0,0,0,0,0,0
9814,26798,11,CX,4,other CX,488.3,165.4,110.8,ER1_a,0,0,0,0,1,0
9815,92871,0,unnamed,0,not-CX,214.5,165.0,174.3,SIP018,1,0,1,0,0,0
9816,23970,0,unnamed,0,not-CX,534.2,98.7,159.1,LH002m,0,0,0,0,1,0
9817,162909,0,unnamed,0,not-CX,440.4,118.5,294.7,FS3,0,0,0,0,1,0
9818,119668,0,unnamed,0,not-CX,440.0,106.8,278.6,FC1D,0,0,0,0,1,0
9819,11242,0,unnamed,0,not-CX,261.9,310.2,200.1,SAD110,0,0,0,0,0,0
9820,16343,11,CX,4,other CX,280.9,197.3,127.2,ER4d,0,0,0,0,0,0
9821,13791,0,unnamed,0,not-CX,411.4,371.6,180.8,CB0598,0,0,0,0,1,0
9822,48117,0,unnamed,0,not-CX,491.6,173.9,98.0,CB2471,0,0,0,0,1,0
9823,106292,0,unnamed,0,not-CX,358.2,84.4,231.6,FC1D,0,0,0,0,0,0
9824,13068,0,unnamed,0,not-CX,371.5,98.4,242.4,PPM1201,1,0,1,1,0,0
9825,61779,0,unnamed,0,not-CX,269.2,203.5,129.5,CRE069,1,0,1,1,0,0
9826,23874,11,CX,4,other CX,271.1,174.1,125.0,ER4d,0,0,0,0,0,0
9827,515801,0,unnamed,0,not-CX,509.8,221.1,303.0,ALIN3,0,0,0,0,1,0
9828,26130,0,unnamed,0,not-CX,206.9,143.3,204.8,SMP011_b,1,0,1,0,0,0
9829,42229,0,unnamed,0,not-CX,580.1,114.4,169.5,CB2226,0,0,0,0,1,0
9830,800849,0,unnamed,0,not-CX,406.8,441.1,1049.7,INXXX217,0,0,0,0,1,0
9831,19478,11,CX,4,other CX,285.8,147.8,296.5,LAL143,0,0,0,0,0,0
9832,30532,0,unnamed,0,not-CX,499.8,230.9,110.9,CB2558,0,0,0,0,1,0
9833,800192,0,unnamed,0,not-CX,383.2,331.4,951.6,INXXX038,0,0,0,0,0,0
9834,535072,0,unnamed,0,not-CX,398.7,99.4,254.6,FS2,0,0,0,0,1,0
9835,24459,11,CX,4,other CX,497.2,167.0,125.8,ER4d,0,0,0,0,1,0
9836,34966,0,unnamed,0,not-CX,249.8,127.0,277.5,WED089,1,0,1,1,0,0
9837,95255,0,unnamed,0,not-CX,485.9,273.2,118.6,v2LN49,0,0,0,0,1,0
9838,25722,0,unnamed,0,not-CX,222.8,75.9,236.8,CB3464,0,0,0,0,0,0
9839,18377,11,CX,4,other CX,497.8,175.4,129.4,ER3w_b,0,0,0,0,1,0
9840,512489,0,unnamed,0,not-CX,583.4,123.1,168.0,SLP113,1,0,1,0,1,0
9841,801325,0,unnamed,0,not-CX,414.2,429.0,1039.4,IN06A064,0,0,0,0,1,0
9842,800218,0,unnamed,0,not-CX,394.5,411.6,999.0,INXXX126,0,0,0,0,1,0
9843,26115,0,unnamed,0,not-CX,307.8,291.2,109.4,CB4083,0,0,0,0,0,0
9844,25714,0,unnamed,0,not-CX,314.6,289.0,108.0,v2LN50,0,0,0,0,0,0
9845,21778,3,KC,0,not-CX,504.8,68.3,251.9,KCg-s1,1,0,1,1,1,0
9846,27034,0,unnamed,0,not-CX,584.5,212.0,173.4,CB1237,0,0,0,0,1,0
9847,12997,0,unnamed,0,not-CX,361.3,55.9,183.2,SLP441,1,0,1,1,0,0
9848,520933,0,unnamed,0,not-CX,593.1,102.7,258.7,CB1577,0,0,0,0,1,0
9849,517722,0,unnamed,0,not-CX,490.3,188.7,128.5,CRE069,1,0,1,1,1,0
9850,121578,0,unnamed,0,not-CX,382.8,101.0,260.0,IbSpsP,0,0,0,0,0,0
9851,907189,0,unnamed,0,not-CX,425.6,361.1,1076.2,INXXX348,0,0,0,0,1,0
9852,171066,11,CX,2,columnar,384.5,87.7,218.6,vDeltaB,0,0,0,0,0,0
9853,156629,0,unnamed,0,not-CX,469.8,59.0,248.4,LHPD4a1,0,0,0,0,1,0
9854,519398,0,unnamed,0,not-CX,401.4,82.7,112.6,SMP048,1,0,1,1,1,0
9855,65448,0,unnamed,0,not-CX,189.7,128.3,265.9,CB2790,0,0,0,0,0,0
9856,906513,0,unnamed,0,not-CX,470.4,366.3,1001.1,INXXX363,0,0,0,0,1,0
9857,50952,0,unnamed,0,not-CX,393.5,153.8,288.6,IbSpsP,0,0,0,0,1,0
9858,99337,0,unnamed,0,not-CX,516.6,56.1,243.2,CB1160,0,0,0,0,1,0
9859,66389,0,unnamed,0,not-CX,304.2,292.2,125.2,CB3326,0,0,0,0,0,0
9860,11456,0,unnamed,0,not-CX,373.6,195.4,300.0,AMMC013,0,0,0,0,0,0
9861,11559,0,unnamed,0,not-CX,294.3,191.2,127.0,mALB4,1,0,1,1,0,0
9862,516331,0,unnamed,0,not-CX,513.0,49.3,237.3,,0,0,0,0,1,0
9863,18182,0,unnamed,0,not-CX,456.4,287.2,130.8,PRW003,1,0,1,0,1,0
9864,522744,0,unnamed,0,not-CX,266.1,231.2,132.9,SLP235,0,0,0,0,0,0
9865,904168,0,unnamed,0,not-CX,390.7,322.0,1067.8,INXXX324,0,0,0,0,1,0
9866,27077,0,unnamed,0,not-CX,201.9,146.2,181.3,SLP112,1,0,1,0,0,0
9867,13094,11,CX,4,other CX,278.2,163.1,119.3,ER4d,0,0,0,0,0,0
9868,24122,11,CX,4,other CX,281.3,190.4,133.9,ER4d,0,0,0,0,0,0
9869,20647,0,unnamed,0,not-CX,587.8,90.3,198.3,LH007m,0,0,0,0,1,0
9870,807124,0,unnamed,0,not-CX,419.0,335.7,976.3,IN19A099,0,0,0,0,1,0
9871,40335,0,unnamed,0,not-CX,250.4,184.3,135.7,CRE059,1,0,1,1,0,0
9872,18030,11,CX,2,columnar,382.3,85.1,213.5,vDeltaI_b,0,0,0,0,0,0
9873,44472,0,unnamed,0,not-CX,571.8,78.6,214.7,LHPD2a6,0,0,0,0,1,0
9874,17591,11,CX,4,other CX,275.0,179.1,132.2,ER4d,0,0,0,0,0,0
9875,148290,11,CX,2,columnar,382.0,70.2,207.2,vDeltaJ,0,0,0,0,0,0
9876,51759,0,unnamed,0,not-CX,394.8,152.4,291.2,IbSpsP,0,0,0,0,1,0
9877,15442,6,descending,0,not-CX,428.4,360.6,172.1,DNg46,0,0,0,0,1,0
9878,159660,11,CX,2,columnar,345.2,102.5,263.2,vDeltaB,0,0,0,0,0,0
9879,46453,0,unnamed,0,not-CX,246.6,57.6,227.9,LHPD3c1,0,0,0,0,0,0
9880,14387,6,descending,0,not-CX,389.3,376.9,266.6,DNge151,0,0,0,0,1,0
9881,12535,0,unnamed,0,not-CX,471.0,304.9,156.7,SLP471,0,0,0,0,1,0
9882,18337,0,unnamed,0,not-CX,561.3,111.4,173.5,SLP034,1,0,1,0,1,0
9883,10011,0,unnamed,0,not-CX,419.6,254.5,113.9,OA-AL2i1,1,0,1,1,1,0
9884,907370,0,unnamed,0,not-CX,407.7,328.6,1042.6,INXXX379,0,0,0,0,1,0
9885,16322,0,unnamed,0,not-CX,299.2,60.0,174.0,SIP019,1,0,1,1,0,0
9886,808272,0,unnamed,0,not-CX,0.0,0.0,0.0,IN01A031,0,0,0,0,0,1
9887,800167,0,unnamed,0,not-CX,359.6,410.9,1022.8,IN21A001,0,0,0,0,0,0
9888,38333,0,unnamed,0,not-CX,213.6,136.6,279.4,CB3240,1,0,1,0,0,0
9889,809479,0,unnamed,0,not-CX,354.4,344.3,980.7,IN06A106,0,0,0,0,0,0
9890,905919,0,unnamed,0,not-CX,0.0,0.0,0.0,INXXX409,0,0,0,0,0,1
9891,913431,0,unnamed,0,not-CX,0.0,0.0,0.0,INXXX329,0,0,0,0,0,1
9892,23520,11,CX,4,other CX,509.6,163.7,127.5,ER4d,0,0,0,0,1,0
9893,23315,11,CX,4,other CX,515.3,158.7,133.4,ER4d,0,0,0,0,1,0
9894,15114,0,unnamed,0,not-CX,563.3,129.9,147.3,SIP018,1,0,1,0,1,0
9895,17043,0,unnamed,0,not-CX,285.5,315.2,156.4,GNG206,0,0,0,0,0,0
9896,72390,0,unnamed,0,not-CX,389.1,86.5,225.8,FC1E,0,0,0,0,1,0
9897,45811,0,unnamed,0,not-CX,204.7,111.6,203.8,LHAD1f5,0,0,0,0,0,0
9898,23188,0,unnamed,0,not-CX,443.8,436.2,537.7,AN18B023,0,0,0,0,1,0
9899,805153,0,unnamed,0,not-CX,395.6,319.8,1040.6,INXXX303,0,0,0,0,1,0
9900,802662,0,unnamed,0,not-CX,404.7,410.3,961.5,IN02A010,0,0,0,0,1,0
9901,59746,0,unnamed,0,not-CX,173.7,115.1,212.0,CB2038,0,0,0,0,0,0
9902,11504,0,unnamed,0,not-CX,425.2,59.5,232.0,LHPD5a1,1,0,1,1,1,0
9903,45697,0,unnamed,0,not-CX,0.0,0.0,0.0,LHAD3a1,0,0,0,0,0,1
9904,14657,0,unnamed,0,not-CX,286.0,163.8,112.1,SMP152,0,0,0,0,0,0
9905,517866,0,unnamed,0,not-CX,234.8,67.2,251.1,SLP327,1,0,1,0,0,0
9906,530710,0,unnamed,0,not-CX,592.4,111.8,255.4,CB1981,0,0,0,0,1,0
9907,50694,11,CX,4,other CX,478.1,160.9,120.6,ER3w_b,0,0,0,0,1,0
9908,31016,5,MBON,0,not-CX,524.2,82.8,259.2,MBON17,0,0,0,0,1,0
9909,15842,0,unnamed,0,not-CX,541.8,125.2,136.7,AVLP038,0,0,0,0,1,0
9910,802117,0,unnamed,0,not-CX,329.7,509.4,656.9,IN06A004,0,0,0,0,0,0
9911,98241,0,unnamed,0,not-CX,195.2,158.3,170.0,CB3023,0,0,0,0,0,0
9912,539675,11,CX,2,columnar,424.3,144.5,281.2,vDeltaI_a,0,0,0,0,1,0
9913,12691,0,unnamed,0,not-CX,495.9,180.4,291.2,DSKMP3,1,0,1,1,1,0
9914,32844,0,unnamed,0,not-CX,199.0,165.2,174.1,CB3023,0,0,0,0,0,0
9915,38706,11,CX,4,other CX,339.3,184.3,296.9,ExR2,0,0,0,0,0,0
9916,41467,0,unnamed,0,not-CX,599.7,102.5,181.1,SLP012,0,0,0,0,1,0
9917,582265,0,unnamed,0,not-CX,404.6,54.2,204.4,SMP443,1,0,1,1,1,0
9918,11016,0,unnamed,0,not-CX,198.9,159.0,221.3,CL135,1,0,1,0,0,0
9919,802258,0,unnamed,0,not-CX,503.9,494.4,664.6,IN06A004,0,0,0,0,1,0
9920,40685,2,antennal,0,not-CX,255.8,301.5,178.6,M_lvPNm31,0,0,0,0,0,0
9921,43036,0,unnamed,0,not-CX,185.8,150.2,192.2,CB1629,0,0,0,0,0,0
9922,905005,0,unnamed,0,not-CX,393.6,487.4,571.3,IN02A029,0,0,0,0,1,0
9923,801015,0,unnamed,0,not-CX,400.5,318.1,1072.7,INXXX184,0,0,0,0,1,0
9924,101600,0,unnamed,0,not-CX,448.2,64.4,155.1,LHAD3e1_a,0,0,0,0,1,0
9925,31925,0,unnamed,0,not-CX,281.6,292.2,126.9,v2LN34A,0,0,0,0,0,0
9926,35978,11,CX,4,other CX,480.3,162.5,109.6,ER1_b,1,0,1,1,1,0
9927,142344,0,unnamed,0,not-CX,528.7,54.9,226.5,LHPD3a4_b,0,0,0,0,1,0
9928,805344,0,unnamed,0,not-CX,356.0,338.3,963.8,INXXX414,0,0,0,0,0,0
9929,549729,11,CX,2,columnar,346.9,102.2,258.1,vDeltaI_b,0,0,0,0,0,0
9930,43652,0,unnamed,0,not-CX,562.7,105.4,175.7,LH002m,0,0,0,0,1,0
9931,801951,0,unnamed,0,not-CX,395.5,421.1,1008.3,INXXX126,0,0,0,0,1,0
9932,54382,0,unnamed,0,not-CX,589.5,114.7,194.4,CB2770,0,0,0,0,1,0
9933,106016,11,CX,2,columnar,426.0,147.1,276.7,vDeltaA_b,0,0,0,0,1,0
9934,36577,2,antennal,0,not-CX,510.2,265.6,151.7,M_lvPNm40,0,0,0,0,1,0
9935,102716,0,unnamed,0,not-CX,534.4,52.4,221.7,,0,0,0,0,1,0
9936,927842,0,unnamed,0,not-CX,455.0,367.2,1002.2,INXXX260,0,0,0,0,1,0
9937,66261,0,unnamed,0,not-CX,194.0,94.0,206.4,LHAD1d1,1,0,1,0,0,0
9938,35790,11,CX,4,other CX,475.6,148.7,288.7,PLP208,0,0,0,0,1,0
9939,11919,0,unnamed,0,not-CX,420.7,366.4,269.4,PS321,0,0,0,0,1,0
9940,31124,0,unnamed,0,not-CX,455.4,187.1,300.8,PVLP149,1,0,1,1,1,0
9941,806079,0,unnamed,0,not-CX,405.7,431.4,1050.7,INXXX418,0,0,0,0,1,0
9942,116594,2,antennal,0,not-CX,269.7,303.1,173.3,M_lvPNm46,0,0,0,0,0,0
9943,84581,0,unnamed,0,not-CX,575.3,116.8,263.4,CB2904,0,0,0,0,1,0
9944,47992,0,unnamed,0,not-CX,300.2,81.4,149.9,LHAD3f1_a,0,0,0,0,0,0
9945,42124,0,unnamed,0,not-CX,182.2,152.5,207.7,CB3021,0,0,0,0,0,0
9946,58878,0,unnamed,0,not-CX,285.7,112.1,127.6,LHAD3e1_a,0,0,0,0,0,0
9947,151041,11,CX,2,columnar,425.9,80.8,262.5,vDeltaI_b,0,0,0,0,1,0
9948,19387,0,unnamed,0,not-CX,441.6,47.9,229.2,SMP531,0,0,0,0,1,0
9949,530245,0,unnamed,0,not-CX,552.3,80.8,257.4,SLP271,1,0,1,0,1,0
9950,514043,0,unnamed,0,not-CX,387.3,142.5,284.9,IbSpsP,0,0,0,0,1,0
9951,903765,0,unnamed,0,not-CX,451.1,353.6,951.1,INXXX331,0,0,0,0,1,0
9952,802261,0,unnamed,0,not-CX,391.4,322.2,1047.3,INXXX273,0,0,0,0,1,0
9953,15928,0,unnamed,0,not-CX,509.7,230.8,118.4,M_l2PNm17,1,0,1,0,1,0
9954,12279,2,antennal,0,not-CX,507.6,268.9,146.5,M_lvPNm40,0,0,0,0,1,0
9955,523017,0,unnamed,0,not-CX,491.6,298.9,279.7,CB0214,0,0,0,0,1,0
9956,66309,0,unnamed,0,not-CX,421.8,93.6,253.0,FC1D,0,0,0,0,1,0
9957,39805,0,unnamed,0,not-CX,507.8,98.7,155.2,SIP019,1,0,1,1,1,0
9958,526552,11,CX,4,other CX,276.8,177.7,141.5,ER3w_b,0,0,0,0,0,0
9959,155214,11,CX,2,columnar,424.3,83.9,261.9,vDeltaA_b,0,0,0,0,1,0
9960,53745,11,CX,4,other CX,491.6,170.5,119.5,ER3p_a,0,0,0,0,1,0
9961,10249,6,descending,0,not-CX,444.4,159.5,281.8,DNp31,0,0,0,0,1,0
9962,765790195,0,unnamed,0,not-CX,469.0,296.5,138.3,GNG591,0,0,0,0,1,0
9963,62790,0,unnamed,0,not-CX,385.8,95.2,231.3,FS1A_a,0,0,0,0,1,0
9964,39491,0,unnamed,0,not-CX,202.8,132.4,280.8,CB2092,0,0,0,0,0,0
9965,148909,0,unnamed,0,not-CX,240.2,69.2,251.7,CB3476,0,0,0,0,0,0
9966,516739,0,unnamed,0,not-CX,295.8,182.5,119.8,mAL6,0,0,0,0,0,0
9967,801870,0,unnamed,0,not-CX,506.7,428.3,683.6,INXXX076,0,0,0,0,1,0
9968,27502,0,unnamed,0,not-CX,405.7,99.1,251.7,FC1E,0,0,0,0,1,0
9969,56018,0,unnamed,0,not-CX,205.0,154.1,167.0,CB2687,0,0,0,0,0,0
9970,51350,0,unnamed,0,not-CX,185.9,190.1,202.4,,0,0,0,0,0,0
9971,31551,0,unnamed,0,not-CX,203.2,94.8,216.5,LHAD1f1,0,0,0,0,0,0
9972,81417,11,CX,2,columnar,392.7,85.3,237.6,vDeltaK,0,0,0,0,1,0
9973,805368,0,unnamed,0,not-CX,354.4,516.4,848.6,IN12A002,0,0,0,0,0,0
9974,37058,11,CX,4,other CX,279.4,183.7,127.7,ER1_b,1,0,1,1,0,0
9975,24879,11,CX,4,other CX,474.8,164.5,115.2,ER4d,0,0,0,0,1,0
9976,804264,0,unnamed,0,not-CX,426.0,346.1,1040.1,INXXX348,0,0,0,0,1,0
9977,15274,11,CX,4,other CX,474.5,139.1,278.4,LAL143,0,0,0,0,1,0
9978,56691,0,unnamed,0,not-CX,184.5,128.5,265.6,CB2782,0,0,0,0,0,0
9979,37619,0,unnamed,0,not-CX,191.8,171.0,218.9,CB1735,0,0,0,0,0,0
9980,802696,0,unnamed,0,not-CX,477.4,377.0,993.4,IN01A031,0,0,0,0,1,0
9981,47867,0,unnamed,0,not-CX,467.4,283.1,140.1,CB1792,0,0,0,0,1,0
9982,152120,0,unnamed,0,not-CX,350.4,169.3,294.7,FS2,0,0,0,0,0,0
9983,34199,0,unnamed,0,not-CX,592.5,169.3,176.7,,0,0,0,0,1,0
9984,51129,0,unnamed,0,not-CX,196.4,128.8,188.5,LHAD1j1,0,0,0,0,0,0
9985,15117,0,unnamed,0,not-CX,344.2,125.3,272.9,SMP385,1,0,1,1,0,0
9986,61572,0,unnamed,0,not-CX,252.9,205.6,115.4,CB2908,0,0,0,0,0,0
9987,34601,0,unnamed,0,not-CX,210.2,247.2,181.9,CB1103,0,0,0,0,0,0
9988,179051,11,CX,2,columnar,387.1,88.0,223.0,vDeltaB,0,0,0,0,1,0
9989,28951,0,unnamed,0,not-CX,227.4,126.9,163.5,LH008m,0,0,0,0,0,0
9990,521938,0,unnamed,0,not-CX,406.8,65.2,220.4,SMP374,1,0,1,1,1,0
9991,513827,0,unnamed,0,not-CX,544.2,98.2,259.4,SLP378,0,0,0,0,1,0
9992,65273,2,antennal,0,not-CX,263.2,293.6,170.3,VM6_lvPN,0,0,0,0,0,0
9993,19791,11,CX,4,other CX,503.6,167.4,125.6,ER4d,0,0,0,0,1,0
9994,12120,0,unnamed,0,not-CX,231.7,268.1,195.1,AVLP316,0,0,0,0,0,0
9995,129780,0,unnamed,0,not-CX,405.1,105.6,251.9,FC3_b,0,0,0,0,1,0
9996,808765,0,unnamed,0,not-CX,432.7,429.6,1030.5,IN06A106,0,0,0,0,1,0
9997,65579,0,unnamed,0,not-CX,354.5,89.3,240.2,FC3_a,0,0,0,0,0,0
9998,801213,0,unnamed,0,not-CX,420.2,426.5,1044.3,INXXX329,0,0,0,0,1,0
9999,131124,0,unnamed,0,not-CX,381.8,116.9,265.8,IbSpsP,0,0,0,0,0,0
10000,27770,11,CX,4,other CX,287.6,170.3,129.6,ER3w_b,0,0,0,0,0,0
10001,71224,0,unnamed,0,not-CX,344.9,300.6,123.1,CB0650,0,0,0,0,0,0
10002,555969,0,unnamed,0,not-CX,272.0,238.6,109.8,l2LN22,0,0,0,0,0,0
10003,50808,11,CX,4,other CX,472.2,156.5,104.5,ER4d,0,0,0,0,1,0
10004,75344,0,unnamed,0,not-CX,476.6,276.0,109.5,v2LN34E,0,0,0,0,1,0
10005,515933,11,CX,4,other CX,337.3,180.3,299.1,ExR2,0,0,0,0,0,0
10006,851549,0,unnamed,0,not-CX,352.3,377.6,1031.1,IN06A106,0,0,0,0,0,0
10007,20052,0,unnamed,0,not-CX,575.4,165.3,202.6,SMP250,1,0,1,0,1,0
10008,819575,0,unnamed,0,not-CX,382.5,472.6,882.6,IN16B037,0,0,0,0,0,0
10009,56664,0,unnamed,0,not-CX,265.2,199.4,109.1,CB2471,0,0,0,0,0,0
10010,41729,0,unnamed,0,not-CX,195.6,93.6,209.8,LHAD1b5,0,0,0,0,0,0
10011,54248,0,unnamed,0,not-CX,588.9,88.0,205.0,CB2038,0,0,0,0,1,0
10012,116012,0,unnamed,0,not-CX,299.4,295.3,121.2,v2LN34B,0,0,0,0,0,0
10013,247067,0,unnamed,0,not-CX,581.5,116.9,172.3,CB3319,0,0,0,0,1,0
10014,17708,0,unnamed,0,not-CX,208.1,174.5,166.0,CL080,1,0,1,0,0,0
10015,524133,0,unnamed,0,not-CX,598.6,118.3,182.1,AVLP031,1,0,1,0,1,0
10016,18983,0,unnamed,0,not-CX,466.5,289.8,125.4,CB0650,0,0,0,0,1,0
10017,39729,0,unnamed,0,not-CX,193.1,146.1,175.2,CB2172,0,0,0,0,0,0
10018,89524,0,unnamed,0,not-CX,173.2,109.2,216.2,CB3729,0,0,0,0,0,0
10019,519368,5,MBON,0,not-CX,364.6,283.3,128.5,MBON12,1,0,1,0,0,0
10020,11166,0,unnamed,0,not-CX,478.8,179.1,122.0,mALD4,0,0,0,0,1,0
10021,33779,0,unnamed,0,not-CX,255.8,80.7,253.8,LHPD2a1,1,0,1,1,0,0
10022,12985,0,unnamed,0,not-CX,417.3,140.8,272.5,CRE077,1,0,1,1,1,0
10023,31385,0,unnamed,0,not-CX,185.5,161.5,173.9,,0,0,0,0,0,0
10024,29932,0,unnamed,0,not-CX,187.0,194.5,193.5,SLP211,1,0,1,0,0,0
10025,112870,0,unnamed,0,not-CX,327.5,72.0,144.3,CB1020,0,0,0,0,0,0
10026,546947,0,unnamed,0,not-CX,590.8,106.2,271.4,CB2904,0,0,0,0,1,0
10027,56839,0,unnamed,0,not-CX,336.2,144.2,300.2,FC3_b,0,0,0,0,0,0
10028,66561,11,CX,2,columnar,335.5,138.2,292.5,vDeltaI_b,0,0,0,0,0,0
10029,26895,0,unnamed,0,not-CX,193.0,225.7,186.2,CB0947,0,0,0,0,0,0
10030,28331,0,unnamed,0,not-CX,507.1,217.1,113.7,CB2558,0,0,0,0,1,0
10031,513828,0,unnamed,0,not-CX,560.0,83.7,254.7,SLP255,0,0,0,0,1,0
10032,512734,0,unnamed,0,not-CX,391.7,99.9,106.5,SMP081,1,0,1,1,1,0
10033,517512,11,CX,4,other CX,439.8,176.8,300.1,ExR2,1,0,1,1,1,0
10034,19385,0,unnamed,0,not-CX,548.4,61.2,230.1,LHPD2c7,1,0,1,0,1,0
10035,545550,0,unnamed,0,not-CX,581.1,77.4,200.5,LHAD1d1,1,0,1,0,1,0
10036,44288,0,unnamed,0,not-CX,175.5,152.4,202.0,CB4084,0,0,0,0,0,0
10037,804068,0,unnamed,0,not-CX,357.8,390.2,1016.0,INXXX339,0,0,0,0,0,0
10038,1050859066,0,unnamed,0,not-CX,352.2,347.8,944.2,INXXX073,0,0,0,0,0,0
10039,32698,0,unnamed,0,not-CX,185.2,175.8,203.2,CB1687,1,0,1,0,0,0
10040,54176,11,CX,2,columnar,346.6,84.3,258.3,vDeltaI_b,0,0,0,0,0,0
10041,24076,11,CX,4,other CX,280.3,167.5,119.6,ER4d,0,0,0,0,0,0
10042,153574,0,unnamed,0,not-CX,522.6,54.1,236.6,LHPD3a4_b,0,0,0,0,1,0
10043,18257,0,unnamed,0,not-CX,252.7,123.8,274.5,WED092,1,0,1,1,0,0
10044,31030,11,CX,4,other CX,583.6,118.4,242.3,PLP187,0,0,0,0,1,0
10045,134653,11,CX,2,columnar,347.7,149.8,291.7,vDeltaB,0,0,0,0,0,0
10046,44440,0,unnamed,0,not-CX,574.6,128.8,168.9,CB1570,0,0,0,0,1,0
10047,17209,0,unnamed,0,not-CX,415.1,116.7,264.8,SMP505,1,0,1,1,1,0
10048,64842,0,unnamed,0,not-CX,354.3,166.2,283.2,FC1E,0,0,0,0,0,0
10049,513385,11,CX,4,other CX,579.0,143.1,160.1,PLP058,0,0,0,0,1,0
10050,39095,11,CX,4,other CX,496.8,169.5,121.9,ER1_a,0,0,0,0,1,0
10051,12289,0,unnamed,0,not-CX,178.0,166.0,174.6,AVLP432,1,0,1,0,0,0
10052,805555,0,unnamed,0,not-CX,351.2,341.3,984.5,IN07B061,0,0,0,0,0,0
10053,383044585,0,unnamed,0,not-CX,0.0,0.0,0.0,HRN_VP1l,0,0,0,0,0,1
10054,45762,0,unnamed,0,not-CX,270.5,54.0,253.6,SLP315,1,0,1,1,0,0
10055,10110,0,unnamed,0,not-CX,388.1,348.0,174.5,OA-VUMa1,1,0,1,0,1,0
10056,511857,11,CX,4,other CX,488.9,165.6,122.8,ER1_c,1,0,1,1,1,0
10057,801707,0,unnamed,0,not-CX,442.1,402.1,1050.6,INXXX271,0,0,0,0,1,0
10058,45325,2,antennal,0,not-CX,265.3,301.2,174.2,M_lvPNm44,0,0,0,0,0,0
10059,88799,0,unnamed,0,not-CX,511.9,51.8,242.1,,0,0,0,0,1,0
10060,56106,0,unnamed,0,not-CX,356.6,78.2,237.5,FC1E,0,0,0,0,0,0
10061,99080,0,unnamed,0,not-CX,472.2,271.8,105.0,CB3326,0,0,0,0,1,0
10062,12908,0,unnamed,0,not-CX,268.6,258.8,128.6,SLP239,0,0,0,0,0,0
10063,12313,0,unnamed,0,not-CX,331.7,160.7,107.2,SMP109,1,0,1,1,0,0
10064,28557,0,unnamed,0,not-CX,245.5,97.4,265.4,WED093,1,0,1,1,0,0
10065,10124,6,descending,0,not-CX,462.2,342.9,180.9,DNg105,0,0,0,0,1,0
10066,800510,0,unnamed,0,not-CX,418.3,341.0,951.0,INXXX038,0,0,0,0,1,0
10067,802206,0,unnamed,0,not-CX,430.1,349.6,1017.6,INXXX231,0,0,0,0,1,0
10068,32791,0,unnamed,0,not-CX,467.6,56.6,176.7,LHAD3a1,0,0,0,0,1,0
10069,52572,0,unnamed,0,not-CX,187.9,202.1,203.6,CB2133,0,0,0,0,0,0
10070,35373,0,unnamed,0,not-CX,207.3,104.3,196.1,LHAD1a2,0,0,0,0,0,0
10071,39412,0,unnamed,0,not-CX,590.2,90.8,245.9,SLP360_a,1,0,1,0,1,0
10072,800948,0,unnamed,0,not-CX,427.1,358.5,814.5,dMS5,0,0,0,0,1,0
10073,121384,0,unnamed,0,not-CX,0.0,0.0,0.0,TRN_VP3a,0,0,0,0,0,1
10074,13096,6,descending,0,not-CX,287.1,301.1,268.4,DNge018,0,0,0,0,0,0
10075,28488,0,unnamed,0,not-CX,588.3,91.6,187.8,LHAD1f1,0,0,0,0,1,0
10076,79723,0,unnamed,0,not-CX,192.9,97.7,200.3,LHAD1d1,1,0,1,0,0,0
10077,61060,0,unnamed,0,not-CX,601.1,96.5,186.8,,0,0,0,0,1,0
10078,529417,0,unnamed,0,not-CX,571.6,124.4,153.4,,0,0,0,0,1,0
10079,148515,0,unnamed,0,not-CX,384.8,151.8,285.7,IbSpsP,0,0,0,0,0,0
10080,10503,0,unnamed,0,not-CX,197.1,245.8,349.5,LPi4b,0,0,0,0,0,0
10081,12319,0,unnamed,0,not-CX,405.9,283.0,122.8,GNG088,0,0,0,0,1,0
10082,60590,0,unnamed,0,not-CX,257.1,54.9,238.9,LHPD3a4_b,0,0,0,0,0,0
10083,552966,11,CX,2,columnar,357.5,93.3,252.0,vDeltaM,0,0,0,0,0,0
10084,115572,11,CX,2,columnar,396.1,86.9,236.5,vDeltaL,0,0,0,0,1,0
10085,12431,0,unnamed,0,not-CX,502.8,172.2,285.6,SMP577,1,0,1,1,1,0
10086,171511,11,CX,2,columnar,401.6,111.0,260.9,vDeltaB,0,0,0,0,1,0
10087,35365,0,unnamed,0,not-CX,587.0,178.3,172.0,CB2045,0,0,0,0,1,0
10088,145530,11,CX,2,columnar,352.8,89.6,242.8,vDeltaI_b,0,0,0,0,0,0
10089,916640,0,unnamed,0,not-CX,220.0,74.5,219.3,LHPD2a6,1,0,1,0,0,0
10090,524198,0,unnamed,0,not-CX,360.3,52.0,168.7,SLP439,1,0,1,1,0,0
10091,512607,11,CX,4,other CX,273.7,177.8,137.5,ER3p_a,0,0,0,0,0,0
10092,517602,11,CX,4,other CX,286.5,180.2,120.6,ER3p_a,0,0,0,0,0,0
10093,457812,0,unnamed,0,not-CX,294.4,299.7,119.3,v2LN42,0,0,0,0,0,0
10094,88289,0,unnamed,0,not-CX,427.2,140.4,289.9,FS3_a,0,0,0,0,1,0
10095,49689,0,unnamed,0,not-CX,199.0,131.7,266.8,CB1219,0,0,0,0,0,0
10096,75270,0,unnamed,0,not-CX,351.5,53.4,184.6,CB1073,1,0,1,1,0,0
10097,14323,0,unnamed,0,not-CX,520.5,128.2,272.8,WED092,1,0,1,1,1,0
10098,29764,0,unnamed,0,not-CX,212.2,267.7,193.6,CB4132,0,0,0,0,0,0
10099,144897,0,unnamed,0,not-CX,568.7,125.4,257.2,CB2782,0,0,0,0,1,0
10100,802124,0,unnamed,0,not-CX,403.1,439.2,1040.7,IN00A017,0,0,0,0,1,0
10101,71503,11,CX,4,other CX,280.0,181.8,124.0,ER1_c,0,0,0,0,0,0
10102,12445,0,unnamed,0,not-CX,432.7,154.2,96.5,mAL6,0,0,0,0,1,0
10103,36235,11,CX,4,other CX,482.2,159.6,117.7,ER1_c,0,0,0,0,1,0
10104,802071,0,unnamed,0,not-CX,434.5,393.0,1058.4,INXXX184,0,0,0,0,1,0
10105,801093,0,unnamed,0,not-CX,377.6,336.1,945.6,INXXX111,0,0,0,0,0,0
10106,50232,0,unnamed,0,not-CX,561.3,110.3,166.0,LHAD1a2,0,0,0,0,1,0
10107,16062,0,unnamed,0,not-CX,267.8,148.4,284.0,SMP577,1,0,1,1,0,0
10108,175504,11,CX,2,columnar,370.0,100.1,259.6,vDeltaB,0,0,0,0,0,0
10109,27151,0,unnamed,0,not-CX,270.4,97.1,152.5,LH002m,0,0,0,0,0,0
10110,816908,0,unnamed,0,not-CX,410.0,419.0,1063.2,INXXX244,0,0,0,0,1,0
10111,25616,0,unnamed,0,not-CX,491.4,265.4,112.0,v2LN50,0,0,0,0,1,0
10112,545293,0,unnamed,0,not-CX,279.7,63.7,253.9,LHPD4a1,0,0,0,0,0,0
10113,23703,11,CX,4,other CX,283.4,179.0,122.0,ER1_b,1,0,1,1,0,0
10114,953507,0,unnamed,0,not-CX,319.6,75.4,146.8,CB2184,0,0,0,0,0,0
10115,28339,11,CX,4,other CX,273.2,185.7,122.1,ER4d,0,0,0,0,0,0
10116,535926,0,unnamed,0,not-CX,584.8,91.6,186.1,LHAD1f1,0,0,0,0,1,0
10117,36274,2,antennal,0,not-CX,270.3,297.1,161.8,M_lvPNm46,0,0,0,0,0,0
10118,912055,0,unnamed,0,not-CX,390.7,352.2,805.2,dMS5,0,0,0,0,1,0
10119,27164,0,unnamed,0,not-CX,304.3,291.6,106.7,CB4083,0,0,0,0,0,0
10120,83473,11,CX,2,columnar,341.6,148.1,293.1,vDeltaB,0,0,0,0,0,0
10121,808159,0,unnamed,0,not-CX,386.2,401.9,1057.9,INXXX409,0,0,0,0,1,0
10122,77073,0,unnamed,0,not-CX,592.9,102.3,187.7,SLP012,0,0,0,0,1,0
10123,37454,0,unnamed,0,not-CX,234.5,72.3,246.2,CB3464,0,0,0,0,0,0
10124,88490,0,unnamed,0,not-CX,500.1,56.7,248.9,,0,0,0,0,1,0
10125,42494,2,antennal,0,not-CX,519.4,292.5,176.3,M_lvPNm33,0,0,0,0,1,0
10126,10916,0,unnamed,0,not-CX,478.9,92.1,141.1,CRE021,1,0,1,1,1,0
10127,804684,0,unnamed,0,not-CX,470.7,360.7,989.3,INXXX365,0,0,0,0,1,0
10128,14840,11,CX,4,other CX,268.8,231.3,138.2,LAL101,0,0,0,0,0,0
10129,803180,0,unnamed,0,not-CX,426.0,430.5,1034.2,INXXX268,0,0,0,0,1,0
10130,15259,0,unnamed,0,not-CX,296.5,334.1,222.2,GNG132,0,0,0,0,0,0
10131,146524,0,unnamed,0,not-CX,423.2,142.6,286.5,FS1A_c,0,0,0,0,1,0
10132,36351,0,unnamed,0,not-CX,302.7,293.8,119.6,v2LN49,0,0,0,0,0,0
10133,49600,0,unnamed,0,not-CX,194.5,160.8,172.4,CB2701,0,0,0,0,0,0
10134,60071,0,unnamed,0,not-CX,180.7,158.8,177.4,CB1570,0,0,0,0,0,0
10135,44949,0,unnamed,0,not-CX,581.2,125.5,188.3,CB2823,0,0,0,0,1,0
10136,60435,0,unnamed,0,not-CX,268.5,53.5,242.8,LHPD3a4_b,0,0,0,0,0,0
10137,176743,0,unnamed,0,not-CX,546.8,59.6,239.9,SLP327,0,0,0,0,1,0
10138,22201,0,unnamed,0,not-CX,313.9,335.9,143.8,AMMC026,0,0,0,0,0,0
10139,801430,0,unnamed,0,not-CX,402.2,419.2,1007.7,INXXX126,0,0,0,0,1,0
10140,804015,0,unnamed,0,not-CX,399.8,485.2,567.8,IN02A019,0,0,0,0,1,0
10141,49291,0,unnamed,0,not-CX,164.5,123.1,202.0,CB2851,0,0,0,0,0,0
10142,35249,0,unnamed,0,not-CX,587.6,108.5,254.5,CB3288,0,0,0,0,1,0
10143,39196,0,unnamed,0,not-CX,205.5,91.7,214.2,LHAD1f1,0,0,0,0,0,0
10144,71397,0,unnamed,0,not-CX,383.6,93.4,225.6,FC1C_b,0,0,0,0,0,0
10145,37075,0,unnamed,0,not-CX,308.8,294.2,107.3,CB1545,0,0,0,0,0,0
10146,12731,0,unnamed,0,not-CX,262.5,272.3,151.5,AVLP251,1,0,1,0,0,0
10147,118617,0,unnamed,0,not-CX,362.5,98.1,240.9,FC1D,0,0,0,0,0,0
10148,13737,0,unnamed,0,not-CX,367.0,151.9,278.9,CRE077,1,0,1,1,0,0
10149,581342,0,unnamed,0,not-CX,578.3,86.9,183.3,CB4209,0,0,0,0,1,0
10150,25363,0,unnamed,0,not-CX,197.5,136.2,259.4,SMP250,1,0,1,0,0,0
10151,165160,11,CX,2,columnar,368.5,102.9,260.8,vDeltaB,0,0,0,0,0,0
10152,24163,0,unnamed,0,not-CX,199.9,152.1,170.0,SLP112,1,0,1,0,0,0
10153,805472,0,unnamed,0,not-CX,367.3,322.2,988.1,INXXX365,0,0,0,0,0,0
10154,807148,0,unnamed,0,not-CX,432.6,437.0,1013.1,IN03B056,0,0,0,0,1,0
10155,513649,11,CX,4,other CX,455.0,182.0,294.2,LAL185,0,0,0,0,1,0
10156,519819,0,unnamed,0,not-CX,330.2,119.9,285.0,PS213,0,0,0,0,0,0
10157,46188,0,unnamed,0,not-CX,193.8,153.9,173.7,CB2919,0,0,0,0,0,0
10158,97946,11,CX,2,columnar,433.2,120.2,293.5,vDeltaI_b,0,0,0,0,1,0
10159,19152,0,unnamed,0,not-CX,211.4,168.5,171.3,CL077,1,0,1,0,0,0
10160,29350,0,unnamed,0,not-CX,476.9,295.3,142.9,CB0650,1,0,1,0,1,0
10161,519269,0,unnamed,0,not-CX,576.3,74.5,199.5,LHAD1b3,0,0,0,0,1,0
10162,14728,0,unnamed,0,not-CX,249.5,135.8,136.3,AVLP032,1,0,1,1,0,0
10163,24151,0,unnamed,0,not-CX,277.1,90.4,154.2,LH002m,0,0,0,0,0,0
10164,124509,0,unnamed,0,not-CX,202.3,108.6,203.7,LHAD1f5,0,0,0,0,0,0
10165,80717,0,unnamed,0,not-CX,0.0,0.0,0.0,HRN_VP5,0,0,0,0,0,1
10166,13305,0,unnamed,0,not-CX,186.5,120.2,223.1,AVLP031,1,0,1,0,0,0
10167,80867,11,CX,4,other CX,284.0,180.6,129.6,ER1_a,0,0,0,0,0,0
10168,14616,0,unnamed,0,not-CX,270.0,81.1,255.7,SMP235,1,0,1,1,0,0
10169,34019,0,unnamed,0,not-CX,349.1,157.8,288.0,FC1D,0,0,0,0,0,0
10170,20980,11,CX,4,other CX,277.8,176.8,136.5,ER4d,0,0,0,0,0,0
10171,79682,0,unnamed,0,not-CX,507.7,48.6,241.8,SLP315,1,0,1,1,1,0
10172,181099,0,unnamed,0,not-CX,427.1,104.3,257.0,FS2,0,0,0,0,1,0
10173,77770,0,unnamed,0,not-CX,438.3,110.2,278.3,FC1E,0,0,0,0,1,0
10174,18334,0,unnamed,0,not-CX,491.7,301.5,168.7,ALON1,0,0,0,0,1,0
10175,807186,0,unnamed,0,not-CX,0.0,0.0,0.0,INXXX409,0,0,0,0,0,1
10176,522714,0,unnamed,0,not-CX,382.9,104.9,207.5,WED094,1,0,1,1,0,0
10177,814287,0,unnamed,0,not-CX,345.4,368.2,1016.5,IN06B073,0,0,0,0,0,0
10178,41692,5,MBON,0,not-CX,257.5,83.5,257.0,MBON17,1,0,1,1,0,0
10179,903018,0,unnamed,0,not-CX,416.4,443.4,1055.9,INXXX262,0,0,0,0,1,0
10180,936737,0,unnamed,0,not-CX,419.6,424.5,1035.3,IN06A106,0,0,0,0,1,0
10181,23700,0,unnamed,0,not-CX,316.2,308.9,127.3,CB0650,1,0,1,0,0,0
10182,56635,0,unnamed,0,not-CX,355.6,166.1,290.4,FC1E,0,0,0,0,0,0
10183,11508,0,unnamed,0,not-CX,401.0,505.9,696.4,AN02A001,0,0,0,0,1,0
10184,13932,0,unnamed,0,not-CX,255.2,127.3,277.1,SMP181,1,0,1,1,0,0
10185,12326,0,unnamed,0,not-CX,232.2,267.3,201.3,AVLP316,0,0,0,0,0,0
10186,63324,11,CX,2,columnar,395.0,97.0,244.6,vDeltaJ,0,0,0,0,1,0
10187,75233,0,unnamed,0,not-CX,575.6,73.3,203.1,LHAD1b5,0,0,0,0,1,0
10188,36291,2,antennal,0,not-CX,508.4,254.7,141.2,M_lvPNm43,0,0,0,0,1,0
10189,71000,0,unnamed,0,not-CX,288.4,60.6,245.6,LHPD3a2_b,0,0,0,0,0,0
10190,37701,0,unnamed,0,not-CX,167.8,166.3,180.0,CB2379,0,0,0,0,0,0
10191,800938,0,unnamed,0,not-CX,410.8,473.6,885.0,IN10B016,0,0,0,0,1,0
10192,11626,11,CX,4,other CX,288.6,153.8,294.0,PLP208,0,0,0,0,0,0
10193,117986,0,unnamed,0,not-CX,579.7,124.8,169.4,CB3030,0,0,0,0,1,0
10194,68101,0,unnamed,0,not-CX,191.1,100.2,204.5,CB4208,0,0,0,0,0,0
10195,526526,0,unnamed,0,not-CX,240.6,125.6,282.1,SMP252,1,0,1,1,0,0
10196,12791,0,unnamed,0,not-CX,483.2,194.1,294.2,DSKMP3,1,0,1,1,1,0
10197,800814,0,unnamed,0,not-CX,412.0,354.0,826.6,IN19B007,0,0,0,0,1,0
10198,164050,11,CX,2,columnar,338.4,100.5,270.6,vDeltaL,0,0,0,0,0,0
10199,17131,0,unnamed,0,not-CX,561.5,128.1,171.2,SMP011_a,1,0,1,0,1,0
10200,519588,0,unnamed,0,not-CX,0.0,0.0,0.0,HRN_VP5,0,0,0,0,0,1
10201,72491,11,CX,4,other CX,293.0,176.6,131.8,ER1_c,0,0,0,0,0,0
10202,802372,0,unnamed,0,not-CX,408.3,333.6,1070.5,EN00B018,0,0,0,0,1,0
10203,105615,0,unnamed,0,not-CX,516.2,52.3,238.4,CB2920,0,0,0,0,1,0
10204,102403,0,unnamed,0,not-CX,267.2,57.0,244.9,LHPD3a2_b,0,0,0,0,0,0
10205,518488,0,unnamed,0,not-CX,378.7,119.6,99.5,SMP081,1,0,1,1,0,0
10206,14192,11,CX,4,other CX,579.0,164.0,173.6,LAL051,0,0,0,0,1,0
10207,20272,0,unnamed,0,not-CX,200.4,152.1,196.6,SMP012,1,0,1,0,0,0
10208,14111,0,unnamed,0,not-CX,236.7,125.9,279.6,WED092,1,0,1,1,0,0
10209,159958,0,unnamed,0,not-CX,407.2,91.6,249.0,FS3_a,0,0,0,0,1,0
10210,144997,0,unnamed,0,not-CX,421.0,84.5,246.0,FC1C_a,0,0,0,0,1,0
10211,908699,0,unnamed,0,not-CX,428.7,414.7,991.8,IN06A106,0,0,0,0,1,0
10212,520888,0,unnamed,0,not-CX,480.1,298.2,141.1,GNG078,0,0,0,0,1,0
10213,543073,0,unnamed,0,not-CX,578.7,79.2,210.7,LHAD1b2_b,0,0,0,0,1,0
10214,85331,11,CX,2,columnar,393.9,84.3,232.5,vDeltaB,0,0,0,0,1,0
10215,807728,0,unnamed,0,not-CX,461.3,388.1,1015.6,IN06B073,0,0,0,0,1,0
10216,559532,0,unnamed,0,not-CX,247.1,191.5,123.8,CRE071,1,0,1,0,0,0
10217,85950,0,unnamed,0,not-CX,496.8,41.0,229.4,CB3361,0,0,0,0,1,0
10218,17177,0,unnamed,0,not-CX,412.0,82.4,230.6,ATL032,1,0,1,1,1,0
10219,10695,0,unnamed,0,not-CX,424.8,346.8,152.4,GNG323,1,0,1,0,1,0
10220,802917,0,unnamed,0,not-CX,318.4,365.9,686.3,IN17A029,0,0,0,0,0,0
10221,58496,2,antennal,0,not-CX,261.5,293.3,179.2,M_lvPNm40,0,0,0,0,0,0
10222,51519,0,unnamed,0,not-CX,421.8,160.6,288.3,FC1E,0,0,0,0,1,0
10223,85147,0,unnamed,0,not-CX,474.2,261.2,103.3,v2LN42,0,0,0,0,1,0
10224,33038,0,unnamed,0,not-CX,292.8,61.7,243.9,CL129,1,0,1,1,0,0
10225,84121,0,unnamed,0,not-CX,401.3,64.4,132.6,SMP122,1,0,1,1,1,0
10226,579932,0,unnamed,0,not-CX,381.9,73.2,167.1,SLP438,1,0,1,1,0,0
10227,35758,0,unnamed,0,not-CX,593.1,121.4,184.0,CB1629,0,0,0,0,1,0
10228,10264,6,descending,0,not-CX,343.7,162.1,288.0,DNp31,0,0,0,0,0,0
10229,52567,0,unnamed,0,not-CX,365.5,62.0,202.7,SMP443,1,0,1,1,0,0
10230,805184,0,unnamed,0,not-CX,458.8,388.4,1004.6,IN07B061,0,0,0,0,1,0
10231,12522,0,unnamed,0,not-CX,290.2,211.8,297.1,DSKMP3,1,0,1,1,0,0
10232,16434,0,unnamed,0,not-CX,277.1,238.9,106.3,l2LN21,0,0,0,0,0,0
10233,10467,0,unnamed,0,not-CX,298.3,321.7,179.2,GNG111,0,0,0,0,0,0
10234,531245,0,unnamed,0,not-CX,587.0,120.2,186.7,CB1275,0,0,0,0,1,0
10235,49013,0,unnamed,0,not-CX,579.6,112.6,166.4,CB2172,0,0,0,0,1,0
10236,112940,0,unnamed,0,not-CX,433.7,77.2,263.8,FC1E,0,0,0,0,1,0
10237,21736,0,unnamed,0,not-CX,506.2,243.7,302.6,ALIN3,0,0,0,0,1,0
10238,801178,0,unnamed,0,not-CX,376.6,391.6,1053.8,INXXX409,0,0,0,0,0,0
10239,16953,11,CX,4,other CX,459.6,130.8,283.5,LAL147_c,0,0,0,0,1,0
10240,13162,0,unnamed,0,not-CX,270.2,119.0,276.7,AVLP758m,1,0,1,1,0,0
10241,88538,0,unnamed,0,not-CX,311.0,289.6,110.0,CB1048,0,0,0,0,0,0
10242,11470,0,unnamed,0,not-CX,421.0,63.5,229.7,SMP550,1,0,1,1,1,0
10243,19467,0,unnamed,0,not-CX,309.5,310.2,137.0,ALON1,0,0,0,0,0,0
10244,92973,2,antennal,0,not-CX,266.6,290.7,169.2,M_lvPNm45,0,0,0,0,0,0
10245,133373,0,unnamed,0,not-CX,431.4,100.0,261.8,FS1A_b,0,0,0,0,1,0
10246,57542,0,unnamed,0,not-CX,286.4,296.8,137.1,v2LN46,0,0,0,0,0,0
10247,95015,11,CX,2,columnar,343.1,135.6,296.3,vDeltaI_b,0,0,0,0,0,0
10248,112059,0,unnamed,0,not-CX,511.8,56.0,243.5,CB1160,0,0,0,0,1,0
10249,19751,0,unnamed,0,not-CX,255.1,57.2,250.2,SLP305,1,0,1,1,0,0
10250,72329,0,unnamed,0,not-CX,595.8,148.8,185.7,CB1238,0,0,0,0,1,0
10251,140903,0,unnamed,0,not-CX,323.9,57.9,225.8,SMP531,1,0,1,1,0,0
10252,48783,0,unnamed,0,not-CX,486.8,304.9,140.8,GNG206,0,0,0,0,1,0
10253,25139,0,unnamed,0,not-CX,479.7,277.8,114.5,CB4083,0,0,0,0,1,0
10254,571291,0,unnamed,0,not-CX,433.5,73.2,263.9,FC1D,0,0,0,0,1,0
10255,804827,0,unnamed,0,not-CX,371.4,407.3,1051.9,INXXX388,0,0,0,0,0,0
10256,805268,0,unnamed,0,not-CX,459.7,371.2,1020.0,INXXX386,0,0,0,0,1,0
10257,800574,0,unnamed,0,not-CX,498.8,489.0,668.6,IN08B006,0,0,0,0,1,0
10258,803149,0,unnamed,0,not-CX,504.2,426.5,688.7,IN17A035,0,0,0,0,1,0
10259,174319,0,unnamed,0,not-CX,445.6,119.1,289.5,FS2,0,0,0,0,1,0
10260,44154,0,unnamed,0,not-CX,195.9,107.3,201.6,LHAD1a3,0,0,0,0,0,0
10261,124472,11,CX,2,columnar,400.2,114.8,261.0,vDeltaA_b,0,0,0,0,1,0
10262,31735,11,CX,4,other CX,482.4,168.2,121.5,ER1_a,0,0,0,0,1,0
10263,522734,0,unnamed,0,not-CX,408.9,89.6,225.1,SMP457,1,0,1,1,1,0
10264,91870,11,CX,2,columnar,433.7,136.3,293.0,vDeltaI_b,0,0,0,0,1,0
10265,18606,0,unnamed,0,not-CX,520.9,123.2,270.2,WED089,1,0,1,1,1,0
10266,484476,0,unnamed,0,not-CX,0.0,0.0,0.0,HRN_VP1l,0,0,0,0,0,1
10267,515842,0,unnamed,0,not-CX,361.6,177.7,121.8,WED082,1,0,1,1,0,0
10268,544277,0,unnamed,0,not-CX,577.2,114.8,274.1,CB1976,1,0,1,0,1,0
10269,35748,0,unnamed,0,not-CX,519.4,117.2,269.4,WED091,1,0,1,1,1,0
10270,13851,0,unnamed,0,not-CX,303.0,67.9,243.7,SLP278,1,0,1,1,0,0
10271,99693,11,CX,2,columnar,390.2,80.4,234.0,vDeltaK,0,0,0,0,1,0
10272,521666,0,unnamed,0,not-CX,510.6,132.8,274.7,WED092,1,0,1,1,1,0
10273,11199,11,CX,4,other CX,252.3,175.3,133.1,LAL123,0,0,0,0,0,0
10274,32453,0,unnamed,0,not-CX,571.0,129.5,167.8,CB1570,0,0,0,0,1,0
10275,48963,0,unnamed,0,not-CX,316.2,282.3,108.8,CB2561,0,0,0,0,0,0
10276,44661,0,unnamed,0,not-CX,210.2,104.0,267.0,,0,0,0,0,0,0
10277,10545,0,unnamed,0,not-CX,345.9,504.9,654.2,AN06B009,1,0,1,0,0,0
10278,44846,0,unnamed,0,not-CX,473.9,274.4,106.9,v2LN46,0,0,0,0,1,0
10279,53374,0,unnamed,0,not-CX,213.9,132.9,279.2,CB1413,0,0,0,0,0,0
10280,105705,0,unnamed,0,not-CX,331.9,52.3,201.7,SLP400,1,0,1,1,0,0
10281,515778,0,unnamed,0,not-CX,571.2,125.4,160.2,SLP112,0,0,0,0,1,0
10282,44688,0,unnamed,0,not-CX,278.9,46.9,242.5,LHPD3c1,0,0,0,0,0,0
10283,11236,0,unnamed,0,not-CX,420.4,68.8,137.8,CRE005,1,0,1,1,1,0
10284,53208,0,unnamed,0,not-CX,594.8,118.4,194.4,CB2851,0,0,0,0,1,0
10285,10144,0,unnamed,0,not-CX,197.6,123.4,213.3,SMP001,1,0,1,0,0,0
10286,171367,11,CX,2,columnar,355.1,90.8,252.1,vDeltaM,0,0,0,0,0,0
10287,57260,2,antennal,0,not-CX,275.7,293.0,147.5,VM6_lvPN,0,0,0,0,0,0
10288,521669,0,unnamed,0,not-CX,514.9,115.8,269.6,WED093,1,0,1,1,1,0
10289,449952,0,unnamed,0,not-CX,0.0,0.0,0.0,HRN_VP4,0,0,0,0,0,1
10290,16135,0,unnamed,0,not-CX,238.7,304.6,203.1,AVLP317,0,0,0,0,0,0
10291,117427,0,unnamed,0,not-CX,571.8,118.1,270.7,CB1874,1,0,1,0,1,0
10292,143504,0,unnamed,0,not-CX,561.1,123.4,262.2,CB1219,0,0,0,0,1,0
10293,515027,0,unnamed,0,not-CX,317.9,348.5,141.4,AMMC027,0,0,0,0,0,0
10294,903563,0,unnamed,0,not-CX,0.0,0.0,0.0,INXXX418,0,0,0,0,0,1
10295,19737,11,CX,4,other CX,263.8,177.7,126.3,ER4d,0,0,0,0,0,0
10296,31757,0,unnamed,0,not-CX,431.8,158.5,95.6,mAL4H,0,0,0,0,1,0
10297,16181,0,unnamed,0,not-CX,320.3,366.7,205.7,GNG135,0,0,0,0,0,0
10298,519699,0,unnamed,0,not-CX,580.0,86.7,192.3,LHAD1f1,0,0,0,0,1,0
10299,134107,0,unnamed,0,not-CX,359.3,109.6,246.0,FS1A_a,0,0,0,0,0,0
10300,42509,11,CX,4,other CX,287.4,177.9,116.0,ER1_a,0,0,0,0,0,0
10301,130557,0,unnamed,0,not-CX,428.4,97.8,262.0,FS3_c,0,0,0,0,1,0
10302,530938,0,unnamed,0,not-CX,457.3,190.4,298.2,PVLP149,1,0,1,1,1,0
10303,19433,0,unnamed,0,not-CX,388.2,346.0,791.2,AN19B025,0,0,0,0,1,0
10304,530950,0,unnamed,0,not-CX,338.9,58.6,212.4,SLP443,0,0,0,0,0,0
10305,903819,0,unnamed,0,not-CX,355.2,428.2,535.3,IN08B001,0,0,0,0,0,0
10306,902775,0,unnamed,0,not-CX,380.9,330.3,979.0,INXXX260,0,0,0,0,0,0
10307,222536,0,unnamed,0,not-CX,0.0,0.0,0.0,HRN_VP4,0,0,0,0,0,1
10308,33501,0,unnamed,0,not-CX,232.1,271.3,205.0,CB1276,0,0,0,0,0,0
10309,23197,11,CX,4,other CX,470.9,158.9,109.0,ER4d,0,0,0,0,1,0
10310,85057,0,unnamed,0,not-CX,596.6,147.9,162.8,CB1804,0,0,0,0,1,0
10311,807216,0,unnamed,0,not-CX,0.0,0.0,0.0,SNxx15,0,0,0,0,0,1
10312,171009,0,unnamed,0,not-CX,345.4,149.7,298.7,FS2,0,0,0,0,0,0
10313,804660,0,unnamed,0,not-CX,362.4,346.2,969.0,IN07B061,0,0,0,0,0,0
10314,177705,11,CX,2,columnar,353.9,82.4,245.9,vDeltaM,0,0,0,0,0,0
10315,36601,0,unnamed,0,not-CX,456.9,74.4,149.2,SLP150,1,0,1,1,1,0
10316,17823,0,unnamed,0,not-CX,314.3,310.9,122.6,GNG591,0,0,0,0,0,0
10317,32040,0,unnamed,0,not-CX,432.3,351.7,883.2,ANXXX214,0,0,0,0,1,0
10318,33560,0,unnamed,0,not-CX,203.5,123.7,184.2,LHAD1a2,1,0,1,0,0,0
10319,20653,11,CX,4,other CX,509.7,161.8,134.8,ER4d,0,0,0,0,1,0
10320,14644,0,unnamed,0,not-CX,432.5,361.4,173.8,CB0607,0,0,0,0,1,0
10321,171879,0,unnamed,0,not-CX,438.6,107.6,284.2,FS2,0,0,0,0,1,0
10322,90194,11,CX,2,columnar,364.5,106.5,250.4,vDeltaI_b,0,0,0,0,0,0
10323,545848,0,unnamed,0,not-CX,594.5,125.9,200.6,CB2770,0,0,0,0,1,0
10324,801164,0,unnamed,0,not-CX,345.1,374.6,1014.5,IN21A016,0,0,0,0,0,0
10325,37705,0,unnamed,0,not-CX,175.4,162.5,187.8,CB1804,0,0,0,0,0,0
10326,800688,0,unnamed,0,not-CX,313.0,498.4,681.3,IN08B006,0,0,0,0,0,0
10327,545381,0,unnamed,0,not-CX,362.8,87.8,247.2,FC1E,0,0,0,0,0,0
10328,537613,0,unnamed,0,not-CX,534.7,53.4,217.7,LHPD3a4_b,0,0,0,0,1,0
10329,34529,11,CX,4,other CX,334.9,83.7,262.1,IB017,0,0,0,0,0,0
10330,804043,0,unnamed,0,not-CX,438.9,360.3,939.2,ANXXX318,0,0,0,0,1,0
10331,14065,11,CX,4,other CX,418.0,68.6,236.8,IB017,0,0,0,0,1,0
10332,154816,11,CX,2,columnar,355.2,99.8,255.6,vDeltaK,0,0,0,0,0,0
10333,81527,11,CX,2,columnar,416.4,100.5,266.3,vDeltaI_b,0,0,0,0,1,0
10334,33699,0,unnamed,0,not-CX,205.8,118.1,190.1,LHAD1a4_a,0,0,0,0,0,0
10335,30776,2,antennal,0,not-CX,508.2,263.9,132.6,M_lvPNm35,0,0,0,0,1,0
10336,165623,11,CX,2,columnar,364.9,93.9,250.0,vDeltaK,0,0,0,0,0,0
10337,24317,0,unnamed,0,not-CX,227.0,134.4,158.2,CB3869,1,0,1,0,0,0
10338,10813,6,descending,0,not-CX,306.5,147.1,296.3,DNp43,0,0,0,0,0,0
10339,27073,0,unnamed,0,not-CX,191.8,220.5,178.0,CB1114,0,0,0,0,0,0
10340,16505,0,unnamed,0,not-CX,0.0,0.0,0.0,AN05B102d,0,0,0,0,0,1
10341,138592,0,unnamed,0,not-CX,428.4,86.6,250.7,FS1B_a,0,0,0,0,1,0
10342,808571,0,unnamed,0,not-CX,415.0,333.5,987.4,IN19A099,0,0,0,0,1,0
10343,39377,0,unnamed,0,not-CX,302.8,147.0,276.9,SLP461,1,0,1,1,0,0
10344,13807,0,unnamed,0,not-CX,390.7,132.6,95.7,SMP157,0,0,0,0,1,0
10345,24744,0,unnamed,0,not-CX,580.5,124.8,165.5,SLP112,1,0,1,0,1,0
10346,62262,0,unnamed,0,not-CX,400.6,88.2,247.6,FC1C_b,0,0,0,0,1,0
10347,535896,2,antennal,0,not-CX,261.7,286.2,163.8,VM6_lvPN,0,0,0,0,0,0
10348,801809,0,unnamed,0,not-CX,305.4,420.8,696.0,IN18B032,0,0,0,0,0,0
10349,10698,0,unnamed,0,not-CX,552.8,136.7,138.8,CL092,1,0,1,0,1,0
10350,57454,0,unnamed,0,not-CX,582.5,159.2,178.3,CB2679,0,0,0,0,1,0
10351,19717,11,CX,4,other CX,327.1,168.5,307.3,PLP221,0,0,0,0,0,0
10352,41171,0,unnamed,0,not-CX,543.9,56.4,218.0,SLP313,0,0,0,0,1,0
10353,116289,2,antennal,0,not-CX,264.4,306.5,183.3,M_lvPNm32,0,0,0,0,0,0
10354,532575,0,unnamed,0,not-CX,401.8,75.1,220.8,SMP374,1,0,1,1,1,0
10355,526522,0,unnamed,0,not-CX,509.0,118.3,280.9,SMP252,1,0,1,1,1,0
10356,40213,11,CX,4,other CX,482.4,169.4,116.9,ER1_b,0,0,0,0,1,0
10357,806994,0,unnamed,0,not-CX,414.6,432.5,1052.9,INXXX418,0,0,0,0,1,0
10358,905070,0,unnamed,0,not-CX,372.0,377.3,1051.2,INXXX431,0,0,0,0,0,0
10359,49603,0,unnamed,0,not-CX,233.9,63.4,226.8,LHPD2c7,1,0,1,0,0,0
10360,149339,0,unnamed,0,not-CX,276.2,62.2,250.0,LHPD3a2_b,0,0,0,0,0,0
10361,529453,0,unnamed,0,not-CX,425.5,147.1,287.0,FC1E,0,0,0,0,1,0
10362,169821,11,CX,2,columnar,341.8,95.5,263.1,vDeltaL,0,0,0,0,0,0
10363,521930,0,unnamed,0,not-CX,556.0,114.9,268.9,SMP185,1,0,1,0,1,0
10364,801147,0,unnamed,0,not-CX,419.4,486.0,1006.3,IN04B007,0,0,0,0,1,0
10365,143387,11,CX,2,columnar,367.4,98.1,255.6,vDeltaI_b,0,0,0,0,0,0
10366,18156,11,CX,4,other CX,434.2,170.9,296.5,ExR2,0,0,0,0,1,0
10367,20877,0,unnamed,0,not-CX,476.0,311.8,158.9,AMMC021,0,0,0,0,1,0
10368,803935,0,unnamed,0,not-CX,411.4,337.9,952.2,INXXX269,0,0,0,0,1,0
10369,67174,11,CX,4,other CX,291.5,175.4,122.7,ER1_a,0,0,0,0,0,0
10370,801110,0,unnamed,0,not-CX,476.3,373.9,997.7,IN01A045,0,0,0,0,1,0
10371,12751,0,unnamed,0,not-CX,227.4,264.0,190.1,AVLP316,0,0,0,0,0,0
10372,26039,0,unnamed,0,not-CX,189.4,105.9,196.4,LHAD1b2_d,0,0,0,0,0,0
10373,12405,6,descending,0,not-CX,381.4,349.0,293.9,DNge150,0,0,0,0,0,0
10374,808769,0,unnamed,0,not-CX,440.5,402.3,993.4,IN06A106,0,0,0,0,1,0
10375,42241,11,CX,4,other CX,288.0,178.4,124.5,ER1_b,1,0,1,1,0,0
10376,22419,11,CX,4,other CX,332.0,185.0,309.3,LAL192,0,0,0,0,0,0
10377,12406,0,unnamed,0,not-CX,392.4,188.4,290.0,PS213,0,0,0,0,1,0
10378,36730,11,CX,4,other CX,483.9,177.4,120.3,ER1_b,0,0,0,0,1,0
10379,803375,0,unnamed,0,not-CX,307.9,374.1,689.2,IN17A035,0,0,0,0,0,0
10380,15332,0,unnamed,0,not-CX,568.1,130.3,185.4,SMP010,1,0,1,0,1,0
10381,19062,0,unnamed,0,not-CX,503.9,233.6,109.6,l2LN23,0,0,0,0,1,0
10382,39262,0,unnamed,0,not-CX,388.5,112.9,100.2,SMP082,1,0,1,1,1,0
10383,47491,0,unnamed,0,not-CX,175.7,125.6,195.0,CB1701,0,0,0,0,0,0
10384,10713,6,descending,0,not-CX,455.8,129.5,301.1,DNp42,1,0,1,1,1,0
10385,81247,11,CX,2,columnar,333.6,141.6,300.2,vDeltaI_b,0,0,0,0,0,0
10386,157558,11,CX,2,columnar,370.7,96.9,257.9,vDeltaB,0,0,0,0,0,0
10387,22442,0,unnamed,0,not-CX,267.2,209.5,290.7,SMP561,1,0,1,1,0,0
10388,17536,0,unnamed,0,not-CX,471.8,311.2,152.6,WED202,0,0,0,0,1,0
10389,803793,0,unnamed,0,not-CX,0.0,0.0,0.0,INXXX322,0,0,0,0,0,1
10390,115047,0,unnamed,0,not-CX,460.6,73.5,150.6,CB2184,0,0,0,0,1,0
10391,108643,0,unnamed,0,not-CX,362.8,108.2,246.1,FC1E,0,0,0,0,0,0
10392,189011,0,unnamed,0,not-CX,324.7,139.8,293.5,FS2,0,0,0,0,0,0
10393,167903,0,unnamed,0,not-CX,368.4,99.7,248.8,FS3_a,0,0,0,0,0,0
10394,261100,0,unnamed,0,not-CX,0.0,0.0,0.0,HRN_VP4,0,0,0,0,0,1
10395,180064,11,CX,2,columnar,427.2,87.7,265.6,vDeltaL,0,0,0,0,1,0
10396,519128,5,MBON,0,not-CX,437.7,167.0,289.1,MBON27,1,0,1,1,1,0
10397,11376,0,unnamed,0,not-CX,187.0,109.7,196.8,AVLP017,0,0,0,0,0,0
10398,172442,11,CX,2,columnar,432.2,79.7,269.1,vDeltaL,0,0,0,0,1,0
10399,62712,0,unnamed,0,not-CX,332.7,147.6,295.5,FC1E,0,0,0,0,0,0
10400,928270,0,unnamed,0,not-CX,392.4,318.6,1042.9,INXXX303,0,0,0,0,1,0
10401,25972,0,unnamed,0,not-CX,263.6,174.5,296.0,CB1300,0,0,0,0,0,0
10402,58736,0,unnamed,0,not-CX,589.8,103.0,268.8,CB1726,0,0,0,0,1,0
10403,58172,0,unnamed,0,not-CX,350.3,62.0,142.7,CRE005,1,0,1,1,0,0
10404,29408,0,unnamed,0,not-CX,478.4,310.9,153.7,AMMC030,0,0,0,0,1,0
10405,545948,11,CX,4,other CX,586.3,127.8,246.6,PLP187,0,0,0,0,1,0
10406,536354,0,unnamed,0,not-CX,386.5,94.8,227.0,FC1C_b,0,0,0,0,1,0
10407,32774,2,antennal,0,not-CX,256.8,300.3,174.9,M_lvPNm33,0,0,0,0,0,0
10408,13595,0,unnamed,0,not-CX,327.1,159.9,296.5,CL326,1,0,1,1,0,0
10409,63826,0,unnamed,0,not-CX,570.8,135.5,240.2,CB1687,0,0,0,0,1,0
10410,516323,0,unnamed,0,not-CX,572.4,74.9,204.5,CB4209,0,0,0,0,1,0
10411,36532,0,unnamed,0,not-CX,465.9,300.9,155.8,CB0986,0,0,0,0,1,0
10412,10681,0,unnamed,0,not-CX,529.4,172.4,123.3,CL110,1,0,1,0,1,0
10413,805185,0,unnamed,0,not-CX,397.7,432.0,1025.9,IN00A017,0,0,0,0,1,0
10414,49243,0,unnamed,0,not-CX,375.8,346.4,929.1,ANXXX214,0,0,0,0,0,0
10415,18242,0,unnamed,0,not-CX,391.3,75.3,136.4,CRE005,1,0,1,1,1,0
10416,47136,11,CX,2,columnar,341.5,132.0,296.7,vDeltaK,0,0,0,0,0,0
10417,161038,11,CX,2,columnar,342.6,103.0,266.0,vDeltaK,0,0,0,0,0,0
10418,18941,0,unnamed,0,not-CX,567.7,71.9,211.9,LHPD2c7,1,0,1,0,1,0
10419,151069,11,CX,2,columnar,399.6,98.0,257.9,vDeltaI_b,0,0,0,0,1,0
10420,514666,0,unnamed,0,not-CX,332.4,105.6,272.9,SIP067,1,0,1,1,0,0
10421,10635,0,unnamed,0,not-CX,320.2,140.3,98.4,CRE021,1,0,1,1,0,0
10422,75909,0,unnamed,0,not-CX,552.3,104.8,153.8,LH008m,0,0,0,0,1,0
10423,532827,0,unnamed,0,not-CX,519.1,226.5,126.5,AVLP251,1,0,1,0,1,0
10424,61364,0,unnamed,0,not-CX,574.3,130.9,242.1,SLP340,1,0,1,0,1,0
10425,60448,0,unnamed,0,not-CX,574.8,124.8,160.9,CB1570,0,0,0,0,1,0
10426,67027,0,unnamed,0,not-CX,178.5,121.6,218.2,CB3733,0,0,0,0,0,0
10427,45939,0,unnamed,0,not-CX,412.9,61.8,221.4,SLP441,1,0,1,1,1,0
10428,26530,0,unnamed,0,not-CX,583.7,156.5,191.9,CB2805,0,0,0,0,1,0
10429,535438,0,unnamed,0,not-CX,567.5,75.5,209.7,LHPD2a6,0,0,0,0,1,0
10430,11331,0,unnamed,0,not-CX,508.8,114.1,269.5,AVLP758m,1,0,1,1,1,0
10431,178234,11,CX,2,columnar,380.4,78.7,210.5,vDeltaM,0,0,0,0,0,0
10432,102171,0,unnamed,0,not-CX,578.9,129.5,174.1,CB2919,0,0,0,0,1,0
10433,34953,0,unnamed,0,not-CX,179.5,189.7,183.1,CB1626,0,0,0,0,0,0
10434,10348,0,unnamed,0,not-CX,480.6,185.3,295.2,AVLP501,0,0,0,0,1,0
10435,61273,11,CX,4,other CX,479.2,163.9,115.8,ER1_b,0,0,0,0,1,0
10436,24698,0,unnamed,0,not-CX,577.4,137.8,167.7,SLP073,1,0,1,0,1,0
10437,66445,0,unnamed,0,not-CX,273.0,51.0,241.0,LHPD3a2_c,0,0,0,0,0,0
10438,24776,0,unnamed,0,not-CX,308.7,316.6,121.9,GNG078,0,0,0,0,0,0
10439,50228,0,unnamed,0,not-CX,248.7,61.2,244.3,SLP314,0,0,0,0,0,0
10440,805257,0,unnamed,0,not-CX,473.5,370.2,999.6,INXXX365,0,0,0,0,1,0
10441,515091,11,CX,4,other CX,450.3,120.7,280.3,PLP144,0,0,0,0,1,0
10442,11499,0,unnamed,0,not-CX,529.8,290.2,196.8,AVLP314,1,0,1,0,1,0
10443,155872,0,unnamed,0,not-CX,404.3,89.2,245.1,FC1D,0,0,0,0,1,0
10444,911564,0,unnamed,0,not-CX,390.7,485.1,574.5,IN02A033,0,0,0,0,1,0
10445,120591,0,unnamed,0,not-CX,358.4,88.9,235.2,FC1C_b,0,0,0,0,0,0
10446,39989,0,unnamed,0,not-CX,274.2,100.2,147.2,LHAD3d5,0,0,0,0,0,0
10447,153344,11,CX,2,columnar,346.6,97.3,248.8,vDeltaB,0,0,0,0,0,0
10448,556994,0,unnamed,0,not-CX,455.4,127.3,281.1,CRE078,1,0,1,1,1,0
10449,519584,0,unnamed,0,not-CX,0.0,0.0,0.0,HRN_VP5,0,0,0,0,0,1
10450,23152,0,unnamed,0,not-CX,195.1,132.4,260.2,SLP340,1,0,1,0,0,0
10451,71197,0,unnamed,0,not-CX,569.4,79.5,196.8,LHAD1b5,0,0,0,0,1,0
10452,44850,3,KC,0,not-CX,475.6,137.8,294.5,KCg-s3,1,0,1,1,1,0
10453,15429,0,unnamed,0,not-CX,314.9,191.5,312.4,CL360,1,0,1,1,0,0
10454,171585,11,CX,2,columnar,410.8,104.4,258.5,vDeltaB,0,0,0,0,1,0
10455,10893,0,unnamed,0,not-CX,233.2,257.3,341.4,LPi2b,0,0,0,0,0,0
10456,50905,0,unnamed,0,not-CX,352.9,160.1,286.5,FC1E,0,0,0,0,0,0
10457,168147,0,unnamed,0,not-CX,580.9,78.0,197.0,LHAD1d1,1,0,1,0,1,0
10458,53089,0,unnamed,0,not-CX,172.7,114.5,208.0,CB3036,1,0,1,0,0,0
10459,17228,0,unnamed,0,not-CX,404.9,172.9,108.6,WED081,0,0,0,0,1,0
10460,12918,5,MBON,0,not-CX,496.4,154.9,287.0,MBON22,1,0,1,1,1,0
10461,15151,11,CX,4,other CX,503.7,234.3,135.3,LAL101,0,0,0,0,1,0
10462,48411,0,unnamed,0,not-CX,189.8,141.7,211.2,CB2851,0,0,0,0,0,0
10463,30343,0,unnamed,0,not-CX,560.4,100.7,175.7,LH008m,0,0,0,0,1,0
10464,187894575,0,unnamed,0,not-CX,0.0,0.0,0.0,HRN_VP4,0,0,0,0,0,1
10465,155286,11,CX,2,columnar,414.6,76.8,253.7,vDeltaL,0,0,0,0,1,0
10466,56524,0,unnamed,0,not-CX,373.4,63.7,126.3,SMP126,1,0,1,1,0,0
10467,800856,0,unnamed,0,not-CX,458.9,503.4,968.3,IN08A006,0,0,0,0,1,0
10468,564574,0,unnamed,0,not-CX,0.0,0.0,0.0,,0,0,0,0,0,1
10469,78718,0,unnamed,0,not-CX,404.4,79.2,245.1,FC1E,0,0,0,0,1,0
10470,66130,0,unnamed,0,not-CX,197.9,133.6,269.6,CB2782,0,0,0,0,0,0
10471,70716,11,CX,2,columnar,425.0,78.7,251.0,vDeltaI_b,0,0,0,0,1,0
10472,520206,3,KC,0,not-CX,310.0,144.6,275.7,KCg-d,0,0,0,0,0,0
10473,11646,0,unnamed,0,not-CX,520.7,296.6,208.6,SAD112_c,0,0,0,0,1,0
10474,17681,0,unnamed,0,not-CX,202.0,122.6,267.6,SLP269,0,0,0,0,0,0
10475,90386,11,CX,2,columnar,391.7,77.6,232.2,vDeltaL,0,0,0,0,1,0
10476,54597,11,CX,4,other CX,484.6,172.0,131.7,ER1_a,0,0,0,0,1,0
10477,800941,0,unnamed,0,not-CX,359.8,338.0,990.1,INXXX032,0,0,0,0,0,0
10478,22937,11,CX,4,other CX,479.0,143.0,290.9,LAL147_a,0,0,0,0,1,0
10479,159849,0,unnamed,0,not-CX,380.4,81.9,220.3,FS3_a,0,0,0,0,0,0
10480,154464,0,unnamed,0,not-CX,510.5,58.6,246.5,LHPD3a5,0,0,0,0,1,0
10481,176874,0,unnamed,0,not-CX,0.0,0.0,0.0,,0,0,0,0,0,1
10482,29420,0,unnamed,0,not-CX,207.2,250.1,182.3,CB4132,1,0,1,0,0,0
10483,21177,0,unnamed,0,not-CX,592.9,135.8,180.3,CB2292,0,0,0,0,1,0
10484,76845,0,unnamed,0,not-CX,350.6,163.1,289.9,FC1C_b,0,0,0,0,0,0
10485,30919,0,unnamed,0,not-CX,491.8,272.8,117.7,CB4083,0,0,0,0,1,0
10486,44007,0,unnamed,0,not-CX,593.3,127.2,192.3,CB4084,0,0,0,0,1,0
10487,342868,0,unnamed,0,not-CX,0.0,0.0,0.0,HRN_VP4,0,0,0,0,0,1
10488,11678,0,unnamed,0,not-CX,451.3,54.2,247.2,SMP527,1,0,1,1,1,0
10489,79669,0,unnamed,0,not-CX,398.6,64.3,127.7,SMP126,1,0,1,1,1,0
10490,152346,0,unnamed,0,not-CX,446.2,114.9,283.6,FC1E,0,0,0,0,1,0
10491,65396,0,unnamed,0,not-CX,189.0,97.4,203.9,LHAD1d2,1,0,1,0,0,0
10492,72902,0,unnamed,0,not-CX,413.8,89.0,245.2,FC1E,0,0,0,0,1,0
10493,10871,0,unnamed,0,not-CX,596.2,149.6,195.3,SLP130,1,0,1,0,1,0
10494,42365,0,unnamed,0,not-CX,179.7,174.0,178.2,CB2877,1,0,1,0,0,0
10495,169954,11,CX,2,columnar,349.6,112.0,261.6,vDeltaA_b,0,0,0,0,0,0
10496,179749,11,CX,2,columnar,431.8,117.4,292.4,vDeltaM,0,0,0,0,1,0
10497,12773,0,unnamed,0,not-CX,559.0,248.0,176.8,AVLP316,0,0,0,0,1,0
10498,23203,0,unnamed,0,not-CX,228.2,186.2,138.7,PVLP206m,0,0,0,0,0,0
10499,101821,0,unnamed,0,not-CX,338.2,140.3,303.7,FS2,0,0,0,0,0,0
10500,36216,0,unnamed,0,not-CX,287.2,316.0,229.8,GNG513,0,0,0,0,0,0
10501,802104,0,unnamed,0,not-CX,437.4,353.6,1030.7,INXXX231,0,0,0,0,1,0
10502,537139,0,unnamed,0,not-CX,289.2,299.5,136.5,v2LN46,0,0,0,0,0,0
10503,28066,0,unnamed,0,not-CX,345.3,52.8,191.5,CB1073,1,0,1,1,0,0
10504,79670,0,unnamed,0,not-CX,208.1,87.8,202.2,LHAD1b4,0,0,0,0,0,0
10505,36384,11,CX,4,other CX,273.2,172.5,130.7,ER1_b,1,0,1,1,0,0
10506,114738,0,unnamed,0,not-CX,408.9,48.9,199.4,CB2105,1,0,1,1,1,0
10507,512487,0,unnamed,0,not-CX,580.9,130.6,167.3,SLP113,0,0,0,0,1,0
10508,46692,0,unnamed,0,not-CX,488.5,175.8,96.8,CB2908,0,0,0,0,1,0
10509,16058,0,unnamed,0,not-CX,238.3,64.7,234.8,LHPD2c7,1,0,1,0,0,0
10510,24843,11,CX,4,other CX,168.9,134.9,195.8,PLP003,0,0,0,0,0,0
10511,14545,0,unnamed,0,not-CX,324.3,366.6,170.5,CB3746,0,0,0,0,0,0
10512,196901,0,unnamed,0,not-CX,367.2,89.0,247.0,FS3_c,0,0,0,0,0,0
10513,87178,0,unnamed,0,not-CX,466.8,271.0,103.9,v2LN34A,0,0,0,0,1,0
10514,31921,0,unnamed,0,not-CX,206.7,94.1,211.0,CB2667,0,0,0,0,0,0
10515,140436,11,CX,2,columnar,399.2,118.4,267.5,vDeltaA_b,0,0,0,0,1,0
10516,39671,0,unnamed,0,not-CX,292.5,83.9,151.1,CB3374,0,0,0,0,0,0
10517,23500,0,unnamed,0,not-CX,506.0,193.7,291.5,SMP568_d,1,0,1,1,1,0
10518,191750,11,CX,2,columnar,382.0,77.3,213.4,vDeltaL,0,0,0,0,0,0
10519,808843,0,unnamed,0,not-CX,408.0,326.6,993.3,IN19A099,0,0,0,0,1,0
10520,23261,0,unnamed,0,not-CX,272.2,209.5,292.0,SMP568_d,1,0,1,1,0,0
10521,50070,0,unnamed,0,not-CX,262.3,206.7,110.4,CB2471,0,0,0,0,0,0
10522,904624,0,unnamed,0,not-CX,390.4,416.5,1004.9,IN00A017,0,0,0,0,1,0
10523,529020,0,unnamed,0,not-CX,415.3,82.6,117.0,SLP215,0,0,0,0,1,0
10524,806272,0,unnamed,0,not-CX,378.5,383.2,1057.6,INXXX418,0,0,0,0,0,0
10525,158590,0,unnamed,0,not-CX,427.5,105.1,264.8,FS3_c,0,0,0,0,1,0
10526,175174,11,CX,2,columnar,344.0,84.9,255.6,vDeltaL,0,0,0,0,0,0
10527,82397,0,unnamed,0,not-CX,209.6,90.8,204.1,CB4208,0,0,0,0,0,0
10528,11321,0,unnamed,0,not-CX,500.6,244.3,148.0,WED006,0,0,0,0,1,0
10529,244397,0,unnamed,0,not-CX,0.0,0.0,0.0,HRN_VP4,0,0,0,0,0,1
10530,801152,0,unnamed,0,not-CX,390.4,326.5,1066.0,INXXX262,0,0,0,0,1,0
10531,158352,11,CX,2,columnar,425.2,75.5,256.3,vDeltaL,0,0,0,0,1,0
10532,16558,0,unnamed,0,not-CX,226.4,128.7,280.6,SLP360_a,1,0,1,0,0,0
10533,800893,0,unnamed,0,not-CX,440.8,412.2,1011.0,INXXX058,0,0,0,0,1,0
10534,143106,11,CX,2,columnar,414.7,103.6,264.8,vDeltaB,0,0,0,0,1,0
10535,41057,0,unnamed,0,not-CX,205.9,90.7,205.3,CB3507,0,0,0,0,0,0
10536,23737,0,unnamed,0,not-CX,598.6,95.5,191.7,LH007m,0,0,0,0,1,0
10537,809700,0,unnamed,0,not-CX,453.0,358.6,1015.4,INXXX363,0,0,0,0,1,0
10538,919809,0,unnamed,0,not-CX,0.0,0.0,0.0,,0,0,0,0,0,1
10539,163279,11,CX,2,columnar,352.2,86.3,244.9,vDeltaK,0,0,0,0,0,0
10540,10589,6,descending,0,not-CX,457.1,176.8,305.5,DNp43,0,0,0,0,1,0
10541,903264,0,unnamed,0,not-CX,420.9,422.0,992.4,IN12B012,0,0,0,0,1,0
10542,12982,6,descending,0,not-CX,490.0,323.9,256.4,DNg91,0,0,0,0,1,0
10543,23155,0,unnamed,0,not-CX,587.4,112.0,179.9,CB1629,0,0,0,0,1,0
10544,35482,0,unnamed,0,not-CX,195.2,135.6,220.0,LHCENT13_a,0,0,0,0,0,0
10545,87237,0,unnamed,0,not-CX,560.9,77.6,203.9,CB4208,0,0,0,0,1,0
10546,34100,0,unnamed,0,not-CX,568.0,126.4,261.7,CB2189,0,0,0,0,1,0
10547,533882,0,unnamed,0,not-CX,457.3,65.2,156.0,LHAD3b1_a,0,0,0,0,1,0
10548,133953,0,unnamed,0,not-CX,351.1,95.7,240.1,FC1C_b,0,0,0,0,0,0
10549,546536,0,unnamed,0,not-CX,482.7,276.4,121.3,CB4083,0,0,0,0,1,0
10550,92337,0,unnamed,0,not-CX,500.9,50.9,244.6,LHPD3a4_b,0,0,0,0,1,0
10551,27931,0,unnamed,0,not-CX,180.0,178.8,196.3,CB1104,0,0,0,0,0,0
10552,18722,0,unnamed,0,not-CX,464.6,260.9,99.3,CB4083,0,0,0,0,1,0
10553,10452,0,unnamed,0,not-CX,581.7,241.2,342.5,LPi4b,0,0,0,0,1,0
10554,106555,11,CX,2,columnar,420.0,145.9,283.5,vDeltaJ,0,0,0,0,1,0
10555,66479,0,unnamed,0,not-CX,366.9,99.6,244.4,FC1C_a,0,0,0,0,0,0
10556,518315,0,unnamed,0,not-CX,563.8,98.2,175.1,LH008m,0,0,0,0,1,0
10557,801614,0,unnamed,0,not-CX,461.6,370.1,1015.5,INXXX032,0,0,0,0,1,0
10558,555383,0,unnamed,0,not-CX,570.8,201.6,143.6,PVLP076,1,0,1,0,1,0
10559,519586,0,unnamed,0,not-CX,0.0,0.0,0.0,HRN_VP5,0,0,0,0,0,1
10560,113512,11,CX,2,columnar,403.5,90.6,254.4,vDeltaL,0,0,0,0,1,0
10561,48973,0,unnamed,0,not-CX,178.8,143.3,188.2,CB4100,0,0,0,0,0,0
10562,39622,0,unnamed,0,not-CX,192.6,157.3,189.4,CB1389,0,0,0,0,0,0
10563,579924,0,unnamed,0,not-CX,383.6,163.9,114.4,WED081,0,0,0,0,0,0
10564,69319,11,CX,4,other CX,280.7,175.3,130.6,ER1_a,0,0,0,0,0,0
10565,27021,0,unnamed,0,not-CX,470.0,307.9,154.2,AMMC025,0,0,0,0,1,0
10566,30371,11,CX,4,other CX,291.7,180.6,123.8,ER1_a,1,0,1,1,0,0
10567,800235,0,unnamed,0,not-CX,466.4,372.2,969.2,IN12A010,0,0,0,0,1,0
10568,521195,0,unnamed,0,not-CX,352.1,53.0,168.4,SMP548,1,0,1,1,0,0
10569,169357,0,unnamed,0,not-CX,0.0,0.0,0.0,,0,0,0,0,0,1
10570,89048,0,unnamed,0,not-CX,419.2,150.0,291.7,FS3_a,0,0,0,0,1,0
10571,135084,0,unnamed,0,not-CX,435.7,154.3,276.1,FC1C_b,0,0,0,0,1,0
10572,17082,11,CX,4,other CX,439.3,173.5,304.7,LAL192,0,0,0,0,1,0
10573,922015,0,unnamed,0,not-CX,0.0,0.0,0.0,,0,0,0,0,0,1
10574,11990,5,MBON,0,not-CX,278.3,157.9,285.2,MBON22,1,0,1,1,0,0
10575,44069,3,KC,0,not-CX,473.2,134.8,286.1,KCg-d,0,0,0,0,1,0
10576,529814,0,unnamed,0,not-CX,536.6,307.3,205.4,SAD030,0,0,0,0,1,0
10577,37020,0,unnamed,0,not-CX,195.8,136.5,268.2,CB2290,1,0,1,0,0,0
10578,202357,0,unnamed,0,not-CX,475.7,58.5,246.9,LHPD4a1,0,0,0,0,1,0
10579,84557,0,unnamed,0,not-CX,203.0,88.7,203.3,LHAD1c3,0,0,0,0,0,0
10580,38609,0,unnamed,0,not-CX,190.6,222.4,183.3,CB1560,0,0,0,0,0,0
10581,67717,0,unnamed,0,not-CX,386.9,85.4,220.6,FC1C_a,0,0,0,0,1,0
10582,19362,0,unnamed,0,not-CX,212.3,138.8,188.2,SLP069,1,0,1,0,0,0
10583,13307,0,unnamed,0,not-CX,423.6,116.7,268.4,SMP385,1,0,1,1,1,0
10584,79788,11,CX,2,columnar,339.8,143.2,289.5,vDeltaJ,0,0,0,0,0,0
10585,33833,0,unnamed,0,not-CX,451.9,262.4,106.8,CB2561,0,0,0,0,1,0
10586,19666,0,unnamed,0,not-CX,543.1,72.3,246.0,CB3464,0,0,0,0,1,0
10587,11536,0,unnamed,0,not-CX,531.9,164.5,126.0,AVLP243,0,0,0,0,1,0
10588,513630,0,unnamed,0,not-CX,204.2,160.1,191.7,SMP012,1,0,1,0,0,0
10589,802578,0,unnamed,0,not-CX,403.1,323.0,1032.0,INXXX231,0,0,0,0,1,0
10590,34914,0,unnamed,0,not-CX,206.3,246.0,196.3,CB1276,0,0,0,0,0,0
10591,82637,0,unnamed,0,not-CX,357.2,101.1,245.0,FC1C_b,0,0,0,0,0,0
10592,18427,0,unnamed,0,not-CX,316.1,47.4,217.4,LHPD5a1,1,0,1,1,0,0
10593,15883,11,CX,4,other CX,529.4,283.4,177.3,PLP022,0,0,0,0,1,0
10594,12438,0,unnamed,0,not-CX,387.6,133.9,227.7,ATL030,1,0,1,1,1,0
10595,70937,0,unnamed,0,not-CX,485.0,268.8,112.1,CB1545,0,0,0,0,1,0
10596,802134,0,unnamed,0,not-CX,414.7,493.8,926.9,IN14B003,0,0,0,0,1,0
10597,26813,0,unnamed,0,not-CX,503.8,140.1,279.0,CB1300,0,0,0,0,1,0
10598,44858,0,unnamed,0,not-CX,208.5,248.3,194.9,,0,0,0,0,0,0
10599,552768,0,unnamed,0,not-CX,437.0,154.5,272.7,FS1A_a,0,0,0,0,1,0
10600,529668,0,unnamed,0,not-CX,557.2,121.1,178.4,LHAD1f5,0,0,0,0,1,0
10601,10281,6,descending,0,not-CX,386.3,367.3,265.4,DNg108,0,0,0,0,1,0
10602,52682,0,unnamed,0,not-CX,179.5,188.1,186.2,CB3762,0,0,0,0,0,0
10603,28022,0,unnamed,0,not-CX,371.0,64.7,151.3,CRE028,0,0,0,0,0,0
10604,46486,0,unnamed,0,not-CX,173.0,123.0,197.0,CB1701,0,0,0,0,0,0
10605,165025,0,unnamed,0,not-CX,408.7,65.3,224.1,SMP371_a,1,0,1,1,1,0
10606,549033,0,unnamed,0,not-CX,415.7,156.3,298.1,FS3_a,0,0,0,0,1,0
10607,17931,0,unnamed,0,not-CX,314.4,299.3,121.1,GNG489,0,0,0,0,0,0
10608,67244,0,unnamed,0,not-CX,292.5,293.0,123.9,v2LN34A,0,0,0,0,0,0
10609,10867,0,unnamed,0,not-CX,195.8,222.9,168.5,PVLP076,1,0,1,0,0,0
10610,906721,0,unnamed,0,not-CX,407.5,348.3,804.9,IN17A060,0,0,0,0,1,0
10611,36765,0,unnamed,0,not-CX,202.1,91.2,210.7,SLP012,0,0,0,0,0,0
10612,34724,0,unnamed,0,not-CX,579.9,97.9,182.2,LHAD1a4_a,0,0,0,0,1,0
10613,13130,6,descending,0,not-CX,328.6,369.3,178.1,DNg105,0,0,0,0,0,0
10614,171881,11,CX,2,columnar,364.5,91.0,251.7,vDeltaK,0,0,0,0,0,0
10615,71302,0,unnamed,0,not-CX,345.6,155.9,287.0,FS1A_b,0,0,0,0,0,0
10616,134100,11,CX,2,columnar,344.0,99.7,265.7,vDeltaJ,0,0,0,0,0,0
10617,34815,0,unnamed,0,not-CX,447.2,281.1,116.1,GNG291,0,0,0,0,1,0
10618,29300,0,unnamed,0,not-CX,489.6,373.2,712.7,IN17A029,0,0,0,0,1,0
10619,16145,0,unnamed,0,not-CX,449.4,45.1,223.3,SLP411,1,0,1,1,1,0
10620,72033,0,unnamed,0,not-CX,562.8,72.6,245.8,CB3464,0,0,0,0,1,0
10621,12046,0,unnamed,0,not-CX,290.7,236.4,156.6,WED006,0,0,0,0,0,0
10622,532909,11,CX,4,other CX,500.7,173.2,103.8,LAL123,1,0,1,0,1,0
10623,98045,0,unnamed,0,not-CX,282.5,57.0,254.9,LHPD4e1_b,1,0,1,1,0,0
10624,29040,0,unnamed,0,not-CX,294.0,303.4,121.6,CB4083,0,0,0,0,0,0
10625,124922,0,unnamed,0,not-CX,583.4,115.2,177.8,CB1629,0,0,0,0,1,0
10626,174350,0,unnamed,0,not-CX,366.0,114.6,242.4,FS1A_c,0,0,0,0,0,0
10627,161613,0,unnamed,0,not-CX,0.0,0.0,0.0,,0,0,0,0,0,1
10628,802163,0,unnamed,0,not-CX,457.5,376.0,641.9,IN19B020,0,0,0,0,1,0
10629,10274,6,descending,0,not-CX,408.9,365.3,273.0,DNg108,0,0,0,0,1,0
10630,71796,0,unnamed,0,not-CX,261.5,209.5,114.8,CB2908,0,0,0,0,0,0
10631,92417,11,CX,2,columnar,423.0,136.5,283.1,vDeltaJ,0,0,0,0,1,0
10632,36029,0,unnamed,0,not-CX,591.8,164.4,182.3,CB1103,0,0,0,0,1,0
10633,59521,0,unnamed,0,not-CX,549.7,91.1,260.2,,0,0,0,0,1,0
10634,58113,0,unnamed,0,not-CX,366.8,85.8,246.1,FC1C_b,0,0,0,0,0,0
10635,46743,11,CX,4,other CX,291.9,185.4,116.7,LAL075,0,0,0,0,0,0
10636,12072,0,unnamed,0,not-CX,374.0,374.3,270.2,PS321,0,0,0,0,0,0
10637,14141,6,descending,0,not-CX,367.8,371.0,189.9,DNg42,0,0,0,0,0,0
10638,803991,0,unnamed,0,not-CX,345.5,422.9,833.0,IN01A037,0,0,0,0,0,0
10639,123104,0,unnamed,0,not-CX,581.3,118.2,162.9,CB2919,0,0,0,0,1,0
10640,800073,0,unnamed,0,not-CX,294.1,480.5,658.2,IN12A001,0,0,0,0,0,0
10641,161155,11,CX,2,columnar,338.8,93.9,263.5,vDeltaK,0,0,0,0,0,0
10642,37278,0,unnamed,0,not-CX,572.1,137.2,166.2,,0,0,0,0,1,0
10643,111874,0,unnamed,0,not-CX,506.7,55.5,245.8,LHPD3a2_c,0,0,0,0,1,0
10644,12301,0,unnamed,0,not-CX,397.8,371.2,287.5,PS326,0,0,0,0,1,0
10645,53128,0,unnamed,0,not-CX,258.5,200.5,109.4,CB3007,0,0,0,0,0,0
10646,83890,0,unnamed,0,not-CX,513.9,96.7,267.0,SMP180,1,0,1,1,1,0
10647,29336,0,unnamed,0,not-CX,226.8,123.4,167.7,LH008m,0,0,0,0,0,0
10648,31639,0,unnamed,0,not-CX,577.1,102.8,198.3,LHAD1f3_a,0,0,0,0,1,0
10649,807747,0,unnamed,0,not-CX,347.1,343.9,983.2,IN06A063,0,0,0,0,0,0
10650,11774,0,unnamed,0,not-CX,193.4,116.6,196.7,SLP031,1,0,1,0,0,0
10651,805020,0,unnamed,0,not-CX,400.6,328.7,953.4,INXXX365,0,0,0,0,1,0
10652,533044,0,unnamed,0,not-CX,464.3,301.1,131.3,GNG018,0,0,0,0,1,0
10653,57130,0,unnamed,0,not-CX,201.0,158.3,177.1,CB2701,0,0,0,0,0,0
10654,530660,0,unnamed,0,not-CX,189.7,100.0,200.5,CB4208,0,0,0,0,0,0
10655,63838,0,unnamed,0,not-CX,416.1,152.6,288.6,FC1D,0,0,0,0,1,0
10656,11962,0,unnamed,0,not-CX,175.9,159.1,196.7,SLP130,1,0,1,0,0,0
10657,524437,0,unnamed,0,not-CX,0.0,0.0,0.0,HRN_VP4,0,0,0,0,0,1
10658,809936,0,unnamed,0,not-CX,0.0,0.0,0.0,SNxx15,0,0,0,0,0,1
10659,137802,0,unnamed,0,not-CX,541.3,58.7,220.0,LHPD3a5,0,0,0,0,1,0
10660,68000,0,unnamed,0,not-CX,576.7,123.9,158.4,CB2701,0,0,0,0,1,0
10661,61425,0,unnamed,0,not-CX,181.3,119.2,265.0,CB1850,0,0,0,0,0,0
10662,549620,0,unnamed,0,not-CX,342.7,146.0,299.7,FC1E,0,0,0,0,0,0
10663,130104,0,unnamed,0,not-CX,359.7,98.2,243.0,FC1E,0,0,0,0,0,0
10664,38291,0,unnamed,0,not-CX,173.9,158.4,201.1,CB4084,0,0,0,0,0,0
10665,162135,11,CX,2,columnar,382.0,73.8,207.8,vDeltaM,0,0,0,0,0,0
10666,18732,0,unnamed,0,not-CX,592.3,103.6,196.8,LH004m,0,0,0,0,1,0
10667,32182,0,unnamed,0,not-CX,205.4,249.9,191.1,CB1663,0,0,0,0,0,0
10668,45945,0,unnamed,0,not-CX,192.8,234.5,189.9,CB4193,0,0,0,0,0,0
10669,142805,11,CX,2,columnar,339.7,101.6,264.7,vDeltaB,0,0,0,0,0,0
10670,535824,0,unnamed,0,not-CX,209.2,128.4,273.6,CB2189,0,0,0,0,0,0
10671,122956,0,unnamed,0,not-CX,473.6,277.5,107.9,v2LN46,0,0,0,0,1,0
10672,39497,0,unnamed,0,not-CX,561.0,78.2,199.3,CB2667,0,0,0,0,1,0
10673,10435,0,unnamed,0,not-CX,508.8,93.2,155.6,AVLP032,1,0,1,1,1,0
10674,174567,11,CX,2,columnar,360.1,84.6,242.3,vDeltaL,0,0,0,0,0,0
10675,167648,11,CX,2,columnar,346.3,93.7,249.4,vDeltaL,0,0,0,0,0,0
10676,152259,11,CX,2,columnar,421.1,85.0,256.8,vDeltaJ,0,0,0,0,1,0
10677,16914,0,unnamed,0,not-CX,382.3,101.8,216.2,SAD077,0,0,0,0,0,0
10678,32916,0,unnamed,0,not-CX,501.2,141.7,124.1,SAD004,0,0,0,0,1,0
10679,41407,2,antennal,0,not-CX,512.7,288.2,171.6,M_lvPNm31,0,0,0,0,1,0
10680,31099,0,unnamed,0,not-CX,588.8,175.8,159.4,CB1626,0,0,0,0,1,0
10681,38060,0,unnamed,0,not-CX,194.1,106.9,259.9,,1,0,1,0,0,0
10682,71015,0,unnamed,0,not-CX,337.8,147.7,293.0,FC1E,0,0,0,0,0,0
10683,88903,0,unnamed,0,not-CX,316.6,287.1,104.6,v2LN41,0,0,0,0,0,0
10684,20252,0,unnamed,0,not-CX,595.0,92.5,186.8,SLP012,0,0,0,0,1,0
10685,529069,0,unnamed,0,not-CX,296.6,184.8,126.5,mALB5,1,0,1,1,0,0
10686,802809,0,unnamed,0,not-CX,444.3,425.3,1050.7,INXXX243,0,0,0,0,1,0
10687,801462,0,unnamed,0,not-CX,368.9,338.5,954.4,IN12A010,0,0,0,0,0,0
10688,28266,0,unnamed,0,not-CX,383.4,59.8,144.9,CRE028,0,0,0,0,0,0
10689,45134,11,CX,4,other CX,491.6,170.0,123.8,ER3p_b,0,0,0,0,1,0
10690,66600,0,unnamed,0,not-CX,178.9,121.8,271.5,SLP337,0,0,0,0,0,0
10691,103526,0,unnamed,0,not-CX,341.2,114.1,252.5,FS1A_c,0,0,0,0,0,0
10692,210246,11,CX,2,columnar,435.8,143.6,307.1,vDeltaM,0,0,0,0,1,0
10693,31458,0,unnamed,0,not-CX,169.8,157.2,192.7,CB2048,0,0,0,0,0,0
10694,61624,0,unnamed,0,not-CX,178.0,159.9,206.6,CB4084,0,0,0,0,0,0
10695,11986,6,descending,0,not-CX,499.2,307.8,270.1,DNge018,0,0,0,0,1,0
10696,46603,0,unnamed,0,not-CX,384.0,97.3,233.2,FS1A_c,0,0,0,0,0,0
10697,112402,11,CX,2,columnar,335.4,139.1,289.4,vDeltaM,0,0,0,0,0,0
10698,84708,0,unnamed,0,not-CX,428.1,93.2,258.7,FC1C_b,0,0,0,0,1,0
10699,15137,0,unnamed,0,not-CX,277.8,297.5,151.5,GNG664,0,0,0,0,0,0
10700,162290,11,CX,2,columnar,433.3,114.7,291.5,vDeltaL,0,0,0,0,1,0
10701,151341,11,CX,2,columnar,335.9,146.0,306.6,vDeltaL,0,0,0,0,0,0
10702,905602,0,unnamed,0,not-CX,372.8,504.6,572.1,IN02A019,0,0,0,0,0,0
10703,810295,0,unnamed,0,not-CX,360.6,392.0,1004.7,INXXX452,0,0,0,0,0,0
10704,800977,0,unnamed,0,not-CX,477.7,461.9,1012.0,IN16B016,0,0,0,0,1,0
10705,32736,0,unnamed,0,not-CX,588.6,103.6,260.6,CB2026,0,0,0,0,1,0
10706,119776,11,CX,2,columnar,394.5,81.7,231.1,vDeltaM,0,0,0,0,1,0
10707,151976,11,CX,2,columnar,424.1,145.3,278.4,vDeltaA_b,0,0,0,0,1,0
10708,41343,0,unnamed,0,not-CX,566.3,84.1,256.5,,0,0,0,0,1,0
10709,31713,11,CX,2,columnar,339.3,99.3,267.2,vDeltaM,0,0,0,0,0,0
10710,11719,11,CX,4,other CX,197.3,225.2,223.6,PLP256,0,0,0,0,0,0
10711,40525,0,unnamed,0,not-CX,482.9,74.4,158.6,LHAD3d5,0,0,0,0,1,0
10712,136070,0,unnamed,0,not-CX,485.9,83.2,152.4,LHAD3f1_a,0,0,0,0,1,0
10713,11635,0,unnamed,0,not-CX,401.5,104.1,227.2,SAD077,0,0,0,0,1,0
10714,38185,0,unnamed,0,not-CX,595.1,129.6,190.3,CB3021,0,0,0,0,1,0
10715,800133,0,unnamed,0,not-CX,326.1,373.2,961.8,IN17A017,0,0,0,0,0,0
10716,13121,0,unnamed,0,not-CX,358.9,98.8,227.2,SMP457,1,0,1,1,0,0
10717,903063,0,unnamed,0,not-CX,467.9,358.6,944.7,INXXX261,0,0,0,0,1,0
10718,534420,0,unnamed,0,not-CX,478.4,174.0,121.2,mALB5,0,0,0,0,1,0
10719,149088,0,unnamed,0,not-CX,398.9,111.6,262.4,FS3_a,0,0,0,0,1,0
10720,516092,0,unnamed,0,not-CX,604.8,101.4,186.6,CB3729,0,0,0,0,1,0
10721,129772,11,CX,2,columnar,338.8,139.0,298.3,vDeltaL,0,0,0,0,0,0
10722,55111,0,unnamed,0,not-CX,213.5,76.9,216.8,LHPD2a6,0,0,0,0,0,0
10723,802292,0,unnamed,0,not-CX,437.8,351.0,1006.6,INXXX231,0,0,0,0,1,0
10724,77821,11,CX,2,columnar,381.3,81.6,212.0,vDeltaK,0,0,0,0,0,0
10725,13746,11,CX,4,other CX,273.0,153.1,138.3,IB005,0,0,0,0,0,0
10726,530781,0,unnamed,0,not-CX,0.0,0.0,0.0,HRN_VP5,0,0,0,0,0,1
10727,10056,6,descending,0,not-CX,290.4,324.1,195.7,DNg100,0,0,0,0,0,0
10728,515953,0,unnamed,0,not-CX,579.4,90.3,250.7,CB1413,0,0,0,0,1,0
10729,126496,11,CX,2,columnar,435.3,116.7,292.6,vDeltaK,0,0,0,0,1,0
10730,96000,11,CX,2,columnar,334.0,140.6,294.7,vDeltaA_b,0,0,0,0,0,0
10731,102041,0,unnamed,0,not-CX,236.7,61.6,224.2,LHPD3a4_c,0,0,0,0,0,0
10732,15763,0,unnamed,0,not-CX,241.8,171.3,133.0,AVLP243,0,0,0,0,0,0
10733,112473,0,unnamed,0,not-CX,560.3,99.7,167.6,LH002m,0,0,0,0,1,0
10734,135454,0,unnamed,0,not-CX,438.9,110.0,274.9,FS1A_b,0,0,0,0,1,0
10735,36209,0,unnamed,0,not-CX,577.5,121.1,159.8,CB3023,0,0,0,0,1,0
10736,105123,0,unnamed,0,not-CX,502.9,56.2,246.8,LHPD3a2_c,0,0,0,0,1,0
10737,49551,0,unnamed,0,not-CX,562.9,109.3,169.3,LHAD1a2,0,0,0,0,1,0
10738,21751,0,unnamed,0,not-CX,572.7,126.5,258.9,CL133,0,0,0,0,1,0
10739,512355,0,unnamed,0,not-CX,407.4,57.6,212.0,SMP548,1,0,1,1,1,0
10740,99284,0,unnamed,0,not-CX,351.6,173.9,297.1,FS3_a,0,0,0,0,0,0
10741,93389,0,unnamed,0,not-CX,565.1,100.7,170.2,LH002m,0,0,0,0,1,0
10742,44407,0,unnamed,0,not-CX,201.8,164.0,172.3,,0,0,0,0,0,0
10743,102359,11,CX,2,columnar,420.0,143.3,281.7,vDeltaK,0,0,0,0,1,0
10744,50927,0,unnamed,0,not-CX,567.7,121.7,256.7,CB1219,0,0,0,0,1,0
10745,521767,0,unnamed,0,not-CX,555.5,157.5,141.5,CL080,1,0,1,0,1,0
10746,11891,11,CX,4,other CX,474.9,169.7,296.6,LAL139,0,0,0,0,1,0
10747,512796,0,unnamed,0,not-CX,518.7,232.4,122.3,l2LN22,0,0,0,0,1,0
10748,139941,0,unnamed,0,not-CX,489.0,405.2,636.8,AN11B012,0,0,0,0,1,0
10749,71961,0,unnamed,0,not-CX,214.0,80.5,223.4,,0,0,0,0,0,0
10750,24489,0,unnamed,0,not-CX,170.8,132.4,191.1,LH007m,0,0,0,0,0,0
10751,513339,0,unnamed,0,not-CX,296.6,298.6,144.9,PS072,0,0,0,0,0,0
10752,53095,0,unnamed,0,not-CX,287.0,96.4,144.1,CB2184,0,0,0,0,0,0
10753,22226,0,unnamed,0,not-CX,308.0,148.9,276.4,SLP473,1,0,1,1,0,0
10754,159021,0,unnamed,0,not-CX,405.5,82.8,245.5,FS3_c,0,0,0,0,1,0
10755,44648,0,unnamed,0,not-CX,240.2,66.0,246.0,LHPD2a4_a,1,0,1,0,0,0
10756,171676,11,CX,2,columnar,360.1,98.0,255.3,vDeltaL,0,0,0,0,0,0
10757,802719,0,unnamed,0,not-CX,435.6,366.0,1046.4,INXXX273,0,0,0,0,1,0
10758,523862,11,CX,4,other CX,492.8,156.2,107.4,LAL075,0,0,0,0,1,0
10759,84925,0,unnamed,0,not-CX,372.5,59.8,140.5,SMP122,0,0,0,0,0,0
10760,905618,0,unnamed,0,not-CX,346.3,395.6,1009.0,IN21A021,0,0,0,0,0,0
10761,934485,0,unnamed,0,not-CX,427.6,364.9,1069.6,INXXX262,0,0,0,0,1,0
10762,122982,0,unnamed,0,not-CX,575.2,114.4,265.9,CB1850,0,0,0,0,1,0
10763,53961,0,unnamed,0,not-CX,176.4,128.8,201.2,CB1246,0,0,0,0,0,0
10764,80007,0,unnamed,0,not-CX,270.3,49.2,242.5,CB1846,0,0,0,0,0,0
10765,170254,0,unnamed,0,not-CX,321.3,76.7,142.6,CB1263,1,0,1,1,0,0
10766,31681,11,CX,4,other CX,277.9,176.5,126.9,ER1_a,0,0,0,0,0,0
10767,801772,0,unnamed,0,not-CX,360.2,364.5,990.0,INXXX058,0,0,0,0,0,0
10768,514536,0,unnamed,0,not-CX,404.2,375.0,269.2,ALIN8,0,0,0,0,1,0
10769,520883,0,unnamed,0,not-CX,388.0,516.3,710.4,AN05B101,1,0,1,0,1,0
10770,806535,0,unnamed,0,not-CX,395.3,326.7,1074.6,INXXX431,0,0,0,0,1,0
10771,807562,0,unnamed,0,not-CX,0.0,0.0,0.0,SNxx15,0,0,0,0,0,1
10772,13358,11,CX,4,other CX,586.1,121.8,215.8,PLP096,0,0,0,0,1,0
10773,106856,0,unnamed,0,not-CX,430.1,77.1,263.9,FS1A_b,0,0,0,0,1,0
10774,37004,0,unnamed,0,not-CX,428.0,143.5,281.9,FC1C_a,0,0,0,0,1,0
10775,22301,0,unnamed,0,not-CX,428.6,92.4,246.4,SIP067,1,0,1,1,1,0
10776,165374,11,CX,2,columnar,437.1,130.0,295.1,vDeltaK,0,0,0,0,1,0
10777,137652,0,unnamed,0,not-CX,574.9,77.6,196.8,LHAD1c3,0,0,0,0,1,0
10778,104383,0,unnamed,0,not-CX,568.5,144.2,227.8,CB1735,0,0,0,0,1,0
10779,179246,0,unnamed,0,not-CX,356.3,92.6,241.0,FS2,0,0,0,0,0,0
10780,513387,5,MBON,0,not-CX,519.5,81.2,260.5,MBON17-like,1,0,1,1,1,0
10781,14074,0,unnamed,0,not-CX,592.9,90.1,197.8,SLP061,1,0,1,0,1,0
10782,63539,0,unnamed,0,not-CX,428.8,508.9,645.6,ANXXX023,0,0,0,0,1,0
10783,33451,0,unnamed,0,not-CX,268.6,58.0,254.4,PLP_TBD1,0,0,0,0,0,0
10784,143477,0,unnamed,0,not-CX,607.4,115.4,186.4,CB3729,0,0,0,0,1,0
10785,800722,0,unnamed,0,not-CX,334.7,478.6,980.7,IN08A006,0,0,0,0,0,0
10786,548299,0,unnamed,0,not-CX,240.9,57.8,232.8,LHPD3a4_c,0,0,0,0,0,0
10787,169365,0,unnamed,0,not-CX,416.3,87.2,251.9,FS3_c,0,0,0,0,1,0
10788,14513,0,unnamed,0,not-CX,518.9,291.9,189.2,GNG664,1,0,1,0,1,0
10789,98676,0,unnamed,0,not-CX,403.6,88.2,115.0,SMP095,1,0,1,1,1,0
10790,800975,0,unnamed,0,not-CX,361.6,332.0,953.2,IN12A009,0,0,0,0,0,0
10791,10939,0,unnamed,0,not-CX,250.0,313.7,203.0,SAD113,0,0,0,0,0,0
10792,902931,0,unnamed,0,not-CX,406.4,338.0,930.5,INXXX230,0,0,0,0,1,0
10793,907670,0,unnamed,0,not-CX,386.2,324.5,1062.4,INXXX348,0,0,0,0,1,0
10794,150566,0,unnamed,0,not-CX,568.5,85.4,183.4,LHAD1b4,0,0,0,0,1,0
10795,15824,0,unnamed,0,not-CX,506.5,44.7,233.5,SLP305,0,0,0,0,1,0
10796,515775,0,unnamed,0,not-CX,358.4,340.9,971.8,ANXXX169,0,0,0,0,0,0
10797,548753,0,unnamed,0,not-CX,579.9,85.9,246.5,CB2092,1,0,1,0,1,0
10798,94170,0,unnamed,0,not-CX,211.8,79.7,209.5,LHPD2a6,0,0,0,0,0,0
10799,531984,0,unnamed,0,not-CX,339.3,99.1,241.6,SMP374,1,0,1,1,0,0
10800,45796,0,unnamed,0,not-CX,306.0,290.3,112.9,v2LN50,0,0,0,0,0,0
10801,14334,0,unnamed,0,not-CX,288.6,312.4,178.8,GNG461,1,0,1,0,0,0
10802,804636,0,unnamed,0,not-CX,383.8,343.9,923.6,ANXXX318,0,0,0,0,0,0
10803,36160,2,antennal,0,not-CX,505.8,256.7,134.7,M_lvPNm46,0,0,0,0,1,0
10804,147399,0,unnamed,0,not-CX,426.1,154.8,287.3,FC1C_b,0,0,0,0,1,0
10805,801060,0,unnamed,0,not-CX,363.6,331.9,941.3,INXXX095,0,0,0,0,0,0
10806,85339,0,unnamed,0,not-CX,596.3,114.7,193.4,CB2851,0,0,0,0,1,0
10807,914539,0,unnamed,0,not-CX,477.0,126.8,280.5,SLP461,1,0,1,1,1,0
10808,81176,0,unnamed,0,not-CX,363.3,100.3,244.0,FC1C_a,0,0,0,0,0,0
10809,570300,0,unnamed,0,not-CX,322.8,296.2,111.2,GNG291,1,0,1,0,0,0
10810,802916,0,unnamed,0,not-CX,440.1,430.6,1021.1,IN03A011,0,0,0,0,1,0
10811,176556,0,unnamed,0,not-CX,0.0,0.0,0.0,,0,0,0,0,0,1
10812,131984,0,unnamed,0,not-CX,434.4,75.1,266.2,FC1C_b,0,0,0,0,1,0
10813,157950,11,CX,2,columnar,431.3,83.5,261.1,vDeltaB,0,0,0,0,1,0
10814,381347,0,unnamed,0,not-CX,475.6,69.8,161.5,CB3374,0,0,0,0,1,0
10815,26860,2,antennal,0,not-CX,504.8,253.7,136.0,M_lvPNm29,1,0,1,0,1,0
10816,806303,0,unnamed,0,not-CX,431.6,432.5,1008.1,IN03B056,0,0,0,0,1,0
10817,43136,0,unnamed,0,not-CX,515.2,57.2,249.0,CB3476,0,0,0,0,1,0
10818,805514,0,unnamed,0,not-CX,445.2,406.0,1000.1,INXXX399,0,0,0,0,1,0
10819,131378,0,unnamed,0,not-CX,490.4,278.8,120.0,v2LN34D,0,0,0,0,1,0
10820,806480,0,unnamed,0,not-CX,362.4,364.7,984.6,INXXX364,0,0,0,0,0,0
10821,14619,11,CX,4,other CX,195.1,178.8,173.4,LAL052,0,0,0,0,0,0
10822,515439,0,unnamed,0,not-CX,462.0,56.2,179.4,CB3374,0,0,0,0,1,0
10823,69783,0,unnamed,0,not-CX,406.0,92.9,246.6,FC,0,0,0,0,1,0
10824,933505,0,unnamed,0,not-CX,187.5,155.9,189.3,CB2051,0,0,0,0,0,0
10825,15915,0,unnamed,0,not-CX,557.0,255.2,201.5,LoVP97,1,0,1,0,1,0
10826,158774,11,CX,2,columnar,340.1,143.4,286.5,vDeltaK,0,0,0,0,0,0
10827,801183,0,unnamed,0,not-CX,368.9,328.1,947.1,INXXX095,0,0,0,0,0,0
10828,28578,0,unnamed,0,not-CX,191.0,232.8,178.0,CB2805,0,0,0,0,0,0
10829,29967,0,unnamed,0,not-CX,195.9,229.2,180.0,CB1114,0,0,0,0,0,0
10830,10484,0,unnamed,0,not-CX,572.2,81.1,205.8,SLP031,1,0,1,0,1,0
10831,12091,0,unnamed,0,not-CX,324.0,147.5,295.1,PS196_b,1,0,1,1,0,0
10832,67854,0,unnamed,0,not-CX,590.1,120.2,188.6,CB2823,0,0,0,0,1,0
10833,61943,0,unnamed,0,not-CX,580.2,171.1,201.5,CB1735,0,0,0,0,1,0
10834,10108,0,unnamed,0,not-CX,370.4,174.3,123.1,DCH,0,0,0,0,0,0
10835,530836,0,unnamed,0,not-CX,275.8,306.5,232.1,SAD114,0,0,0,0,0,0
10836,800291,0,unnamed,0,not-CX,356.2,477.3,1016.5,IN13A001,0,0,0,0,0,0
10837,18208,0,unnamed,0,not-CX,201.0,153.4,191.6,SMP034,1,0,1,0,0,0
10838,19025,0,unnamed,0,not-CX,293.4,247.9,163.6,SAD071,0,0,0,0,0,0
10839,64468,11,CX,2,columnar,329.0,138.1,302.3,vDeltaK,0,0,0,0,0,0
10840,21227,0,unnamed,0,not-CX,353.1,100.7,236.7,ATL032,1,0,1,1,0,0
10841,11098,6,descending,0,not-CX,472.8,312.6,181.3,DNg78,0,0,0,0,1,0
10842,64365,0,unnamed,0,not-CX,434.8,133.3,300.0,FS2,0,0,0,0,1,0
10843,158363,0,unnamed,0,not-CX,429.6,141.5,285.0,FC,0,0,0,0,1,0
10844,38657,3,KC,0,not-CX,304.5,89.9,275.7,KCg-d,0,0,0,0,0,0
10845,111837,11,CX,2,columnar,334.1,131.4,297.6,vDeltaM,0,0,0,0,0,0
10846,15012,0,unnamed,0,not-CX,420.3,270.9,126.1,BiT,0,0,0,0,1,0
10847,801028,0,unnamed,0,not-CX,396.7,350.5,858.8,IN19B007,0,0,0,0,1,0
10848,537821,0,unnamed,0,not-CX,564.2,108.0,172.5,LHAD1f5,0,0,0,0,1,0
10849,523490,0,unnamed,0,not-CX,0.0,0.0,0.0,HRN_VP5,0,0,0,0,0,1
10850,10247,6,descending,0,not-CX,410.5,376.0,198.2,DNg74_a,0,0,0,0,1,0
10851,521075,0,unnamed,0,not-CX,213.3,134.6,270.0,ATL017,1,0,1,0,0,0
10852,801204,0,unnamed,0,not-CX,380.3,528.8,780.5,AN06B089,0,0,0,0,0,0
10853,35162,0,unnamed,0,not-CX,509.5,201.9,292.3,SMP568_d,1,0,1,1,1,0
10854,128562,0,unnamed,0,not-CX,559.8,71.3,216.5,LHPD2a6,1,0,1,0,1,0
10855,82395,0,unnamed,0,not-CX,565.9,134.7,175.2,ATL004,1,0,1,0,1,0
10856,32666,0,unnamed,0,not-CX,588.5,167.0,194.6,,0,0,0,0,1,0
10857,802630,0,unnamed,0,not-CX,456.5,378.4,984.5,IN07B061,0,0,0,0,1,0
10858,530485,0,unnamed,0,not-CX,278.6,143.4,123.9,SAD004,0,0,0,0,0,0
10859,163407,11,CX,2,columnar,369.7,105.1,259.2,vDeltaB,0,0,0,0,0,0
10860,25939,0,unnamed,0,not-CX,325.7,291.3,122.0,GLNO,0,0,0,0,0,0
10861,82465,0,unnamed,0,not-CX,161.6,121.2,203.7,CB3016,0,0,0,0,0,0
10862,559773,0,unnamed,0,not-CX,559.2,82.0,182.7,CB4220,0,0,0,0,1,0
10863,514180,11,CX,4,other CX,289.5,173.3,125.5,ER3p_b,0,0,0,0,0,0
10864,57722,0,unnamed,0,not-CX,239.7,60.7,227.5,CB2920,0,0,0,0,0,0
10865,39191,0,unnamed,0,not-CX,409.9,48.2,191.0,CB1073,1,0,1,1,1,0
10866,802497,0,unnamed,0,not-CX,398.9,323.1,1010.6,INXXX231,0,0,0,0,1,0
10867,11921,0,unnamed,0,not-CX,392.3,361.6,301.2,OA-VPM4,1,0,1,0,1,0
10868,26283,0,unnamed,0,not-CX,395.5,370.8,237.8,GNG324,0,0,0,0,1,0
10869,96504,0,unnamed,0,not-CX,564.4,119.4,266.4,CB2064,0,0,0,0,1,0
10870,121055,0,unnamed,0,not-CX,389.6,120.1,238.0,WED100,0,0,0,0,1,0
10871,172232,11,CX,2,columnar,358.2,103.7,247.7,vDeltaA_b,0,0,0,0,0,0
10872,79269,11,CX,4,other CX,410.9,224.9,299.9,PLP221,0,0,0,0,1,0
10873,808890,0,unnamed,0,not-CX,442.8,357.0,1004.5,IN19A099,0,0,0,0,1,0
10874,954817,0,unnamed,0,not-CX,392.4,472.8,889.0,IN10B016,0,0,0,0,1,0
10875,129363,0,unnamed,0,not-CX,500.1,260.1,121.3,v2LN34D,0,0,0,0,1,0
10876,10581,0,unnamed,0,not-CX,400.3,527.7,768.3,IN06B012,0,0,0,0,1,0
10877,29314,0,unnamed,0,not-CX,187.0,155.5,182.8,,0,0,0,0,0,0
10878,534195,0,unnamed,0,not-CX,584.8,160.4,195.4,,0,0,0,0,1,0
10879,67606,0,unnamed,0,not-CX,338.9,69.2,244.2,SLP404,1,0,1,1,0,0
10880,114379,11,CX,2,columnar,410.7,107.8,271.3,vDeltaK,0,0,0,0,1,0
10881,312460,0,unnamed,0,not-CX,568.4,80.2,192.1,LHAD1b4,0,0,0,0,1,0
10882,51932,0,unnamed,0,not-CX,173.7,123.5,213.4,CB3729,0,0,0,0,0,0
10883,38569,0,unnamed,0,not-CX,377.3,61.9,134.6,SMP122,1,0,1,1,0,0
10884,520773,0,unnamed,0,not-CX,400.5,98.5,105.0,SMP081,1,0,1,1,1,0
10885,56308,11,CX,4,other CX,575.7,166.8,161.7,LAL052,0,0,0,0,1,0
10886,60268,0,unnamed,0,not-CX,493.5,171.3,101.7,CB2471,0,0,0,0,1,0
10887,514318,0,unnamed,0,not-CX,0.0,0.0,0.0,,0,0,0,0,0,1
10888,46505,0,unnamed,0,not-CX,174.3,165.1,191.4,CB2053,0,0,0,0,0,0
10889,33485,11,CX,4,other CX,588.2,117.6,241.5,PLP187,0,0,0,0,1,0
10890,61888,0,unnamed,0,not-CX,209.4,116.0,277.3,CB1326,0,0,0,0,0,0
10891,18642,0,unnamed,0,not-CX,380.0,111.0,215.5,SAD077,0,0,0,0,0,0
10892,15376,0,unnamed,0,not-CX,227.5,122.9,273.0,WED092,1,0,1,0,0,0
10893,802559,0,unnamed,0,not-CX,351.1,495.3,970.4,IN07B033,0,0,0,0,0,0
10894,149160,0,unnamed,0,not-CX,447.5,111.9,283.1,FC1C_a,0,0,0,0,1,0
10895,140474,0,unnamed,0,not-CX,469.4,270.1,102.2,v2LN50,0,0,0,0,1,0
10896,79362,3,KC,0,not-CX,297.1,140.5,287.4,KCg-s3,1,0,1,1,0,0
10897,26014,0,unnamed,0,not-CX,554.3,117.4,152.5,CL023,0,0,0,0,1,0
10898,519004,0,unnamed,0,not-CX,567.6,118.6,153.2,CB3236,1,0,1,0,1,0
10899,514044,0,unnamed,0,not-CX,385.7,116.8,265.1,IbSpsP,0,0,0,0,0,0
10900,77513,0,unnamed,0,not-CX,209.8,91.6,198.6,LHAD1c3,0,0,0,0,0,0
10901,16509,0,unnamed,0,not-CX,522.1,295.7,191.0,GNG461,1,0,1,0,1,0
10902,168400,11,CX,2,columnar,348.9,90.7,249.2,vDeltaL,0,0,0,0,0,0
10903,531273,0,unnamed,0,not-CX,592.1,94.2,191.1,AVLP017,0,0,0,0,1,0
10904,40694,0,unnamed,0,not-CX,178.2,184.5,184.8,CB1626,0,0,0,0,0,0
10905,187401,11,CX,2,columnar,424.0,133.9,284.7,vDeltaA_b,0,0,0,0,1,0
10906,168535,11,CX,2,columnar,350.6,110.7,254.9,vDeltaA_b,0,0,0,0,0,0
10907,518313,0,unnamed,0,not-CX,380.0,62.1,138.7,SMP125,1,0,1,1,0,0
10908,111693,11,CX,2,columnar,429.9,137.6,294.6,vDeltaL,0,0,0,0,1,0
10909,17751,11,CX,4,other CX,290.0,150.4,297.6,LAL147_a,0,0,0,0,0,0
10910,17397,0,unnamed,0,not-CX,216.2,103.2,267.2,SLP381,1,0,1,0,0,0
10911,517464,11,CX,4,other CX,502.2,143.3,135.2,IB005,0,0,0,0,1,0
10912,804392,0,unnamed,0,not-CX,355.0,334.0,965.0,INXXX331,0,0,0,0,0,0
10913,180111,0,unnamed,0,not-CX,364.8,82.2,244.5,FS3_a,0,0,0,0,0,0
10914,160453,0,unnamed,0,not-CX,439.4,136.4,299.3,FS3_c,0,0,0,0,1,0
10915,15051,0,unnamed,0,not-CX,501.9,288.6,153.5,GNG640,0,0,0,0,1,0
10916,800147,0,unnamed,0,not-CX,500.4,488.1,663.4,IN12A001,0,0,0,0,1,0
10917,188199,11,CX,2,columnar,342.8,150.2,289.5,vDeltaA_b,0,0,0,0,0,0
10918,11876,6,descending,0,not-CX,492.3,137.7,126.8,DNae003,0,0,0,0,1,0
10919,101212,0,unnamed,0,not-CX,346.6,160.2,284.3,FS1A_c,0,0,0,0,0,0
10920,19225,0,unnamed,0,not-CX,597.2,111.6,186.0,LHCENT13_a,0,0,0,0,1,0
10921,548469,0,unnamed,0,not-CX,386.3,91.9,230.0,FS1A_c,0,0,0,0,1,0
10922,62993,0,unnamed,0,not-CX,208.1,93.9,207.4,CB3357,1,0,1,0,0,0
10923,519456,11,CX,4,other CX,475.3,161.4,296.3,PLP218,0,0,0,0,1,0
10924,911589,0,unnamed,0,not-CX,354.1,332.0,980.6,INXXX386,0,0,0,0,0,0
10925,16169,0,unnamed,0,not-CX,193.6,92.4,240.1,SLP321,1,0,1,0,0,0
10926,129289,0,unnamed,0,not-CX,262.7,51.1,234.3,LHPD3a4_c,0,0,0,0,0,0
10927,74719,0,unnamed,0,not-CX,204.2,156.0,170.8,CB2919,0,0,0,0,0,0
10928,929673,0,unnamed,0,not-CX,362.9,333.9,1009.3,INXXX231,0,0,0,0,0,0
10929,506334,6,descending,0,not-CX,313.7,154.0,307.1,DNp42,1,0,1,1,0,0
10930,55842,0,unnamed,0,not-CX,203.6,116.7,198.2,LHAD1a1,0,0,0,0,0,0
10931,88730,0,unnamed,0,not-CX,340.3,143.1,301.8,FS3_a,0,0,0,0,0,0
10932,520437,11,CX,2,columnar,343.5,82.0,253.9,vDeltaI_b,0,0,0,0,0,0
10933,41342,0,unnamed,0,not-CX,174.9,130.8,190.1,CB1701,0,0,0,0,0,0
10934,174299,11,CX,2,columnar,415.4,104.1,267.9,vDeltaK,0,0,0,0,1,0
10935,53776,0,unnamed,0,not-CX,184.0,105.4,219.5,CB3782,0,0,0,0,0,0
10936,45229,0,unnamed,0,not-CX,180.1,151.0,177.3,CB4100,0,0,0,0,0,0
10937,38733,0,unnamed,0,not-CX,482.0,317.9,163.3,AMMC025,0,0,0,0,1,0
10938,14058,0,unnamed,0,not-CX,342.4,375.6,176.0,CB0598,0,0,0,0,0,0
10939,22467,0,unnamed,0,not-CX,455.5,82.5,268.1,SLP473,1,0,1,1,1,0
10940,66424,0,unnamed,0,not-CX,563.9,122.0,261.8,CB1219,0,0,0,0,1,0
10941,60781,0,unnamed,0,not-CX,200.1,112.2,270.5,CB2979,0,0,0,0,0,0
10942,810307,0,unnamed,0,not-CX,412.7,424.1,1015.8,INXXX364,0,0,0,0,1,0
10943,18000,0,unnamed,0,not-CX,494.6,230.9,112.9,CB3673b,0,0,0,0,1,0
10944,24640,11,CX,4,other CX,274.0,149.6,286.2,PLP218,0,0,0,0,0,0
10945,812211,0,unnamed,0,not-CX,360.3,334.2,967.9,IN06A119,0,0,0,0,0,0
10946,801431,0,unnamed,0,not-CX,324.2,480.9,958.6,IN14B003,0,0,0,0,0,0
10947,520759,0,unnamed,0,not-CX,521.6,73.4,249.3,LHPD2a1,1,0,1,1,1,0
10948,66007,2,antennal,0,not-CX,510.8,268.8,153.1,M_lvPNm41,0,0,0,0,1,0
10949,29231,0,unnamed,0,not-CX,291.2,302.5,126.0,v2LN38,0,0,0,0,0,0
10950,56234,2,antennal,0,not-CX,503.5,252.1,151.5,VM6_lvPN,0,0,0,0,1,0
10951,139814,2,antennal,0,not-CX,0.0,0.0,0.0,VM6_lvPN,0,0,0,0,0,1
10952,58041,0,unnamed,0,not-CX,577.2,130.3,165.1,SLP112,0,0,0,0,1,0
10953,807174,0,unnamed,0,not-CX,388.5,485.7,570.4,IN02A033,0,0,0,0,1,0
10954,14741,0,unnamed,0,not-CX,213.0,136.2,178.2,AVLP035,1,0,1,0,0,0
10955,801517,0,unnamed,0,not-CX,364.1,411.4,1046.4,INXXX369,0,0,0,0,0,0
10956,539786,0,unnamed,0,not-CX,566.0,86.9,182.0,LHAD1b2_d,0,0,0,0,1,0
10957,42338,0,unnamed,0,not-CX,234.4,88.0,259.2,CB2224,0,0,0,0,0,0
10958,130366,11,CX,2,columnar,335.1,141.5,291.3,vDeltaL,0,0,0,0,0,0
10959,77246,0,unnamed,0,not-CX,345.9,164.0,283.0,FS1A_a,0,0,0,0,0,0
10960,522855,0,unnamed,0,not-CX,348.3,91.3,239.0,FS1A_b,0,0,0,0,0,0
10961,530679,0,unnamed,0,not-CX,527.9,52.7,235.4,LHPD3a2_b,0,0,0,0,1,0
10962,18684,0,unnamed,0,not-CX,240.7,60.0,249.4,SMP245,1,0,1,0,0,0
10963,84792,0,unnamed,0,not-CX,360.6,55.9,172.8,SMP374,1,0,1,1,0,0
10964,222002,0,unnamed,0,not-CX,0.0,0.0,0.0,HRN_VP4,0,0,0,0,0,1
10965,125399,11,CX,2,columnar,396.0,87.9,249.9,vDeltaA_b,0,0,0,0,1,0
10966,13167,0,unnamed,0,not-CX,275.0,315.9,184.3,GNG123,0,0,0,0,0,0
10967,10912,11,CX,4,other CX,497.6,183.2,121.0,PLP078,0,0,0,0,1,0
10968,16178,0,unnamed,0,not-CX,195.8,143.8,227.2,SLP061,1,0,1,0,0,0
10969,63942,3,KC,0,not-CX,452.3,79.3,248.7,KCg-m,0,0,0,0,1,0
10970,524446,0,unnamed,0,not-CX,0.0,0.0,0.0,HRN_VP4,0,0,0,0,0,1
10971,63652,0,unnamed,0,not-CX,428.4,145.2,285.1,FS1B_a,0,0,0,0,1,0
10972,37139,0,unnamed,0,not-CX,267.6,86.6,162.1,CB4220,1,0,1,1,0,0
10973,239977,0,unnamed,0,not-CX,0.0,0.0,0.0,HRN_VP4,0,0,0,0,0,1
10974,176192,0,unnamed,0,not-CX,0.0,0.0,0.0,,0,0,0,0,0,1
10975,66268,0,unnamed,0,not-CX,507.7,225.1,114.3,CB3673b,0,0,0,0,1,0
10976,13159,0,unnamed,0,not-CX,543.8,265.0,192.0,AVLP316,0,0,0,0,1,0
10977,85745,0,unnamed,0,not-CX,346.7,162.9,293.4,FC3_b,0,0,0,0,0,0
10978,803024,0,unnamed,0,not-CX,372.6,322.0,1015.3,INXXX215,0,0,0,0,0,0
10979,43936,0,unnamed,0,not-CX,521.0,85.1,256.6,CB2224,0,0,0,0,1,0
10980,558033,11,CX,2,columnar,417.2,112.7,274.7,vDeltaL,0,0,0,0,1,0
10981,112562,11,CX,2,columnar,350.9,93.7,248.8,vDeltaK,0,0,0,0,0,0
10982,809292,0,unnamed,0,not-CX,463.1,398.7,1016.9,IN06A063,0,0,0,0,1,0
10983,524788,0,unnamed,0,not-CX,546.6,116.2,145.0,CL022_a,0,0,0,0,1,0
10984,146261,0,unnamed,0,not-CX,364.8,87.5,241.4,FS1A_b,0,0,0,0,0,0
10985,78555,0,unnamed,0,not-CX,188.0,177.2,214.3,CB2292,0,0,0,0,0,0
10986,809273,0,unnamed,0,not-CX,402.8,323.6,1027.6,IN19A099,0,0,0,0,1,0
10987,12789,0,unnamed,0,not-CX,243.9,306.8,202.1,AVLP314,1,0,1,0,0,0
10988,127894,0,unnamed,0,not-CX,0.0,0.0,0.0,HRN_VP5,0,0,0,0,0,1
10989,900744,0,unnamed,0,not-CX,376.8,81.8,112.5,SMP089,1,0,1,1,0,0
10990,801189,0,unnamed,0,not-CX,386.9,515.8,733.2,IN06B013,0,0,0,0,1,0
10991,521939,0,unnamed,0,not-CX,433.2,46.4,223.3,SLP396,1,0,1,1,1,0
10992,808781,0,unnamed,0,not-CX,396.2,340.3,1060.8,INXXX262,0,0,0,0,1,0
10993,34250,0,unnamed,0,not-CX,179.0,177.1,190.3,CB3762,0,0,0,0,0,0
10994,69106,0,unnamed,0,not-CX,348.5,156.6,292.1,FC1E,0,0,0,0,0,0
10995,71959,11,CX,2,columnar,369.8,95.8,253.3,vDeltaJ,0,0,0,0,0,0
10996,806433,0,unnamed,0,not-CX,472.8,361.6,981.5,INXXX412,0,0,0,0,1,0
10997,524370,11,CX,4,other CX,475.4,156.9,300.8,PLP218,0,0,0,0,1,0
10998,236418,11,CX,2,columnar,338.3,140.2,290.5,vDeltaK,0,0,0,0,0,0
10999,514297,0,unnamed,0,not-CX,304.7,313.0,139.3,GNG018,0,0,0,0,0,0
11000,513711,6,descending,0,not-CX,509.0,136.9,125.8,DNa09,0,0,0,0,1,0
11001,801920,0,unnamed,0,not-CX,504.2,377.0,721.6,IN17A030,0,0,0,0,1,0
11002,86087,0,unnamed,0,not-CX,291.8,78.0,156.1,LHAD3f1_a,0,0,0,0,0,0
11003,133390,11,CX,2,columnar,421.1,146.0,280.5,vDeltaL,0,0,0,0,1,0
11004,27319,0,unnamed,0,not-CX,223.9,131.6,162.9,LHAD2c3,0,0,0,0,0,0
11005,802644,0,unnamed,0,not-CX,417.4,338.4,955.5,INXXX230,0,0,0,0,1,0
11006,30105,0,unnamed,0,not-CX,310.0,292.1,114.1,v2LN49,0,0,0,0,0,0
11007,71877,0,unnamed,0,not-CX,525.2,53.6,230.5,SLP314,0,0,0,0,1,0
11008,860777553,0,unnamed,0,not-CX,0.0,0.0,0.0,,0,0,0,0,0,1
11009,13295,6,descending,0,not-CX,434.9,365.1,259.8,DNge033,0,0,0,0,1,0
11010,806380,0,unnamed,0,not-CX,405.9,427.5,968.0,IN06B040,0,0,0,0,1,0
11011,15064,6,descending,0,not-CX,392.7,390.8,270.6,DNg05_a,0,0,0,0,1,0
11012,52794,0,unnamed,0,not-CX,590.9,160.8,189.6,CB1276,0,0,0,0,1,0
11013,212879,0,unnamed,0,not-CX,426.5,99.4,257.0,FS1A_b,0,0,0,0,1,0
11014,34311,0,unnamed,0,not-CX,330.4,202.9,309.1,WED168,1,0,1,1,0,0
11015,10041,0,unnamed,0,not-CX,402.1,385.7,205.8,OA-VUMa1,1,0,1,0,1,0
11016,58845,0,unnamed,0,not-CX,283.4,290.1,130.5,v2LN47,0,0,0,0,0,0
11017,105827,0,unnamed,0,not-CX,560.9,108.9,176.4,LHAD1a2,0,0,0,0,1,0
11018,54207,0,unnamed,0,not-CX,197.7,161.5,171.0,CB2693,0,0,0,0,0,0
11019,903760,0,unnamed,0,not-CX,345.0,353.3,999.0,INXXX096,0,0,0,0,0,0
11020,12787,6,descending,0,not-CX,371.7,376.8,265.2,DNge033,0,0,0,0,0,0
11021,44138,0,unnamed,0,not-CX,188.3,127.0,273.0,CB3012,0,0,0,0,0,0
11022,19724,0,unnamed,0,not-CX,389.7,59.9,131.4,SMP119,0,0,0,0,1,0
11023,34524,0,unnamed,0,not-CX,179.4,191.1,188.3,,0,0,0,0,0,0
11024,68341,0,unnamed,0,not-CX,559.6,75.9,197.1,LHAD1d2,1,0,1,0,1,0
11025,41622,0,unnamed,0,not-CX,193.8,229.8,191.3,CB1276,0,0,0,0,0,0
11026,20723,0,unnamed,0,not-CX,192.0,151.4,212.4,PVLP082,0,0,0,0,0,0
11027,64263,0,unnamed,0,not-CX,0.0,0.0,0.0,HRN_VP5,0,0,0,0,0,1
11028,804475,0,unnamed,0,not-CX,449.8,434.7,836.3,IN01A037,0,0,0,0,1,0
11029,156986,0,unnamed,0,not-CX,399.5,77.5,244.0,FS2,0,0,0,0,1,0
11030,13369,0,unnamed,0,not-CX,288.7,64.8,248.0,SMP237,1,0,1,1,0,0
11031,62737,0,unnamed,0,not-CX,228.4,71.0,256.5,SMP206,0,0,0,0,0,0
11032,43179,0,unnamed,0,not-CX,245.5,75.0,254.3,LHPD2a1,0,0,0,0,0,0
11033,12258,0,unnamed,0,not-CX,488.6,304.3,169.6,GNG125,0,0,0,0,1,0
11034,532056,0,unnamed,0,not-CX,333.7,80.6,258.7,SMP371_a,1,0,1,1,0,0
11035,73244,0,unnamed,0,not-CX,343.1,160.1,283.1,FC1C_b,0,0,0,0,0,0
11036,169985,11,CX,2,columnar,454.9,195.4,297.8,vDeltaK,0,0,0,0,1,0
11037,533975,0,unnamed,0,not-CX,421.3,280.6,125.1,GNG040,0,0,0,0,1,0
11038,63508,3,KC,0,not-CX,332.9,86.4,244.7,KCg-m,0,0,0,0,0,0
11039,17220,11,CX,4,other CX,445.5,203.3,300.8,LAL185,0,0,0,0,1,0
11040,546085,0,unnamed,0,not-CX,0.0,0.0,0.0,,0,0,0,0,0,1
11041,25719,0,unnamed,0,not-CX,208.0,102.0,199.4,LHAD1b2_d,0,0,0,0,0,0
11042,152655,0,unnamed,0,not-CX,192.2,146.8,179.4,CB1359,0,0,0,0,0,0
11043,10521,0,unnamed,0,not-CX,422.8,74.3,237.6,CRE075,1,0,1,1,1,0
11044,164287,11,CX,2,columnar,341.2,108.7,262.2,vDeltaA_b,0,0,0,0,0,0
11045,88113,0,unnamed,0,not-CX,307.3,82.9,147.0,CB3608,0,0,0,0,0,0
11046,12776,0,unnamed,0,not-CX,178.6,112.4,247.0,SLP304,1,0,1,0,0,0
11047,10421,0,unnamed,0,not-CX,585.8,103.7,189.3,AVLP079,1,0,1,0,1,0
11048,556349,0,unnamed,0,not-CX,0.0,0.0,0.0,,0,0,0,0,0,1
11049,38898,0,unnamed,0,not-CX,187.5,149.6,195.5,CB1389,0,0,0,0,0,0
11050,803972,0,unnamed,0,not-CX,401.6,318.9,1051.0,INXXX348,0,0,0,0,1,0
11051,11295,0,unnamed,0,not-CX,420.5,357.6,288.6,CB0517,0,0,0,0,1,0
11052,800135,0,unnamed,0,not-CX,462.1,423.8,512.5,IN08B001,0,0,0,0,1,0
11053,521262,6,descending,0,not-CX,286.3,136.0,121.2,DNae002,0,0,0,0,0,0
11054,138011,0,unnamed,0,not-CX,399.8,108.1,259.2,FS1A_a,0,0,0,0,1,0
11055,105437,0,unnamed,0,not-CX,589.0,112.9,254.3,CB2790,0,0,0,0,1,0
11056,11172,6,descending,0,not-CX,383.2,391.9,216.0,DNg32,0,0,0,0,0,0
11057,513112,0,unnamed,0,not-CX,536.3,317.1,203.5,CB1942,0,0,0,0,1,0
11058,22791,11,CX,4,other CX,472.4,138.2,295.6,LAL147_a,0,0,0,0,1,0
11059,51539,0,unnamed,0,not-CX,343.2,54.1,198.8,SLP429,0,0,0,0,0,0
11060,119212,0,unnamed,0,not-CX,504.8,178.6,106.4,,0,0,0,0,1,0
11061,580276,0,unnamed,0,not-CX,575.0,138.8,172.3,CB3347,0,0,0,0,1,0
11062,513391,5,MBON,0,not-CX,248.6,79.1,261.0,MBON17-like,1,0,1,1,0,0
11063,165208,0,unnamed,0,not-CX,358.9,163.7,289.5,FS1A_b,0,0,0,0,0,0
11064,21671,0,unnamed,0,not-CX,354.7,112.5,258.7,PPM1202,1,0,1,1,0,0
11065,186896,11,CX,2,columnar,382.7,74.4,212.0,vDeltaK,0,0,0,0,0,0
11066,31167,2,antennal,0,not-CX,510.1,256.5,133.9,M_lvPNm46,0,0,0,0,1,0
11067,167908,11,CX,2,columnar,348.9,76.7,245.6,vDeltaM,0,0,0,0,0,0
11068,25051,0,unnamed,0,not-CX,316.4,51.9,182.1,SMP335,0,0,0,0,0,0
11069,13515,0,unnamed,0,not-CX,320.8,70.8,151.0,CL036,1,0,1,1,0,0
11070,165035,0,unnamed,0,not-CX,465.4,383.9,993.7,ANXXX169,0,0,0,0,1,0
11071,535583,0,unnamed,0,not-CX,540.5,57.8,214.6,SLP313,0,0,0,0,1,0
11072,524668,11,CX,4,other CX,565.8,231.3,223.3,PLP256,0,0,0,0,1,0
11073,16048,0,unnamed,0,not-CX,258.1,310.7,193.8,GNG125,0,0,0,0,0,0
11074,802153,0,unnamed,0,not-CX,427.2,347.0,1066.8,INXXX221,0,0,0,0,1,0
11075,14736,0,unnamed,0,not-CX,492.9,306.2,171.6,GNG123,0,0,0,0,1,0
11076,66047,3,KC,0,not-CX,533.2,74.5,255.3,KCg-m,0,0,0,0,1,0
11077,168653,11,CX,2,columnar,358.4,95.4,254.3,vDeltaL,0,0,0,0,0,0
11078,33368,0,unnamed,0,not-CX,180.8,134.7,210.7,LHCENT13_d,0,0,0,0,0,0
11079,64575,0,unnamed,0,not-CX,583.6,141.9,157.8,CB2379,0,0,0,0,1,0
11080,171935,0,unnamed,0,not-CX,345.2,143.7,297.3,FS2,0,0,0,0,0,0
11081,37336,2,antennal,0,not-CX,259.3,295.7,193.2,M_lvPNm35,0,0,0,0,0,0
11082,11253,0,unnamed,0,not-CX,483.0,232.7,155.9,SAD071,0,0,0,0,1,0
11083,803514,0,unnamed,0,not-CX,490.8,457.1,806.5,IN19A032,0,0,0,0,1,0
11084,180368,11,CX,2,columnar,356.5,90.0,242.7,vDeltaA_b,0,0,0,0,0,0
11085,33409,0,unnamed,0,not-CX,476.2,314.1,162.9,CB0986,0,0,0,0,1,0
11086,905557,0,unnamed,0,not-CX,460.3,367.6,981.0,INXXX122,0,0,0,0,1,0
11087,525400,11,CX,4,other CX,282.9,194.5,131.7,PLP078,0,0,0,0,0,0
11088,68379,0,unnamed,0,not-CX,469.7,253.5,101.2,v2LN49,0,0,0,0,1,0
11089,800883,0,unnamed,0,not-CX,353.6,352.6,976.8,INXXX096,0,0,0,0,0,0
11090,47328,0,unnamed,0,not-CX,185.3,117.2,232.4,CB2494,1,0,1,0,0,0
11091,905312,0,unnamed,0,not-CX,386.6,339.8,1074.7,INXXX385,0,0,0,0,1,0
11092,38991,0,unnamed,0,not-CX,180.2,184.7,206.8,CB1687,0,0,0,0,0,0
11093,16616,0,unnamed,0,not-CX,421.2,352.9,809.7,AN19B025,0,0,0,0,1,0
11094,517028,0,unnamed,0,not-CX,568.9,75.5,203.0,CB2667,0,0,0,0,1,0
11095,147030,0,unnamed,0,not-CX,545.9,61.9,211.5,LHPD3a4_b,0,0,0,0,1,0
11096,20060,0,unnamed,0,not-CX,529.0,304.3,204.3,CB1942,0,0,0,0,1,0
11097,801053,0,unnamed,0,not-CX,458.8,492.7,841.5,IN06A005,0,0,0,0,1,0
11098,142743,0,unnamed,0,not-CX,209.0,123.5,278.3,ATL019,1,0,1,0,0,0
11099,18349,0,unnamed,0,not-CX,171.0,139.4,203.8,LH004m,0,0,0,0,0,0
11100,10460,6,descending,0,not-CX,279.7,138.4,117.3,DNa09,0,0,0,0,0,0
11101,42598,0,unnamed,0,not-CX,176.5,183.5,188.2,CB1114,0,0,0,0,0,0
11102,47301,3,KC,0,not-CX,454.8,82.2,274.6,KCa'b'-ap1,0,0,0,0,1,0
11103,106617,0,unnamed,0,not-CX,293.9,49.5,238.6,CB2600,0,0,0,0,0,0
11104,116424,11,CX,2,columnar,336.6,138.9,295.9,vDeltaL,0,0,0,0,0,0
11105,44619,5,MBON,0,not-CX,231.5,95.4,268.7,MBON15-like,1,0,1,0,0,0
11106,10967,6,descending,0,not-CX,352.8,368.2,166.7,DNg70,0,0,0,0,0,0
11107,808129,0,unnamed,0,not-CX,358.1,385.6,999.3,,0,0,0,0,0,0
11108,38425,0,unnamed,0,not-CX,406.7,88.1,108.0,SMP082,1,0,1,1,1,0
11109,29234,0,unnamed,0,not-CX,456.0,381.7,992.8,ANXXX202,0,0,0,0,1,0
11110,906092,0,unnamed,0,not-CX,457.4,376.7,1020.2,INXXX230,0,0,0,0,1,0
11111,10691,0,unnamed,0,not-CX,299.1,323.3,143.5,WED203,0,0,0,0,0,0
11112,12492,6,descending,0,not-CX,295.5,326.7,172.6,DNg78,0,0,0,0,0,0
11113,53788,2,antennal,0,not-CX,258.5,289.2,163.5,M_lvPNm38,0,0,0,0,0,0
11114,39958,0,unnamed,0,not-CX,188.3,173.4,208.6,CB1735,0,0,0,0,0,0
11115,806430,0,unnamed,0,not-CX,458.3,489.0,998.7,IN07B033,0,0,0,0,1,0
11116,512628,0,unnamed,0,not-CX,287.1,136.8,133.3,SAD004,0,0,0,0,0,0
11117,21160,0,unnamed,0,not-CX,265.1,84.8,261.8,SMP180,1,0,1,1,0,0
11118,69315,0,unnamed,0,not-CX,367.2,97.9,240.6,FC1C_b,0,0,0,0,0,0
11119,805291,0,unnamed,0,not-CX,354.7,386.9,1009.4,INXXX399,0,0,0,0,0,0
11120,48290,0,unnamed,0,not-CX,187.6,160.5,177.2,SLP113,0,0,0,0,0,0
11121,513603,0,unnamed,0,not-CX,332.9,136.3,277.2,CRE078,1,0,1,1,0,0
11122,49829,7,motor,0,not-CX,451.5,293.6,117.9,MN11V,0,0,0,0,1,0
11123,56806,0,unnamed,0,not-CX,180.6,107.9,264.1,CB1850,0,0,0,0,0,0
11124,64591,0,unnamed,0,not-CX,402.2,90.2,250.7,FC1E,0,0,0,0,1,0
11125,261784,0,unnamed,0,not-CX,355.2,87.3,117.9,SMP081,1,0,1,1,0,0
11126,92073,0,unnamed,0,not-CX,210.5,89.0,200.0,LHAD1b4,0,0,0,0,0,0
11127,164504,11,CX,2,columnar,431.4,115.1,293.8,vDeltaM,0,0,0,0,1,0
11128,154820,0,unnamed,0,not-CX,493.9,54.6,248.3,LHPD3a5,0,0,0,0,1,0
11129,41787,3,KC,0,not-CX,268.2,67.1,261.5,KCg-m,0,0,0,0,0,0
11130,69780,0,unnamed,0,not-CX,201.9,95.2,212.8,LHAD1b5,0,0,0,0,0,0
11131,520439,0,unnamed,0,not-CX,209.0,163.5,192.6,SMP010,1,0,1,0,0,0
11132,28196,3,KC,0,not-CX,491.2,68.7,269.8,KCa'b'-ap1,0,0,0,0,1,0
11133,22073,0,unnamed,0,not-CX,377.2,170.1,109.6,CB1055,1,0,1,1,0,0
11134,801956,0,unnamed,0,not-CX,501.7,416.5,697.9,IN18B032,0,0,0,0,1,0
11135,550750,0,unnamed,0,not-CX,285.1,133.8,130.4,SAD004,0,0,0,0,0,0
11136,800263,0,unnamed,0,not-CX,473.2,410.6,1024.1,IN20A.22A001,0,0,0,0,1,0
11137,63506,3,KC,0,not-CX,340.1,78.8,247.1,KCg-m,0,0,0,0,0,0
11138,514337,0,unnamed,0,not-CX,501.3,167.5,286.6,CB1300,0,0,0,0,1,0
11139,519270,0,unnamed,0,not-CX,590.7,153.7,195.5,,0,0,0,0,1,0
11140,123814,0,unnamed,0,not-CX,412.1,47.9,195.6,CB1073,1,0,1,1,1,0
11141,54803,0,unnamed,0,not-CX,197.5,237.7,195.3,,0,0,0,0,0,0
11142,41152,0,unnamed,0,not-CX,235.7,238.0,331.4,LC43,0,0,0,0,0,0
11143,25662,0,unnamed,0,not-CX,345.0,352.5,146.7,AMMC026,0,0,0,0,0,0
11144,144488,0,unnamed,0,not-CX,402.6,106.8,257.0,FC1C_a,0,0,0,0,1,0
11145,195274,0,unnamed,0,not-CX,0.0,0.0,0.0,,0,0,0,0,0,1
11146,66105,3,KC,0,not-CX,460.9,119.5,296.8,KCg-m,0,0,0,0,1,0
11147,66752,0,unnamed,0,not-CX,394.1,108.8,229.0,SAD079,0,0,0,0,1,0
11148,66289,0,unnamed,0,not-CX,271.0,197.7,111.2,,0,0,0,0,0,0
11149,14441,0,unnamed,0,not-CX,516.8,126.0,272.0,WED092,1,0,1,1,1,0
11150,523941,2,antennal,0,not-CX,259.1,290.1,187.6,M_lvPNm35,0,0,0,0,0,0
11151,51302,0,unnamed,0,not-CX,295.2,92.2,142.2,CB1924,0,0,0,0,0,0
11152,149966,11,CX,2,columnar,408.1,106.2,259.3,vDeltaI_b,0,0,0,0,1,0
11153,163045,0,unnamed,0,not-CX,607.2,118.2,188.1,CB3733,0,0,0,0,1,0
11154,44579,0,unnamed,0,not-CX,246.3,94.7,262.6,CB2224,0,0,0,0,0,0
11155,194483,3,KC,0,not-CX,343.5,70.8,237.3,KCg-m,0,0,0,0,0,0
11156,14490,0,unnamed,0,not-CX,182.4,171.7,199.2,SLP207,1,0,1,0,0,0
11157,532662,0,unnamed,0,not-CX,465.2,281.9,114.9,CB2711,0,0,0,0,1,0
11158,100824,11,CX,2,columnar,336.8,142.1,288.4,vDeltaK,0,0,0,0,0,0
11159,14018,0,unnamed,0,not-CX,322.5,357.2,154.3,CB0607,0,0,0,0,0,0
11160,800240,0,unnamed,0,not-CX,392.7,475.7,1028.4,IN04B007,0,0,0,0,1,0
11161,13085,0,unnamed,0,not-CX,257.0,176.7,289.8,AVLP571,0,0,0,0,0,0
11162,801138,0,unnamed,0,not-CX,463.8,516.7,858.0,IN12A006,0,0,0,0,1,0
11163,523893,0,unnamed,0,not-CX,537.2,146.8,281.9,CB4117,0,0,0,0,1,0
11164,902610,0,unnamed,0,not-CX,583.2,167.7,184.1,CB2805,0,0,0,0,1,0
11165,39765,0,unnamed,0,not-CX,429.0,149.2,290.0,CL360,1,0,1,1,1,0
11166,37961,0,unnamed,0,not-CX,202.5,119.4,193.8,LHAD1a1,0,0,0,0,0,0
11167,48329,0,unnamed,0,not-CX,174.2,145.7,186.4,CB4100,0,0,0,0,0,0
11168,17438,0,unnamed,0,not-CX,252.4,83.6,266.9,SMP256,1,0,1,1,0,0
11169,17068,0,unnamed,0,not-CX,560.0,128.0,190.7,SLP074,1,0,1,0,1,0
11170,16288,0,unnamed,0,not-CX,552.8,152.1,146.1,CL080,1,0,1,0,1,0
11171,16105,0,unnamed,0,not-CX,551.5,132.3,267.2,ATL017,1,0,1,0,1,0
11172,10678,0,unnamed,0,not-CX,413.7,114.4,95.0,LHCENT11,1,0,1,1,1,0
11173,519896,6,descending,0,not-CX,498.5,148.2,122.4,DNa06,0,0,0,0,1,0
11174,53698,0,unnamed,0,not-CX,190.8,122.0,271.1,CB1976b,1,0,1,0,0,0
11175,53299,0,unnamed,0,not-CX,211.8,129.6,279.5,CB1500,0,0,0,0,0,0
11176,800247,0,unnamed,0,not-CX,382.8,492.8,555.4,IN07B002,0,0,0,0,0,0
11177,37264,0,unnamed,0,not-CX,558.3,110.7,175.4,LHAD1a3,0,0,0,0,1,0
11178,28991,0,unnamed,0,not-CX,383.9,86.7,116.2,SMP086,1,0,1,1,0,0
11179,10888,6,descending,0,not-CX,432.7,270.1,128.6,DNb06,0,0,0,0,1,0
11180,802983,0,unnamed,0,not-CX,459.4,366.5,1019.0,INXXX215,0,0,0,0,1,0
11181,49309,0,unnamed,0,not-CX,468.7,206.6,303.1,WED168,1,0,1,1,1,0
11182,16151,0,unnamed,0,not-CX,372.3,290.5,126.4,GNG040,0,0,0,0,0,0
11183,125291,0,unnamed,0,not-CX,303.1,293.2,112.8,CB2711,0,0,0,0,0,0
11184,181296,11,CX,2,columnar,420.4,80.0,251.2,vDeltaL,0,0,0,0,1,0
11185,42215,0,unnamed,0,not-CX,170.1,123.4,191.4,CB2983,0,0,0,0,0,0
11186,102416,11,CX,2,columnar,331.8,138.7,299.4,vDeltaK,0,0,0,0,0,0
11187,39562,0,unnamed,0,not-CX,479.5,309.9,155.7,AMMC025,0,0,0,0,1,0
11188,20492,0,unnamed,0,not-CX,445.9,130.3,280.1,CRE078,1,0,1,1,1,0
11189,31236,0,unnamed,0,not-CX,447.1,44.2,204.6,SLP400,1,0,1,1,1,0
11190,38853,5,MBON,0,not-CX,508.3,92.6,272.3,MBON15,0,0,0,0,1,0
11191,34959,0,unnamed,0,not-CX,471.8,205.4,301.1,WED168,1,0,1,1,1,0
11192,11491,6,descending,0,not-CX,509.8,202.3,122.0,DNde005,0,0,0,0,1,0
11193,81960,0,unnamed,0,not-CX,331.3,112.7,279.3,SMP379,1,0,1,1,0,0
11194,148416,11,CX,2,columnar,404.2,103.4,256.0,vDeltaB,0,0,0,0,1,0
11195,550769,0,unnamed,0,not-CX,398.3,108.4,263.2,FC1C_b,0,0,0,0,1,0
11196,17334,11,CX,4,other CX,287.0,207.5,306.6,PLP161,0,0,0,0,0,0
11197,61921,0,unnamed,0,not-CX,508.4,197.7,128.3,VES040,1,0,1,1,1,0
11198,11701,0,unnamed,0,not-CX,432.9,164.8,102.9,mALD3,0,0,0,0,1,0
11199,11909,0,unnamed,0,not-CX,472.0,301.4,131.9,GNG099,0,0,0,0,1,0
11200,10241,0,unnamed,0,not-CX,201.4,147.7,222.4,AVLP001,1,0,1,0,0,0
11201,60312,0,unnamed,0,not-CX,194.0,161.3,169.0,CB2693,0,0,0,0,0,0
11202,157669,0,unnamed,0,not-CX,522.5,53.3,233.4,LHPD3a5,0,0,0,0,1,0
11203,151537,11,CX,2,columnar,418.7,80.0,248.7,vDeltaM,0,0,0,0,1,0
11204,519761,0,unnamed,0,not-CX,373.5,100.9,104.5,SMP082,1,0,1,1,0,0
11205,46082,0,unnamed,0,not-CX,201.1,142.1,174.8,SLP176,0,0,0,0,0,0
11206,53493,0,unnamed,0,not-CX,266.4,204.5,306.9,LC43,0,0,0,0,0,0
11207,18446,11,CX,4,other CX,512.1,187.2,290.9,PLP161,0,0,0,0,1,0
11208,802842,0,unnamed,0,not-CX,415.6,447.5,1040.2,IN03B042,0,0,0,0,1,0
11209,10131,6,descending,0,not-CX,372.5,387.6,205.5,DNg74_a,0,0,0,0,0,0
11210,160368,0,unnamed,0,not-CX,0.0,0.0,0.0,,0,0,0,0,0,1
11211,14357,6,descending,0,not-CX,285.3,328.7,257.7,DNg05_a,0,0,0,0,0,0
11212,175711,0,unnamed,0,not-CX,0.0,0.0,0.0,,0,0,0,0,0,1
11213,52313,0,unnamed,0,not-CX,221.1,166.3,146.4,,0,0,0,0,0,0
11214,803217,0,unnamed,0,not-CX,420.1,356.9,1065.0,INXXX285,0,0,0,0,1,0
11215,19996,0,unnamed,0,not-CX,178.0,142.3,207.2,PVLP082,1,0,1,0,0,0
11216,12295,0,unnamed,0,not-CX,215.0,268.2,207.5,aMe20,1,0,1,0,0,0
11217,555500,6,descending,0,not-CX,298.6,333.0,176.8,DNg29,0,0,0,0,0,0
11218,47440,0,unnamed,0,not-CX,588.8,118.3,195.7,CB1701,0,0,0,0,1,0
11219,31419,0,unnamed,0,not-CX,183.8,188.6,187.8,CB1821,0,0,0,0,0,0
11220,94152,11,CX,2,columnar,352.5,93.5,243.5,vDeltaI_b,0,0,0,0,0,0
11221,12682,0,unnamed,0,not-CX,482.0,60.0,249.2,SLP278,1,0,1,1,1,0
11222,59884,0,unnamed,0,not-CX,177.0,124.1,197.8,CB2958,0,0,0,0,0,0
11223,141383,0,unnamed,0,not-CX,577.5,126.2,164.2,CB2701,0,0,0,0,1,0
11224,66230,0,unnamed,0,not-CX,347.9,163.2,286.3,FS1A_a,0,0,0,0,0,0
11225,133394,0,unnamed,0,not-CX,575.0,86.8,183.7,CB4208,0,0,0,0,1,0
11226,14876,0,unnamed,0,not-CX,501.4,71.2,254.4,SMP234,1,0,1,1,1,0
11227,35974,0,unnamed,0,not-CX,264.9,209.1,307.7,LC43,0,0,0,0,0,0
11228,18638,0,unnamed,0,not-CX,333.4,70.0,145.0,CB1263,1,0,1,1,0,0
11229,22146,0,unnamed,0,not-CX,422.4,77.7,122.4,CRE007,1,0,1,1,1,0
11230,811471,0,unnamed,0,not-CX,462.1,383.6,980.9,IN06A119,0,0,0,0,1,0
11231,16671,0,unnamed,0,not-CX,331.5,287.2,137.4,VES022,0,0,0,0,0,0
11232,936290,0,unnamed,0,not-CX,0.0,0.0,0.0,SNxx15,0,0,0,0,0,1
11233,49903,3,KC,0,not-CX,269.1,80.3,265.1,KCg-m,0,0,0,0,0,0
11234,124822,0,unnamed,0,not-CX,583.7,85.8,249.8,CB3240,0,0,0,0,1,0
11235,563663,0,unnamed,0,not-CX,0.0,0.0,0.0,,0,0,0,0,0,1
11236,521011,11,CX,4,other CX,191.2,135.6,227.7,PLP096,0,0,0,0,0,0
11237,41645,3,KC,0,not-CX,280.2,60.7,264.7,KCa'b'-ap2,0,0,0,0,0,0
11238,74814,0,unnamed,0,not-CX,192.6,134.3,279.5,CB4117,0,0,0,0,0,0
11239,171554,11,CX,2,columnar,362.2,94.7,254.5,vDeltaL,0,0,0,0,0,0
11240,43764,0,unnamed,0,not-CX,209.6,160.9,236.9,CB3281,1,0,1,0,0,0
11241,525143,0,unnamed,0,not-CX,467.7,306.1,160.2,AMMC025,0,0,0,0,1,0
11242,188659,11,CX,2,columnar,430.7,97.7,260.1,vDeltaA_b,0,0,0,0,1,0
11243,14942,0,unnamed,0,not-CX,396.0,118.9,240.8,ATL030,1,0,1,1,1,0
11244,33040,0,unnamed,0,not-CX,342.3,195.9,303.2,CB4094,0,0,0,0,0,0
11245,70509,3,KC,0,not-CX,344.8,66.0,232.8,KCg-m,0,0,0,0,0,0
11246,147486,0,unnamed,0,not-CX,539.3,54.8,221.2,LHPD3a4_c,0,0,0,0,1,0
11247,75990,0,unnamed,0,not-CX,243.1,59.5,227.8,LHPD3a5,0,0,0,0,0,0
11248,32628,0,unnamed,0,not-CX,488.7,282.2,132.8,PS072,0,0,0,0,1,0
11249,111803,3,KC,0,not-CX,468.6,114.8,299.4,KCg-m,0,0,0,0,1,0
11250,815788,0,unnamed,0,not-CX,396.5,335.3,1057.8,INXXX285,0,0,0,0,1,0
11251,512094,11,CX,4,other CX,441.1,148.8,309.1,LAL191,0,0,0,0,1,0
11252,804982,0,unnamed,0,not-CX,397.2,320.7,1036.2,INXXX230,0,0,0,0,1,0
11253,902529,0,unnamed,0,not-CX,308.3,465.7,677.4,IN03B022,0,0,0,0,0,0
11254,57527,0,unnamed,0,not-CX,204.6,84.2,212.1,CB2194,1,0,1,0,0,0
11255,12644,0,unnamed,0,not-CX,414.8,85.1,248.6,PPM1201,1,0,1,1,1,0
11256,59379,0,unnamed,0,not-CX,429.9,109.2,246.2,SIP076,1,0,1,1,1,0
11257,127421,0,unnamed,0,not-CX,575.0,122.8,155.2,CB2693,0,0,0,0,1,0
11258,18038,0,unnamed,0,not-CX,319.0,59.3,227.6,SMP333,0,0,0,0,0,0
11259,904108,0,unnamed,0,not-CX,369.6,323.8,995.4,INXXX230,0,0,0,0,0,0
11260,18889,0,unnamed,0,not-CX,381.6,96.5,227.6,ATL027,1,0,1,1,0,0
11261,25100,11,CX,4,other CX,327.4,148.9,309.2,LAL191,0,0,0,0,0,0
11262,20823,0,unnamed,0,not-CX,560.0,106.8,171.5,LH006m,0,0,0,0,1,0
11263,18128,11,CX,4,other CX,324.4,201.5,300.5,LAL185,0,0,0,0,0,0
11264,27534,0,unnamed,0,not-CX,351.2,56.1,203.7,CB2592,1,0,1,1,0,0
11265,14881,0,unnamed,0,not-CX,0.0,0.0,0.0,GLNO,0,0,0,0,0,1
11266,125272,0,unnamed,0,not-CX,329.3,143.6,290.0,FS1B_a,0,0,0,0,0,0
11267,139925,0,unnamed,0,not-CX,436.6,105.4,268.5,FS1A_a,0,0,0,0,1,0
11268,84239,0,unnamed,0,not-CX,199.2,164.3,169.5,CB2693,0,0,0,0,0,0
11269,73810,0,unnamed,0,not-CX,584.1,114.6,261.3,CB4115,0,0,0,0,1,0
11270,60453,0,unnamed,0,not-CX,579.4,145.0,164.5,CB1804,0,0,0,0,1,0
11271,18552,0,unnamed,0,not-CX,210.7,85.3,206.6,SLP373,1,0,1,0,0,0
11272,46234,0,unnamed,0,not-CX,485.7,48.1,242.7,CB2600,0,0,0,0,1,0
11273,519925,11,CX,4,other CX,491.5,118.8,125.2,LAL040,0,0,0,0,1,0
11274,10354,6,descending,0,not-CX,351.0,159.7,279.2,DNp73,0,0,0,0,0,0
11275,804761,0,unnamed,0,not-CX,440.5,369.7,1052.2,INXXX249,0,0,0,0,1,0
11276,523599,0,unnamed,0,not-CX,541.7,239.6,329.4,LPi2b,0,0,0,0,1,0
11277,11241,6,descending,0,not-CX,353.4,376.0,266.6,DNge143,0,0,0,0,0,0
11278,21505,0,unnamed,0,not-CX,590.2,111.4,259.5,CB1577,0,0,0,0,1,0
11279,50353,0,unnamed,0,not-CX,480.5,312.2,161.9,CB0986,0,0,0,0,1,0
11280,26621,0,unnamed,0,not-CX,162.4,153.2,186.3,SLP222,1,0,1,0,0,0
11281,170798,11,CX,2,columnar,419.2,146.6,294.4,vDeltaL,0,0,0,0,1,0
11282,41317,0,unnamed,0,not-CX,184.9,149.6,212.5,CB4084,0,0,0,0,0,0
11283,526468,0,unnamed,0,not-CX,333.7,62.1,221.2,SMP494,0,0,0,0,0,0
11284,801808,0,unnamed,0,not-CX,448.5,386.2,993.2,INXXX122,0,0,0,0,1,0
11285,11002,6,descending,0,not-CX,486.6,131.0,122.1,DNae002,0,0,0,0,1,0
11286,44766,3,KC,0,not-CX,264.4,74.0,267.1,KCg-m,0,0,0,0,0,0
11287,18341,0,unnamed,0,not-CX,207.4,172.4,170.0,CL080,1,0,1,0,0,0
11288,910458,0,unnamed,0,not-CX,415.0,506.1,572.1,IN02A033,0,0,0,0,1,0
11289,139642,3,KC,0,not-CX,311.0,141.9,301.9,KCg-m,0,0,0,0,0,0
11290,18782,0,unnamed,0,not-CX,212.9,138.1,197.8,SMP034,1,0,1,0,0,0
11291,520580,0,unnamed,0,not-CX,378.6,128.1,97.9,SMP157,1,0,1,1,0,0
11292,513231,0,unnamed,0,not-CX,566.1,78.2,194.0,CB3507,0,0,0,0,1,0
11293,21968,0,unnamed,0,not-CX,201.8,148.2,199.1,ATL004,1,0,1,0,0,0
11294,14795,0,unnamed,0,not-CX,513.9,231.8,126.5,SLP236,0,0,0,0,1,0
11295,88470,0,unnamed,0,not-CX,312.5,277.3,104.9,CB2772,0,0,0,0,0,0
11296,12208,0,unnamed,0,not-CX,241.3,186.4,128.9,CL110,1,0,1,0,0,0
11297,802036,0,unnamed,0,not-CX,356.8,346.2,964.5,IN01A045,0,0,0,0,0,0
11298,17468,0,unnamed,0,not-CX,533.5,81.5,254.2,SLP269,0,0,0,0,1,0
11299,15226,0,unnamed,0,not-CX,510.7,279.3,240.2,ATL041,1,0,1,0,1,0
11300,10494,0,unnamed,0,not-CX,579.1,109.7,207.7,AVLP076,0,0,0,0,1,0
11301,902704,0,unnamed,0,not-CX,428.2,432.9,1021.7,IN12B009,0,0,0,0,1,0
11302,23608,0,unnamed,0,not-CX,394.9,95.4,228.1,SAD078,0,0,0,0,1,0
11303,13212,6,descending,0,not-CX,410.9,94.0,227.1,DNp53,0,0,0,0,1,0
11304,151904,11,CX,2,columnar,408.6,91.1,261.1,vDeltaJ,0,0,0,0,1,0
11305,70466,0,unnamed,0,not-CX,190.8,134.5,188.4,CB1359,0,0,0,0,0,0
11306,74439,0,unnamed,0,not-CX,425.3,151.6,280.9,FS1A_c,0,0,0,0,1,0
11307,74901,0,unnamed,0,not-CX,218.8,121.0,183.8,LHAD1a1,0,0,0,0,0,0
11308,61930,0,unnamed,0,not-CX,341.2,145.5,295.5,FC1C_b,0,0,0,0,0,0
11309,804868,0,unnamed,0,not-CX,437.5,402.4,1054.2,INXXX221,0,0,0,0,1,0
11310,24904,0,unnamed,0,not-CX,280.2,83.3,159.3,,0,0,0,0,0,0
11311,13427,0,unnamed,0,not-CX,204.3,143.9,201.4,SMP011_a,1,0,1,0,0,0
11312,14517,0,unnamed,0,not-CX,271.7,244.2,118.5,SLP236,0,0,0,0,0,0
11313,908652,0,unnamed,0,not-CX,0.0,0.0,0.0,SNxx20,0,0,0,0,0,1
11314,902773,0,unnamed,0,not-CX,455.7,352.6,957.3,INXXX095,0,0,0,0,1,0
11315,33027,0,unnamed,0,not-CX,198.2,236.2,184.9,CB2805,0,0,0,0,0,0
11316,98374,11,CX,2,columnar,393.0,79.7,234.3,vDeltaM,0,0,0,0,1,0
11317,178455,0,unnamed,0,not-CX,337.5,63.0,152.9,CRE005,1,0,1,1,0,0
11318,532969,0,unnamed,0,not-CX,584.9,90.1,190.3,LHAD1f3_a,0,0,0,0,1,0
11319,177278,11,CX,2,columnar,383.4,78.9,207.7,vDeltaL,0,0,0,0,0,0
11320,183789,11,CX,2,columnar,430.9,80.8,258.0,vDeltaK,0,0,0,0,1,0
11321,552118,3,KC,0,not-CX,522.2,75.1,255.0,KCg-m,0,0,0,0,1,0
11322,22282,0,unnamed,0,not-CX,367.8,55.7,191.8,CB2592,1,0,1,1,0,0
11323,906622,0,unnamed,0,not-CX,413.0,426.3,1062.4,INXXX385,0,0,0,0,1,0
11324,18757,0,unnamed,0,not-CX,313.0,327.3,129.5,GNG066,0,0,0,0,0,0
11325,14542,11,CX,4,other CX,261.2,170.6,295.4,LAL139,0,0,0,0,0,0
11326,34518,0,unnamed,0,not-CX,582.1,114.3,253.3,CB2290,0,0,0,0,1,0
11327,902667,0,unnamed,0,not-CX,456.6,514.5,708.9,IN16B016,0,0,0,0,1,0
11328,50471,3,KC,0,not-CX,443.5,49.2,240.5,KCa'b'-ap1,0,0,0,0,1,0
11329,162680,0,unnamed,0,not-CX,356.7,83.6,234.4,FS3_a,0,0,0,0,0,0
11330,103824,0,unnamed,0,not-CX,575.7,81.3,193.8,LHAD1c2,0,0,0,0,1,0
11331,127066,11,CX,2,columnar,424.9,71.9,248.6,vDeltaL,0,0,0,0,1,0
11332,111109,3,KC,0,not-CX,429.0,70.8,242.1,KCg-m,0,0,0,0,1,0
11333,87308,3,KC,0,not-CX,428.4,67.0,250.7,KCg-m,0,0,0,0,1,0
11334,20229,11,CX,4,other CX,211.4,173.1,153.5,PLP053,0,0,0,0,0,0
11335,19212,0,unnamed,0,not-CX,175.4,141.0,199.3,LH004m,0,0,0,0,0,0
11336,47523,0,unnamed,0,not-CX,382.6,105.5,217.9,WED094,0,0,0,0,0,0
11337,54627,0,unnamed,0,not-CX,342.9,156.3,281.6,FS1A_a,0,0,0,0,0,0
11338,75029,3,KC,0,not-CX,321.7,58.5,241.0,KCg-m,0,0,0,0,0,0
11339,86722,0,unnamed,0,not-CX,370.5,108.4,247.4,FS1A_a,0,0,0,0,0,0
11340,58484,0,unnamed,0,not-CX,198.1,174.9,213.8,CB2292,0,0,0,0,0,0
11341,66854,0,unnamed,0,not-CX,193.1,142.6,211.3,,0,0,0,0,0,0
11342,111629,0,unnamed,0,not-CX,316.5,73.0,150.2,CB1924,0,0,0,0,0,0
11343,814753,0,unnamed,0,not-CX,423.5,433.2,1050.5,,0,0,0,0,1,0
11344,63327,3,KC,0,not-CX,422.8,63.5,242.2,KCg-m,0,0,0,0,1,0
11345,27369,0,unnamed,0,not-CX,464.9,327.1,171.7,AMMC025,0,0,0,0,1,0
11346,15732,0,unnamed,0,not-CX,315.4,340.2,136.4,GNG198,0,0,0,0,0,0
11347,16834,0,unnamed,0,not-CX,243.3,121.2,277.4,SMP255,0,0,0,0,0,0
11348,810203,0,unnamed,0,not-CX,442.3,413.3,1007.1,INXXX452,0,0,0,0,1,0
11349,908561,0,unnamed,0,not-CX,401.8,474.4,971.2,IN06B040,0,0,0,0,1,0
11350,11314,6,descending,0,not-CX,262.8,158.4,145.4,DNae003,0,0,0,0,0,0
11351,45078,0,unnamed,0,not-CX,179.1,148.8,205.3,CB4084,0,0,0,0,0,0
11352,51729,0,unnamed,0,not-CX,182.0,143.3,191.7,CB4100,0,0,0,0,0,0
11353,57252,0,unnamed,0,not-CX,401.5,99.2,251.1,FS1A_c,0,0,0,0,1,0
11354,39861,0,unnamed,0,not-CX,185.9,185.6,186.9,CB2448,0,0,0,0,0,0
11355,16693,0,unnamed,0,not-CX,209.5,164.6,182.9,SLP074,1,0,1,0,0,0
11356,82306,0,unnamed,0,not-CX,330.2,54.8,212.7,SLP400,1,0,1,1,0,0
11357,49869,11,CX,4,other CX,278.1,181.7,137.7,ER3p_b,0,0,0,0,0,0
11358,26635,0,unnamed,0,not-CX,206.0,140.4,194.2,SLP099,0,0,0,0,0,0
11359,802757,0,unnamed,0,not-CX,446.2,354.8,969.8,INXXX114,0,0,0,0,1,0
11360,51335,0,unnamed,0,not-CX,181.5,103.8,243.7,CB1782,0,0,0,0,0,0
11361,802553,0,unnamed,0,not-CX,463.2,415.7,1011.1,IN21A021,0,0,0,0,1,0
11362,904655,0,unnamed,0,not-CX,372.0,344.7,967.3,INXXX122,0,0,0,0,0,0
11363,800085,0,unnamed,0,not-CX,440.8,477.8,527.9,IN07B002,0,0,0,0,1,0
11364,49483,0,unnamed,0,not-CX,187.4,127.8,268.5,CB4115,0,0,0,0,0,0
11365,52533,0,unnamed,0,not-CX,196.6,95.6,205.7,LHAD1b5,0,0,0,0,0,0
11366,800496,0,unnamed,0,not-CX,493.1,390.8,732.1,IN11B004,0,0,0,0,1,0
11367,170356,11,CX,2,columnar,340.6,88.0,258.7,vDeltaM,0,0,0,0,0,0
11368,72841,0,unnamed,0,not-CX,190.3,150.3,174.7,CB1359,0,0,0,0,0,0
11369,38015,0,unnamed,0,not-CX,210.8,150.3,175.2,SLP176,0,0,0,0,0,0
11370,46430,0,unnamed,0,not-CX,469.2,255.5,104.7,v2LN32,0,0,0,0,1,0
11371,128336,0,unnamed,0,not-CX,576.6,105.9,268.7,CB2979,0,0,0,0,1,0
11372,803076,0,unnamed,0,not-CX,450.3,353.4,961.6,INXXX192,0,0,0,0,1,0
11373,902837,0,unnamed,0,not-CX,472.2,396.9,1020.2,IN12A025,0,0,0,0,1,0
11374,51391,3,KC,0,not-CX,277.1,71.8,264.0,KCg-m,0,0,0,0,0,0
11375,164254,0,unnamed,0,not-CX,421.3,97.2,250.5,FS2,0,0,0,0,1,0
11376,185386,3,KC,0,not-CX,472.3,127.7,292.1,KCg-m,0,0,0,0,1,0
11377,32217,0,unnamed,0,not-CX,178.8,168.2,192.1,CB2087,0,0,0,0,0,0
11378,53719,0,unnamed,0,not-CX,205.5,111.9,194.5,LHAD1a2,0,0,0,0,0,0
11379,52513,3,KC,0,not-CX,449.9,80.9,254.6,KCa'b'-ap1,0,0,0,0,1,0
11380,66063,0,unnamed,0,not-CX,190.2,139.5,216.9,CB2812,0,0,0,0,0,0
11381,31996,0,unnamed,0,not-CX,173.5,122.4,201.0,CB3016,0,0,0,0,0,0
11382,29913,0,unnamed,0,not-CX,589.9,153.3,191.6,CB0947,0,0,0,0,1,0
11383,519864,11,CX,4,other CX,492.4,207.7,303.9,PLP161,0,0,0,0,1,0
11384,17760,0,unnamed,0,not-CX,191.7,96.7,231.6,SLP321,1,0,1,0,0,0
11385,20157,0,unnamed,0,not-CX,435.4,106.1,259.2,SMP377,1,0,1,1,1,0
11386,511935,0,unnamed,0,not-CX,383.8,118.1,120.8,SMP084,1,0,1,1,0,0
11387,800795,0,unnamed,0,not-CX,423.1,523.1,736.7,IN04B006,0,0,0,0,1,0
11388,16247,0,unnamed,0,not-CX,374.9,105.8,222.7,SAD077,0,0,0,0,0,0
11389,903140,0,unnamed,0,not-CX,392.4,328.4,961.2,INXXX114,0,0,0,0,1,0
11390,141092,0,unnamed,0,not-CX,584.2,142.8,154.1,CB1359,0,0,0,0,1,0
11391,57778,0,unnamed,0,not-CX,201.2,146.5,171.6,SLP176,0,0,0,0,0,0
11392,93538,0,unnamed,0,not-CX,384.4,90.8,223.2,FS1B_a,0,0,0,0,0,0
11393,44056,0,unnamed,0,not-CX,369.9,103.8,249.8,FS1A_a,0,0,0,0,0,0
11394,512617,0,unnamed,0,not-CX,509.5,222.5,120.4,CB2153,0,0,0,0,1,0
11395,520895,0,unnamed,0,not-CX,334.5,119.9,291.0,SIP086,1,0,1,1,0,0
11396,117356,0,unnamed,0,not-CX,390.2,105.9,262.6,FC1E,0,0,0,0,1,0
11397,16088,0,unnamed,0,not-CX,566.6,105.4,162.3,SLP032,1,0,1,0,1,0
11398,23764,0,unnamed,0,not-CX,374.8,164.3,111.0,WED082,1,0,1,1,0,0
11399,290285,11,CX,2,columnar,349.3,79.2,242.9,vDeltaM,0,0,0,0,0,0
11400,919159,0,unnamed,0,not-CX,0.0,0.0,0.0,,0,0,0,0,0,1
11401,542935,0,unnamed,0,not-CX,464.4,302.1,142.2,AMMC031,0,0,0,0,1,0
11402,30130,0,unnamed,0,not-CX,583.2,167.6,196.7,SLP211,1,0,1,0,1,0
11403,14165,0,unnamed,0,not-CX,243.4,91.6,269.5,SMP185,1,0,1,1,0,0
11404,21201,0,unnamed,0,not-CX,192.8,125.4,188.6,SLP032,1,0,1,0,0,0
11405,48975,3,KC,0,not-CX,324.5,98.1,278.9,KCg-m,0,0,0,0,0,0
11406,165868,11,CX,2,columnar,364.0,91.9,247.0,vDeltaK,0,0,0,0,0,0
11407,23325,0,unnamed,0,not-CX,427.7,261.4,124.3,GLNO,0,0,0,0,1,0
11408,12104,0,unnamed,0,not-CX,402.3,275.8,128.1,GLNO,0,0,0,0,1,0
11409,35785,0,unnamed,0,not-CX,351.6,56.8,207.2,CB2592,1,0,1,1,0,0
11410,521776,6,descending,0,not-CX,428.5,84.8,244.6,DNpe048,1,0,1,1,1,0
11411,18474,0,unnamed,0,not-CX,479.7,317.7,183.9,GNG132,0,0,0,0,1,0
11412,39569,3,KC,0,not-CX,312.6,64.1,245.5,KCg-m,0,0,0,0,0,0
11413,15964,0,unnamed,0,not-CX,273.9,271.1,271.7,ATL041,1,0,1,0,0,0
11414,82136,11,CX,4,other CX,385.4,117.3,232.1,LAL131,0,0,0,0,0,0
11415,50800,0,unnamed,0,not-CX,597.8,159.1,187.5,CB1114,0,0,0,0,1,0
11416,182290,11,CX,2,columnar,380.4,94.4,222.5,vDeltaA_b,0,0,0,0,0,0
11417,14511,0,unnamed,0,not-CX,496.6,250.1,115.2,CB3588,0,0,0,0,1,0
11418,55485,3,KC,0,not-CX,506.3,63.7,260.8,KCa'b'-ap1,0,0,0,0,1,0
11419,515989,0,unnamed,0,not-CX,436.7,102.4,255.1,SMP377,1,0,1,1,1,0
11420,801230,0,unnamed,0,not-CX,437.7,404.0,989.1,INXXX096,0,0,0,0,1,0
11421,902758,0,unnamed,0,not-CX,441.5,413.2,999.0,IN03B031,0,0,0,0,1,0
11422,579221,0,unnamed,0,not-CX,291.0,296.0,128.1,v2LN34E,0,0,0,0,0,0
11423,76000,0,unnamed,0,not-CX,202.7,137.3,270.8,CB4115,0,0,0,0,0,0
11424,520928,0,unnamed,0,not-CX,587.3,116.3,254.8,CB3012,0,0,0,0,1,0
11425,280660,0,unnamed,0,not-CX,305.7,291.5,119.5,,0,0,0,0,0,0
11426,38859,5,MBON,0,not-CX,532.7,93.6,264.6,MBON15-like,1,0,1,0,1,0
11427,715312637,0,unnamed,0,not-CX,366.4,63.3,142.7,CB4159,1,0,1,1,0,0
11428,163733,11,CX,2,columnar,433.2,118.9,290.6,vDeltaK,0,0,0,0,1,0
11429,541683,3,KC,0,not-CX,248.8,77.1,267.1,KCg-m,0,0,0,0,0,0
11430,800095,0,unnamed,0,not-CX,470.1,393.7,1012.2,IN20A.22A001,0,0,0,0,1,0
11431,515643,0,unnamed,0,not-CX,360.6,133.9,265.9,CL150,0,0,0,0,0,0
11432,543754,0,unnamed,0,not-CX,329.0,198.6,308.9,WED168,1,0,1,1,0,0
11433,903859,0,unnamed,0,not-CX,383.5,324.7,978.1,INXXX230,0,0,0,0,0,0
11434,10884,6,descending,0,not-CX,496.6,146.9,133.9,DNa15,0,0,0,0,1,0
11435,43380,3,KC,0,not-CX,267.4,71.5,269.6,KCg-m,0,0,0,0,0,0
11436,80611,3,KC,0,not-CX,442.8,70.7,249.5,KCa'b'-ap1,0,0,0,0,1,0
11437,178237,0,unnamed,0,not-CX,428.7,142.3,287.8,FS3_b,0,0,0,0,1,0
11438,168680,11,CX,2,columnar,437.3,132.0,302.3,vDeltaM,0,0,0,0,1,0
11439,177539,0,unnamed,0,not-CX,366.1,89.4,235.8,FS3_b,0,0,0,0,0,0
11440,111460,0,unnamed,0,not-CX,348.7,166.5,298.7,FS3_c,0,0,0,0,0,0
11441,17174,0,unnamed,0,not-CX,429.7,110.0,286.7,SIP086,1,0,1,1,1,0
11442,812330,0,unnamed,0,not-CX,306.3,372.9,736.5,IN19A032,0,0,0,0,0,0
11443,24960,0,unnamed,0,not-CX,235.4,100.9,170.9,SLP157,0,0,0,0,0,0
11444,57401,0,unnamed,0,not-CX,182.8,130.4,267.1,CB1219,0,0,0,0,0,0
11445,800801,0,unnamed,0,not-CX,460.6,358.6,1002.2,INXXX230,0,0,0,0,1,0
11446,801162,0,unnamed,0,not-CX,386.3,491.5,817.2,IN06A005,0,0,0,0,1,0
11447,50160,0,unnamed,0,not-CX,195.0,235.1,186.4,CB2442,0,0,0,0,0,0
11448,62921,0,unnamed,0,not-CX,169.4,119.4,207.1,CB3016,0,0,0,0,0,0
11449,39598,0,unnamed,0,not-CX,172.3,137.7,206.7,CB1246,0,0,0,0,0,0
11450,36773,0,unnamed,0,not-CX,190.0,232.1,182.9,CB2679,0,0,0,0,0,0
11451,552297,0,unnamed,0,not-CX,580.9,89.3,247.4,CB1500,0,0,0,0,1,0
11452,38029,0,unnamed,0,not-CX,595.3,162.7,188.8,CB1114,0,0,0,0,1,0
11453,152295,11,CX,2,columnar,330.4,141.4,301.8,vDeltaA_a,0,0,0,0,0,0
11454,169508,11,CX,2,columnar,410.7,101.5,257.1,vDeltaA_b,0,0,0,0,1,0
11455,81485,0,unnamed,0,not-CX,193.3,145.0,182.2,CB4151,0,0,0,0,0,0
11456,17392,0,unnamed,0,not-CX,412.5,125.0,270.9,SMP507,1,0,1,1,1,0
11457,934913,0,unnamed,0,not-CX,357.7,96.4,237.3,FS3_c,0,0,0,0,0,0
11458,64727,0,unnamed,0,not-CX,585.3,87.0,185.2,LHAD1f1,0,0,0,0,1,0
11459,537925,0,unnamed,0,not-CX,243.2,59.2,231.2,LHPD3a5,0,0,0,0,0,0
11460,53290,0,unnamed,0,not-CX,281.3,59.2,246.7,SLP314,0,0,0,0,0,0
11461,11175,0,unnamed,0,not-CX,271.8,303.5,223.6,SAD113,0,0,0,0,0,0
11462,535999,0,unnamed,0,not-CX,209.7,94.8,264.2,,0,0,0,0,0,0
11463,77838,0,unnamed,0,not-CX,242.4,59.9,225.0,LHPD3a4_c,0,0,0,0,0,0
11464,55412,0,unnamed,0,not-CX,273.9,242.2,309.8,LC43,0,0,0,0,0,0
11465,905905,0,unnamed,0,not-CX,454.3,370.0,1018.5,INXXX230,0,0,0,0,1,0
11466,513296,6,descending,0,not-CX,487.5,198.1,140.1,DNb03,0,0,0,0,1,0
11467,10080,0,unnamed,0,not-CX,411.0,348.6,153.3,OA-VUMa3,1,0,1,0,1,0
11468,15315,0,unnamed,0,not-CX,464.5,80.8,148.1,SLP212_a,0,0,0,0,1,0
11469,76493,3,KC,0,not-CX,250.1,72.5,262.7,KCg-m,0,0,0,0,0,0
11470,307621,0,unnamed,0,not-CX,430.5,80.2,262.3,FS1A_c,0,0,0,0,1,0
11471,27721,0,unnamed,0,not-CX,338.8,118.6,250.8,SIP076,1,0,1,1,0,0
11472,51865,3,KC,0,not-CX,431.3,79.1,242.5,KCg-m,0,0,0,0,1,0
11473,31082,0,unnamed,0,not-CX,226.8,93.0,263.2,,0,0,0,0,0,0
11474,14643,0,unnamed,0,not-CX,495.2,299.6,158.8,GNG032,0,0,0,0,1,0
11475,115287,3,KC,0,not-CX,507.7,62.8,253.6,KCg-m,0,0,0,0,1,0
11476,514979,0,unnamed,0,not-CX,488.1,237.2,102.3,CB3673a,0,0,0,0,1,0
11477,904800,0,unnamed,0,not-CX,404.0,502.8,802.5,INXXX023,0,0,0,0,1,0
11478,221876,3,KC,0,not-CX,322.3,82.9,266.3,KCg-m,0,0,0,0,0,0
11479,800397,0,unnamed,0,not-CX,308.3,382.8,740.3,IN11B004,0,0,0,0,0,0
11480,90331,0,unnamed,0,not-CX,348.5,156.4,296.1,FC1C_a,0,0,0,0,0,0
11481,36007,3,KC,0,not-CX,483.9,66.9,264.6,KCa'b'-ap1,0,0,0,0,1,0
11482,547275,3,KC,0,not-CX,320.7,119.5,300.1,KCg-m,0,0,0,0,0,0
11483,44275,0,unnamed,0,not-CX,172.9,174.7,192.3,,0,0,0,0,0,0
11484,20725,0,unnamed,0,not-CX,215.3,136.6,182.4,SLP058,0,0,0,0,0,0
11485,33773,0,unnamed,0,not-CX,398.8,91.6,114.3,SMP086,1,0,1,1,1,0
11486,12055,0,unnamed,0,not-CX,446.1,154.8,290.0,PS196_b,1,0,1,1,1,0
11487,87276,3,KC,0,not-CX,425.1,60.8,236.1,KCg-m,0,0,0,0,1,0
11488,19607,0,unnamed,0,not-CX,388.1,354.7,790.1,AN19B024,0,0,0,0,1,0
11489,91820,0,unnamed,0,not-CX,405.2,103.1,245.8,FS1A_c,0,0,0,0,1,0
11490,10707,0,unnamed,0,not-CX,293.2,308.2,170.8,SMP593,0,0,0,0,0,0
11491,124937,3,KC,0,not-CX,335.2,67.4,247.7,KCa'b'-ap1,0,0,0,0,0,0
11492,67000,3,KC,0,not-CX,509.0,73.1,266.4,KCg-m,0,0,0,0,1,0
11493,66911,3,KC,0,not-CX,254.8,105.4,277.1,KCg-m,0,0,0,0,0,0
11494,23631,0,unnamed,0,not-CX,502.4,133.3,282.7,SLP355,1,0,1,1,1,0
11495,91561,0,unnamed,0,not-CX,253.2,54.8,232.0,LHPD3a5,0,0,0,0,0,0
11496,20453,0,unnamed,0,not-CX,448.6,245.3,307.6,PS237,0,0,0,0,1,0
11497,16728,0,unnamed,0,not-CX,205.3,139.5,182.5,SLP458,1,0,1,0,0,0
11498,514345,0,unnamed,0,not-CX,468.9,341.7,197.9,GNG135,0,0,0,0,1,0
11499,67468,3,KC,0,not-CX,427.0,58.7,238.4,KCg-m,0,0,0,0,1,0
11500,123894,3,KC,0,not-CX,316.0,136.8,303.0,KCg-m,0,0,0,0,0,0
11501,13750,0,unnamed,0,not-CX,203.3,100.2,201.1,AVLP749m,0,0,0,0,0,0
11502,238044,0,unnamed,0,not-CX,392.5,112.6,249.6,FS1A_a,0,0,0,0,1,0
11503,36572,0,unnamed,0,not-CX,584.9,122.6,193.5,CB2812,0,0,0,0,1,0
11504,810656,0,unnamed,0,not-CX,424.8,434.9,1056.2,INXXX431,0,0,0,0,1,0
11505,54067,3,KC,0,not-CX,487.5,66.3,261.2,KCa'b'-ap1,0,0,0,0,1,0
11506,14721,0,unnamed,0,not-CX,210.0,145.6,266.0,SLP447,0,0,0,0,0,0
11507,802849,0,unnamed,0,not-CX,453.8,362.5,1017.8,INXXX215,0,0,0,0,1,0
11508,801056,0,unnamed,0,not-CX,453.7,360.6,1002.9,INXXX269,0,0,0,0,1,0
11509,79784,0,unnamed,0,not-CX,558.8,183.1,135.2,PVLP206m,0,0,0,0,1,0
11510,37275,0,unnamed,0,not-CX,390.5,365.4,261.2,ALIN8,0,0,0,0,1,0
11511,22866,0,unnamed,0,not-CX,344.0,116.9,279.9,SMP507,1,0,1,1,0,0
11512,93001,0,unnamed,0,not-CX,360.0,332.9,963.0,ANXXX202,0,0,0,0,0,0
11513,153391,3,KC,0,not-CX,265.0,79.8,277.9,KCg-m,0,0,0,0,0,0
11514,87610,0,unnamed,0,not-CX,427.2,151.5,286.2,FC1C_a,0,0,0,0,1,0
11515,522465,0,unnamed,0,not-CX,480.3,288.4,131.3,SMP593,0,0,0,0,1,0
11516,14779,0,unnamed,0,not-CX,275.1,263.6,154.7,WED007,0,0,0,0,0,0
11517,130835,0,unnamed,0,not-CX,418.5,79.6,257.3,FC1C_b,0,0,0,0,1,0
11518,806110,0,unnamed,0,not-CX,460.9,395.7,1010.2,INXXX399,0,0,0,0,1,0
11519,41313,0,unnamed,0,not-CX,203.2,101.7,211.1,CB3357,0,0,0,0,0,0
11520,174514,11,CX,2,columnar,420.6,83.7,264.1,vDeltaK,0,0,0,0,1,0
11521,75774,3,KC,0,not-CX,320.6,108.7,289.7,KCg-m,0,0,0,0,0,0
11522,111593,11,CX,2,columnar,403.6,92.6,257.4,vDeltaK,0,0,0,0,1,0
11523,81005,3,KC,0,not-CX,335.8,87.9,241.9,KCg-m,0,0,0,0,0,0
11524,16646,0,unnamed,0,not-CX,426.8,65.5,234.1,SLP443,0,0,0,0,1,0
11525,906246,0,unnamed,0,not-CX,391.4,342.8,1059.9,INXXX221,0,0,0,0,1,0
11526,61795,0,unnamed,0,not-CX,515.6,183.7,111.6,CB2471,0,0,0,0,1,0
11527,551032,0,unnamed,0,not-CX,308.4,287.7,103.6,CB4083,0,0,0,0,0,0
11528,71756,0,unnamed,0,not-CX,199.9,94.2,201.6,LHAD1c2b,0,0,0,0,0,0
11529,555313,0,unnamed,0,not-CX,589.4,135.6,182.4,CB2048,0,0,0,0,1,0
11530,69855,3,KC,0,not-CX,428.6,71.8,245.7,KCg-m,0,0,0,0,1,0
11531,75830,3,KC,0,not-CX,450.2,72.7,247.1,KCg-m,0,0,0,0,1,0
11532,88822,3,KC,0,not-CX,332.2,72.2,249.2,KCa'b'-ap1,0,0,0,0,0,0
11533,18423,0,unnamed,0,not-CX,204.6,136.3,280.2,SLP359,1,0,1,0,0,0
11534,537907,11,CX,4,other CX,584.7,118.3,200.1,PLP003,0,0,0,0,1,0
11535,14046,6,descending,0,not-CX,422.3,354.5,170.4,DNg42,0,0,0,0,1,0
11536,59195,0,unnamed,0,not-CX,491.9,233.9,99.4,CB3437,0,0,0,0,1,0
11537,525441,0,unnamed,0,not-CX,373.1,349.4,946.5,ANXXX169,0,0,0,0,0,0
11538,72523,3,KC,0,not-CX,310.0,66.4,248.0,KCg-m,0,0,0,0,0,0
11539,806970,0,unnamed,0,not-CX,469.3,387.4,1006.1,IN06A063,0,0,0,0,1,0
11540,11492,0,unnamed,0,not-CX,269.6,249.4,131.9,CL112,1,0,1,0,0,0
11541,60496,0,unnamed,0,not-CX,580.1,170.8,205.0,CB1687,0,0,0,0,1,0
11542,89782,3,KC,0,not-CX,453.4,66.3,255.9,KCg-m,0,0,0,0,1,0
11543,36451,0,unnamed,0,not-CX,323.2,73.6,146.0,LHAD3e1_a,0,0,0,0,0,0
11544,226880,0,unnamed,0,not-CX,0.0,0.0,0.0,,0,0,0,0,0,1
11545,803533,0,unnamed,0,not-CX,388.5,438.8,1030.5,IN03B042,0,0,0,0,1,0
11546,11500,6,descending,0,not-CX,301.3,303.3,288.2,DNge043,0,0,0,0,0,0
11547,170223,0,unnamed,0,not-CX,245.6,57.3,231.9,CB1286,0,0,0,0,0,0
11548,37622,0,unnamed,0,not-CX,304.4,297.9,114.5,v2LN38,0,0,0,0,0,0
11549,807777,0,unnamed,0,not-CX,377.5,434.5,1022.6,IN03B056,0,0,0,0,0,0
11550,14930,0,unnamed,0,not-CX,249.3,85.4,256.1,SLP379,1,0,1,1,0,0
11551,519940,0,unnamed,0,not-CX,372.3,370.5,281.9,PS326,0,0,0,0,0,0
11552,58698,0,unnamed,0,not-CX,384.8,117.4,115.8,SLP216,0,0,0,0,0,0
11553,801194,0,unnamed,0,not-CX,347.9,362.4,983.9,INXXX031,0,0,0,0,0,0
11554,20081,0,unnamed,0,not-CX,550.9,59.7,213.2,LHPD3a2_b,0,0,0,0,1,0
11555,56164,0,unnamed,0,not-CX,183.5,132.4,206.6,CB3016,1,0,1,0,0,0
11556,170133,0,unnamed,0,not-CX,444.2,113.5,291.0,FS3_a,0,0,0,0,1,0
11557,29081,0,unnamed,0,not-CX,587.3,175.4,182.0,CB1513,0,0,0,0,1,0
11558,29366,0,unnamed,0,not-CX,577.7,131.6,170.2,CB2714,0,0,0,0,1,0
11559,112300,0,unnamed,0,not-CX,455.1,67.7,152.8,CB1924,0,0,0,0,1,0
11560,160253,11,CX,2,columnar,403.3,97.5,254.9,vDeltaI_b,0,0,0,0,1,0
11561,47215,0,unnamed,0,not-CX,167.4,132.9,192.2,CB1701,0,0,0,0,0,0
11562,59516,0,unnamed,0,not-CX,303.9,297.9,118.6,CB4083,0,0,0,0,0,0
11563,135506,3,KC,0,not-CX,465.3,79.0,278.4,KCg-m,0,0,0,0,1,0
11564,914054,0,unnamed,0,not-CX,372.6,321.5,1009.6,INXXX230,0,0,0,0,0,0
11565,53278,3,KC,0,not-CX,454.7,79.3,253.8,KCa'b'-ap1,0,0,0,0,1,0
11566,517479,0,unnamed,0,not-CX,386.9,97.0,124.7,SMP095,1,0,1,1,1,0
11567,16829,6,descending,0,not-CX,295.4,225.9,157.4,DNb03,0,0,0,0,0,0
11568,802168,0,unnamed,0,not-CX,321.8,372.6,657.2,IN19B020,0,0,0,0,0,0
11569,804165,0,unnamed,0,not-CX,318.9,381.3,642.9,IN11B018,0,0,0,0,0,0
11570,801572,0,unnamed,0,not-CX,403.0,411.5,975.7,IN02A030,0,0,0,0,1,0
11571,903169,0,unnamed,0,not-CX,474.0,365.6,988.4,INXXX331,0,0,0,0,1,0
11572,165152,0,unnamed,0,not-CX,347.6,125.4,269.3,FS1A_a,0,0,0,0,0,0
11573,155195,0,unnamed,0,not-CX,290.5,104.1,132.1,CB1020,0,0,0,0,0,0
11574,53744,0,unnamed,0,not-CX,176.2,180.7,191.5,CB2053,0,0,0,0,0,0
11575,177756,11,CX,2,columnar,407.8,97.7,253.8,vDeltaM,0,0,0,0,1,0
11576,48021,3,KC,0,not-CX,344.4,74.8,239.7,KCg-m,0,0,0,0,0,0
11577,16551,0,unnamed,0,not-CX,518.1,159.3,140.4,SMP161,1,0,1,1,1,0
11578,513340,0,unnamed,0,not-CX,315.8,276.2,161.8,PS070,0,0,0,0,0,0
11579,11426,0,unnamed,0,not-CX,591.0,148.2,186.4,SLP206,1,0,1,0,1,0
11580,53859,0,unnamed,0,not-CX,461.0,203.5,297.2,WED168,1,0,1,1,1,0
11581,55850,3,KC,0,not-CX,253.2,67.6,259.6,KCg-m,0,0,0,0,0,0
11582,12030,6,descending,0,not-CX,279.4,327.1,253.4,DNg91,0,0,0,0,0,0
11583,22210,0,unnamed,0,not-CX,404.8,515.8,735.0,AN06B089,0,0,0,0,1,0
11584,511869,0,unnamed,0,not-CX,299.2,195.2,294.0,SAD082,1,0,1,1,0,0
11585,15143,0,unnamed,0,not-CX,270.7,75.7,256.1,SMP234,1,0,1,1,0,0
11586,804756,0,unnamed,0,not-CX,345.8,347.0,985.7,INXXX331,0,0,0,0,0,0
11587,22410,11,CX,4,other CX,213.2,162.6,167.0,PLP053,0,0,0,0,0,0
11588,112749,3,KC,0,not-CX,323.4,92.5,273.4,KCg-m,0,0,0,0,0,0
11589,64224,0,unnamed,0,not-CX,570.5,82.8,194.1,CB3357,1,0,1,0,1,0
11590,43658,3,KC,0,not-CX,323.2,109.9,291.1,KCg-m,0,0,0,0,0,0
11591,44079,0,unnamed,0,not-CX,593.4,98.8,195.7,CB1701,0,0,0,0,1,0
11592,94068,0,unnamed,0,not-CX,473.5,265.3,102.8,v2LN34B,0,0,0,0,1,0
11593,67208,0,unnamed,0,not-CX,177.4,178.0,206.6,,1,0,1,0,0,0
11594,564848,2,antennal,0,not-CX,264.1,276.1,161.2,M_lvPNm45,0,0,0,0,0,0
11595,536345,0,unnamed,0,not-CX,242.1,171.6,138.9,AVLP243,0,0,0,0,0,0
11596,54139,0,unnamed,0,not-CX,451.6,66.4,153.1,LHAD3e1_a,0,0,0,0,1,0
11597,80325,3,KC,0,not-CX,426.6,64.6,242.0,KCg-m,0,0,0,0,1,0
11598,91928,3,KC,0,not-CX,439.6,71.8,260.2,KCg-m,0,0,0,0,1,0
11599,512579,0,unnamed,0,not-CX,411.3,83.1,112.8,SMP089,1,0,1,1,1,0
11600,134848,11,CX,2,columnar,421.1,100.1,268.9,vDeltaM,0,0,0,0,1,0
11601,20936,11,CX,4,other CX,293.2,212.5,305.9,PLP161,0,0,0,0,0,0
11602,514555,0,unnamed,0,not-CX,383.5,112.1,101.2,SMP082,1,0,1,1,0,0
11603,93017,3,KC,0,not-CX,443.4,77.8,248.6,KCa'b'-m,0,0,0,0,1,0
11604,54011,0,unnamed,0,not-CX,0.0,0.0,0.0,SAxx01,0,0,0,0,0,1
11605,79052,3,KC,0,not-CX,462.6,72.6,271.6,KCa'b'-ap1,0,0,0,0,1,0
11606,170458,11,CX,2,columnar,405.0,89.0,256.1,vDeltaK,0,0,0,0,1,0
11607,138439,3,KC,0,not-CX,474.5,121.6,293.5,KCg-m,0,0,0,0,1,0
11608,119144,3,KC,0,not-CX,464.6,121.6,298.6,KCg-m,0,0,0,0,1,0
11609,50215,0,unnamed,0,not-CX,172.8,129.4,194.1,CB2862,0,0,0,0,0,0
11610,63218,3,KC,0,not-CX,460.1,84.8,282.2,KCa'b'-ap1,0,0,0,0,1,0
11611,57808,0,unnamed,0,not-CX,577.4,126.1,156.4,CB2701,0,0,0,0,1,0
11612,46457,3,KC,0,not-CX,250.3,107.5,273.5,KCg-m,0,0,0,0,0,0
11613,109626,0,unnamed,0,not-CX,357.8,353.0,981.4,ANXXX169,0,0,0,0,0,0
11614,45553,3,KC,0,not-CX,271.3,83.5,277.6,KCg-m,0,0,0,0,0,0
11615,69650,3,KC,0,not-CX,314.9,98.8,288.4,KCg-m,0,0,0,0,0,0
11616,38967,3,KC,0,not-CX,345.5,85.0,236.1,KCg-m,0,0,0,0,0,0
11617,64464,0,unnamed,0,not-CX,348.8,155.9,284.7,FS1B_a,0,0,0,0,0,0
11618,27028,0,unnamed,0,not-CX,585.7,161.3,176.0,CB1663,0,0,0,0,1,0
11619,17076,0,unnamed,0,not-CX,282.4,313.1,183.5,GNG461,1,0,1,0,0,0
11620,34936,0,unnamed,0,not-CX,193.8,226.4,182.2,CB1114,0,0,0,0,0,0
11621,801945,0,unnamed,0,not-CX,444.6,372.4,1047.1,INXXX271,0,0,0,0,1,0
11622,810476,0,unnamed,0,not-CX,424.3,424.9,1060.4,INXXX431,0,0,0,0,1,0
11623,111165,3,KC,0,not-CX,335.0,69.9,250.2,KCg-m,0,0,0,0,0,0
11624,160355,0,unnamed,0,not-CX,363.0,77.5,222.6,FR2,0,0,0,0,0,0
11625,50320,0,unnamed,0,not-CX,575.3,109.4,173.7,LHAD1a2,0,0,0,0,1,0
11626,171584,11,CX,2,columnar,345.6,99.7,256.1,vDeltaA_a,0,0,0,0,0,0
11627,78880,3,KC,0,not-CX,474.3,133.2,295.1,KCg-m,0,0,0,0,1,0
11628,66099,3,KC,0,not-CX,342.2,85.2,237.4,KCg-m,0,0,0,0,0,0
11629,178721,0,unnamed,0,not-CX,438.6,107.2,287.5,FS3_c,0,0,0,0,1,0
11630,35731,0,unnamed,0,not-CX,596.0,163.7,183.3,CB4132,0,0,0,0,1,0
11631,136531,3,KC,0,not-CX,337.4,72.0,237.7,KCg-m,0,0,0,0,0,0
11632,27583,3,KC,0,not-CX,319.0,68.7,254.8,KCg-m,0,0,0,0,0,0
11633,534170,0,unnamed,0,not-CX,208.1,80.1,210.9,CB2194,1,0,1,0,0,0
11634,60011,3,KC,0,not-CX,442.3,59.7,243.8,KCg-m,0,0,0,0,1,0
11635,903938,0,unnamed,0,not-CX,466.4,365.5,1005.8,INXXX231,0,0,0,0,1,0
11636,13255,0,unnamed,0,not-CX,179.8,159.7,200.9,SLP206,1,0,1,0,0,0
11637,17790,0,unnamed,0,not-CX,470.1,293.3,125.8,GNG489,0,0,0,0,1,0
11638,513634,0,unnamed,0,not-CX,572.2,115.7,176.1,SLP069,0,0,0,0,1,0
11639,803452,0,unnamed,0,not-CX,398.5,347.2,1066.8,INXXX249,0,0,0,0,1,0
11640,68729,3,KC,0,not-CX,450.9,67.2,250.1,KCa'b'-ap2,0,0,0,0,1,0
11641,39304,0,unnamed,0,not-CX,188.1,143.2,206.6,LHCENT13_c,1,0,1,0,0,0
11642,73397,0,unnamed,0,not-CX,540.4,55.4,217.9,SLP314,0,0,0,0,1,0
11643,85805,3,KC,0,not-CX,459.6,75.4,272.1,KCg-m,0,0,0,0,1,0
11644,132857,3,KC,0,not-CX,455.5,63.8,254.3,KCa'b'-ap1,0,0,0,0,1,0
11645,262865,0,unnamed,0,not-CX,469.2,260.9,95.5,v2LN42,0,0,0,0,1,0
11646,582877,0,unnamed,0,not-CX,532.1,169.3,126.8,AVLP443,0,0,0,0,1,0
11647,53655,3,KC,0,not-CX,280.6,54.4,257.1,KCg-m,0,0,0,0,0,0
11648,67337,3,KC,0,not-CX,256.4,74.4,260.9,KCg-m,0,0,0,0,0,0
11649,16565,0,unnamed,0,not-CX,298.9,188.9,125.9,mAL4H,0,0,0,0,0,0
11650,528008,0,unnamed,0,not-CX,549.9,62.5,234.1,CB3464,0,0,0,0,1,0
11651,803703,0,unnamed,0,not-CX,341.9,358.4,930.5,IN17A060,0,0,0,0,0,0
11652,17821,11,CX,4,other CX,302.5,151.1,289.0,LAL147_c,0,0,0,0,0,0
11653,12689,0,unnamed,0,not-CX,494.3,239.6,112.6,CL112,1,0,1,0,1,0
11654,57684,3,KC,0,not-CX,258.2,69.2,265.9,KCg-m,0,0,0,0,0,0
11655,517024,0,unnamed,0,not-CX,596.2,97.6,255.5,CB1850,0,0,0,0,1,0
11656,59670,0,unnamed,0,not-CX,193.5,162.2,175.5,,0,0,0,0,0,0
11657,43351,3,KC,0,not-CX,457.8,80.8,251.7,KCa'b'-ap1,0,0,0,0,1,0
11658,551216,0,unnamed,0,not-CX,316.4,69.5,154.0,CB4141,0,0,0,0,0,0
11659,51715,3,KC,0,not-CX,436.8,57.9,249.0,KCa'b'-ap1,0,0,0,0,1,0
11660,154646,0,unnamed,0,not-CX,357.6,96.2,240.6,FS1A_b,0,0,0,0,0,0
11661,87660,3,KC,0,not-CX,291.6,61.6,254.1,KCg-m,0,0,0,0,0,0
11662,516205,0,unnamed,0,not-CX,533.4,160.7,127.4,AVLP243,0,0,0,0,1,0
11663,104166,3,KC,0,not-CX,298.2,59.3,252.1,KCg-m,0,0,0,0,0,0
11664,131902,11,CX,2,columnar,406.2,82.3,250.0,vDeltaL,0,0,0,0,1,0
11665,13226,0,unnamed,0,not-CX,553.7,114.9,170.5,AVLP035,1,0,1,0,1,0
11666,196388,11,CX,2,columnar,424.0,75.0,249.0,vDeltaL,0,0,0,0,1,0
11667,11330,0,unnamed,0,not-CX,488.8,216.6,296.9,SAD082,1,0,1,1,1,0
11668,89657,0,unnamed,0,not-CX,404.9,88.3,248.3,FC1C_a,0,0,0,0,1,0
11669,138573,3,KC,0,not-CX,318.6,76.9,262.1,KCg-m,0,0,0,0,0,0
11670,557861,0,unnamed,0,not-CX,504.5,186.8,290.5,SMP568_b,1,0,1,1,1,0
11671,535272,0,unnamed,0,not-CX,535.1,309.5,201.4,SAD030,0,0,0,0,1,0
11672,28489,0,unnamed,0,not-CX,324.2,293.3,114.2,CB0227,0,0,0,0,0,0
11673,19463,0,unnamed,0,not-CX,187.5,177.0,188.8,CB1688,0,0,0,0,0,0
11674,136525,3,KC,0,not-CX,434.7,70.5,256.4,KCg-m,0,0,0,0,1,0
11675,32849,0,unnamed,0,not-CX,444.6,233.6,308.3,PS237,0,0,0,0,1,0
11676,150355,0,unnamed,0,not-CX,305.9,377.7,660.5,AN11B012,0,0,0,0,0,0
11677,570126,0,unnamed,0,not-CX,342.5,79.4,130.1,SMP089,1,0,1,1,0,0
11678,903466,0,unnamed,0,not-CX,339.1,498.7,655.3,ANXXX023,0,0,0,0,0,0
11679,127148,0,unnamed,0,not-CX,198.8,95.4,211.5,LHAD1b5,0,0,0,0,0,0
11680,87697,3,KC,0,not-CX,511.6,70.3,266.8,KCg-m,0,0,0,0,1,0
11681,249693,0,unnamed,0,not-CX,416.3,143.9,283.9,FS1A_a,0,0,0,0,1,0
11682,552293,0,unnamed,0,not-CX,194.7,165.5,174.5,,0,0,0,0,0,0
11683,68790,3,KC,0,not-CX,327.2,71.1,256.6,KCg-m,0,0,0,0,0,0
11684,42744,3,KC,0,not-CX,476.2,124.8,291.4,KCg-m,0,0,0,0,1,0
11685,85141,3,KC,0,not-CX,317.3,93.5,280.9,KCg-m,0,0,0,0,0,0
11686,534428,3,KC,0,not-CX,329.4,74.2,258.2,KCg-m,0,0,0,0,0,0
11687,86968,0,unnamed,0,not-CX,184.7,140.3,213.5,,0,0,0,0,0,0
11688,10831,0,unnamed,0,not-CX,377.2,370.1,271.8,WED195,1,0,1,0,0,0
11689,78992,3,KC,0,not-CX,480.2,135.1,292.3,KCg-m,0,0,0,0,1,0
11690,24030,0,unnamed,0,not-CX,221.1,135.2,162.6,LHAD2c3,0,0,0,0,0,0
11691,102136,3,KC,0,not-CX,431.9,73.0,246.6,KCg-m,0,0,0,0,1,0
11692,82482,0,unnamed,0,not-CX,485.2,272.1,114.4,v2LN38,0,0,0,0,1,0
11693,133642,3,KC,0,not-CX,328.1,65.2,250.9,KCg-m,0,0,0,0,0,0
11694,522969,6,descending,0,not-CX,370.8,108.4,232.8,DNp53,0,0,0,0,0,0
11695,16740,0,unnamed,0,not-CX,172.4,138.3,197.5,LH004m,0,0,0,0,0,0
11696,115234,3,KC,0,not-CX,477.3,72.3,263.2,KCg-m,0,0,0,0,1,0
11697,570526,3,KC,0,not-CX,444.3,66.1,245.1,KCg-m,0,0,0,0,1,0
11698,136408,0,unnamed,0,not-CX,460.8,74.9,147.3,CB1924,0,0,0,0,1,0
11699,176721,11,CX,2,columnar,406.6,92.3,256.6,vDeltaK,0,0,0,0,1,0
11700,153938,0,unnamed,0,not-CX,347.4,160.5,296.5,FS1A_c,0,0,0,0,0,0
11701,533371,3,KC,0,not-CX,313.6,108.0,295.2,KCg-m,0,0,0,0,0,0
11702,53331,3,KC,0,not-CX,457.4,73.6,270.4,KCa'b'-ap1,0,0,0,0,1,0
11703,35489,3,KC,0,not-CX,488.1,61.8,262.0,KCa'b'-ap1,0,0,0,0,1,0
11704,51113,3,KC,0,not-CX,320.5,102.2,283.6,KCg-m,0,0,0,0,0,0
11705,31720,3,KC,0,not-CX,316.6,80.8,264.1,KCg-m,0,0,0,0,0,0
11706,157791,0,unnamed,0,not-CX,522.7,49.6,232.1,CB2920,0,0,0,0,1,0
11707,20747,0,unnamed,0,not-CX,237.6,59.8,240.8,AOTU043,1,0,1,0,0,0
11708,166439,11,CX,2,columnar,337.5,136.8,302.8,vDeltaM,0,0,0,0,0,0
11709,806172,0,unnamed,0,not-CX,384.5,323.1,968.6,INXXX412,0,0,0,0,0,0
11710,805689,0,unnamed,0,not-CX,399.0,487.7,576.4,IN02A033,0,0,0,0,1,0
11711,12588,0,unnamed,0,not-CX,358.0,94.7,233.6,PPM1201,1,0,1,1,0,0
11712,65974,3,KC,0,not-CX,499.4,77.9,268.1,KCa'b'-ap1,0,0,0,0,1,0
11713,158252,0,unnamed,0,not-CX,450.7,118.9,302.4,FR2,0,0,0,0,1,0
11714,159653,0,unnamed,0,not-CX,579.2,88.2,214.5,CB2038,0,0,0,0,1,0
11715,51535,3,KC,0,not-CX,458.1,117.0,303.2,KCg-m,0,0,0,0,1,0
11716,105555,0,unnamed,0,not-CX,191.0,152.3,171.9,CB1359,0,0,0,0,0,0
11717,34473,0,unnamed,0,not-CX,416.4,138.8,276.0,SMP405,1,0,1,1,1,0
11718,99858,3,KC,0,not-CX,486.6,114.3,291.9,KCg-m,0,0,0,0,1,0
11719,39082,0,unnamed,0,not-CX,419.3,441.2,1009.1,ANXXX169,0,0,0,0,1,0
11720,37313,0,unnamed,0,not-CX,482.6,303.4,283.5,PS326,0,0,0,0,1,0
11721,521761,0,unnamed,0,not-CX,219.1,127.3,168.7,CL022_a,0,0,0,0,0,0
11722,76225,0,unnamed,0,not-CX,279.1,46.9,235.5,CB2600,0,0,0,0,0,0
11723,13707,0,unnamed,0,not-CX,195.6,239.3,215.1,LoVP97,1,0,1,0,0,0
11724,17339,0,unnamed,0,not-CX,521.9,300.2,189.8,GNG461,1,0,1,0,1,0
11725,25284,0,unnamed,0,not-CX,341.2,205.7,312.3,PS237,0,0,0,0,0,0
11726,800961,0,unnamed,0,not-CX,450.2,364.3,958.7,INXXX111,0,0,0,0,1,0
11727,99751,0,unnamed,0,not-CX,266.4,199.2,105.8,CB1824,0,0,0,0,0,0
11728,443183,0,unnamed,0,not-CX,0.0,0.0,0.0,HRN_VP4,0,0,0,0,0,1
11729,45407,2,antennal,0,not-CX,504.1,260.9,133.3,VM6_lvPN,0,0,0,0,1,0
11730,13257,6,descending,0,not-CX,364.7,133.4,260.9,DNp25,0,0,0,0,0,0
11731,58649,0,unnamed,0,not-CX,435.9,49.7,181.6,SLP400,1,0,1,1,1,0
11732,73395,0,unnamed,0,not-CX,580.4,125.5,200.1,CB2983,0,0,0,0,1,0
11733,151898,0,unnamed,0,not-CX,277.4,61.3,252.9,LHPD4a1,0,0,0,0,0,0
11734,34429,0,unnamed,0,not-CX,587.6,182.5,159.3,CB1626,0,0,0,0,1,0
11735,41949,0,unnamed,0,not-CX,469.3,288.2,121.5,PS078,0,0,0,0,1,0
11736,16054,0,unnamed,0,not-CX,562.4,77.5,208.0,LHAD1c2b,0,0,0,0,1,0
11737,187078,11,CX,2,columnar,421.1,78.4,255.2,vDeltaM,0,0,0,0,1,0
11738,73988,0,unnamed,0,not-CX,214.9,78.3,232.1,,0,0,0,0,0,0
11739,74114,0,unnamed,0,not-CX,312.8,47.9,201.7,SLP396,1,0,1,1,0,0
11740,20835,5,MBON,0,not-CX,279.2,86.8,266.2,MBON23,1,0,1,1,0,0
11741,58356,0,unnamed,0,not-CX,607.0,119.7,176.5,CB3016,0,0,0,0,1,0
11742,800345,0,unnamed,0,not-CX,339.0,474.8,1008.0,IN16B016,0,0,0,0,0,0
11743,13188,6,descending,0,not-CX,373.3,369.7,276.6,DNg81,0,0,0,0,0,0
11744,803133,0,unnamed,0,not-CX,358.4,352.0,674.3,IN17A030,0,0,0,0,0,0
11745,512789,5,MBON,0,not-CX,495.5,85.0,268.3,MBON23,1,0,1,1,1,0
11746,520655,0,unnamed,0,not-CX,422.5,360.6,269.2,WED208,0,0,0,0,1,0
11747,124690,3,KC,0,not-CX,440.6,54.0,245.0,KCg-m,0,0,0,0,1,0
11748,67106,3,KC,0,not-CX,453.9,85.3,256.5,KCg-m,0,0,0,0,1,0
11749,16712,6,descending,0,not-CX,298.1,230.3,156.6,DNb03,0,0,0,0,0,0
11750,13608,0,unnamed,0,not-CX,505.1,61.8,250.2,SMP237,1,0,1,1,1,0
11751,44322,0,unnamed,0,not-CX,288.4,173.1,290.4,CB1300,0,0,0,0,0,0
11752,60391,3,KC,0,not-CX,499.2,77.3,271.6,KCa'b'-ap2,0,0,0,0,1,0
11753,12290,0,unnamed,0,not-CX,312.8,48.8,223.0,SLP411,0,0,0,0,0,0
11754,176862,0,unnamed,0,not-CX,214.2,216.7,149.2,AVLP299_c,0,0,0,0,0,0
11755,79759,0,unnamed,0,not-CX,523.8,62.2,245.1,LHPD2a4_a,1,0,1,0,1,0
11756,68479,0,unnamed,0,not-CX,571.0,105.5,176.8,LHAD1a1,0,0,0,0,1,0
11757,134883,3,KC,0,not-CX,333.9,75.5,250.6,KCg-m,0,0,0,0,0,0
11758,516418,0,unnamed,0,not-CX,362.8,144.4,275.0,SMP389_a,1,0,1,1,0,0
11759,84719,0,unnamed,0,not-CX,448.3,218.3,301.7,CB4094,0,0,0,0,1,0
11760,810391,0,unnamed,0,not-CX,0.0,0.0,0.0,INXXX431,0,0,0,0,0,1
11761,807412,0,unnamed,0,not-CX,0.0,0.0,0.0,SNxx15,0,0,0,0,0,1
11762,54144,0,unnamed,0,not-CX,596.9,104.9,196.1,CB1246,0,0,0,0,1,0
11763,60131,0,unnamed,0,not-CX,585.2,109.0,265.1,CB4115,0,0,0,0,1,0
11764,33577,0,unnamed,0,not-CX,583.1,131.6,189.7,LHCENT13_b,0,0,0,0,1,0
11765,134256,3,KC,0,not-CX,468.1,130.1,292.5,KCg-m,0,0,0,0,1,0
11766,110090,3,KC,0,not-CX,461.9,126.3,294.1,KCg-m,0,0,0,0,1,0
11767,188823,11,CX,2,columnar,346.8,93.6,254.7,vDeltaK,0,0,0,0,0,0
11768,544707,0,unnamed,0,not-CX,449.4,44.2,197.5,SLP400,1,0,1,1,1,0
11769,50254,0,unnamed,0,not-CX,388.2,163.9,105.8,CB1055,0,0,0,0,1,0
11770,154433,3,KC,0,not-CX,315.8,76.4,264.8,KCg-m,0,0,0,0,0,0
11771,12917,0,unnamed,0,not-CX,391.9,95.4,221.9,SAD078,0,0,0,0,1,0
11772,520936,0,unnamed,0,not-CX,580.7,123.3,257.3,CB2290,0,0,0,0,1,0
11773,513889,11,CX,4,other CX,449.5,133.1,270.3,LAL203,0,0,0,0,1,0
11774,512278,11,CX,4,other CX,510.6,155.6,121.5,LAL085,0,0,0,0,1,0
11775,53144,3,KC,0,not-CX,236.0,96.6,269.5,KCg-m,0,0,0,0,0,0
11776,75782,3,KC,0,not-CX,461.5,81.3,275.0,KCa'b'-ap1,0,0,0,0,1,0
11777,50744,3,KC,0,not-CX,294.2,58.5,253.4,KCg-m,0,0,0,0,0,0
11778,109655,3,KC,0,not-CX,516.5,82.7,269.8,KCa'b'-ap1,0,0,0,0,1,0
11779,520205,0,unnamed,0,not-CX,398.7,68.3,142.8,CB4159,1,0,1,1,1,0
11780,44054,3,KC,0,not-CX,274.6,85.5,272.1,KCg-m,0,0,0,0,0,0
11781,74187,0,unnamed,0,not-CX,572.9,83.2,187.0,CB4208,0,0,0,0,1,0
11782,63708,0,unnamed,0,not-CX,594.7,144.9,173.0,CB1114,0,0,0,0,1,0
11783,903429,0,unnamed,0,not-CX,329.6,486.8,854.6,IN12A001,0,0,0,0,0,0
11784,17072,0,unnamed,0,not-CX,559.6,129.7,266.9,ATL018,1,0,1,0,1,0
11785,525731,0,unnamed,0,not-CX,362.6,64.8,143.0,CRE028,0,0,0,0,0,0
11786,801561,0,unnamed,0,not-CX,415.8,436.9,1044.3,INXXX243,0,0,0,0,1,0
11787,10444,6,descending,0,not-CX,498.0,300.7,262.1,DNge035,0,0,0,0,1,0
11788,65888,0,unnamed,0,not-CX,197.8,154.5,172.7,CB2226,0,0,0,0,0,0
11789,21092,0,unnamed,0,not-CX,579.7,120.8,165.8,,0,0,0,0,1,0
11790,75907,3,KC,0,not-CX,501.5,64.3,256.3,KCg-m,0,0,0,0,1,0
11791,82244,0,unnamed,0,not-CX,348.4,57.0,203.1,CB3121,0,0,0,0,0,0
11792,530798,0,unnamed,0,not-CX,344.3,88.1,245.2,CRE075,1,0,1,1,0,0
11793,306197,0,unnamed,0,not-CX,480.1,275.8,111.7,v2LN34E,0,0,0,0,1,0
11794,109268,3,KC,0,not-CX,326.5,75.9,259.6,KCg-m,0,0,0,0,0,0
11795,77939,0,unnamed,0,not-CX,266.2,52.2,240.9,LHPD3a4_c,0,0,0,0,0,0
11796,90030,0,unnamed,0,not-CX,206.3,123.8,271.4,CB4107,1,0,1,0,0,0
11797,33411,0,unnamed,0,not-CX,316.1,55.3,235.5,SMP529,1,0,1,1,0,0
11798,803195,0,unnamed,0,not-CX,404.6,431.2,971.2,IN06B049,0,0,0,0,1,0
11799,547267,0,unnamed,0,not-CX,396.0,92.0,217.9,SAD079,0,0,0,0,1,0
11800,402239,6,descending,0,not-CX,330.6,101.9,277.3,DNpe048,1,0,1,1,0,0
11801,185836,11,CX,2,columnar,425.4,149.9,278.0,vDeltaA_a,0,0,0,0,1,0
11802,804755,0,unnamed,0,not-CX,397.0,317.5,1069.8,INXXX221,0,0,0,0,1,0
11803,61206,0,unnamed,0,not-CX,393.8,90.6,222.5,WED094,0,0,0,0,1,0
11804,15059,0,unnamed,0,not-CX,441.2,262.3,124.1,VES022,1,0,1,1,1,0
11805,31674,0,unnamed,0,not-CX,455.7,324.9,144.1,AMMC033,0,0,0,0,1,0
11806,12203,0,unnamed,0,not-CX,300.3,311.8,123.9,GNG099,0,0,0,0,0,0
11807,52773,3,KC,0,not-CX,259.6,75.4,262.6,KCg-m,0,0,0,0,0,0
11808,46266,3,KC,0,not-CX,266.4,61.9,262.2,KCg-m,0,0,0,0,0,0
11809,173853,0,unnamed,0,not-CX,326.0,143.2,298.8,FS3_b,0,0,0,0,0,0
11810,86967,3,KC,0,not-CX,457.4,68.5,246.4,KCg-m,0,0,0,0,1,0
11811,212154,3,KC,0,not-CX,323.6,117.5,297.3,KCg-m,0,0,0,0,0,0
11812,127130,3,KC,0,not-CX,450.7,121.1,298.9,KCg-m,0,0,0,0,1,0
11813,43775,3,KC,0,not-CX,218.0,108.7,273.0,KCg-m,0,0,0,0,0,0
11814,17560,0,unnamed,0,not-CX,267.2,169.9,148.3,SMP161,0,0,0,0,0,0
11815,86553,3,KC,0,not-CX,273.1,66.5,255.4,KCg-m,0,0,0,0,0,0
11816,70621,0,unnamed,0,not-CX,411.2,103.5,251.3,FS1A_a,0,0,0,0,1,0
11817,43811,3,KC,0,not-CX,435.5,66.4,244.5,KCg-m,0,0,0,0,1,0
11818,72678,3,KC,0,not-CX,473.5,68.0,266.5,KCg-m,0,0,0,0,1,0
11819,148829,0,unnamed,0,not-CX,413.0,108.9,254.1,FS1A_b,0,0,0,0,1,0
11820,26120,0,unnamed,0,not-CX,275.8,82.5,160.5,CB3791,1,0,1,1,0,0
11821,101010,3,KC,0,not-CX,452.3,70.6,265.6,KCg-m,0,0,0,0,1,0
11822,147925,0,unnamed,0,not-CX,361.9,111.8,245.3,FS1B_a,0,0,0,0,0,0
11823,164466,11,CX,2,columnar,381.9,82.5,217.3,vDeltaK,0,0,0,0,0,0
11824,62645,3,KC,0,not-CX,260.8,61.7,254.7,KCg-m,0,0,0,0,0,0
11825,69854,3,KC,0,not-CX,477.8,67.1,263.4,KCg-m,0,0,0,0,1,0
11826,64525,3,KC,0,not-CX,251.9,111.4,277.9,KCg-m,0,0,0,0,0,0
11827,20373,0,unnamed,0,not-CX,563.9,106.6,265.7,SMP256,1,0,1,0,1,0
11828,801417,0,unnamed,0,not-CX,394.5,506.8,585.4,IN02A033,0,0,0,0,1,0
11829,805111,0,unnamed,0,not-CX,470.8,382.8,1013.9,INXXX331,0,0,0,0,1,0
11830,131620,3,KC,0,not-CX,427.0,62.2,239.6,KCg-m,0,0,0,0,1,0
11831,49672,0,unnamed,0,not-CX,519.4,53.0,235.7,SLP314,0,0,0,0,1,0
11832,29852,0,unnamed,0,not-CX,465.4,303.2,150.4,AMMC025,0,0,0,0,1,0
11833,19571,0,unnamed,0,not-CX,183.0,181.2,207.3,SLP184,0,0,0,0,0,0
11834,906002,0,unnamed,0,not-CX,371.0,381.4,1050.4,INXXX271,0,0,0,0,0,0
11835,193259,11,CX,2,columnar,431.0,138.0,291.6,vDeltaK,0,0,0,0,1,0
11836,130439,3,KC,0,not-CX,440.7,70.2,265.1,KCg-m,0,0,0,0,1,0
11837,904816,0,unnamed,0,not-CX,370.6,325.6,985.9,INXXX231,0,0,0,0,0,0
11838,22982,0,unnamed,0,not-CX,422.7,109.2,258.4,PPM1202,1,0,1,1,1,0
11839,45460,3,KC,0,not-CX,462.0,125.0,298.1,KCg-m,0,0,0,0,1,0
11840,38549,3,KC,0,not-CX,485.2,117.3,291.3,KCg-m,0,0,0,0,1,0
11841,54662,0,unnamed,0,not-CX,353.9,56.8,197.1,CB2105,1,0,1,1,0,0
11842,37740,0,unnamed,0,not-CX,179.1,106.5,203.5,SLP018,0,0,0,0,0,0
11843,802038,0,unnamed,0,not-CX,303.5,405.9,714.8,IN18B020,0,0,0,0,0,0
11844,75310,3,KC,0,not-CX,469.5,127.7,290.5,KCg-m,0,0,0,0,1,0
11845,32115,0,unnamed,0,not-CX,186.2,105.0,210.7,LHAD1f3_b,1,0,1,0,0,0
11846,65370,3,KC,0,not-CX,459.2,124.2,295.9,KCg-m,0,0,0,0,1,0
11847,59261,3,KC,0,not-CX,314.6,101.8,291.6,KCg-m,0,0,0,0,0,0
11848,72695,3,KC,0,not-CX,300.4,78.3,265.7,KCg-m,0,0,0,0,0,0
11849,21283,11,CX,4,other CX,175.8,130.8,197.2,PLP002,0,0,0,0,0,0
11850,119936,3,KC,0,not-CX,278.0,88.1,283.6,KCg-m,0,0,0,0,0,0
11851,176956,11,CX,2,columnar,410.3,106.2,268.1,vDeltaA_b,0,0,0,0,1,0
11852,138865,0,unnamed,0,not-CX,315.4,279.1,106.9,CB2711,0,0,0,0,0,0
11853,12238,6,descending,0,not-CX,405.6,379.3,228.6,DNg32,1,0,1,0,1,0
11854,27977,0,unnamed,0,not-CX,170.3,151.3,180.9,SLP227,1,0,1,0,0,0
11855,28735,0,unnamed,0,not-CX,376.1,64.6,138.2,CRE028,0,0,0,0,0,0
11856,53618,11,CX,4,other CX,498.1,168.8,113.2,ER3p_b,0,0,0,0,1,0
11857,174168,11,CX,2,columnar,392.4,117.3,268.5,vDeltaJ,0,0,0,0,1,0
11858,13467,0,unnamed,0,not-CX,249.6,192.1,128.9,AVLP443,0,0,0,0,0,0
11859,514677,11,CX,4,other CX,319.8,201.4,300.3,LAL185,0,0,0,0,0,0
11860,32872,0,unnamed,0,not-CX,213.4,258.9,191.4,CB1513,0,0,0,0,0,0
11861,43876,3,KC,0,not-CX,286.3,92.1,286.6,KCg-m,0,0,0,0,0,0
11862,127980,3,KC,0,not-CX,430.3,70.1,239.6,KCg-m,0,0,0,0,1,0
11863,75333,0,unnamed,0,not-CX,200.4,93.6,205.5,LHAD1c2,0,0,0,0,0,0
11864,516569,0,unnamed,0,not-CX,591.8,161.7,195.7,CB1276,0,0,0,0,1,0
11865,52923,3,KC,0,not-CX,470.5,73.2,263.1,KCa'b'-ap1,0,0,0,0,1,0
11866,33103,0,unnamed,0,not-CX,555.8,108.8,163.4,CB3869,0,0,0,0,1,0
11867,43448,0,unnamed,0,not-CX,190.4,146.2,210.5,LHCENT13_c,0,0,0,0,0,0
11868,146667,0,unnamed,0,not-CX,374.4,73.4,219.3,FR2,0,0,0,0,0,0
11869,73335,3,KC,0,not-CX,464.7,81.6,250.2,KCg-m,0,0,0,0,1,0
11870,88905,0,unnamed,0,not-CX,371.0,79.4,115.3,SMP086,1,0,1,1,0,0
11871,127493,11,CX,2,columnar,413.5,90.1,259.5,vDeltaM,0,0,0,0,1,0
11872,46670,3,KC,0,not-CX,248.0,79.5,264.1,KCg-m,0,0,0,0,0,0
11873,35891,0,unnamed,0,not-CX,229.6,233.3,332.8,LC43,0,0,0,0,0,0
11874,38084,11,CX,4,other CX,488.6,178.7,127.8,ER3m,0,0,0,0,1,0
11875,106310,0,unnamed,0,not-CX,385.2,487.4,553.5,AN07B082_b,0,0,0,0,0,0
11876,803202,0,unnamed,0,not-CX,410.8,419.3,1001.5,INXXX096,0,0,0,0,1,0
11877,514680,0,unnamed,0,not-CX,590.0,110.9,195.6,LH004m,0,0,0,0,1,0
11878,30177,0,unnamed,0,not-CX,187.0,181.9,189.4,CB2087,0,0,0,0,0,0
11879,63578,3,KC,0,not-CX,295.3,145.8,300.4,KCg-m,0,0,0,0,0,0
11880,84244,3,KC,0,not-CX,492.6,74.8,276.0,KCa'b'-ap1,0,0,0,0,1,0
11881,518902,11,CX,4,other CX,556.5,132.5,268.9,PLP097,0,0,0,0,1,0
11882,531954,0,unnamed,0,not-CX,375.4,96.7,108.2,SMP095,1,0,1,1,0,0
11883,52811,0,unnamed,0,not-CX,431.4,111.4,266.4,SIP088,1,0,1,1,1,0
11884,64139,0,unnamed,0,not-CX,354.5,167.2,286.6,FC1C_a,0,0,0,0,0,0
11885,77409,3,KC,0,not-CX,465.2,91.6,287.3,KCa'b'-ap1,0,0,0,0,1,0
11886,83833,3,KC,0,not-CX,315.2,82.2,272.0,KCg-m,0,0,0,0,0,0
11887,521358,0,unnamed,0,not-CX,448.4,135.4,278.0,SAD093,0,0,0,0,1,0
11888,23842,0,unnamed,0,not-CX,214.9,128.1,281.3,SLP359,1,0,1,0,0,0
11889,16951,0,unnamed,0,not-CX,309.2,323.1,140.2,GNG350,0,0,0,0,0,0
11890,10725,11,CX,4,other CX,511.6,210.2,122.9,LAL047,0,0,0,0,1,0
11891,14484,0,unnamed,0,not-CX,354.4,514.6,653.8,AN06B040,0,0,0,0,0,0
11892,802092,0,unnamed,0,not-CX,391.1,488.3,555.8,IN14B007,0,0,0,0,1,0
11893,49632,3,KC,0,not-CX,308.4,71.5,250.8,KCg-m,0,0,0,0,0,0
11894,131373,3,KC,0,not-CX,437.3,59.4,245.9,KCg-m,0,0,0,0,1,0
11895,144317,3,KC,0,not-CX,495.8,73.2,268.0,KCg-m,0,0,0,0,1,0
11896,21833,0,unnamed,0,not-CX,360.8,150.0,275.3,CRE078,1,0,1,1,0,0
11897,17096,0,unnamed,0,not-CX,183.9,111.9,262.8,SLP385,1,0,1,0,0,0
11898,34058,0,unnamed,0,not-CX,235.1,74.9,243.4,CB3464,0,0,0,0,0,0
11899,148915,0,unnamed,0,not-CX,464.3,76.0,150.2,CB1020,0,0,0,0,1,0
11900,47428,0,unnamed,0,not-CX,192.4,112.2,261.9,CB1156,0,0,0,0,0,0
11901,114478,0,unnamed,0,not-CX,214.8,130.2,273.9,CB2064,0,0,0,0,0,0
11902,132051,3,KC,0,not-CX,436.5,66.3,258.2,KCg-m,0,0,0,0,1,0
11903,96324,3,KC,0,not-CX,341.0,73.5,235.6,KCg-m,0,0,0,0,0,0
11904,148419,3,KC,0,not-CX,317.3,89.7,279.2,KCg-m,0,0,0,0,0,0
11905,48759,3,KC,0,not-CX,452.1,70.3,256.7,KCg-m,0,0,0,0,1,0
11906,78414,0,unnamed,0,not-CX,590.4,144.7,163.3,CB2379,0,0,0,0,1,0
11907,70457,3,KC,0,not-CX,448.7,82.4,258.2,KCa'b'-ap1,0,0,0,0,1,0
11908,52245,0,unnamed,0,not-CX,185.2,111.9,244.4,CB1387,1,0,1,0,0,0
11909,42071,0,unnamed,0,not-CX,200.9,155.6,174.6,SLP176,1,0,1,0,0,0
11910,78073,3,KC,0,not-CX,456.6,72.3,252.4,KCa'b'-ap1,0,0,0,0,1,0
11911,71757,0,unnamed,0,not-CX,514.9,54.5,241.1,LHPD3a2_b,0,0,0,0,1,0
11912,168182,11,CX,2,columnar,427.1,137.9,292.6,vDeltaA_a,0,0,0,0,1,0
11913,101792,3,KC,0,not-CX,428.9,68.8,257.5,KCg-m,0,0,0,0,1,0
11914,33063,0,unnamed,0,not-CX,163.2,164.4,175.1,SLP222,1,0,1,0,0,0
11915,13499,6,descending,0,not-CX,307.6,352.5,157.3,DNge106,0,0,0,0,0,0
11916,49752,3,KC,0,not-CX,269.6,64.1,254.8,KCg-m,0,0,0,0,0,0
11917,909139,0,unnamed,0,not-CX,390.4,431.9,1028.5,IN00A017,0,0,0,0,1,0
11918,20043,0,unnamed,0,not-CX,437.4,52.6,224.8,SMP494,0,0,0,0,1,0
11919,801593,0,unnamed,0,not-CX,443.5,367.9,848.6,IN18B008,0,0,0,0,1,0
11920,907594,0,unnamed,0,not-CX,292.9,399.1,696.6,IN18B039,0,0,0,0,0,0
11921,65825,0,unnamed,0,not-CX,222.3,68.1,221.0,LHPD2a5_b,0,0,0,0,0,0
11922,804825,0,unnamed,0,not-CX,374.0,413.6,1020.1,INXXX399,0,0,0,0,0,0
11923,800565,0,unnamed,0,not-CX,358.7,357.6,885.7,IN18B008,0,0,0,0,0,0
11924,903801,0,unnamed,0,not-CX,345.5,505.2,678.2,INXXX083,0,0,0,0,0,0
11925,14060,0,unnamed,0,not-CX,563.0,145.8,173.1,SLP068,1,0,1,0,1,0
11926,42984,2,antennal,0,not-CX,266.7,273.5,160.4,M_lvPNm45,0,0,0,0,0,0
11927,40376,3,KC,0,not-CX,273.1,122.6,289.0,KCg-m,0,0,0,0,0,0
11928,40592,0,unnamed,0,not-CX,181.3,157.6,210.2,CB0996,0,0,0,0,0,0
11929,86985,3,KC,0,not-CX,325.2,101.5,284.8,KCg-m,0,0,0,0,0,0
11930,22405,0,unnamed,0,not-CX,267.5,203.0,293.2,SMP568_b,1,0,1,1,0,0
11931,34412,0,unnamed,0,not-CX,555.7,68.7,218.6,,1,0,1,0,1,0
11932,128097,3,KC,0,not-CX,426.2,63.5,246.0,KCg-m,0,0,0,0,1,0
11933,33256,0,unnamed,0,not-CX,217.7,274.7,196.7,CB1276,0,0,0,0,0,0
11934,33775,0,unnamed,0,not-CX,234.9,71.2,249.5,LHPD2a4_b,1,0,1,0,0,0
11935,63740,3,KC,0,not-CX,472.2,125.3,288.7,KCg-m,0,0,0,0,1,0
11936,560178,0,unnamed,0,not-CX,591.0,134.4,197.1,CB0996,0,0,0,0,1,0
11937,137021,3,KC,0,not-CX,454.9,81.4,256.9,KCa'b'-ap2,0,0,0,0,1,0
11938,115046,0,unnamed,0,not-CX,432.4,139.4,294.0,FS3_b,0,0,0,0,1,0
11939,49526,3,KC,0,not-CX,495.8,78.8,271.0,KCg-m,0,0,0,0,1,0
11940,58950,3,KC,0,not-CX,295.2,87.0,281.9,KCg-m,0,0,0,0,0,0
11941,178236,0,unnamed,0,not-CX,401.8,77.3,245.8,FS3_d,0,0,0,0,1,0
11942,15106,0,unnamed,0,not-CX,262.2,75.7,253.4,SIP046,1,0,1,1,0,0
11943,111655,3,KC,0,not-CX,428.7,57.8,242.0,KCg-m,0,0,0,0,1,0
11944,155619,0,unnamed,0,not-CX,393.9,101.9,261.6,FS1A_b,0,0,0,0,1,0
11945,16567,0,unnamed,0,not-CX,254.0,59.8,253.3,SMP202,1,0,1,1,0,0
11946,532330,0,unnamed,0,not-CX,551.1,119.5,143.9,LHAD2c2,0,0,0,0,1,0
11947,52220,3,KC,0,not-CX,255.0,109.7,278.4,KCg-m,0,0,0,0,0,0
11948,119632,3,KC,0,not-CX,326.3,98.0,281.6,KCg-m,0,0,0,0,0,0
11949,520472,0,unnamed,0,not-CX,325.9,89.1,273.9,SMP371_b,1,0,1,1,0,0
11950,41891,3,KC,0,not-CX,319.0,56.3,238.5,KCg-m,0,0,0,0,0,0
11951,103750,3,KC,0,not-CX,472.9,74.2,274.4,KCg-m,0,0,0,0,1,0
11952,77479,3,KC,0,not-CX,276.4,85.0,281.6,KCg-m,0,0,0,0,0,0
11953,512434,0,unnamed,0,not-CX,386.0,102.8,121.6,SMP084,1,0,1,1,1,0
11954,61907,0,unnamed,0,not-CX,207.0,91.0,201.2,CB2667,0,0,0,0,0,0
11955,124632,3,KC,0,not-CX,248.1,103.0,274.6,KCg-m,0,0,0,0,0,0
11956,521009,0,unnamed,0,not-CX,484.6,314.3,167.9,AMMC003,0,0,0,0,1,0
11957,213470,0,unnamed,0,not-CX,0.0,0.0,0.0,,0,0,0,0,0,1
11958,83737,3,KC,0,not-CX,295.3,73.7,266.3,KCa'b'-ap2,0,0,0,0,0,0
11959,60172,3,KC,0,not-CX,255.2,69.0,255.3,KCg-m,0,0,0,0,0,0
11960,529424,0,unnamed,0,not-CX,386.2,111.2,111.9,SMP089,1,0,1,1,1,0
11961,801097,0,unnamed,0,not-CX,347.1,517.4,853.5,IN21A003,0,0,0,0,0,0
11962,515753,0,unnamed,0,not-CX,590.8,128.4,195.1,CB4084,0,0,0,0,1,0
11963,531419,0,unnamed,0,not-CX,310.5,47.4,208.0,SLP396,1,0,1,1,0,0
11964,13468,0,unnamed,0,not-CX,525.9,56.4,236.4,SMP245,0,0,0,0,1,0
11965,185711,11,CX,2,columnar,352.6,86.2,241.5,vDeltaA_b,0,0,0,0,0,0
11966,800021,0,unnamed,0,not-CX,453.0,414.7,1016.7,IN03A003,0,0,0,0,1,0
11967,532747,0,unnamed,0,not-CX,301.4,305.6,164.6,WED184,1,0,1,0,0,0
11968,46287,3,KC,0,not-CX,301.1,146.3,303.3,KCg-m,0,0,0,0,0,0
11969,520053,0,unnamed,0,not-CX,339.8,118.1,276.1,SIP088,1,0,1,1,0,0
11970,50334,0,unnamed,0,not-CX,601.9,112.1,187.8,CB1246,0,0,0,0,1,0
11971,14694,0,unnamed,0,not-CX,433.1,165.2,306.7,5-HTPMPV01,1,0,1,1,1,0
11972,36461,0,unnamed,0,not-CX,221.4,265.4,196.3,CB1103,0,0,0,0,0,0
11973,37043,3,KC,0,not-CX,502.4,54.2,259.2,KCa'b'-ap1,0,0,0,0,1,0
11974,49450,3,KC,0,not-CX,448.2,76.8,251.8,KCa'b'-ap2,0,0,0,0,1,0
11975,152776,11,CX,2,columnar,414.4,85.0,257.3,vDeltaA_a,0,0,0,0,1,0
11976,32140,0,unnamed,0,not-CX,215.9,113.9,180.9,SLP157,0,0,0,0,0,0
11977,31093,0,unnamed,0,not-CX,436.8,46.5,208.3,SLP396,1,0,1,1,1,0
11978,117172,11,CX,2,columnar,355.6,132.1,284.9,vDeltaM,0,0,0,0,0,0
11979,522981,3,KC,0,not-CX,464.4,127.9,290.6,KCg-m,0,0,0,0,1,0
11980,67425,3,KC,0,not-CX,254.0,62.9,259.3,KCg-m,0,0,0,0,0,0
11981,75031,3,KC,0,not-CX,274.7,74.5,266.9,KCa'b'-ap1,0,0,0,0,0,0
11982,123605,3,KC,0,not-CX,318.2,84.3,266.2,KCa'b'-ap1,0,0,0,0,0,0
11983,124948,11,CX,2,columnar,348.4,145.2,292.5,vDeltaM,0,0,0,0,0,0
11984,521520,0,unnamed,0,not-CX,379.1,86.1,111.7,SMP083,1,0,1,1,0,0
11985,524394,0,unnamed,0,not-CX,362.8,137.5,256.3,SLP387,1,0,1,1,0,0
11986,93699,0,unnamed,0,not-CX,434.0,121.5,288.7,SMP407,1,0,1,1,1,0
11987,181512,11,CX,2,columnar,350.4,89.9,244.8,vDeltaM,0,0,0,0,0,0
11988,40814,0,unnamed,0,not-CX,381.1,110.8,105.8,SMP095,1,0,1,1,0,0
11989,11320,0,unnamed,0,not-CX,556.6,246.2,183.4,AVLP316,0,0,0,0,1,0
11990,18972,0,unnamed,0,not-CX,594.4,145.4,197.2,SLP184,0,0,0,0,1,0
11991,18074,11,CX,4,other CX,401.8,90.4,225.0,IB116,0,0,0,0,1,0
11992,47984,3,KC,0,not-CX,304.2,143.0,297.5,KCg-m,0,0,0,0,0,0
11993,47186,11,CX,4,other CX,278.2,184.9,108.7,ER3m,0,0,0,0,0,0
11994,156005,0,unnamed,0,not-CX,340.0,139.2,301.3,FS3_b,0,0,0,0,0,0
11995,164922,11,CX,2,columnar,343.6,93.8,254.3,vDeltaA_a,0,0,0,0,0,0
11996,790460778,0,unnamed,0,not-CX,0.0,0.0,0.0,,0,0,0,0,0,1
11997,48299,0,unnamed,0,not-CX,595.1,159.3,170.0,,0,0,0,0,1,0
11998,117875,0,unnamed,0,not-CX,282.5,57.0,244.4,LHPD3a2_b,0,0,0,0,0,0
11999,35976,0,unnamed,0,not-CX,554.4,109.1,262.2,,1,0,1,0,1,0
