index,body_id,is_lptc,input_synapses,top_neuropil,top_neuropil_n,n_neuropils,rf_x,rf_y,rf_z
60,10006,1,20321,,20321,1,76306.8,29213.6,39201.3
61,10012,1,18473,,18473,1,20656.2,29865.7,40203.4
62,10015,1,17139,,17139,1,19637.8,29093.4,38919.7
63,10016,1,18731,,18731,1,21722.2,31502.0,39143.8
64,10019,1,31707,,31707,1,75108.2,30733.3,38612.4
65,10023,1,18094,,18094,1,23520.3,38049.4,38568.1
66,10025,1,33519,,33519,1,22101.2,31764.7,39624.3
67,10034,1,18870,,18870,1,75614.9,31297.8,38087.8
68,10037,1,17559,,17559,1,21085.3,30907.1,40561.4
71,10073,1,21311,,21311,1,75724.0,29869.0,39531.2
76,10112,1,12820,,12820,1,22129.5,30963.4,40754.2
81,10161,1,7962,,7962,1,75255.7,25773.5,39222.1
84,10181,1,16850,,16850,1,77000.0,27770.7,37993.4
87,10206,1,9815,,9815,1,22595.9,28868.8,40953.3
89,10209,1,19418,,19418,1,33796.1,14261.7,30691.7
91,10262,0,8608,,8608,1,48638.6,31886.7,18443.1
92,10284,1,8594,,8594,1,23466.7,29100.5,40439.1
93,10305,1,19888,,19888,1,62346.3,13243.0,30003.4
94,10311,1,8054,,8054,1,21416.8,26997.9,40260.5
96,10347,1,7734,,7734,1,60458.7,22151.7,30701.0
97,10356,1,6124,,6124,1,54827.3,14245.8,19582.7
102,10403,1,6896,,6896,1,21272.5,25769.2,39945.0
103,10419,1,17404,,17404,1,72823.7,37728.7,37373.9
110,10486,1,5463,,5463,1,33227.5,15242.0,26309.2
112,10522,0,11136,,11136,1,35807.1,28361.9,19443.2
124,10697,1,1499,,1499,1,67368.4,10465.8,27798.5
127,10755,1,10446,,10446,1,23104.7,34752.6,39341.3
129,10766,1,7031,,7031,1,24081.6,27127.9,40393.5
133,10854,1,3209,,3209,1,49649.2,29071.3,36066.0
134,10865,1,9220,,9220,1,73273.9,33725.6,37956.7
141,10973,0,2812,,2812,1,49305.9,29591.2,20040.9
143,11010,1,3100,,3100,1,48429.5,29509.9,36270.1
145,11082,0,2755,,2755,1,63870.5,19026.5,27771.3
149,11134,1,9155,,9155,1,21744.0,31932.3,40357.2
152,11229,0,9063,,9063,1,46609.3,32219.1,18349.3
160,11323,1,2516,,2516,1,63192.8,10489.8,25259.8
166,11382,1,8049,,8049,1,74865.2,31415.2,39109.9
167,11390,0,9069,,9069,1,45468.0,30691.7,17121.4
170,11418,1,284,,284,1,68365.6,11001.8,29366.4
174,11477,1,7864,,7864,1,38472.4,21742.8,31199.4
182,11551,1,5182,,5182,1,24151.1,28639.3,40217.9
187,11615,1,1241,,1241,1,64952.0,14399.3,30798.8
190,11688,1,3628,,3628,1,62471.1,13772.8,29178.1
191,11695,1,1442,,1442,1,65508.1,16535.6,26420.7
200,11793,1,3445,,3445,1,74352.6,31013.2,37648.3
206,11840,1,2491,,2491,1,60807.2,9723.1,27332.2
207,11847,1,1216,,1216,1,67935.2,11707.2,29069.1
209,11903,1,4907,,4907,1,34993.4,16633.5,29125.1
213,11956,1,2363,,2363,1,64918.5,16103.9,29473.0
214,11971,1,2150,,2150,1,65250.4,15155.4,26692.6
232,12168,0,2814,,2814,1,35882.8,30930.8,30542.8
234,12190,1,4943,,4943,1,72423.0,29071.7,39394.4
235,12207,0,802,,802,1,62507.5,26829.2,28195.5
248,12521,1,4795,,4795,1,22015.1,31481.1,38743.3
252,12571,1,4126,,4126,1,67750.9,12125.5,27332.8
254,12606,1,3072,,3072,1,63625.0,15008.5,30415.6
257,12702,1,9623,,9623,1,39081.1,10901.9,22724.0
266,12890,0,2362,,2362,1,46666.6,27912.4,20926.5
271,13005,0,2263,,2263,1,62149.0,23213.7,30592.0
272,13018,1,6563,,6563,1,53297.9,12242.3,21302.1
273,13024,0,3389,,3389,1,32418.6,19762.7,29117.4
277,13095,1,2147,,2147,1,66690.3,17134.9,28716.7
285,13252,1,1690,,1690,1,61012.6,8621.6,25759.3
287,13290,0,1603,,1603,1,54401.0,11615.5,26735.5
290,13334,0,2769,,2769,1,47279.4,30298.1,19364.9
292,13361,1,811,,811,1,67645.0,11683.4,26456.3
293,13375,1,3340,,3340,1,67758.0,14506.1,29737.4
295,13384,1,5033,,5033,1,62550.8,14036.5,25162.4
298,13390,1,1540,,1540,1,64121.2,14473.1,31959.0
305,13500,1,2757,,2757,1,31554.6,16418.3,27555.9
307,13563,0,3272,,3272,1,34570.9,23266.2,31311.9
310,13613,1,5310,,5310,1,41217.8,15640.0,20222.4
311,13664,1,5003,,5003,1,28779.1,13569.9,28356.8
315,13735,1,909,,909,1,65721.3,12515.1,27554.3
316,13761,1,2079,,2079,1,66386.0,15299.9,27785.3
317,13767,0,2535,,2535,1,48683.2,27788.1,20735.7
318,13804,1,1343,,1343,1,66120.7,10777.9,28900.0
320,13832,0,8134,,8134,1,41582.0,26938.4,15775.6
321,13886,1,2816,,2816,1,31527.9,17091.9,30362.8
322,13906,0,2355,,2355,1,37333.0,28129.0,13973.8
323,13936,1,2793,,2793,1,67457.6,17599.9,28342.8
325,13946,1,2208,,2208,1,59718.1,21557.2,24952.3
329,14066,1,3766,,3766,1,28919.1,15649.2,30980.6
330,14139,1,2331,,2331,1,62960.3,15662.7,27598.1
333,14250,1,2170,,2170,1,61875.2,10141.3,25149.1
334,14275,1,2827,,2827,1,34384.8,17406.0,23135.4
335,14287,0,1776,,1776,1,42842.3,12038.8,26817.4
338,14381,1,1764,,1764,1,65523.9,14389.9,27904.9
339,14416,1,3692,,3692,1,24545.7,29985.7,40087.8
340,14423,1,3456,,3456,1,35607.6,18274.3,29964.0
343,14437,0,4542,,4542,1,49258.9,29226.3,20029.1
345,14497,1,2956,,2956,1,37182.1,17064.9,25762.5
347,14514,1,2347,,2347,1,33235.0,16402.9,28459.1
349,14601,1,1353,,1353,1,69239.7,13312.5,28573.3
354,14710,1,2042,,2042,1,61465.0,13001.5,31028.5
356,14771,1,1275,,1275,1,68510.9,16592.8,28173.1
357,14799,1,2595,,2595,1,34538.6,10959.1,25170.8
359,14821,1,3512,,3512,1,30162.1,12507.4,27578.4
360,14843,1,3197,,3197,1,66358.4,11196.7,26688.2
363,14893,1,2424,,2424,1,67844.8,17464.8,28185.7
365,14897,1,1688,,1688,1,26746.1,14101.7,29296.6
366,14961,0,1800,,1800,1,32565.0,23578.5,30958.8
370,15039,1,2145,,2145,1,30213.7,16239.3,28634.3
371,15044,1,940,,940,1,70240.5,13340.7,28385.6
372,15122,1,517,,517,1,32121.7,17026.8,28571.6
377,15216,1,569,,569,1,64304.4,10206.6,28760.1
380,15295,1,5041,,5041,1,31899.9,10795.6,26996.5
382,15353,0,5615,,5615,1,41716.9,30225.0,17319.9
383,15421,1,1267,,1267,1,68023.6,13362.3,29096.6
384,15422,1,3526,,3526,1,25000.1,31055.3,40472.4
386,15478,0,536,,536,1,64135.8,24480.9,30660.3
387,15501,1,3128,,3128,1,29047.5,18813.2,29429.7
388,15506,1,2558,,2558,1,58615.4,14206.2,24896.6
391,15541,0,645,,645,1,64682.3,21018.5,29031.9
392,15543,0,2091,,2091,1,61372.0,27789.8,26741.0
393,15634,0,1191,,1191,1,40749.0,11302.6,26019.5
394,15647,1,1001,,1001,1,69533.5,14695.8,29390.7
397,15678,1,2114,,2114,1,34331.9,9556.6,26070.2
398,15717,1,2030,,2030,1,30985.9,15616.0,28651.2
399,15725,1,2541,,2541,1,35083.9,11172.9,27492.0
400,15753,1,2951,,2951,1,67068.1,17203.9,28446.0
402,15864,1,1004,,1004,1,27972.4,14895.5,30835.4
403,15897,1,2459,,2459,1,35130.7,13742.2,31507.0
404,15920,1,3020,,3020,1,29355.2,18489.4,29519.6
405,15962,1,3161,,3161,1,56238.1,13839.1,21873.6
409,16029,1,3685,,3685,1,29941.3,14391.6,30405.1
410,16031,0,1869,,1869,1,41675.6,12201.1,26594.5
411,16042,0,1234,,1234,1,65342.3,21269.9,30001.0
413,16084,1,3206,,3206,1,29416.4,19160.8,29575.2
418,16210,0,1108,,1108,1,38061.9,28853.5,25354.1
421,16264,1,3132,,3132,1,29289.4,18902.6,29509.2
422,16276,1,885,,885,1,67311.3,14916.8,29222.4
423,16281,0,1360,,1360,1,31818.6,23400.0,31636.7
425,16328,1,2727,,2727,1,61314.3,16324.6,21637.9
426,16416,1,3298,,3298,1,70429.3,13396.3,28925.3
427,16422,1,4486,,4486,1,26166.0,14977.5,30235.3
433,16513,1,996,,996,1,27015.6,15473.5,30572.1
435,16562,1,1451,,1451,1,31346.7,17768.4,27171.8
436,16570,1,2785,,2785,1,24413.8,32169.8,40463.0
437,16606,1,3005,,3005,1,24895.7,30048.5,40479.6
439,16636,1,3093,,3093,1,35969.3,15327.1,26593.6
440,16649,1,2441,,2441,1,29865.0,18136.7,29774.9
442,16706,1,2637,,2637,1,30432.5,18013.4,29990.6
443,16715,1,2853,,2853,1,65923.1,14555.1,27965.9
444,16724,1,812,,812,1,69812.9,14129.1,29565.2
445,16736,1,3522,,3522,1,40179.9,14660.1,22412.5
446,16769,1,1822,,1822,1,32638.1,15090.4,32249.9
447,16774,0,1236,,1236,1,65099.2,22273.7,30758.2
448,16956,0,1740,,1740,1,35938.3,29011.6,27460.3
449,16969,1,3086,,3086,1,33332.1,10861.3,25510.2
450,16979,1,1396,,1396,1,60789.3,8374.6,25928.5
451,16993,1,804,,804,1,69574.5,14516.5,29366.6
455,17105,1,1893,,1893,1,66232.4,16264.2,29454.4
456,17150,1,1305,,1305,1,30532.5,13689.2,28622.5
457,17156,1,2307,,2307,1,32312.5,16306.1,31161.4
458,17170,1,3485,,3485,1,30913.0,15840.9,28764.1
459,17175,1,2000,,2000,1,32597.0,15705.0,31245.4
460,17189,1,510,,510,1,66590.3,9878.1,28608.2
461,17219,0,898,,898,1,53373.4,8235.7,25275.0
465,17371,0,1321,,1321,1,36517.1,28550.5,16369.9
470,17573,1,1425,,1425,1,29707.6,13929.0,28436.8
475,17812,1,2185,,2185,1,29646.3,12748.1,28325.2
477,17825,1,1668,,1668,1,64080.6,14614.0,30541.0
478,17904,1,1102,,1102,1,68563.1,15311.7,27770.7
480,18007,1,1608,,1608,1,63653.6,25626.8,29532.2
483,18043,1,2315,,2315,1,29196.7,12719.1,29952.9
484,18044,1,1726,,1726,1,66443.9,16607.5,29269.5
486,18102,1,1706,,1706,1,67397.2,11504.4,27666.8
487,18108,1,2056,,2056,1,29195.3,18937.6,29136.1
488,18109,1,1847,,1847,1,32477.0,15120.9,30856.0
489,18141,0,1497,,1497,1,61549.5,32612.3,29913.6
492,18179,1,1288,,1288,1,28517.2,13009.9,30347.6
493,18222,0,892,,892,1,55047.7,8080.3,26072.1
494,18235,1,1957,,1957,1,27946.8,13231.1,29719.2
495,18249,1,1280,,1280,1,28686.1,16757.2,29393.9
496,18262,1,1422,,1422,1,31693.4,11584.7,30299.6
497,18297,1,757,,757,1,30566.2,14658.8,27979.2
498,18305,1,1898,,1898,1,67026.1,11741.9,27451.0
502,18453,1,1143,,1143,1,67761.9,16495.9,28751.9
503,18463,1,1947,,1947,1,32646.1,11287.0,26449.8
505,18484,1,1697,,1697,1,67533.3,11647.9,29066.9
508,18575,1,1881,,1881,1,28919.9,11901.4,28790.0
509,18637,1,1099,,1099,1,27228.6,16249.4,30892.7
510,18657,1,1135,,1135,1,67032.1,11082.2,27007.6
512,18678,1,1516,,1516,1,30954.2,14300.5,27186.4
513,18695,1,1225,,1225,1,27013.1,14381.9,29380.1
516,18764,1,618,,618,1,68001.6,11246.6,26694.0
517,18770,1,1069,,1069,1,32925.0,11782.7,23780.0
520,18798,0,1048,,1048,1,32992.6,26493.4,31144.7
521,18807,1,2308,,2308,1,73016.2,31122.4,39516.6
523,18828,1,1454,,1454,1,69235.1,11555.0,30006.4
526,18843,1,1920,,1920,1,30080.2,12361.0,27746.3
527,18854,1,1074,,1074,1,27615.0,15617.1,30471.7
529,18884,1,1658,,1658,1,31633.1,16578.9,31869.2
531,18937,1,1727,,1727,1,30397.4,17958.5,31107.5
532,18939,1,1571,,1571,1,31895.3,23412.2,30797.7
533,18968,1,1327,,1327,1,28583.0,17983.6,29488.3
534,18988,1,1055,,1055,1,69266.1,12971.1,28008.0
535,18989,1,1042,,1042,1,66354.6,12641.9,27478.9
536,19018,1,2713,,2713,1,33273.0,14367.2,26582.5
537,19064,1,1141,,1141,1,27440.6,15046.2,29835.0
539,19086,0,801,,801,1,54020.2,8730.1,26147.3
540,19143,1,1405,,1405,1,69769.1,12352.7,28341.9
541,19183,1,1371,,1371,1,68211.8,16825.6,28141.2
542,19234,1,1059,,1059,1,28166.8,17030.5,28586.9
543,19274,1,1960,,1960,1,64478.2,15259.6,30417.2
544,19314,1,1772,,1772,1,62621.9,11775.0,27323.6
545,19333,1,1869,,1869,1,32965.3,15072.8,32461.2
547,19364,1,1512,,1512,1,67489.0,17730.1,27873.4
548,19391,1,1468,,1468,1,28553.0,18117.3,29169.7
551,19588,1,9081,,9081,1,74397.5,26892.3,39650.2
553,19690,1,720,,720,1,65391.1,11154.0,24935.2
554,19694,1,1299,,1299,1,28747.4,18502.9,29127.0
556,19746,1,1138,,1138,1,64204.9,10445.0,29665.1
558,19768,1,1046,,1046,1,67706.2,12201.3,28540.6
559,19845,0,4143,,4143,1,48102.6,29229.5,19973.0
560,19859,1,771,,771,1,67338.5,11161.4,28068.4
562,19949,1,1723,,1723,1,27291.4,12629.1,30889.3
566,20033,1,1526,,1526,1,68396.1,11946.5,28552.2
567,20059,1,819,,819,1,68518.7,13380.8,29048.0
568,20084,0,756,,756,1,64662.0,22800.4,28343.8
570,20132,1,1327,,1327,1,67374.7,17151.9,28444.0
571,20141,1,1532,,1532,1,69484.2,16550.5,28893.4
572,20195,1,519,,519,1,67244.5,12921.5,25294.4
573,20197,1,1617,,1617,1,68809.1,16131.3,28749.4
574,20270,1,1479,,1479,1,37904.1,17082.7,26681.5
576,20287,1,3103,,3103,1,28269.8,14508.1,29306.2
578,20397,1,1103,,1103,1,27382.3,15135.6,30147.6
582,20503,1,1190,,1190,1,32498.5,24034.9,31196.0
584,20591,0,571,,571,1,35744.9,31878.3,28915.6
585,20598,1,625,,625,1,28287.0,12144.3,30252.7
587,20634,1,2282,,2282,1,23223.1,33187.8,40612.1
590,20819,1,1774,,1774,1,30418.0,11990.8,29874.0
592,20912,1,1066,,1066,1,63055.1,10692.3,23359.3
594,20960,0,2135,,2135,1,34378.6,26234.2,22438.6
596,21073,1,1451,,1451,1,27859.5,17795.4,29682.0
598,21115,1,1969,,1969,1,30831.2,14049.7,28416.9
600,21166,1,2242,,2242,1,27162.1,17613.4,30335.5
601,21191,1,447,,447,1,31467.0,15267.1,30577.6
602,21207,1,349,,349,1,68778.1,16663.7,28305.1
603,21263,1,1714,,1714,1,30652.6,17634.2,30639.5
605,21335,0,1400,,1400,1,32174.2,22962.0,31165.9
606,21358,1,192,,192,1,68012.5,11550.4,27722.3
607,21362,1,1216,,1216,1,64526.7,23007.5,30903.2
608,21397,1,875,,875,1,68664.9,14391.2,29304.4
609,21409,1,1273,,1273,1,28601.0,12989.5,29394.4
610,21452,0,1131,,1131,1,65157.0,21274.2,29717.9
614,21572,1,1845,,1845,1,74475.8,31588.6,39403.5
616,21600,1,1109,,1109,1,28011.7,13652.1,29445.6
617,21709,1,1940,,1940,1,27803.8,12979.2,29468.8
619,21741,1,583,,583,1,27209.3,13643.6,28852.3
620,21772,1,1550,,1550,1,27380.4,18151.0,29239.4
621,21822,1,2042,,2042,1,30735.8,17399.2,30653.5
622,21826,1,1595,,1595,1,27368.1,14866.2,29869.7
623,21860,1,1193,,1193,1,27913.2,17483.4,29557.8
625,21889,1,1199,,1199,1,28015.2,14175.8,30045.4
626,21898,1,1468,,1468,1,67664.1,17228.9,27768.6
627,21919,1,1965,,1965,1,31409.8,21050.0,30430.6
629,22040,1,1204,,1204,1,68295.1,16075.7,28517.1
630,22119,1,558,,558,1,67358.5,17559.8,29865.3
636,22338,1,1449,,1449,1,30136.0,17944.7,31071.7
637,22417,1,1044,,1044,1,69093.7,16667.6,28541.4
638,22443,1,1389,,1389,1,27757.3,17478.0,29613.6
641,22551,1,594,,594,1,66759.0,11331.8,28084.8
643,22571,1,924,,924,1,67625.2,12730.7,26052.7
644,22585,1,568,,568,1,31674.9,15194.3,30809.5
645,22665,0,2062,,2062,1,37018.7,28889.1,14890.3
646,22671,1,1298,,1298,1,28177.2,13920.2,29616.9
647,22695,1,743,,743,1,66259.5,13600.9,27335.2
648,22708,1,476,,476,1,31426.9,15361.2,30944.5
649,22717,0,1246,,1246,1,55943.1,25327.7,17745.5
651,22833,1,1561,,1561,1,29621.0,15030.8,30489.7
652,22852,1,1540,,1540,1,66342.2,16999.9,30034.0
653,22899,1,994,,994,1,66708.3,17171.6,30056.7
654,22917,1,1431,,1431,1,26477.5,13326.8,30578.3
656,23012,1,1399,,1399,1,29343.4,15763.4,30952.7
658,23076,1,1204,,1204,1,27394.4,18180.8,29997.6
661,23189,1,910,,910,1,66793.5,19320.3,26697.1
662,23190,1,777,,777,1,56042.2,11399.2,25594.3
664,23241,1,1724,,1724,1,26622.2,13151.8,30040.4
669,23496,1,1282,,1282,1,70562.1,13587.7,29242.2
671,23533,1,948,,948,1,28710.2,13688.7,29764.4
672,23648,1,1908,,1908,1,65896.1,19303.2,29793.9
673,23652,1,294,,294,1,66747.6,11052.1,29109.5
676,23743,1,1974,,1974,1,69934.7,16025.9,28302.6
677,23780,1,751,,751,1,63174.7,18096.9,29187.3
678,23790,1,1271,,1271,1,67318.8,13805.3,27756.2
679,23814,0,563,,563,1,32401.6,22388.3,30082.9
681,23897,1,1482,,1482,1,75117.1,32124.2,39289.9
683,24064,1,896,,896,1,66476.4,16594.4,30125.5
684,24067,1,955,,955,1,68207.8,12162.1,28396.5
685,24094,1,448,,448,1,65539.1,13909.1,30296.4
686,24306,0,1080,,1080,1,31285.6,20362.1,30449.8
687,24307,0,975,,975,1,40962.0,8648.6,25913.0
688,24315,1,831,,831,1,68782.0,16581.4,28848.7
689,24334,1,581,,581,1,68912.6,11905.3,27891.3
691,24394,1,877,,877,1,27476.9,17579.5,30263.3
694,24442,1,800,,800,1,32361.8,15946.8,31548.2
698,24713,1,1769,,1769,1,26872.0,13806.3,30237.2
699,24816,0,296,,296,1,62015.5,27749.9,29174.5
702,24866,1,1230,,1230,1,32046.9,16410.7,30534.1
703,24867,1,1934,,1934,1,21537.2,32603.4,40512.7
704,24941,0,524,,524,1,57472.7,24074.3,18226.4
705,24979,1,1283,,1283,1,30368.3,17111.0,30294.7
706,24985,1,1572,,1572,1,68455.0,11606.2,28478.3
707,25039,0,971,,971,1,37273.8,27709.5,18082.4
709,25091,0,543,,543,1,33477.3,26452.6,29571.0
710,25142,0,731,,731,1,31661.7,21274.3,30467.2
711,25154,0,596,,596,1,32554.0,25114.7,30289.3
713,25288,1,1886,,1886,1,27787.5,13955.5,29120.8
715,25338,1,1171,,1171,1,30602.9,10263.0,27931.0
716,25416,1,697,,697,1,30133.4,21181.2,27337.4
717,25422,1,1150,,1150,1,29081.1,17443.1,26020.3
719,25439,1,1140,,1140,1,28243.9,14163.6,28854.9
721,25637,1,976,,976,1,30056.5,21253.2,27056.0
722,25644,1,1553,,1553,1,27687.1,17985.5,29834.1
723,25659,1,931,,931,1,29962.5,10950.6,29196.8
724,25893,1,1825,,1825,1,21252.4,30761.0,40420.6
727,25941,1,891,,891,1,31042.1,11947.3,29578.8
728,25963,1,1387,,1387,1,26668.4,15150.4,30367.3
730,26060,1,1567,,1567,1,26873.7,13347.5,29792.0
737,26257,1,1818,,1818,1,65556.9,12709.6,27702.5
739,26292,1,1489,,1489,1,26921.8,15212.4,30692.5
740,26294,1,1613,,1613,1,29329.2,18465.7,29499.9
741,26305,1,1289,,1289,1,30421.8,17083.5,30372.9
742,26338,1,731,,731,1,67470.9,14705.4,29637.1
745,26504,0,341,,341,1,60678.0,23713.3,24053.0
747,26602,1,2005,,2005,1,26165.9,13918.2,29970.2
749,26642,1,1180,,1180,1,68540.2,13329.1,28398.9
750,26689,0,1174,,1174,1,62244.0,31462.1,29050.0
752,26711,0,1420,,1420,1,31884.0,22668.7,30990.5
754,26752,0,381,,381,1,36845.3,25525.8,24072.8
755,26757,1,1101,,1101,1,65392.4,15037.0,29584.1
757,26766,0,2941,,2941,1,36937.9,29600.1,16931.1
759,26922,1,857,,857,1,28669.6,15977.7,29838.1
760,26930,1,842,,842,1,28964.7,12540.9,29218.3
762,26989,1,986,,986,1,65939.3,18404.0,23613.5
763,26997,0,755,,755,1,37261.9,33254.2,28017.6
765,27057,1,903,,903,1,58148.5,11925.2,26647.4
766,27059,1,772,,772,1,27511.5,14014.5,26834.6
769,27158,1,536,,536,1,66728.0,18887.9,27339.9
770,27202,0,557,,557,1,36205.2,32216.9,28828.4
771,27284,1,936,,936,1,26263.5,15524.1,29511.4
772,27315,1,1203,,1203,1,28549.7,14846.9,27553.3
776,27470,1,572,,572,1,29851.5,13116.4,28790.9
777,27507,1,1220,,1220,1,29476.9,21556.8,25091.9
778,27589,1,449,,449,1,25469.0,14093.8,30412.6
779,27594,1,1403,,1403,1,28701.7,12887.8,27066.3
781,27694,1,1110,,1110,1,28969.5,13914.5,29358.4
782,27697,1,1247,,1247,1,69822.4,13385.2,28826.2
783,27760,1,421,,421,1,69086.3,16533.9,27522.4
784,27774,1,648,,648,1,27976.0,16992.4,29151.0
786,27934,1,740,,740,1,67875.8,12417.8,27106.4
788,28019,1,1860,,1860,1,28005.1,15298.9,29239.8
790,28094,1,1059,,1059,1,31724.0,21027.4,24392.8
792,28159,1,1577,,1577,1,29252.4,18778.4,30950.4
793,28184,1,1453,,1453,1,63786.7,10112.2,25911.0
794,28200,1,491,,491,1,32251.5,15674.7,29691.5
795,28223,1,961,,961,1,31447.0,18203.3,27973.6
796,28293,1,1133,,1133,1,66925.0,14068.9,29439.6
798,28438,1,1328,,1328,1,30257.3,16377.9,30446.6
799,28509,1,1290,,1290,1,69391.7,11816.9,28823.0
801,28544,1,616,,616,1,28166.1,13893.4,28526.8
802,28588,1,1421,,1421,1,26144.8,15305.0,30804.2
803,28640,0,876,,876,1,39832.3,25714.1,18312.8
804,28644,1,502,,502,1,26707.3,15998.7,29689.0
806,28691,1,1742,,1742,1,29111.7,18291.3,30585.1
807,28793,1,662,,662,1,29616.6,19521.9,28147.9
809,28855,1,1424,,1424,1,27473.5,15070.3,30211.2
810,28910,1,472,,472,1,66383.6,12671.7,24643.0
812,28968,1,1231,,1231,1,28470.6,13352.9,27419.3
813,28992,1,867,,867,1,28790.2,13186.8,28068.8
814,28997,0,388,,388,1,60945.5,25348.9,24980.1
817,29157,1,670,,670,1,68247.7,16850.9,29268.5
818,29166,1,1394,,1394,1,30936.2,18668.8,30389.7
821,29248,1,336,,336,1,68555.0,12796.2,29336.1
822,29272,1,745,,745,1,26925.0,13269.8,29006.3
823,29387,1,740,,740,1,66906.3,13628.0,27830.6
824,29462,1,1087,,1087,1,31139.9,21145.8,24509.6
826,29535,0,607,,607,1,59440.3,26463.9,22984.4
827,29541,1,586,,586,1,69504.9,11813.1,27884.8
828,29607,1,1068,,1068,1,38573.7,11084.4,25213.3
829,29608,1,461,,461,1,27564.4,18102.4,28566.3
831,29614,1,1033,,1033,1,26981.2,14725.9,29565.3
833,29677,1,457,,457,1,67463.2,18855.3,26968.7
834,29737,1,900,,900,1,38476.4,12768.3,26514.9
836,29784,1,634,,634,1,68846.1,12437.9,25792.2
839,29851,1,555,,555,1,68779.7,16966.0,27908.2
840,29861,1,454,,454,1,25473.0,14084.3,30282.6
841,29883,1,1001,,1001,1,28252.9,12131.5,29064.8
842,29885,1,637,,637,1,28300.4,12778.9,28998.4
843,29890,1,984,,984,1,28323.4,17278.6,26383.3
844,30021,0,638,,638,1,56118.4,26480.8,17855.3
845,30102,1,1124,,1124,1,31665.0,16151.5,30533.2
846,30120,0,833,,833,1,31728.1,23600.8,31214.6
847,30253,1,795,,795,1,32969.4,18610.6,28849.6
848,30279,1,412,,412,1,68860.4,15367.3,29348.8
849,30291,1,746,,746,1,69622.2,13091.9,28115.0
850,30349,1,802,,802,1,68462.4,15765.6,24971.0
851,30375,1,1196,,1196,1,26618.2,14777.0,29688.7
852,30395,1,2258,,2258,1,30394.2,19990.1,29988.0
853,30404,0,882,,882,1,35428.1,32526.4,29367.3
855,30455,1,1103,,1103,1,31036.2,19843.7,24731.2
856,30525,1,555,,555,1,69231.0,16194.8,27906.1
857,30586,1,653,,653,1,31862.4,16298.4,29314.0
858,30613,1,1005,,1005,1,27535.0,15977.7,30259.2
859,30631,1,426,,426,1,71120.7,12456.8,29416.4
860,30637,1,686,,686,1,29812.2,19994.5,27789.8
861,30651,1,639,,639,1,27409.0,13719.4,27054.0
862,30855,1,984,,984,1,69240.0,12098.5,27058.8
863,30872,0,466,,466,1,36902.7,26610.0,23937.4
865,30906,1,1589,,1589,1,28936.5,13013.9,28691.5
867,30943,1,1339,,1339,1,28980.0,17498.5,30273.9
869,30976,1,784,,784,1,30025.0,19983.4,30801.5
870,30992,1,1511,,1511,1,26145.8,14976.4,30503.9
871,31023,1,536,,536,1,32694.6,10266.4,29071.9
872,31028,1,476,,476,1,69177.5,11560.2,28074.0
873,31066,1,346,,346,1,65250.7,8289.3,27302.3
874,31068,1,916,,916,1,31514.9,15827.2,29847.6
876,31119,1,1245,,1245,1,28192.8,14467.1,29395.6
877,31125,1,531,,531,1,65847.7,11850.8,24227.4
878,31161,1,489,,489,1,27354.2,18170.3,28771.0
879,31166,0,505,,505,1,57022.0,23628.0,17815.0
880,31196,1,1098,,1098,1,67178.1,14637.9,29885.9
881,31205,1,559,,559,1,67004.4,13949.5,24528.4
882,31206,1,1303,,1303,1,28295.3,13847.2,28662.1
883,31215,1,546,,546,1,30417.0,22464.7,26052.5
884,31216,1,448,,448,1,68550.0,12404.1,28923.3
885,31247,1,1161,,1161,1,26142.7,14989.5,29133.8
886,31285,0,441,,441,1,64540.5,24884.5,30350.9
887,31320,1,450,,450,1,71188.2,12414.0,29367.6
888,31323,1,542,,542,1,30728.2,13926.3,25521.8
889,31331,1,1292,,1292,1,28586.2,14971.7,30361.7
891,31376,1,1410,,1410,1,70545.8,12475.2,28439.6
893,31426,1,925,,925,1,67819.8,12085.5,27637.6
894,31550,1,750,,750,1,29936.5,19825.7,30401.4
895,31652,0,543,,543,1,34881.6,30352.8,29855.2
896,31731,1,609,,609,1,30299.8,14777.6,25781.0
898,31844,0,524,,524,1,36696.1,26265.9,24324.1
899,31910,1,558,,558,1,66028.5,19367.7,26369.0
900,31934,1,951,,951,1,67486.0,12672.9,27720.8
901,32047,1,597,,597,1,29988.8,16454.6,25731.5
902,32054,1,388,,388,1,29907.2,15715.0,28398.2
903,32095,1,712,,712,1,68437.9,11625.5,28807.8
904,32157,1,515,,515,1,64430.2,14346.3,31580.1
905,32218,1,459,,459,1,30636.9,13918.0,25282.3
906,32250,1,1024,,1024,1,27537.5,17445.3,30623.0
907,32276,1,758,,758,1,30000.5,13386.1,26607.0
908,32293,1,432,,432,1,31239.1,9916.1,28725.6
909,32344,1,816,,816,1,29161.1,17874.2,29959.8
910,32379,1,748,,748,1,68296.9,10974.2,28207.8
911,32441,1,1213,,1213,1,27393.2,17979.8,29773.2
912,32543,1,665,,665,1,34374.3,12588.5,25507.3
913,32617,1,623,,623,1,69668.8,14757.2,29865.7
914,32714,1,371,,371,1,29801.3,17680.0,28426.0
915,32742,0,485,,485,1,36932.9,27710.5,24500.2
916,32752,1,910,,910,1,27902.9,15164.6,29761.6
917,32771,1,1203,,1203,1,27493.0,13661.1,28348.9
920,32838,1,501,,501,1,31232.3,13703.9,27124.5
923,32890,1,1058,,1058,1,27032.9,13098.7,30094.6
924,32892,1,476,,476,1,28135.8,13435.2,29360.6
925,32902,1,363,,363,1,67744.9,11250.2,28830.6
927,32958,1,933,,933,1,66607.4,17025.9,30078.4
928,32988,1,583,,583,1,66318.6,10964.8,26897.8
929,33002,1,505,,505,1,64694.3,14172.3,28406.7
930,33119,1,1531,,1531,1,31389.9,20079.2,29366.0
931,33130,1,603,,603,1,27687.4,14902.2,29531.7
933,33190,1,966,,966,1,30660.2,14832.5,31479.8
934,33229,1,934,,934,1,27306.2,16407.9,31456.2
936,33302,1,1380,,1380,1,37350.3,11295.8,24615.8
937,33340,1,756,,756,1,28397.2,14719.0,27936.1
939,33503,1,1133,,1133,1,31199.2,19659.4,24194.6
940,33536,1,393,,393,1,65108.4,13906.1,29916.5
942,33630,1,618,,618,1,66354.7,9580.1,28318.7
943,33633,1,608,,608,1,69257.1,12658.9,28064.6
944,33636,0,576,,576,1,64108.1,24667.9,29873.2
945,33657,0,632,,632,1,62656.2,29547.0,29308.1
946,33659,1,902,,902,1,28778.0,16002.4,27482.5
947,33672,1,912,,912,1,27994.6,13084.3,29636.9
948,33922,1,426,,426,1,69320.9,11691.7,28176.7
949,33957,1,451,,451,1,27214.3,17357.3,29388.3
951,33974,1,1086,,1086,1,69848.9,12892.1,27635.8
953,34042,1,272,,272,1,27642.5,15261.2,28533.8
954,34063,1,527,,527,1,28139.1,19072.2,28752.9
957,34136,1,1142,,1142,1,28203.4,16019.4,26666.3
958,34205,1,763,,763,1,66530.0,19134.7,29624.7
959,34256,1,728,,728,1,68591.9,13341.0,28573.5
961,34378,1,760,,760,1,31790.4,11276.4,29414.3
964,34430,1,571,,571,1,28196.2,15381.4,26539.0
965,34475,0,675,,675,1,64903.2,23462.7,30064.4
966,34495,1,711,,711,1,27507.9,17151.4,30534.2
967,34521,1,742,,742,1,67790.8,11100.4,27755.8
968,34526,1,537,,537,1,30065.8,13356.5,26346.5
969,34533,1,1284,,1284,1,26443.9,14315.3,29164.5
970,34535,1,380,,380,1,27825.3,19224.7,28119.4
971,34575,1,498,,498,1,67165.3,16060.0,24658.0
972,34592,1,458,,458,1,27257.8,14469.7,27356.1
973,34620,1,345,,345,1,65244.7,14051.5,30436.0
975,34635,1,772,,772,1,67175.9,12765.4,26013.6
977,34677,1,892,,892,1,30251.8,17578.9,31297.7
978,34698,1,456,,456,1,68800.1,11429.8,28326.3
979,34712,1,825,,825,1,29413.0,18119.1,31260.6
980,34717,1,922,,922,1,27228.8,13487.1,29001.3
981,34775,1,579,,579,1,27850.6,12472.3,27365.5
982,34866,1,703,,703,1,30096.7,19784.8,29792.3
983,34904,1,859,,859,1,37667.0,11601.1,24507.1
984,34907,1,874,,874,1,27999.2,13220.8,29670.4
985,34989,1,897,,897,1,33111.1,19679.6,29318.1
986,35083,1,608,,608,1,30742.9,20263.5,27754.0
987,35108,1,1057,,1057,1,31744.5,12994.4,30121.4
988,35109,1,730,,730,1,64402.1,15187.9,29824.7
989,35121,1,848,,848,1,28175.5,13949.3,28956.8
990,35144,1,902,,902,1,32759.3,19240.6,28136.0
991,35155,1,808,,808,1,27500.8,13376.0,30301.2
993,35187,1,794,,794,1,70259.3,12773.8,27262.8
995,35208,1,957,,957,1,28721.8,13452.8,28557.3
996,35265,1,565,,565,1,68558.2,15918.3,28052.1
999,35436,1,575,,575,1,30103.1,19839.1,29942.9
1000,35439,1,695,,695,1,30296.6,20260.7,30025.3
1001,35477,1,652,,652,1,67233.1,15200.9,29903.3
1002,35514,1,1770,,1770,1,26018.4,14160.8,29587.1
1004,35564,1,594,,594,1,29489.7,13795.0,27623.4
1005,35593,1,421,,421,1,27575.5,17670.1,29888.7
1006,35639,1,496,,496,1,29319.0,11409.7,29469.2
1007,35715,1,239,,239,1,28667.3,19356.2,27666.0
1008,35737,1,621,,621,1,69119.3,12342.8,28965.1
1009,35863,1,458,,458,1,66221.8,9521.7,28109.3
1010,35878,1,669,,669,1,30846.7,18543.0,29796.6
1011,35906,1,563,,563,1,32664.3,15465.9,29341.4
1012,35927,1,1256,,1256,1,26534.3,14788.7,29187.7
1013,36040,1,739,,739,1,67933.9,13294.4,26453.7
1014,36062,1,1051,,1051,1,27643.0,18023.9,29908.4
1016,36149,1,456,,456,1,69336.3,15778.4,29560.3
1017,36207,1,374,,374,1,70670.4,13379.8,28469.1
1018,36233,1,804,,804,1,28120.3,17165.4,26260.3
1020,36288,1,1332,,1332,1,31440.2,15949.9,26008.4
1021,36290,1,2154,,2154,1,65873.6,19180.8,28556.2
1022,36420,1,243,,243,1,28744.2,18604.3,27635.3
1024,36569,0,661,,661,1,60578.1,30938.8,27766.7
1025,36584,1,622,,622,1,28762.5,14233.6,31569.8
1026,36589,1,114,,114,1,27469.8,15389.9,31371.5
1027,36594,1,582,,582,1,29615.0,15406.7,26245.9
1028,36725,1,437,,437,1,28270.1,18975.9,28679.5
1030,36939,1,1042,,1042,1,28752.5,14986.0,27717.0
1031,36957,1,928,,928,1,28311.7,14870.0,27672.9
1032,37018,1,787,,787,1,33533.4,17497.6,29511.6
1033,37110,0,1024,,1024,1,37683.3,28378.0,24251.4
1034,37119,1,275,,275,1,26883.3,13768.7,29609.1
1035,37128,1,506,,506,1,41109.1,11634.0,24710.4
1036,37177,1,874,,874,1,68654.9,11469.3,28511.7
1038,37238,1,480,,480,1,65486.3,12491.7,25972.6
1039,37289,1,337,,337,1,64835.8,12649.9,30604.5
1040,37471,1,666,,666,1,30475.0,19782.9,30915.8
1041,37522,1,902,,902,1,66226.1,18396.2,23374.6
1042,37544,1,1017,,1017,1,29450.2,12444.6,29079.7
1043,37558,1,344,,344,1,68657.4,13623.0,29607.6
1045,37584,1,510,,510,1,68821.9,12774.1,28508.0
1046,37601,1,1410,,1410,1,57655.0,9953.5,23766.5
1047,37608,0,659,,659,1,31120.9,19953.3,30690.3
1048,37694,1,534,,534,1,64545.5,13672.8,26052.4
1049,37880,0,607,,607,1,32903.0,25459.9,31442.6
1051,37937,1,348,,348,1,65301.3,13765.7,30889.1
1052,37949,0,999,,999,1,34815.5,30048.2,29773.9
1053,37950,1,515,,515,1,68873.7,12837.1,28723.7
1055,38022,1,1067,,1067,1,70803.3,12623.9,28900.2
1056,38046,1,264,,264,1,68675.5,13951.8,27579.5
1057,38051,1,885,,885,1,29377.1,18053.1,31243.9
1058,38067,1,451,,451,1,30644.3,10373.4,28911.6
1059,38075,1,575,,575,1,65944.6,13132.9,30082.6
1060,38151,1,632,,632,1,32964.8,15140.2,29166.3
1062,38204,1,1432,,1432,1,70691.0,12341.4,28704.3
1063,38446,1,423,,423,1,27470.8,12283.0,30514.4
1065,38573,1,749,,749,1,27515.5,13694.5,30097.0
1066,38587,1,467,,467,1,28031.3,17771.9,29720.9
1067,38623,1,434,,434,1,69332.2,11961.4,27614.6
1068,38630,0,702,,702,1,31877.7,23553.5,30865.2
1070,38688,1,1063,,1063,1,68732.1,13929.3,29114.5
1071,38707,1,709,,709,1,31738.8,19647.3,27555.1
1073,38797,1,836,,836,1,67638.8,13956.5,25889.5
1075,38821,1,829,,829,1,29449.9,16211.3,30653.7
1076,38860,1,1093,,1093,1,25928.0,14552.8,28418.7
1078,38946,1,752,,752,1,28916.0,19073.2,29903.7
1079,38998,1,781,,781,1,29947.8,16441.6,30548.2
1080,39002,1,327,,327,1,26887.5,14107.8,30753.5
1081,39005,1,655,,655,1,69735.2,15314.6,26222.7
1082,39009,1,302,,302,1,69541.2,10989.6,30044.6
1083,39106,1,851,,851,1,29493.6,11029.6,29757.0
1084,39139,1,436,,436,1,62320.8,12547.6,30468.1
1085,39217,1,954,,954,1,29905.7,14958.5,28831.6
1086,39285,1,980,,980,1,28071.5,12203.4,29286.6
1087,39303,1,1032,,1032,1,29480.7,13009.6,26658.8
1088,39320,1,480,,480,1,28712.5,19916.6,25552.2
1089,39488,0,594,,594,1,32365.3,25631.6,31059.0
1090,39522,1,619,,619,1,27673.1,12937.7,28613.5
1091,39557,1,854,,854,1,28610.7,18686.3,29732.9
1092,39578,1,308,,308,1,67105.9,9192.3,28245.5
1093,39668,0,540,,540,1,65276.6,22689.4,30165.4
1094,39719,0,513,,513,1,41309.6,27288.8,19821.7
1095,39742,1,568,,568,1,29252.3,18311.7,30797.0
1096,39825,1,712,,712,1,67399.6,16993.7,30317.7
1097,39893,1,387,,387,1,27945.4,19016.7,28518.4
1099,39969,1,733,,733,1,67943.8,14654.5,26414.5
1100,40059,1,605,,605,1,27260.3,14401.6,28751.7
1101,40089,1,1047,,1047,1,31254.6,13822.2,30752.5
1102,40160,1,1073,,1073,1,28363.3,12745.0,29061.5
1104,40260,1,462,,462,1,27235.4,17744.7,29305.4
1105,40261,1,726,,726,1,30067.1,16845.8,30626.0
1106,40307,1,549,,549,1,30257.2,14472.7,26043.2
1107,40311,1,524,,524,1,27750.8,12244.9,30101.6
1108,40318,1,747,,747,1,30058.3,19794.6,29179.3
1109,40359,1,661,,661,1,29983.7,19743.1,31085.9
1110,40368,0,630,,630,1,33080.3,26039.6,31204.3
1111,40393,1,545,,545,1,28443.1,16194.8,27595.2
1112,40409,1,665,,665,1,29918.7,19440.0,29990.1
1113,40435,1,919,,919,1,30147.0,17710.8,31089.2
1114,40440,1,425,,425,1,29737.3,12674.9,30070.6
1115,40444,0,591,,591,1,32857.9,26955.0,30761.6
1116,40465,1,633,,633,1,26877.8,12445.8,30362.3
1117,40473,1,382,,382,1,31101.0,18735.5,31175.2
1118,40478,1,275,,275,1,69050.6,12235.0,29904.4
1119,40490,1,523,,523,1,69527.0,12266.0,28969.8
1120,40528,1,510,,510,1,27854.8,15031.5,29950.4
1123,40699,1,581,,581,1,27567.8,15463.6,27973.2
1124,40702,1,524,,524,1,65829.8,15418.0,32268.5
1127,40757,1,631,,631,1,69298.3,12536.4,25751.5
1128,40761,1,698,,698,1,28396.8,16124.2,30864.5
1129,40838,0,5008,,5008,1,55472.0,27643.3,16701.5
1130,40849,1,392,,392,1,30008.7,11515.4,29571.3
1131,40909,1,607,,607,1,28576.0,14082.0,28239.4
1132,41174,1,738,,738,1,27169.3,12909.7,29213.4
1133,41175,1,685,,685,1,29477.2,17980.9,31332.8
1134,41204,1,463,,463,1,67504.6,18456.7,27589.8
1136,41221,1,843,,843,1,63506.4,19776.1,28735.0
1138,41244,1,1100,,1100,1,66530.1,13503.9,27183.6
1139,41258,0,717,,717,1,37266.9,27745.1,24109.0
1140,41259,1,1025,,1025,1,65561.5,9593.7,27296.4
1141,41270,1,449,,449,1,54882.5,14580.8,18149.6
1143,41329,1,274,,274,1,68143.1,18640.6,26609.9
1144,41339,1,875,,875,1,29341.6,19560.4,29137.0
1146,41357,0,562,,562,1,33335.9,24442.7,28984.0
1147,41393,1,709,,709,1,26964.5,16195.0,31124.7
1148,41420,1,555,,555,1,67924.5,12513.9,28791.5
1149,41489,1,583,,583,1,32416.3,17028.2,31895.3
1151,41551,1,903,,903,1,26566.3,12686.0,29835.0
1152,41571,1,635,,635,1,26766.5,13082.7,29766.4
1153,41583,1,322,,322,1,69553.0,16543.6,27666.5
1154,41608,0,452,,452,1,64719.9,23984.4,30664.9
1155,41653,1,509,,509,1,65142.1,14927.1,32354.1
1156,41684,1,307,,307,1,70042.8,13844.0,28810.1
1157,41720,1,313,,313,1,27647.0,18063.5,29419.6
1158,41740,1,641,,641,1,28419.1,13543.6,29510.6
1159,41754,1,760,,760,1,69558.6,12002.4,27826.6
1160,41840,0,568,,568,1,59346.5,23519.1,23585.8
1161,41872,1,649,,649,1,67576.0,18562.0,28428.3
1162,41873,1,632,,632,1,28334.9,18830.3,29758.3
1163,41888,0,789,,789,1,34115.4,27331.9,30083.8
1164,41890,1,600,,600,1,29879.0,19418.3,30030.0
1165,42074,1,788,,788,1,27612.4,17108.8,30740.0
1167,42113,1,1510,,1510,1,30511.7,15528.5,25877.7
1169,42156,1,529,,529,1,69456.5,11493.7,30062.3
1170,42162,1,630,,630,1,66474.9,11248.8,29562.4
1171,42181,1,709,,709,1,30539.5,15253.1,31665.4
1173,42307,1,733,,733,1,30253.2,17142.1,31065.0
1174,42308,1,687,,687,1,63515.9,18567.5,28158.4
1175,42311,1,832,,832,1,25928.5,14981.7,28217.9
1176,42364,1,539,,539,1,62868.4,14553.9,27927.2
1177,42373,1,693,,693,1,26120.0,14695.7,30314.3
1178,42387,1,634,,634,1,30512.8,19236.2,29908.1
1180,42430,1,394,,394,1,28615.6,12350.9,29542.0
1181,42441,1,286,,286,1,68067.4,11886.3,28440.2
1182,42463,1,429,,429,1,27299.9,12362.3,29684.1
1183,42499,1,434,,434,1,29294.5,12521.2,29667.8
1184,42539,1,620,,620,1,27775.2,11840.0,30039.3
1185,42540,0,725,,725,1,37275.3,28249.8,24824.3
1186,42581,1,604,,604,1,32627.6,15323.0,32893.3
1187,42583,1,623,,623,1,66710.2,18762.9,30043.4
1188,42604,1,586,,586,1,28216.5,13710.8,29183.5
1189,42608,1,881,,881,1,26469.2,14791.5,29086.5
1190,42648,1,726,,726,1,67857.0,12858.6,27055.1
1191,42659,1,537,,537,1,30071.6,12978.0,29771.7
1192,42746,1,323,,323,1,66535.7,8982.4,27403.8
1193,42747,1,487,,487,1,29826.5,10690.4,28636.2
1194,42858,1,590,,590,1,30560.2,18871.4,29424.2
1195,42919,1,836,,836,1,30176.1,19504.3,29767.8
1197,42946,1,892,,892,1,28893.8,12276.4,28534.7
1198,42965,0,761,,761,1,33682.2,25457.6,29115.9
1199,42981,1,491,,491,1,27938.1,16380.6,28363.3
1200,43065,1,291,,291,1,29336.2,13870.5,31386.8
1201,43140,1,385,,385,1,27151.3,12411.5,31146.3
1203,43186,1,574,,574,1,28328.6,12559.3,30045.8
1204,43250,1,173,,173,1,68681.5,12493.6,29384.9
1205,43295,1,497,,497,1,27426.5,17370.9,30266.9
1206,43312,1,390,,390,1,30973.9,13601.0,31425.7
1207,43315,1,520,,520,1,66624.9,12399.1,26445.5
1208,43383,1,457,,457,1,70961.1,12485.8,29102.4
1210,43544,1,375,,375,1,28570.2,12998.8,29613.9
1211,43635,1,840,,840,1,29013.8,19117.4,29660.8
1213,43701,1,394,,394,1,67040.9,14646.6,27533.3
1214,43717,1,458,,458,1,69038.4,12382.0,29008.6
1215,43744,1,602,,602,1,66085.1,12958.2,24661.5
1216,43749,1,449,,449,1,29177.8,12058.9,29605.0
1217,43776,1,308,,308,1,68077.2,11593.9,28534.6
1218,43799,1,491,,491,1,27272.9,15593.3,31011.6
1219,43833,1,595,,595,1,28171.5,13809.7,29365.4
1220,43837,1,592,,592,1,67862.8,18371.1,28573.4
1221,43847,1,504,,504,1,30354.9,17894.8,30833.2
1222,43882,1,469,,469,1,64691.3,14784.5,30386.4
1223,43894,1,956,,956,1,65194.2,11951.4,29905.8
1224,43976,1,412,,412,1,67858.1,10877.9,28089.0
1225,43988,1,567,,567,1,31538.9,16069.1,32996.0
1226,44000,1,708,,708,1,26295.2,14283.9,29871.5
1227,44092,1,569,,569,1,27156.7,12553.9,30728.8
1230,44236,1,1128,,1128,1,68694.6,17140.4,28397.4
1232,44349,1,504,,504,1,27373.6,12520.9,29092.6
1233,44466,1,331,,331,1,67442.0,10062.0,28105.9
1234,44477,1,465,,465,1,29525.3,13326.0,30066.6
1235,44484,0,418,,418,1,37113.6,25521.4,23799.5
1236,44490,1,761,,761,1,62603.4,18434.0,28249.2
1237,44568,1,459,,459,1,68323.1,12167.5,28493.8
1238,44706,1,601,,601,1,28752.6,16490.1,26727.4
1239,44745,1,669,,669,1,29722.5,15149.5,31655.5
1240,44781,1,1170,,1170,1,65952.2,18069.9,29779.5
1241,44893,1,453,,453,1,66823.6,17227.3,28267.0
1242,44926,1,622,,622,1,26521.4,13277.5,30349.1
1243,44957,1,527,,527,1,28987.2,14979.4,31605.0
1244,44959,1,486,,486,1,29736.4,11473.2,29316.7
1245,44975,1,478,,478,1,66786.3,10492.9,28894.7
1248,45017,1,583,,583,1,66719.0,18545.7,28916.1
1249,45045,1,570,,570,1,69403.9,11948.5,28089.7
1250,45142,1,380,,380,1,29208.0,12520.8,30721.4
1252,45187,1,520,,520,1,27201.0,15772.3,28399.9
1253,45400,1,282,,282,1,69618.2,16511.5,27109.5
1254,45404,0,646,,646,1,36487.8,33355.5,30404.1
1255,45430,0,611,,611,1,41504.1,26374.6,18630.7
1257,45595,1,324,,324,1,68925.8,13774.3,28924.6
1258,45596,1,466,,466,1,27965.4,13354.2,29991.5
1259,45641,1,526,,526,1,26957.6,16953.7,27611.0
1260,45661,1,573,,573,1,27893.8,16147.9,30063.0
1261,45668,1,542,,542,1,63680.3,14830.2,27987.1
1262,45689,1,487,,487,1,33413.0,14555.4,32683.5
1263,45708,1,510,,510,1,28021.3,15314.1,31843.7
1264,45795,1,851,,851,1,30975.6,16164.8,25732.6
1265,45809,1,421,,421,1,70031.5,13333.1,27956.0
1266,45827,1,161,,161,1,26726.9,17143.5,28049.6
1267,45840,1,422,,422,1,68192.2,12705.0,29809.2
1268,45869,1,646,,646,1,27309.0,14178.5,29985.8
1269,45872,1,1034,,1034,1,65338.7,16892.6,27312.3
1270,45905,0,390,,390,1,36842.4,24940.9,24025.7
1271,45920,1,483,,483,1,27398.1,12249.7,29701.5
1272,45927,1,691,,691,1,28373.5,18367.4,28590.6
1273,45958,1,499,,499,1,29712.6,13016.0,29536.9
1275,46199,0,425,,425,1,36634.7,25274.8,24017.4
1277,46299,1,319,,319,1,27472.0,14151.7,29020.3
1279,46309,1,500,,500,1,64499.1,18407.6,27227.7
1280,46332,1,977,,977,1,30046.5,15134.0,31503.3
1281,46356,1,336,,336,1,30762.3,15080.7,31139.1
1282,46446,1,245,,245,1,31387.6,14548.2,31013.2
1284,46528,1,430,,430,1,66038.8,10397.0,26623.0
1285,46565,1,627,,627,1,29785.1,11418.5,28698.0
1286,46678,1,434,,434,1,66753.1,18761.8,28936.8
1287,46711,1,763,,763,1,33134.8,20038.3,30316.3
1288,46762,1,445,,445,1,68782.9,13616.1,26935.5
1290,46894,1,812,,812,1,66119.0,18978.9,30244.6
1291,46907,1,377,,377,1,27301.8,16066.4,31041.3
1292,46929,0,555,,555,1,60647.0,25398.3,23967.9
1293,46954,1,743,,743,1,25638.7,13985.0,30274.8
1294,47002,1,635,,635,1,27041.9,14250.0,30681.0
1295,47006,1,492,,492,1,67425.1,17473.4,29679.1
1296,47019,1,2789,,2789,1,67467.1,17855.8,28542.5
1297,47028,1,340,,340,1,67406.0,11434.0,28653.2
1298,47063,1,881,,881,1,32954.4,15787.0,25554.1
1299,47085,1,249,,249,1,27249.8,12611.3,31195.2
1300,47089,1,427,,427,1,64619.7,15323.1,31812.7
1301,47161,1,539,,539,1,69098.7,12330.7,28938.1
1302,47214,1,615,,615,1,57101.9,12050.3,24710.9
1304,47515,1,717,,717,1,25731.6,15915.9,28776.2
1305,47530,1,430,,430,1,28461.5,11309.9,29751.9
1306,47566,1,219,,219,1,30333.3,10706.4,28696.0
1307,47587,1,561,,561,1,30067.9,11861.8,27968.2
1308,47595,1,699,,699,1,66556.8,15204.2,29655.4
1309,47631,1,557,,557,1,27333.0,14986.5,31454.7
1310,47633,1,498,,498,1,69151.7,13391.0,28446.6
1312,47746,1,746,,746,1,29794.7,11337.3,30089.1
1313,47748,1,572,,572,1,27492.7,12544.5,31062.7
1315,47904,1,337,,337,1,30394.7,11692.8,29005.7
1316,47909,1,879,,879,1,26971.2,13653.4,29002.8
1317,47919,1,517,,517,1,27556.0,12071.2,29136.4
1318,47932,1,729,,729,1,27336.5,16897.3,30849.1
1319,48110,1,493,,493,1,32918.0,14105.1,31020.5
1320,48131,1,642,,642,1,30240.5,14691.3,31237.8
1321,48149,1,434,,434,1,28882.3,15244.3,28048.5
1323,48178,1,1278,,1278,1,25824.4,14467.7,29893.5
1324,48195,1,902,,902,1,58550.4,10795.7,24352.1
1325,48210,1,486,,486,1,32945.0,13551.7,31848.2
1326,48231,1,444,,444,1,28793.3,15066.1,31451.8
1327,48274,1,485,,485,1,69003.7,15450.6,29688.6
1328,48287,1,506,,506,1,27787.2,13172.7,28925.7
1330,48496,1,456,,456,1,69184.2,11270.6,29890.0
1331,48521,1,494,,494,1,27707.9,14005.2,29509.4
1333,48568,1,542,,542,1,28004.7,14383.0,31295.2
1334,48649,0,870,,870,1,62863.9,28322.6,29245.2
1335,48659,1,350,,350,1,28942.5,11083.3,29582.9
1336,48709,1,401,,401,1,69000.5,10587.4,28141.5
1337,48723,1,569,,569,1,26397.8,14465.5,30470.6
1338,48774,1,325,,325,1,68630.6,12309.2,28021.0
1339,48782,1,502,,502,1,27122.1,17001.7,27676.9
1341,48854,1,526,,526,1,68318.6,13717.0,26768.3
1342,48870,1,633,,633,1,56682.7,11827.5,24562.9
1343,48879,0,388,,388,1,36253.9,27516.7,25866.9
1344,48888,1,224,,224,1,27353.1,14300.1,29169.9
1345,48976,1,622,,622,1,26665.2,14576.8,29252.9
1346,48977,1,817,,817,1,31645.1,11899.6,31245.1
1347,49011,1,266,,266,1,29788.6,11197.1,28723.9
1348,49049,1,412,,412,1,64717.1,17126.4,29633.4
1349,49102,1,819,,819,1,28205.0,12824.7,29413.5
1350,49174,1,505,,505,1,69261.0,11975.1,28905.5
1351,49205,1,742,,742,1,27762.4,12375.4,30450.0
1352,49247,1,276,,276,1,68412.8,12387.8,27851.7
1353,49255,1,561,,561,1,65401.4,15423.8,30818.5
1354,49264,1,718,,718,1,66583.3,18219.1,28945.7
1355,49307,1,489,,489,1,69854.2,11590.0,28986.9
1358,49463,1,466,,466,1,66921.4,10204.9,28886.2
1359,49479,1,534,,534,1,25893.9,16122.3,28782.6
1360,49532,1,373,,373,1,27374.2,14311.5,28887.0
1361,49536,1,513,,513,1,63960.2,9146.1,28305.7
1362,49554,1,429,,429,1,27156.9,12143.8,29080.3
1363,49558,1,638,,638,1,28170.6,13751.0,30141.2
1364,49591,1,1081,,1081,1,31550.9,13342.5,30553.6
1365,49692,1,472,,472,1,28999.7,12112.9,28482.5
1366,49696,1,606,,606,1,66102.2,12009.0,30588.2
1367,49736,1,542,,542,1,27437.5,12688.2,30918.9
1368,49777,1,535,,535,1,70874.9,14464.7,27242.4
1371,49937,1,225,,225,1,27409.3,17254.3,28507.0
1372,49945,1,514,,514,1,29782.0,15970.2,31162.2
1373,49953,1,582,,582,1,71089.9,13616.1,27293.2
1374,49983,1,552,,552,1,28547.0,15801.6,26775.7
1375,50036,1,430,,430,1,28478.5,12265.8,29648.3
1376,50042,1,448,,448,1,68887.2,15073.2,27611.7
1377,50141,1,482,,482,1,66166.4,12663.9,30688.7
1378,50176,1,675,,675,1,28258.3,13744.5,30603.7
1380,50252,1,211,,211,1,28746.8,13235.1,28369.4
1381,50314,1,311,,311,1,26592.1,15036.1,26908.1
1382,50338,0,487,,487,1,36696.1,31790.5,28855.4
1383,50417,0,705,,705,1,34183.7,27592.4,28894.0
1384,50485,1,586,,586,1,27548.7,16972.9,30806.1
1385,50497,1,605,,605,1,27273.1,14323.0,30603.2
1386,50538,1,445,,445,1,28284.4,13242.5,29880.4
1387,50541,1,628,,628,1,30162.5,11708.7,27414.5
1388,50560,1,1023,,1023,1,65796.6,17398.4,29852.2
1389,50576,1,436,,436,1,26319.4,15609.1,26887.8
1390,50640,1,471,,471,1,61647.8,13770.6,26982.3
1391,50677,1,376,,376,1,69033.5,14600.2,27039.1
1392,50718,1,594,,594,1,28341.1,10959.9,28796.1
1393,50731,1,294,,294,1,66263.8,9725.5,28000.3
1395,50804,1,453,,453,1,26855.5,13508.6,29933.0
1396,50907,1,492,,492,1,69131.5,13399.7,28200.2
1397,50932,1,235,,235,1,70422.9,13655.2,26796.2
1399,50996,0,1091,,1091,1,34223.4,26398.8,29096.6
1400,51124,1,564,,564,1,27122.0,14776.2,29349.7
1401,51138,1,542,,542,1,29938.0,18277.2,30405.2
1402,51163,1,636,,636,1,28662.7,12210.8,29959.4
1403,51209,0,385,,385,1,34831.6,27510.3,28428.4
1404,51368,1,639,,639,1,32093.2,16239.9,32381.1
1405,51477,1,1180,,1180,1,27080.1,13614.5,28121.3
1407,51489,1,498,,498,1,27094.6,17200.8,27536.1
1408,51514,0,543,,543,1,32906.9,25728.3,30630.0
1409,51533,1,527,,527,1,25809.6,13955.8,30171.1
1410,51567,1,419,,419,1,29110.1,12279.1,29401.9
1411,51613,1,425,,425,1,68322.9,10592.4,28959.1
1413,51735,1,642,,642,1,27341.0,15188.2,29102.5
1414,51878,1,1049,,1049,1,69348.0,12373.8,27235.0
1415,51982,1,754,,754,1,27770.7,12556.6,28714.9
1416,52014,1,393,,393,1,30120.5,11730.8,27007.0
1419,52196,1,404,,404,1,26925.1,14496.9,29848.1
1421,52235,1,476,,476,1,27351.6,16048.9,31064.6
1422,52326,1,387,,387,1,28435.6,11258.8,29356.9
1423,52403,1,399,,399,1,25927.9,16026.5,28056.7
1424,52415,1,438,,438,1,68120.4,16092.8,29829.1
1425,52446,1,557,,557,1,27280.0,13590.5,29123.4
1426,52465,1,823,,823,1,27969.2,12988.3,29921.1
1430,52556,1,413,,413,1,66381.8,16027.5,27500.1
1431,52615,1,461,,461,1,69263.1,15240.3,26504.3
1434,52641,1,3022,,3022,1,67033.3,13249.8,29610.7
1435,52645,1,341,,341,1,68876.7,11899.8,28073.1
1436,52702,1,514,,514,1,26995.5,17166.4,27483.9
1437,52724,1,364,,364,1,31539.7,14955.0,30200.2
1438,52771,1,394,,394,1,68783.8,13270.9,29310.6
1439,52780,1,724,,724,1,25811.2,14492.1,30401.4
1440,52825,1,695,,695,1,30108.2,12194.4,30276.1
1441,52893,1,382,,382,1,65902.5,15070.8,26956.4
1442,52965,1,332,,332,1,29551.7,12471.2,29744.8
1443,52995,1,484,,484,1,64658.2,14938.4,31675.5
1444,53139,1,475,,475,1,29185.2,12998.8,29414.6
1445,53169,1,200,,200,1,68245.2,12338.6,27430.1
1446,53253,1,359,,359,1,67138.4,11802.7,28647.7
1447,53256,1,444,,444,1,27021.8,14254.0,29978.5
1448,53283,1,445,,445,1,28462.0,12611.4,28167.3
1449,53320,1,938,,938,1,68659.3,11645.4,28425.3
1451,53360,1,625,,625,1,28455.3,11889.7,28728.5
1452,53362,1,202,,202,1,27029.4,17016.0,30200.4
1453,53368,1,1500,,1500,1,36015.5,9817.9,28074.6
1454,53416,1,511,,511,1,27182.2,16514.4,30887.1
1456,53447,1,403,,403,1,29081.3,15807.1,26196.2
1457,53507,1,339,,339,1,69700.8,11160.4,30354.9
1458,53812,1,469,,469,1,30321.5,19102.2,27244.0
1459,53849,1,946,,946,1,31614.3,17995.4,31383.1
1460,54057,1,690,,690,1,32143.0,15327.1,32056.9
1461,54113,1,861,,861,1,28286.6,12102.6,28870.5
1462,54258,1,714,,714,1,27141.1,16844.9,26904.2
1464,54309,1,356,,356,1,63767.3,14053.4,32395.2
1465,54392,1,376,,376,1,68115.9,11627.3,29002.8
1466,54545,1,718,,718,1,69043.1,14895.6,25359.0
1467,54548,1,256,,256,1,30664.5,16630.9,30099.3
1469,54621,1,646,,646,1,31850.7,14536.2,32112.7
1470,54685,1,738,,738,1,27158.9,16966.2,27492.1
1471,54723,1,389,,389,1,26684.2,16912.8,27483.1
1472,54787,1,243,,243,1,27092.1,15215.2,30834.6
1474,54952,1,272,,272,1,27170.6,15730.3,30916.9
1475,55056,1,551,,551,1,30507.3,11937.4,29898.2
1476,55061,1,372,,372,1,29856.7,16100.4,31762.0
1477,55086,1,338,,338,1,29467.6,12376.8,29530.9
1478,55175,1,1283,,1283,1,32086.8,16108.4,25730.2
1479,55296,1,373,,373,1,68449.1,11533.3,27830.0
1480,55306,1,783,,783,1,27451.4,13936.6,29893.7
1481,55354,1,702,,702,1,31110.4,16229.9,32803.4
1482,55362,1,297,,297,1,26610.2,15177.3,27071.0
1483,55393,1,399,,399,1,27146.1,12010.7,29615.0
1484,55410,0,436,,436,1,60716.3,27304.7,25255.8
1485,55566,1,360,,360,1,70559.0,12069.7,29079.2
1486,55646,1,814,,814,1,29962.5,11132.1,29763.8
1487,55672,1,558,,558,1,27793.4,13531.9,28141.7
1489,55869,1,625,,625,1,26154.1,14039.8,29826.4
1490,55927,1,663,,663,1,28544.3,12289.6,28871.1
1491,55931,1,279,,279,1,28455.1,15671.3,27865.3
1492,55990,1,564,,564,1,27633.2,14445.5,30972.7
1494,56070,1,531,,531,1,27886.5,14965.1,29740.4
1496,56232,1,780,,780,1,31349.9,13320.5,28045.8
1497,56305,1,511,,511,1,66406.2,13354.8,25431.0
1498,56351,1,364,,364,1,69507.8,15174.3,26433.8
1501,56411,1,464,,464,1,26012.0,15986.2,27315.6
1502,56437,1,469,,469,1,68699.7,14948.6,29125.2
1503,56470,1,458,,458,1,68291.6,10549.3,28903.1
1504,56474,1,542,,542,1,68130.6,12146.8,27045.3
1505,56496,1,273,,273,1,26429.0,17213.7,28944.2
1507,56522,1,535,,535,1,27373.4,12481.2,30985.3
1508,56531,1,553,,553,1,37102.0,11344.4,29971.6
1509,56609,1,511,,511,1,66907.4,14196.7,30281.0
1510,56727,1,8119,,8119,1,75409.8,30156.5,39269.4
1511,56802,1,330,,330,1,70491.3,13234.0,29115.7
1512,56825,1,378,,378,1,27134.2,15226.9,30207.6
1514,56900,1,764,,764,1,29690.1,14485.6,31265.1
1515,56966,1,508,,508,1,25364.4,14464.5,28827.6
1516,57076,0,457,,457,1,61023.0,28045.6,27211.2
1517,57110,1,452,,452,1,66941.5,10625.5,28922.1
1518,57331,1,904,,904,1,29351.6,14621.6,31203.5
1519,57342,0,496,,496,1,59652.1,23043.8,23103.8
1520,57394,0,559,,559,1,39303.7,20167.0,19142.2
1522,57493,1,641,,641,1,28057.6,13994.6,29435.3
1523,57502,1,317,,317,1,69693.1,14477.4,28241.2
1524,57528,1,467,,467,1,27420.7,15863.4,30152.2
1525,57645,1,367,,367,1,29709.7,12483.3,29346.1
1526,57675,1,508,,508,1,65362.8,13967.6,31408.7
1528,57707,1,314,,314,1,67486.2,10775.8,28404.5
1530,57792,0,516,,516,1,34054.9,27105.7,31032.8
1531,57864,1,272,,272,1,26499.5,14500.6,26959.0
1532,57916,1,650,,650,1,28677.6,12748.9,29450.8
1533,57923,1,631,,631,1,69165.4,16716.1,28748.3
1534,57936,1,319,,319,1,27017.0,14299.4,26570.1
1535,57956,1,980,,980,1,65847.7,21857.1,23478.0
1536,57957,1,230,,230,1,29551.6,11287.1,28510.2
1537,57993,1,378,,378,1,69367.0,12093.7,26487.9
1539,58027,1,498,,498,1,28800.3,15513.9,31955.8
1540,58040,1,361,,361,1,26154.2,15093.2,26805.3
1541,58053,1,1113,,1113,1,28281.1,13217.6,29306.5
1542,58102,1,505,,505,1,69328.8,11329.9,29273.7
1543,58159,1,503,,503,1,26826.3,17008.2,27519.1
1544,58161,1,331,,331,1,64990.6,14837.5,30164.9
1546,58166,1,596,,596,1,27167.9,13626.3,28984.0
1548,58290,1,831,,831,1,27968.0,13523.2,29321.8
1549,58291,1,237,,237,1,68933.8,13167.1,27056.5
1550,58366,1,389,,389,1,40645.3,14760.2,22122.9
1551,58433,1,504,,504,1,27494.3,15340.9,30191.7
1552,58435,1,383,,383,1,31582.2,16602.6,28862.9
1554,58568,1,258,,258,1,26957.8,15161.5,30110.4
1555,58600,1,537,,537,1,27910.8,11188.0,29229.4
1556,58603,1,562,,562,1,29821.5,14291.0,27208.8
1558,58623,1,663,,663,1,68960.6,11459.6,28446.5
1559,58637,1,897,,897,1,28141.6,12412.2,29790.9
1560,58708,0,398,,398,1,65174.8,23206.8,30414.3
1561,58713,1,149,,149,1,66510.8,9071.2,27902.3
1562,58796,0,424,,424,1,63429.6,24290.1,27823.7
1563,58810,1,516,,516,1,26259.4,15326.0,29197.0
1564,58836,1,651,,651,1,31222.9,15096.0,31845.3
1565,58838,1,515,,515,1,26079.0,16013.5,27705.8
1566,58849,1,487,,487,1,34593.9,14859.5,27585.9
1567,58939,1,473,,473,1,69588.3,11204.3,30272.8
1568,58948,1,241,,241,1,69714.0,13163.1,25591.0
1569,58960,1,451,,451,1,30171.3,13685.0,29174.1
1570,58971,1,460,,460,1,28908.0,12781.3,29686.7
1571,58975,1,227,,227,1,27078.9,15239.5,30466.7
1572,59037,1,203,,203,1,29609.9,13472.4,30014.4
1573,59111,1,672,,672,1,66008.5,16055.9,30504.1
1574,59130,1,489,,489,1,31825.9,16393.1,32681.1
1575,59235,0,450,,450,1,65218.4,23207.3,30362.0
1576,59257,1,635,,635,1,25845.6,14198.4,30413.3
1577,59266,1,377,,377,1,28391.8,12602.2,27843.6
1578,59317,1,416,,416,1,68503.4,13327.8,27213.1
1579,59339,1,106,,106,1,69148.9,14065.8,30552.4
1580,59422,1,449,,449,1,28418.2,14829.6,29625.6
1581,59502,1,325,,325,1,30174.6,14755.5,29773.8
1583,59560,1,558,,558,1,69166.0,16146.0,28179.0
1584,59601,1,376,,376,1,31086.8,14834.9,30147.4
1585,59658,0,452,,452,1,39021.4,26570.2,18801.5
1586,59771,1,522,,522,1,70417.8,14907.7,27354.7
1587,59772,1,337,,337,1,29271.3,11461.6,28933.0
1588,59796,0,605,,605,1,39389.6,26462.6,18989.8
1589,59836,1,330,,330,1,69165.9,17208.8,27145.7
1590,59843,1,137,,137,1,30099.7,15180.3,28915.3
1591,59919,1,438,,438,1,27770.8,15346.7,30746.1
1592,59938,1,488,,488,1,27718.3,13556.1,30288.6
1593,59961,1,387,,387,1,26452.7,15408.1,29240.6
1595,60049,1,309,,309,1,66539.2,16124.7,29203.9
1596,60105,1,494,,494,1,68284.9,11671.9,28399.1
1597,60109,1,580,,580,1,68136.1,10647.3,27824.0
1598,60253,1,539,,539,1,29172.3,18791.8,30512.3
1599,60258,1,352,,352,1,27625.2,12456.9,28263.2
1600,60292,1,504,,504,1,29173.4,15387.5,31766.8
1601,60346,1,389,,389,1,70775.5,12569.3,27545.9
1602,60429,1,281,,281,1,67337.7,10093.9,28721.4
1604,60532,1,605,,605,1,66963.7,16683.6,30311.9
1606,60547,1,253,,253,1,28950.7,10541.3,28426.7
1608,60784,1,299,,299,1,65194.4,14303.4,29568.5
1609,60845,1,469,,469,1,27853.0,12843.5,29188.7
1610,60910,1,596,,596,1,28850.0,12401.9,29592.6
1611,61139,1,347,,347,1,69189.4,11209.5,28592.0
1612,61152,1,313,,313,1,66055.6,17568.1,29766.1
1613,61233,1,664,,664,1,28453.1,12607.4,27200.6
1614,61272,1,504,,504,1,27231.4,15244.9,28305.9
1615,61294,1,376,,376,1,30275.4,18777.9,30684.9
1616,61322,0,435,,435,1,62251.4,25888.8,27493.1
1617,61341,0,743,,743,1,63135.1,25601.9,28693.2
1618,61531,1,695,,695,1,32741.0,13346.7,28373.3
1619,61536,0,584,,584,1,60077.5,26494.8,23416.9
1620,61540,1,412,,412,1,69505.5,16614.1,28244.9
1621,61577,1,228,,228,1,69248.2,12680.3,27725.0
1622,61588,1,316,,316,1,69982.8,12994.4,25281.0
1623,61648,1,522,,522,1,38917.7,11180.5,30023.1
1624,61790,1,854,,854,1,62115.5,13758.7,24946.3
1625,61894,1,602,,602,1,28721.0,13004.8,29534.6
1626,61908,1,702,,702,1,28455.8,16020.9,30501.4
1627,61929,1,457,,457,1,26879.3,12276.3,30689.6
1629,61982,1,336,,336,1,26834.9,17202.5,27495.6
1630,62054,1,361,,361,1,26167.5,15565.1,27447.1
1632,62177,1,537,,537,1,66783.9,19119.6,29173.3
1633,62281,1,585,,585,1,67969.7,17166.1,29191.0
1635,62367,1,585,,585,1,70321.2,12815.2,28631.4
1636,62476,1,516,,516,1,27797.8,13725.8,29693.3
1637,62526,1,159,,159,1,67618.3,12039.6,27577.9
1640,62740,1,147,,147,1,28439.9,14343.7,30667.7
1641,62751,1,475,,475,1,36368.0,15585.9,31392.3
1642,62763,1,401,,401,1,68147.7,10869.4,28540.0
1643,62771,1,608,,608,1,26996.9,16795.7,30595.8
1644,62794,1,635,,635,1,30774.6,13704.3,27055.8
1646,62841,0,487,,487,1,60587.9,27954.3,25954.5
1648,62879,1,282,,282,1,70390.2,12712.6,25347.6
1649,62909,1,485,,485,1,67854.7,10609.6,28108.9
1651,63078,1,516,,516,1,28433.3,13323.0,29238.0
1652,63266,1,427,,427,1,62584.0,15036.3,28641.0
1654,63411,1,465,,465,1,67982.0,17516.7,28181.7
1655,63424,1,548,,548,1,64132.6,10199.0,30644.9
1656,63681,1,362,,362,1,63522.1,11567.5,25388.7
1657,63722,1,539,,539,1,27707.1,14233.8,29765.6
1658,63798,1,1614,,1614,1,64240.8,14387.7,30595.8
1659,63861,1,310,,310,1,66614.0,17975.4,29871.4
1661,63954,1,520,,520,1,27856.8,14387.4,28658.8
1662,63981,1,369,,369,1,26928.9,16159.5,30243.3
1663,64003,1,267,,267,1,69112.1,14432.2,29772.1
1664,64107,1,656,,656,1,56811.3,13236.4,20324.3
1665,64117,1,179,,179,1,69294.9,13677.0,29064.9
1666,64153,1,340,,340,1,29437.3,17473.9,30597.3
1667,64230,1,226,,226,1,27026.8,16761.6,30395.3
1668,64329,1,324,,324,1,27407.1,13832.8,26265.5
1669,64400,1,592,,592,1,29548.2,15991.5,31772.2
1670,64407,1,527,,527,1,28704.8,11800.3,28754.3
1671,64489,1,632,,632,1,32573.1,13597.1,28654.4
1672,64506,1,396,,396,1,28621.1,11168.4,28454.9
1673,64512,1,562,,562,1,64627.1,15922.7,31173.1
1675,64683,1,522,,522,1,30348.4,18870.1,29638.1
1676,64795,1,424,,424,1,67637.6,14675.0,30677.7
1677,64835,1,205,,205,1,34889.8,14541.2,29915.3
1678,64891,1,324,,324,1,70488.2,13981.8,25506.1
1679,64908,1,907,,907,1,25893.7,14848.7,28218.1
1680,65103,1,860,,860,1,67834.4,18343.9,28145.1
1682,65316,1,494,,494,1,27191.5,12700.2,30271.7
1683,65365,1,437,,437,1,27491.7,14132.4,29773.4
1684,65381,1,259,,259,1,32288.8,14871.7,31563.3
1686,65604,1,411,,411,1,30271.1,18999.8,30906.6
1687,65769,1,338,,338,1,68927.3,12282.2,28173.1
1688,65860,1,392,,392,1,67562.1,13667.4,25975.3
1689,65932,1,634,,634,1,67686.8,17891.0,28596.2
1690,66076,1,241,,241,1,26045.8,15871.1,29517.6
1692,66146,1,500,,500,1,28509.9,11709.8,29031.3
1693,66206,1,563,,563,1,27118.1,15044.6,29089.9
1695,66249,1,510,,510,1,30319.0,17065.9,30854.4
1697,66371,0,370,,370,1,57485.1,18280.8,20149.4
1698,66383,1,534,,534,1,28927.9,13463.2,27606.5
1699,66543,1,349,,349,1,26868.5,13783.5,29676.0
1700,66590,1,438,,438,1,27527.0,12496.5,29824.6
1701,66670,0,551,,551,1,60530.6,28350.7,26732.5
1702,66676,1,614,,614,1,67097.2,17983.5,28199.2
1703,66740,1,538,,538,1,67391.1,17465.1,29899.9
1704,66877,1,401,,401,1,66015.6,13401.8,28713.0
1705,66882,1,783,,783,1,27949.8,13307.6,29148.4
1706,66883,1,399,,399,1,61424.5,13952.1,27677.2
1707,66946,1,430,,430,1,68838.9,11589.5,28402.3
1708,66969,1,664,,664,1,29527.4,12841.3,28014.2
1712,67214,1,359,,359,1,63208.8,11801.6,31020.3
1713,67490,1,231,,231,1,27658.1,13074.8,29660.5
1714,67497,1,261,,261,1,66716.3,12900.5,28949.5
1716,67799,1,339,,339,1,29505.0,13858.7,29188.8
1717,67822,1,610,,610,1,55909.1,13934.8,20249.0
1720,68031,1,618,,618,1,27856.3,18206.2,30526.6
1722,68165,1,529,,529,1,30921.9,16797.3,28850.5
1725,68319,1,209,,209,1,26717.3,15425.4,30171.4
1726,68352,1,380,,380,1,29259.6,12113.2,28078.8
1727,68372,1,381,,381,1,67822.4,11534.7,27723.3
1728,68606,0,446,,446,1,57856.3,17782.0,19571.4
1729,68686,1,509,,509,1,27399.6,14396.7,30837.8
1730,68692,1,691,,691,1,26976.8,16963.6,30887.6
1732,68736,1,572,,572,1,70465.7,11775.5,28833.3
1733,68806,1,222,,222,1,32074.1,14676.9,31607.5
1734,68820,1,435,,435,1,28620.0,10788.4,29142.0
1736,68856,1,226,,226,1,28612.7,15580.5,30296.6
1737,68869,0,353,,353,1,37413.5,18339.1,21326.2
1738,68950,1,589,,589,1,28212.8,13728.4,29859.0
1739,68973,1,393,,393,1,37622.5,13642.4,25049.8
1740,68996,1,332,,332,1,33763.1,14368.3,31649.3
1741,68997,1,754,,754,1,30506.1,17222.2,31447.8
1743,69020,1,342,,342,1,27879.2,12780.8,28901.4
1744,69058,1,439,,439,1,68648.4,10650.3,28333.6
1746,69089,1,516,,516,1,28071.4,17875.0,30953.5
1747,69140,1,244,,244,1,28180.2,13988.4,29631.6
1748,69369,1,243,,243,1,66062.9,13589.3,29114.8
1750,69520,1,646,,646,1,65944.9,9604.3,28833.3
1751,69527,1,195,,195,1,27252.6,12272.1,30102.4
1752,69595,1,845,,845,1,67119.1,16771.3,30183.8
1754,69639,1,235,,235,1,69829.4,14078.3,28639.5
1755,69646,0,454,,454,1,57579.6,24537.1,18652.4
1756,69766,1,489,,489,1,66486.5,10091.7,28945.0
1757,69806,1,345,,345,1,65141.5,15766.1,32050.8
1758,69837,1,740,,740,1,65970.9,15401.9,30128.6
1760,69862,0,509,,509,1,35985.8,25689.6,24911.4
1761,69942,1,434,,434,1,63662.4,12966.9,31387.1
1763,70264,0,174,,174,1,35935.3,31978.3,29895.6
1764,70401,1,146,,146,1,26973.0,14932.6,30535.5
1765,70487,1,643,,643,1,28893.9,12790.7,29078.5
1767,70784,1,373,,373,1,26600.3,14121.7,27258.6
1768,70788,1,1119,,1119,1,65871.5,15779.4,29561.2
1770,71051,1,622,,622,1,27535.8,13009.9,28895.4
1771,71106,1,430,,430,1,67223.8,10744.9,28254.4
1772,71167,1,327,,327,1,37525.1,15272.3,30628.2
1773,71270,1,348,,348,1,59319.5,14892.7,30748.7
1775,71299,1,308,,308,1,26135.8,15645.2,28478.3
1779,71525,1,1098,,1098,1,31319.1,13309.5,30835.5
1782,71830,1,455,,455,1,27797.7,12744.2,29299.2
1784,71900,1,521,,521,1,68824.9,13839.0,28012.2
1785,71912,0,560,,560,1,36858.3,32596.7,28346.6
1787,72102,1,633,,633,1,27469.3,13166.9,30033.9
1788,72149,1,282,,282,1,31057.9,17154.5,32447.5
1789,72151,1,480,,480,1,69209.6,10982.8,28412.1
1790,72153,1,447,,447,1,28863.0,13249.0,30029.1
1791,72267,1,783,,783,1,65893.0,12974.4,30415.2
1793,72540,1,327,,327,1,69252.4,14461.0,29497.7
1794,72572,0,434,,434,1,57017.7,26056.7,18626.7
1795,72623,1,241,,241,1,28113.7,11855.5,29270.3
1796,72652,1,683,,683,1,29836.6,11232.4,29760.6
1798,72743,1,948,,948,1,66118.1,12776.4,30085.2
1800,73011,1,188,,188,1,28711.4,13148.9,30136.2
1801,73020,1,175,,175,1,30719.6,10248.4,27664.6
1802,73090,0,520,,520,1,61333.7,30711.7,27943.2
1803,73279,1,665,,665,1,29475.8,15777.6,31839.4
1804,73426,1,229,,229,1,67552.7,12779.8,28379.4
1805,73491,1,463,,463,1,26481.4,14065.3,28802.9
1807,73504,1,185,,185,1,27056.3,15199.5,30239.4
1809,73801,1,294,,294,1,62005.0,14106.6,29705.1
1811,73927,1,261,,261,1,66794.5,19731.2,26525.5
1812,74081,1,135,,135,1,29893.5,10463.1,28713.2
1813,74359,1,649,,649,1,29583.1,15378.7,31887.6
1815,74711,1,125,,125,1,69350.4,13644.5,30222.7
1816,74785,1,298,,298,1,68735.5,12551.2,27976.4
1817,74912,1,441,,441,1,26927.4,13746.9,30599.7
1820,75242,1,428,,428,1,68407.9,13320.6,28150.7
1822,75302,1,225,,225,1,67514.2,10341.2,28425.2
1823,75409,1,611,,611,1,27892.1,13533.3,30032.2
1825,75570,1,326,,326,1,28206.5,12079.6,29598.4
1828,75787,1,547,,547,1,32068.5,16053.1,32182.1
1829,75897,0,754,,754,1,58693.1,22340.2,24482.6
1833,76047,1,320,,320,1,30293.8,16409.8,29792.0
1836,76394,1,510,,510,1,26889.8,16469.3,30026.4
1837,76425,1,178,,178,1,69251.4,12803.5,28278.2
1839,76634,1,564,,564,1,27540.9,15376.1,29683.4
1840,76635,1,574,,574,1,55202.3,14647.9,18920.8
1842,76878,1,452,,452,1,26818.6,12883.7,29707.2
1843,77094,1,262,,262,1,70098.6,13555.3,26555.9
1844,77122,1,136,,136,1,66007.5,9093.5,28009.4
1852,77841,1,308,,308,1,28381.4,11146.3,28569.9
1853,77963,1,261,,261,1,28063.1,11912.7,28976.1
1856,78392,0,417,,417,1,32743.0,25854.6,30911.4
1858,78542,1,341,,341,1,27698.3,13757.2,29341.9
1860,78574,1,215,,215,1,29310.9,11657.0,28617.5
1861,78583,1,521,,521,1,70755.2,12876.0,28839.4
1862,78782,1,421,,421,1,31970.0,16218.2,32297.6
1864,78991,1,396,,396,1,66491.2,11994.7,29406.6
1865,79193,1,332,,332,1,29839.7,14595.6,29773.2
1870,79541,1,169,,169,1,29828.6,12158.2,29489.8
1872,79944,1,622,,622,1,67796.3,17984.9,28136.7
1874,80051,1,418,,418,1,69507.8,13030.5,29352.7
1875,80066,0,440,,440,1,60176.9,31358.4,27919.0
1876,80118,1,197,,197,1,70196.6,13668.4,29184.5
1877,80438,1,392,,392,1,36926.2,14684.0,26003.0
1882,81362,1,387,,387,1,30153.2,12604.7,30269.2
1885,81542,1,209,,209,1,28923.0,11275.2,28258.9
1886,81565,1,478,,478,1,68443.1,10619.4,28526.9
1887,81709,1,650,,650,1,29037.8,12413.0,29794.4
1889,81821,1,362,,362,1,67457.6,13969.3,25351.1
1892,81952,1,272,,272,1,68026.2,13497.7,26576.1
1894,82191,1,557,,557,1,69231.4,11462.9,29093.9
1895,82238,1,257,,257,1,28289.6,13973.2,29382.3
1897,82451,1,219,,219,1,65014.5,13482.0,30005.7
1898,82571,1,1183,,1183,1,67488.6,12221.6,27105.8
1899,82654,1,382,,382,1,66516.5,9004.4,27573.5
1900,82712,0,584,,584,1,35883.0,31732.7,30163.2
1901,82739,1,155,,155,1,66678.2,9498.5,27913.0
1903,82960,1,371,,371,1,69719.3,11941.3,27353.1
1905,83002,1,391,,391,1,27928.7,12535.0,28557.2
1906,83164,1,438,,438,1,32231.5,12509.5,31778.4
1909,83299,1,246,,246,1,31904.1,11004.5,28221.8
1910,83381,1,299,,299,1,25557.5,14494.8,29426.2
1911,83514,1,999,,999,1,63929.6,14832.4,24836.4
1912,83872,1,279,,279,1,66793.3,12966.9,30094.7
1913,83886,1,560,,560,1,29592.4,11925.1,29415.8
1918,85085,1,459,,459,1,69227.0,11225.0,28546.3
1919,85150,1,1025,,1025,1,64446.2,15144.1,24762.2
1921,85357,1,345,,345,1,67927.3,12024.2,29279.0
1922,85408,1,676,,676,1,56455.3,14780.6,19628.0
1923,85989,1,343,,343,1,27966.1,15989.0,29789.5
1928,86427,1,533,,533,1,33783.9,15279.2,28272.5
1930,86535,1,387,,387,1,29138.1,11202.9,29283.1
1931,86575,1,486,,486,1,66563.2,10470.5,27775.5
1932,86577,1,502,,502,1,68919.6,13051.4,27805.0
1934,86773,1,339,,339,1,30587.5,14319.8,29340.0
1935,87115,1,335,,335,1,68825.5,12714.1,28034.5
1937,87584,1,495,,495,1,26682.5,13680.4,28696.4
1939,87761,1,193,,193,1,28671.2,12259.0,28860.0
1940,87802,1,331,,331,1,28851.6,12282.6,29323.9
1941,87929,0,677,,677,1,36845.7,32576.8,28314.1
1942,87958,1,444,,444,1,27258.6,15649.9,29717.6
1944,87979,1,502,,502,1,68362.7,13556.2,27903.1
1946,88008,1,306,,306,1,31140.3,17111.3,29647.6
1947,88058,1,280,,280,1,70500.7,13020.9,25882.2
1950,88559,1,289,,289,1,69171.4,13872.9,28484.3
1951,88912,1,1672,,1672,1,65333.6,21548.2,30109.8
1953,88995,1,346,,346,1,65756.6,15721.5,27949.3
1954,89010,1,347,,347,1,27983.4,11871.7,29399.0
1959,89209,1,606,,606,1,65624.1,13009.0,30600.3
1960,89229,1,388,,388,1,67500.4,10890.2,28683.3
1961,89250,1,243,,243,1,25702.2,14578.0,29316.5
1962,89274,1,634,,634,1,67832.4,10734.8,27342.8
1964,89594,1,694,,694,1,70205.2,12897.1,27864.9
1969,89908,1,262,,262,1,28626.2,14608.8,28946.2
1970,89970,1,275,,275,1,69552.9,12855.3,25886.6
1972,90299,1,476,,476,1,66451.2,12846.8,26811.1
1975,90391,1,331,,331,1,69934.2,12341.3,28755.0
1976,90476,1,262,,262,1,27305.8,15096.1,29154.5
1979,90648,1,174,,174,1,67787.4,10971.1,27517.4
1982,91116,1,332,,332,1,36319.0,14507.4,26317.3
1983,91123,1,366,,366,1,27199.0,13896.2,29525.0
1985,91359,1,558,,558,1,64081.5,12809.9,28051.4
1988,91471,1,113,,113,1,29631.3,10663.0,28717.5
1994,92594,1,366,,366,1,67870.5,11267.6,27142.7
1996,92866,1,882,,882,1,69487.1,11970.1,29051.7
1998,92951,1,484,,484,1,67822.5,17819.0,28991.1
1999,93026,1,214,,214,1,68492.8,10239.6,28652.2
2001,93267,1,325,,325,1,31480.2,16370.3,29673.1
2002,93293,1,407,,407,1,67128.9,10543.4,28975.9
2007,93584,0,620,,620,1,63118.0,26086.7,28400.6
2008,93854,1,384,,384,1,68967.5,13955.1,28605.2
2009,94043,1,243,,243,1,27630.3,13919.6,29497.9
2013,94259,1,282,,282,1,36779.0,15544.9,30812.9
2015,94467,1,386,,386,1,36614.8,15168.2,30747.0
2016,94577,1,571,,571,1,29675.6,11427.1,29605.6
2018,94701,1,221,,221,1,29049.5,13878.1,30156.9
2019,94705,1,559,,559,1,70026.4,13974.0,27678.4
2024,95249,1,525,,525,1,33545.6,14400.8,29672.7
2025,95269,1,396,,396,1,37630.2,15353.7,31449.6
2027,95371,1,561,,561,1,64569.1,13378.6,30426.2
2029,95638,1,222,,222,1,27877.7,14718.9,29112.1
2031,95674,1,308,,308,1,58840.5,14771.8,30753.2
2034,95886,1,548,,548,1,63134.8,15502.6,28794.3
2039,96549,1,111,,111,1,29622.6,11215.8,28653.7
2040,96557,1,382,,382,1,68226.9,13334.8,30010.2
2044,97143,1,425,,425,1,70561.2,12450.5,29307.9
2046,97302,1,307,,307,1,34285.1,14292.0,28203.6
2047,97340,1,408,,408,1,29310.3,10853.8,28046.7
2050,98054,1,592,,592,1,28210.7,14182.0,29142.5
2051,98057,1,848,,848,1,64995.5,11929.2,29541.7
2052,98208,1,275,,275,1,67182.1,10193.1,28027.6
2053,98455,1,491,,491,1,69353.0,15080.2,29043.5
2054,98499,1,359,,359,1,27073.4,15389.3,29494.2
2057,98634,1,554,,554,1,32873.9,14065.5,28074.5
2059,98652,1,395,,395,1,30386.5,18274.7,29224.9
2060,98776,1,455,,455,1,70762.6,12805.8,29290.6
2061,99014,1,204,,204,1,67400.7,11489.0,28862.5
2062,99169,1,229,,229,1,30726.1,13672.7,29694.2
2066,99528,1,677,,677,1,68420.5,11729.0,28837.9
2067,99589,1,670,,670,1,25811.3,15878.6,29185.3
2071,100161,1,1027,,1027,1,58734.8,10982.3,24770.7
2072,100172,1,363,,363,1,66543.6,17733.7,27752.5
2073,100181,1,458,,458,1,61886.8,17812.8,28621.1
2074,100333,1,203,,203,1,68921.7,12249.6,28882.4
2075,100393,1,166,,166,1,29089.9,10954.0,29016.9
2076,100441,1,589,,589,1,69160.5,15503.9,29726.3
2077,100500,1,490,,490,1,69459.5,13772.3,27829.2
2078,100561,0,351,,351,1,36108.4,25317.0,24682.5
2081,100972,1,424,,424,1,26357.9,12342.8,30397.3
2083,101101,1,455,,455,1,29119.5,12638.3,29754.8
2094,102133,1,396,,396,1,70048.8,11842.4,27382.1
2096,102475,1,170,,170,1,25768.3,14618.2,29065.3
2098,102656,1,168,,168,1,31557.8,14670.6,31211.1
2101,103533,1,224,,224,1,69294.1,12897.6,28078.3
2104,103761,1,364,,364,1,58979.7,14656.8,30984.1
2106,104003,1,496,,496,1,68201.2,11697.4,27667.2
2110,104482,1,279,,279,1,69100.9,10991.8,29418.1
2113,104939,1,730,,730,1,68457.7,12408.0,28352.2
2114,105217,1,432,,432,1,70838.0,12821.1,28915.1
2122,105961,1,633,,633,1,28256.3,12473.5,30235.8
2124,106902,1,964,,964,1,62135.6,14052.6,24900.7
2127,107071,1,542,,542,1,27472.0,15282.4,29680.9
2128,107083,1,656,,656,1,69481.6,15425.4,26119.1
2129,107233,1,171,,171,1,68650.0,13138.0,27808.6
2130,107392,1,294,,294,1,68660.9,11699.5,27993.7
2132,107581,1,154,,154,1,29634.1,14878.4,29048.0
2136,108526,1,134,,134,1,35795.9,13868.6,29373.9
2138,108694,1,324,,324,1,29158.2,16435.3,28568.3
2141,108966,0,376,,376,1,58378.4,18493.5,18876.0
2142,109271,0,499,,499,1,38854.1,28442.5,19366.5
2144,109459,1,325,,325,1,67891.8,14818.7,29566.2
2145,109712,1,342,,342,1,31049.0,17729.4,29218.7
2147,109788,1,989,,989,1,67031.6,18486.7,29940.2
2149,109982,0,556,,556,1,61014.3,30621.3,28106.1
2152,110431,1,216,,216,1,69268.8,12162.5,25354.5
2154,110716,1,464,,464,1,68490.1,11078.8,28360.7
2157,110998,1,468,,468,1,69688.6,13703.0,29078.5
2160,111335,1,212,,212,1,27114.1,14393.8,30427.9
2161,111345,1,582,,582,1,67722.4,11746.0,28403.8
2163,111512,1,435,,435,1,69029.0,14584.0,28799.1
2167,112062,1,196,,196,1,28167.6,14672.9,29234.4
2168,112110,0,625,,625,1,35604.4,31074.6,29596.1
2171,112718,1,342,,342,1,66423.1,14460.4,30488.5
2172,112956,1,394,,394,1,63759.2,14862.4,31574.4
2177,113866,1,675,,675,1,68466.9,13327.6,28751.1
2180,114432,1,270,,270,1,28612.6,12679.1,28473.0
2181,114727,1,674,,674,1,66295.5,9814.9,28752.8
2182,114942,1,572,,572,1,28189.8,12832.7,29113.5
2184,115066,1,461,,461,1,66320.5,12263.4,27609.3
2185,115182,1,335,,335,1,68035.1,14042.9,28444.4
2190,115885,1,415,,415,1,68781.5,11456.3,28394.2
2191,115983,0,470,,470,1,60890.9,31344.8,27903.7
2192,115985,0,336,,336,1,64150.0,25210.4,29780.0
2193,116065,1,231,,231,1,66816.5,11734.0,28471.5
2196,116162,1,414,,414,1,67860.8,13274.4,30298.6
2199,116750,1,1036,,1036,1,64711.8,15336.7,24404.2
2202,117129,1,508,,508,1,67746.3,11406.2,28839.9
2203,117257,1,291,,291,1,66472.6,9602.7,27370.7
2204,117316,1,152,,152,1,29664.6,10664.5,29274.3
2206,117383,1,457,,457,1,27042.1,13376.8,29818.6
2214,118043,1,600,,600,1,30268.8,12643.0,29613.0
2216,118122,1,141,,141,1,67006.3,12684.4,27771.1
2218,118426,1,504,,504,1,66160.0,9921.1,28924.5
2220,118592,1,259,,259,1,70187.3,12705.6,25306.5
2235,120405,1,369,,369,1,28088.1,15511.7,29394.9
2242,121413,1,416,,416,1,57423.3,14555.0,22443.9
2243,121744,1,262,,262,1,67398.2,10118.5,28645.7
2244,122004,1,269,,269,1,69109.0,16437.1,28853.6
2245,122271,1,420,,420,1,58065.4,13600.6,24143.3
2247,122715,1,420,,420,1,69264.9,12337.7,28530.0
2251,122844,1,220,,220,1,68296.1,10192.3,28617.3
2253,123308,1,835,,835,1,67994.8,11829.9,28531.4
2254,123618,1,635,,635,1,39955.2,13751.9,21031.0
2256,123960,1,322,,322,1,67720.7,10841.9,28091.5
2258,124019,1,578,,578,1,69109.4,12240.9,29464.3
2260,124107,1,224,,224,1,65446.1,14795.6,30698.0
2263,124404,1,273,,273,1,27060.8,14311.0,29708.6
2264,124423,1,790,,790,1,68975.3,12705.7,28094.6
2266,124594,1,402,,402,1,29288.1,12649.5,29644.5
2268,124790,1,329,,329,1,67449.3,14231.1,30732.8
2270,124936,1,362,,362,1,67006.8,10436.6,28902.2
2276,125636,1,485,,485,1,53665.6,13975.8,19108.0
2279,125976,1,299,,299,1,66495.0,9101.6,27943.0
2282,126165,0,160,,160,1,61561.6,31604.6,29896.2
2284,126247,1,368,,368,1,68343.8,12632.7,27293.9
2294,126989,1,189,,189,1,69499.8,15007.0,26742.4
2296,127200,1,266,,266,1,66152.2,14581.4,30707.3
2298,127519,1,434,,434,1,54828.1,14266.7,19874.0
2299,127697,1,239,,239,1,68043.1,11798.5,27403.2
2302,127985,1,184,,184,1,30544.7,13301.0,28771.6
2303,127988,1,221,,221,1,66529.8,11112.3,29272.0
2305,128090,1,355,,355,1,69353.6,14357.9,28917.6
2306,128150,1,786,,786,1,68066.9,12296.7,28242.9
2310,128389,1,483,,483,1,30737.5,13336.4,29538.9
2311,128482,0,567,,567,1,62652.9,27507.9,27315.7
2312,128573,1,606,,606,1,28133.8,13107.3,28678.8
2317,129264,1,240,,240,1,67936.9,10373.5,28046.5
2318,129472,1,166,,166,1,69326.5,15711.1,28997.2
2321,129684,1,626,,626,1,68578.3,12053.3,28312.6
2322,129812,0,409,,409,1,63223.4,23433.7,27128.0
2323,129852,1,151,,151,1,67028.9,11039.7,28392.3
2325,129895,1,350,,350,1,66848.2,11253.4,28341.6
2327,130031,1,376,,376,1,69829.5,15341.6,26208.3
2328,130080,1,352,,352,1,29526.0,11511.9,28011.3
2331,130435,1,510,,510,1,68158.2,11945.8,28302.1
2334,130656,1,416,,416,1,67901.5,13428.7,30560.2
2337,130701,1,667,,667,1,64095.7,13076.5,27761.8
2338,130821,1,323,,323,1,28012.2,15747.3,28810.7
2341,131401,1,386,,386,1,69190.0,16323.5,28260.6
2344,131707,1,626,,626,1,66115.2,10185.2,28620.0
2346,131871,1,539,,539,1,68933.5,15704.1,29420.9
2348,131995,1,166,,166,1,30165.1,14668.0,28587.1
2350,132350,1,180,,180,1,67564.1,10295.1,27757.6
2357,133192,1,469,,469,1,42011.2,14928.1,18449.9
2360,133664,1,346,,346,1,66975.5,14031.2,30614.8
2365,134573,1,479,,479,1,67239.4,10947.2,27460.1
2368,135080,1,145,,145,1,67948.6,9554.6,28611.5
2371,135434,1,577,,577,1,66659.3,19891.8,29036.9
2375,136147,0,364,,364,1,57003.5,21666.4,18344.5
2376,136182,0,378,,378,1,61252.8,25107.3,25109.8
2382,137039,1,265,,265,1,28996.0,12708.8,28221.0
2387,137598,1,80,,80,1,31093.4,12943.1,27099.6
2388,137600,0,445,,445,1,62155.1,26634.4,27351.1
2390,137726,1,553,,553,1,31395.2,15436.8,32010.4
2391,137731,1,496,,496,1,31285.8,16322.4,31326.9
2392,137786,1,411,,411,1,66678.0,12230.0,26510.0
2396,138009,1,381,,381,1,59042.9,13779.1,25066.9
2403,138780,1,782,,782,1,64604.3,15398.2,24455.6
2405,139002,1,250,,250,1,67751.8,10499.2,27726.8
2407,139347,1,399,,399,1,28964.1,12127.5,29578.9
2414,140278,1,382,,382,1,67653.1,15202.1,29829.9
2420,141105,1,581,,581,1,67951.0,10962.9,28754.1
2421,141107,1,537,,537,1,27556.7,14150.5,29320.6
2422,141116,1,290,,290,1,59114.1,15852.3,27292.2
2426,141464,1,140,,140,1,29313.7,10885.8,28604.2
2427,141578,1,308,,308,1,66326.3,15805.1,28676.0
2429,141823,1,431,,431,1,63260.6,13295.1,28167.6
2430,141877,1,399,,399,1,67444.8,10409.2,28635.9
2433,142147,1,396,,396,1,65295.2,11377.4,25914.6
2439,142605,0,426,,426,1,60827.1,23787.8,24035.9
2448,143752,1,342,,342,1,65213.3,13401.1,31399.9
2451,143821,1,270,,270,1,68197.3,12492.3,27541.7
2452,143859,1,339,,339,1,37324.4,14656.3,30920.2
2456,144349,1,329,,329,1,65427.4,13769.1,30761.6
2457,144497,1,252,,252,1,68673.7,10807.0,28065.4
2459,144591,1,390,,390,1,65930.7,14182.9,30654.6
2462,144851,1,399,,399,1,68283.2,11604.4,28002.8
2463,144865,1,107,,107,1,66105.5,9281.6,28346.1
2465,145123,1,283,,283,1,66343.8,9585.4,27549.7
2466,145155,1,331,,331,1,69990.9,12634.6,29120.6
2473,146241,1,600,,600,1,64596.7,13010.0,28231.1
2476,146374,0,187,,187,1,61840.0,30690.6,28909.1
2482,146755,1,403,,403,1,66934.3,18335.0,28145.0
2483,146931,1,275,,275,1,67964.6,14053.6,30463.9
2484,146935,1,204,,204,1,67761.4,11695.5,28688.4
2490,147530,1,180,,180,1,67164.1,15583.6,28334.5
2491,147637,1,260,,260,1,67909.7,16460.2,27714.4
2493,147992,1,312,,312,1,64879.4,11586.3,27947.0
2494,148152,1,452,,452,1,68675.4,11988.5,27839.0
2495,148236,1,472,,472,1,34500.6,17729.7,29226.1
2497,148333,1,149,,149,1,61340.4,13321.3,29925.0
2498,148334,1,197,,197,1,65421.2,11068.6,28613.2
2500,148484,1,373,,373,1,67103.3,16130.1,29834.0
2508,149264,1,337,,337,1,60318.1,14631.9,30650.8
2509,149430,1,525,,525,1,65201.1,10596.0,29089.0
2511,149599,1,248,,248,1,61154.8,21407.7,26698.1
2513,149976,1,305,,305,1,65800.4,15871.3,28688.4
2514,150200,1,353,,353,1,65716.5,11483.7,25923.9
2517,150864,1,227,,227,1,67579.2,10818.2,28281.6
2518,150881,1,108,,108,1,35923.2,13703.3,29740.1
2520,151217,1,625,,625,1,68272.7,16742.6,27665.1
2521,151445,1,353,,353,1,27435.6,14867.7,30138.2
2523,151544,1,453,,453,1,68717.5,12544.7,27655.8
2525,151943,1,344,,344,1,65556.0,12608.1,28411.9
2526,152141,1,267,,267,1,64418.3,14986.3,31632.8
2527,152383,1,315,,315,1,67581.1,11892.8,28906.8
2528,152540,1,360,,360,1,59489.3,14324.6,30687.4
2537,153106,1,147,,147,1,67258.0,15063.8,28399.6
2538,153442,1,271,,271,1,28362.9,12942.3,28459.4
2540,153577,1,254,,254,1,65037.8,15483.2,29057.4
2541,153662,1,460,,460,1,63791.3,12910.2,27133.6
2543,153770,1,224,,224,1,65484.3,14466.5,30105.4
2546,153935,1,399,,399,1,63368.9,13021.0,27890.3
2549,154082,1,162,,162,1,29039.9,11980.3,28383.0
2553,154649,1,315,,315,1,69555.1,14436.2,27592.8
2554,154846,1,141,,141,1,61958.9,12820.7,27700.4
2555,154902,1,310,,310,1,67431.1,10898.7,27620.6
2559,155162,1,351,,351,1,66975.4,11893.7,29197.1
2566,155537,1,274,,274,1,60428.2,13919.1,26355.2
2570,156066,1,317,,317,1,66618.6,14554.3,27572.9
2573,156304,1,239,,239,1,68452.5,14291.6,28734.8
2577,156889,1,914,,914,1,62926.8,14443.8,24722.6
2587,157770,0,453,,453,1,60746.9,25115.1,24556.4
2590,157834,1,237,,237,1,68792.8,12657.3,28609.9
2601,158428,1,197,,197,1,66921.6,13598.7,24595.6
2606,158912,1,376,,376,1,65590.4,11717.6,27132.8
2607,159036,1,408,,408,1,30993.6,12258.0,26943.2
2612,159250,1,182,,182,1,66765.2,12050.3,28440.4
2614,159368,1,109,,109,1,30242.1,15240.5,25918.3
2615,159384,1,423,,423,1,66108.2,13044.5,28469.7
2616,159458,1,117,,117,1,66978.1,15402.2,25438.7
2618,159530,1,486,,486,1,28494.0,12590.9,28555.7
2622,159755,1,381,,381,1,68572.2,13469.6,30336.3
2623,159782,1,426,,426,1,68773.1,15988.8,29687.7
2642,160862,1,243,,243,1,30030.2,16642.0,29048.6
2646,161065,1,218,,218,1,66255.5,11454.7,29494.9
2647,161188,1,227,,227,1,66254.3,15886.0,27296.2
2649,161261,1,380,,380,1,67043.2,13451.5,28193.7
2666,163037,1,200,,200,1,28649.8,13117.6,28671.1
2668,163139,1,340,,340,1,68828.8,11742.3,27963.2
2669,163423,1,217,,217,1,67076.1,11575.7,27920.9
2676,163887,1,77,,77,1,60851.6,12518.8,28928.8
2691,164697,1,200,,200,1,68462.1,10350.5,28138.0
2693,164774,1,171,,171,1,65574.2,11207.8,28976.5
2707,165599,1,229,,229,1,68631.0,14059.6,28572.1
2708,165653,1,227,,227,1,66528.6,10197.3,27281.8
2714,165800,1,295,,295,1,67261.6,13983.7,28706.4
2715,165830,1,195,,195,1,28731.8,13151.9,28464.0
2716,165901,1,363,,363,1,29102.6,13181.7,30383.7
2719,166238,1,80,,80,1,65622.8,13762.0,25849.0
2721,166286,1,180,,180,1,29545.9,13814.1,27881.2
2724,166594,1,193,,193,1,30913.0,16789.4,29395.9
2727,166888,1,177,,177,1,67990.1,13455.4,27886.4
2730,167083,1,126,,126,1,66805.8,14830.9,30491.6
2732,167207,1,172,,172,1,64508.7,10327.6,28936.6
2737,167414,1,164,,164,1,65932.8,11271.6,29087.1
2740,167497,1,191,,191,1,30182.4,15605.7,26233.7
2743,167598,1,178,,178,1,30270.4,12456.4,29331.2
2753,168693,1,167,,167,1,66242.0,12153.9,28782.1
2761,169199,1,178,,178,1,66417.8,15413.5,27970.9
2767,169631,1,245,,245,1,64936.1,10509.0,28663.1
2768,169682,1,229,,229,1,64646.6,10100.4,29360.7
2770,170057,1,305,,305,1,68382.2,12011.3,27512.5
2791,171625,1,219,,219,1,66975.1,11621.2,27023.6
2793,171811,1,191,,191,1,65966.9,12221.1,27781.9
2799,172481,1,139,,139,1,66174.6,12788.3,27133.9
2843,174849,1,304,,304,1,68230.0,11640.9,28274.1
2864,175781,1,89,,89,1,65519.9,13155.9,25806.7
2873,176490,1,220,,220,1,69787.6,13577.5,28460.0
2888,178014,1,294,,294,1,67871.2,11607.2,28956.0
2899,178826,1,131,,131,1,66763.7,11902.4,26139.8
2900,178860,1,99,,99,1,27118.7,14563.7,30778.2
2922,180940,1,540,,540,1,69150.8,11903.0,28656.4
2946,183205,1,443,,443,1,40337.1,15292.2,19522.9
2994,186987,1,157,,157,1,29841.2,14039.0,29646.0
3048,191334,1,277,,277,1,69142.7,12632.4,28318.1
3064,192651,1,99,,99,1,30428.7,15590.4,27077.2
3092,195591,0,392,,392,1,61403.8,27029.3,25836.5
3144,201597,1,211,,211,1,67769.3,13727.2,28876.6
3167,203688,1,442,,442,1,61926.3,16596.0,27429.3
3184,204939,1,773,,773,1,63690.1,15000.5,24500.8
3196,207053,1,166,,166,1,30226.6,13090.7,28960.4
3213,208285,1,229,,229,1,29024.1,12980.9,28716.7
3218,208655,1,548,,548,1,29543.8,15326.6,29669.3
3269,213070,1,476,,476,1,38563.3,15079.6,23985.1
3394,221841,1,371,,371,1,67661.3,11506.0,28952.2
3409,223077,1,162,,162,1,31063.4,12559.3,29247.6
3458,227592,1,687,,687,1,68130.0,11515.7,27383.9
3468,228548,1,141,,141,1,65404.4,8984.3,27984.5
3480,229837,1,668,,668,1,40704.5,14784.0,19886.0
3540,238224,0,428,,428,1,34059.2,27317.6,29848.9
3672,258209,1,346,,346,1,67767.6,11415.4,27059.0
3703,262339,1,881,,881,1,67385.9,11321.9,28087.5
3820,285589,1,175,,175,1,67895.6,10475.5,27690.1
3833,289014,1,303,,303,1,67159.3,14096.6,27796.7
3976,327959,1,421,,421,1,33149.8,14340.8,28017.7
4067,381503,1,676,,676,1,68073.2,12674.0,27011.9
4212,511801,1,1181,,1181,1,32564.1,14174.9,30967.4
4215,511981,1,957,,957,1,39390.2,12455.7,26611.8
4216,512058,1,455,,455,1,68284.6,12776.1,27218.8
4217,512216,1,639,,639,1,67976.2,17713.0,27115.8
4218,512218,1,872,,872,1,68120.2,16674.2,28586.3
4219,512219,1,1432,,1432,1,68812.0,16229.7,28326.4
4220,512221,1,561,,561,1,62788.2,18980.3,26458.0
4222,512233,1,333,,333,1,68982.1,12597.3,28697.6
4223,512234,1,474,,474,1,70326.9,11314.1,28852.3
4225,512485,1,1329,,1329,1,65687.0,12778.5,26232.7
4227,512675,1,353,,353,1,68576.8,10884.0,28563.9
4235,512859,1,1398,,1398,1,59665.2,15618.6,26077.2
4237,512906,0,1496,,1496,1,56159.5,10468.4,26379.7
4238,513088,1,558,,558,1,66856.6,19165.7,26970.4
4239,513157,1,1130,,1130,1,34236.0,15276.2,25306.4
4242,513228,1,1028,,1028,1,64236.6,12621.8,29793.1
4243,513230,1,4463,,4463,1,64508.6,9982.0,26615.1
4244,513418,1,1626,,1626,1,68804.4,12754.8,27721.4
4247,513583,1,417,,417,1,66347.1,17052.5,29825.2
4254,513846,0,729,,729,1,65295.4,20723.9,29576.5
4257,514278,1,375,,375,1,59475.2,14423.9,25610.5
4262,514324,0,1841,,1841,1,64773.1,22573.3,30422.5
4264,514377,1,398,,398,1,64652.2,14859.1,32483.1
4267,514577,1,2013,,2013,1,66878.6,18586.4,29120.0
4268,514579,1,914,,914,1,64796.2,15477.2,29921.3
4269,514598,1,1205,,1205,1,67947.1,16381.2,28197.5
4270,514606,1,850,,850,1,68185.7,10836.7,28465.3
4271,514608,1,319,,319,1,67439.2,9395.8,28096.4
4272,514696,1,1545,,1545,1,66010.0,16300.4,29906.4
4273,514740,1,663,,663,1,31955.1,15820.4,31244.1
4274,514744,0,374,,374,1,62951.8,25980.6,28714.6
4279,515750,1,781,,781,1,67668.1,11409.1,28400.5
4280,515752,1,561,,561,1,67177.3,12271.1,29347.9
4281,515954,1,427,,427,1,69539.9,12568.3,28249.5
4282,515957,1,634,,634,1,68056.5,11262.8,26413.8
4283,516091,1,1009,,1009,1,67020.3,16953.3,29300.1
4286,516197,1,1464,,1464,1,69903.1,13694.9,29159.6
4287,516207,1,384,,384,1,67155.0,14361.4,25041.4
4288,516322,0,1408,,1408,1,64265.8,21753.6,24254.9
4289,516324,1,463,,463,1,69227.3,15740.9,29663.2
4290,516327,1,877,,877,1,65792.5,11107.9,28923.3
4292,516340,1,757,,757,1,54277.4,10893.8,23964.2
4294,516503,1,455,,455,1,67711.1,10923.1,28352.3
4295,516568,1,765,,765,1,70838.5,13657.1,27889.4
4299,516880,1,816,,816,1,67680.4,12446.8,27957.9
4302,517338,1,944,,944,1,68444.4,15925.3,25058.3
4305,517532,1,1743,,1743,1,33174.6,25438.3,30087.8
4306,517681,1,1676,,1676,1,67356.1,11475.7,27593.9
4307,518028,1,13491,,13491,1,74346.4,28921.0,39958.6
4310,518580,1,1462,,1462,1,70118.5,11785.7,28821.5
4311,518581,1,1301,,1301,1,69444.9,12404.7,29004.8
4312,518717,1,1201,,1201,1,70124.0,13654.9,29251.1
4313,518788,1,1081,,1081,1,68261.7,12665.2,27671.4
4314,518903,0,1230,,1230,1,64529.3,23024.5,30785.5
4316,519040,1,503,,503,1,70563.7,13134.5,29518.1
4317,519041,1,490,,490,1,69468.6,14908.0,29282.6
4327,519529,1,357,,357,1,69478.0,12718.5,29134.2
4341,519695,1,685,,685,1,68195.0,11194.2,28549.4
4342,519700,1,656,,656,1,70820.1,13139.0,26979.2
4343,519702,1,364,,364,1,67068.7,10823.7,27533.6
4344,519843,0,1150,,1150,1,38947.3,24566.5,24350.5
4350,519967,1,503,,503,1,67993.6,14840.0,29312.6
4355,520410,1,7687,,7687,1,56922.9,10643.7,22459.0
4358,520529,1,3842,,3842,1,60696.2,17445.7,29158.0
4359,520574,1,627,,627,1,69545.6,14410.5,28813.1
4360,520609,1,362,,362,1,67015.4,16573.1,27956.4
4361,520623,1,889,,889,1,34007.6,14832.2,25253.0
4377,520931,1,679,,679,1,68731.0,15500.4,29986.1
4378,520935,1,185,,185,1,70119.3,15870.8,27258.2
4379,520938,1,152,,152,1,69023.5,13559.6,29595.7
4381,521189,1,2750,,2750,1,59494.1,16699.2,25318.7
4382,521241,1,3153,,3153,1,33098.3,16033.0,30991.2
4406,521728,0,381,,381,1,60342.2,25168.0,23226.3
4407,521771,1,1120,,1120,1,67757.5,11709.1,28471.4
4410,522430,1,1609,,1609,1,64127.6,14102.9,31718.0
4412,522730,1,1933,,1933,1,63321.1,24441.4,29721.0
4413,522733,1,1149,,1149,1,66095.8,15844.4,29273.6
4414,522743,1,622,,622,1,64342.6,14960.7,30690.3
4415,522805,1,651,,651,1,67967.4,12660.1,28675.0
4416,522812,1,896,,896,1,65473.8,14587.8,29117.6
4420,522952,1,2220,,2220,1,71770.1,30049.1,39561.1
4421,522954,1,2999,,2999,1,72206.9,29295.3,39192.0
4422,522957,1,8099,,8099,1,72553.8,26845.0,39598.0
4423,523019,0,1049,,1049,1,64688.3,24890.3,30551.0
4427,524043,1,1808,,1808,1,63156.5,13001.2,26051.5
4438,524741,1,2128,,2128,1,32121.0,12973.0,28384.2
4439,524777,1,1219,,1219,1,70128.5,12074.9,29484.6
4469,525677,1,394,,394,1,67322.7,10631.2,28412.8
4470,526119,1,933,,933,1,69061.5,16641.6,28492.9
4471,526125,1,881,,881,1,66837.8,13749.8,28397.7
4472,526215,1,2795,,2795,1,71607.3,30405.0,39505.5
4473,526347,1,469,,469,1,69346.6,14537.3,28498.6
4477,526767,1,631,,631,1,66751.9,12904.4,28893.4
4478,526821,1,855,,855,1,69563.9,13343.2,28395.4
4485,527461,1,1119,,1119,1,68056.3,11776.8,26448.2
4489,527509,1,698,,698,1,32948.9,13769.5,28514.5
4496,529055,1,595,,595,1,70385.7,14161.0,28406.6
4501,529154,1,466,,466,1,28302.6,13141.7,29381.5
4503,529519,1,6008,,6008,1,42929.9,12731.3,21303.4
4505,529800,1,390,,390,1,69232.2,15340.6,26303.1
4506,529804,1,425,,425,1,68140.9,14725.3,27103.1
4509,530191,1,342,,342,1,43031.3,14350.9,18399.5
4512,530576,1,303,,303,1,66014.7,9826.3,27793.6
4513,530709,1,355,,355,1,67338.5,10920.7,27420.6
4516,530791,1,1718,,1718,1,30219.5,14182.6,30672.0
4519,530957,1,738,,738,1,70958.0,13370.9,27886.3
4522,531246,1,528,,528,1,70727.7,14481.4,28142.9
4523,531445,1,848,,848,1,69009.4,13035.9,28411.6
4526,531592,1,384,,384,1,67143.6,14357.7,25177.5
4529,531756,1,491,,491,1,31285.0,12151.1,26185.3
4530,532069,1,210,,210,1,69423.4,15317.0,30020.7
4538,532535,1,1291,,1291,1,59844.8,8713.7,27934.4
4539,532582,1,1131,,1131,1,65158.8,19583.8,23477.4
4545,532804,1,454,,454,1,68566.1,16711.8,29659.5
4546,532811,1,607,,607,1,69552.9,12131.9,28909.7
4547,532869,1,247,,247,1,69508.0,13216.9,28921.4
4548,532967,1,787,,787,1,29788.4,15071.9,29299.6
4549,533146,1,193,,193,1,28932.2,10936.2,29506.0
4550,533164,1,143,,143,1,66086.0,9109.8,28473.0
4551,533509,1,995,,995,1,27162.7,14566.4,29344.3
4552,533589,1,873,,873,1,68890.5,16142.2,29664.1
4557,534948,1,416,,416,1,35036.1,14917.6,28379.2
4558,534950,1,552,,552,1,33378.3,16078.7,29356.8
4560,535437,1,459,,459,1,56907.7,10512.9,29217.6
4563,535929,1,421,,421,1,67972.3,11040.9,27366.9
4564,536171,1,332,,332,1,27669.7,16452.1,31733.0
4568,536298,0,200,,200,1,60572.1,31790.7,27770.6
4569,536421,1,279,,279,1,70174.5,13566.9,25753.2
4573,536992,1,335,,335,1,69755.7,14661.6,29282.5
4574,537004,1,9967,,9967,1,21591.3,32305.4,40234.7
4575,537100,1,457,,457,1,68798.8,12781.6,29925.1
4577,537721,1,249,,249,1,65365.7,13782.1,30537.6
4578,537749,1,188,,188,1,69878.3,13446.6,28901.6
4580,538996,1,641,,641,1,63843.9,16217.5,28738.5
4586,540266,1,8152,,8152,1,75645.9,25116.9,39034.6
4588,541621,1,347,,347,1,68785.9,13861.2,28986.4
4589,541630,1,386,,386,1,68887.4,10772.1,28533.9
4590,541635,1,462,,462,1,69868.7,15122.6,26350.1
4591,541827,1,331,,331,1,67059.7,10859.6,28475.4
4593,542167,1,419,,419,1,67395.1,10862.4,28458.5
4594,542474,1,854,,854,1,67273.3,12122.4,25581.0
4596,542753,1,705,,705,1,65907.2,13187.9,30253.0
4597,542754,1,360,,360,1,69640.8,15065.0,29220.4
4599,542947,1,293,,293,1,66513.1,13272.9,28900.0
4601,543483,1,572,,572,1,68232.3,14991.1,29347.4
4602,543628,1,431,,431,1,41716.7,15055.8,18530.9
4604,544259,0,692,,692,1,34934.0,31650.7,29751.5
4606,544674,1,438,,438,1,69174.3,10715.6,29068.2
4612,545247,1,623,,623,1,65905.7,15321.3,28696.1
4613,545428,1,345,,345,1,70615.5,13748.8,26448.4
4617,546102,1,304,,304,1,70114.6,15006.8,26124.9
4619,546535,1,389,,389,1,66427.6,9787.5,27965.3
4620,546540,1,844,,844,1,68067.6,10894.8,28622.9
4628,548220,1,544,,544,1,68836.3,10866.3,29074.4
4629,548271,1,377,,377,1,67763.2,10585.6,28402.0
4633,550338,1,433,,433,1,69312.7,11410.2,29742.5
4649,552334,1,303,,303,1,29449.1,10639.8,28988.5
4650,552393,1,608,,608,1,32987.3,14422.5,31315.7
4652,552527,1,236,,236,1,51889.2,9533.5,29157.7
4657,553963,1,314,,314,1,28312.7,15686.7,30117.0
4662,554304,1,207,,207,1,28693.6,13955.4,26936.7
4663,555312,1,2139,,2139,1,68194.7,13224.0,28151.2
4668,555875,1,2917,,2917,1,35777.6,19966.9,25726.1
4670,556037,0,2972,,2972,1,61303.7,30758.9,29403.6
4682,560243,1,790,,790,1,67818.6,12100.1,28709.6
4727,569525,1,235,,235,1,66307.0,10376.0,29090.7
4739,571499,1,450,,450,1,30518.5,13376.3,28899.9
4742,576020,1,583,,583,1,69734.6,13295.0,27839.3
4747,580401,1,331,,331,1,67429.5,16214.7,27107.0
4748,580637,1,528,,528,1,69926.9,12010.6,28325.4
4760,593090,1,355,,355,1,36668.6,16467.1,28391.4
4791,916034,1,118,,118,1,64842.4,11525.1,27529.1
4835,921048,1,121,,121,1,31260.8,12977.1,26894.9
5322,10399,0,2985,,2985,1,36592.8,18962.0,30397.3
5323,10753,0,7473,,7473,1,62222.2,12427.8,25616.6
5324,11327,0,18414,,18414,1,45790.3,17691.1,19458.8
5325,11560,0,7610,,7610,1,33341.2,13609.3,26467.1
5326,11618,0,10192,,10192,1,47054.2,15586.6,16016.0
5327,11752,0,16642,,16642,1,49564.8,16662.1,15596.6
5328,11900,0,21518,,21518,1,49905.9,16934.6,19266.3
5329,12902,0,6031,,6031,1,46574.4,18466.6,16328.5
5330,13259,0,3176,,3176,1,58411.7,18393.0,29702.0
5331,13312,0,3058,,3058,1,63837.4,10657.5,29023.7
5332,13428,0,9089,,9089,1,50710.1,15780.6,16134.8
5333,13698,0,4280,,4280,1,47545.6,13610.9,21128.5
5334,14182,0,15840,,15840,1,47673.8,16833.6,15609.8
5335,14225,0,8292,,8292,1,46373.1,13029.0,19933.8
5336,14705,0,5478,,5478,1,42304.1,14319.1,19323.2
5338,15693,0,2897,,2897,1,31835.5,12370.5,29903.6
5339,21145,0,3647,,3647,1,43117.3,11007.4,22122.6
5343,33316,0,1115,,1115,1,56290.1,14463.5,30708.6
5381,91391,0,960,,960,1,52710.3,16755.9,15246.8
5387,95523,0,1308,,1308,1,51078.8,15848.3,15271.6
5407,109624,0,905,,905,1,51973.8,16908.3,14978.7
5418,115868,0,468,,468,1,46959.9,17364.0,17092.2
5452,138585,0,1101,,1101,1,50848.6,16852.2,15504.2
5454,138822,0,847,,847,1,49415.9,16700.6,19564.7
5489,150034,0,1073,,1073,1,42690.4,16198.2,18627.4
5508,154387,0,507,,507,1,50945.6,17193.7,17341.8
5608,226452,0,587,,587,1,45999.9,16515.3,18557.3
5629,512273,0,4888,,4888,1,49062.1,13732.8,21415.9
5630,512326,0,9256,,9256,1,51113.6,12511.5,20283.2
5631,515048,0,3859,,3859,1,53409.7,10633.5,21909.7
5635,519616,0,7836,,7836,1,54434.3,13909.6,19057.2
5636,520182,0,1428,,1428,1,43279.7,14740.1,30321.8
5649,529512,0,9060,,9060,1,45113.9,9194.3,21223.3
5650,529516,0,8775,,8775,1,50448.7,8867.5,21156.3
5659,553201,0,902,,902,1,42363.2,15374.4,19339.6
5661,577933,0,829,,829,1,50775.0,16919.0,18202.1
5989,11255,0,3216,,3216,1,52729.6,21103.4,21331.7
5998,12106,0,3556,,3556,1,42567.7,17768.8,23450.9
6006,12802,0,4884,,4884,1,44800.2,22076.7,22353.0
6009,13058,0,3619,,3619,1,53652.8,17485.6,23214.1
6018,13559,0,6187,,6187,1,50504.7,19372.5,20958.8
6021,13862,0,1310,,1310,1,49386.6,19942.6,25701.5
6041,15325,0,6408,,6408,1,50990.8,19858.1,21894.7
6053,15888,0,5034,,5034,1,44226.6,19762.8,21864.2
6116,19337,0,1088,,1088,1,47677.8,20239.4,25448.7
6121,19700,0,1204,,1204,1,47766.7,20246.5,25536.2
6124,19974,0,1098,,1098,1,47740.4,20183.1,25821.8
6141,21204,0,1274,,1274,1,47264.6,19361.4,22920.6
6147,21911,0,2965,,2965,1,47527.3,21074.5,24539.4
6148,22083,0,2145,,2145,1,49695.7,17594.2,20597.9
6222,26287,0,5463,,5463,1,45650.5,20034.9,21494.1
6333,33293,0,1590,,1590,1,50216.9,18321.6,24994.6
6346,34909,0,2427,,2427,1,50432.7,17906.6,19353.6
6365,36470,0,1278,,1278,1,47022.9,19345.4,22282.2
6415,43881,0,1447,,1447,1,48679.1,17640.1,25675.0
6422,45024,0,3354,,3354,1,44282.6,21054.6,21035.0
6503,56567,0,1106,,1106,1,45371.3,16695.0,21150.4
6558,65047,0,1386,,1386,1,51679.6,15810.5,20868.5
6584,69064,0,1777,,1777,1,44011.5,21251.4,21930.0
6641,78294,0,1011,,1011,1,45434.6,16580.6,21176.8
6688,89191,0,1171,,1171,1,47630.8,19610.4,23463.5
6695,91507,0,1007,,1007,1,51446.3,16785.8,20484.8
6743,102316,0,771,,771,1,45313.6,20882.2,22923.9
6766,108860,0,1426,,1426,1,51883.9,20143.1,17860.5
7235,517548,0,5868,,5868,1,50357.8,19701.7,21039.9
7261,521584,0,6729,,6729,1,50689.3,18238.2,21256.6
7276,523776,0,3238,,3238,1,44346.9,20776.5,21172.3
7323,533103,0,6166,,6166,1,46453.6,18920.3,21577.0
7340,536208,0,4246,,4246,1,44687.2,16116.2,21292.3
7384,10567,0,12411,,12411,1,42460.2,26694.3,16883.9
7387,10977,0,118348,,118348,1,56718.4,16233.6,21513.0
7389,10402,0,16721,,16721,1,38186.7,29687.4,15210.1
7390,14212,0,8861,,8861,1,40760.1,21615.6,21136.5
7392,10540,0,124656,,124656,1,39797.8,17094.2,21184.4
7394,11341,0,18122,,18122,1,30426.3,12180.6,27654.8
7395,11761,0,7151,,7151,1,42913.3,25931.8,19193.0
7396,12506,0,10665,,10665,1,53595.3,21168.4,19345.4
7399,10408,0,5603,,5603,1,37005.5,28225.7,20090.7
7406,11227,0,8287,,8287,1,55482.8,20157.3,21321.7
7407,10187,0,10896,,10896,1,51477.5,19544.3,24921.7
7408,287884,0,8376,,8376,1,44470.4,16539.6,24091.0
7409,519692,0,15765,,15765,1,65485.4,10916.9,26936.6
7410,10702,0,10093,,10093,1,54200.2,25318.8,16562.9
7411,12109,0,5857,,5857,1,48207.3,25714.5,23350.3
7413,11608,0,5163,,5163,1,48268.4,23729.8,24091.6
7416,13153,0,13925,,13925,1,32168.9,11443.2,26922.9
7418,12162,0,12532,,12532,1,64168.4,10423.5,26569.9
7419,12934,0,6757,,6757,1,42164.9,27414.9,16298.4
7420,517458,0,6743,,6743,1,48142.5,25845.8,17482.7
7424,11930,0,6178,,6178,1,49281.2,25300.4,18061.8
7435,11749,0,5456,,5456,1,53137.6,25531.9,16209.1
7437,12037,0,13919,,13919,1,33196.6,11789.0,25016.6
7439,13556,0,7262,,7262,1,28169.4,13968.2,29404.9
7441,11112,0,12480,,12480,1,63016.3,10890.2,24689.1
7445,11030,0,11316,,11316,1,59724.1,13437.6,22684.7
7447,23281,0,2902,,2902,1,49389.7,20512.0,23331.9
7451,33047,0,6473,,6473,1,54499.7,25099.7,24065.0
7453,16648,0,3835,,3835,1,48647.1,30133.4,18057.6
7454,18049,0,3986,,3986,1,49120.0,30012.6,18098.1
7455,12706,0,7658,,7658,1,52277.2,19153.1,24230.2
7456,520468,0,7353,,7353,1,44327.1,19459.1,23523.5
7458,516097,0,2789,,2789,1,46860.9,26463.9,15823.7
7463,11741,0,6235,,6235,1,42562.0,25724.1,24083.4
7466,522828,0,9289,,9289,1,37329.4,15524.9,23016.0
7468,14391,0,2580,,2580,1,48818.8,26094.1,16077.1
7469,11174,0,4186,,4186,1,34070.9,15203.8,26483.9
7473,12572,0,10582,,10582,1,33907.3,10072.7,25277.7
7475,11606,0,3864,,3864,1,34277.4,14995.2,26245.1
7480,10324,0,13969,,13969,1,47725.0,19502.1,19784.0
7481,12656,0,13603,,13603,1,48926.1,19430.6,19852.9
7484,10297,0,29542,,29542,1,32543.0,24163.6,24397.3
7486,12259,0,3849,,3849,1,61649.7,13637.9,25382.6
7489,11433,0,13235,,13235,1,49040.8,19461.1,19803.8
7490,12343,0,8940,,8940,1,62323.4,9344.5,25276.7
7493,11210,0,4018,,4018,1,61834.0,13769.6,25295.9
7497,11886,0,13987,,13987,1,47810.4,19528.7,19873.7
7498,13666,0,3918,,3918,1,39290.5,29132.9,18027.4
7502,11058,0,2467,,2467,1,37524.3,22363.0,24621.3
7505,12371,0,5232,,5232,1,58523.3,30774.9,24082.6
7507,13610,0,3585,,3585,1,39502.6,28326.2,17777.8
7511,11001,0,7857,,7857,1,32864.2,13624.6,28095.9
7514,23204,0,6356,,6356,1,39023.7,31664.1,23457.6
7515,12241,0,3773,,3773,1,57733.4,26809.5,17011.3
7517,10147,0,26264,,26264,1,64754.8,22910.4,23658.9
7518,12837,0,2670,,2670,1,59933.6,21352.0,23937.5
7519,521526,0,17828,,17828,1,52016.6,17512.8,17943.9
7523,10495,0,23812,,23812,1,52428.6,16828.7,15146.1
7529,532766,0,3483,,3483,1,57407.7,27205.1,17614.8
7541,10285,0,22510,,22510,1,54190.0,15614.7,16535.5
7544,16921,0,1937,,1937,1,38162.2,26914.8,20181.9
7545,525780,0,11589,,11589,1,49849.9,15604.5,18146.5
7546,519371,0,21490,,21490,1,44398.4,16813.3,15414.3
7547,13221,0,6254,,6254,1,32041.0,14230.5,25876.0
7549,11959,0,9126,,9126,1,32702.0,16058.9,27105.3
7553,11195,0,3486,,3486,1,51085.7,25157.3,18546.9
7555,519373,0,14171,,14171,1,46418.8,17929.3,18188.5
7571,10118,0,17938,,17938,1,58892.3,28590.5,27681.5
7584,10097,0,27959,,27959,1,51929.4,17063.2,20398.6
7585,515551,0,1868,,1868,1,58881.2,24916.8,19744.2
7590,519132,0,19765,,19765,1,42260.1,16332.1,16850.6
7598,533914,0,7982,,7982,1,64099.9,15154.8,26520.9
7603,14319,0,3584,,3584,1,40312.8,30140.5,19303.3
7604,530875,0,10141,,10141,1,47473.9,15484.8,18425.6
7614,13028,0,2968,,2968,1,39083.1,29156.8,20212.1
7624,14158,0,3683,,3683,1,41027.4,30275.2,19607.0
7631,10138,0,26634,,26634,1,44857.9,17218.0,20598.0
7649,10044,0,27293,,27293,1,52491.0,10159.7,21180.9
7669,13147,0,5272,,5272,1,64588.2,13200.6,25108.2
7675,13596,0,2213,,2213,1,40744.4,26608.1,16007.4
7680,11141,0,3347,,3347,1,40179.7,28038.4,18868.2
7688,12491,0,2071,,2071,1,40449.0,23914.0,20193.3
7690,10122,0,26519,,26519,1,43572.5,10712.2,21214.4
7694,17846,0,2514,,2514,1,36436.5,18667.0,25632.8
7715,11014,0,8337,,8337,1,48423.1,37046.4,25899.5
7718,10175,0,11303,,11303,1,49444.5,21513.7,27112.9
7724,16508,0,2350,,2350,1,40966.5,27622.3,16535.1
7726,556574,0,3137,,3137,1,56549.3,28733.5,19225.2
7749,20418,0,19569,,19569,1,43621.7,20334.0,25411.1
7756,12351,0,3620,,3620,1,56949.6,26560.5,18484.1
7759,10286,0,17906,,17906,1,52930.4,19819.3,24726.7
7761,14419,0,1717,,1717,1,41762.8,29832.1,20576.2
7764,10775,0,8852,,8852,1,49304.2,37595.3,26075.4
7771,11449,0,2773,,2773,1,46205.0,26674.7,19266.6
7772,37635,0,1506,,1506,1,55435.7,27990.8,20442.3
7782,12012,0,3956,,3956,1,44912.8,29975.5,18470.7
7784,13294,0,2074,,2074,1,56018.9,22399.4,19694.2
7804,11271,0,2561,,2561,1,59949.9,17292.8,24419.9
7810,12732,0,2696,,2696,1,39702.7,14846.2,20695.4
7814,13940,0,2976,,2976,1,56796.7,28772.8,19427.8
7816,10826,0,6321,,6321,1,51104.0,17157.9,14856.4
7819,12489,0,1078,,1078,1,36257.2,23921.8,26684.6
7820,12454,0,3209,,3209,1,56693.8,14042.1,20355.9
7821,523628,0,6817,,6817,1,45551.5,16997.4,14952.7
7824,523060,0,20295,,20295,1,47372.2,17348.9,14911.7
7830,14609,0,2793,,2793,1,31085.9,18052.8,29817.4
7838,10823,0,3669,,3669,1,45960.7,19348.3,31238.6
7840,16275,0,3619,,3619,1,36302.6,15654.8,28341.6
7853,10683,0,10363,,10363,1,31358.4,17105.7,27271.6
7858,11318,0,3962,,3962,1,44505.0,15616.8,16746.6
7859,14572,0,3104,,3104,1,32564.1,12327.2,25176.4
7860,526311,0,5382,,5382,1,39107.6,10219.0,23685.8
7861,524152,0,2976,,2976,1,33952.7,26654.2,30725.1
7863,12471,0,1931,,1931,1,55757.5,24462.0,15533.7
7865,10564,0,12668,,12668,1,54300.3,12371.2,19358.7
7867,520393,0,5530,,5530,1,52310.3,15042.3,17166.1
7868,11324,0,11084,,11084,1,41988.8,12960.0,19708.4
7870,524968,0,8845,,8845,1,36376.8,18574.3,26757.7
7871,30519,0,1073,,1073,1,36818.1,22364.8,25692.0
7873,524893,0,12159,,12159,1,53083.3,21098.4,18744.0
7874,10168,0,10333,,10333,1,47078.1,20760.0,25196.2
7878,13529,0,2410,,2410,1,58917.9,25317.5,20558.6
7880,12761,0,4726,,4726,1,44580.5,15632.9,17034.3
7885,46388,0,5557,,5557,1,56874.7,9942.8,23378.4
7890,520236,0,5507,,5507,1,38870.8,10341.5,23737.3
7894,515578,0,9916,,9916,1,64881.2,15956.8,26735.6
7895,16334,0,2378,,2378,1,53977.1,13214.6,22518.7
7896,556286,0,9103,,9103,1,59885.2,17791.4,26237.6
7906,19615,0,1868,,1868,1,40050.4,13654.6,23753.4
7910,532000,0,6111,,6111,1,56779.1,10561.7,22850.6
7912,19267,0,18334,,18334,1,51522.0,17457.1,14352.4
7915,512248,0,4174,,4174,1,51481.0,14230.3,17274.0
7920,12636,0,2260,,2260,1,38575.1,26612.0,24539.1
7926,515811,0,2084,,2084,1,42417.3,13604.2,22460.8
7940,26485,0,3262,,3262,1,40203.3,11382.8,23689.0
7944,11607,0,4128,,4128,1,51934.7,15251.4,16396.3
7946,519317,0,954,,954,1,60907.6,21232.7,25821.6
7949,12809,0,4469,,4469,1,55301.8,16361.9,17132.3
7951,10599,0,26172,,26172,1,53995.8,14567.8,19011.3
7953,10646,0,14416,,14416,1,36072.1,27212.2,25493.5
7954,519318,0,1140,,1140,1,57756.7,26190.3,25194.5
7962,13526,0,8761,,8761,1,34146.5,16150.4,24007.5
7964,18713,0,19077,,19077,1,50908.6,17481.8,14502.0
7965,11682,0,3633,,3633,1,35525.0,14010.3,24382.9
7967,18959,0,1811,,1811,1,46741.0,30605.6,19562.9
7969,12778,0,2225,,2225,1,65655.9,17604.1,29031.1
7977,522749,0,11002,,11002,1,49614.6,19399.4,17339.5
7978,512788,0,8668,,8668,1,56059.2,12241.9,20909.1
7979,10615,0,2160,,2160,1,58410.4,24951.4,23822.3
7980,513174,0,10551,,10551,1,56364.1,17815.8,15398.9
7982,512460,0,3951,,3951,1,44954.5,14276.0,17547.6
7984,14221,0,8681,,8681,1,40459.7,13021.9,20969.8
7988,521108,0,2439,,2439,1,38832.3,29599.5,20601.3
7993,12654,0,7166,,7166,1,51954.3,15685.3,19759.2
8000,10342,0,1995,,1995,1,56159.0,27046.0,31033.2
8003,531768,0,11063,,11063,1,34223.5,18572.5,29703.8
8004,11958,0,6062,,6062,1,31500.5,14539.0,25877.0
8016,15578,0,3517,,3517,1,44227.7,14252.1,19740.9
8020,14506,0,1628,,1628,1,55648.1,24324.4,15539.7
8030,14662,0,4576,,4576,1,35923.8,9934.7,24583.3
8033,38024,0,1905,,1905,1,28214.8,13423.8,29144.1
8039,10816,0,13586,,13586,1,56107.2,15766.2,16370.9
8046,10094,0,14724,,14724,1,61762.9,27018.7,25046.8
8047,521227,0,2388,,2388,1,63901.2,11446.6,25031.7
8048,20688,0,2684,,2684,1,57899.6,27800.8,20398.2
8049,34896,0,7417,,7417,1,62443.8,15050.6,22967.3
8051,21242,0,16725,,16725,1,47780.7,17346.2,14959.8
8052,41086,0,4581,,4581,1,54238.3,11924.1,19550.5
8054,14954,0,2808,,2808,1,33053.1,13523.8,28980.8
8055,530873,0,2776,,2776,1,54501.2,11208.2,22493.8
8069,125182,0,2343,,2343,1,56867.4,17023.4,26044.0
8075,16734,0,2725,,2725,1,33012.6,13287.5,28792.3
8078,580802,0,2947,,2947,1,60200.5,15495.9,27651.9
8084,512187,0,2915,,2915,1,50936.0,14852.4,20098.0
8085,28622,0,2858,,2858,1,55482.9,11139.7,23694.7
8091,26720,0,3523,,3523,1,49407.4,17104.7,16332.6
8097,11455,0,19881,,19881,1,54692.4,16509.3,16070.0
8104,529549,0,3453,,3453,1,52629.9,13650.4,20064.2
8105,521336,0,2422,,2422,1,40118.6,17526.2,25801.4
8106,508595,0,25319,,25319,1,42008.9,15364.1,18667.5
8108,14925,0,2680,,2680,1,62794.2,26332.6,30147.5
8119,29560,0,1177,,1177,1,43373.7,24407.1,16920.7
8123,13072,0,2651,,2651,1,42480.6,30833.5,26659.9
8124,521292,0,3097,,3097,1,43623.1,15616.1,22863.5
8126,13066,0,4810,,4810,1,41738.1,11754.6,20259.8
8129,11805,0,12937,,12937,1,40070.5,16317.1,16660.7
8134,20324,0,1281,,1281,1,52953.0,23110.7,16816.2
8140,21692,0,6914,,6914,1,46092.5,16006.0,19965.3
8152,10057,0,8049,,8049,1,56764.8,22133.7,21449.2
8155,10363,0,2301,,2301,1,41900.5,11739.9,22809.0
8157,22530,0,3468,,3468,1,52711.5,13142.9,18252.0
8161,515015,0,8978,,8978,1,39954.3,18235.8,16131.7
8173,21568,0,38096,,38096,1,32557.4,25286.7,23335.9
8177,11785,0,5887,,5887,1,53899.9,16921.4,17776.7
8183,12003,0,3401,,3401,1,35721.2,13791.4,23966.1
8187,14959,0,3563,,3563,1,36092.4,16146.6,29803.7
8203,11042,0,3670,,3670,1,59794.5,12699.5,22809.6
8209,10457,0,7185,,7185,1,39768.5,22964.1,22271.3
8211,36245,0,2715,,2715,1,54512.2,14941.3,22567.3
8212,10368,0,6423,,6423,1,50434.1,21474.0,19535.2
8220,15669,0,3892,,3892,1,52826.9,13059.4,20415.2
8223,11409,0,3236,,3236,1,51387.4,29150.1,18874.1
8225,519296,0,8527,,8527,1,33935.2,23488.1,23966.0
8231,19044,0,6368,,6368,1,34417.4,9983.8,25222.2
8235,16309,0,1571,,1571,1,57431.8,13803.0,24606.0
8248,514036,0,3210,,3210,1,47836.5,17079.0,16362.9
8259,10604,0,8403,,8403,1,62139.6,17579.0,28952.3
8272,521687,0,5969,,5969,1,63586.6,22362.5,23124.4
8273,525777,0,4303,,4303,1,47050.5,12532.0,16752.3
8275,512786,0,4023,,4023,1,59686.9,8921.0,24750.8
8276,17258,0,1723,,1723,1,59294.3,11467.9,26356.0
8285,512156,0,3258,,3258,1,44689.7,13570.5,18282.1
8292,11226,0,3370,,3370,1,59813.3,12985.6,23092.6
8293,10789,0,5819,,5819,1,61044.6,10805.9,24291.5
8300,16160,0,3842,,3842,1,43443.8,12464.2,21612.9
8302,11145,0,6325,,6325,1,57475.5,18618.0,18080.0
8308,533588,0,4784,,4784,1,64878.7,13231.4,25211.9
8313,522984,0,2489,,2489,1,46096.7,15308.7,20127.5
8314,519866,0,2917,,2917,1,52528.2,16484.4,20688.9
8321,11317,0,4836,,4836,1,62027.7,21410.8,24387.7
8323,13576,0,5905,,5905,1,36498.5,21319.9,20855.5
8327,10804,0,6097,,6097,1,38660.9,19490.1,19051.8
8329,16013,0,2052,,2052,1,57596.1,29991.6,19626.6
8346,14360,0,1239,,1239,1,60668.6,21617.9,25848.8
8348,10434,0,3675,,3675,1,51455.4,43595.1,68582.9
8349,522789,0,3052,,3052,1,43541.3,15211.5,22601.7
8354,11176,0,10384,,10384,1,43772.4,21463.0,18665.5
8358,15961,0,2818,,2818,1,60676.8,14679.8,28864.7
8360,20564,0,1534,,1534,1,33509.0,31189.5,29108.6
8365,228556,0,5318,,5318,1,34467.4,10150.2,24809.7
8371,558970,0,5405,,5405,1,53017.0,14544.8,18448.6
8373,17800,0,2064,,2064,1,40838.1,31980.0,19828.0
8379,12676,0,5532,,5532,1,60419.7,20333.7,20119.9
8390,562782,0,2729,,2729,1,38363.7,9421.0,21934.3
8393,512746,0,1284,,1284,1,38465.3,14638.9,24762.0
8397,519131,0,16930,,16930,1,42049.6,17676.6,16587.4
8407,17764,0,2126,,2126,1,45820.6,10531.1,24365.9
8413,19995,0,2896,,2896,1,54219.9,14428.3,17254.2
8426,114715,0,6161,,6161,1,47743.0,21338.8,19578.1
8427,15535,0,3821,,3821,1,46672.8,13151.2,18718.3
8442,14982,0,4485,,4485,1,52931.5,13350.9,16515.7
8457,11969,0,4680,,4680,1,31960.0,13262.7,24796.6
8462,11836,0,2299,,2299,1,63654.3,12015.3,27988.4
8466,18874,0,1722,,1722,1,36609.0,12408.1,26237.4
8467,512662,0,7708,,7708,1,52214.4,17234.1,17352.2
8472,79979,0,2831,,2831,1,36859.5,13692.7,23836.6
8478,10172,0,38670,,38670,1,64934.6,24209.1,22735.9
8482,14667,0,2888,,2888,1,36823.8,13789.2,23791.2
8484,514853,0,6371,,6371,1,39610.4,14248.6,18369.2
8491,10165,0,9354,,9354,1,48650.9,35983.9,30345.8
8497,12866,0,2238,,2238,1,42475.2,16113.3,21275.0
8506,521194,0,7788,,7788,1,36216.0,9665.9,24938.5
8514,13138,0,4341,,4341,1,58329.1,9310.3,23509.7
8523,18047,0,5193,,5193,1,61782.1,9239.2,25147.1
8536,14174,0,5294,,5294,1,52796.0,11397.7,22741.0
8549,46277,0,4691,,4691,1,43598.8,14998.1,18427.6
8572,22870,0,1840,,1840,1,52534.8,17734.1,17661.8
8574,532010,0,4895,,4895,1,41678.8,11648.8,23645.3
8578,15970,0,2068,,2068,1,41032.6,31568.4,19962.9
8586,11237,0,5239,,5239,1,34202.1,23846.4,24248.1
8594,23602,0,2380,,2380,1,57584.4,14015.1,25033.6
8597,520083,0,2926,,2926,1,50815.4,12818.9,16646.0
8608,11170,0,13117,,13117,1,37223.2,9463.0,24011.9
8625,11997,0,4735,,4735,1,64935.0,12159.6,24306.5
8631,15158,0,5978,,5978,1,35346.1,16112.3,25634.0
8638,13488,0,2979,,2979,1,34823.9,11554.3,26427.8
8640,521309,0,6522,,6522,1,59406.3,8961.7,24716.4
8651,19036,0,2445,,2445,1,38322.0,14932.4,25602.1
8659,12873,0,2370,,2370,1,54151.8,15799.6,20165.7
8675,15125,0,1196,,1196,1,57310.0,29862.3,20180.5
8678,16136,0,2546,,2546,1,40231.0,31930.4,19831.9
8686,18749,0,2747,,2747,1,45423.4,12915.4,17352.0
8688,15782,0,4068,,4068,1,50723.7,13391.1,18649.7
8706,25161,0,2152,,2152,1,64018.5,15765.5,25598.0
8711,49038,0,1197,,1197,1,28768.5,13915.6,28041.6
8718,529023,0,6218,,6218,1,38017.7,19632.2,26496.3
8719,21756,0,1391,,1391,1,56518.4,30093.6,19447.4
8729,11923,0,11207,,11207,1,62889.5,23353.0,24927.6
8733,555176,0,12358,,12358,1,38896.6,31649.7,34396.8
8742,12633,0,2209,,2209,1,47692.7,15477.0,23086.1
8750,10299,0,15086,,15086,1,46971.4,19951.5,22583.0
8752,10705,0,1767,,1767,1,40912.6,28883.7,32674.9
8756,21556,0,2564,,2564,1,53959.7,12152.6,20879.4
8757,15118,0,9894,,9894,1,33082.2,20528.1,25411.4
8764,19498,0,2771,,2771,1,57566.6,12910.7,21300.0
8768,14279,0,2506,,2506,1,51994.7,25962.0,25486.9
8773,520186,0,2189,,2189,1,57376.6,9042.8,22315.5
8779,18778,0,2563,,2563,1,41858.1,14838.6,18281.5
8781,512459,0,3641,,3641,1,44845.5,14519.4,19299.4
8793,520379,0,3965,,3965,1,43514.4,13662.4,17019.8
8797,15244,0,2625,,2625,1,36375.1,16885.3,27123.2
8801,44250,0,1038,,1038,1,30442.0,14186.5,31360.5
8805,24969,0,1633,,1633,1,65108.9,11826.5,26592.5
8820,529517,0,1764,,1764,1,50312.3,10461.1,24199.4
8827,520337,0,6548,,6548,1,55259.4,21966.1,21315.7
8828,14966,0,6454,,6454,1,30126.6,15084.9,24507.1
8845,11008,0,10670,,10670,1,58630.3,9037.0,23860.6
8855,523043,0,4797,,4797,1,42331.4,17193.6,18391.9
8858,18617,0,1918,,1918,1,49599.0,15448.3,23357.7
8865,14089,0,2061,,2061,1,36251.2,30786.6,30681.3
8876,12508,0,4363,,4363,1,34971.7,23024.3,25717.7
8896,11664,0,12113,,12113,1,35409.9,25648.3,25806.8
8899,14894,0,5233,,5233,1,51588.9,16383.5,18113.8
8903,20080,0,2257,,2257,1,34672.3,32416.1,29440.8
8929,514980,0,1463,,1463,1,50463.2,15636.6,16505.8
8930,513091,0,1311,,1311,1,46285.7,15743.0,16352.7
8946,16441,0,1791,,1791,1,38500.2,13235.3,22359.2
8957,19059,0,4383,,4383,1,61303.0,9088.2,24485.9
8967,18185,0,3076,,3076,1,51729.6,12938.9,16603.2
8969,10050,0,16019,,16019,1,47677.5,27220.4,31904.3
8976,37511,0,3566,,3566,1,52282.1,13698.3,19636.2
8981,10278,0,16505,,16505,1,49812.0,27220.6,31955.3
8986,24761,0,1239,,1239,1,29144.4,20402.3,26859.1
8987,12832,0,6182,,6182,1,58756.5,19489.4,25863.5
9000,12561,0,10680,,10680,1,30889.2,20388.3,22771.8
9016,27025,0,1335,,1335,1,32900.4,16575.8,28440.6
9021,27303,0,3071,,3071,1,34688.7,8688.2,24753.8
9032,10669,0,7006,,7006,1,41322.8,22825.1,22292.8
9052,13947,0,2203,,2203,1,55132.9,12435.8,20186.3
9054,14294,0,4166,,4166,1,32026.2,15207.4,27870.3
9056,47600,0,4104,,4104,1,60958.2,15076.1,24850.2
9071,13831,0,2886,,2886,1,50965.3,24599.9,19206.5
9073,521063,0,2698,,2698,1,57543.2,12617.4,21501.8
9074,521545,0,2157,,2157,1,54450.3,12607.1,19477.1
9080,20275,0,1208,,1208,1,54875.7,17127.3,24401.8
9082,36956,0,3216,,3216,1,65140.0,12606.8,30616.5
9089,10268,0,3967,,3967,1,53095.6,14799.8,18044.4
9094,11929,0,2936,,2936,1,62585.4,14009.0,28728.0
9100,15099,0,1657,,1657,1,58780.0,12363.1,22084.6
9101,19281,0,1642,,1642,1,65563.4,14842.1,25706.5
9102,512841,0,6836,,6836,1,53967.5,12293.6,18456.0
9111,506608,0,1932,,1932,1,43004.6,12866.5,21213.1
9116,520081,0,6583,,6583,1,51818.6,12079.4,20788.9
9123,12566,0,2577,,2577,1,54904.3,29989.8,26000.9
9124,17389,0,2133,,2133,1,59964.9,15684.7,26163.3
9129,12008,0,3686,,3686,1,49039.9,15198.4,17430.5
9132,531131,0,3944,,3944,1,36535.5,15698.9,28403.5
9139,520721,0,4905,,4905,1,44951.9,17144.3,18148.0
9143,518919,0,1291,,1291,1,66566.7,11682.4,27328.4
9145,14911,0,2933,,2933,1,33987.7,30191.3,26252.5
9161,513409,0,3268,,3268,1,36498.8,10899.9,25240.2
9167,555502,0,1759,,1759,1,35383.2,31103.9,30477.2
9171,13870,0,5941,,5941,1,43625.6,15228.6,16247.1
9173,19412,0,2439,,2439,1,61370.3,7830.2,25112.7
9178,12001,0,5287,,5287,1,66224.3,13365.4,23590.0
9200,16793,0,2362,,2362,1,33216.6,16282.6,28880.9
9201,17988,0,2873,,2873,1,44703.3,12974.6,17063.6
9216,12542,0,4674,,4674,1,56214.5,9480.4,23287.0
9219,533590,0,12582,,12582,1,52995.1,17022.8,17234.9
9220,13768,0,7432,,7432,1,57729.6,16649.0,15787.3
9221,558869,0,3501,,3501,1,44123.1,11972.1,20167.0
9231,13865,0,5157,,5157,1,54098.6,12821.4,19807.8
9232,22698,0,1155,,1155,1,59349.4,12074.7,28067.8
9234,24079,0,1367,,1367,1,63993.5,30171.5,28481.9
9235,55874,0,815,,815,1,28323.0,13260.6,28630.0
9236,532568,0,5914,,5914,1,52572.9,15236.8,15458.3
9242,44493,0,864,,864,1,68040.2,12171.8,27723.2
9248,12071,0,4453,,4453,1,35044.0,23151.9,25315.3
9250,44217,0,3733,,3733,1,48300.9,15297.5,17160.4
9254,22928,0,2650,,2650,1,31746.7,11581.9,25278.0
9255,134783,0,371,,371,1,67978.6,16355.1,29422.5
9256,13481,0,2647,,2647,1,45864.4,25267.0,19391.4
9259,11908,0,10481,,10481,1,58463.7,31026.8,33745.1
9270,71547,0,3153,,3153,1,58503.0,17233.6,24153.3
9272,15316,0,2383,,2383,1,54909.9,13885.3,23822.2
9277,34652,0,943,,943,1,52313.4,21852.4,20803.5
9284,56288,0,591,,591,1,29270.3,16814.1,31101.7
9289,11308,0,7536,,7536,1,32266.8,18822.2,24339.2
9298,523425,0,4754,,4754,1,42101.2,13141.4,20266.5
9300,12815,0,2862,,2862,1,40326.0,30505.6,20000.4
9301,16816,0,3915,,3915,1,57744.9,10476.1,27306.6
9314,16446,0,7673,,7673,1,63489.6,19379.8,24350.5
9321,14133,0,5992,,5992,1,45279.8,17628.5,18028.8
9324,76401,0,1598,,1598,1,62858.7,31017.7,28699.7
9328,43216,0,767,,767,1,53221.9,23582.9,16328.3
9332,511853,0,4350,,4350,1,64831.3,14058.2,26693.3
9333,52016,0,1084,,1084,1,63354.6,15606.2,27192.7
9353,10719,0,46430,,46430,1,29150.2,24734.4,22823.8
9354,521971,0,3639,,3639,1,43616.8,15123.3,18190.3
9356,13839,0,2230,,2230,1,39435.7,21370.9,32747.0
9359,12390,0,9195,,9195,1,36494.4,21506.4,21416.8
9363,74465,0,1794,,1794,1,36266.7,10695.3,27075.4
9364,31275,0,1912,,1912,1,61051.9,9071.2,24629.7
9369,16589,0,1380,,1380,1,41820.4,17899.2,24774.2
9371,515420,0,2420,,2420,1,63005.8,28946.9,24938.0
9374,517867,0,1944,,1944,1,34602.8,9912.8,24351.4
9378,521086,0,7580,,7580,1,39064.5,16935.3,16109.5
9380,18254,0,1421,,1421,1,37206.1,12522.0,29593.2
9407,11437,0,2468,,2468,1,32361.0,14523.2,27858.6
9412,518690,0,948,,948,1,45829.5,21474.9,20908.8
9417,40826,0,730,,730,1,30609.5,16899.8,32645.4
9426,27280,0,1772,,1772,1,32626.2,11820.4,25304.3
9429,12430,0,3755,,3755,1,52214.2,11519.6,20145.1
9439,13880,0,2601,,2601,1,43496.3,23429.8,22497.0
9445,107730,0,1272,,1272,1,36438.0,10591.3,27019.4
9458,10195,0,3395,,3395,1,41367.8,19650.1,27899.4
9459,10035,0,17059,,17059,1,50088.4,19908.2,22438.7
9460,11192,0,10631,,10631,1,43718.6,17423.8,17634.9
9466,13244,0,8870,,8870,1,34865.4,13509.4,24949.0
9480,38272,0,1519,,1519,1,45181.8,18134.2,17846.6
9482,258715,0,511,,511,1,43517.6,20267.3,34420.8
9485,22204,0,1725,,1725,1,30642.1,9352.2,27944.8
9486,523816,0,905,,905,1,52175.3,22266.0,21467.1
9489,18387,0,1098,,1098,1,36566.2,13871.8,28896.3
9502,12671,0,1527,,1527,1,61523.5,29826.8,30154.2
9527,51901,0,2101,,2101,1,39487.1,9272.8,23592.9
9534,12353,0,2394,,2394,1,35484.9,10117.2,23779.7
9540,18039,0,1684,,1684,1,40073.5,36722.3,27861.9
9548,28123,0,1632,,1632,1,52441.2,16848.6,18236.9
9553,11691,0,2563,,2563,1,39774.1,18691.6,20303.8
9555,53490,0,3002,,3002,1,59082.9,10182.9,24835.7
9557,20326,0,1132,,1132,1,34981.6,22611.6,27549.1
9558,521937,0,2338,,2338,1,57403.9,21224.3,32668.0
9564,56083,0,540,,540,1,28983.7,17485.1,30505.4
9565,25030,0,1527,,1527,1,40012.5,16994.0,19286.9
9573,28469,0,695,,695,1,60343.3,15660.0,30768.0
9596,519619,0,4691,,4691,1,49838.8,16678.9,15218.5
9600,75244,0,1847,,1847,1,61008.4,10025.0,26511.4
9608,515034,0,6202,,6202,1,46385.3,17347.5,15439.8
9611,25997,0,1184,,1184,1,46795.1,18553.6,15734.3
9614,14270,0,1652,,1652,1,54968.2,8136.2,24546.8
9620,10072,0,15523,,15523,1,30664.3,30960.4,33831.7
9632,15196,0,3953,,3953,1,59474.8,8047.0,24672.6
9633,18217,0,2146,,2146,1,41375.8,15563.3,23074.3
9636,10552,0,3344,,3344,1,54733.0,19948.2,26624.5
9638,37105,0,982,,982,1,52627.6,22896.8,21418.1
9651,435343,0,1315,,1315,1,50754.0,16002.8,16765.7
9661,16617,0,3834,,3834,1,39680.4,16778.0,17279.6
9665,11187,0,6169,,6169,1,68531.0,27226.6,30476.4
9668,18238,0,1400,,1400,1,43900.0,17574.9,18677.9
9678,17203,0,4659,,4659,1,46054.6,11247.0,24934.6
9684,30539,0,754,,754,1,39590.0,29734.0,20413.0
9691,14061,0,6145,,6145,1,51169.1,10723.0,22754.9
9699,11115,0,8529,,8529,1,60138.6,20424.8,20781.3
9705,13728,0,7003,,7003,1,57744.1,16667.9,15643.6
9706,512296,0,2135,,2135,1,64143.0,13428.5,27355.8
9707,17155,0,4151,,4151,1,40237.2,9713.1,23371.7
9712,32708,0,1130,,1130,1,50418.4,17504.8,15049.8
9729,25242,0,693,,693,1,57413.8,9460.9,27643.1
9730,11435,0,5893,,5893,1,28202.9,29133.7,31783.1
9732,70867,0,778,,778,1,66939.0,11385.0,26844.1
9736,10690,0,1285,,1285,1,59017.6,12003.2,29378.3
9738,53321,0,1162,,1162,1,31180.8,12948.9,27936.0
9741,18406,0,3875,,3875,1,54120.0,16390.6,19376.8
9750,521352,0,5037,,5037,1,44264.4,16933.3,20869.7
9759,47269,0,1397,,1397,1,53325.4,19449.0,17636.4
9760,18796,0,2065,,2065,1,33690.3,12284.4,25470.5
9773,28978,0,1168,,1168,1,58747.8,10008.0,26357.6
9775,11640,0,2359,,2359,1,32536.0,14563.3,28101.3
9777,10326,0,2597,,2597,1,54546.7,12697.8,25072.4
9778,15708,0,4059,,4059,1,42553.2,16645.5,19732.9
9791,11305,0,4511,,4511,1,60803.8,13704.5,28045.0
9797,17981,0,1515,,1515,1,62121.1,29734.9,29847.8
9801,30282,0,1826,,1826,1,54689.5,8371.6,24254.0
9803,10120,0,7226,,7226,1,44369.1,25622.5,23962.1
9806,13631,0,5786,,5786,1,44488.3,12569.1,21106.1
9808,87189,0,2546,,2546,1,34874.5,9055.1,25106.8
9810,29632,0,1603,,1603,1,29691.9,21685.4,28249.1
9815,92871,0,1804,,1804,1,38197.1,14927.1,22754.8
9824,13068,0,3964,,3964,1,38468.6,26001.1,26680.7
9825,61779,0,1105,,1105,1,45314.7,15429.0,16922.6
9828,26130,0,1478,,1478,1,41938.6,13055.3,19611.5
9836,34966,0,1241,,1241,1,36704.2,31847.2,30275.2
9840,512489,0,1362,,1362,1,63452.3,10755.7,24772.0
9845,21778,0,2191,,2191,1,57769.8,18041.6,20133.9
9847,12997,0,4598,,4598,1,35358.4,9440.7,24755.8
9849,517722,0,1249,,1249,1,52435.9,15314.0,16968.2
9854,519398,0,5853,,5853,1,52410.5,16307.3,19964.5
9861,11559,0,1841,,1841,1,57187.2,35684.0,27426.3
9863,18182,0,2593,,2593,1,52456.3,22452.4,22862.2
9866,27077,0,1954,,1954,1,32262.3,11878.7,25332.6
9871,40335,0,719,,719,1,47530.3,18679.3,16390.2
9882,18337,0,1595,,1595,1,64466.5,14781.2,26756.5
9883,10011,0,13779,,13779,1,66813.1,30116.4,33190.9
9885,16322,0,1245,,1245,1,40734.4,9538.4,23084.8
9888,38333,0,884,,884,1,30269.0,13394.4,31311.4
9894,15114,0,1675,,1675,1,58434.0,14080.4,22286.8
9902,11504,0,1590,,1590,1,59683.9,12303.1,26735.0
9905,517866,0,1984,,1984,1,34764.0,10178.8,24556.2
9913,12691,0,1933,,1933,1,60743.1,9693.5,23644.1
9917,582265,0,2251,,2251,1,56067.2,11633.5,20404.1
9918,11016,0,4575,,4575,1,36371.8,14876.7,28648.6
9926,35978,0,905,,905,1,52694.8,21769.0,20696.3
9937,66261,0,706,,706,1,30206.1,12256.7,28202.3
9940,31124,0,3771,,3771,1,61948.9,22128.0,25258.4
9949,530245,0,1365,,1365,1,65370.3,8269.0,27392.3
9953,15928,0,794,,794,1,57873.1,27638.5,20324.1
9957,39805,0,1218,,1218,1,56308.2,9218.4,23170.9
9974,37058,0,849,,849,1,45168.4,22238.4,21206.3
9985,15117,0,3964,,3964,1,48629.4,15248.5,16132.5
9990,521938,0,1785,,1785,1,53577.5,10465.0,24627.9
10007,20052,0,2135,,2135,1,57168.6,8524.1,23761.9
10014,17708,0,2492,,2492,1,32515.0,16380.8,27607.8
10015,524133,0,4755,,4755,1,67909.1,19528.9,22324.9
10019,519368,0,6884,,6884,1,39029.4,17080.4,15962.2
10021,33779,0,1035,,1035,1,30486.3,12926.0,27447.2
10022,12985,0,3398,,3398,1,54858.9,13689.9,18556.3
10024,29932,0,1434,,1434,1,34806.3,8195.1,29076.6
10032,512734,0,6417,,6417,1,52392.1,12361.4,20110.3
10033,517512,0,2742,,2742,1,50073.5,22186.7,20749.4
10034,19385,0,2221,,2221,1,55914.8,13328.7,19373.5
10035,545550,0,766,,766,1,67070.1,11009.6,27586.8
10039,32698,0,726,,726,1,28947.1,13343.2,30589.8
10043,18257,0,2325,,2325,1,35058.1,31943.2,28770.3
10047,17209,0,4520,,4520,1,50603.8,11013.1,25077.2
10051,12289,0,10290,,10290,1,30188.5,24004.9,21881.2
10054,45762,0,1123,,1123,1,33665.5,7381.8,28934.3
10055,10110,0,11033,,11033,1,49903.4,27960.2,26135.8
10056,511857,0,799,,799,1,53226.1,21641.6,20592.7
10063,12313,0,5730,,5730,1,43072.2,12785.8,18626.5
10064,28557,0,1588,,1588,1,35451.7,31400.3,29860.1
10071,39412,0,2477,,2477,1,63778.6,13560.8,30543.2
10076,79723,0,677,,677,1,28689.8,13147.2,28406.4
10085,12431,0,3335,,3335,1,52203.5,11931.0,20759.9
10089,916640,0,786,,786,1,31569.5,16846.8,29309.0
10090,524198,0,4153,,4153,1,36794.0,8761.4,24460.6
10096,75270,0,2116,,2116,1,34697.0,9369.8,25508.7
10097,14323,0,2600,,2600,1,63597.5,29217.7,24708.9
10107,16062,0,3216,,3216,1,44343.7,12394.6,21054.0
10113,23703,0,798,,798,1,44798.6,22320.9,21211.1
10126,10916,0,9961,,9961,1,54462.4,17867.9,19683.8
10146,12731,0,9974,,9974,1,30506.5,22234.2,24200.1
10148,13737,0,3019,,3019,1,41725.2,14298.9,18669.8
10150,25363,0,2306,,2306,1,38777.1,8541.8,23784.6
10152,24163,0,2180,,2180,1,32453.5,12103.3,25681.4
10159,19152,0,1907,,1907,1,32387.5,14254.4,26806.1
10160,29350,0,569,,569,1,53171.9,24743.8,21272.6
10162,14728,0,5547,,5547,1,33131.7,16492.7,22195.3
10166,13305,0,6092,,6092,1,29238.9,21470.8,22872.6
10168,14616,0,3761,,3761,1,38251.2,11082.2,27364.3
10171,79682,0,871,,871,1,62526.3,7170.9,29060.0
10176,522714,0,1536,,1536,1,34482.4,29359.5,30680.6
10178,41692,0,2131,,2131,1,38933.3,10069.6,22345.7
10181,23700,0,514,,514,1,38945.5,26441.4,21658.5
10184,13932,0,4962,,4962,1,45673.3,11199.7,22258.0
10195,526526,0,2392,,2392,1,41506.3,10637.6,26454.4
10196,12791,0,1941,,1941,1,60669.3,9605.2,23762.2
10199,17131,0,2544,,2544,1,54230.7,12099.8,20703.4
10205,518488,0,5825,,5825,1,43977.6,12980.4,20381.9
10207,20272,0,1406,,1406,1,41360.4,13145.8,20163.0
10208,14111,0,2975,,2975,1,33238.0,29871.7,25163.1
10216,559532,0,1268,,1268,1,44515.8,19949.0,17691.2
10218,17177,0,2021,,2021,1,48059.9,16370.4,30724.7
10219,10695,0,5721,,5721,1,48802.6,29643.5,22117.6
10224,33038,0,3074,,3074,1,37311.7,17713.0,24717.7
10225,84121,0,1762,,1762,1,44818.7,15668.7,15856.0
10226,579932,0,2034,,2034,1,63961.5,13331.4,27255.1
10229,52567,0,2045,,2045,1,39960.8,12656.1,20480.3
10231,12522,0,1914,,1914,1,35719.9,10361.5,23536.5
10240,13162,0,4908,,4908,1,35084.8,16694.2,22146.8
10242,11470,0,6402,,6402,1,61362.4,12723.8,24221.3
10249,19751,0,1348,,1348,1,31321.2,11977.5,26567.2
10251,140903,0,2216,,2216,1,36302.1,11728.7,28269.4
10263,522734,0,3439,,3439,1,54635.6,15402.0,20705.5
10265,18606,0,1157,,1157,1,60458.3,29817.9,29660.5
10267,515842,0,1181,,1181,1,39628.2,27633.4,24348.5
10268,544277,0,471,,471,1,65880.2,15606.2,31749.0
10269,35748,0,947,,947,1,59061.9,29649.2,30046.8
10270,13851,0,3649,,3649,1,32223.0,18061.8,22653.3
10272,521666,0,2374,,2374,1,61887.1,31207.6,28192.9
10277,10545,0,3047,,3047,1,48008.8,41785.1,66991.9
10280,105705,0,1216,,1216,1,32814.6,11815.7,26529.0
10283,11236,0,1736,,1736,1,53033.2,20249.5,16802.9
10285,10144,0,2367,,2367,1,41735.8,13457.7,24021.2
10288,521669,0,973,,973,1,61760.3,30225.3,29400.2
10291,117427,0,396,,396,1,67540.1,16384.4,29187.7
10302,530938,0,3729,,3729,1,61809.7,21796.4,25222.6
10315,36601,0,1821,,1821,1,55627.0,8623.9,23751.1
10318,33560,0,711,,711,1,31138.3,14632.3,28419.3
10337,24317,0,916,,916,1,29836.1,15331.7,28420.7
10343,39377,0,1098,,1098,1,37731.0,13298.1,21320.6
10345,24744,0,1820,,1820,1,63707.7,10946.2,24678.3
10349,10698,0,6567,,6567,1,64701.9,18041.0,23612.7
10354,532575,0,1899,,1899,1,53951.2,10509.1,23654.9
10355,526522,0,2635,,2635,1,54079.8,9794.1,26031.1
10359,49603,0,1666,,1666,1,40085.7,14139.5,19811.8
10363,521930,0,3153,,3153,1,53524.4,14909.6,25639.1
10375,42241,0,792,,792,1,44602.2,22409.7,21028.1
10380,15332,0,2674,,2674,1,54194.9,13300.9,20140.3
10382,39262,0,4901,,4901,1,51613.0,10426.4,21768.6
10384,10713,0,8820,,8820,1,60050.8,22557.1,29253.1
10387,22442,0,1361,,1361,1,41074.1,10740.4,23496.8
10396,519128,0,5534,,5534,1,50792.9,17298.8,15522.9
10403,58172,0,1383,,1383,1,44865.6,19478.1,16726.9
10408,13595,0,1710,,1710,1,41294.7,16937.9,20772.7
10412,10681,0,5926,,5926,1,61895.8,17948.3,23249.8
10415,18242,0,1604,,1604,1,52465.8,19176.5,16573.4
10418,18941,0,2165,,2165,1,56213.8,13270.2,19640.7
10420,514666,0,2708,,2708,1,40857.2,11404.8,22389.9
10421,10635,0,8773,,8773,1,42397.3,18442.9,20234.7
10423,532827,0,9087,,9087,1,66482.5,21028.8,23365.0
10424,61364,0,1479,,1479,1,58494.2,8124.2,24424.1
10427,45939,0,4207,,4207,1,60567.6,8713.9,24939.8
10430,11331,0,4267,,4267,1,61907.8,15821.9,21929.6
10436,24698,0,1758,,1758,1,63236.4,11242.4,24805.9
10442,11499,0,4131,,4131,1,64661.0,21964.3,22005.7
10448,556994,0,2190,,2190,1,54176.3,13955.5,20865.4
10450,23152,0,2154,,2154,1,36875.9,8791.8,24295.0
10452,44850,0,898,,898,1,56521.1,16603.8,19911.5
10453,15429,0,3046,,3046,1,40918.2,16834.3,27396.7
10457,168147,0,582,,582,1,67215.7,10755.3,27775.0
10458,53089,0,438,,438,1,28545.7,17859.8,28957.2
10460,12918,0,7957,,7957,1,58558.3,15411.7,30013.1
10466,56524,0,1302,,1302,1,54024.7,9260.3,23539.3
10482,29420,0,659,,659,1,27232.1,15229.0,28374.4
10488,11678,0,3292,,3292,1,59346.1,15265.1,27977.3
10489,79669,0,1368,,1368,1,41726.4,9174.8,23445.8
10491,65396,0,677,,677,1,29873.9,13775.6,27331.7
10493,10871,0,3941,,3941,1,61844.5,13719.6,22988.2
10494,42365,0,417,,417,1,26590.9,17687.5,29700.4
10503,28066,0,1638,,1638,1,33765.1,10146.9,25830.6
10505,36384,0,834,,834,1,44386.5,22938.9,21285.4
10506,114738,0,2034,,2034,1,61231.4,8360.6,25078.3
10509,16058,0,2514,,2514,1,39569.0,13756.0,20975.0
10517,23500,0,1195,,1195,1,54924.4,11722.4,20579.6
10520,23261,0,1267,,1267,1,41977.1,11649.9,21210.1
10532,16558,0,2863,,2863,1,32841.0,15426.7,31525.8
10558,555383,0,10983,,10983,1,63878.8,26102.4,25260.4
10566,30371,0,1104,,1104,1,43456.3,22092.5,20608.3
10568,521195,0,8038,,8038,1,36381.6,10798.8,24470.0
10574,11990,0,10144,,10144,1,37519.9,16649.5,29962.8
10577,37020,0,707,,707,1,30701.6,14169.6,26614.9
10582,19362,0,2143,,2143,1,30887.8,11373.2,27825.3
10583,13307,0,4188,,4188,1,49186.8,15015.4,16313.7
10588,513630,0,1630,,1630,1,41045.4,12984.1,20463.4
10592,18427,0,1594,,1594,1,36916.6,12616.2,27093.8
10594,12438,0,5302,,5302,1,45235.4,29690.1,31442.0
10605,165025,0,1713,,1713,1,53804.0,16797.3,25109.2
10609,10867,0,13044,,13044,1,33723.3,27411.2,25644.9
10619,16145,0,3219,,3219,1,60926.8,9863.6,25136.4
10622,532909,0,10564,,10564,1,52647.9,24950.9,21659.6
10623,98045,0,721,,721,1,28464.9,11069.7,29273.4
10646,83890,0,1221,,1221,1,52443.5,12928.3,19129.4
10650,11774,0,3537,,3537,1,32969.0,19173.7,23127.7
10656,11962,0,3854,,3854,1,34097.6,14960.8,23693.3
10673,10435,0,4328,,4328,1,62794.8,15469.3,21093.0
10681,38060,0,722,,722,1,29190.5,12350.3,29799.7
10685,529069,0,2268,,2268,1,56322.4,24400.2,23701.8
10716,13121,0,2608,,2608,1,41867.4,16390.4,20806.2
10739,512355,0,6903,,6903,1,59784.1,10534.3,24375.4
10745,521767,0,2076,,2076,1,64352.9,15485.4,27033.4
10753,22226,0,1409,,1409,1,38421.3,12856.0,21188.1
10755,44648,0,1219,,1219,1,36143.9,15086.9,25288.9
10765,170254,0,1089,,1089,1,31660.2,11072.7,25362.4
10769,520883,0,3960,,3960,1,48416.6,43127.8,68264.4
10775,22301,0,2452,,2452,1,54864.3,10156.2,22312.7
10780,513387,0,1335,,1335,1,56804.7,9833.5,22728.1
10781,14074,0,3516,,3516,1,66346.1,15742.8,23908.6
10788,14513,0,1783,,1783,1,57028.1,27542.6,22932.4
10789,98676,0,1276,,1276,1,53085.6,7249.9,25794.7
10797,548753,0,669,,669,1,67881.7,11941.2,30126.8
10799,531984,0,1234,,1234,1,43149.6,11516.3,23971.5
10801,14334,0,866,,866,1,48357.8,35672.0,30966.6
10807,914539,0,1286,,1286,1,57542.0,12495.3,19609.7
10809,570300,0,1043,,1043,1,43428.3,29676.5,19192.6
10815,26860,0,433,,433,1,57876.3,22199.7,14889.3
10825,15915,0,3248,,3248,1,63403.7,19695.6,30329.6
10830,10484,0,3594,,3594,1,63843.6,17621.8,22489.2
10831,12091,0,3037,,3037,1,42149.7,28279.2,27777.4
10837,18208,0,1709,,1709,1,41263.5,9101.2,24003.6
10840,21227,0,1548,,1548,1,49167.6,16541.7,30814.7
10851,521075,0,1738,,1738,1,45269.3,14363.3,23547.0
10853,35162,0,1129,,1129,1,54701.0,10113.1,22464.5
10854,128562,0,623,,623,1,64982.3,15925.5,28017.3
10855,82395,0,546,,546,1,53712.2,13303.5,26103.5
10865,39191,0,1529,,1529,1,61217.6,8847.2,25732.6
10867,11921,0,5124,,5124,1,54549.0,23928.1,22509.5
10879,67606,0,2261,,2261,1,34474.1,13624.3,26141.6
10883,38569,0,1387,,1387,1,51134.3,13664.0,15918.3
10884,520773,0,5934,,5934,1,52411.9,12378.0,20141.7
10892,15376,0,3469,,3469,1,33909.7,31083.3,26532.2
10896,79362,0,808,,808,1,39850.7,16890.0,20543.8
10898,519004,0,1205,,1205,1,63555.0,9384.5,24911.1
10901,16509,0,637,,637,1,47919.8,33954.1,31622.5
10907,518313,0,1496,,1496,1,54841.5,8814.6,23451.5
10910,17397,0,1438,,1438,1,31310.9,15362.4,29542.7
10922,62993,0,1758,,1758,1,33458.5,10905.6,25271.5
10925,16169,0,3039,,3039,1,34054.0,17453.1,28354.3
10929,506334,0,8993,,8993,1,36554.1,23445.8,29604.6
10939,22467,0,1287,,1287,1,57280.4,12157.5,21126.2
10947,520759,0,892,,892,1,64977.0,11810.5,25941.4
10954,14741,0,3450,,3450,1,34711.7,23036.1,26205.3
10962,18684,0,2190,,2190,1,33821.2,15415.3,25666.6
10963,84792,0,984,,984,1,44336.5,11818.3,23833.5
10968,16178,0,4521,,4521,1,29898.0,17603.2,24541.8
10972,37139,0,960,,960,1,31867.6,12393.9,25631.2
10987,12789,0,5120,,5120,1,31381.0,24358.8,22688.1
10989,900744,0,1509,,1509,1,46417.6,12476.4,20210.2
10991,521939,0,1201,,1201,1,60161.0,8825.8,23929.0
11014,34311,0,560,,560,1,39087.5,27729.8,27931.9
11015,10041,0,11177,,11177,1,48349.6,28360.0,26683.3
11024,68341,0,548,,548,1,65884.1,11686.8,25940.2
11030,13369,0,3569,,3569,1,40146.1,15379.4,23846.3
11034,532056,0,1800,,1800,1,42998.3,16969.6,25115.2
11043,10521,0,5674,,5674,1,55311.2,17186.2,22138.7
11046,12776,0,1716,,1716,1,32356.3,14302.6,28525.9
11047,10421,0,39519,,39519,1,67947.5,23838.0,21999.7
11062,513391,0,1407,,1407,1,39269.2,11519.2,21522.5
11064,21671,0,1443,,1443,1,35858.9,29877.5,30101.8
11069,13515,0,13323,,13323,1,34439.5,17744.1,25378.8
11090,47328,0,821,,821,1,33785.0,20710.7,31201.0
11098,142743,0,544,,544,1,33292.4,15531.4,31679.3
11105,44619,0,1494,,1494,1,39480.6,15366.9,18852.0
11108,38425,0,4817,,4817,1,51408.5,10087.6,21873.3
11117,21160,0,1064,,1064,1,44663.0,13808.2,19035.2
11121,513603,0,1812,,1812,1,42773.7,14599.0,20946.4
11125,261784,0,5709,,5709,1,43904.2,12709.2,20581.1
11131,520439,0,2290,,2290,1,42154.8,13947.1,20715.2
11133,22073,0,414,,414,1,37959.7,33050.7,29750.3
11140,123814,0,1462,,1462,1,61075.5,8755.2,25379.5
11149,14441,0,2909,,2909,1,63044.0,30080.4,25901.0
11156,14490,0,2021,,2021,1,32702.4,11022.1,29302.9
11165,39765,0,2730,,2730,1,52512.2,16621.2,27114.9
11168,17438,0,1378,,1378,1,35093.9,14125.8,25524.8
11169,17068,0,1245,,1245,1,61273.7,11341.8,28647.9
11170,16288,0,2628,,2628,1,64168.7,17671.8,27325.1
11171,16105,0,1560,,1560,1,51762.7,14116.5,23430.0
11172,10678,0,2860,,2860,1,56479.6,18090.2,19780.6
11174,53698,0,447,,447,1,31131.6,16697.5,32787.7
11178,28991,0,3450,,3450,1,52320.1,8982.2,23215.1
11181,49309,0,594,,594,1,58919.3,28308.9,28376.3
11188,20492,0,1694,,1694,1,54155.0,14150.0,20667.1
11189,31236,0,991,,991,1,61372.7,10228.4,25892.7
11191,34959,0,447,,447,1,58782.0,27766.8,28713.4
11193,81960,0,702,,702,1,38427.6,10241.9,27534.1
11197,61921,0,1849,,1849,1,50969.3,23310.0,23120.6
11200,10241,0,48481,,48481,1,29696.1,24961.0,22888.0
11204,519761,0,4457,,4457,1,44573.6,10899.9,21802.5
11215,19996,0,2092,,2092,1,31978.7,23192.9,25935.3
11216,12295,0,4527,,4527,1,29384.2,24361.1,32444.3
11221,12682,0,3055,,3055,1,64390.4,17584.5,21616.5
11226,14876,0,3103,,3103,1,56313.4,9963.6,26278.8
11228,18638,0,1192,,1192,1,33025.7,10930.6,26006.1
11229,22146,0,1122,,1122,1,53963.5,15054.4,15235.7
11240,43764,0,1367,,1367,1,33260.5,7959.3,28340.8
11243,14942,0,4964,,4964,1,52277.2,28480.8,31401.2
11254,57527,0,702,,702,1,33440.6,12108.0,27005.1
11255,12644,0,4166,,4166,1,58766.1,24976.6,26548.4
11256,59379,0,950,,950,1,54619.4,8672.4,24260.6
11260,18889,0,3372,,3372,1,43787.5,20818.0,20090.6
11264,27534,0,1987,,1987,1,36859.6,9130.0,24761.0
11271,18552,0,1549,,1549,1,32949.9,8143.3,28793.5
11280,26621,0,1621,,1621,1,30091.1,14938.5,26614.7
11287,18341,0,2649,,2649,1,32023.1,18948.6,27919.8
11290,18782,0,1255,,1255,1,41320.0,9182.6,23926.1
11291,520580,0,4354,,4354,1,42511.3,12569.9,20288.4
11293,21968,0,508,,508,1,42402.2,13462.8,25711.5
11296,12208,0,4607,,4607,1,35772.9,18034.3,24175.1
11299,15226,0,1650,,1650,1,58651.6,18456.6,29450.6
11311,13427,0,2214,,2214,1,42104.5,12803.2,20647.9
11317,178455,0,1416,,1416,1,44342.6,19887.1,17203.6
11322,22282,0,1613,,1613,1,36185.0,8501.4,25049.1
11355,16693,0,1193,,1193,1,35566.9,11885.7,28621.9
11356,82306,0,933,,933,1,32630.1,11750.9,26507.3
11384,17760,0,2437,,2437,1,33985.6,17628.3,28599.0
11385,20157,0,742,,742,1,55367.8,13865.4,19177.2
11386,511935,0,3844,,3844,1,45367.2,10430.4,22167.2
11395,520895,0,1388,,1388,1,38975.8,20830.9,27009.6
11397,16088,0,3378,,3378,1,60656.4,12862.0,25085.9
11398,23764,0,875,,875,1,39529.8,28231.1,24728.5
11402,30130,0,1045,,1045,1,60970.0,7339.9,28993.4
11403,14165,0,3146,,3146,1,43749.1,15447.3,25804.8
11404,21201,0,3490,,3490,1,36380.5,14075.4,25735.7
11409,35785,0,1962,,1962,1,36233.3,8586.8,24847.1
11410,521776,0,2511,,2511,1,50319.9,11459.7,24672.6
11413,15964,0,1621,,1621,1,37173.1,21007.6,30851.6
11419,515989,0,1140,,1140,1,53298.0,13661.9,17580.1
11426,38859,0,1587,,1587,1,56907.3,14114.9,19358.4
11427,715312637,0,1508,,1508,1,53932.2,10698.6,20785.2
11432,543754,0,509,,509,1,40522.4,28030.8,28062.9
11441,17174,0,1395,,1395,1,57803.7,19320.0,26565.1
11456,17392,0,2163,,2163,1,55458.7,11484.2,21876.0
11467,10080,0,7658,,7658,1,40756.2,20313.9,29234.7
11471,27721,0,1043,,1043,1,42515.9,8906.2,24274.9
11485,33773,0,2840,,2840,1,52801.5,8973.3,23018.9
11486,12055,0,3128,,3128,1,55010.3,27622.1,27654.3
11494,23631,0,1249,,1249,1,57552.4,9224.0,28041.7
11497,16728,0,1066,,1066,1,32504.9,8200.1,27986.9
11511,22866,0,1890,,1890,1,40782.6,12298.7,21552.4
11533,18423,0,1890,,1890,1,34127.6,12134.9,30077.6
11540,11492,0,3853,,3853,1,41212.5,27308.5,24906.6
11550,14930,0,1895,,1895,1,31135.4,13804.5,25139.5
11555,56164,0,426,,426,1,26657.1,17227.7,28351.7
11566,517479,0,1155,,1155,1,53345.3,7065.7,25719.6
11577,16551,0,1666,,1666,1,51910.9,10808.8,26150.4
11579,11426,0,4664,,4664,1,63846.7,14098.5,27737.9
11580,53859,0,455,,455,1,57743.0,27067.9,27181.9
11584,511869,0,3040,,3040,1,42957.4,25502.9,25282.5
11585,15143,0,2962,,2962,1,40396.8,10653.7,26000.9
11589,64224,0,1196,,1196,1,62962.2,9498.3,24690.9
11593,67208,0,522,,522,1,28989.7,14348.5,31332.8
11599,512579,0,1695,,1695,1,49473.3,12409.3,19083.7
11602,514555,0,4316,,4316,1,44390.1,10494.6,21998.1
11619,17076,0,874,,874,1,50326.2,34367.2,31252.0
11633,534170,0,560,,560,1,33379.7,12087.7,27598.1
11636,13255,0,4338,,4338,1,32569.2,15463.8,28818.3
11641,39304,0,1083,,1083,1,31251.3,16452.6,27649.0
11653,12689,0,4053,,4053,1,55854.9,26529.1,24362.3
11665,13226,0,2773,,2773,1,61702.9,22028.9,25325.0
11667,11330,0,2991,,2991,1,53273.3,24352.1,25008.8
11670,557861,0,967,,967,1,54241.7,13407.9,18862.1
11677,570126,0,1492,,1492,1,46366.8,12772.8,19005.9
11688,10831,0,4293,,4293,1,57553.2,30648.0,27169.7
11707,20747,0,1491,,1491,1,34345.3,28172.0,29470.4
11711,12588,0,3973,,3973,1,38581.4,25606.5,26667.6
11717,34473,0,1329,,1329,1,54992.9,9049.3,23083.8
11723,13707,0,3441,,3441,1,35051.6,20496.5,30517.9
11724,17339,0,689,,689,1,47521.8,32823.4,32220.1
11731,58649,0,903,,903,1,63273.4,10734.7,25677.4
11739,74114,0,1267,,1267,1,36185.9,10319.9,23964.7
11740,20835,0,2281,,2281,1,39113.5,12804.2,20951.3
11745,512789,0,1965,,1965,1,57212.1,11931.0,20920.4
11750,13608,0,4390,,4390,1,55907.6,14380.1,23046.9
11755,79759,0,885,,885,1,59194.9,13600.8,23682.1
11758,516418,0,2471,,2471,1,39081.8,10314.0,24106.7
11768,544707,0,1004,,1004,1,60974.1,9940.2,25567.6
11779,520205,0,1583,,1583,1,44268.1,12927.1,18493.1
11784,17072,0,1472,,1472,1,51757.5,13826.6,23484.6
11792,530798,0,5235,,5235,1,41255.4,17726.5,23302.4
11796,90030,0,488,,488,1,30984.7,11459.0,30191.5
11797,33411,0,1668,,1668,1,36434.0,12738.5,28496.2
11800,402239,0,2347,,2347,1,46035.2,12146.3,24789.4
11804,15059,0,2301,,2301,1,54325.3,27480.5,26187.2
11820,26120,0,1736,,1736,1,31729.0,10488.7,25749.5
11827,20373,0,1309,,1309,1,61339.3,13283.3,25283.9
11838,22982,0,1433,,1433,1,61649.0,28786.4,29437.2
11841,54662,0,1662,,1662,1,34700.1,9422.0,25471.5
11845,32115,0,723,,723,1,31969.2,15650.8,28147.7
11853,12238,0,1609,,1609,1,58792.5,35012.0,32999.2
11854,27977,0,1405,,1405,1,33537.4,14338.3,26458.0
11870,88905,0,2379,,2379,1,43978.2,9593.9,22766.6
11882,531954,0,1104,,1104,1,42940.4,7583.1,25417.2
11883,52811,0,1815,,1815,1,54577.8,9831.9,24266.7
11888,23842,0,2006,,2006,1,34281.2,12630.1,30090.2
11896,21833,0,1814,,1814,1,42309.3,14216.7,20891.8
11897,17096,0,1325,,1325,1,35510.3,10411.2,26417.2
11908,52245,0,526,,526,1,29880.2,12452.1,30475.6
11909,42071,0,1157,,1157,1,34351.7,9910.6,25145.0
11914,33063,0,1312,,1312,1,30785.6,14573.6,26901.9
11925,14060,0,3268,,3268,1,58366.3,7901.2,25795.3
11930,22405,0,1025,,1025,1,41470.7,13044.2,20058.3
11931,34412,0,912,,912,1,60365.8,12743.5,25000.5
11934,33775,0,1060,,1060,1,36326.2,15004.5,24578.5
11942,15106,0,1875,,1875,1,39905.8,9940.6,22378.9
11945,16567,0,2495,,2495,1,37077.0,13277.9,25639.5
11949,520472,0,1769,,1769,1,43555.3,15457.2,24353.3
11953,512434,0,3128,,3128,1,50877.3,10194.2,22242.9
11960,529424,0,1882,,1882,1,50016.6,12494.6,19507.9
11963,531419,0,1239,,1239,1,35388.0,10208.9,24023.3
11967,532747,0,6361,,6361,1,39666.3,30158.7,31561.8
11969,520053,0,1721,,1721,1,41286.0,10216.1,23857.0
11971,14694,0,4991,,4991,1,43869.8,16308.5,30644.8
11977,31093,0,1271,,1271,1,59881.9,9504.7,23368.2
11984,521520,0,2473,,2473,1,44980.1,11036.2,23824.5
11985,524394,0,1816,,1816,1,34354.7,8300.4,28036.0
11986,93699,0,1052,,1052,1,53670.7,10224.0,25434.6
11988,40814,0,1114,,1114,1,41921.4,7777.3,25622.0
11999,35976,0,1058,,1058,1,63485.9,20028.8,30823.3
